edge_id,node0,node1,legacy_electron_flux,compensated_electron_flux,high_precision_reference_flux,legacy_normalized_error,compensated_normalized_error,cancellation_condition,delta_phin_over_vt
0,0,2,-8.093704592872201e-16,-8.093704592872254e-16,-8.093704592872214e-16,1.0373961761242083e-17,3.271787940084042e-17,152.6728478831321,0.013100093629775761
1,2,3,1.456035716720201e-16,1.456035716720199e-16,1.4560357167201999e-16,3.204188358912776e-17,2.563350687130221e-17,26.419852761976752,0.07573683085601629
2,0,3,0.0,0.0,0.0,0.0,0.0,31.940582145827626,0.06263673722624054
3,3,64,1.0458520178354574e-15,1.04585201783546e-15,1.045852017835458e-15,6.707149162620683e-18,2.2357163875402276e-17,84.34386404438177,0.023713565224675975
4,0,64,1.7239614314520707e-16,1.7239614314520695e-16,1.723961431452069e-16,4.31901864890386e-17,1.2340053282582457e-17,23.175860627119764,0.0863503024509165
5,1,2,0.0,0.0,0.0,0.0,0.0,22.334743856855432,0.08960649176631019
6,0,1,-1.7455785433866086e-16,-1.7455785433866138e-16,-1.7455785433866094e-16,2.1737974594362932e-17,1.304278475661776e-16,19.490062787870727,0.10270658539608596
7,1,442,-4.903484646126652e-16,-4.903484646126703e-16,-4.903484646126672e-16,1.1191785354756546e-17,1.7906856567610472e-17,359.36539143294266,0.005565380556722988
8,2,442,-1.5435270758835423e-16,-1.5435270758835443e-16,-1.543527075883542e-16,7.594290140182039e-18,6.834861126163834e-17,21.030471897995927,0.09517187232303319
9,1,1176,4.912097757270185e-16,4.912097757270154e-16,4.912097757270131e-16,3.094980801918086e-17,1.2942646989839269e-17,356.73701612409184,0.005606385511435353
10,443,1176,0.0,0.0,0.0,0.0,0.0,16.0363983093252,0.12487831650724264
11,1,443,-1.7541916545269962e-16,-1.754191654526998e-16,-1.7541916545269954e-16,2.5112416311522944e-17,8.370805437174315e-17,16.788278574111274,0.11927193099580728
12,2,444,-8.006213233708756e-16,-8.006213233708822e-16,-8.006213233708806e-16,3.58163385491741e-17,1.1236498368368345e-17,175.3768573400078,0.0114041368171996
13,4,444,-1.162096930821834e-16,-1.1620969308218408e-16,-1.1620969308218354e-16,4.2485771447480744e-17,1.5578116197409607e-16,29.958208774997534,0.06678447703051883
14,2,4,0.0,0.0,0.0,0.0,0.0,36.123128349295094,0.05538034021331923
15,3,4,-1.030184077748148e-15,-1.030184077748144e-15,-1.0301840777481452e-15,2.7277939521143214e-17,1.1690545509061377e-17,98.25215451330415,0.02035649064269706
16,4,5,9.355133371472004e-17,9.355133371472005e-17,9.355133371471977e-17,6.378040348915883e-17,6.667951273866604e-17,45.44707056996654,0.044014341112114025
17,3,5,0.0,0.0,0.0,0.0,0.0,84.54247709572668,0.02365785046941696
18,4,445,-1.007525718380668e-15,-1.0075257183806695e-15,-1.0075257183806695e-15,1.3627232432056686e-17,0.0,114.91232848005652,0.017405012284365987
19,6,445,-6.658866229815508e-17,-6.658866229815507e-17,-6.6588662298155e-17,1.90976529794112e-17,1.5914710816176002e-17,58.15558409630262,0.0343938967148775
20,4,6,0.0,0.0,0.0,0.0,0.0,117.72686497741365,0.01698888443051151
21,5,6,-1.1643704156510987e-15,-1.1643704156511019e-15,-1.164370415651099e-15,2.2885789218812802e-18,3.4328683828219205e-17,74.00880404355911,0.027025456681602514
22,6,7,2.3195723361999897e-17,2.3195723362000094e-17,2.319572336200008e-17,3.717414209088766e-17,3.1503510246514968e-18,210.84514474793608,0.009485705723999288
23,5,7,-0.0,0.0,-0.0,0.0,0.0,114.02962780841615,0.017539750957603226
24,5,63,1.201882181394469e-15,1.2018821813944658e-15,1.2018821813944693e-15,5.292049270316799e-18,4.7628443432851193e-17,62.01327426627987,0.03225395541409893
25,3,63,1.2993563158469682e-16,1.2993563158469677e-16,1.2993563158469674e-16,1.5907570419840577e-17,5.302523473280192e-18,35.77993883252913,0.05591180588351589
26,6,446,-1.120977476714935e-15,-1.12097747671493e-15,-1.12097747671493e-15,5.1712891870136035e-17,0.0,88.45412255009408,0.0226115545024394
27,8,446,-1.3382117017556871e-18,-1.3382117017554164e-18,-1.338211701755418e-18,6.010087992043018e-17,3.8719249769783227e-19,3345.270479840311,0.0005978589987367047
28,6,8,-0.0,0.0,-0.0,0.0,0.0,90.85620204671578,0.022013695503702697
29,7,8,-1.2026247737615132e-15,-1.202624773761518e-15,-1.2026247737615165e-15,4.390314308818099e-17,2.0660302629732232e-17,63.4985202264502,0.031499401227701986
30,8,9,-6.742559321611008e-17,-6.742559321611003e-17,-6.742559321610991e-17,2.9516254461710746e-17,2.108303890122196e-17,86.70865975159234,0.02306676961970848
31,7,9,-0.0,0.0,-0.0,0.0,0.0,36.661839905721386,0.054566170847410465
32,7,62,1.2689242554036025e-15,1.268924255403596e-15,1.2689242554036013e-15,1.8012857470542075e-17,8.105785861743934e-17,51.76942973816786,0.03863764416922885
33,5,62,5.603956797133399e-17,5.603956797133391e-17,5.603956797133412e-17,2.5521802957464234e-17,3.944278638880836e-17,94.7997113378562,0.021097893211625626
34,8,447,-1.13386096884366e-15,-1.1338609688436621e-15,-1.1338609688436601e-15,2.2357498687007882e-18,2.235749868700788e-17,77.796027760153,0.025709669515139668
35,10,447,7.988934045110748e-17,7.988934045110746e-17,7.988934045110725e-17,4.3654697578035714e-17,3.905946625403195e-17,67.1512715770253,0.02978570346516549
36,8,10,-0.0,0.0,-0.0,0.0,0.0,36.04828935502365,0.05549537298030516
37,9,10,-1.1371914211653982e-15,-1.1371914211654033e-15,-1.1371914211653956e-15,3.655193831366384e-17,1.0965581494099151e-16,61.67935275347535,0.03242860336059668
38,10,11,-1.7261135393308883e-16,-1.7261135393308933e-16,-1.7261135393308886e-16,3.4143164906834437e-18,6.487201332298543e-17,41.82898443993942,0.047822847794431654
39,9,11,-0.0,0.0,-0.0,0.0,0.0,24.935041529725666,0.08025145115502832
40,9,61,1.2325588573163438e-15,1.2325588573163426e-15,1.232558857316343e-15,1.3100224238001369e-17,6.550112119000684e-18,48.85556465654942,0.040942713292778564
41,7,61,-4.310375828001439e-17,-4.3103758280014467e-17,-4.310375828001448e-17,1.3634963867652329e-17,1.94785198109319e-18,146.80788081758982,0.0136234575546319
42,10,448,-1.0444694076834138e-15,-1.044469407683417e-15,-1.0444694076834154e-15,1.943948460589506e-17,1.943948460589506e-17,77.7051778463883,0.025739731592041872
43,12,448,1.714850448880239e-16,1.7148504488802428e-16,1.714850448880239e-16,0.0,5.933748869184417e-17,38.76278965448769,0.05160732455326346
44,10,12,-0.0,0.0,-0.0,0.0,0.0,25.870370442426154,0.07734705614530533
45,11,12,-9.81883972012506e-16,-9.818839720125094e-16,-9.818839720125072e-16,1.7788865118687324e-17,3.261291938426009e-17,67.74594102346153,0.029524208350873684
46,12,13,-2.80827776769244e-16,-2.808277767692445e-16,-2.8082777676924375e-16,2.6065668916619636e-17,7.81970067498589e-17,33.677629817666336,0.05940406485640953
47,11,13,-0.0,0.0,-0.0,0.0,0.0,22.50485468523864,0.08892827320728322
48,11,60,1.0974449823586752e-15,1.0974449823586772e-15,1.0974449823586734e-15,3.116174014995493e-17,6.578589587212708e-17,51.90133068296982,0.03853942693676024
49,9,60,-1.6279302936376798e-16,-1.6279302936376812e-16,-1.6279302936376785e-16,1.578893957243911e-17,3.4735667059366034e-17,47.95475672159014,0.04171202421826809
50,12,449,-8.725412401312943e-16,-8.725412401312948e-16,-8.725412401312911e-16,4.1995006078854406e-17,4.8357885787771744e-17,88.80568637146622,0.022522032330705634
51,14,449,2.8020198801913224e-16,2.8020198801913303e-16,2.802019880191322e-16,5.16774510302414e-18,8.785166675141037e-17,34.0492973849523,0.05875526028380616
52,12,14,-0.0,0.0,-0.0,0.0,0.0,24.620663584425746,0.08127729261451179
53,13,14,-7.749170175109283e-16,-7.749170175109323e-16,-7.74917017510928e-16,4.174861454732819e-18,5.98396808511704e-17,91.43962478540374,0.021873227758102257
54,14,15,-4.106155071611856e-16,-4.106155071611877e-16,-4.106155071611858e-16,9.097337485375994e-18,8.869904048241595e-17,52.79475628714582,0.037887081472408796
55,13,15,-0.0,0.0,-0.0,0.0,0.0,33.476988424172745,0.05976030923051105
56,13,59,8.996237473321146e-16,8.996237473321163e-16,8.996237473321151e-16,1.0290645015349459e-17,2.0581290030698918e-17,63.908435930189036,0.031297327528162666
57,11,59,-2.881723642797808e-16,-2.8817236427978136e-16,-2.881723642797811e-16,2.957228905607896e-17,2.4643574213399137e-17,34.71318230340448,0.057630945679120554
58,14,450,-6.445034983688726e-16,-6.44503498368873e-16,-6.445034983688746e-16,2.4615029431793555e-17,1.9692023545434844e-17,124.31250096421228,0.01608883359325852
59,16,450,5.278576674893306e-16,5.278576674893323e-16,5.278576674893304e-16,4.979155548785833e-18,4.730197771346541e-17,75.03569580014943,0.02665555902525602
60,14,16,-0.0,0.0,-0.0,0.0,0.0,46.79688684384545,0.04274439261851454
61,15,16,-5.52454785055461e-16,-5.524547850554609e-16,-5.524547850554617e-16,3.03442789160754e-18,3.467917590408617e-18,411.7512492167194,0.004857311146105744
62,16,17,-6.61681966532071e-16,-6.61681966532055e-16,-6.616819665320531e-16,3.182826591526502e-17,3.497611639040112e-18,852.1568869928255,0.0023469867445597968
63,15,17,-0.0,0.0,-0.0,0.0,0.0,277.6132637299114,0.007204297890665541
64,15,58,6.823950740695422e-16,6.823950740695421e-16,6.823950740695413e-16,7.612437249782205e-18,6.766610888695293e-18,170.841488690666,0.011706891909934706
65,13,58,-4.0553450659039854e-16,-4.0553450659039943e-16,-4.0553450659039923e-16,4.0887578984360266e-17,1.1682165424102933e-17,41.62835760456421,0.048053417320576344
66,16,451,-4.1863048601276164e-16,-4.1863048601276455e-16,-4.1863048601276347e-16,4.289729615665363e-18,2.5506500417469725e-18,1015.8308641913027,0.001968832328838393
67,18,451,8.743600410182593e-16,8.743600410181752e-16,8.743600410181737e-16,1.9587386864655085e-17,3.6105782238995546e-19,4997.62158842716,0.0004001903688200077
68,16,18,-0.0,0.0,-0.0,0.0,0.0,844.2303813112783,0.0023690226976584012
69,17,18,-5.598127339975015e-16,-5.598127339983035e-16,-5.598127339983033e-16,1.5780235428574114e-17,3.8814993060076534e-21,90760.7667927503,2.203595309860425e-05
70,18,19,-1.07636980430186e-15,-1.0763698043370573e-15,-1.0763698043370527e-15,1.3319011725605627e-17,1.7166752762089203e-21,2454814.1573212156,8.147256242443133e-07
71,17,19,-0.0,0.0,-0.0,0.0,0.0,87524.7525227976,2.2850678722848567e-05
72,17,57,7.034195161421401e-16,7.034195161421375e-16,7.034195161421373e-16,4.1852186556585103e-19,2.886357693557593e-20,9713.50299627906,0.00020589894375048928
73,15,57,-5.405557961752553e-16,-5.405557961752505e-16,-5.405557961752513e-16,2.5532705572339253e-17,5.10654111446785e-18,285.7808161688847,0.006998398946915052
74,18,452,-3.578029706525868e-16,-3.578029706983931e-16,-3.5780297069839303e-16,5.150227531671268e-17,5.543476189046003e-23,2485732.107329986,8.045919316053306e-07
75,20,452,1.1203174977727255e-15,1.120317490958888e-15,1.1203174909588858e-15,3.1181241231917047e-17,9.92737925626425e-24,195055130.50074723,1.0253510919413423e-08
76,18,20,-0.0,0.0,-0.0,0.0,0.0,2454453.191593057,8.148454425247439e-07
77,19,20,-5.509298870246947e-16,-5.509299514139636e-16,-5.509299514139629e-16,7.001807921141988e-18,7.505941754020658e-26,16691978640.726257,1.198182804305683e-10
78,20,21,-1.3347059515966459e-15,-1.3346774348745856e-15,-1.3346774348745858e-15,4.834242311767951e-18,3.3432530903137185e-29,4423704891379.179,4.52517236352718e-13
79,19,21,-0.0,0.0,-0.0,0.0,0.0,16629009701.193262,1.20270797666921e-10
80,19,56,8.308166823750937e-16,8.308166848194567e-16,8.308166848194538e-16,2.206915795128808e-17,2.670867140483542e-23,133313524.10416968,1.5002228951059083e-08
81,17,56,-8.052887486754886e-16,-8.052887486759843e-16,-8.05288748675985e-16,7.038107771850285e-18,9.786800636263806e-21,87582.2531819916,2.2835676493897505e-05
82,20,453,-3.368256685236624e-16,-3.367817959702621e-16,-3.3678179597026104e-16,3.062114173112609e-17,7.226503445144215e-28,4263979102305.026,4.701182086454197e-13
83,22,453,-2.206766830143167e-15,-2.2109261429643004e-15,-2.210926142964307e-15,1.360156006707194e-18,2.1927367647210347e-30,1905013517382975.2,1.4460102440261739e-15
84,20,22,-0.0,0.0,-0.0,0.0,0.0,4256381472123.426,4.686721984013936e-13
85,21,22,-2.3321155282990457e-14,-2.3243039336294366e-14,-2.3243039336294275e-14,2.7147055426237372e-17,3.180104944392984e-29,108805038869812.73,1.615496204867559e-14
86,22,23,8.2000704748843e-14,7.985063163549797e-14,7.985063163549774e-14,2.1832684387055683e-17,2.3069959369651276e-30,1952040688290455.0,1.62166916816369e-15
87,21,23,-0.0,0.0,-0.0,0.0,0.0,119173325231342.16,1.4533292880511904e-14
88,21,55,1.4335254238600065e-15,1.4334425784707736e-15,1.4334425784707716e-15,1.1196147316790611e-18,2.665266887173838e-29,51085404648703.13,3.874454432995747e-14
89,19,55,-1.3562554339566213e-15,-1.3562555081174855e-15,-1.356255508117486e-15,3.287180394957716e-18,2.622469522571291e-26,16634674731.966764,1.2023205312259103e-10
90,22,28,-9.725576084704257e-14,-9.741367259125379e-14,-9.741367259125392e-14,1.685469645460192e-17,1.3471840153555094e-29,91730610305887.73,2.0794879953400192e-14
91,24,28,6.2891019733974875e-15,7.26660486000709e-15,7.26660486000704e-15,8.627990259515762e-18,4.3170166203596745e-31,1600336999291899.5,1.2827828298154902e-16
92,22,24,-0.0,0.0,-0.0,0.0,0.0,95937804682835.48,2.092315823638174e-14
93,23,24,-2.63064482304928e-13,-2.6314969005248087e-13,-2.631496900524805e-13,3.650002327036975e-18,1.513883668641742e-29,90898377359665.45,2.2544827404545432e-14
94,24,25,-7.495427436375948e-14,-6.515814336758563e-14,-6.515814336758549e-14,3.6275083297501785e-17,5.141228848659921e-31,2450927892536156.5,4.825613457175836e-16
95,23,25,-0.0,0.0,-0.0,0.0,0.0,88197885000837.6,2.3027388750263015e-14
96,23,54,1.4054596300131233e-13,1.407956063272537e-13,1.407956063272534e-13,1.5973380352800986e-17,1.9382443696530407e-29,97046131906423.86,1.8017559759634047e-14
97,21,54,2.0388173143288717e-14,2.0640385392298017e-14,2.0640385392297954e-14,2.128775139198013e-17,5.326648455549743e-30,544616503577599.94,3.4842668791221436e-15
98,27,28,0.0,0.0,0.0,0.0,0.0,459129937886902.06,5.1268623486911774e-15
99,24,27,-2.15233346741019e-13,-2.153445155845032e-13,-2.1534451558450294e-13,1.2902274481750338e-18,2.9297704955772113e-30,349148393639008.9,4.998584065709629e-15
100,24,26,-0.0,0.0,-0.0,0.0,0.0,373750744630849.06,5.759039810511071e-15
101,25,26,-3.3372653525758657e-13,-3.374635119517864e-13,-3.3746351195178596e-13,2.921512452758956e-17,3.552305182756252e-30,455275011072340.94,5.276478464793488e-15
102,25,53,4.4394191901419017e-13,4.4218918820279256e-13,4.421891882027951e-13,4.8435253159863543e-17,6.975844076708931e-29,71568505396185.88,2.4439058337896935e-14
103,23,53,1.9811898451642238e-13,1.9377849105115066e-13,1.9377849105114937e-13,1.5810172189420924e-17,4.689408660735286e-30,415335815117905.8,1.4116695876339196e-15
104,26,27,1.19502239983464e-13,1.169342464099534e-13,1.1693424640995275e-13,8.350186218088136e-18,2.1341551467354102e-30,8645578295417370.0,7.604557448014427e-16
105,26,47,-1.6349972203589935e-13,-1.6325424147620728e-13,-1.6325424147620746e-13,7.167682697676292e-18,5.159529722859851e-30,254632925031226.47,9.533582646381064e-15
106,47,50,-3.1345605718643434e-13,-3.268973206498265e-13,-3.2689732064982845e-13,1.1901827891809882e-17,1.7434864905533902e-30,1420315526107986.5,5.789151680961986e-16
107,26,50,-0.0,0.0,-0.0,0.0,0.0,305954080089351.1,1.0112497814477266e-14
108,28,29,-8.701180191556866e-14,-8.756706329486374e-14,-8.756706329486377e-14,1.4523904878815283e-17,6.602924634645274e-31,589938490071445.0,4.580962210720837e-15
109,27,29,3.6206595196654137e-14,3.560579248473558e-14,3.5605792484735834e-14,4.605687171121948e-18,1.9351425571967725e-30,1634617867189903.8,5.459001379703409e-16
110,27,46,-1.1636904030607728e-13,-1.1551066183791728e-13,-1.1551066183791753e-13,3.685225825606899e-17,1.0837664507459926e-29,367610128204608.3,9.918302705114365e-15
111,46,47,-1.1920918469700213e-13,-1.3448092201377002e-13,-1.3448092201376944e-13,2.13343893402981e-17,8.110918154852896e-31,889685792703453.9,3.7573568606814415e-16
112,27,47,-0.0,0.0,-0.0,0.0,0.0,256266007482645.78,1.029403839118251e-14
113,28,453,0.0,0.0,0.0,0.0,0.0,86574186824822.02,1.9348869709374018e-14
114,28,30,-6.072059140726042e-15,-5.850251041564381e-15,-5.8502510415643646e-15,1.4194486344852643e-17,1.060137042690684e-30,966363502178610.4,7.487671445479182e-16
115,29,30,0.0,0.0,0.0,0.0,0.0,335926430148173.8,3.832195066172919e-15
116,30,31,-9.132029659394105e-15,-9.284123492767536e-15,-9.28412349276755e-15,2.958519970044106e-17,2.7620773583340082e-30,309039041116862.5,3.611884078201436e-15
117,29,31,2.1354091554397244e-15,2.118736912869877e-15,2.118736912869862e-15,8.668084767757498e-19,7.792613992249561e-31,5310989668006334.0,2.2031098797148266e-16
118,29,43,-5.344550428707647e-14,-5.350774479192344e-14,-5.350774479192347e-14,5.882792822814674e-18,2.9824342092603784e-30,280478968254588.3,1.0114795109734627e-14
119,43,46,-6.994568526318935e-14,-5.5033004187784876e-14,-5.503300418778549e-14,4.734073824999324e-17,1.943307160806991e-30,2347132801342036.5,3.4940773335007814e-16
120,29,46,-0.0,0.0,-0.0,0.0,0.0,323799111411483.6,1.0464202843084706e-14
121,30,32,4.770272071799804e-16,4.77028499793458e-16,4.770284997934562e-16,2.6988367544841103e-18,3.911758044648884e-27,1004376396860.5731,1.9919675484579833e-12
122,31,32,0.0,0.0,0.0,0.0,0.0,1001598221378.0459,1.9955794325361852e-12
123,30,453,3.606526512299887e-15,3.606993162811574e-15,3.606993162811585e-15,1.3000541030247564e-18,3.076792081391404e-29,94982504454414.77,2.0097636853921937e-14
124,453,454,1.0764690871604538e-15,1.0764694208730115e-15,1.076469420873007e-15,6.738270259015265e-18,9.158917780671644e-26,46008682036.41353,4.3471795207407223e-11
125,30,454,0.0,0.0,0.0,0.0,0.0,45985813412.41925,4.3491892844261146e-11
126,32,33,-1.529964259793961e-17,-1.5300733165058342e-17,-1.5300733165058358e-17,2.68196380353962e-17,3.7890556648635244e-28,2660486033351.4194,7.52562805368231e-13
127,31,33,4.208165010340842e-16,4.208202009511918e-16,4.2082020095119006e-16,5.4643984192722405e-18,2.5485834480470257e-27,1607104137363.855,1.2430166271679541e-12
128,31,42,-8.271565622538606e-15,-8.215053276736764e-15,-8.215053276736763e-15,3.4512565345296935e-17,9.635279921047693e-31,275521494159009.28,1.003400439339841e-14
129,42,43,-6.0413178138974e-15,-8.19227781122238e-15,-8.192277811222373e-15,3.9528549691334136e-17,1.4497028085301235e-31,3430439805498033.0,3.011017043077001e-16
130,31,43,-0.0,0.0,-0.0,0.0,0.0,287548040475291.56,1.033510609770611e-14
131,32,34,4.460993151545527e-16,4.460993150307905e-16,4.4609931503078975e-16,1.0491516631827646e-17,6.687259875040031e-23,26443605.722149447,7.563265031754764e-08
132,33,34,0.0,0.0,0.0,0.0,0.0,26443342.61972392,7.563340288035302e-08
133,32,454,4.623860471725355e-17,4.623861661561325e-17,4.6238616615613305e-17,5.339487608411689e-18,2.4891178569050514e-26,48192368631.9881,4.149992529580316e-11
134,454,470,9.326383234643296e-16,9.32638323389299e-16,9.326383233892953e-16,3.1532697770965955e-17,1.5746913878617e-21,2551439.845304712,7.838711161270892e-07
135,32,470,0.0,0.0,0.0,0.0,0.0,2551304.7730641533,7.83912616052385e-07
136,34,35,-3.99242121278573e-18,-3.992421215366581e-18,-3.9924212153665754e-18,3.2715052822040043e-18,6.835717960540633e-24,197595935.70143238,1.012166522740259e-08
137,33,35,4.1388859510943716e-16,4.138885952744161e-16,4.1388859527441504e-16,1.3056638812619285e-17,8.194178294660668e-23,30528880.13981984,6.551173765295042e-08
138,33,39,-8.368831995093114e-18,-8.368357914564986e-18,-8.368357914564996e-18,2.5320441199926522e-17,4.937429117938153e-28,2234609915145.21,8.939009385465001e-13
139,39,42,-6.469095965791851e-16,-6.468961679084467e-16,-6.468961679084441e-16,3.727725725930186e-18,7.116963196637308e-28,5563314336826.666,3.5914969301485233e-13
140,33,42,-0.0,0.0,-0.0,0.0,0.0,1598303609409.6304,1.2530506315613523e-12
141,34,36,4.175072956318155e-16,4.175072956318014e-16,4.175072956318013e-16,5.4996112139343755e-18,3.819174454121094e-20,6184.105372238918,0.0003234097572803662
142,35,36,3.6949765682550836e-16,3.6949765682550373e-16,3.694976568255033e-16,2.222504749697741e-18,1.941994441483463e-19,6183.911836056537,0.00032341987894559364
143,34,470,3.258444035875361e-17,3.2584440357308895e-17,3.2584440357308877e-17,1.5701880716820933e-17,2.0094463444172154e-22,2823742.1611158587,7.082799657348373e-07
144,470,471,8.2380150153979e-16,8.238015015398153e-16,8.238015015398152e-16,1.849390375069136e-17,7.252511274780926e-20,1650.4389136276407,0.0012117990119028916
145,34,471,0.0,0.0,0.0,0.0,0.0,1649.474818368401,0.0012125072918686265
146,35,38,-9.547905040066904e-18,-9.547905059245089e-18,-9.54790505924508e-18,5.3180242155299575e-17,2.5634492819819728e-23,37770167.362061575,5.2951844639787616e-08
147,38,39,-6.392936321982231e-16,-6.392936255365461e-16,-6.392936255365443e-16,6.544404989466246e-17,1.8405623160794405e-23,159225666.99537066,1.2560786914101346e-08
148,35,39,-0.0,0.0,-0.0,0.0,0.0,30528464.47224015,6.551263155388896e-08
149,36,37,-3.706515616654522e-18,-3.706515616655089e-18,-3.7065156166550786e-18,1.0502011807303539e-17,2.0364011814716005e-19,14288.917805462534,0.00013996861277363028
150,35,37,4.9946422508001096e-17,4.99464225079943e-17,4.994642250799409e-17,1.2868776512343096e-17,3.8481829500410313e-19,10902.077959681163,0.00018345126617196338
151,36,471,3.500947648433982e-17,3.500947648434045e-17,3.500947648434049e-17,8.530033308478487e-18,4.695431178978983e-19,2249.4721376904295,0.0008890975345882603
152,471,483,7.511940835408752e-16,7.511940835408759e-16,7.511940835408741e-16,1.4554077006744498e-17,2.3815762374672814e-17,99.21247972336498,0.020159436987511537
153,36,483,0.0,0.0,0.0,0.0,0.0,95.02199963085636,0.021048534522099798
154,36,383,7.557019915197041e-16,7.557019915197084e-16,7.557019915197048e-16,4.498145895672676e-18,2.313332174917376e-17,203.0600002541812,0.009849385235244479
155,37,383,0.0,0.0,0.0,0.0,0.0,200.2148148518834,0.00998935384801811
156,37,38,-6.295594268159855e-16,-6.295594268162622e-16,-6.295594268162622e-16,4.032528416713594e-17,0.0,10898.932063944474,0.00018350421801660317
157,37,381,-8.350187862285535e-19,-8.350187862291079e-19,-8.350187862291105e-19,1.1715299544404123e-17,5.468760160769559e-20,56936.28549801954,3.5126984184881936e-05
158,380,381,3.2144459616195475e-16,3.2144459616197714e-16,3.2144459616197753e-16,5.2571484030954895e-18,9.103287278087428e-20,13479.260311734459,0.000148376094637365
159,37,380,-0.0,0.0,-0.0,0.0,0.0,10898.999724960948,0.00018350307882224694
160,38,380,1.8629755063586872e-19,1.8629755829597776e-19,1.8629755829597726e-19,2.3420469100746253e-17,1.5457186948755819e-24,1755627883.7548797,1.13919435625216e-09
161,40,380,3.212582969355286e-16,3.2125829510776296e-16,3.2125829510776075e-16,3.897258482054311e-17,4.730762482904512e-23,145984748.12253365,1.3700061767624773e-08
162,38,40,-0.0,0.0,-0.0,0.0,0.0,159224675.91277105,1.2560867411372612e-08
163,39,40,-6.551485361677301e-19,-6.551982025290593e-19,-6.551982025290564e-19,3.050990177501198e-18,1.7746397720605141e-28,25005595042001.71,8.049727126570481e-14
164,40,41,-3.219247075428061e-16,-3.219480660687682e-16,-3.2194806606876886e-16,1.0218610009593854e-17,2.803949546533206e-28,7109549001867.375,2.81684018567461e-13
165,39,41,-0.0,0.0,-0.0,0.0,0.0,5506393650810.311,3.6218128983316577e-13
166,41,42,1.5634118120253108e-15,1.5811418633322928e-15,1.5811418633322902e-15,1.6997325912772098e-17,2.4578445058968926e-30,467183682797193.4,3.0315968183134714e-15
167,41,44,0.0,-7.988325550919533e-16,-7.988325550919507e-16,2.0980970537283516e-17,6.992686033415608e-32,7456646052887275.0,4.196194107456703e-17
168,42,44,-0.0,0.0,-0.0,0.0,0.0,477988842529023.9,3.073558759388039e-15
169,43,44,-8.18081339255724e-15,-8.171674808905624e-15,-8.171674808905622e-15,1.5502532412789525e-18,2.67641950187927e-31,399586720209213.9,2.7724570550803386e-15
170,44,45,-2.326865706940481e-14,-1.7394143848740737e-14,-1.7394143848740504e-14,2.802920605427633e-17,1.1141176524577268e-30,900925256694875.5,1.6598619281647917e-16
171,43,45,-0.0,0.0,-0.0,0.0,0.0,300640968636086.44,2.938443247896818e-15
172,45,46,1.6123715427715282e-14,1.6348016468952724e-14,1.6348016468952727e-14,1.7761278954435743e-17,2.4986381724455495e-31,265581028104688.47,2.5890355145467394e-15
173,45,48,0.0,-5.998950896485145e-15,-5.9989508964850835e-15,1.2791501768067963e-17,1.312022444199231e-31,851406332036183.0,2.5583003536135925e-17
174,46,48,-0.0,0.0,-0.0,0.0,0.0,378685017806948.9,2.6146185180828757e-15
175,47,48,-2.0397205570925255e-14,-2.0566567419747994e-14,-2.0566567419748035e-14,9.218391382207678e-18,2.2327666371845433e-30,670845765245812.5,2.238882832014731e-15
176,48,49,-8.181715842547741e-14,-6.199410187900563e-14,-6.199410187900548e-14,2.6899019985380464e-17,2.055263455185155e-31,2029222922008111.5,1.682465649542702e-16
177,47,49,-0.0,0.0,-0.0,0.0,0.0,1014313094860384.9,2.4071293969690018e-15
178,49,50,2.0956275438031614e-14,2.0299345314462907e-14,2.0299345314462938e-14,2.958245649498169e-17,1.4209391575786293e-30,624578988054304.9,1.8282142288728028e-15
179,49,379,-5.5965237140764346e-14,-5.649149857154772e-14,-5.6491498571547784e-14,5.21991496219694e-19,6.259682509699091e-32,1191688123536618.8,1.120662854549551e-16
180,50,379,-0.0,0.0,-0.0,0.0,0.0,366752227398499.44,1.940280514327758e-15
181,50,51,1.8423549730388583e-13,1.8419257439665966e-13,1.8419257439665875e-13,1.0346323175442035e-18,2.1905331145814855e-29,304710418929156.3,8.87971493236622e-15
182,26,51,-2.9957869518899187e-13,-3.0240892561273026e-13,-3.0240892561272824e-13,5.768777511680084e-18,4.116256157093928e-30,1.3988988738756516e+16,1.232782882111046e-15
183,25,51,-0.0,0.0,-0.0,0.0,0.0,398700508221098.2,6.509261346904534e-15
184,50,79,-4.288460460834731e-13,-4.0540407925127244e-13,-4.054040792512709e-13,1.5172001442765057e-17,1.0129568126090152e-30,560739027093829.9,5.247675094270487e-16
185,51,79,-0.0,0.0,-0.0,0.0,0.0,193244257314843.25,9.404482441793267e-15
186,25,52,-1.4393269093406956e-13,-1.513698113369088e-13,-1.513698113369072e-13,1.720984076909014e-17,3.680128649560382e-30,1.3931814558182936e+16,7.005534963132848e-16
187,51,52,4.482636502093152e-13,4.510238252120315e-13,4.510238252120275e-13,1.777406127018176e-17,2.568369792535454e-29,437453056938674.9,5.808707850591249e-15
188,52,76,5.93497050363116e-13,5.94412871394802e-13,5.944128713947978e-13,2.047246715461307e-17,9.480238512583597e-29,75936623764311.11,2.657527522285129e-14
189,53,76,3.113216349323286e-13,3.3548294910918796e-13,3.354829491091891e-13,5.1697879545412315e-17,2.4846225430991015e-30,1132777073022013.5,1.43566338864107e-15
190,52,53,0.0,0.0,0.0,0.0,0.0,71697669192913.25,2.513961183421022e-14
191,53,75,3.1684624030771606e-13,3.1763595036793864e-13,3.176359503679382e-13,2.379730591328267e-17,1.3692509153135125e-29,117219689442289.38,1.9143430635380227e-14
192,54,75,9.283550519039874e-14,9.22548092997064e-14,9.225480929970675e-14,7.986246628955814e-18,4.6868186076061856e-30,1381404656829887.0,2.5375404633800995e-15
193,53,54,0.0,0.0,0.0,0.0,0.0,130773823195011.62,1.6605890172000127e-14
194,54,74,6.636315034956395e-14,6.643797688894468e-14,6.643797688894434e-14,1.1641845841412315e-17,5.302129910026154e-29,103849950068364.97,2.0673431949712145e-14
195,55,74,-1.0665211636375463e-15,-1.0615652654298701e-15,-1.0615652654298632e-15,3.404921196507583e-17,4.7423453158888315e-29,122680116004754.11,1.458684550112318e-14
196,54,55,0.0,0.0,0.0,0.0,0.0,55938120329254.74,3.5260277450835326e-14
197,55,73,1.134947888923205e-15,1.1349650639685747e-15,1.1349650639685686e-15,2.980645296845824e-17,1.0609979393745007e-26,507873571689.7348,3.9393529488890474e-12
198,56,73,-9.876336473129796e-16,-9.876336467315639e-16,-9.876336467315629e-16,4.4501122708865104e-18,7.547339741603432e-24,132288065.8657601,1.5118521651232782e-08
199,55,56,0.0,0.0,0.0,0.0,0.0,132253601.4547353,1.5122461004181675e-08
200,56,72,1.0131615839812151e-15,1.0131615838990874e-15,1.0131615838990872e-15,2.6732617606800614e-17,6.419351165551802e-23,3032289.0219236976,6.595677338248113e-07
201,57,72,-6.391960284050991e-16,-6.391960284052846e-16,-6.391960284052855e-16,3.3249565080209425e-17,1.5833126228671153e-19,8769.043289268033,0.00022807505251056195
202,56,57,0.0,0.0,0.0,0.0,0.0,8743.757313993421,0.0002287346202443868
203,57,71,8.020597483720358e-16,8.020597483720249e-16,8.020597483720222e-16,1.3427974492277622e-17,2.627212400663013e-18,1263.4914393209233,0.0015829156853477565
204,58,71,-5.399630032961663e-16,-5.39963003296167e-16,-5.399630032961642e-16,3.2831380163895954e-17,4.3775173551861276e-17,116.80907831712122,0.017122375171502002
205,57,58,0.0,0.0,0.0,0.0,0.0,106.92473747760418,0.018705290856849757
206,58,70,8.168235707753209e-16,8.16823570775327e-16,8.168235707753212e-16,4.505868117263189e-18,8.861540630617605e-17,80.37573615750844,0.024884415375102803
207,59,70,-4.164216119809936e-16,-4.1642161198099547e-16,-4.16421611980994e-16,2.578861060218161e-17,9.670728975818103e-17,36.729010841427325,0.05446632947363621
208,58,59,0.0,0.0,0.0,0.0,0.0,25.217776054318797,0.07935074484873901
209,59,69,1.0278729950333512e-15,1.0278729950333512e-15,1.0278729950333506e-15,1.242222327810819e-17,1.242222327810819e-17,46.33646621183506,0.043169252022700846
210,60,69,-2.821059492924933e-16,-2.821059492924938e-16,-2.821059492924937e-16,3.704346475542168e-17,9.26086618885542e-18,37.74388432087387,0.05300112059317995
211,59,60,0.0,0.0,0.0,0.0,0.0,20.81245153535413,0.0961703726158808
212,60,68,1.2167579022876837e-15,1.2167579022876884e-15,1.2167579022876829e-15,1.6281704987937932e-17,1.1397193491556553e-16,39.81955265654558,0.050237144249360606
213,61,68,-1.3560520485802316e-16,-1.3560520485802343e-16,-1.3560520485802316e-16,0.0,3.24100367557026e-17,61.70029745406899,0.03241759326168605
214,60,61,0.0,0.0,0.0,0.0,0.0,24.210814345359722,0.08265473751104666
215,61,67,1.3250603038901037e-15,1.3250603038900997e-15,1.3250603038901035e-15,3.850419825920085e-18,7.315797669248162e-17,38.65420217274675,0.05175236461163495
216,62,67,-1.7268394416770805e-18,-1.7268394416771793e-18,-1.7268394416771832e-18,1.51209525484406e-17,5.673903395287279e-19,3931.3036046894294,0.000508737112225802
217,61,62,0.0,0.0,0.0,0.0,0.0,38.27809053170372,0.05226110172386075
218,62,66,1.3266906628162884e-15,1.3266906628162922e-15,1.3266906628162866e-15,3.1657439623315514e-17,9.848981216142604e-17,42.26077838000401,0.047334040718276814
219,63,66,1.0365844789389901e-16,1.0365844789389883e-16,1.036584478938989e-16,1.935642740340687e-17,1.0753570779670483e-17,55.28827807196642,0.03617797851580352
220,62,63,0.0,0.0,0.0,0.0,0.0,179.27658582501167,0.011156062202473298
221,63,64,-0.0,0.0,-0.0,0.0,0.0,62.12056136827304,0.03219824065883991
222,63,65,1.2281593650851782e-15,1.2281593650851774e-15,1.2281593650851756e-15,3.9995512350750885e-17,2.7689200858212153e-17,52.19366644882014,0.03832351532424062
223,64,65,1.6806285297627506e-16,1.680628529762745e-16,1.6806285297627484e-16,4.65301461682331e-17,7.238022737280705e-17,28.371795196469478,0.07052175598308054
224,65,66,-0.0,0.0,-0.0,0.0,0.0,932.1680053940609,0.0021455368084371098
225,66,124,1.367302287834728e-15,1.3673022878347217e-15,1.367302287834728e-15,0.0,1.331390140990359e-16,34.66734188573135,0.057707193006390094
226,65,124,1.605005682996444e-16,1.6050056829964428e-16,1.6050056829964448e-16,1.2797602510907781e-17,3.412694002908742e-17,36.00530701739809,0.05556165619795298
227,66,67,-0.0,0.0,-0.0,0.0,0.0,41.81156623262103,0.047842777830502614
228,67,68,-0.0,0.0,-0.0,0.0,0.0,23.775473753352788,0.084169957873321
229,67,123,1.4059340866749051e-15,1.4059340866749065e-15,1.4059340866749053e-15,4.581750438605014e-18,2.7490502631630082e-17,30.615689995087806,0.06534922790454428
230,66,123,6.304682287556263e-17,6.304682287556295e-17,6.304682287556273e-17,1.3690025055055845e-17,3.080255637387565e-17,114.24652459974331,0.01750645007404166
231,68,69,-0.0,0.0,-0.0,0.0,0.0,19.38986522239133,0.10323826484254055
232,68,122,1.3334297872095628e-15,1.3334297872095608e-15,1.3334297872095612e-15,3.8743434996070745e-17,9.685858749017686e-18,30.53951629133558,0.06551234279313997
233,67,122,-8.260062222396005e-17,-8.260062222396049e-17,-8.260062222396042e-17,4.1761100108591146e-17,6.960183351431857e-18,107.19794619165584,0.018657615080181034
234,69,70,-0.0,0.0,-0.0,0.0,0.0,20.500605429088278,0.09763558149633705
235,69,121,1.1619136123787826e-15,1.1619136123787834e-15,1.1619136123787836e-15,2.4800981701382253e-17,4.960196340276451e-18,34.21903318848746,0.05846365158703143
236,68,121,-2.5227709002917613e-16,-2.522770900291753e-16,-2.5227709002917574e-16,3.499628352141016e-17,3.937081896158643e-17,44.67563136920367,0.044774613255509126
237,70,71,-0.0,0.0,-0.0,0.0,0.0,47.61835075705926,0.042006790546604805
238,70,120,9.469085222881992e-16,9.469085222882028e-16,9.469085222882012e-16,4.433327428517092e-17,3.546661942813673e-17,46.97887463799803,0.04257875831908254
239,69,120,-4.161465666146791e-16,-4.161465666146806e-16,-4.1614656661467876e-16,2.2824624566873642e-17,1.2064444413918925e-16,36.33528176881247,0.055056823177254514
240,71,72,-0.0,0.0,-0.0,0.0,0.0,1104.3681807998512,0.0018109907378583185
241,71,119,9.053571573214714e-16,9.053571573214781e-16,9.053571573214746e-16,1.570414306098574e-17,1.7667160943608956e-17,221.93522750718736,0.009011699303291354
242,70,119,-5.465065634912973e-16,-5.46506563491295e-16,-5.465065634912955e-16,5.3575657501601756e-17,1.4882127083778266e-17,60.62057619316144,0.03299509124331344
243,72,73,-0.0,0.0,-0.0,0.0,0.0,2964340.8039378216,6.746862554760441e-07
244,72,118,1.1140333546193376e-15,1.1140333546187365e-15,1.1140333546187308e-15,7.351421093953696e-18,6.928541167522171e-20,74096.62798539469,2.699178160290135e-05
245,71,118,-6.432604122444e-16,-6.432604122444205e-16,-6.432604122444206e-16,2.8441430887945626e-17,1.367376484997386e-19,1121.0771864131625,0.0017839989562554173
246,73,74,-0.0,0.0,-0.0,0.0,0.0,505549587602.239,3.953939794390171e-12
247,73,117,1.3302103874217563e-15,1.3302103567074554e-15,1.3302103567074538e-15,6.8703963834836244e-18,3.5291617709779225e-25,3360765653.6143856,5.951020651651644e-10
248,72,117,-7.400677992291667e-16,-7.400677991757818e-16,-7.400677991757835e-16,2.4312014933972338e-17,8.083511778685187e-22,2966957.7928842483,6.74091153410879e-07
249,74,75,-0.0,0.0,-0.0,0.0,0.0,112330784555455.47,1.8135891486332048e-14
250,74,116,6.0695709792783275e-15,6.055109241010383e-15,6.055109241010317e-15,2.2617200461012507e-17,1.0363299981519398e-28,101448806224216.67,1.8939579320169822e-14
251,73,116,-1.1828433818966682e-15,-1.1828544285489104e-15,-1.1828544285489037e-15,1.83744414667873e-17,1.1153285616836831e-26,508340881148.00903,3.935000215070001e-12
252,75,76,-0.0,0.0,-0.0,0.0,0.0,104767011092822.53,1.7707767246739156e-14
253,75,115,2.4448979254790627e-13,2.4472273402481114e-13,2.447227340248105e-13,1.26933883834154e-17,3.576469318519367e-29,74608064293703.8,2.6670739367772597e-14
254,74,115,5.913423473116386e-14,5.903829556149076e-14,5.90382955614907e-14,6.934704086937333e-18,4.561654608517176e-30,222842428524691.22,8.53484788144055e-15
255,52,77,-2.9616645763364503e-13,-3.106428075200561e-13,-3.1064280752005574e-13,2.4420015987552628e-17,5.961634140329869e-31,852622782533925.5,1.048040754137762e-15
256,76,77,-0.0,0.0,-0.0,0.0,0.0,83821732427872.28,2.762331597698905e-14
257,76,86,-2.9911256995996e-14,-3.7525012825535725e-14,-3.7525012825535636e-14,1.413007655773347e-17,1.639698601029576e-31,1.5836809718928356e+16,1.3928245557798746e-16
258,86,87,6.780996830743017e-13,6.775603449744049e-13,6.775603449744052e-13,4.371021957343589e-18,2.4550115818820563e-30,170800363211260.7,1.098246589987489e-14
259,76,87,6.229928393802511e-13,6.208741159916024e-13,6.208741159916023e-13,1.8501098515074866e-17,8.81726022022666e-31,163471876059124.03,1.0843183444296902e-14
260,76,114,3.2081433826901897e-13,3.1922916043842187e-13,3.192291604384194e-13,4.882299937982779e-17,7.619438253157409e-29,97449805296314.83,1.966432383956921e-14
261,75,114,1.7417015072928468e-13,1.705231737353044e-13,1.70523173735305e-13,2.0922425747677593e-17,3.33086675185938e-30,1339491706430546.0,1.9565565928300537e-15
262,52,78,-0.0,0.0,-0.0,0.0,0.0,240879354529470.06,7.593134168083953e-15
263,77,78,-5.743913696633694e-13,-5.739334193045581e-13,-5.739334193045572e-13,2.611215671155759e-18,5.1817595030550105e-30,184054820460950.1,6.545093413946191e-15
264,77,86,7.026205116812061e-13,7.04196902673358e-13,7.041969026733552e-13,3.076240658443701e-17,5.320231506604594e-29,83591972010791.52,2.7484033521411063e-14
265,51,78,-5.974112909546757e-13,-6.00125158583979e-13,-6.001251585839751e-13,4.034739046218298e-18,5.704542108322057e-30,553600546952478.4,1.784426317492704e-15
266,78,79,-1.7942973989637528e-13,-1.7848152872755537e-13,-1.78481528727554e-13,2.02413728065274e-17,2.9099067306733415e-29,283211289693398.3,7.620056124300563e-15
267,79,80,-7.05670145667353e-13,-6.863126315810867e-13,-6.863126315810784e-13,9.13648875613e-18,3.95565344243836e-30,867251802754980.5,6.478608372628359e-16
268,78,80,-0.0,0.0,-0.0,0.0,0.0,218993418078086.38,8.2679169615634e-15
269,79,379,-1.8100944254840806e-14,-1.7752581394355996e-14,-1.7752581394355892e-14,1.3888463555998197e-17,4.151420450307293e-30,1354332538994761.8,1.4155130049007093e-15
270,81,379,7.674868227180235e-14,1.0272632369362451e-13,1.0272632369362441e-13,1.8789231800634645e-17,7.303309570122267e-32,6505276330918545.0,1.4860076606378502e-16
271,79,81,-0.0,0.0,-0.0,0.0,0.0,1445113506320571.0,1.5641137709644943e-15
272,80,81,-1.3727664217789531e-14,-1.416158322859006e-14,-1.416158322859007e-14,1.4037257000766128e-17,3.5727451861629304e-31,1756438400086341.0,9.162529337016585e-16
273,81,82,-1.0843337389899411e-13,-7.22276675636876e-14,-7.222766756368769e-14,1.853507243706956e-17,4.5230951032709267e-32,1576855975352360.0,7.395215758837647e-17
274,80,82,-0.0,0.0,-0.0,0.0,0.0,946340689196617.8,9.90205091290035e-16
275,80,84,1.7669214255087092e-13,1.7737550655144506e-13,1.7737550655144582e-13,1.1808039117553918e-17,1.3085711864466637e-29,194400836152948.34,6.129842713673504e-15
276,78,84,-1.0259840734582116e-12,-9.879231818970739e-13,-9.879231818970735e-13,4.1185900680219896e-17,4.370589370578663e-31,1430100122595783.5,2.138074247889895e-15
277,82,83,7.736389961770067e-15,7.375285696388119e-15,7.375285696388076e-15,1.2955211400231433e-17,1.5282910829427036e-30,1.1464933209765736e+16,5.292010895121152e-16
278,80,83,-6.650800788911443e-13,-6.904121313262994e-13,-6.904121313262952e-13,8.457395963928565e-18,1.415878475260125e-30,946832448284302.8,4.610040017779197e-16
279,82,92,-2.844192957938602e-13,-3.320029041648055e-13,-3.320029041648051e-13,9.287066382172961e-18,7.883000823350276e-32,1.2919697327449312e+16,1.2959643522686148e-16
280,83,92,-0.0,0.0,-0.0,0.0,0.0,6463572371414797.0,6.587975247389766e-16
281,83,90,1.1024379986667173e-13,1.0933383691703392e-13,1.0933383691703296e-13,1.741138691687454e-17,1.8354546785689753e-29,408558249726031.4,4.184024719741863e-15
282,84,90,-1.5282581965851423e-12,-1.5776518861867808e-12,-1.577651886186777e-12,3.7676821998357695e-17,2.926825262982093e-30,626839759673145.6,2.406821995709561e-15
283,83,84,0.0,0.0,0.0,0.0,0.0,248078044806707.25,6.590846715451424e-15
284,77,84,-0.0,0.0,-0.0,0.0,0.0,210613191411145.12,8.683167661836086e-15
285,77,85,-4.52353705999996e-13,-4.304634105889301e-13,-4.3046341058892624e-13,2.6862950008877165e-17,4.7706023106181146e-30,337740749831297.75,1.0564971246074177e-15
286,84,85,8.320054105249977e-13,8.283269961839329e-13,8.283269961839337e-13,1.693416634249305e-17,3.718806356411626e-30,681064428781857.8,7.626670537228668e-15
287,85,88,9.157793246371851e-13,9.151596829803034e-13,9.151596829803083e-13,9.653018303935545e-18,7.550473084882118e-29,61921311056810.42,2.851342569625953e-14
288,86,88,0.0,-1.027728176245904e-14,-1.0277281762459072e-14,1.3552474879473914e-17,4.1610292871249436e-32,854397040076224.6,2.7104949758947827e-17
289,85,86,0.0,0.0,0.0,0.0,0.0,66412587955840.25,2.854053064601848e-14
290,87,88,-0.0,0.0,-0.0,0.0,0.0,206181135147888.3,1.1009570849633838e-14
291,85,89,-5.138468741845885e-13,-5.146353488387301e-13,-5.146353488387273e-13,6.814346914126114e-19,2.356191959127753e-30,9385004832452364.0,8.89541289082962e-16
292,88,89,-0.0,0.0,-0.0,0.0,0.0,61901280177394.14,2.94029669853425e-14
293,88,97,-5.299492513879753e-14,-5.848395790479321e-14,-5.848395790479311e-14,5.749654843147429e-18,1.0576850222203531e-31,4104472180226658.0,1.2252161214881515e-16
294,97,98,8.550721799781504e-13,8.520016418456439e-13,8.520016418456392e-13,1.0564959149875876e-17,1.5981648034023775e-29,630270741234911.5,5.863052112213843e-15
295,88,98,3.997204834411204e-13,3.9746130971316814e-13,3.9746130971316673e-13,1.6314613993023576e-17,1.0208586492703793e-29,780396435851698.1,5.7405305000650275e-15
296,98,111,3.8778640718079943e-13,3.920840111040853e-13,3.9208401110408266e-13,3.199023152640519e-17,1.954225819868867e-29,294889081799057.8,5.837140191103921e-15
297,88,111,5.542826436527129e-13,5.557876639772135e-13,5.557876639772109e-13,1.5675617533379413e-17,2.6292549831507746e-29,210977705286653.03,1.1577670691168948e-14
298,87,111,9.030015823513727e-14,9.241297369291068e-14,9.241297369291058e-14,6.49416461125103e-18,3.1036456451736857e-31,9281977070522892.0,5.680998415351102e-16
299,85,90,-0.0,0.0,-0.0,0.0,0.0,313052780052127.9,1.0033492532938229e-14
300,89,90,-8.943934887232943e-13,-8.983352643864431e-13,-8.983352643864394e-13,2.0061220964442267e-17,1.9014179304146852e-29,316654687710985.5,9.143951243855267e-15
301,89,97,8.585318095337027e-13,8.576693939861201e-13,8.576693939861225e-13,1.4721238455620712e-17,4.1366560779079624e-29,62301016178101.805,2.9280445373193684e-14
302,83,91,-1.3085213166516806e-12,-1.1651929606046242e-12,-1.1651929606046252e-12,1.8241174859760203e-17,1.285082738653923e-31,3233479206049976.0,2.965845576680262e-16
303,90,91,-0.0,0.0,-0.0,0.0,0.0,460599098444788.7,4.480609277409889e-15
304,91,92,-3.3559276028483753e-15,-3.649598526126246e-15,-3.649598526126232e-15,1.457302984170192e-17,7.046311596653851e-31,4882713322316381.0,3.622129670709504e-16
305,92,93,0.0,-3.927020964269878e-14,-3.927020964269886e-14,6.8347877957722614e-18,1.3180548459399692e-32,2339119158290935.0,1.3669575591544524e-17
306,91,93,-0.0,0.0,-0.0,0.0,0.0,5461038293223379.0,3.75882542662495e-16
307,91,95,5.874966317771333e-14,5.847877118196509e-14,5.847877118196516e-14,7.166862249731302e-18,2.0035701421338178e-30,456853062455188.2,3.0942907444509854e-15
308,90,95,-2.486415998731702e-12,-2.388268984098275e-12,-2.3882689840982845e-12,2.848569952690384e-17,2.6961746774270733e-30,6432852740790649.0,1.3863185329589035e-15
309,93,94,1.8011320451054732e-15,1.3244805832504555e-15,1.3244805832504557e-15,2.938093456894163e-17,1.2156403837561541e-32,9195570572481964.0,1.6328273578714778e-16
310,91,94,-4.889407591465391e-13,-9.362867519626247e-13,-9.362867519626164e-13,5.078875220641584e-17,9.400441417500772e-31,1.6382023731136276e+16,2.125998068753472e-16
311,93,103,7.3131974602841e-13,3.741600927403862e-13,3.7416009274038653e-13,2.711036264923287e-17,2.2993474008077108e-32,1574220531503725.2,5.680157716404987e-17
312,94,103,-0.0,0.0,-0.0,0.0,0.0,1888932707814459.2,1.064811586230979e-16
313,94,101,2.5329364683195103e-14,2.5479342795250922e-14,2.5479342795250752e-14,4.9303196687893365e-18,5.601461832440654e-30,4582113225081029.0,1.6751951762753121e-15
314,95,101,-3.0031002575124936e-12,-3.152612899976356e-12,-3.152612899976362e-12,3.869157028789988e-17,1.4633117802609189e-30,465337883634926.3,1.6316953750510205e-15
315,94,95,0.0,0.0,0.0,0.0,0.0,389030707399581.6,3.3068905513263326e-15
316,89,95,-0.0,0.0,-0.0,0.0,0.0,321392446375335.6,1.053026977681417e-14
317,89,96,-3.3778790766860447e-13,-3.8538922297528137e-13,-3.853892229752804e-13,1.5645342848614412e-17,3.1528269920535717e-31,988262926617916.2,2.5333529062226324e-16
318,95,96,7.340438744760012e-13,7.306214670926212e-13,7.306214670926242e-13,2.4069821411068394e-17,2.130457239089239e-29,238898109664753.78,1.0276934486191908e-14
319,96,99,6.307564024694339e-13,6.319727094569392e-13,6.319727094569348e-13,2.8473667218304257e-17,1.0164337149617394e-28,71339235941090.66,2.958887978946663e-14
320,97,99,0.0,7.029260130987888e-14,7.029260130987844e-14,2.7549562825340277e-17,1.7313846253745996e-31,1023492900861613.1,5.509912565068055e-17
321,96,97,0.0,0.0,0.0,0.0,0.0,66944577062005.3,2.9533780663815947e-14
322,98,99,-0.0,0.0,-0.0,0.0,0.0,394208983010738.7,5.807952986563162e-15
323,98,110,8.483208699752317e-13,8.524794219391639e-13,8.524794219391659e-13,1.496666041457417e-17,6.904731202768899e-30,209783364808303.53,6.136159956267826e-15
324,110,111,-5.564132546307484e-14,-4.9953494941533776e-14,-4.99534949415339e-14,1.7023571111829806e-17,3.7776736607079058e-31,731070983167986.8,2.990197651639054e-16
325,96,100,-3.7891082768942884e-13,-4.13919890266307e-13,-4.13919890266307e-13,1.0257787453688525e-17,0.0,1.6261817549066908e+16,2.425601798324114e-16
326,99,100,-0.0,0.0,-0.0,0.0,0.0,70267953054619.38,2.983143996929904e-14
327,99,109,6.181793978300474e-13,6.178129326570394e-13,6.178129326570346e-13,1.7112038883837881e-18,2.2631883102105528e-29,524221550943623.1,5.769737320274313e-15
328,98,109,-4.0591249646123684e-14,-1.3972162496335192e-14,-1.3972162496335107e-14,3.640331808683622e-17,1.165123606276588e-31,1260643296756009.0,3.8215666288848693e-17
329,96,101,-0.0,0.0,-0.0,0.0,0.0,161143330506767.16,1.1908629861242928e-14
330,100,101,-6.670071463968194e-13,-6.675065387138902e-13,-6.675065387138893e-13,4.36396142315251e-18,7.941306511874425e-30,165921631631381.53,1.1666069681410516e-14
331,100,108,5.165978097697449e-13,5.169625759256685e-13,5.169625759256657e-13,1.0504539150441022e-17,8.14199632861825e-29,70588637662448.22,2.977498613825594e-14
332,99,108,0.0,-8.221576350726826e-14,-8.22157635072682e-14,2.8226915521549446e-17,2.1666998327354122e-32,1.432835793359696e+16,5.645383104309889e-17
333,94,102,-1.120634664465947e-12,-6.248738929246329e-13,-6.248738929246324e-13,2.4557736821991015e-17,2.000721210947187e-32,4720791467919406.0,6.190682881853347e-17
334,101,102,-0.0,0.0,-0.0,0.0,0.0,1.7976931348623157e+308,1.7371020050938457e-15
335,102,103,0.0,-1.7483614366143091e-16,-1.7483614366143013e-16,2.2287164902282222e-17,1.0055971672351003e-31,1385760734716047.5,4.457432980456444e-17
336,103,104,-1.4799390835472162e-12,-1.09160044991787e-12,-1.0916004499178609e-12,1.4566224285846713e-17,3.408704133603888e-31,1628677193352874.0,8.188985389082232e-17
337,102,104,-0.0,0.0,-0.0,0.0,0.0,814069946957810.5,1.2646418369538676e-16
338,102,106,6.531473012208771e-15,6.320963650312976e-15,6.320963650312995e-15,1.4312994330006707e-17,1.287273295048892e-30,4830371023623116.0,8.595524310401111e-16
339,101,106,-3.9328014313394455e-12,-3.885737532415016e-12,-3.8857375324150325e-12,5.314422823195374e-18,1.8243097859378833e-30,3124937261572377.5,8.775495740537346e-16
340,104,105,2.18731278562769e-16,1.6465337249339446e-16,1.6465337249339436e-16,1.3724268617692686e-17,2.502532862348718e-32,1229661533184484.8,8.357376522713017e-17
341,102,105,0.0,-8.760037067703102e-13,-8.760037067703129e-13,2.14452092341283e-17,6.674189162044202e-32,3254971950947752.0,4.28904184682566e-17
342,104,364,0.0,1.8760041674799557e-12,1.8760041674799553e-12,3.508228594609556e-17,7.553086872694792e-33,821660130313885.4,7.016457189219112e-17
343,105,364,-0.0,0.0,-0.0,0.0,0.0,2463987301254895.0,1.3409193334939048e-17
344,105,362,1.6402956133625179e-15,1.6989156651805182e-15,1.6989156651805194e-15,7.935317354126413e-18,1.6018055521241897e-31,1088361547290617.8,4.599598445583159e-16
345,106,362,-3.978677834082897e-12,-3.964287545620791e-12,-3.964287545620747e-12,8.031024500057011e-19,2.4795023875364076e-30,1076738792510424.5,4.4248300495005184e-16
346,105,106,0.0,0.0,0.0,0.0,0.0,9728185695997900.0,9.024428495083677e-16
347,100,106,-0.0,0.0,-0.0,0.0,0.0,158755330651926.44,1.2543619255464253e-14
348,100,107,-4.3419138870928245e-13,-3.3686913182356944e-13,-3.3686913182356964e-13,1.244260172043043e-17,2.581900057466297e-32,850674291663659.6,8.613709902165621e-17
349,106,107,3.4397195389081634e-13,3.4460776146421034e-13,3.446077614642097e-13,1.1492140320381725e-17,1.1863121635228295e-29,192300968235733.56,1.2457482156442596e-14
350,107,369,2.512638716370922e-13,2.510927101560808e-13,2.5109271015607937e-13,1.0172050378778979e-17,8.401191913924741e-29,63729749503069.72,2.9844655261659984e-14
351,108,369,0.0,-5.564473009811797e-14,-5.5644730098118176e-14,8.233987808804803e-18,3.081701288072526e-32,2075578827152620.5,1.6467975617609606e-17
352,107,108,0.0,0.0,0.0,0.0,0.0,65407785311821.945,2.9861123237277595e-14
353,108,370,5.120476766816283e-13,5.180063317402362e-13,5.180063317402316e-13,3.359088321678402e-17,2.6184326806343114e-29,528491014393013.6,5.84034149448465e-15
354,109,370,0.0,4.550034788317453e-15,4.550034788317434e-15,7.07517158361886e-18,2.94397376004845e-32,1.7976931348623157e+308,1.4150343167237717e-17
355,108,109,0.0,0.0,0.0,0.0,0.0,540052070529629.25,5.826191151317412e-15
356,109,110,0.0,0.0,0.0,0.0,0.0,182193823357192.72,6.174375622556675e-15
357,370,371,5.039860178301493e-13,4.932273578489014e-13,4.932273578489036e-13,3.0810111954561904e-17,6.0724618100753955e-30,335373766048414.25,2.8249596401164324e-15
358,109,371,2.8623169124785534e-13,2.815246036604248e-13,2.81524603660424e-13,2.3734940370942933e-17,4.0732048825045805e-30,327665346733223.4,2.8391099832836703e-15
359,109,377,3.3108326932280804e-13,3.309619190793007e-13,3.3096191907930036e-13,1.0580032332057663e-18,3.0812347724942654e-30,191432758053389.47,5.771043721584704e-15
360,110,377,-1.3337763239248373e-13,-1.2113659333934545e-13,-1.2113659333934532e-13,2.0378654439058094e-17,2.1012495711445282e-31,8627245945563314.0,4.0333190097197104e-16
361,110,112,0.0,0.0,0.0,0.0,0.0,164027575214498.22,1.2971190054230037e-14
362,111,112,9.932955260123245e-13,9.8938379575419e-13,9.893837957541875e-13,2.6233238054389815e-17,1.6251918876379412e-29,132958606259797.94,1.3270209819393942e-14
363,111,113,0.0,0.0,0.0,0.0,0.0,124213615865297.9,1.2164710961882299e-14
364,87,113,7.59510169720871e-13,7.574427432755095e-13,7.574427432755103e-13,1.737698988633978e-17,6.789610665267093e-30,126955095802979.69,1.2732810803417409e-14
365,112,113,-1.58359411082847e-13,-1.5768556780507949e-13,-1.576855678050809e-13,2.3620835567943913e-18,4.955355255845296e-30,2688079868832519.0,1.1054988575116443e-15
366,112,154,1.5205303484223392e-12,1.5199458727610433e-12,1.5199458727610445e-12,8.385792710749185e-18,1.7384785682477869e-29,46477168704771.32,4.3614993282351146e-14
367,135,154,4.916242944939375e-13,4.893550878484564e-13,4.893550878484553e-13,1.4092356922903772e-17,6.897833003060124e-30,659717304310284.2,6.078041921593228e-15
368,112,135,0.0,0.0,0.0,0.0,0.0,50762706890264.36,3.7536951360757916e-14
369,113,114,-3.804616807076096e-13,-3.829965858460825e-13,-3.829965858460815e-13,1.2944910978397394e-17,5.156413771831492e-30,271120659245958.53,3.9116704081451015e-15
370,87,114,4.587924730578499e-13,4.556598907800136e-13,4.556598907800131e-13,3.0321900864740975e-17,4.8869100401242524e-30,236213989697954.94,8.821140395272306e-15
371,113,135,9.616407968857686e-13,9.618072845613213e-13,9.618072845613294e-13,3.3444806553671006e-18,1.6227327032357798e-28,51192852796747.08,3.864245021826956e-14
372,134,135,4.032100505326548e-13,4.030531249072249e-13,4.0305312490722523e-13,1.749958591597005e-18,3.941053692598397e-30,229955352989705.25,8.989306582281496e-15
373,113,134,0.0,0.0,0.0,0.0,0.0,65752744105294.39,2.965314363598806e-14
374,114,134,5.634257632317382e-13,5.640320392850858e-13,5.640320392850855e-13,1.8039350225392456e-17,9.013264863120611e-30,52924892421580.65,3.3564814044133166e-14
375,115,134,1.932241270696076e-13,1.9254639192669994e-13,1.9254639192670015e-13,1.557646390572096e-17,4.641402866034881e-30,160078719129096.34,8.85063126919062e-15
376,114,115,0.0,0.0,0.0,0.0,0.0,78897862176555.8,2.4714182774942544e-14
377,115,133,1.1223046874563283e-13,1.1224961513339199e-13,1.1224961513339196e-13,1.7519755293472554e-18,2.309891590025138e-30,86406126241072.08,2.0542629906626088e-14
378,116,133,3.1877378354364945e-15,3.1987397879884453e-15,3.1987397879884276e-15,1.7434471903426923e-17,2.8126907248009364e-29,161756761350414.62,1.0137898467896816e-14
379,115,116,0.0,0.0,0.0,0.0,0.0,187505543927561.03,1.0404731438729272e-14
380,116,132,1.682002354161633e-15,1.6819037290026415e-15,1.6819037290026383e-15,1.9998276015779747e-17,6.398309835531387e-28,2931552140828.117,6.820810297779643e-13
381,117,132,-8.225547957999678e-16,-8.225548824120554e-16,-8.225548824120582e-16,3.150232106112043e-17,1.0400937277893007e-24,3342498972.0861936,5.983549843504565e-10
382,116,117,0.0,0.0,0.0,0.0,0.0,3338697757.5330367,5.990370653802343e-10
383,117,131,1.4126972297057667e-15,1.4126972299840772e-15,1.4126972299840677e-15,1.2835951574751794e-17,4.36611224280331e-22,15347501.737765955,1.3031436911935083e-07
384,118,131,-7.378748096901815e-16,-7.378748096878001e-16,-7.378748096877963e-16,4.450507826266247e-17,7.17556762265425e-20,72633.35545742842,2.7535558387192878e-05
385,117,118,0.0,0.0,0.0,0.0,0.0,72291.2310631296,2.766587275631223e-05
386,118,130,1.2086477520620925e-15,1.2086477520622203e-15,1.2086477520622229e-15,4.150205154369784e-17,8.162279426143298e-19,2598.798381824464,0.0007695864799270131
387,119,130,-6.55456886606863e-16,-6.554568866068622e-16,-6.55456886606864e-16,7.541630046417778e-18,1.3574934083552001e-17,199.48079552206752,0.010026111779619758
388,118,119,0.0,0.0,0.0,0.0,0.0,185.26077483783408,0.010795698259546772
389,119,129,1.0143074804368563e-15,1.0143074804368581e-15,1.0143074804368565e-15,2.9267817696436466e-18,2.3414254157149173e-17,66.43248110212038,0.03010802918650463
390,120,129,-5.509208809122032e-16,-5.5092088091220525e-16,-5.509208809122036e-16,1.627276817888644e-17,6.915926476026737e-17,43.99666595836966,0.04546582037589135
391,119,120,0.0,0.0,0.0,0.0,0.0,26.476774997040486,0.07557384956239599
392,120,128,1.0816828365842224e-15,1.0816828365842233e-15,1.0816828365842214e-15,2.899780823274654e-17,5.799561646549308e-17,31.437306875676466,0.06364015129630429
393,121,128,-3.864053491326655e-16,-3.8640534913266706e-16,-3.8640534913266666e-16,7.635857164799541e-17,2.545285721599847e-17,40.10428397751932,0.04988032346798166
394,120,121,0.0,0.0,0.0,0.0,0.0,17.63688320853417,0.11352047476428594
395,121,127,1.2960418715076078e-15,1.2960418715076103e-15,1.2960418715076078e-15,0.0,7.787217616927792e-17,25.402850397414102,0.07877202888055804
396,122,127,-1.8520060984640212e-16,-1.85200609846402e-16,-1.8520060984640173e-16,3.3556634296225834e-17,2.3070186078655262e-17,63.46724262963581,0.03151492716809105
397,121,122,0.0,0.0,0.0,0.0,0.0,18.15288827441628,0.11028695604864909
398,122,126,1.4360297750585566e-15,1.4360297750585584e-15,1.4360297750585556e-15,2.930403903575598e-17,8.205130930011673e-17,23.432548125273318,0.08540323742775068
399,123,126,6.4350234094586346e-18,6.435023409458345e-18,6.4350234094583125e-18,3.493853359340408e-17,3.51057036105974e-18,1432.2603007869664,0.0013963944430253664
400,122,123,0.0,0.0,0.0,0.0,0.0,23.821583839971392,0.08400684298472531
401,123,124,0.0,0.0,0.0,0.0,0.0,49.757024293474515,0.04020074293234843
402,123,125,1.462545886162683e-15,1.4625458861626812e-15,1.4625458861626834e-15,1.1069460050170503e-17,6.088203027593777e-17,24.363209520744338,0.08213713756032398
403,124,125,1.489626065150169e-16,1.4896260651501672e-16,1.489626065150169e-16,0.0,2.4286709917461407e-17,47.698261125045036,0.041936394627975555
404,125,126,-0.0,0.0,-0.0,0.0,0.0,24.784096801375544,0.08074074311729862
405,126,144,1.5073082450876118e-15,1.507308245087623e-15,1.5073082450876144e-15,9.428860016897767e-17,3.1913064672577054e-16,18.039418404164955,0.11098209328923263
406,125,144,1.3383965784092582e-16,1.3383965784092678e-16,1.338396578409263e-16,5.2912383269318074e-17,5.569724554665061e-17,66.13965347166551,0.030241350171934016
407,126,127,-0.0,0.0,-0.0,0.0,0.0,17.125463759684276,0.11691816459584173
408,127,128,-0.0,0.0,-0.0,0.0,0.0,15.567207082203732,0.1286523523485397
409,127,143,1.4161699299825582e-15,1.4161699299825631e-15,1.4161699299825568e-15,5.166378776817999e-17,2.3617731551167995e-16,18.868478010202836,0.10609630081922504
410,126,143,-6.484344663598962e-17,-6.484344663598914e-17,-6.484344663598896e-17,5.554128933631011e-17,1.5428135926752807e-17,184.8128529461421,0.010821863776616692
411,128,129,-0.0,0.0,-0.0,0.0,0.0,18.34898305416016,0.10910597167219564
412,128,142,1.2219130813244653e-15,1.2219130813244718e-15,1.221913081324466e-15,2.180123004998964e-17,2.1801230049989642e-16,22.20958201015432,0.09011214990691012
413,127,142,-3.053286683314187e-16,-3.0532866833141943e-16,-3.0532866833141834e-16,2.177916130298301e-17,6.844879266651803e-17,51.90028658433793,0.03854020244162958
414,129,130,-0.0,0.0,-0.0,0.0,0.0,49.83957306308544,0.04013414096612439
415,129,141,1.1307661539183927e-15,1.1307661539183987e-15,1.1307661539183926e-15,5.359526186456178e-18,1.661453117801415e-16,32.541775478901926,0.061478818279832675
416,128,141,-5.26635593872478e-16,-5.266355938724773e-16,-5.266355938724763e-16,7.578647466272675e-17,4.458027921336868e-17,42.000789483504924,0.04762715339236296
417,130,131,-0.0,0.0,-0.0,0.0,0.0,2509.0262340835225,0.000797122038314206
418,130,140,1.2813338031658242e-15,1.2813338031658252e-15,1.281333803165818e-15,2.2636964000560698e-17,2.6288087226457585e-17,210.77624944068435,0.009488806312504585
419,129,140,-6.673795543936377e-16,-6.673795543936391e-16,-6.673795543936381e-16,9.055197485706487e-18,2.263799371426622e-17,65.26789617126913,0.030645334653619804
420,131,132,-0.0,0.0,-0.0,0.0,0.0,15277353.785325551,1.309127241037013e-07
421,131,139,1.5062242998712816e-15,1.5062242998670857e-15,1.506224299867086e-15,2.882653611811479e-17,2.710025018155005e-21,96629.0006309582,2.069772000981553e-05
422,130,139,-7.281429377098863e-16,-7.281429377099338e-16,-7.281429377099352e-16,2.6076217416376698e-17,7.360222657848261e-19,2575.911203862441,0.0007764243183043905
423,132,133,-0.0,0.0,-0.0,0.0,0.0,2994632865685.715,6.719431313100675e-13
424,132,138,1.7196176782465978e-15,1.7196179063614624e-15,1.7196179063614478e-15,3.478248209121762e-17,2.2252518665267427e-24,3813826329.75797,5.244075871133274e-10
425,131,138,-8.314018797978628e-16,-8.314018799197289e-16,-8.314018799197256e-16,9.555842188750075e-18,2.5516556584267852e-22,15338797.767418062,1.3038831651658795e-07
426,133,134,-0.0,0.0,-0.0,0.0,0.0,187711452903898.44,1.1691998637435467e-14
427,133,137,7.844456459573083e-15,7.825258808163926e-15,7.82525880816395e-15,2.1736292091610055e-17,2.679532619398163e-29,126360966234865.05,1.7720095809821354e-14
428,132,137,-8.603000884056998e-16,-8.602588088613851e-16,-8.602588088613835e-16,1.5696455827275786e-17,5.999252442230114e-28,3059452007861.0913,6.542230355002462e-13
429,134,136,3.5228105289001936e-13,3.526029829937794e-13,3.5260298299377936e-13,1.3087968587895527e-17,2.0525373183139206e-30,79655102527997.14,2.8669929972507963e-14
430,133,136,1.0688920341250705e-13,1.0683583598640658e-13,1.0683583598640629e-13,4.240470847176904e-18,2.3066732366454355e-29,135040966772238.89,1.6977931335072498e-14
431,135,153,8.864718279090421e-13,8.858295207108962e-13,8.858295207108968e-13,1.407751923041688e-17,1.327837696556522e-29,52568457435633.68,3.882965082342446e-14
432,136,153,3.2464414548104723e-13,3.2366665814484835e-13,3.236666581448464e-13,2.891544640989409e-17,5.824568759612986e-29,94960430834961.44,1.914902743319799e-14
433,135,136,0.0,0.0,0.0,0.0,0.0,118707256899615.06,1.9680623390226467e-14
434,136,152,1.3773603414515727e-13,1.3730556175005885e-13,1.373055617500585e-13,3.140194449192075e-17,2.578040184355357e-29,104631324094604.38,2.0032232856734226e-14
435,137,152,4.903951319756029e-15,4.896891026469844e-15,4.8968910264698494e-15,1.390612324749439e-17,1.0876315713718001e-29,110186929443105.16,1.929006838198537e-14
436,136,137,0.0,0.0,0.0,0.0,0.0,2134958945767470.5,7.42164474748855e-16
437,137,151,2.1101471407045375e-15,2.1101305451812528e-15,2.11013054518125e-15,1.6358886109998087e-17,2.721643613492706e-27,480834109548.2995,4.1600839778098825e-12
438,138,151,-9.376897328151538e-16,-9.376898604259228e-16,-9.376898604259223e-16,3.5444912215028336e-17,1.6433432227200112e-25,3839493283.1550703,5.209017261710177e-10
439,137,138,0.0,0.0,0.0,0.0,0.0,3809085303.3594856,5.250618101488276e-10
440,138,150,1.825905773897671e-15,1.8259057738003004e-15,1.8259057738002957e-15,9.444816515079426e-18,4.590879558197359e-22,5646475.176411894,3.542032753241799e-07
441,139,150,-7.913725867993485e-16,-7.913725867985856e-16,-7.913725867985883e-16,9.83455043013572e-18,3.4440059872070614e-20,97685.32163248122,2.047390505100794e-05
442,138,139,0.0,0.0,0.0,0.0,0.0,96024.08286762185,2.0828108326332118e-05
443,139,149,1.569453948962822e-15,1.569453948962913e-15,1.5694539489629082e-15,3.447430780858112e-17,1.8933258293042264e-18,1592.8605163546385,0.001255602886895601
444,140,149,-7.529982405914395e-16,-7.529982405914377e-16,-7.529982405914345e-16,3.008573149030407e-17,1.9467238023137926e-17,221.98625578418873,0.009009627743913376
445,139,140,0.0,0.0,0.0,0.0,0.0,194.83415759409593,0.010265230630808975
446,140,148,1.3669524893655805e-15,1.3669524893655839e-15,1.3669524893655817e-15,1.887020439380488e-17,3.459537472197562e-17,45.873477975530236,0.04360508465463989
447,141,148,-6.6425835106116935e-16,-6.642583510611709e-16,-6.642583510611699e-16,2.1603391928110352e-17,3.6005653213517255e-17,41.22899316841208,0.04851906827881259
448,140,141,0.0,0.0,0.0,0.0,0.0,21.72518512060658,0.09212415293345248
449,141,147,1.2683889111114901e-15,1.2683889111114962e-15,1.2683889111114907e-15,2.272626428478418e-17,2.12111799991319e-16,20.5249074568272,0.0975197949828013
450,142,147,-4.3650695056322595e-16,-4.365069505632277e-16,-4.3650695056322556e-16,1.8168852457729278e-17,9.765758196029487e-17,49.73381520398831,0.04021950831647178
451,141,142,0.0,0.0,0.0,0.0,0.0,14.543133092094651,0.13773930329927309
452,142,146,1.3530913635708675e-15,1.3530913635708718e-15,1.3530913635708655e-15,9.163053317991204e-17,2.9321770617571857e-16,15.90644420962227,0.12590124668458016
453,143,146,-1.4804874245210691e-16,-1.480487424521078e-16,-1.4804874245210736e-16,2.807599677115438e-17,2.807599677115438e-17,106.75372889370632,0.018735256576274444
454,142,143,0.0,0.0,0.0,0.0,0.0,13.851865604213586,0.14463650326085462
455,143,144,0.0,0.0,0.0,0.0,0.0,16.440123438419743,0.12180395706584933
456,143,145,1.499375225819711e-15,1.4993752258197184e-15,1.4993752258197115e-15,1.8748898015811892e-17,3.2810571527670815e-16,14.030862236136928,0.1427850076963741
457,144,145,1.1712142969600955e-16,1.171214296960094e-16,1.1712142969600947e-16,6.623943964239014e-18,6.623943964239014e-18,95.327607854197,0.020981050630524748
458,145,146,-0.0,0.0,-0.0,0.0,0.0,12.409255595279072,0.1615202642726485
459,146,167,1.445361269397412e-15,1.4453612693974105e-15,1.4453612693974113e-15,4.784530946258008e-17,4.784530946258008e-17,11.407347003815856,0.17577679805095622
460,145,167,1.0158153130885657e-16,1.0158153130885591e-16,1.0158153130885575e-16,5.70855560572266e-17,1.1244124677938573e-17,140.28893037948822,0.014256533778307691
461,146,147,-0.0,0.0,-0.0,0.0,0.0,12.067108874186806,0.16612075500105195
462,147,148,-0.0,0.0,-0.0,0.0,0.0,13.719315877085764,0.1460388632616139
463,147,166,1.4152336918900055e-15,1.415233691890006e-15,1.4152336918900049e-15,2.9911951712914434e-17,5.982390342582887e-17,13.976189703387123,0.14334546999055367
464,146,166,-2.4031864823987306e-16,-2.4031864823987336e-16,-2.403186482398729e-16,7.008567907468016e-18,2.102570372240405e-17,87.81828418825278,0.022775285010498265
465,148,149,-0.0,0.0,-0.0,0.0,0.0,38.02095026616481,0.05261471239855326
466,148,165,1.4937797702496601e-15,1.4937797702496568e-15,1.493779770249658e-15,7.060150251876855e-17,3.8509910464782843e-17,20.569920353957176,0.09730605635225403
467,147,165,-5.833517313418177e-16,-5.833517313418199e-16,-5.83351731341819e-16,5.353388979667141e-17,4.117991522820878e-17,41.04823681644777,0.048732806909359855
468,149,150,-0.0,0.0,-0.0,0.0,0.0,1567.3040086737603,0.0012760767919466087
469,149,164,1.6465311230084216e-15,1.6465311230084127e-15,1.6465311230084149e-15,3.831698341590823e-17,1.239667110514678e-17,106.2816049578361,0.018818487197496275
470,148,164,-7.91085631945068e-16,-7.910856319450676e-16,-7.910856319450684e-16,8.424493637265647e-18,1.6848987274531295e-17,59.183839278396924,0.03379622520105699
471,150,151,-0.0,0.0,-0.0,0.0,0.0,5638183.494159182,3.547241770503509e-07
472,150,163,1.9034104473869142e-15,1.903410447387025e-15,1.9034104473870243e-15,2.732886239216958e-18,1.9590582359978192e-20,21155.370644438593,9.45386415155255e-05
473,149,163,-8.300754146331822e-16,-8.300754146332125e-16,-8.300754146332131e-16,2.2036379679473782e-17,4.2107731871605957e-19,1692.7089759576322,0.0011815381504310832
474,151,152,-0.0,0.0,-0.0,0.0,0.0,482805970088.7068,4.140793909427897e-12
475,151,162,2.3065680948212535e-15,2.306568097868846e-15,2.3065680978688535e-15,4.8316989096897044e-18,1.1881353944266235e-23,273458702.31804514,7.313717334891626e-09
476,150,162,-8.688772605576392e-16,-8.688772606635275e-16,-8.688772606635243e-16,2.1168472574281967e-17,6.308337026223832e-22,5756879.061632615,3.4741045971545933e-07
477,152,153,-0.0,0.0,-0.0,0.0,0.0,1130796299977742.8,8.832054235362351e-16
478,152,161,5.526543809582886e-15,5.52715689861642e-15,5.527156898616427e-15,9.692925906460629e-18,1.1224688255438915e-28,11431601153690.494,1.7476848992785316e-13
479,151,161,-1.1341117517539775e-15,-1.1341048055130776e-15,-1.1341048055130735e-15,1.2145688767565312e-17,7.241558510983435e-27,504315574156.69073,3.966025419500044e-12
480,153,154,-0.0,0.0,-0.0,0.0,0.0,57325920772943.38,3.2751608901831233e-14
481,153,160,5.732845386193254e-13,5.750934779070923e-13,5.750934779070891e-13,4.466570329340001e-17,7.978303755709813e-29,85933838494426.28,2.84000185345328e-14
482,152,160,1.360756862668737e-13,1.365436425891357e-13,1.3654364258913564e-13,4.71522013754139e-17,5.0871794981723294e-30,78945378646678.72,2.7516813110996565e-14
483,112,155,-3.562303718587204e-13,-3.493324239452827e-13,-3.4933242394528103e-13,1.8273347869739473e-17,4.413595810960499e-30,453775917109818.8,1.8508324461234126e-15
484,154,155,-0.0,0.0,-0.0,0.0,0.0,42421323236535.81,4.546582572847456e-14
485,154,159,1.856764008245632e-12,1.857385501565094e-12,1.8573855015650906e-12,8.19404942479468e-18,4.2601265084277585e-29,44171758539955.69,4.89772234848256e-14
486,153,159,6.315776217124009e-13,6.322150114905073e-13,6.32215011490505e-13,8.179211732314455e-18,2.980194409323895e-29,187485607486633.97,1.622561458299437e-14
487,110,155,5.348786115942395e-13,5.357519440621791e-13,5.357519440621748e-13,9.063680927197507e-18,4.506131496742741e-29,254704699475273.1,1.1120357608106625e-14
488,155,158,1.1548936494309668e-12,1.1548854169705852e-12,1.1548854169705807e-12,1.6659040589311996e-19,8.990491121306266e-29,41471864203743.96,4.674005615591151e-14
489,154,158,1.3545667572751334e-13,1.413336157633858e-13,1.4133361576338532e-13,2.649255017457264e-17,2.1621036945647792e-30,2221893880520698.2,1.2742304274369555e-15
490,155,156,-7.178248913969678e-13,-7.192584813781511e-13,-7.192584813781484e-13,6.984369817444207e-18,1.3282396397137416e-29,573226064198230.5,7.008373794773806e-15
491,110,156,5.203837597984983e-13,5.209105785810673e-13,5.209105785810626e-13,2.0793111097539614e-18,1.8731238118611452e-29,483460058791104.1,4.1119838133328185e-15
492,156,377,-4.632846542355693e-13,-4.59559713825766e-13,-4.595597138257666e-13,1.8299343329306535e-17,2.9763077112296754e-30,442982983573827.56,4.51531571430479e-15
493,185,377,-2.857035725667679e-14,-1.4246743326363885e-14,-1.4246743326363926e-14,2.783025399089036e-17,7.970183865992089e-32,927467078652297.9,5.5361794480741065e-17
494,156,185,-0.0,0.0,-0.0,0.0,0.0,280894116868976.28,4.459953919824049e-15
495,155,157,-2.655156095335026e-13,-2.800252386522813e-13,-2.8002523865227925e-13,2.1234621663710794e-17,3.029371116582155e-30,1527012531082286.8,8.196253605650826e-16
496,156,157,4.741146895919002e-13,4.719412994644745e-13,4.719412994644713e-13,1.425025184627086e-17,2.1185817720448287e-29,820465145200375.2,6.188748434208723e-15
497,157,179,5.798225084531056e-13,5.799471982302804e-13,5.79947198230279e-13,5.025717910590933e-18,5.697780288499572e-29,42877412772777.64,4.6750440772544415e-14
498,158,179,-1.5088966729585375e-13,-1.5711909602949234e-13,-1.5711909602949083e-13,1.6042313347241913e-17,3.900501376694744e-30,722913862619575.8,8.092407439321808e-16
499,157,158,0.0,0.0,0.0,0.0,0.0,40310820323836.31,4.7559681516476596e-14
500,158,177,1.4588746844260116e-12,1.4573491101272931e-12,1.4573491101272952e-12,3.024358937345652e-17,4.0035049354527823e-29,34015313221032.48,5.778213240423187e-14
501,159,177,4.906311265083594e-13,4.894709532605839e-13,4.894709532605817e-13,1.1945088623682426e-17,2.2871761484386343e-29,138108895702747.72,1.007913934684322e-14
502,158,159,0.0,0.0,0.0,0.0,0.0,45180287882051.125,4.7702993057388645e-14
503,159,175,1.5547243901269632e-12,1.5549633935602957e-12,1.5549633935602867e-12,3.473164643983499e-18,1.3206086705576324e-28,39603485874540.51,4.519302343154005e-14
504,160,175,5.949120036200211e-13,5.937247444676631e-13,5.937247444676646e-13,3.3013326917136196e-17,4.21158362743939e-29,53646800576400.14,3.301861948000161e-14
505,159,160,0.0,0.0,0.0,0.0,0.0,152323667086349.7,1.2174403951538431e-14
506,176,177,-1.8059966730702808e-12,-1.8093284852241414e-12,-1.8093284852241273e-12,2.6626687682818184e-17,1.1297310756330006e-28,64489858758692.99,2.891905201562502e-14
507,159,176,4.406117764137334e-13,4.4094377949141124e-13,4.409437794914113e-13,1.4681599059118887e-17,2.2326037900369134e-30,44017178400160.78,3.8998191362468234e-14
508,160,174,1.1843925661290118e-13,1.1843274112838332e-13,1.1843274112838247e-13,3.508740963688487e-18,4.622042334007972e-28,15227389040808.057,1.2755760804753337e-13
509,161,174,-4.09224366293614e-16,-4.078182933077787e-16,-4.0781829330777907e-16,3.3950534505354616e-17,9.523776380188208e-30,106920261150582.34,1.9694068769323218e-14
510,160,161,0.0,0.0,0.0,0.0,0.0,13237542466440.041,1.4725167681685659e-13
511,161,173,4.79925033990018e-15,4.799250703536846e-15,4.799250703536816e-15,1.4906095030089536e-17,1.2287974014975618e-24,5083129615.739358,3.934591840362904e-10
512,162,173,-1.0355740525093747e-15,-1.0355740458629912e-15,-1.0355740458629857e-15,2.222008534984601e-17,1.8461136803444255e-23,288841023.25151575,6.924224176274835e-09
513,161,162,0.0,0.0,0.0,0.0,0.0,273310575.9568206,7.317683360311126e-09
514,162,172,2.473264897513351e-15,2.473264897509464e-15,2.473264897509453e-15,4.962344984232064e-18,1.4060479615310442e-20,317583.33165806445,6.297559728147624e-06
515,163,172,-9.241364401427646e-16,-9.241364401433693e-16,-9.241364401433677e-16,2.890607612558061e-17,7.56208662539715e-20,22576.295753597155,8.858849224709332e-05
516,162,163,0.0,0.0,0.0,0.0,0.0,21077.913559096924,9.488605197524095e-05
517,163,171,1.9974714729124404e-15,1.9974714729124396e-15,1.9974714729124427e-15,3.066008699351639e-18,4.088011599135519e-18,386.42722831466364,0.005175630281657543
518,164,171,-8.919528036605506e-16,-8.919528036605482e-16,-8.919528036605478e-16,2.2943815108739006e-17,3.277687872677001e-18,134.9152270996547,0.014824395066269815
519,163,164,0.0,0.0,0.0,0.0,0.0,100.00320657585755,0.020000025347927358
520,164,170,1.7473982947263604e-15,1.7473982947263689e-15,1.747398294726362e-15,3.6652687011304076e-17,1.6035550567445532e-16,24.633873301833816,0.08123366035332996
521,165,170,-7.613622388106267e-16,-7.613622388106294e-16,-7.613622388106259e-16,2.5829528303079363e-17,1.130041863259722e-16,40.11369102619354,0.04986862119998106
522,164,165,0.0,0.0,0.0,0.0,0.0,15.277108763456347,0.13110228155331105
523,165,169,1.6717902777179264e-15,1.6717902777179337e-15,1.6717902777179294e-15,1.4188630281726013e-16,2.0809991079864821e-16,12.471234164522372,0.1607140847255346
524,166,169,-3.5017972543996267e-16,-3.5017972543996434e-16,-3.501797254399624e-16,1.1038955134272719e-17,8.610385004732721e-17,63.77221317492621,0.03136419217437891
525,165,166,0.0,0.0,0.0,0.0,0.0,10.444414982300096,0.19207827689991352
526,166,167,0.0,0.0,0.0,0.0,0.0,10.105994076007155,0.19855208306145447
527,166,168,1.5250947690899943e-15,1.5250947690899943e-15,1.5250947690899941e-15,1.3416573355300347e-17,1.3416573355300347e-17,9.63833465055685,0.20825413839910956
528,167,168,8.924101756516395e-17,8.924101756516491e-17,8.924101756516467e-17,3.886102797132469e-17,1.3400354472870583e-17,206.14350451350475,0.009702055337655075
529,168,169,-0.0,0.0,-0.0,0.0,0.0,8.386505076221143,0.23961833057348847
530,169,256,1.822438744379721e-15,1.8224387443797225e-15,1.8224387443797194e-15,1.0686268482925479e-16,2.1372536965850958e-16,8.101238318728598,0.24814130331810336
531,168,256,7.972340528773986e-17,7.972340528773962e-17,7.972340528773966e-17,1.0541758832773916e-17,1.9765797811451093e-18,234.6613284775779,0.00852297274461489
532,169,170,-0.0,0.0,-0.0,0.0,0.0,9.532527281781896,0.2105827059255157
533,170,171,-0.0,0.0,-0.0,0.0,0.0,20.83674932980076,0.09605805541959979
534,170,255,1.9437285243701253e-15,1.9437285243701336e-15,1.9437285243701257e-15,1.744588637118342e-17,3.4891772742366836e-16,11.63166244789023,0.1723699823982809
535,169,255,-5.008281921024753e-16,-5.008281921024774e-16,-5.008281921024752e-16,3.761376726417789e-18,8.651166470760916e-17,52.34495681414414,0.03821272352723474
536,171,172,-0.0,0.0,-0.0,0.0,0.0,379.9242973294583,0.005264218773904638
537,171,254,2.139962669857811e-15,2.13996266985782e-15,2.139962669857812e-15,9.75543970196364e-18,1.0243211687061822e-16,37.7874327470796,0.05294001047977432
538,170,254,-9.576924684571576e-16,-9.576924684571588e-16,-9.576924684571594e-16,3.995017321794878e-17,1.3316724405982926e-17,46.391478420629284,0.04311804493982546
539,172,173,-0.0,0.0,-0.0,0.0,0.0,317234.52942834,6.304483952323899e-06
540,172,253,2.632082294852493e-15,2.6320822948525228e-15,2.632082294852509e-15,3.3887642144323874e-18,2.8928475001252086e-18,1813.0654355563638,0.001103104258449439
541,171,253,-1.0344440005755164e-15,-1.0344440005755345e-15,-1.0344440005755318e-15,3.093905933568955e-17,5.553164496149406e-18,480.6411547632824,0.004161114515455198
542,173,174,-0.0,0.0,-0.0,0.0,0.0,5082878300.430712,3.934788781050597e-10
543,173,252,4.6177721554140215e-15,4.617772155197583e-15,4.617772155197566e-15,1.5536369643395236e-17,1.2456727000061782e-21,3017078.893708946,6.628928405165457e-07
544,172,252,-1.082953837662132e-15,-1.0829538376576632e-15,-1.0829538376576604e-15,1.1647433797838037e-17,7.19167650920581e-21,354509.91746035084,5.641591111807353e-06
545,174,175,-0.0,0.0,-0.0,0.0,0.0,21419558059329.66,9.453898856753177e-14
546,174,251,5.52436667403738e-14,5.524365601535444e-14,5.524365601535413e-14,2.455596843298072e-17,7.080199085278999e-25,7906069158.44,2.5297137250833583e-10
547,173,251,-8.540945683729547e-16,-8.540946353781643e-16,-8.540946353781639e-16,5.5115290663296066e-18,3.24439685791673e-26,14234176014.922241,1.4050750559672392e-10
548,175,176,-5.5313978814138246e-14,-5.51145391230554e-14,-5.5114539123055487e-14,1.1208434415161592e-17,4.96537231448478e-30,431429087337309.1,6.1948320690718114e-15
549,175,200,5.452520279508058e-13,5.45425769677565e-13,5.45425769677563e-13,5.7310221677962795e-18,6.66144357716804e-29,61488751973375.33,3.598268804219877e-14
550,200,201,2.249158555807845e-12,2.2486726923787636e-12,2.2486726923787568e-12,8.74182083008078e-18,1.2353983189696332e-28,24230899896525.652,8.091777485353664e-14
551,175,201,5.94601335278567e-13,5.945707086642688e-13,5.945707086642674e-13,3.010798662270286e-18,1.2904360310029026e-28,17371806396951.035,1.1690046289573542e-13
552,175,250,1.0654966675240213e-12,1.0652762147838482e-12,1.0652762147838456e-12,1.8491388188542548e-17,2.202103695095106e-28,11419256370060.775,1.7870892418832608e-13
553,174,250,6.293283756812801e-14,6.286114731486113e-14,6.2861147314861e-14,4.799597414200924e-17,8.450163503842615e-29,24601634829849.676,8.416993562079432e-14
554,177,178,1.3380097298895907e-13,1.386046267385139e-13,1.3860462673851393e-13,3.188692504066482e-17,1.6756810453875439e-31,1833616890866368.0,1.8401306894818865e-15
555,176,178,-0.0,0.0,-0.0,0.0,0.0,66637664513015.59,2.707892132614313e-14
556,177,179,-0.0,0.0,-0.0,0.0,0.0,32386507678321.168,5.859137314816405e-14
557,178,179,-6.156114489485563e-13,-6.159719848821538e-13,-6.159719848821517e-13,1.7685649014417308e-17,1.0401647782081282e-28,31678690940056.02,6.043150383764593e-14
558,179,180,-1.9515922680980964e-13,-1.9037473500474365e-13,-1.9037473500474345e-13,2.0413535078303245e-17,8.616339512498234e-31,1.4357515944803932e+16,1.6245074667813135e-15
559,178,180,-0.0,0.0,-0.0,0.0,0.0,31748255943016.363,6.205601130442725e-14
560,178,199,7.236629098885668e-13,7.229036953065537e-13,7.22903695306555e-13,1.677262157850986e-17,2.8999476848915593e-29,57978971020837.55,3.194087786605347e-14
561,176,199,1.5388973624917247e-13,1.5316439559401403e-13,1.5316439559401458e-13,1.151238422066268e-17,8.814472924109579e-30,424687613220924.4,4.861956539910343e-15
562,157,181,-3.570320951715359e-13,-3.5196498385227254e-13,-3.519649838522726e-13,7.090484802289484e-18,7.064735271413003e-32,4855439041001233.0,9.850197525581266e-16
563,179,181,-0.0,0.0,-0.0,0.0,0.0,43306058109245.08,4.773546052510254e-14
564,180,181,-2.618381338524817e-13,-2.6204668447000423e-13,-2.6204668447000307e-13,1.83487681865936e-17,1.021653618224852e-28,43223136749691.77,4.611095305832123e-14
565,181,182,-2.80835712131625e-13,-2.7260537699544205e-13,-2.726053769954415e-13,4.880526500289043e-18,3.2932314036363205e-31,1091481564409962.6,3.2330585438698973e-16
566,180,182,-0.0,0.0,-0.0,0.0,0.0,44647586422043.695,4.643425891270822e-14
567,180,198,1.732911260944817e-13,1.7310125415362265e-13,1.731012541536227e-13,3.466885955934855e-17,9.218476937241106e-30,31824302297781.203,6.321337468452428e-14
568,178,198,3.2480353133590285e-14,3.0781342991155e-14,3.0781342991155e-14,3.1940973495423583e-17,0.0,1.0071296076129856e+16,1.1573633800970379e-15
569,157,184,-0.0,0.0,-0.0,0.0,0.0,603773968134121.5,7.032894084640839e-15
570,181,184,-3.943782107211313e-13,-3.9060945493085905e-13,-3.9060945493086213e-13,2.9176151678012153e-17,2.384186661435221e-29,544564653125506.7,6.047874332082712e-15
571,181,183,-0.0,0.0,-0.0,0.0,0.0,387695985360130.2,6.1194150205770806e-15
572,182,183,-1.910486276180898e-13,-1.9180808324855534e-13,-1.9180808324855534e-13,1.1474719069456178e-17,0.0,302953236188235.06,5.796109166190091e-15
573,182,197,9.498782795901313e-14,9.505780312712289e-14,9.505780312712317e-14,1.6848197456614662e-17,6.685787828584653e-29,42577637941975.2,4.57748850094737e-14
574,180,197,-1.1523608007699464e-13,-1.140666668294853e-13,-1.1406666682948527e-13,3.379955770326263e-18,7.296144384928922e-32,990404528999480.6,6.593739032345157e-16
575,183,184,0.0,3.714498313785753e-14,3.714498313785765e-14,3.5770344247183973e-17,1.154694177085119e-31,1512444935005972.0,7.154068849436795e-17
576,184,186,-3.799274290264087e-13,-3.8951209375085234e-13,-3.895120937508514e-13,2.660787012213125e-17,2.6629756473103987e-30,540605125987552.94,2.162639487032182e-15
577,183,186,-1.868155815573615e-13,-1.8519268057809586e-13,-1.8519268057809415e-13,9.162474125052465e-18,9.691255947790751e-30,849527308325442.0,2.0910987985378138e-15
578,156,184,-2.461609323817938e-13,-2.3395713717808215e-13,-2.339571371780806e-13,2.2016384634031106e-17,2.823535122247353e-30,1558214998062323.0,8.441456504321156e-16
579,184,185,-2.5389492241196563e-13,-2.584039815794315e-13,-2.584039815794311e-13,3.1547295295617356e-17,2.8258336437709446e-30,354770417839059.0,3.615808269391933e-15
580,185,186,2.9083810123940904e-13,2.9282879348606954e-13,2.928287934860689e-13,4.9394251734833315e-18,1.628531058769118e-30,983773522007675.8,1.453168782359751e-15
581,185,188,-1.0677145688777322e-13,-8.413490358343213e-14,-8.413490358343141e-14,3.530665883352895e-17,1.1221259144727339e-30,2649882072868972.0,2.6245358972050786e-16
582,187,188,-1.692706154041733e-13,-1.665472159001341e-13,-1.665472159001344e-13,7.14496329423124e-18,7.947312783969085e-31,6760333636367796.0,8.738884931117132e-16
583,185,187,1.0875096214018877e-13,1.1978518289572312e-13,1.197851828957223e-13,2.816169553929786e-17,2.061662259162006e-30,1863959003350509.2,6.114349033912053e-16
584,371,377,2.841272964318985e-13,2.88591497766217e-13,2.8859149776621773e-13,2.2676937137735754e-17,3.590451515358141e-30,458972121132827.8,2.931933738301034e-15
585,185,371,-5.294732515846749e-13,-5.276527675583515e-13,-5.276527675583486e-13,5.153316853155392e-18,8.003287311371951e-30,825265793579308.4,2.9872955327817747e-15
586,186,187,-3.399606618093697e-13,-3.221834714900133e-13,-3.2218347149001097e-13,2.3222270365815207e-17,3.03375003523628e-30,1630972295346937.8,8.417338789685457e-16
587,188,189,0.0,-1.935025544621565e-14,-1.935025544621568e-14,1.4728702541716315e-17,2.4018075941341956e-32,923840465608601.9,2.945740508343263e-17
588,187,189,-0.0,0.0,-0.0,0.0,0.0,1136958683527784.0,9.033458981951457e-16
589,185,376,-0.0,0.0,-0.0,0.0,0.0,592853368645797.4,3.0193565339839216e-15
590,188,376,-2.3147712860084524e-13,-2.395014196902553e-13,-2.395014196902537e-13,4.6183842581449794e-17,9.298518839477135e-30,487496026810257.4,2.756902944263414e-15
591,189,193,8.547279593888319e-14,8.56380098663868e-14,8.563800986638675e-14,8.583985315485451e-19,2.6231475386894e-31,764634872121276.9,8.8989521676327e-16
592,187,193,0.0,-5.3548642107500076e-15,-5.354864210749972e-15,6.72534071593787e-18,4.458397394092178e-32,4476508461092761.5,1.3450681431875742e-17
593,188,190,-0.0,0.0,-0.0,0.0,0.0,509212561030341.44,2.788625394332652e-15
594,190,376,1.0637831429486092e-13,3.0395521339576354e-14,3.0395521339576063e-14,3.964992619664161e-17,1.5148700603648038e-31,1.46840592698422e+16,3.1722450069238e-17
595,189,190,-1.2167106922757108e-13,-1.2095260573208446e-13,-1.2095260573208416e-13,8.194786156912701e-18,3.45513146195157e-30,342614621690866.44,2.759167989249219e-15
596,190,375,-1.1954399790530661e-13,-1.2170077453399537e-13,-1.2170077453399456e-13,2.5037884733866398e-17,9.377624900481499e-30,762395294584380.5,2.825633331030767e-15
597,375,378,0.0,-1.6231977481927482e-14,-1.623197748192738e-14,2.627703651717482e-18,1.6346145348449276e-32,1123975790335976.8,5.255407303434964e-18
598,190,378,-0.0,0.0,-0.0,0.0,0.0,412973003117211.4,2.8308887383342022e-15
599,189,191,-0.0,0.0,-0.0,0.0,0.0,300473707385115.44,2.7693932976830583e-15
600,190,191,0.0,-1.9703234583227683e-14,-1.9703234583227566e-14,5.112654216919612e-18,3.0295005952323316e-32,2969021277396436.0,1.0225308433839224e-17
601,191,192,8.128378940490088e-14,8.055833594522211e-14,8.055833594522249e-14,1.2385851166106089e-17,6.464842842208217e-30,481779686010291.56,2.7507858592308226e-15
602,189,192,0.0,-2.4587320987010934e-14,-2.4587320987010874e-14,9.303719226118029e-18,2.2686077448744005e-32,824350907584670.1,1.8607438452236058e-17
603,191,378,-7.987279263279845e-14,-8.117081351268305e-14,-8.117081351268296e-14,2.2552934168666678e-17,1.535111163473685e-30,494053849110163.6,2.820663429900363e-15
604,352,378,0.0,3.583721139379142e-15,3.583721139379133e-15,5.793378819117496e-19,1.5303099371160437e-33,830690987949767.4,1.1586757638234994e-18
605,191,352,-0.0,0.0,-0.0,0.0,0.0,1094937933043830.8,2.8218221056641864e-15
606,192,346,5.702073978531919e-14,5.985779901731009e-14,5.985779901730966e-14,2.2095598853610845e-17,3.3422328764182746e-30,1.3813033837265516e+16,9.323696174073945e-16
607,193,346,0.0,1.9100003933210436e-14,1.9100003933210408e-14,1.193348109594419e-17,1.7743391172971012e-32,1.7976931348623157e+308,2.3866962191888376e-17
608,192,193,0.0,0.0,0.0,0.0,0.0,6896112887696316.0,9.085026552155061e-16
609,186,193,-0.0,0.0,-0.0,0.0,0.0,1196432881542586.5,8.5518456040042135e-16
610,193,194,9.432459112716591e-14,8.865738311883968e-14,8.865738311883918e-14,3.0016977899920136e-17,2.6741035456854084e-30,4423562861996110.5,9.39166766362855e-16
611,186,194,6.485149316108961e-14,4.9056552916154325e-14,4.9056552916154275e-14,1.3520048250044066e-17,4.3215611422981463e-32,859661427116124.8,8.398220596243365e-17
612,183,194,-0.0,0.0,-0.0,0.0,0.0,444052182687674.06,2.0071165925753804e-15
613,194,195,8.95853852494664e-14,9.211907489098441e-14,9.211907489098414e-14,2.825979385466509e-17,2.956346160926766e-30,263739567948939.6,2.0549210320347244e-15
614,183,195,0.0,5.145420487723639e-14,5.145420487723655e-14,2.390221972967196e-17,7.329051819079718e-32,800551099388040.6,4.7804439459343927e-17
615,182,195,-0.0,0.0,-0.0,0.0,0.0,513431035961726.06,5.7483047267307465e-15
616,182,196,0.0,2.0515447567466388e-14,2.0515447567466483e-14,5.733762304171165e-18,2.645698607383094e-32,1966774035706713.2,1.1467524608342329e-17
617,195,196,9.757028759879266e-14,9.734403022595946e-14,9.734403022595875e-14,6.6937383560377664e-18,2.0910982372489227e-29,705554759657293.2,5.759772251339089e-15
618,196,208,4.134633777345869e-14,4.1384634100112496e-14,4.13846341001125e-14,2.1080657947822917e-17,3.4739012045102604e-30,44157425667078.414,4.5561305325531015e-14
619,197,208,-6.292036340353232e-14,-5.727214366627694e-14,-5.727214366627694e-14,9.966222795356312e-18,0.0,736150798090871.5,2.021121593343431e-16
620,196,197,0.0,0.0,0.0,0.0,0.0,41687637269882.734,4.5763417484865355e-14
621,197,206,4.7733626009585486e-14,4.7710497526985986e-14,4.7710497526985734e-14,1.5627124824864236e-17,1.7056202845544208e-28,32948092473486.184,6.447270348108108e-14
622,198,206,1.5987750245027916e-14,1.7279283134946478e-14,1.7279283134946307e-14,2.242169050480142e-17,2.9581287201855628e-30,1.7976931348623157e+308,5.999548933222782e-16
623,197,198,0.0,0.0,0.0,0.0,0.0,33170891463993.027,6.38727485877588e-14
624,198,204,1.8680927728243668e-13,1.871392444251668e-13,1.87139244425166e-13,3.59847553377621e-17,8.809438912475824e-29,49029099756443.58,4.081715451442666e-14
625,199,204,6.857992083726037e-14,6.886566668732925e-14,6.886566668732925e-14,2.0816403420863884e-17,0.0,311278636963084.1,1.0033640028470222e-14
626,198,199,0.0,0.0,0.0,0.0,0.0,57900222046473.914,3.078351448595643e-14
627,199,202,7.250739047260696e-13,7.258267761054237e-13,7.258267761054199e-13,2.7724506404709357e-17,1.4129833201271462e-28,40560294966008.28,5.3457176497291734e-14
628,200,202,3.3633078262245216e-13,3.37237075592825e-13,3.372370755928221e-13,2.1689534431361096e-17,7.007934268213442e-29,122499374002106.42,1.6141612925931497e-14
629,199,200,0.0,0.0,0.0,0.0,0.0,60471257556551.42,3.731556357136023e-14
630,203,204,-2.3353016107721603e-13,-2.3348678088400253e-13,-2.334867808840027e-13,3.3203556853031634e-18,1.159297206231537e-29,51549308852522.01,3.5742540681567723e-14
631,199,203,8.367675472304267e-14,8.374076759806126e-14,8.374076759806119e-14,1.749604773556163e-17,2.0698758067739835e-29,44094797325822.3,4.5776180710037944e-14
632,176,200,2.0379749545655605e-12,2.0374457660138252e-12,2.0374457660138074e-12,5.4774122473662095e-18,1.839450305002258e-28,53455049667836.08,4.2177520111270574e-14
633,201,202,-0.0,0.0,-0.0,0.0,0.0,30351676071607.188,6.477616192760515e-14
634,202,203,-1.3165469496202049e-14,-1.3200626934311403e-14,-1.3200626934311378e-14,1.0228458669129127e-17,7.344181236098704e-30,456691263802812.25,7.680995787253785e-15
635,202,223,1.2495685754450079e-13,1.2489307606260593e-13,1.2489307606260634e-13,1.2608829021182595e-17,7.984551838175296e-29,41202707424653.266,4.937970693779109e-14
636,223,224,3.447693190393347e-13,3.44584546779654e-13,3.44584546779652e-13,3.007734855538055e-17,3.2051458235226353e-28,17649953536548.0,1.1218339309253343e-13
637,202,224,1.3605750849670138e-13,1.359856516472973e-13,1.359856516472971e-13,4.2686177576587745e-17,1.1996636343562572e-28,12377052850921.69,1.615631000303245e-13
638,202,248,8.14211160473948e-13,8.14126234392716e-13,8.141262343927104e-13,7.17969430071615e-18,4.695025561248941e-28,14537777302052.87,1.3765329566496293e-13
639,201,248,6.227072118730521e-13,6.231048186735365e-13,6.231048186735329e-13,2.3251660960678824e-17,2.0667056444798934e-28,27764532077024.656,7.287713373735779e-14
640,204,205,2.2072994686277113e-14,2.1972857137630486e-14,2.1972857137630593e-14,7.806882177131414e-18,8.364115304644841e-30,334822513756656.94,3.426077611984468e-15
641,203,205,-0.0,0.0,-0.0,0.0,0.0,61142035187317.31,3.2316463069583257e-14
642,204,206,-0.0,0.0,-0.0,0.0,0.0,49029610978391.69,4.021719962110438e-14
643,205,206,-5.572828685120758e-14,-5.574299091826453e-14,-5.574299091826433e-14,5.75618265579554e-18,7.658596807602511e-29,42843077118205.86,4.364327723308885e-14
644,206,207,5.0401658628421104e-15,5.1538565130978216e-15,5.153856513097799e-15,1.2521609509822512e-18,2.5196129807094978e-31,1574115403179305.8,1.135266243644995e-16
645,205,207,-0.0,0.0,-0.0,0.0,0.0,43894784806406.984,4.3529750608724346e-14
646,205,222,7.001314477678676e-14,6.991259827242637e-14,6.991259827242635e-14,3.0851663811072595e-17,7.745724141127821e-30,47786596233266.305,4.2903927725381734e-14
647,203,222,3.392702506706313e-14,3.3702047809934676e-14,3.3702047809934455e-14,3.53381903028781e-17,3.469478115768793e-29,211442304627748.7,1.0587464655798479e-14
648,206,208,-0.0,0.0,-0.0,0.0,0.0,31704341578842.926,6.467481564041542e-14
649,207,208,-1.7330137427864174e-14,-1.7317125229587335e-14,-1.7317125229587363e-14,2.4341186669217403e-17,5.312439643907661e-29,31085075791651.094,6.478834226477992e-14
650,208,209,5.4605633023997456e-14,1.5145208838556787e-14,1.514520883855668e-14,4.011479133746462e-17,1.0906417788003404e-31,3390629153178956.0,3.0792719787598487e-17
651,207,209,-0.0,0.0,-0.0,0.0,0.0,31635057484598.195,6.475754954499232e-14
652,207,221,2.1548668113222795e-14,2.1522471002773622e-14,2.152247100277361e-14,2.6994369254305222e-17,1.3005893978804397e-29,44283709054088.984,4.435493224650641e-14
653,205,221,7.992322640198178e-15,7.425442613373414e-15,7.425442613373373e-15,3.149839095912965e-17,2.2792973777864035e-30,5127198182111449.0,8.251816377820604e-16
654,196,210,0.0,-2.1025013255875395e-13,-2.102501325587542e-13,2.9018644101395926e-17,3.484105120014268e-32,1503853200418009.0,5.803728820279184e-17
655,208,210,-0.0,0.0,-0.0,0.0,0.0,42706213096065.65,4.561934261373381e-14
656,209,210,-2.5399367360448166e-14,-2.541048282532512e-14,-2.541048282532494e-14,9.98451071173826e-18,1.6156022046665417e-28,41941650420817.234,4.5650135333521405e-14
657,210,211,-3.918675685759429e-13,-1.2057630027634147e-13,-1.2057630027634132e-13,3.843056131699596e-17,2.1455694372727953e-32,5961946264592568.0,3.4161179828530864e-17
658,209,211,-0.0,0.0,-0.0,0.0,0.0,42154111010524.625,4.568429651334994e-14
659,209,220,9.558086431875401e-15,9.566836223330592e-15,9.566836223330593e-15,2.967698860028883e-17,5.3512169315911345e-30,32114217148725.06,6.489637861531899e-14
660,207,220,8.646391610121727e-15,1.0811976353297506e-14,1.081197635329745e-14,1.390338393207023e-17,3.545225024416768e-31,1732744489239885.2,1.3882907032667553e-16
661,196,213,-0.0,0.0,-0.0,0.0,0.0,541831403485502.56,5.747590589249964e-15
662,210,213,-6.492470104433514e-14,-6.398446683390053e-14,-6.398446683390014e-14,4.1803213501996796e-17,1.7396253568801278e-29,740317947649440.5,5.689553301047172e-15
663,210,212,-0.0,0.0,-0.0,0.0,0.0,1079576776758963.8,5.684930184578723e-15
664,211,212,-3.6824250744172017e-14,-3.675031513504544e-14,-3.6750315135045264e-14,5.6842104192240126e-18,1.3585165798469477e-29,941381309915819.2,5.650769004750192e-15
665,211,219,1.35495029746092e-14,1.3558624152056438e-14,1.3558624152056391e-14,1.5321159400981817e-17,7.950462806410544e-29,41607226393753.086,4.554978632843725e-14
666,209,219,-9.542806679255616e-14,-5.780841608135052e-14,-5.78084160813503e-14,4.37672100061859e-17,2.4963383094943623e-31,9101698091728044.0,1.3451018491268356e-16
667,212,213,0.0,-9.87335061036599e-15,-9.873350610365977e-15,2.3115582342248134e-18,2.955021845098363e-33,2261537698349021.0,4.6231164684496276e-18
668,195,213,0.0,2.6415623390522103e-14,2.6415623390522005e-14,6.090831044562442e-18,2.2554739069403644e-32,2271854363712436.0,1.2181662089124886e-17
669,194,214,0.0,3.3315591198910155e-15,3.331559119890995e-15,1.4188336652101232e-18,8.734896065071312e-33,1.3018438167531544e+16,2.837667330420246e-18
670,194,346,-0.0,0.0,-0.0,0.0,0.0,6645226977335651.0,9.152998041709667e-16
671,214,346,-6.281571750165691e-14,-5.771959803300313e-14,-5.771959803300261e-14,4.053162533065414e-17,4.1158419731673566e-30,1.330748993193634e+16,9.18137471501387e-16
672,195,214,-0.0,0.0,-0.0,0.0,0.0,276070573553352.62,2.052083364704304e-15
673,213,214,-5.965065297245294e-14,-6.161662718272934e-14,-6.16166271827296e-14,3.293179123401786e-17,4.228515716248141e-30,320273093368588.56,2.0642650267934287e-15
674,212,215,-3.6783331104560126e-14,-3.6968786018917203e-14,-3.69687860189169e-14,5.3176668419544145e-18,8.685892230855293e-30,462535433550002.0,2.120059080471827e-15
675,213,215,-0.0,0.0,-0.0,0.0,0.0,526305567967159.6,2.1154359640033774e-15
676,214,215,-1.2862528635163388e-13,-5.928427266884526e-14,-5.928427266884467e-14,2.992568262628674e-17,2.5601897453981257e-31,1080283746933676.4,5.117093720994843e-17
677,212,216,-0.0,0.0,-0.0,0.0,0.0,398352692872488.75,2.1144933191259054e-15
678,215,216,0.0,3.129295404659674e-14,3.1292954046596786e-14,2.7828806729608445e-18,3.928587974066035e-33,6404833925888531.0,5.565761345921688e-18
679,216,217,2.983355961504442e-14,2.991071660943062e-14,2.991071660943057e-14,2.727746844309919e-18,1.784880595257352e-30,791014370466510.6,2.114879240476541e-15
680,212,217,0.0,3.986572519270193e-15,3.986572519270166e-15,1.9296067531786682e-19,1.2982205885119659e-33,858216440439382.5,3.8592135063573374e-19
681,211,217,-0.0,0.0,-0.0,0.0,0.0,418509979478778.5,5.650383083399556e-15
682,211,218,0.0,-6.90439797218998e-14,-6.904397972189975e-14,2.0415761958472257e-18,1.4928637913822953e-33,3900981293821236.0,4.0831523916944514e-18
683,217,218,2.9791479159021885e-14,2.9708149781038086e-14,2.9708149781037796e-14,7.918747290395145e-18,2.758713472867857e-29,508482789428289.7,5.6462999310078616e-15
684,218,233,1.090120316581096e-14,1.090039790078195e-14,1.0900397900781896e-14,1.6853358589240205e-18,1.1226825403255835e-28,39792901540814.08,4.562679564038008e-14
685,219,233,2.1673994113158106e-13,1.4236789525599898e-13,1.423678952559988e-13,1.9048071455697144e-17,4.5257414019134506e-32,1539921127594581.0,7.292615955113364e-17
686,218,219,0.0,0.0,0.0,0.0,0.0,41176611676048.44,4.5553869480828944e-14
687,219,231,4.674317025369143e-15,4.671125303498555e-15,4.671125303498529e-15,2.2211849673203657e-17,1.7567505490914177e-28,32757410539173.492,6.501464554369709e-14
688,220,231,0.0,-1.0759970184867298e-15,-1.0759970184867282e-15,8.12162826729407e-18,1.1908648289410074e-32,6229912592701012.0,1.624325653458814e-17
689,219,220,0.0,0.0,0.0,0.0,0.0,32387494326877.547,6.503088880023168e-14
690,220,229,1.2134946519735812e-14,1.2127117086788886e-14,1.2127117086788865e-14,1.436207033151292e-17,3.762361500031228e-29,42987566989601.44,4.449121914681454e-14
691,221,229,3.1564699252721663e-15,3.910904692162401e-15,3.910904692162392e-15,2.6535682854865275e-17,3.052120619018585e-31,6760276788890539.0,2.751159706348106e-16
692,220,221,0.0,0.0,0.0,0.0,0.0,43403117848523.14,4.4216103176179734e-14
693,221,227,2.58367911389189e-14,2.587149025679365e-14,2.5871490256793606e-14,2.989540673997331e-17,3.8060500317274486e-29,46314175618925.41,4.4579734100959455e-14
694,222,227,7.653359779059255e-15,7.836656830858813e-15,7.836656830858829e-15,2.924867959189946e-17,2.5175680277296038e-30,1681981210654910.2,2.500988013359784e-15
695,221,222,0.0,0.0,0.0,0.0,0.0,47318379510726.945,4.207874608759967e-14
696,222,225,6.224272826030612e-14,6.228400343501715e-14,6.228400343501738e-14,2.2859784602003414e-17,1.2582766430738708e-28,28955735261849.54,6.899056939844656e-14
697,223,225,5.113471444496061e-14,5.1088892190828044e-14,5.108889219082812e-14,1.009803534884018e-17,1.6689068747858974e-29,77778001593567.69,2.2517331329200162e-14
698,222,223,0.0,0.0,0.0,0.0,0.0,46293909233701.64,4.6473238069246394e-14
699,226,227,-2.98272184831831e-14,-2.979578762433045e-14,-2.9795787624330305e-14,1.754870129868051e-17,8.104141029187325e-29,60757735802487.89,3.3271593336166666e-14
700,222,226,3.4099245822114035e-14,3.4121565798146694e-14,3.4121565798146454e-14,1.1699978293237826e-17,1.257087040790468e-28,59493414292694.195,3.577258134952645e-14
701,203,223,2.698194468927084e-13,2.697969369480685e-13,2.697969369480665e-13,2.3803703520478455e-18,2.1355537384955523e-28,38034285946877.85,5.706070272504487e-14
702,224,225,-0.0,0.0,-0.0,0.0,0.0,22852622264084.11,8.966606176333326e-14
703,225,226,-2.7709054986181977e-14,-2.7727685590788827e-14,-2.7727685590788616e-14,1.1159806308772218e-17,1.2663826026287688e-28,56822755180631.32,3.321798804892011e-14
704,225,237,1.3219691554676777e-14,1.3171736358352739e-14,1.3171736358352701e-14,1.5706853315598575e-17,1.24020987666733e-29,217832790602016.03,8.628325885447913e-15
705,237,238,3.8514390439591726e-14,3.854684232806211e-14,3.854684232806216e-14,2.516398721146231e-17,3.914892928083539e-29,33473692153146.793,5.978032669927837e-14
706,225,238,4.7075896984438753e-14,4.7088916571061254e-14,4.708891657106114e-14,9.457133895866304e-18,8.251354922443265e-29,29095755349745.227,6.840865258472628e-14
707,225,246,8.056534979084278e-14,8.059910896327684e-14,8.059910896327703e-14,2.7563989725078398e-17,1.5458308235518014e-28,15321020594317.785,1.3161655639758333e-13
708,224,246,6.232875259521244e-14,6.247035029575197e-14,6.247035029575205e-14,4.754330293160946e-17,2.966549540443452e-29,46783920083273.125,4.195049463425007e-14
709,227,228,3.7438248335463984e-15,3.4648095928512708e-15,3.4648095928512577e-15,2.895947470162569e-17,1.3509744364515655e-30,1346444688804406.8,7.1923716783456335e-16
710,226,228,-0.0,0.0,-0.0,0.0,0.0,63720133687988.47,3.25523561683321e-14
711,227,229,-0.0,0.0,-0.0,0.0,0.0,46356547635233.99,4.430461813032465e-14
712,228,229,-1.4133579917819575e-14,-1.4117525977313024e-14,-1.411752597731307e-14,2.5599750816528354e-17,7.295961203255836e-29,44452069042842.79,4.502385529815921e-14
713,229,230,1.2650964266714275e-15,7.668453397648211e-16,7.668453397648184e-16,2.18627535840799e-17,1.2115046434746366e-31,3411304917536761.5,6.729679529438017e-17
714,228,230,-0.0,0.0,-0.0,0.0,0.0,45446202064973.94,4.495655850286483e-14
715,228,236,1.6160556916279238e-14,1.6180733655169294e-14,1.618073365516927e-14,2.1138527153033977e-17,2.6446862805121207e-29,60188345045701.055,3.390407930538289e-14
716,226,236,3.668612243901982e-15,3.722186099066961e-15,3.722186099066978e-15,9.727753750099263e-18,3.0080108424934055e-30,1102488967916921.5,1.3517231370507836e-15
717,229,231,-0.0,0.0,-0.0,0.0,0.0,42564467776252.33,4.450746240334913e-14
718,230,231,-5.84361754136947e-15,-5.836258331238668e-15,-5.836258331238647e-15,2.8103195648302705e-17,8.133710317340158e-29,42150684026940.23,4.457475919864351e-14
719,231,232,0.0,4.0791038057267985e-15,4.0791038057267946e-15,6.9385016408327294e-18,6.709209848472512e-33,1215445572070298.8,1.3877003281665459e-17
720,230,232,-0.0,0.0,-0.0,0.0,0.0,43952861848113.414,4.4560882195361845e-14
721,230,235,6.592089317372358e-15,6.598024766758415e-15,6.598024766758351e-15,2.0442502758245128e-17,2.200725681835724e-28,46692246162866.64,4.544900671269636e-14
722,228,235,1.6746280384009852e-15,1.8569863021947176e-15,1.8569863021947042e-15,2.4179499990675575e-17,1.778161578815036e-30,1864869924184832.5,4.92448209831531e-16
723,231,233,-0.0,0.0,-0.0,0.0,0.0,33417737875642.754,6.494171938414595e-14
724,232,234,4.5626504858354794e-15,4.55911685768121e-15,4.559116857681179e-15,1.7282633970300305e-17,1.5047145699558418e-28,46722313699988.734,4.459640032199943e-14
725,230,234,0.0,1.735958174591111e-15,1.7359581745911035e-15,1.775906331879518e-17,7.666635879864899e-32,724799202881977.4,3.551812663759035e-17
726,232,233,-3.698103171337869e-15,-3.698533032352031e-15,-3.698533032352029e-15,3.774723423347288e-18,1.3854393111306324e-29,32429274008134.65,6.495559638742762e-14
727,234,241,5.146126184351603e-15,5.152975898519261e-15,5.152975898519243e-15,3.022007656257978e-17,8.004816500365094e-29,42961028114887.09,4.5468561860305054e-14
728,235,241,0.0,8.78807539924317e-16,8.788075399243159e-16,2.7536637123140532e-17,3.398758125489474e-32,2196879250134508.0,5.5073274246281063e-17
729,234,235,0.0,0.0,0.0,0.0,0.0,43775180465946.59,4.541348858605877e-14
730,235,240,7.488092706862341e-15,7.499423933521705e-15,7.499423933521616e-15,2.595639818508162e-17,2.023885585415975e-28,58553525271773.375,3.4357804257297204e-14
731,236,240,1.902875458561429e-15,2.027126137159479e-15,2.0271261371594572e-15,2.8997371022727794e-17,5.062825787621034e-30,1.072992987170076e+16,9.46173161745847e-16
732,235,236,0.0,0.0,0.0,0.0,0.0,59037482088409.59,3.3411631095551354e-14
733,236,239,1.801293880733712e-14,1.8029064789951882e-14,1.8029064789951945e-14,1.9381458462220725e-17,7.584914473592827e-29,45322426864176.46,4.3337460877319354e-14
734,237,239,6.704679974911273e-15,6.8672811404154114e-15,6.867281140415384e-15,3.365625921914342e-17,5.714926741809446e-30,925000420433831.1,2.84287008000212e-15
735,236,237,0.0,0.0,0.0,0.0,0.0,47387564490281.414,4.0494590797317235e-14
736,226,237,3.220291514528371e-14,3.2195918287490797e-14,3.219591828749065e-14,4.5470470068273345e-18,9.432887464804464e-29,45440004795427.984,4.184631393436802e-14
737,238,239,-0.0,0.0,-0.0,0.0,0.0,34765894070235.508,5.693745661927626e-14
738,239,240,-0.0,0.0,-0.0,0.0,0.0,45285967899422.94,4.239128771557351e-14
739,239,244,2.1489245856347462e-14,2.147820243212933e-14,2.1478202432129206e-14,1.543334554548663e-17,1.7198135113980256e-28,33842043466842.227,6.003219894115235e-14
740,238,244,6.299687266800296e-15,6.2715548287907116e-15,6.271554828790693e-15,6.941073537793075e-18,4.671226761670583e-30,1614180525896609.0,3.0947423218760977e-15
741,240,241,-0.0,0.0,-0.0,0.0,0.0,60347372345716.97,3.430273098305092e-14
742,240,243,8.597742250210609e-15,8.592918274165056e-15,8.592918274165072e-15,1.2364924306255618e-17,4.0440521632547194e-29,43484404523132.984,4.405112422902038e-14
743,239,243,3.2825192181753202e-15,3.2716821356718866e-15,3.2716821356718878e-15,2.7490117457176757e-18,3.0016213683477677e-31,929911823757695.4,1.6598365134468707e-15
744,241,242,5.864211718147568e-15,5.8641048438402205e-15,5.864104843840194e-15,3.1362133541667123e-19,7.870668793535915e-29,59981451324528.15,3.4416286520718734e-14
745,240,242,1.0027044457708836e-15,1.0255835083210462e-15,1.0255835083210383e-15,1.2666176026326563e-18,4.3672467190965e-31,1.7976931348623157e+308,1.1355553766781426e-16
746,242,298,6.873904115082473e-15,6.869395272970186e-15,6.86939527297021e-15,1.44918845023459e-17,7.606441415936053e-29,43561082043826.55,4.415789261109077e-14
747,243,298,1.9127730524151138e-15,1.897950443875252e-15,1.89795044387525e-15,8.6034259345037e-19,1.1446882565308668e-31,1.6029192362168872e+16,2.2032391973820705e-16
748,242,243,0.0,0.0,0.0,0.0,0.0,43304868020232.06,4.393756869135256e-14
749,243,296,1.0445651494479193e-14,1.0434147451180845e-14,1.043414745118076e-14,3.319670959660736e-17,2.4584915546354514e-28,33941520390689.996,6.021871681797532e-14
750,244,296,3.13863759469528e-15,3.0704150395080675e-15,3.0704150395080683e-15,2.051237579684281e-17,2.371856535558812e-31,910224679234621.1,1.8463543902698406e-15
751,243,244,0.0,0.0,0.0,0.0,0.0,35172768349515.816,5.837236242770548e-14
752,244,294,2.4633796587606442e-14,2.4637766016622657e-14,2.4637766016622572e-14,6.932320382091592e-18,1.4879035323346271e-28,22917362900322.906,8.60561490492521e-14
753,245,294,1.4773180461426038e-14,1.4787033141895646e-14,1.478703314189556e-14,2.9669819456332214e-18,1.8247579983098345e-29,285867530394969.25,6.334205204257726e-15
754,244,245,0.0,0.0,0.0,0.0,0.0,24868346908013.887,7.972194384499438e-14
755,238,245,4.29507469719726e-14,4.294766061662254e-14,4.294766061662245e-14,2.9757351013192888e-18,8.518571965095836e-29,24554709295250.89,8.281668616687047e-14
756,245,246,-2.9481918905573355e-14,-2.941865933653748e-14,-2.941865933653738e-14,2.1082590930554453e-17,3.365178894630515e-29,100711439184287.5,1.9608782354013432e-14
757,238,246,3.6423499319412045e-14,3.644437940192722e-14,3.6444379401927365e-14,1.8106855829229043e-17,1.258719874894958e-28,32227949430339.598,6.320790381285704e-14
758,245,278,5.763499248359165e-14,5.762988159951766e-14,5.762988159951753e-14,1.642654509524636e-17,4.056678741466222e-28,5397333134771.606,3.704485702274714e-13
759,277,278,7.343803639320448e-14,7.346989397520807e-14,7.346989397520781e-14,1.0667820855682329e-17,8.453047632872856e-29,40667314960037.64,4.9204215632646503e-14
760,245,277,0.0,0.0,0.0,0.0,0.0,6219644669693.082,3.2124435459482487e-13
761,246,277,1.5031349622801604e-13,1.5027101693404124e-13,1.5027101693404117e-13,4.8176956881381904e-17,8.588824740160925e-29,5854393529745.586,3.408531369488383e-13
762,247,277,1.5408696031959105e-13,1.5405967496653255e-13,1.5405967496653303e-13,1.1746590506099446e-17,2.0648393327071925e-28,15235548274249.887,1.326481582617917e-13
763,246,247,0.0,0.0,0.0,0.0,0.0,9525359129428.463,2.0820497868704662e-13
764,224,247,4.3453881562140083e-13,4.345774270602144e-13,4.345774270602122e-13,1.1112936556336331e-17,6.3936069401245e-28,7907351828568.291,2.501554733212967e-13
765,247,248,-3.4939265094037976e-13,-3.4933046568942906e-13,-3.493304656894261e-13,2.439354671943387e-17,1.168476486539504e-27,7227969489794.833,2.7406527768665826e-13
766,224,248,-1.712064397082661e-14,-1.7069945627195832e-14,-1.7069945627195778e-14,3.55064832757813e-17,3.7568446386791996e-29,83321453425071.36,2.3909804365361588e-14
767,247,276,6.300021373570802e-13,6.30013853388255e-13,6.300138533882555e-13,3.0476459003595806e-17,1.3133013623553822e-27,610751783399.6367,3.2776613662239647e-12
768,275,276,1.1176496400563346e-12,1.1176798100110342e-12,1.1176798100110255e-12,3.5465882436234125e-17,1.0208101195207356e-26,761492189701.0426,2.6277467864546167e-12
769,247,275,0.0,0.0,0.0,0.0,0.0,3086189065751.841,6.499145797693481e-13
770,248,275,1.0710826124131048e-12,1.071014494939147e-12,1.0710144949391506e-12,2.938297015211171e-17,1.5680144608944055e-27,2162179067529.5037,9.239798574560063e-13
771,249,275,1.3309621238496826e-12,1.3309809670407304e-12,1.330980967040732e-12,4.782220221358725e-18,4.100204387249911e-28,2966587035851.1924,6.75580274925514e-13
772,248,249,0.0,0.0,0.0,0.0,0.0,7970787719399.043,2.483995825304924e-13
773,201,249,2.1258636017745747e-12,2.12571918359761e-12,2.1257191835976013e-12,1.0913529412874977e-17,6.714851925754832e-28,6196097465032.672,3.212767162678502e-13
774,249,250,-6.486440701753922e-13,-6.486669053445823e-13,-6.486669053445773e-13,4.567060113373929e-18,9.89552812851094e-28,7615609122927.873,2.594682549752595e-13
775,201,250,9.552917686462502e-14,9.548134821695283e-14,9.548134821695295e-14,1.5480589526232807e-17,4.085261017873545e-29,33164752587311.74,6.180846129259068e-14
776,249,263,1.4426579157957923e-12,1.4426579794892932e-12,1.4426579794892876e-12,2.9535885464975026e-17,2.6221247127135035e-24,1494797245.7488716,1.337975901199021e-09
777,262,263,3.9737026859224923e-13,3.9737025125348155e-13,3.9737025125347993e-13,1.7739849322743874e-17,1.6529588591322564e-24,2459645675.1533623,8.131244219337809e-10
778,249,262,0.0,0.0,0.0,0.0,0.0,3810615736.66687,5.2485147926524e-10
779,250,262,5.749951264895316e-13,5.749952400250057e-13,5.749952400250069e-13,5.1842795262100827e-17,5.532844654350529e-25,3808695398.5819416,5.251109475202154e-10
780,251,262,3.095400969196452e-14,3.095401615121296e-14,3.0954016151213e-14,2.8402789498687535e-17,1.665024677737841e-25,7346921318.325137,2.722237449475003e-10
781,250,251,0.0,0.0,0.0,0.0,0.0,7908573778.633858,2.52887202572715e-10
782,251,261,2.34355250188528e-14,2.3435525020975382e-14,2.3435525020975408e-14,1.2350851617615766e-17,1.4688509552213623e-22,7333275.377685449,2.727294276892345e-07
783,252,261,-1.2383471970933093e-15,-1.2383471969513228e-15,-1.2383471969513234e-15,2.2375651207133015e-17,9.32378368915223e-23,5124211.922584159,3.90303920332908e-07
784,251,252,0.0,0.0,0.0,0.0,0.0,3016439.5282489946,6.630333480221425e-07
785,252,260,4.773165512947392e-15,4.773165512948516e-15,4.773165512948504e-15,3.138856051956255e-17,3.3392085659109095e-19,7424.063070839607,0.0002693942647050177
786,253,260,-1.2717579926642295e-15,-1.2717579926641114e-15,-1.2717579926641075e-15,4.02847348206396e-17,1.3016069408930405e-18,2382.791852073157,0.0008393515848562287
787,252,253,0.0,0.0,0.0,0.0,0.0,1803.840082628156,0.0011087458495612464
788,253,259,2.8693962873829815e-15,2.8693962873829925e-15,2.869396287382992e-15,5.187412909872181e-17,1.9212640406934004e-18,71.54723446587755,0.027955381697085543
789,254,259,-1.1758905552931791e-15,-1.1758905552931813e-15,-1.1758905552931781e-15,1.2219626801066277e-17,3.910280576341209e-17,68.62551270674389,0.02914574329814398
790,253,254,0.0,0.0,0.0,0.0,0.0,35.03509595857936,0.05710112499522953
791,254,258,2.358160756666137e-15,2.358160756666143e-15,2.358160756666137e-15,0.0,2.2958038020449385e-16,11.656877754028708,0.17199528117740873
792,255,258,-7.036189877330017e-16,-7.036189877330004e-16,-7.036189877330007e-16,3.0471320697821046e-17,9.141396209346314e-18,45.991928228637335,0.04349274616069769
793,254,255,0.0,0.0,0.0,0.0,0.0,9.317145010684019,0.2154880273381064
794,255,256,0.0,0.0,0.0,0.0,0.0,7.032021932903694,0.2863540268453381
795,255,257,2.1465193199957344e-15,2.1465193199957423e-15,2.146519319995736e-15,1.0707759772830047e-16,4.283103909132019e-16,6.864311892199828,0.2934498920269785
796,256,257,7.39227994545249e-17,7.392279945452548e-17,7.392279945452508e-17,8.873743089900585e-18,1.8930651925121248e-17,281.8554666247251,0.007095865181640434
797,257,258,-0.0,0.0,-0.0,0.0,0.0,5.991779573443111,0.3369426381876762
798,258,268,2.632909671844862e-15,2.6329096718448677e-15,2.6329096718448598e-15,1.5272756493134917e-16,5.090918831044972e-16,5.885295870955336,0.34315825362789043
799,257,268,7.436183922765967e-17,7.436183922765932e-17,7.436183922765883e-17,3.5029343045159025e-17,2.0605495908917074e-17,321.7712643603088,0.006215615440214185
800,258,259,-0.0,0.0,-0.0,0.0,0.0,9.97677333513655,0.20114102447555268
801,259,260,-0.0,0.0,-0.0,0.0,0.0,69.46194527833737,0.028794733281941775
802,259,267,3.1611149666709097e-15,3.1611149666709033e-15,3.1611149666709112e-15,3.8972973151943386e-17,1.9486486575971692e-16,12.806386357201847,0.15649066284243035
803,258,267,-9.783679029436835e-16,-9.783679029436859e-16,-9.783679029436845e-16,2.2497335801600825e-17,3.149627012224116e-17,44.79991183934501,0.04465036163312234
804,260,261,-0.0,0.0,-0.0,0.0,0.0,7413.322497715571,0.0002697845686253506
805,260,266,5.014552046550125e-15,5.0145520465501155e-15,5.0145520465501005e-15,3.4932936648189076e-17,2.1410509558567498e-17,139.60304395530858,0.014326580221322457
806,259,266,-1.4676092345418946e-15,-1.4676092345419047e-15,-1.4676092345418993e-15,2.3330109190548596e-17,2.624637283936717e-17,138.2370562024956,0.014468153060619318
807,261,262,-0.0,0.0,-0.0,0.0,0.0,7340602.335327407,2.72457203944287e-07
808,261,265,1.7937286705601998e-14,1.7937286705597886e-14,1.7937286705597905e-14,1.5617419485697203e-17,7.224712175341806e-20,14609.467125245847,0.00013689753267361702
809,260,265,-1.5131445254244093e-15,-1.5131445254249741e-15,-1.5131445254249727e-15,2.4741321345822298e-17,6.061926826067767e-20,15050.377101207194,0.00013288703595173358
810,262,264,2.085791094379196e-13,2.0857910938649349e-13,2.085791093864931e-13,4.8795924886375427e-17,3.5928441124989455e-22,5052804.415378312,3.958197933404955e-07
811,261,264,4.2598911126100414e-15,4.2598911103486454e-15,4.259891110348647e-15,3.274396747097403e-17,2.2844697533486053e-23,16212370.565102208,1.2336258939620848e-07
812,263,275,-0.0,0.0,-0.0,0.0,0.0,1495549891.0471895,1.3373003209240955e-09
813,263,273,9.524577048753416e-13,9.524577048548358e-13,9.524577048548366e-13,9.537263108705951e-18,3.757194732392827e-22,2257308.8614570973,8.860107873935596e-07
814,264,273,9.225248562064937e-14,9.22524856287352e-14,9.225248562873552e-14,2.1518846488966507e-17,8.397257824059631e-22,4073285.5866119037,4.910041184749979e-07
815,263,264,0.0,0.0,0.0,0.0,0.0,5063205.654859424,3.950066689185617e-07
816,264,272,1.205865149392776e-13,1.205865149393139e-13,1.2058651493931415e-13,2.27306974170039e-17,1.5697995453731977e-19,13335.443666296214,0.00014997626279221723
817,265,272,1.1471137459832898e-15,1.1471137459842672e-15,1.1471137459842635e-15,5.602861253818466e-18,2.1562561033532683e-20,151491.13434169118,1.3202092707996438e-05
818,264,265,0.0,0.0,0.0,0.0,0.0,14622.64404080299,0.0001367741700842208
819,265,271,1.527702842563766e-14,1.527702842563769e-14,1.5277028425637614e-14,1.4876141692519453e-17,2.3801826708031125e-17,208.2679733744474,0.00960308653054047
820,266,271,-1.8175113656428932e-15,-1.8175113656429082e-15,-1.8175113656429e-15,8.958269046857248e-18,1.1066097057882482e-17,411.83013508953064,0.00485638072673372
821,265,266,0.0,0.0,0.0,0.0,0.0,138.32009231907458,0.01445946725727419
822,266,270,5.364454185483467e-15,5.36445418548345e-15,5.364454185483465e-15,1.9615324890229027e-17,1.8634558645717577e-16,14.993719534812596,0.13358749180002044
823,267,270,-1.333670653839306e-15,-1.3336706538393047e-15,-1.3336706538393073e-15,1.6576813311519243e-17,3.5916428841625025e-17,53.52319758268371,0.03737132410302924
824,266,267,0.0,0.0,0.0,0.0,0.0,11.727203250887904,0.17095881590304965
825,267,268,0.0,0.0,0.0,0.0,0.0,5.221656339655789,0.38780861526101273
826,267,269,3.516417716815243e-15,3.5164177168152534e-15,3.5164177168152416e-15,8.715953596266323e-17,6.536965197199742e-16,5.147721707789702,0.3935223617456453
827,268,269,8.348878309121641e-17,8.348878309121889e-17,8.348878309121879e-17,8.140281575906368e-17,3.374209979650308e-18,350.0339832236701,0.005713746484632555
828,269,270,-0.0,0.0,-0.0,0.0,0.0,4.71311050535385,0.43089368584867455
829,270,285,5.708394002140158e-15,5.708394002140197e-15,5.708394002140159e-15,2.9652058001846404e-17,1.4232987840886275e-15,4.660490762320382,0.43591336909003836
830,269,285,1.0329339642982218e-16,1.0329339642981926e-16,1.032933964298188e-16,8.206233488131018e-17,1.1081410184702469e-17,398.4323518771487,0.005019683241363785
831,270,271,-0.0,0.0,-0.0,0.0,0.0,14.469354218620051,0.13844387252675414
832,271,272,-0.0,0.0,-0.0,0.0,0.0,208.55468494842978,0.009589884437832475
833,271,284,1.421859691683833e-14,1.421859691683837e-14,1.421859691683833e-14,0.0,1.698042265290129e-16,16.9902018613425,0.11785111766204494
834,270,284,-1.677610473284209e-15,-1.677610473284204e-15,-1.6776104732842034e-15,3.3890381056157746e-17,3.6311122560169014e-18,97.12496893037347,0.02059275486470922
835,272,273,-0.0,0.0,-0.0,0.0,0.0,13379.245695992173,0.00014948525867374224
836,272,283,8.220321081668693e-14,8.22032108166875e-14,8.220321081668727e-14,1.907942606515648e-17,1.2719617376770987e-17,217.28517333065736,0.009204558645087579
837,271,283,-7.590798153357972e-16,-7.590798153356344e-16,-7.590798153356344e-16,4.1320746239431464e-17,0.0,5190.413054123762,0.0003853257927448954
838,263,274,8.875704326693062e-13,8.875704635093775e-13,8.875704635093794e-13,1.4237231564161588e-17,8.856745227211574e-25,2440546726.864371,8.1948872902919e-10
839,273,274,-0.0,0.0,-0.0,0.0,0.0,2259398.622863786,8.851912986645304e-07
840,273,282,6.131034002028102e-13,6.131034002027707e-13,6.131034002027701e-13,7.128931582333331e-18,8.978503252308981e-20,9171.550012217112,0.00021806564923642195
841,272,282,3.9530417869898065e-14,3.9530417869888536e-14,3.953041786988852e-14,8.282623144900656e-18,1.6422914365302026e-20,29162.855217851953,6.858039056267973e-05
842,274,275,-1.2845451007443355e-12,-1.284545147188906e-12,-1.2845451471889033e-12,3.899089702243005e-17,2.373540989465543e-24,927304674.043925,2.1567890499532855e-09
843,274,276,-0.0,0.0,-0.0,0.0,0.0,928434863.8210204,2.1541613031668307e-09
844,274,281,1.2114846097928207e-12,1.211484609707165e-12,1.2114846097071634e-12,4.822977566437822e-17,9.096653699246635e-22,1465989.3750251583,1.364266367970115e-06
845,273,281,4.316067908966069e-13,4.3160679085254447e-13,4.31606790852543e-13,2.445501939136494e-17,8.125754774708066e-22,4174711.08137744,4.790750693055846e-07
846,276,277,-0.0,0.0,-0.0,0.0,0.0,636314682824.9629,3.145013207962173e-12
847,276,280,1.166215088904256e-12,1.1662150568606217e-12,1.1662150568606215e-12,4.871220862610113e-17,3.0699863854767176e-25,564059767.9020272,3.545722069200879e-09
848,274,280,9.606311233700484e-13,9.606310512485889e-13,9.606310512485862e-13,5.2237223155027165e-17,1.9015130514506414e-24,1437235205.2272148,1.3915607660340485e-09
849,277,279,2.306993565937278e-13,2.3069935306534076e-13,2.3069935306534005e-13,3.585686986562878e-20,7.182977560304602e-27,426656306649.224,4.688915850502904e-12
850,276,279,5.814816539519237e-13,5.814498236629121e-13,5.814498236629064e-13,4.225890638092221e-17,7.641223992727389e-27,1295711957261.583,1.5439026425407308e-12
851,278,294,-0.0,0.0,-0.0,0.0,0.0,5496164256968.666,3.641143650232137e-13
852,278,292,9.18462524616986e-14,9.184720255802865e-14,9.184720255802836e-14,2.7507949122856042e-17,8.405021414753088e-27,376022488287.25995,5.318467393081271e-12
853,279,292,3.06101823239871e-13,3.061362920914926e-13,3.0613629209149215e-13,3.8211626849161495e-17,5.037228252756519e-28,2938583495878.903,6.787557582110139e-13
854,278,279,0.0,0.0,0.0,0.0,0.0,431177535715.8702,4.639711634870258e-12
855,279,291,5.060476594422463e-13,5.060476614917243e-13,5.060476614917227e-13,8.60762577562132e-18,6.785327982695653e-24,470509073.6198238,4.250713918257383e-09
856,280,291,6.85934789452449e-13,6.859348186960201e-13,6.859348186960226e-13,1.5060928296474875e-17,1.2480814929144025e-24,2830710360.3342376,7.065357516990446e-10
857,279,280,0.0,0.0,0.0,0.0,0.0,564305552.3374597,3.5441781665583384e-09
858,280,290,1.4409111497691605e-12,1.4409111497974345e-12,1.4409111497974256e-12,1.907474075564984e-17,5.99654615716118e-21,1028382.5350627524,1.9448016000142266e-06
859,281,290,7.111371606634556e-13,7.111371607002846e-13,7.111371607002807e-13,1.5067068719541345e-17,1.6112391075961822e-21,3436858.4226435144,5.819267928101458e-07
860,280,281,0.0,0.0,0.0,0.0,0.0,1467486.2206437436,1.3628748072040808e-06
861,281,289,9.319542407036123e-13,9.319542407039029e-13,9.319542407038984e-13,4.067850754005512e-17,6.315646901067133e-19,7548.326022253496,0.00026495941031174145
862,282,289,2.178053566114775e-13,2.1780535661169089e-13,2.1780535661169174e-13,2.329890164604788e-17,9.333835936910898e-20,42218.287169517556,4.7372836144625075e-05
863,281,282,0.0,0.0,0.0,0.0,0.0,9191.74363374234,0.00021758657416711639
864,282,288,4.348284615667767e-13,4.348284615667759e-13,4.348284615667762e-13,6.0046945429068585e-18,3.6028167257441154e-18,193.36217600168297,0.01034337672564117
865,283,288,1.6225943204197828e-14,1.622594320419687e-14,1.622594320419685e-14,3.6394247186637317e-17,8.218055816337459e-19,1656.4541788078448,0.0012073984711162722
866,282,283,0.0,0.0,0.0,0.0,0.0,218.916229360187,0.009135978254524899
867,283,287,6.521818783200254e-14,6.521818783200263e-14,6.521818783200253e-14,1.1029583450982086e-17,8.823666760785669e-17,17.54658392965629,0.11410594592579659
868,284,287,-1.2403076348333848e-15,-1.2403076348334234e-15,-1.2403076348334203e-15,5.910922754272984e-17,5.254153559353763e-18,484.2038590902197,0.004130497528993247
869,283,284,0.0,0.0,0.0,0.0,0.0,16.934959940341113,0.11823644345478983
870,284,285,0.0,0.0,0.0,0.0,0.0,4.456923629959522,0.45650612395474754
871,284,286,1.3781294171279912e-14,1.3781294171279909e-14,1.37812941712799e-14,2.0693560092939943e-16,1.5520170069704955e-16,4.425834813101323,0.45982658712148694
872,285,286,1.3103714438924644e-16,1.3103714438924648e-16,1.3103714438924592e-16,6.559090182660515e-18,7.183765438151992e-18,602.3261626911826,0.0033204631667393875
873,286,287,-0.0,0.0,-0.0,0.0,0.0,4.387793707485386,0.46395708465048013
874,287,307,5.814311537211294e-14,5.814311537211312e-14,5.814311537211298e-14,1.48755097587574e-16,5.454353578211046e-16,4.37795724297313,0.46503744664887176
875,286,307,1.3586321958034862e-16,1.358632195803609e-16,1.358632195803605e-16,4.7242715542559946e-17,1.568222922574604e-18,1851.2315293442462,0.0010803619983916065
876,287,288,-0.0,0.0,-0.0,0.0,0.0,17.733832197075042,0.11289854745468032
877,288,289,-0.0,0.0,-0.0,0.0,0.0,194.2518368663594,0.010296003889496546
878,288,306,3.4417153540391874e-13,3.441715354039183e-13,3.4417153540391874e-13,0.0,7.656446039175921e-17,17.24331419514716,0.11611727746751023
879,287,306,5.8347650706375014e-15,5.834765070637641e-15,5.8347650706376134e-15,3.0897232614592085e-17,7.61551508106143e-18,621.3636181755483,0.0032187300128299176
880,289,290,-0.0,0.0,-0.0,0.0,0.0,7564.940799906262,0.0002643774835189313
881,289,305,7.410761296581848e-13,7.410761296581875e-13,7.410761296581856e-13,6.022650713458618e-18,1.4303795444464218e-17,180.9880449438098,0.01105056609170696
882,288,305,1.0688286919953367e-13,1.0688286919954516e-13,1.0688286919954475e-13,3.9117569139283334e-17,1.4256972807028095e-18,2650.5437047299165,0.0007545622022104138
883,290,291,-0.0,0.0,-0.0,0.0,0.0,1028756.2767852094,1.9440950642625277e-06
884,290,304,1.5036705564323549e-12,1.503670556432322e-12,1.5036705564323195e-12,3.607011742725376e-18,2.4733794807259725e-19,6515.956788922793,0.000306938808909622
885,289,304,4.0868346781995876e-13,4.086834678193982e-13,4.0868346781939835e-13,2.9181086941514436e-17,7.886780254463361e-21,46991.017829960074,4.2561325390690664e-05
886,291,292,-0.0,0.0,-0.0,0.0,0.0,470584350.9211379,4.250035162499173e-09
887,291,303,7.650782968709045e-13,7.650782968957413e-13,7.650782968957394e-13,3.4919825876260207e-17,2.697575112517204e-21,929575.3006629791,2.151520161412411e-06
888,290,303,6.483777544328211e-13,6.483777546260376e-13,6.483777546260352e-13,3.0905931895540673e-17,3.876366622051938e-22,9642034.776408475,2.074250971498831e-07
889,278,293,3.939325139875629e-14,3.9556584608880605e-14,3.955658460888063e-14,3.590521259843259e-17,5.549238833374416e-30,116692697066149.8,1.73912896093642e-14
890,292,293,-0.0,0.0,-0.0,0.0,0.0,377223025823.6259,5.301076103471908e-12
891,292,302,2.2309259554484864e-13,2.2309259203424835e-13,2.2309259203424828e-13,3.564516639391888e-17,7.689372846774007e-25,441464371.2445166,4.530377567597431e-09
892,291,302,4.2690441150179566e-13,4.269043931028654e-13,4.2690439310286647e-13,6.041165356756937e-18,3.4811912045076933e-25,7134147821.842315,2.8034240509825856e-10
893,293,294,-3.2523428483453726e-14,-3.2526243975734874e-14,-3.252624397573477e-14,1.6511685557560313e-17,6.29182175088331e-28,5253831662657.917,3.8150565463257784e-13
894,294,295,6.772145183695856e-15,6.825392135391107e-15,6.825392135391067e-15,1.3966857510492498e-17,1.0552966562597882e-29,554812005537274.1,3.5806473938232254e-15
895,293,295,-0.0,0.0,-0.0,0.0,0.0,5301325771396.806,3.7792500723875466e-13
896,293,301,5.269061903024684e-14,5.268971310355553e-14,5.268971310355522e-14,4.779167741809182e-17,1.6313446345478826e-26,359744163893.00433,5.559235190173458e-12
897,292,301,1.749025740856833e-13,1.7484921100415227e-13,1.7484921100415128e-13,3.939441394321472e-17,7.267896973962687e-28,7762197117272.252,2.5815908670155176e-13
898,294,296,-0.0,0.0,-0.0,0.0,0.0,23476603620316.74,8.420979465898227e-14
899,295,296,-1.2186966052532542e-14,-1.2198474316126153e-14,-1.2198474316126148e-14,4.1411553689435883e-17,1.7031912137399644e-29,22531739712381.152,8.779044205280548e-14
900,296,297,8.13646992132951e-16,1.4054072113625211e-15,1.405407211362517e-15,4.0372902917264615e-17,2.8255561874653513e-31,1.3633613077317384e+16,1.9176810829708974e-16
901,295,297,-0.0,0.0,-0.0,0.0,0.0,22520711757186.785,8.759867394450839e-14
902,295,300,1.5995741364584526e-14,1.599530427142219e-14,1.599530427142233e-14,5.3060297223445695e-18,1.7237274772232012e-27,5139819388248.164,3.883454019547015e-13
903,293,300,1.92265944554269e-14,1.919766692309722e-14,1.919766692309718e-14,7.850857769370551e-18,1.0276551259664307e-29,170033576279304.94,1.042039471594686e-14
904,296,298,-0.0,0.0,-0.0,0.0,0.0,33735365340409.555,5.999839289823711e-14
905,297,299,9.725980106164799e-15,9.725047263132723e-15,9.725047263132764e-15,4.216776769887904e-18,1.8542821431885498e-28,22335053301153.27,8.792122999681194e-14
906,295,299,2.7837734236209434e-15,2.6959236901475386e-15,2.6959236901475414e-15,5.2554275420808885e-18,1.6517186876823056e-31,2051625320579794.5,3.225560523035487e-16
907,297,298,-8.414197945030914e-15,-8.416445457416829e-15,-8.41644545741687e-15,8.03653591408254e-18,1.4667988922026848e-28,33658838371266.266,6.01901610065342e-14
908,299,315,1.2768711942177419e-14,1.276945483534684e-14,1.2769454835346786e-14,1.1316799128348374e-17,8.171590378591038e-28,5149064485243.675,3.890447814271785e-13
909,300,315,8.053898619211934e-15,8.23714888249133e-15,8.237148882491316e-15,1.136740130851874e-17,8.808247795332666e-31,4728750863202081.0,1.021935524780558e-15
910,299,300,0.0,0.0,0.0,0.0,0.0,5157852584019.378,3.8802284590239794e-13
911,300,314,2.6509019784366912e-14,2.6508784250832212e-14,2.6508784250832187e-14,2.5378555378010156e-17,2.71997278920982e-27,350124979496.9153,5.7126018161193235e-12
912,301,314,9.084542171652987e-14,9.086157867835968e-14,9.086157867835932e-14,1.4562264267722256e-17,3.1852803082128913e-28,12194451853396.402,1.6378702066181202e-13
913,300,301,0.0,0.0,0.0,0.0,0.0,360489075057.335,5.5488147954575114e-12
914,301,313,1.3665831988002283e-13,1.366583196805647e-13,1.3665831968056426e-13,3.378200569463304e-18,7.268286919540537e-24,432047201.86278355,4.629123865997725e-09
915,302,313,2.6349983516925494e-13,2.6349979722992377e-13,2.6349979722992397e-13,7.12744928055827e-18,3.793891148008236e-26,20200992841.86897,9.900445748699662e-11
916,301,302,0.0,0.0,0.0,0.0,0.0,441489485.3232139,4.530119408510729e-09
917,302,312,3.8649706089424693e-13,3.8649706091032157e-13,3.864970609103201e-13,4.61419185564863e-17,4.203126121013509e-21,901280.1119447378,2.219065940817908e-06
918,303,312,4.445877646114798e-13,4.445877646794026e-13,4.445877646794013e-13,5.181038038562943e-18,1.0012977468820636e-22,29487164.320447527,6.782612181059522e-08
919,302,303,0.0,0.0,0.0,0.0,0.0,929696.439693763,2.1512398190073124e-06
920,303,311,9.688682876139778e-13,9.68868287613887e-13,9.688682876138839e-13,1.54779254672615e-17,5.325737795186753e-19,6262.040321114834,0.0003193847235792831
921,304,311,4.468046013625675e-13,4.468046013639081e-13,4.4680460136390487e-13,1.893666551295683e-17,4.575282543052728e-20,158061.0366088601,1.2653339766810983e-05
922,303,304,0.0,0.0,0.0,0.0,0.0,6520.363162136107,0.0003067313838124721
923,304,310,1.4655494227687888e-12,1.4655494227687985e-12,1.4655494227687962e-12,2.952821778094124e-17,8.778659340279827e-18,172.66504213751463,0.01158325007272809
924,305,310,2.2087677402173631e-13,2.208767740217307e-13,2.2087677402173063e-13,7.396154174613754e-18,9.861538899485005e-20,3476.777703107344,0.000575245306411821
925,304,305,0.0,0.0,0.0,0.0,0.0,181.68780250779173,0.01100800476631627
926,305,309,6.270822244956743e-13,6.270822244956763e-13,6.270822244956743e-13,0.0,1.7937672561856621e-16,17.055852119823154,0.11739644822004747
927,306,309,4.1781178046829013e-14,4.1781178046829127e-14,4.178117804682913e-14,2.9182810913531028e-18,1.535937416501633e-19,983.4136210836982,0.002033732954747655
928,305,306,0.0,0.0,0.0,0.0,0.0,17.355846698274245,0.11536271526529981
929,306,307,0.0,0.0,0.0,0.0,0.0,4.407401216750154,0.46181871663604185
930,306,308,3.0822512243004587e-13,3.0822512243004713e-13,3.0822512243004556e-13,2.2291643268882755e-16,1.1517349022256091e-15,4.408811590415174,0.46166567633006494
931,307,308,-1.0949712766336077e-16,-1.0949712766338961e-16,-1.0949712766338956e-16,2.0121780167585143e-17,3.4455103026686893e-20,13068.45272653961,0.00015304030597687888
932,308,309,-0.0,0.0,-0.0,0.0,0.0,4.4276446129509095,0.4596319433753173
933,309,322,5.766323558033848e-13,5.766323558033836e-13,5.766323558033852e-13,1.5812650267676322e-16,5.92974385037862e-16,4.429622548246591,0.4594194083567459
934,308,322,-1.7523406277647258e-15,-1.7523406277651228e-15,-1.7523406277651212e-15,2.3979315902320255e-17,9.567806843818556e-20,9410.214001313883,0.0002125350185714549
935,309,310,-0.0,0.0,-0.0,0.0,0.0,17.13964558762771,0.11682120291363565
936,310,311,-0.0,0.0,-0.0,0.0,0.0,172.85386045567645,0.01157059673296128
937,310,321,1.4131806789810689e-12,1.4131806789810717e-12,1.4131806789810678e-12,4.2212422781825e-17,1.6040720657093503e-16,16.926705295183073,0.11829423835252405
938,309,321,9.223104659914704e-14,9.223104659914531e-14,9.22310465991449e-14,1.7134653323008168e-17,3.326138586230997e-18,1357.7408315100522,0.001473035438888404
939,311,312,-0.0,0.0,-0.0,0.0,0.0,6263.370441465739,0.0003193168974574725
940,311,320,1.0730374186041674e-12,1.0730374186041714e-12,1.0730374186041688e-12,7.721692034450408e-18,1.4340285206836473e-17,170.61259772465388,0.011722598036944316
941,310,320,2.7324551708000126e-13,2.7324551707999273e-13,2.732455170799927e-13,2.387226355773717e-18,1.4042507975139513e-20,13157.78188380197,0.00015200130398303704
942,312,313,-0.0,0.0,-0.0,0.0,0.0,901320.3251180508,2.2189669363604208e-06
943,312,319,5.474182177523273e-13,5.474182177523387e-13,5.474182177523372e-13,2.9210228545178767e-18,4.470953348751852e-19,6188.455574581508,0.00032318241495054423
944,311,319,3.426354701685797e-13,3.426354701727663e-13,3.4263547017276504e-13,2.3608860543340538e-17,7.11976638540288e-21,517395.1491252964,3.8655174930717694e-06
945,313,314,-0.0,0.0,-0.0,0.0,0.0,432062428.05018985,4.6289600789770634e-09
946,313,318,2.557120348950823e-13,2.5571203490088547e-13,2.557120349008837e-13,2.5414813127980026e-17,7.74106866720014e-21,892681.1491388367,2.240441620244763e-06
947,312,318,2.8366660895479856e-13,2.836666082189208e-13,2.8366660821891993e-13,2.785446115806444e-17,3.2487620023514363e-23,93132920.4992417,2.1474683884342006e-08
948,314,315,-0.0,0.0,-0.0,0.0,0.0,350163407812.6798,5.711579880594544e-12
949,314,317,7.469688259897146e-14,7.469688205854173e-14,7.469688205854199e-14,1.696045720328676e-17,8.318370151351252e-24,426578539.0775411,4.68846847942382e-09
950,313,317,1.4444590841406946e-13,1.4444591317164836e-13,1.4444591317164874e-13,9.800067252052936e-19,7.79982202842637e-26,33608832105.15333,5.950840044675658e-11
951,315,316,2.1442782311595623e-14,2.1442680946869238e-14,2.1442680946869134e-14,1.3541054461523292e-17,1.391041211492806e-26,349183601291.80646,5.728945769583262e-12
952,314,316,4.254990880241367e-14,4.266392683528406e-14,4.266392683528386e-14,2.320490222548078e-17,4.1100451980045405e-29,124323365594487.75,1.7365888988717713e-14
953,316,328,6.414967412578884e-14,6.414967384165818e-14,6.414967384165798e-14,1.0395967588870181e-17,7.389021138306337e-24,426048340.99903715,4.69430127128476e-09
954,317,328,6.706813404268507e-14,6.706881662188559e-14,6.706881662188567e-14,2.97693935979432e-17,3.302848128169168e-27,341861913049.85724,5.850157749928215e-12
955,316,317,0.0,0.0,0.0,0.0,0.0,426579993.74502873,4.6884511135348315e-09
956,317,327,1.5207441493445565e-13,1.520744149411297e-13,1.5207441494112952e-13,4.9416718805792344e-17,1.3084134202812873e-21,888070.2215378322,2.252074162449833e-06
957,318,327,1.5462460441572382e-13,1.546246050764815e-13,1.5462460507648104e-13,2.4981815766240773e-17,1.71792818261931e-23,171056390.540881,1.169205060551685e-08
958,317,318,0.0,0.0,0.0,0.0,0.0,892704.8603832402,2.240382111844316e-06
959,318,326,3.8475403764895603e-13,3.8475403764892917e-13,3.847540376489294e-13,1.1236578396561683e-17,8.512559391334608e-20,6165.908247792079,0.0003243642196993365
960,319,326,2.360795398626421e-13,2.3607953984617343e-13,2.3607953984617207e-13,4.197330166915742e-17,3.4739400504172e-21,1662124.3129127442,1.203279432676634e-06
961,318,319,0.0,0.0,0.0,0.0,0.0,6188.866809698751,0.0003231609402666599
962,319,325,6.539741479311333e-13,6.539741479311297e-13,6.539741479311294e-13,3.5413883730822023e-17,2.724144902370925e-18,170.03599710351506,0.011762350871771948
963,320,325,2.2250348041614898e-13,2.2250348041590104e-13,2.225034804159003e-13,2.4374357841110315e-17,7.175478402113482e-20,45852.25928683073,4.361835232070343e-05
964,319,320,0.0,0.0,0.0,0.0,0.0,170.66887436361552,0.011718732519451245
965,320,324,1.1237794547987457e-12,1.1237794547987465e-12,1.1237794547987455e-12,1.0635858237557577e-17,5.3179291187787884e-17,16.89611165610001,0.1185089339453824
966,321,324,1.2151903884796202e-13,1.2151903884798476e-13,1.2151903884798456e-13,3.401220431208485e-17,3.0470059854051375e-19,5454.095847644424,0.0003666968968413847
967,320,321,0.0,0.0,0.0,0.0,0.0,16.948432446747567,0.11814223704854102
968,321,322,0.0,0.0,0.0,0.0,0.0,4.443382543579981,0.45794637291785745
969,321,323,1.3838926863108192e-12,1.3838926863108208e-12,1.3838926863108186e-12,9.849211520998759e-17,3.6113775576995447e-16,4.444856812266703,0.4577891192613493
970,322,323,-4.031944908969528e-15,-4.031944908965169e-15,-4.031944908965155e-15,8.528640763378266e-17,2.7690392088890474e-19,12718.305243314042,0.00015725365650818258
971,323,324,-0.0,0.0,-0.0,0.0,0.0,4.4482986385622,0.4574224223645079
972,324,333,1.1430166320516884e-12,1.1430166320516919e-12,1.1430166320516887e-12,3.9715240216227965e-17,6.354438434596474e-16,4.448674754313959,0.4573823866974529
973,323,333,-5.6494549698096686e-15,-5.649454969818188e-15,-5.649454969818152e-15,3.005944706314556e-17,1.2857862794352757e-19,49955.45590757285,4.003566705499434e-05
974,324,325,-0.0,0.0,-0.0,0.0,0.0,16.902318186808806,0.1184653155930617
975,325,326,-0.0,0.0,-0.0,0.0,0.0,170.0533930335437,0.011761147592339271
976,325,332,7.185639450205014e-13,7.185639450205027e-13,7.185639450205016e-13,1.6641835851949942e-17,9.153009718572468e-17,16.887825890583187,0.11856721492275324
977,324,332,1.0228186133522813e-13,1.0228186133526155e-13,1.0228186133526145e-13,1.6598431537740035e-17,5.0298277387091014e-20,19627.21450458275,0.0001018993296915409
978,326,327,-0.0,0.0,-0.0,0.0,0.0,6166.130512473208,0.00032435252764873105
979,326,331,4.786858465561555e-13,4.786858465561567e-13,4.786858465561547e-13,9.934562318213286e-18,2.4836405795533214e-17,169.86388984059212,0.011774268841902859
980,325,331,1.57913683067711e-13,1.5791368306736214e-13,1.5791368306736216e-13,1.4492805573303907e-17,1.0487593583691953e-21,152424.50731920108,1.3121249563589104e-05
981,327,328,-0.0,0.0,-0.0,0.0,0.0,888072.5285725967,2.2520683122920826e-06
982,327,330,2.4396037060134705e-13,2.4396037060129853e-13,2.439603706012978e-13,3.282514299719229e-17,5.044847796699635e-19,6153.246511209196,0.0003250316745743833
983,326,330,1.4214773083270342e-13,1.421477308341395e-13,1.421477308341395e-13,3.4306192787454003e-18,0.0,2944870.8728490835,6.791469256523099e-07
984,328,329,1.3121823419889687e-13,1.3121823420012404e-13,1.3121823420012358e-13,1.0531317465253129e-17,3.9008892761509684e-21,887697.7201764057,2.253019191797054e-06
985,327,329,6.273864898991446e-14,6.273864778698382e-14,6.273864778698391e-14,9.11592809966617e-18,6.695434925100573e-25,2103315998.1843379,9.508795049708612e-10
986,329,337,1.939568841070006e-13,1.9395688410697769e-13,1.9395688410697733e-13,1.9505430570287903e-17,2.9617790453799423e-19,6152.060430817471,0.0003250943387351926
987,330,337,6.904820682173785e-14,6.904820683080686e-14,6.904820683080676e-14,4.1776538542366114e-18,4.651444140035447e-23,31439106.04662472,6.361504031427e-08
988,329,330,0.0,0.0,0.0,0.0,0.0,6153.264512565007,0.00032503072369487835
989,330,336,3.1705989455674874e-13,3.1705989455675005e-13,3.170598945567496e-13,1.594516401659429e-17,8.441557420549917e-18,169.76924889626088,0.011780832773227942
990,331,336,9.707176829531623e-14,9.70717682961596e-14,9.707176829615929e-14,3.1452712774665556e-17,1.1301390942180037e-20,276125.6928259033,7.243078250733775e-06
991,330,331,0.0,0.0,0.0,0.0,0.0,169.87368803095634,0.011773589694977209
992,331,335,5.395277611518403e-13,5.395277611518414e-13,5.395277611518404e-13,1.108371494359525e-17,9.975343449235726e-17,16.88539635450791,0.1185843148404524
993,332,335,7.407175735949068e-14,7.407175735930466e-14,7.40717573593044e-14,3.800195500238359e-17,5.407148553764181e-20,66178.78067827196,3.0221167262748296e-05
994,331,332,0.0,0.0,0.0,0.0,0.0,16.889690617978424,0.11855409367318964
995,332,333,0.0,0.0,0.0,0.0,0.0,4.449632351588092,0.4572804873677614
996,332,334,7.467740488582756e-13,7.467740488582752e-13,7.46774048858275e-13,1.5193463124344606e-16,6.077385249737843e-17,4.449737729057823,0.45726927681793283
997,333,334,-4.889043750967214e-15,-4.8890437509991684e-15,-4.8890437509991645e-15,3.663109465176815e-17,4.522134049154134e-21,178403.38170180505,1.121054982854548e-05
998,334,335,-0.0,0.0,-0.0,0.0,0.0,4.4500218296386755,0.4572390556506701
999,335,340,5.670717800911406e-13,5.670717800911429e-13,5.670717800911405e-13,4.001355655768803e-17,9.603253573845128e-16,4.450053302049319,0.45723570802657465
1000,334,340,-3.603326375451175e-15,-3.603326375406879e-15,-3.603326375406881e-15,2.0575270259356112e-17,1.0993216402441422e-21,597438.6439615462,3.3476240953962803e-06
1001,335,336,-0.0,0.0,-0.0,0.0,0.0,16.88642535685197,0.11857707176220166
1002,336,337,-0.0,0.0,-0.0,0.0,0.0,169.77016561295713,0.011780769158187628
1003,336,339,3.671106345500656e-13,3.6711063455006704e-13,3.6711063455006533e-13,4.0726451999361767e-17,2.7693987359566e-16,16.88405932887546,0.1185937273973758
1004,335,339,4.6527738330861076e-14,4.652773833077882e-14,4.652773833077872e-14,1.474077080433851e-17,1.8072975698805837e-20,120079.47936324972,1.6655635174136194e-05
1005,337,338,2.630050909487714e-13,2.630050909487724e-13,2.630050909487718e-13,9.046261939699304e-18,1.3569392909548956e-17,169.76066999732646,0.011781428134402389
1006,336,338,4.702102819499909e-14,4.7021028194581336e-14,4.70210281945811e-14,2.9289534502416023e-18,1.6362127286841799e-21,3035010.910022555,6.589762147615421e-07
1007,338,342,3.1002611907001345e-13,3.1002611907001467e-13,3.1002611907001345e-13,0.0,2.314833214001769e-16,16.88393456548501,0.11859460579829541
1008,339,342,2.3196305578255773e-14,2.319630557968406e-14,2.3196305579684084e-14,4.7331966675884427e-17,8.365309475468363e-22,1300916.9681973977,1.5373771343699731e-06
1009,338,339,0.0,0.0,0.0,0.0,0.0,16.88415292756361,0.11859306842116105
1010,339,340,0.0,0.0,0.0,0.0,0.0,4.450209895593365,0.45721905239140054
1011,339,341,3.9044206724736243e-13,3.9044206724736385e-13,3.9044206724736253e-13,5.811277114338567e-17,7.554660248640137e-16,4.450227510976451,0.45721717885759805
1012,340,341,-2.3109437197838996e-15,-2.3109437198252663e-15,-2.310943719825261e-15,1.6766369236360786e-17,2.078528380308688e-21,1067501.423011566,1.873533802459754e-06
1013,341,342,-0.0,0.0,-0.0,0.0,0.0,4.450241965849196,0.45721564148046373
1014,342,343,3.332224246149662e-13,3.3322242461496616e-13,3.3322242461496616e-13,3.4045710312576786e-17,0.0,4.4502436377060395,0.4572154636674374
1015,341,343,-1.1915063621745495e-15,-1.1915063616314901e-15,-1.19150636163149e-15,4.052142023655662e-17,1.4715589166392768e-23,11247769.838310339,1.7781302625968126e-07
1016,215,344,-0.0,0.0,-0.0,0.0,0.0,935301668703079.2,8.63820991456725e-16
1017,215,345,-2.8630059224988194e-14,-3.1322841196145353e-14,-3.132284119614542e-14,3.6547461617641246e-17,9.421913949346827e-31,877950481864734.1,8.502510404729346e-16
1018,344,345,4.271081952657385e-13,5.2204261179755226e-14,5.2204261179755043e-14,4.872617573936564e-17,2.378651119076393e-32,6688488220533234.0,1.356995098379038e-17
1019,216,344,-2.659901313461203e-14,-2.6036243556403646e-14,-2.6036243556403523e-14,9.395833448763295e-18,2.054611568936614e-30,1858548573491612.0,8.693867528026467e-16
1020,214,345,-0.0,0.0,-0.0,0.0,0.0,6621192250331704.0,9.01421977682883e-16
1021,345,346,-8.779978132259527e-14,-1.3219116064173313e-14,-1.3219116064173365e-14,4.715340432200888e-17,3.291782780245153e-32,1.7976931348623157e+308,1.6715493818503887e-17
1022,345,347,-3.788881385585549e-14,-3.675893124778063e-14,-3.6758931247780424e-14,1.4898586192784696e-17,2.7460983965335676e-30,2744918856140236.0,9.694035497771281e-16
1023,347,350,0.0,1.609195548914996e-14,1.6091955489149842e-14,1.238706836975017e-18,8.987147324140194e-33,3492681352585785.5,2.477413673950034e-18
1024,345,350,-0.0,0.0,-0.0,0.0,0.0,6846924052746399.0,9.66926136103178e-16
1025,192,347,0.0,-2.6757739666505863e-14,-2.6757739666505986e-14,1.0159219275614874e-17,4.6723561787418334e-32,7011432026537366.0,2.0318438551229747e-17
1026,346,347,-0.0,0.0,-0.0,0.0,0.0,3448220606547309.0,9.526880559586242e-16
1027,192,348,-0.0,0.0,-0.0,0.0,0.0,803739211245843.2,2.761242962891121e-15
1028,191,348,0.0,-2.0185494099742387e-14,-2.018549409974244e-14,5.228551830149249e-18,1.389477054341621e-32,1353990169029204.8,1.0457103660298498e-17
1029,347,348,-4.862777570156101e-14,-4.8021004799283994e-14,-4.8021004799284064e-14,1.7316518611575506e-17,1.9811572302543916e-30,628081396354978.8,2.740924524339891e-15
1030,348,352,-4.799388765249475e-14,-4.8613056318798034e-14,-4.86130563187983e-14,1.7903720220426735e-17,7.664326956563246e-30,568303031421880.2,2.811365002003888e-15
1031,351,352,0.0,1.2778549323880827e-15,1.2778549323880768e-15,4.142852195116409e-20,1.9181368225003691e-34,752264152215165.0,8.285704390232819e-20
1032,348,351,-0.0,0.0,-0.0,0.0,0.0,340990497918872.7,2.81144785904779e-15
1033,347,349,-0.0,0.0,-0.0,0.0,0.0,1031877036405822.6,2.7414461078386555e-15
1034,348,349,0.0,-5.021383992139125e-15,-5.021383992139102e-15,2.6079174938224966e-19,1.2291138208943032e-33,1863599915475278.8,5.215834987644993e-19
1035,349,350,8.074794144702831e-15,7.982762775975392e-15,7.982762775975368e-15,1.581702002521493e-17,4.067339943168705e-30,1201113239416746.0,2.7439235215126057e-15
1036,344,350,-8.215813483138333e-15,-8.818719782204676e-15,-8.818719782204663e-15,3.258888270960744e-17,6.82244535955368e-31,1.7976931348623157e+308,9.533561851193877e-16
1037,349,351,-8.020995387460475e-15,-8.123206307410725e-15,-8.123206307410668e-15,1.768435699299737e-17,9.827089383632107e-30,289528544423423.6,2.810926275549026e-15
1038,352,354,-5.035668440264386e-14,-5.0516961862677403e-14,-5.051696186267682e-14,9.187532782917214e-18,3.3281638440130686e-29,436312599212208.2,5.7915347936169245e-15
1039,353,354,0.0,8.642185424582097e-16,8.642185424582049e-16,6.290944697354787e-21,3.5172141674401855e-35,5805194425616148.0,1.2581889394709574e-20
1040,352,353,-0.0,0.0,-0.0,0.0,0.0,448114685700611.0,5.791547375506319e-15
1041,351,353,-8.415321310569302e-15,-8.442003526217296e-15,-8.44200352621726e-15,9.152395205664472e-18,1.2447184883686735e-29,1275436648525025.5,5.791464518462417e-15
1042,354,378,0.0,0.0,0.0,0.0,0.0,974407835726943.0,5.792693469380748e-15
1043,354,356,-5.0627160531291037e-14,-5.0599191338941927e-14,-5.0599191338941876e-14,8.249523604614734e-18,1.4891188166494388e-29,66862985183901.8,2.984850031520832e-14
1044,355,356,-8.790929864294146e-12,-6.553750982024373e-12,-6.5537509820243424e-12,1.4126875903022415e-17,1.938337535304428e-31,1631498333805471.2,8.276855065647231e-17
1045,354,355,-0.0,0.0,-0.0,0.0,0.0,63636672251606.15,2.976573176455185e-14
1046,353,355,-8.428755161851266e-15,-8.432081489527776e-15,-8.432081489527784e-15,5.8710613536956015e-18,1.3923615543891364e-29,64080053934229.29,2.9765719182662456e-14
1047,356,357,-0.0,0.0,-0.0,0.0,0.0,158073078852254.88,1.3412912614377112e-14
1048,355,357,-1.2609704548515819e-14,-1.2564050113921387e-14,-1.256405011392141e-14,2.4519867696695602e-17,1.2710330463374432e-29,175013844426116.2,1.3495681165033585e-14
1049,354,374,0.0,6.052546206570522e-15,6.052546206570489e-15,2.196475152571392e-19,1.2023693724373627e-33,915853664785963.4,4.392950305142784e-19
1050,356,374,0.0,0.0,0.0,0.0,0.0,73170981055115.78,2.9848939610238836e-14
1051,356,359,0.0,7.135547621966395e-13,7.135547621966392e-13,2.2462531013720067e-17,9.535929657148802e-33,652066121263537.6,4.4925062027440134e-17
1052,358,359,0.0,0.0,0.0,0.0,0.0,199831092785356.66,1.3420192228992356e-14
1053,356,358,-7.482823033121043e-14,-7.450275625975265e-14,-7.450275625975265e-14,2.9215715499772064e-17,0.0,158056275331444.22,1.3375267166964917e-14
1054,357,358,0.0,3.3763837641884953e-12,3.376383764188482e-12,1.8822723706097782e-17,7.430447989270427e-32,1.7976931348623157e+308,3.7645447412195565e-17
1055,359,360,-1.214892865334125e-13,-1.2165392746826972e-13,-1.2165392746826995e-13,8.876915447875517e-18,1.2249466694363061e-29,163057994975495.5,1.3118385521472698e-14
1056,358,360,5.990753005949501e-12,5.428487190369022e-12,5.428487190369005e-12,1.5630099933944025e-17,4.7156304078523475e-31,891089384146928.0,3.01806707519659e-16
1057,358,366,0.0,1.260634987202492e-17,1.2606349872024759e-17,4.256111698431682e-18,5.461896077689829e-32,615549038242381.0,8.512223396863364e-18
1058,366,367,0.0,-9.43767448283194e-12,-9.437674482831946e-12,2.3078835403374795e-17,1.5802990285687326e-32,1098729798614823.1,4.615767080674959e-17
1059,358,367,0.0,0.0,-0.0,0.0,0.0,1407117698305534.2,3.764544740988623e-17
1060,359,361,1.7619753461071263e-12,6.392846785732719e-13,6.392846785732726e-13,3.5370444637086995e-17,2.2268391602517812e-32,1951069915697768.0,4.0281413188342994e-17
1061,360,361,0.0,0.0,0.0,0.0,0.0,160091122358272.0,1.3158666934661041e-14
1062,359,374,8.429394703775174e-14,8.41218174275547e-14,8.412181742755422e-14,3.049240710308537e-17,8.496501472349809e-29,64875948144435.45,2.9804014548211395e-14
1063,373,374,0.0,-1.4746234329583338e-14,-1.4746234329583265e-14,5.356877477196267e-19,2.6364457743317573e-33,1446114464011156.2,1.0713754954392534e-18
1064,359,373,0.0,0.0,0.0,0.0,0.0,62122165874528.73,2.9805085923706835e-14
1065,361,362,-1.8047820390968785e-13,-1.8028536355749862e-13,-1.802853635574975e-13,6.939676910992452e-18,3.997094573233939e-29,152303559602109.78,1.2975730034292452e-14
1066,360,362,3.99014155378452e-12,3.2873761023272826e-12,3.2873761023272705e-12,1.9553852278220873e-17,3.371425568789416e-31,4887763733462275.0,1.8293690036858985e-16
1067,360,363,-8.211340339912718e-16,-7.031038811826977e-16,-7.031038811826939e-16,2.3937588960568238e-17,7.599438052293405e-31,9832042910583896.0,2.8519172946641083e-16
1068,363,366,0.0,-3.3224876964236876e-13,-3.3224876964236907e-13,4.051377328192416e-18,3.6937795283358164e-33,1975807182911256.8,8.102754656384832e-18
1069,360,366,-0.0,0.0,-0.0,0.0,0.0,1640079442728700.2,2.9329448412279566e-16
1070,107,361,8.784923041725814e-13,5.995088940941639e-13,5.995088940941653e-13,1.7628714781356547e-17,8.932658104057174e-32,3223745562205602.5,7.576487289980388e-17
1071,107,362,-0.0,0.0,-0.0,0.0,0.0,161351291547508.4,1.2899965161392648e-14
1072,361,373,1.258052380093439e-13,1.25851018443752e-13,1.25851018443752e-13,5.41372528174065e-18,0.0,63733220494231.71,2.976480451051849e-14
1073,369,373,0.0,-2.801639599309655e-14,-2.8016395993096617e-14,2.0429391208448005e-18,4.831954958966343e-33,1.7194951859744456e+16,4.085878241689601e-18
1074,361,369,0.0,0.0,0.0,0.0,0.0,65073300738221.34,2.976889038876018e-14
1075,105,363,-4.548191301498373e-12,-3.346462585908788e-13,-3.346462585908791e-13,5.142675859291547e-17,3.697201911088926e-33,1231490203368122.0,8.168785276684808e-18
1076,362,363,-0.0,0.0,-0.0,0.0,0.0,9813747546872212.0,4.681286298350007e-16
1077,363,364,0.0,-6.8910560573528666e-18,-6.891056057352854e-18,2.6202040291271194e-18,4.6867284044481395e-33,897690529449037.1,5.240408058254239e-18
1078,364,365,0.0,-1.0927201734311137e-12,-1.0927201734311101e-12,2.0415659006419277e-17,6.791525666957651e-32,3295759121342837.5,4.083131801283855e-17
1079,363,365,0.0,0.0,-0.0,0.0,0.0,1411890386950024.5,4.60717260710928e-17
1080,365,366,0.0,2.9993127512930896e-17,2.99931275129307e-17,1.898448570735398e-17,1.248295844923315e-31,824310421651006.6,3.796897141470797e-17
1081,365,368,0.0,-1.092750166571462e-12,-1.0927501665714652e-12,4.094349695979509e-18,1.2106662424469378e-32,3298965695523932.0,8.18869939195902e-18
1082,366,368,0.0,0.0,-0.0,0.0,0.0,989269255469580.6,4.615767080666698e-17
1083,357,367,0.0,5.716924394930181e-28,5.716924394930196e-28,1.1546656228177284e-27,3.079309406403638e-42,1407267549669460.0,2.309331245635457e-27
1084,367,368,0.0,1.090854700752834e-29,1.0908547007528321e-29,4.130680370177314e-29,6.898087226426101e-44,9893738013398748.0,8.26136074035463e-29
1085,369,372,2.494187699267471e-13,2.5039370516722823e-13,2.5039370516722767e-13,1.1283146151056327e-17,6.427284697372532e-30,416345762482782.44,5.795726020353183e-15
1086,370,372,0.0,-4.610643231579196e-14,-4.6106432315791797e-14,3.054172487453811e-17,1.0869155726117034e-31,1153550835403863.8,6.108344974907623e-17
1087,369,370,0.0,0.0,0.0,0.0,0.0,656067654908334.9,5.856809470102259e-15
1088,371,372,-0.0,0.0,-0.0,0.0,0.0,426745561581445.3,2.8860430898655088e-15
1089,372,373,-0.0,0.0,-0.0,0.0,0.0,480968584208477.94,5.7998118985948726e-15
1090,372,376,2.466908608126017e-13,2.4390501263119887e-13,2.439050126311975e-13,1.6298887681093172e-17,7.975257119098099e-30,576877927604271.1,2.853982088663362e-15
1091,371,376,0.0,-1.504096250307957e-14,-1.504096250307954e-14,1.603050060107343e-17,3.026734942380887e-32,2012592840835404.5,3.206100120214686e-17
1092,373,375,1.2552251922588138e-13,1.2602864989840675e-13,1.2602864989840645e-13,1.1639239053571578e-17,6.966162304034073e-30,374648038475192.1,5.7964382061582295e-15
1093,372,375,0.0,-5.186005782611484e-15,-5.186005782611471e-15,1.6868462183216332e-18,4.1054702691326715e-33,1730994434848140.0,3.3736924366432668e-18
1094,374,378,8.382930300718296e-14,8.410656436837274e-14,8.41065643683729e-14,9.547223149578012e-18,5.215421161642018e-30,459773914816203.56,5.792254174350234e-15
1095,374,375,0.0,0.0,0.0,0.0,0.0,311625595726982.44,5.7975095816536685e-15
1096,375,376,0.0,0.0,0.0,0.0,0.0,839781506970159.6,2.8573557811000053e-15
1097,37,382,6.766343524989076e-16,6.766343524989106e-16,6.766343524989106e-16,1.363251155782262e-17,0.0,320.7020852440219,0.006236337629230983
1098,381,382,0.0,0.0,0.0,0.0,0.0,318.90581841577256,0.006271464613415865
1099,382,383,2.6188234841324715e-17,2.618823484132475e-17,2.618823484132468e-17,2.4288285682715176e-18,4.857657136543035e-18,532.9053302541876,0.0037530162187871265
1100,383,384,6.693058213667979e-16,6.693058213667996e-16,6.693058213667981e-16,4.253863482348336e-18,3.190397611761252e-17,69.26794314150428,0.028875391300226556
1101,382,384,0.0,0.0,0.0,0.0,0.0,61.3017178721498,0.032628407519013684
1102,382,422,-6.230222642054084e-18,-6.230222642054084e-18,-6.230222642054105e-18,2.2197171938750563e-18,2.2197171938750563e-18,1504.0526120663608,0.001329740913753342
1103,381,422,3.2060957737644996e-16,3.206095773764526e-16,3.206095773764532e-16,2.507814880314559e-17,4.559663418753743e-18,404.7179064746118,0.004941723699662523
1104,383,483,1.1258440486163243e-16,1.1258440486163206e-16,1.1258440486163214e-16,1.4713092456270615e-17,3.678273114067654e-18,178.58685978892908,0.01119914928685532
1105,385,483,-6.032657570381739e-16,-6.032657570381777e-16,-6.032657570381759e-16,6.587503279665907e-17,5.928752951699316e-17,49.62618880715928,0.040306757645508715
1106,383,385,0.0,0.0,0.0,0.0,0.0,38.83908162521716,0.05150590693236404
1107,384,385,2.4957964466488214e-16,2.4957964466488313e-16,2.495796446648832e-16,4.693928856427592e-17,2.2352042173464726e-18,88.38001698631656,0.022630515632137478
1108,385,386,4.156089524588213e-16,4.1560895245882043e-16,4.156089524588208e-16,2.344225229938009e-17,1.8753801839504072e-17,50.605325336292225,0.03952667773538651
1109,384,386,0.0,0.0,0.0,0.0,0.0,32.18684386469964,0.06215719336752399
1110,384,421,-1.032182482741442e-16,-1.032182482741446e-16,-1.032182482741444e-16,1.3017193170024876e-17,1.383076774315143e-17,146.77990702600306,0.013626054037774185
1111,382,421,6.566763402785147e-16,6.56676340278513e-16,6.566763402785125e-16,3.138673113733354e-17,7.133347985757623e-18,105.25328787223978,0.019002353481239503
1112,385,482,4.372364492330032e-16,4.372364492330054e-16,4.3723644923300304e-16,4.641546780954498e-18,7.426474849527196e-17,72.88239153005227,0.027443192764490178
1113,387,482,-2.9183431487592797e-16,-2.9183431487592915e-16,-2.9183431487592797e-16,0.0,8.598163702432259e-17,47.15737549310067,0.042417540092289485
1114,385,387,0.0,0.0,0.0,0.0,0.0,28.64002812963423,0.06986073285677967
1115,386,387,5.927191261194756e-16,5.927191261194807e-16,5.927191261194771e-16,3.7845996111535073e-17,9.083039066768417e-17,65.93755265472531,0.03033405512139315
1116,387,388,1.3442366621629597e-16,1.3442366621629627e-16,1.3442366621629604e-16,7.228624393896835e-18,2.1685873181690504e-17,76.10975343777022,0.02627935329005352
1117,386,388,0.0,0.0,0.0,0.0,0.0,35.33675514812419,0.05661340841144667
1118,386,420,-4.0071198687937985e-16,-4.007119868793811e-16,-4.007119868793793e-16,1.9980792010857544e-17,6.539168294462469e-17,67.73733450377483,0.02952796016080951
1119,384,420,5.229444249789353e-16,5.229444249789376e-16,5.229444249789364e-16,3.3836539230262087e-17,3.6912588251195004e-17,61.30016689807952,0.03262923320671448
1120,387,481,7.501297747775134e-16,7.501297747775153e-16,7.501297747775117e-16,2.9748423045497393e-17,6.299666056693566e-17,75.1205942733853,0.026625430352453912
1121,389,481,-7.555345846811109e-17,-7.555345846811148e-17,-7.555345846811111e-17,3.6648578667625064e-18,5.49728680014376e-17,89.03053232777404,0.022465148312757727
1122,387,389,0.0,0.0,0.0,0.0,0.0,40.74919639869814,0.04909057866521164
1123,388,389,8.082673868682967e-16,8.082673868682978e-16,8.082673868682951e-16,2.3653973203394543e-17,3.895948527617925e-17,87.67993352781056,0.02281122537515812
1124,389,390,-7.03267168743825e-18,-7.03267168743834e-18,-7.032671687438339e-18,1.735096905269672e-17,2.991546388395986e-19,732.3427519728203,0.002730963387893708
1125,388,390,0.0,0.0,0.0,0.0,0.0,99.60364081091733,0.02008026198726441
1126,388,419,-6.858799906284989e-16,-6.858799906285034e-16,-6.858799906285016e-16,5.433771471861182e-17,3.823765109828239e-17,71.43724675686715,0.02799842856627194
1127,386,419,2.2360181321854164e-16,2.2360181321854263e-16,2.236018132185418e-16,9.46368335467739e-18,5.3627539009838544e-17,69.89823087318896,0.02861497984517473
1128,389,480,8.908535170241258e-16,8.908535170241254e-16,8.908535170241238e-16,1.9138419382931204e-17,1.5310735506344962e-17,115.67195513483675,0.017290706511434953
1129,391,480,1.2921696099726959e-17,1.2921696099726822e-17,1.2921696099726793e-17,4.8658169794035044e-17,8.560233574876535e-18,264.6542884871528,0.007557064461821723
1130,389,391,0.0,0.0,0.0,0.0,0.0,205.47455725328268,0.009733642049613231
1131,390,391,8.334902844875635e-16,8.334902844875716e-16,8.334902844875692e-16,4.276424563234534e-17,1.8432864496700577e-17,160.45641431319248,0.012464605437506939
1132,391,392,-4.87678182672476e-17,-4.87678182672478e-17,-4.8767818267247627e-17,9.108518647492608e-18,6.375963053244827e-17,55.49698331886775,0.036041895950705394
1133,390,392,-0.0,0.0,-0.0,0.0,0.0,84.83131876949756,0.023577290513198457
1134,390,418,-7.772093642241239e-16,-7.772093642241205e-16,-7.772093642241189e-16,5.497303453934668e-17,1.724644220842249e-17,117.70445132974098,0.016992119662385334
1135,388,418,1.2036269976643268e-17,1.2036269976643317e-17,1.2036269976643351e-17,1.067331381866593e-17,4.3483871113083416e-18,647.6390590300236,0.0030881423248790793
1136,391,479,8.693364066554957e-16,8.693364066554855e-16,8.693364066554853e-16,5.324456524941346e-17,1.5069216580022676e-18,225.8151933592029,0.008856857876653298
1137,393,479,4.288831552177286e-17,4.28883155217729e-17,4.2888315521772824e-17,1.7044502706073806e-17,3.408900541214761e-17,50.584608183083844,0.0395428702818197
1138,391,393,-0.0,0.0,-0.0,0.0,0.0,65.18138980351564,0.0306860124051664
1139,392,393,7.052130693302951e-16,7.052130693302857e-16,7.052130693302851e-16,3.7819132243791345e-17,2.246681123393545e-18,373.42200664123465,0.005355883545538996
1140,393,394,-5.977481903410381e-17,-5.977481903410393e-17,-5.97748190341038e-17,6.952128419079024e-18,7.647341260986926e-17,29.660905408779694,0.06745439035162523
1141,392,394,-0.0,0.0,-0.0,0.0,0.0,32.2172426631055,0.062098506806086244
1142,392,417,-6.828981917353324e-16,-6.828981917353375e-16,-6.828981917353347e-16,1.269478640512932e-17,1.6006469815163056e-17,261.6115547391214,0.0076449595006829385
1143,390,417,-6.331359195113361e-17,-6.331359195113359e-17,-6.331359195113356e-17,1.2155768516550686e-17,6.077884258275343e-18,64.06208610697861,0.031222250013881393
1144,393,478,7.220995728426826e-16,7.220995728426936e-16,7.2209957284269e-16,2.838079604413017e-17,1.4001192715104216e-17,360.8693931076204,0.0055421855039511385
1145,395,478,6.622111004580678e-17,6.622111004580696e-17,6.62211100458067e-17,3.936214883526501e-17,1.3776752092342756e-16,28.372424852776067,0.07052018962832604
1146,393,395,-0.0,0.0,-0.0,0.0,0.0,30.7904754480832,0.06497800412437489
1147,394,396,-0.0,0.0,-0.0,0.0,0.0,21.701855247460504,0.09222332837436163
1148,396,397,0.0,0.0,0.0,0.0,0.0,1.7976931348623157e+308,0.0
1149,394,397,-6.855187444143655e-17,-6.855187444143666e-17,-6.855187444143654e-17,8.285224158699333e-18,8.285224158699333e-17,21.70185524746061,0.09222332837436163
1150,397,398,0.0,0.0,0.0,0.0,0.0,22.283260895750328,0.08981379557944309
1151,394,398,-4.3776350795933433e-16,-4.3776350795932945e-16,-4.377635079593297e-16,1.2754733374203912e-17,6.784432645853144e-19,830.0368319789109,0.0024095327949185345
1152,392,398,-7.108269586220253e-17,-7.108269586220238e-17,-7.108269586220241e-17,5.591004631329523e-17,1.1182009262659045e-17,31.01463805350246,0.06450803960100478
1153,394,395,4.465405633666622e-16,4.46540563366666e-16,4.465405633666655e-16,9.29643870239994e-18,1.3671233385882265e-18,807.628874717214,0.0024763862272503415
1154,395,396,-7.480116871366483e-17,-7.480116871366522e-17,-7.480116871366478e-17,3.118647918698507e-17,2.7288169288611936e-16,21.13516875653333,0.09469971460161197
1155,395,433,-0.0,0.0,-0.0,0.0,0.0,21.1351687565335,0.09469971460161197
1156,396,433,0.0,0.0,0.0,0.0,0.0,1.7976931348623157e+308,0.0
1157,397,399,0.0,0.0,0.0,0.0,0.0,1.7976931348623157e+308,0.0
1158,398,399,-8.279376269941251e-17,-8.279376269941261e-17,-8.279376269941256e-17,2.6724161374126736e-17,2.6724161374126736e-17,22.2832608957504,0.08981379557944309
1159,399,400,0.0,0.0,0.0,0.0,0.0,23.17735918255735,0.08634471244522862
1160,398,400,-4.2605244112211356e-16,-4.2605244112212007e-16,-4.2605244112211963e-16,2.4689186522889376e-17,1.8065258431382473e-18,576.5217864138081,0.0034690831342144776
1161,400,417,9.91841304814377e-17,9.918413048143774e-17,9.918413048143774e-17,1.124311670690723e-17,0.0,33.15986892556238,0.060332163234536315
1162,398,417,0.0,0.0,0.0,0.0,0.0,35.181683248212714,0.05686308010032184
1163,399,401,0.0,0.0,0.0,0.0,0.0,1.7976931348623157e+308,0.0
1164,400,401,-1.1829611498675537e-16,-1.1829611498675565e-16,-1.1829611498675545e-16,2.697349838530292e-17,7.192932902747445e-17,23.17735918255748,0.08634471244522862
1165,401,402,0.0,0.0,0.0,0.0,0.0,24.568778314105455,0.08144912670167728
1166,400,402,-4.06940456616799e-16,-4.069404566167984e-16,-4.0694045661679816e-16,5.041645469103832e-18,1.4828369026775978e-18,408.53211428122995,0.004895585743551335
1167,402,416,1.3415896820201112e-16,1.3415896820201135e-16,1.3415896820201107e-16,1.0026447731886104e-17,5.514546252537357e-17,36.653347749626285,0.054578819473937085
1168,400,416,0.0,0.0,0.0,0.0,0.0,40.26330890383729,0.04968323373038575
1169,401,403,0.0,0.0,0.0,0.0,0.0,1.7976931348623157e+308,0.0
1170,402,403,-1.6596170021458156e-16,-1.6596170021458208e-16,-1.6596170021458158e-16,6.045872974061684e-18,1.209174594812337e-16,24.568778314105256,0.08144912670167728
1171,403,404,0.0,0.0,0.0,0.0,0.0,26.753328792422387,0.07479189723515153
1172,402,404,-3.7513772460422704e-16,-3.7513772460422886e-16,-3.7513772460422817e-16,1.0061887894671303e-17,6.1246274141477494e-18,300.42638555598535,0.006657229466525751
1173,404,415,1.733354701962169e-16,1.733354701962184e-16,1.7333547019621722e-16,4.347451217862249e-17,1.6052127573645228e-16,42.52767566533612,0.047036869512001304
1174,402,415,0.0,0.0,0.0,0.0,0.0,49.53664131026839,0.04037964004547555
1175,403,405,0.0,0.0,0.0,0.0,0.0,1.7976931348623157e+308,0.0
1176,404,405,-2.2685124341841943e-16,-2.268512434184197e-16,-2.268512434184196e-16,2.4371525532082116e-17,2.4371525532082116e-17,26.75332879242256,0.07479189723515153
1177,405,406,0.0,0.0,0.0,0.0,0.0,30.13729943215828,0.06638731836475179
1178,404,406,-3.2162195138201975e-16,-3.21621951382021e-16,-3.2162195138202064e-16,1.1595531990838234e-17,4.5093735519926466e-18,237.96692298935784,0.008404578870399746
1179,406,414,2.106022121848984e-16,2.1060221218489857e-16,2.106022121848986e-16,1.780238129617686e-17,2.2252976620221076e-18,52.601655771317425,0.038026198291439606
1180,404,414,0.0,0.0,0.0,0.0,0.0,67.52319005546615,0.02962161942103986
1181,405,407,0.0,0.0,0.0,0.0,0.0,1.7976931348623157e+308,0.0
1182,406,407,-2.999946139941622e-16,-2.9999461399416204e-16,-2.999946139941623e-16,1.0906682126983396e-17,2.7266705317458492e-17,30.137299432158297,0.06638731836475179
1183,407,408,0.0,0.0,0.0,0.0,0.0,34.815665367426085,0.05746121026423835
1184,406,408,-2.3222954957276354e-16,-2.322295495727628e-16,-2.322295495727626e-16,1.8003039525342977e-17,3.790113584282732e-18,224.06330471195915,0.008926108100513428
1185,408,413,2.4290795475764577e-16,2.429079547576462e-16,2.42907954757646e-16,1.4800716528374344e-17,1.1840573222699474e-17,68.56870969168688,0.02916989135048303
1186,406,413,0.0,0.0,0.0,0.0,0.0,98.79913633880089,0.020243783249969602
1187,407,409,0.0,0.0,0.0,0.0,0.0,1.7976931348623157e+308,0.0
1188,408,409,-3.8695403103149147e-16,-3.869540310314928e-16,-3.8695403103149176e-16,2.1958245011560755e-17,7.685385754046265e-17,34.81566536742605,0.05746121026423835
1189,409,410,0.0,0.0,0.0,0.0,0.0,38.127787574711405,0.052467213746705155
1190,408,410,-8.818347329891759e-17,-8.818347329891748e-17,-8.818347329891744e-17,4.188242718275275e-18,1.0470606795688187e-18,400.4816882915055,0.004993996517533199
1191,410,412,1.234044346837923e-16,1.2340443468379202e-16,1.2340443468379221e-16,7.379355075982469e-18,1.9678280202619914e-17,81.21243555317123,0.024628015096567542
1192,408,412,0.0,0.0,0.0,0.0,0.0,101.86728919760242,0.01963401857903434
1193,409,411,0.0,0.0,0.0,0.0,0.0,1.7976931348623157e+308,0.0
1194,410,411,-2.1158790798270932e-16,-2.1158790798270932e-16,-2.1158790798270932e-16,0.0,0.0,38.12778757471061,0.052467213746705155
1195,412,413,1.268996606396972e-16,1.2689966063969797e-16,1.2689966063969775e-16,2.0376980827716504e-17,8.33603761133857e-18,209.73593119276288,0.009535872771448689
1196,412,432,-3.495225955904752e-18,-3.495225955904361e-18,-3.495225955904366e-18,3.0184014818677014e-17,3.6148520740930554e-19,3658.3557941554395,0.0005466936958441336
1197,413,432,-0.0,0.0,-0.0,0.0,0.0,198.36387386923897,0.010082566467292822
1198,413,414,3.4633856134086227e-16,3.4633856134086133e-16,3.4633856134086094e-16,3.417375246583985e-17,1.0125556286174771e-17,112.47362618848975,0.017782415041470004
1199,413,431,2.3469054056486304e-17,2.346905405648557e-17,2.346905405648552e-17,3.696731309002121e-17,2.328649643465903e-18,902.1540724058095,0.0022169171323305242
1200,414,431,-0.0,0.0,-0.0,0.0,0.0,128.4918987043927,0.01556549790913948
1201,414,415,4.944636637393997e-16,4.944636637394047e-16,4.944636637394026e-16,5.209380289126425e-17,3.6465662023884975e-17,114.84477901767748,0.017415250090961443
1202,414,427,6.247710978635507e-17,6.24771097863552e-17,6.247710978635516e-17,7.057509187251349e-18,2.6465659452192557e-18,223.63411941792086,0.008943238784139544
1203,415,427,-0.0,0.0,-0.0,0.0,0.0,236.07286275362253,0.008472011306821898
1204,415,416,5.887618536252467e-16,5.887618536252458e-16,5.887618536252436e-16,3.6860263150167465e-17,2.6158896429151104e-17,140.8555763906177,0.014199179428461533
1205,415,426,7.90372803103784e-17,7.903728031037798e-17,7.9037280310378e-17,4.4131382778623033e-17,1.3373146296552434e-18,116.61512343675204,0.017150854590027118
1206,416,426,0.0,0.0,0.0,0.0,0.0,677.5818281451022,0.002951675161565585
1207,416,417,6.470276532050121e-16,6.470276532050141e-16,6.470276532050131e-16,8.114456877176131e-18,8.114456877176131e-18,187.81408019788944,0.010648929504150566
1208,416,418,7.589316862224541e-17,7.589316862224581e-17,7.589316862224571e-17,4.8485355558237e-17,1.6161785186079e-17,80.39303622445557,0.02487905985564663
1209,417,418,0.0,0.0,0.0,0.0,0.0,140.54922196199345,0.01423013035149606
1210,418,426,-6.892799256252368e-16,-6.892799256252417e-16,-6.892799256252405e-16,5.959884624622441e-17,1.882068828828139e-17,91.21380238887718,0.021927384694081044
1211,419,426,5.4304254595937877e-17,5.430425459593812e-17,5.4304254595937846e-17,2.598666020033759e-18,2.2868260976297077e-17,218.36153766611193,0.00915918619706998
1212,418,419,-0.0,0.0,-0.0,0.0,0.0,64.34164343474413,0.031086570891151022
1213,419,425,-5.165824320058917e-16,-5.165824320058906e-16,-5.165824320058899e-16,5.219893506334222e-17,2.0299585857966417e-17,65.8236068881115,0.030386573796790613
1214,420,425,3.315897030057949e-16,3.315897030057952e-16,3.3158970300579497e-16,2.063403426051035e-18,1.0317017130255174e-17,72.06016759978075,0.02775636620919363
1215,419,420,-0.0,0.0,-0.0,0.0,0.0,34.40767531930293,0.05814294000598424
1216,420,424,-2.0935726490606884e-16,-2.0935726490607037e-16,-2.0935726490606906e-16,1.1817552923366535e-17,6.95922561042696e-17,89.67623633794474,0.022303376989931914
1217,421,424,5.797901979896567e-16,5.797901979896597e-16,5.797901979896573e-16,1.2220253813327594e-17,5.09177242221983e-17,83.50463881571959,0.023951910254556747
1218,420,421,-0.0,0.0,-0.0,0.0,0.0,43.246009232300295,0.04625528724448866
1219,421,423,-2.63321059862297e-17,-2.6332105986229523e-17,-2.633210598622947e-17,2.2429219196138406e-17,5.083956351124705e-18,391.3109329981369,0.005111036224969422
1220,422,423,3.1437935473478147e-16,3.1437935473478197e-16,3.143793547347815e-16,1.1935287863069513e-18,1.0741759076762563e-17,131.39944614530296,0.01522105817002342
1221,421,422,-0.0,0.0,-0.0,0.0,0.0,98.37003801381543,0.020332094394992842
1222,423,424,0.0,0.0,0.0,0.0,0.0,68.820990852975,0.02906294647952617
1223,424,425,0.0,0.0,0.0,0.0,0.0,39.96060542262572,0.050059743199125546
1224,424,429,-5.96536446795989e-17,-5.965364467959904e-17,-5.965364467959892e-17,1.9177517946716773e-18,9.588758973358387e-18,215.48699971006323,0.009281368991967081
1225,423,429,2.880472487485144e-16,2.8804724874851464e-16,2.880472487485138e-16,2.0314901913202345e-17,2.877944437703666e-17,101.10746826437745,0.01978157748755909
1226,425,426,0.0,0.0,0.0,0.0,0.0,50.580912796710535,0.03954575999386059
1227,425,428,-3.109458962487548e-16,-3.109458962487555e-16,-3.1094589624875533e-16,2.3002531271384273e-17,6.273417619468438e-18,75.82504501158719,0.026378038617313564
1228,424,428,4.300865777631666e-16,4.300865777631666e-16,4.300865777631666e-16,0.0,0.0,84.45732707874599,0.02368170458181198
1229,426,427,-5.559383907189162e-16,-5.559383907189158e-16,-5.559383907189162e-16,0.0,9.089033843630941e-18,78.05955152444665,0.025622865896849013
1230,425,427,1.2595316724866367e-16,1.2595316724866298e-16,1.259531672486629e-16,4.223724325466267e-17,4.087475153677033e-18,143.65061558249562,0.013922894097011577
1231,427,431,-3.6750811368390443e-16,-3.6750811368390576e-16,-3.6750811368390403e-16,1.3151421533362361e-17,5.753746920846033e-17,81.6076380050744,0.024508736693279024
1232,428,431,2.174257467748517e-16,2.174257467748515e-16,2.1742574677485117e-16,1.969543922489662e-17,1.2533461324934211e-17,126.64746326206203,0.015792196021046114
1233,427,428,-0.0,0.0,-0.0,0.0,0.0,49.63335963085224,0.04030093271432514
1234,428,430,-9.828506526044346e-17,-9.82850652604445e-17,-9.828506526044384e-17,2.3587943283776455e-17,4.108867539754609e-17,164.81796522674054,0.012134748412941957
1235,429,430,2.2839360406891304e-16,2.2839360406891397e-16,2.2839360406891304e-16,0.0,4.271287133391266e-17,96.02655457031773,0.020828325160837102
1236,428,429,-0.0,0.0,-0.0,0.0,0.0,60.67944745141137,0.03296307357377906
1237,430,431,0.0,0.0,0.0,0.0,0.0,71.62007962389771,0.027926944433988073
1238,431,432,-1.2661331285256582e-16,-1.266133128525648e-16,-1.2661331285256484e-16,4.789415126645172e-17,1.1973537816612929e-18,162.61050284099602,0.012299483599623346
1239,430,432,1.301085388084683e-16,1.3010853880846874e-16,1.3010853880846904e-16,4.441355077638853e-17,1.776542031055541e-17,127.98244858549049,0.015627460834364726
1240,395,434,4.551206220346092e-16,4.551206220346033e-16,4.551206220346026e-16,2.0617764206833866e-17,2.1540947678781652e-18,704.0721509002381,0.002840619874392415
1241,434,478,0.0,0.0,0.0,0.0,0.0,29.562294348105603,0.06767956975393362
1242,433,434,8.635927133104918e-17,8.635927133104912e-17,8.635927133104922e-17,2.0866175390378572e-17,5.564313437434286e-17,20.520592281246316,0.09754033447600438
1243,434,435,-0.0,0.0,-0.0,0.0,0.0,20.520592281246426,0.09754033447600438
1244,433,435,0.0,0.0,0.0,0.0,0.0,1.7976931348623157e+308,0.0
1245,434,436,4.637532721380386e-16,4.6375327213804e-16,4.6375327213803955e-16,3.464670862344708e-18,1.732335431172354e-18,613.7075639499069,0.0032588840150220588
1246,434,477,7.772662122941472e-17,7.772662122941501e-17,7.772662122941465e-17,3.522794183723055e-17,1.7026838554661434e-16,27.00938217200034,0.07408220592167014
1247,436,477,0.0,0.0,0.0,0.0,0.0,28.251088296102377,0.07082332190664808
1248,435,436,1.0001315501913972e-16,1.000131550191399e-16,1.0001315501913968e-16,1.8618481327835288e-17,1.0550472752439996e-16,19.858220698645145,0.10079921849102644
1249,436,437,-0.0,0.0,-0.0,0.0,0.0,19.858220698645034,0.10079921849102644
1250,435,437,0.0,0.0,0.0,0.0,0.0,1.7976931348623157e+308,0.0
1251,436,438,4.721291221823297e-16,4.721291221823227e-16,4.721291221823212e-16,3.3562273078892024e-17,5.8538848393416324e-18,535.176138284438,0.003737091743390461
1252,436,463,9.163730497484674e-17,9.163730497484687e-17,9.163730497484667e-17,3.154984810813862e-17,8.939123630639277e-17,25.580093585421658,0.0782256626636192
1253,438,463,0.0,0.0,0.0,0.0,0.0,26.862170231492968,0.07448857092022873
1254,437,438,1.162093448865157e-16,1.1620934488651599e-16,1.1620934488651562e-16,3.323323270443129e-17,1.6616616352215646e-16,19.149527762883846,0.10453631023441691
1255,438,439,-0.0,0.0,-0.0,0.0,0.0,19.149527762883977,0.10453631023441691
1256,437,439,0.0,0.0,0.0,0.0,0.0,1.7976931348623157e+308,0.0
1257,438,440,4.798040000880381e-16,4.79804000088049e-16,4.798040000880492e-16,4.969850321448756e-17,8.796195259201338e-19,467.284866975151,0.004280050980644329
1258,438,462,1.0853446698079406e-16,1.0853446698079443e-16,1.085344669807942e-16,5.655666315168862e-17,8.483499472753292e-17,24.096293799606094,0.0830480147689723
1259,440,462,0.0,0.0,0.0,0.0,0.0,25.404160044269783,0.07876796378832798
1260,439,440,1.3549611913658996e-16,1.3549611913658993e-16,1.3549611913659005e-16,3.955665407210943e-17,4.944581759013679e-17,18.39772152241771,0.10881636121506123
1261,440,441,-0.0,0.0,-0.0,0.0,0.0,18.39772152241746,0.10881636121506123
1262,439,441,0.0,0.0,0.0,0.0,0.0,1.7976931348623157e+308,0.0
1263,442,443,-0.0,0.0,-0.0,0.0,0.0,17.608083187263205,0.1137065504390843
1264,440,442,4.861579524419484e-16,4.861579524419435e-16,4.86157952441942e-16,3.223600483253441e-17,7.439078038277173e-18,408.98294402046645,0.004890189224023064
1265,440,444,1.2914216678268737e-16,1.2914216678268786e-16,1.2914216678268722e-16,5.073841095334418e-17,2.1986644746449146e-16,22.573389490522235,0.08865792472985665
1266,442,444,0.0,0.0,0.0,0.0,0.0,23.88950061440341,0.08376773550583358
1267,441,442,1.5854321975907354e-16,1.5854321975907399e-16,1.5854321975907342e-16,4.4153049534601216e-17,2.031040278591656e-16,17.60808318726315,0.1137065504390843
1268,441,443,0.0,0.0,0.0,0.0,0.0,1.7976931348623157e+308,0.0
1269,444,462,-7.876888496703954e-16,-7.876888496703936e-16,-7.876888496703923e-16,1.919015504468371e-17,8.047484373577041e-18,202.226916131023,0.009889960941528664
1270,445,462,-9.313992336591062e-17,-9.31399233659109e-17,-9.313992336591078e-17,5.0968464524093366e-17,3.5285860055141564e-17,33.7540885537974,0.05926942568768151
1271,444,445,0.0,0.0,0.0,0.0,0.0,40.51089622698629,0.049379464746152846
1272,445,461,-9.809744573129213e-16,-9.809744573129282e-16,-9.80974457312925e-16,2.8372562462940966e-17,2.3892684179318707e-17,134.6287405820737,0.014855942159058182
1273,446,461,-4.681484184527188e-17,-4.681484184527226e-17,-4.6814841845272023e-17,4.032601566032464e-17,6.662559109097115e-17,75.08434991808325,0.026638284371496276
1274,445,446,0.0,0.0,0.0,0.0,0.0,169.74750021260348,0.011782342212438094
1275,446,460,-1.0755008465714167e-15,-1.07550084657142e-15,-1.0755008465714171e-15,3.4710430494919245e-18,2.6032822871189434e-17,105.65734207403689,0.018929680441659127
1276,447,460,1.260764996733103e-17,1.2607649967331231e-17,1.2607649967331189e-17,3.890812605941542e-17,1.0199217510720546e-17,323.5141198267026,0.006182130074743835
1277,446,447,-0.0,0.0,-0.0,0.0,0.0,79.64798468407199,0.02511181051640296
1278,447,459,-1.0665792783599174e-15,-1.066579278359919e-15,-1.0665792783599142e-15,3.112248533414937e-17,4.668372800122406e-17,95.05894982619799,0.021040352179873597
1279,448,459,8.446382630909221e-17,8.44638263090926e-17,8.446382630909221e-17,0.0,7.799551749154586e-17,58.00183826371528,0.03448508287733377
1280,447,448,-0.0,0.0,-0.0,0.0,0.0,36.028782434455294,0.05552543505720736
1281,448,458,-9.574481891044805e-16,-9.574481891044839e-16,-9.574481891044837e-16,3.375278752054342e-17,2.1095492200339638e-18,97.6417371562412,0.02048376020849895
1282,449,458,1.726892122830512e-16,1.7268921228305102e-16,1.7268921228305085e-16,5.3593637144413074e-17,2.6796818572206537e-17,37.2906583698128,0.05364559667547014
1283,448,449,-0.0,0.0,-0.0,0.0,0.0,26.992218204746738,0.0741293568839691
1284,449,457,-7.650284643952096e-16,-7.65028464395215e-16,-7.650284643952141e-16,5.4984367755434306e-17,1.099687355108686e-17,105.48874620487113,0.018959936341972537
1285,450,457,3.578691495643718e-16,3.578691495643718e-16,3.5786914956437147e-16,2.6940145460266175e-17,2.6940145460266175e-17,35.797631523095546,0.05588415753509215
1286,449,450,-0.0,0.0,-0.0,0.0,0.0,26.73468827793196,0.07484409387706469
1287,450,456,-4.745149804439183e-16,-4.745149804439183e-16,-4.745149804439164e-16,3.091161543184963e-17,3.091161543184963e-17,134.45247863232657,0.014875418436963408
1288,451,456,7.291311270875067e-16,7.291311270875118e-16,7.291311270875101e-16,3.253915506404961e-17,1.5804732459681243e-17,145.46770276333362,0.013748972917131005
1289,450,451,-0.0,0.0,-0.0,0.0,0.0,69.87525193774307,0.028624391354094413
1290,451,455,-2.7340157208186288e-16,-2.734015720818227e-16,-2.734015720818213e-16,2.8376997239031676e-17,9.42533716124421e-19,5357.23355248485,0.0003733270173174783
1291,452,455,9.525820865721578e-16,9.52582086576299e-16,9.525820865762962e-16,6.009982300299796e-17,4.0097098839209476e-20,72285.8207699509,2.7667943434134754e-05
1292,451,452,-0.0,0.0,-0.0,0.0,0.0,4987.5939165307,0.0004009949607516131
1293,452,454,-1.9006755771731054e-16,-1.900675551655576e-16,-1.9006755516555626e-16,6.854065816269954e-17,3.5756387385447583e-23,195876613.2239065,1.0210509242414662e-08
1294,452,453,-0.0,0.0,-0.0,0.0,0.0,195046227.29976177,1.025398103762207e-08
1295,454,455,0.0,0.0,0.0,0.0,0.0,72259.15442826688,2.767815394337717e-05
1296,455,456,0.0,0.0,0.0,0.0,0.0,141.62234544413175,0.014122299934448482
1297,455,470,-1.4142126225199528e-16,-1.4142126225223854e-16,-1.4142126225223825e-16,2.3102895458656646e-17,2.8128525314922867e-20,74365.24755064509,2.6894282827250078e-05
1298,456,457,0.0,0.0,0.0,0.0,0.0,28.276517900940632,0.07075957597205555
1299,456,469,-2.6304616777051476e-16,-2.6304616777051624e-16,-2.6304616777051515e-16,7.004771459241243e-18,1.9263121512913417e-17,214.06441999263657,0.00934304985766167
1300,455,469,8.206017767444783e-16,8.206017767444795e-16,8.206017767444786e-16,8.614462441880926e-19,2.584338732564278e-18,418.47649207230285,0.004779250076786812
1301,457,458,0.0,0.0,0.0,0.0,0.0,27.55820987142156,0.07260553301744267
1302,457,468,-6.30426803999198e-16,-6.30426803999195e-16,-6.304268039991957e-16,4.017382018908136e-17,1.2226814840155195e-17,89.54894658124083,0.02233508286050726
1303,456,468,5.176623145104147e-16,5.17662314510415e-16,5.176623145104148e-16,4.611201817110447e-18,9.222403634220894e-18,41.309483654082925,0.0484244931115483
1304,458,459,0.0,0.0,0.0,0.0,0.0,36.39340866489885,0.05496884308583272
1305,458,467,-8.733705193567216e-16,-8.733705193567205e-16,-8.733705193567161e-16,5.744023405984796e-17,4.513161247559483e-17,110.07374548437149,0.018170136907232914
1306,457,467,2.2326749005002013e-16,2.2326749005002126e-16,2.232674900500204e-16,3.605374471893867e-17,1.0215227670365956e-16,36.74987209215727,0.05443539611020976
1307,459,460,0.0,0.0,0.0,0.0,0.0,73.47322299109192,0.02722248225461743
1308,459,466,-1.003117980761579e-15,-1.0031179807615813e-15,-1.0031179807615777e-15,1.0192745591911839e-17,3.057823677573552e-17,115.73067683043821,0.017281932777566913
1309,458,466,8.861154261762242e-17,8.861154261762264e-17,8.861154261762259e-17,3.669165812649638e-17,1.0483330893284678e-17,53.07510473097529,0.037686910308265806
1310,460,461,-0.0,0.0,-0.0,0.0,0.0,259.45163637367756,0.007708603929837149
1311,460,465,-1.0304642112815805e-15,-1.0304642112815884e-15,-1.0304642112815872e-15,5.165911422688781e-17,9.116314275333143e-18,125.96198356873532,0.01587814007354281
1312,459,465,2.100252872782791e-17,2.1002528727827773e-17,2.1002528727827776e-17,3.578508070073035e-17,8.322111790867523e-19,176.30122725907054,0.011344342181074621
1313,461,462,-0.0,0.0,-0.0,0.0,0.0,45.03877178401547,0.04441348352862333
1314,461,464,-9.527549856112765e-16,-9.527549856112736e-16,-9.527549856112726e-16,2.6243686175791205e-17,6.560921543947801e-18,157.74818536954345,0.01267860410825108
1315,460,464,-3.2428985322496256e-17,-3.242898532249626e-17,-3.242898532249621e-17,1.3560255131211794e-17,1.5497434435670622e-17,98.10412827620233,0.02038720803808823
1316,462,463,-7.722943060555015e-16,-7.72294306055508e-16,-7.722943060555079e-16,3.5518438976176806e-17,5.464375227104124e-19,233.66146749809528,0.008559443848743574
1317,461,463,-7.50343135469117e-17,-7.503431354691171e-17,-7.503431354691181e-17,3.9149434434789625e-17,3.479949727536855e-17,37.76396294626512,0.052972927377366905
1318,463,477,-7.556913146275694e-16,-7.55691314627566e-16,-7.556913146275655e-16,1.931804181597163e-17,2.414755226996454e-18,270.18603953744974,0.00740234075697111
1319,464,477,-6.0796135659945e-17,-6.079613565994542e-17,-6.07961356599451e-17,3.867320430132805e-17,1.2568791397931615e-16,41.939602872228875,0.04769666402608693
1320,463,464,0.0,0.0,0.0,0.0,0.0,49.641498747425395,0.04029432326911583
1321,464,476,-9.243878352738097e-16,-9.243878352738192e-16,-9.243878352738184e-16,5.0835357028713826e-17,4.621396093519439e-18,184.6600798718749,0.010830817101612704
1322,465,476,-2.2032204006204145e-17,-2.2032204006204172e-17,-2.2032204006204126e-17,6.436316149208116e-18,1.609079037302029e-17,130.3816299730607,0.015339885066158122
1323,464,465,0.0,0.0,0.0,0.0,0.0,443.5513956189407,0.004509067964545419
1324,465,475,-9.874294785406573e-16,-9.874294785406521e-16,-9.874294785406498e-16,5.068198756173903e-17,1.6004838177391275e-17,149.74913156592487,0.013355868637557857
1325,466,475,2.699871402511986e-17,2.699871402511997e-17,2.6998714025119886e-17,6.971392498664893e-18,2.3528449682994013e-17,130.97482948478287,0.015270406321083676
1326,465,466,-0.0,0.0,-0.0,0.0,0.0,69.87065478460558,0.028626274958641534
1327,466,474,-9.41505152180152e-16,-9.415051521801535e-16,-9.415051521801537e-16,1.3286790954451588e-17,1.6608488693064485e-18,126.12106406440614,0.015858111632225256
1328,467,474,1.1876456688414812e-16,1.1876456688414815e-16,1.187645668841482e-16,1.2452179200443254e-17,8.301452800295503e-18,50.007996867819884,0.039998935583273464
1329,466,467,-0.0,0.0,-0.0,0.0,0.0,35.81499693072371,0.05585704721549872
1330,467,473,-7.688675963589927e-16,-7.688675963589905e-16,-7.68867596358991e-16,2.5262869032682137e-17,7.430255597847688e-18,86.30285029750691,0.02317524285255421
1331,468,473,3.3695649197019633e-16,3.3695649197019574e-16,3.369564919701962e-16,1.1760346845057253e-17,3.5281040535171756e-17,37.32568160027346,0.05359523611816282
1332,467,468,-0.0,0.0,-0.0,0.0,0.0,26.064474453721814,0.07677047897071704
1333,468,472,-4.497209812626656e-16,-4.497209812626667e-16,-4.49720981262667e-16,3.479403880981885e-17,7.455865459246895e-18,88.22476071700333,0.022670343794941542
1334,469,472,6.651725037165052e-16,6.651725037165029e-16,6.651725037165055e-16,7.803605387588887e-18,7.023244848829998e-17,56.990453514116865,0.035097199174268415
1335,468,469,-0.0,0.0,-0.0,0.0,0.0,34.63114489114406,0.05776754296920996
1336,469,471,-1.0761689477423919e-16,-1.0761689477423923e-16,-1.0761689477423933e-16,2.2642377517719876e-18,1.6467183649250818e-18,556.430158969849,0.003594345347711171
1337,469,470,-0.0,0.0,-0.0,0.0,0.0,416.1347850142068,0.0048061443596140625
1338,471,472,0.0,0.0,0.0,0.0,0.0,51.69732882012186,0.03869154452197959
1339,472,473,0.0,0.0,0.0,0.0,0.0,26.236859599895705,0.07626557991310436
1340,472,483,-2.605127312509846e-16,-2.605127312509853e-16,-2.605127312509853e-16,2.4550589301603754e-17,0.0,107.92389563827442,0.018532107534468052
1341,473,474,0.0,0.0,0.0,0.0,0.0,31.669032634841763,0.06317417843582768
1342,473,482,-6.213663878669335e-16,-6.213663878669366e-16,-6.213663878669339e-16,8.584146982768568e-18,6.008902887937998e-17,73.9478473096581,0.027047737037573513
1343,472,482,4.759642535116031e-16,4.759642535116058e-16,4.759642535116037e-16,3.058385899778412e-17,1.0704350649224442e-16,40.643872211876854,0.04921784287553085
1344,474,475,0.0,0.0,0.0,0.0,0.0,64.25495418157708,0.031128517953308933
1345,474,481,-8.640315999508152e-16,-8.640315999508193e-16,-8.64031599950817e-16,2.1752612330201465e-17,2.9003483106935287e-17,94.43693983277751,0.021178945028657786
1346,473,481,1.8945528363781218e-16,1.8945528363781258e-16,1.894552836378118e-16,4.3708902298544036e-17,8.741780459708807e-17,47.631451532562224,0.04199523340716989
1347,475,476,-0.0,0.0,-0.0,0.0,0.0,1008.056499544003,0.001984016428600265
1348,475,480,-9.450662277828122e-16,-9.450662277828213e-16,-9.450662277828203e-16,5.3693996565480654e-17,6.548048361643983e-18,159.34422361940167,0.012551608157774037
1349,474,480,4.1291014659686666e-17,4.129101465968643e-17,4.1291014659686494e-17,3.8817175171042324e-17,1.3863276846800828e-17,107.6636285912108,0.018576909795534894
1350,476,477,-0.0,0.0,-0.0,0.0,0.0,54.25689837205092,0.03686584692447423
1351,476,479,-8.96860185446197e-16,-8.968601854461976e-16,-8.968601854461984e-16,7.132753368189262e-18,4.075859067536722e-18,215.80252908958434,0.009267798314342199
1352,475,479,-1.5364536731772024e-17,-1.5364536731772172e-17,-1.5364536731772153e-17,4.738908072573882e-17,6.7698686751055456e-18,177.7509802821602,0.011251814742942463
1353,477,478,-7.387608290580992e-16,-7.387608290580963e-16,-7.38760829058095e-16,1.8373943919071565e-17,5.554913277858845e-18,312.3724009753439,0.006402636167736527
1354,476,478,-4.9559853831987405e-17,-4.9559853831987337e-17,-4.955985383198732e-17,3.7658447222131826e-17,8.069667261885392e-18,46.23023212853685,0.043268483092210756
1355,478,479,0.0,0.0,0.0,0.0,0.0,58.828011370443875,0.03400068477786856
1356,479,480,-0.0,0.0,-0.0,0.0,0.0,1538.7062734388267,0.0012997934148315747
1357,480,481,-0.0,0.0,-0.0,0.0,0.0,50.31368142475592,0.03975585482419268
1358,481,482,-0.0,0.0,-0.0,0.0,0.0,28.978973711960382,0.0690429704447434
1359,482,483,-0.0,0.0,-0.0,0.0,0.0,29.531607605192203,0.0677499504099989
1360,0,759,8.115321704813353e-16,8.115321704813335e-16,8.115321704813337e-16,1.2937661420237697e-17,1.6172076775297122e-18,150.26883075965523,0.013309676493674965
1361,0,760,0.0,0.0,0.0,0.0,0.0,18.078486868510822,0.11074176469055885
1362,759,760,1.80490439872194e-16,1.8049043987219422e-16,1.804904398721939e-16,2.6594074727143907e-17,8.643074286321769e-17,20.543354406211904,0.09743208819688388
1363,1,759,0.0,0.0,0.0,0.0,0.0,17.258294309896563,0.11601626188976091
1364,759,1177,8.067974686858599e-16,8.067974686858468e-16,8.067974686858464e-16,9.994687889363601e-17,2.9181570479893727e-18,167.53179825170707,0.011938173971435274
1365,1176,1177,0.0,0.0,0.0,0.0,0.0,16.367193534985503,0.12234805034976085
1366,759,1176,-1.7575573807295059e-16,-1.7575573807295145e-16,-1.757557380729506e-16,7.73531494485449e-18,2.6300070812505266e-16,18.132719431155415,0.11040987637832557
1367,64,760,1.05018530800601e-15,1.0501853080060111e-15,1.0501853080060058e-15,4.809280508131898e-17,6.18336065331244e-17,81.99996935831815,0.024391462239642347
1368,64,820,0.0,0.0,0.0,0.0,0.0,18.097846741388416,0.11062305862083815
1369,760,820,1.8814537296283098e-16,1.8814537296283098e-16,1.8814537296283096e-16,5.645785141626318e-18,5.645785141626318e-18,23.207724837805127,0.0862315963811958
1370,760,761,1.04253037491373e-15,1.0425303749137352e-15,1.0425303749137329e-15,3.132400925529859e-17,2.505920740423887e-17,90.5869505996269,0.022079132083736276
1371,759,761,0.0,0.0,0.0,0.0,0.0,16.75474417755191,0.11951122028062017
1372,760,762,0.0,0.0,0.0,0.0,0.0,16.282374282002642,0.1229869979009685
1373,761,762,1.9048220444789572e-16,1.904822044478961e-16,1.9048220444789591e-16,5.219306059780038e-17,5.219306059780038e-17,19.8368755704593,0.10090786581723221
1374,761,1178,1.0266041729766442e-15,1.0266041729766408e-15,1.026604172976638e-15,5.889391125359267e-17,2.659725024355798e-17,101.11805636856354,0.019779506017149676
1375,1177,1178,0.0,0.0,0.0,0.0,0.0,15.725655631667717,0.12735255232633458
1376,761,1177,-1.7455600250074787e-16,-1.7455600250074796e-16,-1.7455600250074777e-16,3.0355026055435874e-17,6.071005211087175e-17,18.609943260547855,0.10757304630918489
1377,762,763,1.1974550971915363e-15,1.197455097191537e-15,1.1974550971915335e-15,3.826306799109651e-17,4.9195373131409795e-17,60.26004497674603,0.033192534480482185
1378,761,763,0.0,0.0,0.0,0.0,0.0,14.936541953181688,0.13410040029771442
1379,762,820,-1.2233790829057289e-15,-1.2233790829057391e-15,-1.2233790829057365e-15,1.155277420470868e-16,3.850924734902893e-17,54.41989672668661,0.03675540151977269
1380,819,820,-0.0,0.0,-0.0,0.0,0.0,14.855005225280683,0.13483868210169658
1381,762,819,2.1640619016215072e-16,2.1640619016215176e-16,2.1640619016215105e-16,7.256732925227648e-17,1.618809652550783e-16,20.407179688726682,0.0980832805819239
1382,762,764,0.0,0.0,0.0,0.0,0.0,13.29540618973954,0.1507125280745476
1383,763,764,2.2133840024313966e-16,2.2133840024313958e-16,2.2133840024313973e-16,1.961088866624532e-17,3.922177733249064e-17,17.037962936472038,0.11751999359406541
1384,763,1179,1.1633716538123887e-15,1.1633716538123868e-15,1.1633716538123826e-15,7.789276540690153e-17,5.27660668885462e-17,67.466244453451,0.02964662552547433
1385,1178,1179,0.0,0.0,0.0,0.0,0.0,13.916008632349373,0.14396751980603906
1386,763,1178,-1.872549568528847e-16,-1.8725495685288498e-16,-1.8725495685288503e-16,9.772000261891632e-17,1.5033846556756358e-17,17.51366405443262,0.11432089428056473
1387,764,765,1.2673121299562763e-15,1.2673121299562741e-15,1.2673121299562733e-15,5.524479532665819e-17,1.4731945420442185e-17,42.25292129574771,0.04734284594324076
1388,763,765,0.0,0.0,0.0,0.0,0.0,12.15876127215633,0.16486283953730618
1389,764,819,-1.3194496150950377e-15,-1.3194496150950465e-15,-1.3194496150950402e-15,5.111965580138112e-17,1.2583299889570738e-16,38.010454521241954,0.052629247492623696
1390,818,819,-0.0,0.0,-0.0,0.0,0.0,11.159426901801156,0.17970271238494034
1391,764,818,2.7347588538231242e-16,2.7347588538231297e-16,2.734758853823126e-16,4.575751469349516e-17,8.007565071361652e-17,15.760100310933641,0.12707346489231666
1392,764,766,0.0,0.0,0.0,0.0,0.0,10.017761082625425,0.20031252827769463
1393,765,766,2.7624266959003736e-16,2.7624266959003775e-16,2.7624266959003785e-16,1.3624461548213064e-16,2.7248923096426126e-17,13.099971205102774,0.15296968233445388
1394,765,1180,1.2094309327649906e-15,1.2094309327649946e-15,1.209430932764994e-15,5.832779262311387e-17,1.0293139874667154e-17,47.52616270142862,0.04208829653050631
1395,1179,1180,0.0,0.0,0.0,0.0,0.0,11.309564163253949,0.17730451054233815
1396,765,1179,-2.1836147239859971e-16,-2.183614723985995e-16,-2.1836147239859957e-16,4.572602750978789e-17,2.2863013754893945e-17,14.813654737331209,0.13521621401183184
1397,766,767,1.239691678590004e-15,1.2396916785900057e-15,1.2396916785900022e-15,4.700308390866868e-17,9.400616781733735e-17,30.460912733009103,0.0656815170354258
1398,765,767,0.0,0.0,0.0,0.0,0.0,9.18340133436942,0.21865119936987967
1399,766,818,-1.319602163870263e-15,-1.3196021638702735e-15,-1.3196021638702664e-15,9.299617009971062e-17,1.9693306609350483e-16,27.320036890151407,0.07323906338537799
1400,817,818,-0.0,0.0,-0.0,0.0,0.0,7.934951848086681,0.2533966490384934
1401,766,817,3.5615315488066186e-16,3.5615315488066034e-16,3.5615315488066186e-16,0.0,3.8552760130371804e-16,11.13140214464179,0.1801575856531154
1402,766,768,0.0,0.0,0.0,0.0,0.0,7.147390391655881,0.2816700134294017
1403,767,768,3.507879836880927e-16,3.5078798368809206e-16,3.507879836880923e-16,1.209602226970445e-16,7.560013918565281e-17,9.295722534581106,0.21598849639397588
1404,767,1181,1.15826619998181e-15,1.1582661999818155e-15,1.158266199981812e-15,4.943605367268383e-17,8.898489661083089e-17,34.44199220075796,0.05808497567316477
1405,1180,1181,0.0,0.0,0.0,0.0,0.0,8.562481822701288,0.23464787851253813
1406,767,1180,-2.6936250507988237e-16,-2.693625050798827e-16,-2.693625050798823e-16,1.6117088076740042e-17,1.2893670461392034e-16,11.35681965628748,0.17656290283937337
1407,768,769,1.121518913729757e-15,1.1215189137297653e-15,1.1215189137297601e-15,1.2783453313887155e-16,2.0773111635066627e-16,22.009269744208986,0.09093341037156738
1408,767,769,0.0,0.0,0.0,0.0,0.0,6.567389089254344,0.30692190676554326
1409,768,817,-1.220905063529508e-15,-1.2209050635295032e-15,-1.2209050635295081e-15,8.191719032821089e-18,2.0479297582052724e-16,19.718936992440128,0.10151242777628627
1410,816,817,-0.0,0.0,-0.0,0.0,0.0,5.476542767424728,0.36933579963381047
1411,768,816,4.501741334870565e-16,4.501741334870591e-16,4.501741334870571e-16,1.7495021198927725e-16,5.831673732975909e-16,7.512192127032365,0.2678233718575242
1412,768,770,0.0,0.0,0.0,0.0,0.0,4.9870132025597504,0.4065502773496219
1413,769,770,4.3544673598744343e-16,4.354467359874436e-16,4.354467359874438e-16,1.4176899457231733e-16,7.088449728615866e-17,6.389312634723788,0.3156168669780545
1414,769,1182,1.022269892109457e-15,1.022269892109458e-15,1.022269892109454e-15,1.1496015037366933e-16,1.5328020049822577e-16,25.172062881945006,0.07949499971321769
1415,1181,1182,0.0,0.0,0.0,0.0,0.0,6.14602050001848,0.3283319308055962
1416,769,1181,-3.361977143671348e-16,-3.3619771436713554e-16,-3.3619771436713534e-16,1.996780499421527e-16,7.261019997896462e-17,8.078822248719508,0.2488369310923785
1417,770,771,9.3458060751331e-16,9.345806075133106e-16,9.345806075133108e-16,4.899877614148965e-17,1.2249694035372412e-17,17.226555026922576,0.11623049868102968
1418,769,771,0.0,0.0,0.0,0.0,0.0,4.703017787767284,0.4318473656590842
1419,770,816,-1.0488356633971008e-15,-1.0488356633971016e-15,-1.0488356633971022e-15,9.115196067610766e-17,3.9065126004046144e-17,14.439927786618616,0.13872690549209774
1420,815,816,-0.0,0.0,-0.0,0.0,0.0,4.525510957887642,0.4493503458414848
1421,770,815,5.497017918711218e-16,5.497017918711226e-16,5.497017918711224e-16,1.6583122846148924e-16,5.527707615382975e-17,6.490351630463492,0.31062344034938705
1422,770,772,0.0,0.0,0.0,0.0,0.0,5.2033565211370005,0.38920714211680385
1423,771,772,5.702373570806471e-16,5.702373570806496e-16,5.702373570806463e-16,1.8765281799436356e-16,7.740678742267497e-16,7.372073861494617,0.27297664343577416
1424,771,1183,8.016099093428642e-16,8.01609909342869e-16,8.016099093428645e-16,1.826025437224208e-17,2.7999056704104525e-16,20.209790009356006,0.09904282257719044
1425,1182,1183,0.0,0.0,0.0,0.0,0.0,4.505685673230106,0.451395188523057
1426,771,1182,-4.3726665891020317e-16,-4.3726665891020346e-16,-4.3726665891020263e-16,2.162783313683028e-16,3.34248330296468e-16,5.734740382294303,0.35235236594586655
1427,772,773,6.92626294526202e-16,6.926262945262012e-16,6.926262945262011e-16,2.1616029536214133e-17,2.4017810595793483e-18,59.27588626707782,0.03374373452058265
1428,771,773,0.0,0.0,0.0,0.0,0.0,6.571637165211367,0.30672037795635676
1429,772,815,-8.185116008605018e-16,-8.185116008605024e-16,-8.185116008605011e-16,3.311789463347398e-17,6.150466146216595e-17,25.46366590157005,0.07858370176741676
1430,814,815,-0.0,0.0,-0.0,0.0,0.0,15.732754360793649,0.12729493461371763
1431,772,814,6.961226634148922e-16,6.96122663414892e-16,6.961226634148929e-16,2.7594842785664615e-17,3.449355348208077e-17,41.06640976851754,0.04871123284630087
1432,772,774,0.0,0.0,0.0,0.0,0.0,40.157014330352695,0.04981479828473465
1433,773,774,8.8854651708177e-16,8.885465170817801e-16,8.885465170817797e-16,8.738997894187392e-17,3.566937915994854e-18,124.44994778697571,0.016071063764151995
1434,773,1184,5.621561168433117e-16,5.621561168433144e-16,5.621561168433125e-16,9.517298331011581e-18,2.2603583536152506e-17,147.44491858698134,0.013564595412632432
1435,1183,1184,0.0,0.0,0.0,0.0,0.0,9.076712372033922,0.2212421507917988
1436,773,1183,-7.58076339398908e-16,-7.580763393989125e-16,-7.580763393989087e-16,9.42102381730276e-17,5.248856126782966e-16,9.664901738008671,0.20767755537916635
1437,774,775,7.205442688221474e-16,7.205442688219397e-16,7.205442688219361e-16,1.5862682811319822e-17,2.66475306209759e-19,18488.228892940202,0.00010817693860911543
1438,773,775,0.0,0.0,0.0,0.0,0.0,123.61789187300886,0.01617924070276111
1439,774,814,-8.597730367438294e-16,-8.597730367439299e-16,-8.597730367439296e-16,6.429665572046523e-17,1.8985232988326346e-19,1812.3077556853164,0.0011035654384337792
1440,813,814,-0.0,0.0,-0.0,0.0,0.0,1645.6808021577096,0.0012153026537957124
1441,774,813,1.0277752850059377e-15,1.0277752850049722e-15,1.0277752850049708e-15,5.256201591668356e-17,7.504264968729042e-20,17899.139472815164,0.0001117372153619333
1442,774,776,0.0,0.0,0.0,0.0,0.0,17891.210756892233,0.00011178673312001115
1443,775,776,1.4894742674288571e-15,1.489474267437508e-15,1.489474267437502e-15,1.0475648871605981e-17,7.169373015813378e-21,554048.158275598,3.6097945108957313e-06
1444,775,1185,5.01528953765504e-16,5.01528953756235e-16,5.015289537562351e-16,3.2981210056693756e-17,3.5087513491594155e-22,560353.1834546826,3.5691775449686897e-06
1445,1184,1185,0.0,0.0,0.0,0.0,0.0,763.8797994591104,0.002618214467673648
1446,775,1184,-1.2704589523077464e-15,-1.2704589523078036e-15,-1.2704589523078042e-15,5.94606922935085e-17,6.088125490802919e-19,764.9225487470045,0.002614645290128679
1447,776,777,7.277344247328381e-16,7.277343278477302e-16,7.27734327847728e-16,2.2710673905426376e-17,5.085177440530413e-25,5862116491.613293,3.41173932478021e-10
1448,775,777,0.0,0.0,0.0,0.0,0.0,553995.7982681551,3.6101356848282096e-06
1449,776,813,-1.0118859160979996e-15,-1.0118859180284399e-15,-1.0118859180284377e-15,4.7234062894536056e-17,5.308020034970652e-23,40389550.72732363,4.951775807785961e-08
1450,812,813,-0.0,0.0,-0.0,0.0,0.0,40112328.624662995,4.985998142232132e-08
1451,776,812,1.7736250561940302e-15,1.7736249720249674e-15,1.7736249720249629e-15,8.120267864941075e-18,4.376088727770083e-25,5844132895.115857,3.4222334446170787e-10
1452,776,778,0.0,0.0,0.0,0.0,0.0,5843162738.791932,3.422799945140252e-10
1453,777,778,1.997196923231328e-15,1.997301403455066e-15,1.997301403455062e-15,2.8929436685320736e-17,1.0921349895458587e-27,1807059444875.2393,1.1060620360042771e-12
1454,777,1186,4.869732206695604e-16,4.869341545235422e-16,4.869341545235409e-16,4.50400301997665e-17,1.4779233236194908e-27,1780147334545.715,1.1227894870448095e-12
1455,1185,1186,0.0,0.0,0.0,0.0,0.0,48829003.83563325,4.095926264900665e-08
1456,777,1185,-1.756578279646847e-15,-1.756578281426538e-15,-1.756578281426532e-15,2.074845955715553e-17,6.897701833314395e-23,48830344.87525456,4.0958139859519606e-08
1457,778,779,2.1951795224043318e-14,2.1946839833954247e-14,2.1946839833954323e-14,1.829535728242593e-18,2.795984205893067e-29,108078796743794.62,1.6205597088070008e-14
1458,777,779,0.0,0.0,0.0,0.0,0.0,1778977241134.5532,1.1222676330923472e-12
1459,778,812,-1.4503534553043052e-15,-1.4510880423059002e-15,-1.4510880423059081e-15,1.4339030733902505e-17,1.5398449387283366e-28,35663874986208.37,5.6650052317346014e-14
1460,811,812,-0.0,0.0,-0.0,0.0,0.0,38865108974823.34,5.3394390693937795e-14
1461,778,811,-1.7346567508439297e-14,-1.8167055782764525e-14,-1.8167055782764437e-14,7.351857722898237e-17,7.916681466636719e-30,616376048036227.6,3.2556616234082217e-15
1462,778,780,0.0,0.0,0.0,0.0,0.0,120013871331768.56,1.4712833793829037e-14
1463,779,780,-6.544651422673387e-14,-7.333072725536173e-14,-7.333072725536138e-14,8.024783234541774e-17,3.4686392988655355e-30,973993025973036.6,1.4927632942409707e-15
1464,779,785,9.85755004346187e-14,9.807645951428495e-14,9.807645951428505e-14,5.3395050663161744e-17,1.0803767956452793e-29,91549838100282.98,2.0987447366551076e-14
1465,785,1186,-0.0,0.0,-0.0,0.0,0.0,87437037744178.28,2.046559341408865e-14
1466,779,1186,8.099065300932414e-16,6.344865167924298e-16,6.344865167924295e-16,7.213993115632134e-17,1.62206040017139e-31,1263600679419426.2,5.218539524624254e-16
1467,780,781,2.643581589283526e-13,2.6395271959320613e-13,2.639527195932065e-13,1.736775019649449e-17,1.5138963103447187e-29,89395413013305.98,2.2613814201959526e-14
1468,779,781,0.0,0.0,0.0,0.0,0.0,95213638780205.9,2.1121050907718555e-14
1469,780,811,-1.4042459871053367e-13,-1.402909513591881e-13,-1.402909513591886e-13,8.558790844682864e-18,3.233199215880403e-29,101215279212266.0,1.796849541723726e-14
1470,810,811,-0.0,0.0,-0.0,0.0,0.0,112401977895682.7,1.6592055020621743e-14
1471,780,810,-2.1335724563515495e-13,-1.8894114405656067e-13,-1.88941144056562e-13,8.893591892981872e-17,4.873344973280101e-30,990410480011838.8,1.3764403966155156e-15
1472,780,782,0.0,0.0,0.0,0.0,0.0,84022338989625.34,2.290926147853171e-14
1473,781,782,2.998169463695543e-14,3.989293065912679e-14,3.989293065912688e-14,3.6701335823578437e-17,3.5053850723573376e-31,2144561140375116.5,2.954472765721846e-16
1474,782,783,3.5502822853488283e-13,3.503994220693478e-13,3.5039942206934506e-13,3.618731625778896e-17,2.1313831124305708e-29,493214594945669.2,5.4787404906101266e-15
1475,781,783,0.0,0.0,0.0,0.0,0.0,373750611138759.75,5.7741877671823116e-15
1476,783,784,-1.3657393286330594e-13,-1.321670176955835e-13,-1.3216701769558282e-13,1.4329699919157903e-17,2.2162389406849934e-30,785961436585359.2,8.59519019861798e-16
1477,781,784,2.1045018758066867e-13,2.1172915400973816e-13,2.1172915400973675e-13,1.4843719484950903e-17,1.6406730047569026e-29,679920157639544.9,4.914668747320513e-15
1478,782,808,0.0,0.0,0.0,0.0,0.0,465150592714094.0,6.5721519613907394e-15
1479,783,808,2.178754145581978e-13,2.682202947009783e-13,2.682202947009789e-13,1.0261652554024847e-16,1.2348768478349575e-30,1.3988988733607396e+16,1.0934114707806125e-15
1480,782,809,1.4393269083286885e-13,1.5311419418837825e-13,1.5311419418837832e-13,2.1246423658811528e-17,1.7524422153084745e-31,2321969091979980.5,7.086266620927048e-16
1481,808,809,-4.482636502086442e-13,-4.552801892840629e-13,-4.55280189284064e-13,4.5182785623654153e-17,6.502202006428423e-30,377800367355806.25,5.8635252992980346e-15
1482,782,810,-4.4193312507351634e-13,-4.3941441929126306e-13,-4.394144192912606e-13,6.960233330273106e-17,6.836327303099604e-29,77357133734322.1,2.4285701875147225e-14
1483,809,810,-0.0,0.0,-0.0,0.0,0.0,81131572212636.86,2.499432853723993e-14
1484,783,804,1.5969740276719979e-13,1.6100696065891409e-13,1.6100696065891315e-13,3.823722523172505e-17,2.727179998957388e-29,234661715092189.66,9.402347857314687e-15
1485,784,804,0.0,0.0,0.0,0.0,0.0,187377241646333.4,1.0261866877176486e-14
1486,784,803,1.1378298402365685e-13,1.1430343648953592e-13,1.1430343648953592e-13,2.234429505887831e-17,0.0,197521775177173.72,9.814651206819057e-15
1487,786,803,0.0,0.0,0.0,0.0,0.0,241340755564672.38,1.0315241942097362e-14
1488,784,786,-4.344004948494097e-14,-3.2644621590835993e-14,-3.264462159083577e-14,8.277153974839032e-17,1.693556297686892e-30,1005766141683160.0,5.005907352783054e-16
1489,781,785,-1.2575390501795736e-14,-7.566572955785392e-15,-7.566572955785416e-15,4.4220531878775116e-17,2.0893463469256067e-31,2560057771496099.0,1.3360354116747745e-16
1490,784,785,-0.0,0.0,-0.0,0.0,0.0,988709123253351.4,5.048272288487991e-15
1491,785,786,8.485657744744012e-14,8.689711061805073e-14,8.689711061805113e-14,5.339472735456225e-17,1.0568786111169331e-29,526582316093926.9,4.547681553209685e-15
1492,786,800,5.4017092077294926e-14,5.3183449154886305e-14,5.3183449154885964e-14,7.881646055787908e-17,3.2219666512240114e-29,275500373058152.34,1.0056418905435608e-14
1493,788,800,0.0,0.0,0.0,0.0,0.0,189461389280582.2,1.0468366056027902e-14
1494,786,788,-2.0724482728236956e-15,-3.844899366178693e-15,-3.844899366178695e-15,9.495127283363239e-17,1.2677926175832313e-31,542945140207432.0,4.119471505922933e-16
1495,785,787,5.018570699594346e-15,4.674518049286142e-15,4.674518049286165e-15,2.283370287597932e-17,1.518273001590263e-30,1165660281392477.8,6.204664090231232e-16
1496,786,787,-0.0,0.0,-0.0,0.0,0.0,391674581226128.8,3.927215144186562e-15
1497,787,788,8.7042150796836e-15,8.612472449314766e-15,8.6124724493147e-15,1.8722842603090647e-17,1.3523226382356545e-29,1154402891540672.0,3.5152679935942688e-15
1498,787,1186,-3.0559745149773646e-15,-3.0547897992921335e-15,-3.054789799292132e-15,4.088822382800899e-18,5.445208781127544e-30,93849692861146.16,2.1086059823111773e-14
1499,788,799,7.873536068158836e-15,7.937509425396668e-15,7.937509425396713e-15,4.0593085621186914e-17,2.903229375139411e-29,173356695481870.8,1.00731933928687e-14
1500,790,799,0.0,0.0,0.0,0.0,0.0,362186207212.2042,5.522585086151405e-12
1501,788,790,-1.142507316248347e-15,-1.142468039535764e-15,-1.1424680395357604e-15,9.475684997255591e-17,8.564232158251721e-27,363027706662.6984,5.512511892758536e-12
1502,787,789,-1.2052517319183927e-15,-1.2052310909201028e-15,-1.2052310909201043e-15,7.184078943068377e-17,5.4912450832523306e-27,238356960665.80862,8.389589670873178e-12
1503,788,789,-0.0,0.0,-0.0,0.0,0.0,238309389285.92477,8.393104938866771e-12
1504,789,790,3.417987340593146e-17,3.417997291604866e-17,3.4179972916048446e-17,4.193217936499374e-18,9.089473050441294e-27,694285683226.699,2.880593046108236e-12
1505,789,1187,-8.934076606108275e-17,-8.93408534798645e-17,-8.934085347986434e-17,7.826267445751803e-17,1.4345435847625732e-25,12502542380.6441,1.5996686305892997e-10
1506,787,1187,-0.0,0.0,-0.0,0.0,0.0,11879557063.166128,1.6835645272980317e-10
1507,790,796,1.9626487183937645e-17,1.9626603473292258e-17,1.962660347329215e-17,1.0481716942612675e-17,9.721224667517544e-27,565245516346.2971,3.538079698296039e-12
1508,792,796,0.0,0.0,0.0,0.0,0.0,4264719.1470086,4.689640588867058e-07
1509,790,792,-1.127920657654429e-15,-1.1279206576514466e-15,-1.1279206576514474e-15,6.198566235912011e-19,1.6399407992359313e-22,4264751.317315344,4.689605208070075e-07
1510,789,791,-1.1500603250555912e-15,-1.1500603251816947e-15,-1.1500603251816961e-15,2.8544164265053016e-17,3.1248107661123865e-22,3841440.749894798,5.206379929080465e-07
1511,790,791,-0.0,0.0,-0.0,0.0,0.0,3841419.491750267,5.206408735010926e-07
1512,791,792,7.382798092601141e-18,7.382798102131646e-18,7.382798102131641e-18,3.335724358781096e-17,1.617805131546976e-23,38699425.84429528,5.16803526940851e-08
1513,791,1203,-6.446061608069346e-17,-6.446061608105867e-17,-6.446061608105843e-17,1.2372048608901695e-17,8.356669104290236e-21,457638.7569964282,4.3702592254428145e-06
1514,789,1203,-0.0,0.0,-0.0,0.0,0.0,408922.9257115671,4.890897218350861e-06
1515,791,793,-1.092982507212395e-15,-1.0929825072124223e-15,-1.0929825072124217e-15,4.7847323649478245e-17,1.0554556687384907e-18,512.8714087245576,0.003899617916850841
1516,792,793,-9.699094358260377e-16,-9.699094358260834e-16,-9.69909435826078e-16,8.087917113364473e-17,1.1101062704617904e-17,512.8646119156903,0.003899669597203535
1517,793,794,4.644810091714319e-18,4.644810091714393e-18,4.644810091714383e-18,6.0162137285505425e-18,9.422985357970728e-19,2288.165066411643,0.0008740628710270333
1518,794,1117,-0.0,0.0,-0.0,0.0,0.0,13.702516550083695,0.14621854563131464
1519,793,1117,-2.0002171766598715e-15,-2.000217176659868e-15,-2.000217176659868e-15,1.2874807692654846e-16,0.0,13.784627798658258,0.1453444827602876
1520,793,1204,-6.731957651734016e-17,-6.731957651733953e-17,-6.731957651733946e-17,4.741668376320826e-17,4.991229869811396e-18,220.10137873822296,0.009086784340266621
1521,791,1204,-0.0,0.0,-0.0,0.0,0.0,154.0094067699898,0.012986402257117462
1522,792,794,-1.740789224708324e-16,-1.7407892247084183e-16,-1.7407892247084174e-16,8.119431560756045e-17,8.569320908449651e-19,661.0249469673795,0.003025606726176502
1523,794,1115,8.540740110729465e-19,8.540740110728245e-19,8.540740110728237e-19,1.3028350608930401e-17,8.174651362466134e-20,11034.069891672192,0.00018125678241114916
1524,1115,1116,-0.0,0.0,-0.0,0.0,0.0,16.22172832362846,0.12344795911643738
1525,794,1116,-2.3420015860327616e-15,-2.3420015860327596e-15,-2.3420015860327577e-15,1.0366916685069846e-16,5.183458342534923e-17,16.24552103395804,0.12326670233402623
1526,792,795,2.3450498700428872e-17,2.34504986914587e-17,2.345049869145868e-17,6.807229537244642e-17,1.6369187556110555e-22,5619262.252947496,3.559186085694798e-07
1527,795,796,2.197056551276682e-15,2.197056554306e-15,2.1970565543060064e-15,7.793412275650815e-17,1.6235747066881032e-22,17691999.33688254,1.1304545031722598e-07
1528,794,795,2.1717133996550833e-15,2.1717133996550987e-15,2.171713399655102e-15,1.2915137084193083e-17,2.1983212058200993e-18,660.9471962648365,0.0030259626447850714
1529,795,1114,-1.892653789844359e-18,-1.892653784606423e-18,-1.89265378460642e-18,4.3672448038910524e-17,2.5692569509395043e-23,63369714.35056159,3.156081758057632e-08
1530,794,1114,0.0,0.0,0.0,0.0,0.0,660.9540900119144,0.0030259310839674904
1531,796,799,2.2159624096913725e-15,2.2158180486580507e-15,2.2158180486580468e-15,6.464548129411904e-17,1.7662762491122217e-27,1007899398752.276,1.984505387855366e-12
1532,796,797,7.732344215530991e-19,7.7236653535069e-19,7.72366535350688e-19,8.922259640195937e-17,2.078939532989208e-28,12598338079737.975,1.588054919332149e-13
1533,795,797,0.0,0.0,0.0,0.0,0.0,17691974.328470327,1.1304560912271792e-07
1534,796,798,0.0,0.0,0.0,0.0,0.0,1005281685329.9071,1.987513048684142e-12
1535,797,798,1.3009605869674604e-15,1.3010817052386327e-15,1.301081705238637e-15,8.511759748432401e-17,3.049108065377595e-27,1093064088018.9248,1.8287075567509267e-12
1536,798,799,-1.4599114308272144e-15,-1.5211491213890512e-15,-1.5211491213890445e-15,6.054048237537167e-17,6.628975782290895e-30,369994148873745.94,3.0076608287761457e-15
1537,799,801,0.0,0.0,0.0,0.0,0.0,357171566678864.94,3.175471333739745e-15
1538,798,801,4.1468226591239535e-15,3.133966730049786e-15,3.133966730049755e-15,2.711704998071546e-17,8.236824401633119e-31,2927863829047897.5,1.6781050496359978e-16
1539,799,800,1.1823504239656655e-14,1.052114204674505e-14,1.0521142046744985e-14,2.4458273345429622e-17,1.2148098371000743e-30,4478744860707796.0,3.951726631592023e-16
1540,800,803,3.496862851079002e-14,4.076066888504354e-14,4.076066888504343e-14,1.8389215868361612e-17,3.6065715803042753e-31,1760173975436969.5,2.588230366617537e-16
1541,800,801,7.851886132091134e-15,8.193019214155025e-15,8.193019214155008e-15,5.788170574008913e-17,2.9446968884152213e-30,294386941265536.56,2.780298670580543e-15
1542,800,802,0.0,0.0,0.0,0.0,0.0,344602795355543.1,2.8818122455013094e-15
1543,801,802,2.3266285836131093e-14,1.0636799084361934e-14,1.0636799084361872e-14,6.026551500213221e-17,2.9361497841545654e-31,2402265583375357.0,1.0151357492076653e-16
1544,802,803,-1.682473837205097e-14,-1.6562403158567457e-14,-1.6562403158567514e-14,2.0773025130407493e-17,4.497550892038961e-30,436923494108800.5,2.622989208839556e-15
1545,803,805,0.0,0.0,0.0,0.0,0.0,659192317873751.2,2.7875748076214656e-15
1546,802,805,0.0,3.8593619865036174e-14,3.859361986503609e-14,8.229279939095486e-17,1.749363634342918e-31,1277109305887787.8,1.6458559878190973e-16
1547,803,804,1.589455382268123e-13,1.6006454075393188e-13,1.6006454075393127e-13,1.5632302536840125e-18,8.463568973116928e-31,2224214075020001.2,4.472156703574289e-16
1548,783,807,0.0,0.0,0.0,0.0,0.0,246910310156514.38,9.906019291037746e-15
1549,804,807,2.5076484565959633e-13,2.84409273045283e-13,2.844092730452835e-13,2.9791111936498446e-17,4.470478182502575e-31,2840631051564990.5,5.036714337230584e-16
1550,804,805,2.039720555745978e-14,2.1498737344765073e-14,2.1498737344765105e-14,5.995654400686309e-17,1.717512798968098e-30,862515983548938.2,2.3403591372640365e-15
1551,804,806,0.0,0.0,0.0,0.0,0.0,546168589415076.25,2.484490247392801e-15
1552,805,806,8.181715840181691e-14,5.3108238644286514e-14,5.3108238644286426e-14,3.895674739813326e-17,1.198903682538048e-31,1291323677401938.5,1.4413111012876454e-16
1553,806,807,-2.2188997522605464e-14,-2.1993771008351073e-14,-2.199377100835106e-14,8.791315327768342e-18,5.683756630318672e-31,421590816936477.56,1.9808188136697426e-15
1554,807,1113,0.0,0.0,0.0,0.0,0.0,681111279454188.2,1.9949768676245593e-15
1555,806,1113,0.0,7.136934016481238e-15,7.136934016481229e-15,7.079026977408282e-18,9.38952376455159e-33,1361929284041585.2,1.4158053954816564e-17
1556,807,808,-1.8423549730368633e-13,-1.828005666761889e-13,-1.8280056667618771e-13,3.458818837203327e-17,2.859862677373334e-29,253925349107472.75,8.812607820257134e-15
1557,808,834,0.0,0.0,0.0,0.0,0.0,160490993363110.56,9.430465977213239e-15
1558,807,834,5.1461525529996e-13,4.773203613578507e-13,4.773203613578486e-13,2.4137828909493145e-17,1.3723931009546977e-30,414459280895337.4,6.178581569561055e-16
1559,809,831,-5.959803016064357e-13,-5.94036078771228e-13,-5.940360787712267e-13,4.3461589938447617e-17,2.934359539675156e-29,74440335610297.19,2.6558429411126086e-14
1560,831,832,0.0,0.0,0.0,0.0,0.0,73981789924447.45,2.773516500504875e-14
1561,809,832,3.2907384181488823e-13,3.4878839125427715e-13,3.48788391254275e-13,3.325628464876588e-17,3.6621466862055485e-30,1.7976931348623157e+308,1.1767355939226691e-15
1562,832,833,5.841268166067992e-13,5.73638235355402e-13,5.736382353553982e-13,5.980549464550001e-17,2.1878540124010128e-29,288518367209056.44,6.541727158459849e-15
1563,809,833,0.0,0.0,0.0,0.0,0.0,276302789018962.8,7.718462752382518e-15
1564,808,833,6.720877023235606e-13,6.23838946042397e-13,6.238389460423944e-13,7.173199562038754e-17,3.75298822916168e-30,941120929818837.0,1.8549374530844838e-15
1565,810,830,-3.168447058121911e-13,-3.184775022598769e-13,-3.184775022598753e-13,4.920330473076692e-17,4.868471277039485e-29,109550705111894.66,1.9194242633013227e-14
1566,830,831,0.0,0.0,0.0,0.0,0.0,123643468119512.14,1.763014175912707e-14
1567,810,831,-3.6320856866010626e-13,-3.654959583046997e-13,-3.6549595830469715e-13,4.894319705500238e-18,5.509380503983538e-30,871366970660114.5,1.564100873886155e-15
1568,811,829,-6.479156195568274e-14,-6.455885988875367e-14,-6.455885988875344e-14,3.748175128019012e-17,3.659422508225972e-29,97615696480170.36,2.0797229360391153e-14
1569,829,830,0.0,0.0,0.0,0.0,0.0,100448204588941.52,1.819504174799967e-14
1570,811,830,-9.67891043558227e-14,-9.452432933998367e-14,-9.452432933998409e-14,3.117382335436494e-17,5.733229949443282e-30,7592105333165608.0,2.602187612391484e-15
1571,812,828,-1.3109291224554766e-15,-1.3109363229155759e-15,-1.3109363229155779e-15,2.389644424968899e-17,6.54505766900221e-27,229830307952.34753,8.70130972604687e-12
1572,828,829,0.0,0.0,0.0,0.0,0.0,228977626755.56262,8.733906887380416e-12
1573,812,829,1.6414382318085469e-15,1.639255941188045e-15,1.6392559411880343e-15,2.169779521493753e-17,1.058856780506275e-28,62328482199800.305,3.259716133354664e-14
1574,813,827,-1.1790201205083354e-15,-1.1790201205532307e-15,-1.179020120553227e-15,4.690310825998565e-17,3.914997152972746e-21,811785.6612833483,2.4637045162027023e-06
1575,827,828,0.0,0.0,0.0,0.0,0.0,795685.5396886072,2.513555796315298e-06
1576,813,828,1.1949094842119063e-15,1.1949094849414115e-15,1.1949094849414097e-15,1.5217337307826053e-17,3.7024931392793685e-23,40119330.63591988,4.985128011259527e-08
1577,814,826,-9.455106049476387e-16,-9.455106049476296e-16,-9.455106049476263e-16,6.092277319141731e-17,1.6439478480223718e-17,215.6924399668571,0.009272528653534604
1578,826,827,0.0,0.0,0.0,0.0,0.0,190.74374876964438,0.010485367602814112
1579,814,827,7.818602316185516e-16,7.818602316185071e-16,7.818602316185055e-16,3.5716697038035665e-17,1.223698399590087e-18,1649.0237606188382,0.0012128389492795098
1580,815,825,-9.470377532176373e-16,-9.470377532176409e-16,-9.470377532176387e-16,1.0859689705823968e-16,1.706522668058052e-16,13.423129302013692,0.1492731180951675
1581,825,826,0.0,0.0,0.0,0.0,0.0,7.5268512923156035,0.2672955240553505
1582,815,826,6.782279442282763e-16,6.782279442282786e-16,6.782279442282761e-16,1.713939636182981e-17,2.2281215270378754e-16,16.965600666937217,0.11802240596018303
1583,816,824,-1.157004910219216e-15,-1.1570049102192183e-15,-1.1570049102192171e-15,7.875327909360769e-17,7.875327909360769e-17,12.986372165682262,0.1543130872146845
1584,824,825,0.0,0.0,0.0,0.0,0.0,4.476974651451071,0.45439031496100185
1585,816,825,5.583433803092873e-16,5.583433803092865e-16,5.583433803092875e-16,5.26017555342205e-17,2.630087776711025e-16,6.714888910114763,0.3000772277463173
1586,817,823,-1.3191032123429473e-15,-1.3191032123429503e-15,-1.319103212342949e-15,6.62704670287947e-17,5.798665865019536e-17,18.048105463632417,0.11092856484606982
1587,823,824,0.0,0.0,0.0,0.0,0.0,6.190115631563917,0.32595127726519574
1588,817,824,4.543513036937987e-16,4.543513036937996e-16,4.543513036937987e-16,0.0,2.0919279577918594e-16,9.33715252910041,0.21502271241912593
1589,818,822,-1.3923756520796742e-15,-1.392375652079668e-15,-1.3923756520796712e-15,8.529358216754387e-17,9.097982097871347e-17,24.909151074423463,0.08033495384133577
1590,822,823,0.0,0.0,0.0,0.0,0.0,9.01364143398867,0.22280303803375934
1591,818,823,3.4624937357131356e-16,3.4624937357131405e-16,3.4624937357131415e-16,1.215140733043369e-16,2.025234555072282e-17,14.061968522312371,0.14246808419242357
1592,819,821,-1.359509968748023e-15,-1.3595099687480275e-15,-1.3595099687480283e-15,1.1277581313471985e-16,1.670752787181035e-17,34.730084731187475,0.0576028823496041
1593,821,822,0.0,0.0,0.0,0.0,0.0,12.767387159114117,0.1569706408932087
1594,819,822,2.5646654381403266e-16,2.5646654381403237e-16,2.564665438140323e-16,6.680456263109648e-17,9.543508947299497e-18,20.143811404772826,0.09936775854360459
1595,65,820,1.2357216497648644e-15,1.2357216497648725e-15,1.2357216497648692e-15,7.678940791157734e-17,5.439249727070062e-17,49.880374958502316,0.04010130263775761
1596,65,821,0.0,0.0,0.0,0.0,0.0,17.064458715740756,0.11733710238985011
1597,820,821,2.0048793981843156e-16,2.0048793981843262e-16,2.0048793981843203e-16,9.017551608840745e-17,1.13905915059041e-16,25.907599011274435,0.0772357997520925
1598,124,821,1.3788402496223822e-15,1.3788402496223852e-15,1.3788402496223826e-15,8.832920028727517e-18,5.741398018672886e-17,32.38561786550425,0.06177544619189713
1599,124,878,0.0,0.0,0.0,0.0,0.0,15.128122488620988,0.13239717289728753
1600,821,878,2.1981822068118427e-16,2.1981822068118533e-16,2.1981822068118473e-16,7.520873011353639e-17,9.500050119604596e-17,28.331665937686346,0.07062172670539041
1601,822,878,-1.4492389585599995e-15,-1.449238958560005e-15,-1.4492389585600025e-15,8.807423040676369e-17,7.633099968586186e-17,23.176232771269937,0.08634891418781827
1602,877,878,-0.0,0.0,-0.0,0.0,0.0,10.536999131226654,0.1903803071401836
1603,822,877,3.133298503053134e-16,3.1332985030531395e-16,3.1332985030531395e-16,8.995273022206235e-17,0.0,19.242301511497722,0.10403139295236533
1604,823,877,-1.4106118096011379e-15,-1.4106118096011365e-15,-1.4106118096011394e-15,6.634307101225413e-17,1.243932581479765e-16,16.85882656013858,0.11877164508139401
1605,876,877,-0.0,0.0,-0.0,0.0,0.0,7.176209868700781,0.28052390852810827
1606,823,876,4.377579711943726e-16,4.377579711943746e-16,4.3775797119437284e-16,4.5445544001997646e-17,3.2720791681438307e-16,12.391534371249051,0.16175226344671426
1607,824,876,-1.2656133137121503e-15,-1.265613313712152e-15,-1.2656133137121503e-15,0.0,1.1488100728612196e-16,12.207695333660697,0.1641990138184815
1608,875,876,-0.0,0.0,-0.0,0.0,0.0,4.91990966456557,0.4122525806324081
1609,824,875,5.629597071534904e-16,5.629597071534937e-16,5.629597071534913e-16,1.9452356369472055e-16,5.187295031859215e-16,8.104074534546847,0.2480535668139266
1610,825,875,-1.0614638837574455e-15,-1.06146388375745e-15,-1.0614638837574464e-15,9.550251108533504e-17,3.4380903990720613e-16,9.727257975185085,0.20633674814707523
1611,874,875,-0.0,0.0,-0.0,0.0,0.0,4.855376215621553,0.4178916565744013
1612,825,874,6.727695108441027e-16,6.727695108441056e-16,6.727695108441029e-16,3.089240443997652e-17,4.17047459939683e-16,9.489043309636976,0.21155490842732608
1613,826,874,-1.0321377763017994e-15,-1.0321377763018036e-15,-1.0321377763018006e-15,3.1943563163158965e-17,7.985890790789742e-17,35.88976882808603,0.055740615628024445
1614,873,874,-0.0,0.0,-0.0,0.0,0.0,30.26358225030053,0.06611009742870592
1615,826,873,7.648551155810368e-16,7.648551155810395e-16,7.648551155810369e-16,6.684276976457317e-19,1.7379120138789026e-17,192.8753971931173,0.010369481800681486
1616,827,873,-1.2600235796782511e-15,-1.2600235796761153e-15,-1.2600235796761153e-15,9.821785867430184e-17,0.0,17258.36957950488,0.00011588580213262621
1617,872,873,-0.0,0.0,-0.0,0.0,0.0,16892.2057677161,0.00011839780013544259
1618,827,872,8.628636907376346e-16,8.628636907630188e-16,8.628636907630149e-16,3.6944020314170246e-17,5.741396467447112e-21,796178.976747086,2.511998002816379e-06
1619,828,872,-1.4808557449300783e-15,-1.480855792797811e-15,-1.4808557927978097e-15,2.517734718612016e-17,6.223845675999808e-25,1283867599.3982425,1.5577934989188379e-09
1620,871,872,-0.0,0.0,-0.0,0.0,0.0,1276726838.761685,1.5665062624048714e-09
1621,828,871,1.3648053578569708e-15,1.3647983454600413e-15,1.3647983454600338e-15,2.2383290610537534e-17,2.3921118411963715e-26,229548150499.61197,8.712763486033245e-12
1622,829,871,-5.108157542168387e-15,-5.120063013565917e-15,-5.120063013565917e-15,2.458193964784211e-17,0.0,93341879512601.44,2.114340134717176e-14
1623,870,871,-0.0,0.0,-0.0,0.0,0.0,171460424100410.22,1.2542285978983783e-14
1624,829,870,-5.790120902042568e-14,-5.750923263304409e-14,-5.750923263304357e-14,2.9312111943760405e-17,3.869826351406162e-29,210941213549992.62,8.601115368187976e-15
1625,830,870,-2.4628909002945953e-13,-2.456360437263667e-13,-2.456360437263647e-13,3.562003986957248e-17,1.0739781372138485e-28,67943546992757.27,2.6796157116187644e-14
1626,869,870,-0.0,0.0,-0.0,0.0,0.0,80355477855960.11,2.481966146755368e-14
1627,830,869,-1.7416930353755136e-13,-1.7226011897916102e-13,-1.7226011897916067e-13,1.0952897845597291e-17,2.0274939718852168e-30,446495624344527.25,1.976495648633963e-15
1628,831,869,-3.172096753369219e-13,-3.1829267575359534e-13,-3.182926757535953e-13,3.335608717966171e-17,1.5549874351039262e-30,98395918302160.86,1.9606637407761035e-14
1629,842,869,-4.473226508053659e-13,-4.489466048825245e-13,-4.48946604882523e-13,1.5719100510951952e-17,1.4660730462078113e-29,216931211426569.22,8.691177793097617e-15
1630,831,842,-6.229928393562606e-13,-6.250126057030251e-13,-6.250126057030219e-13,1.7636986668717744e-17,2.733350668375252e-29,177426792304097.06,1.0915459614663418e-14
1631,832,839,0.0,0.0,0.0,0.0,0.0,233589175928724.0,8.621582448459316e-15
1632,833,839,9.233856661123744e-13,9.61022405096357e-13,9.610224050963575e-13,4.072692283709967e-17,6.555884055867999e-31,1430100122595783.5,2.0798552899994666e-15
1633,832,840,3.6188296479998565e-13,3.5165248850151685e-13,3.5165248850151604e-13,1.2554457041900723e-17,9.912939866219468e-31,1.2834148493589308e+16,8.630695056163096e-16
1634,839,840,-8.440634599528798e-13,-8.426463014796242e-13,-8.42646301479621e-13,6.524114766499125e-18,1.4875225425646477e-29,227021476260619.6,7.758512942843007e-15
1635,832,841,-6.997758942249367e-13,-7.034322965204302e-13,-7.034322965204289e-13,7.135268763294303e-17,2.561592947624542e-29,73065575535356.77,2.745419178104397e-14
1636,840,841,-0.0,0.0,-0.0,0.0,0.0,74348683371945.16,2.831726128666028e-14
1637,833,834,1.7682930888338276e-13,1.7743857654720396e-13,1.7743857654720383e-13,1.3005978338870267e-17,2.6943580839567904e-30,195673254697257.03,7.575528524128756e-15
1638,833,835,0.0,0.0,0.0,0.0,0.0,239270586418649.78,8.22752204434805e-15
1639,834,835,7.05670145667353e-13,6.906905972678515e-13,6.906905972678484e-13,7.070147277899643e-18,1.4774127315131179e-30,867251802754980.5,6.519935202192947e-16
1640,834,1113,1.670856392754536e-14,1.7271061386360854e-14,1.7271061386360825e-14,2.2425540559133464e-17,1.1322055773565318e-30,1354332538994761.8,1.377118710668454e-15
1641,835,836,1.3727664217789531e-14,1.4044999720916928e-14,1.4044999720916945e-14,1.0265786706714602e-17,5.61431386397031e-31,1756438400086341.0,9.087099931135542e-16
1642,834,836,0.0,0.0,0.0,0.0,0.0,1445113506320571.0,1.560703513332849e-15
1643,835,839,-1.7990472696088513e-13,-1.7789126990643198e-13,-1.7789126990643097e-13,3.4791091776137155e-17,1.744761581928885e-29,297103164686581.5,6.147666754348584e-15
1644,838,839,-0.0,0.0,-0.0,0.0,0.0,209488126725663.8,6.551414566083519e-15
1645,835,838,6.650800788911443e-13,6.046637038793663e-13,6.046637038793643e-13,2.0170699057562517e-17,6.742278453619631e-31,946832448284302.8,4.0374781173493676e-16
1646,835,837,0.0,0.0,0.0,0.0,0.0,946340689196617.8,9.850060294119844e-16
1647,836,837,0.0,7.451688937681792e-14,7.451688937681792e-14,3.814801814921502e-17,0.0,1576855975352360.0,7.629603629843005e-17
1648,837,838,-6.189111969416053e-15,-8.100787212463673e-15,-8.100787212463624e-15,6.858450391349279e-17,1.7547045767119916e-30,1.1464933209765736e+16,5.812582176770476e-16
1649,838,847,0.0,0.0,0.0,0.0,0.0,6463572371414797.0,7.02158269910171e-16
1650,837,847,5.688385915877204e-13,3.097243252471354e-13,3.097243252471345e-13,5.05722763459538e-17,1.7736751852538117e-31,1.2919697327449312e+16,1.209000522331235e-16
1651,838,845,-1.1024379986667147e-13,-1.0938020348339787e-13,-1.0938020348339854e-13,1.6524201095382215e-17,1.279988131107304e-29,317767527564692.2,4.185799091384811e-15
1652,845,846,0.0,0.0,0.0,0.0,0.0,280364668618568.0,4.5764609820247764e-15
1653,838,846,8.723475444344537e-13,1.53479496211564e-12,1.5347949621156395e-12,8.430864285746723e-17,5.140330954615686e-32,3233479206049976.0,3.906618906399653e-16
1654,840,843,-9.122159809615016e-13,-9.14511245403419e-13,-9.145112454034125e-13,3.575652060226339e-17,1.0067297446509455e-28,82561748075747.33,2.849322247160766e-14
1655,843,844,0.0,0.0,0.0,0.0,0.0,71836053539197.95,2.9474370085912117e-14
1656,840,844,6.423085927307203e-13,5.676332857695647e-13,5.67633285769565e-13,6.453770516034652e-17,2.6179910656974916e-31,586562802028273.9,9.811476143044466e-16
1657,844,845,8.943934887232808e-13,8.982399247454188e-13,8.982399247454201e-13,1.9576000655541783e-17,6.68065759334885e-30,259081108127170.8,9.14298080323727e-15
1658,840,845,0.0,0.0,0.0,0.0,0.0,170756061846616.0,1.0124128417541714e-14
1659,839,845,1.6010323964225136e-12,1.5506413529143477e-12,1.5506413529143384e-12,3.84375897383089e-17,7.08599800511451e-30,723276645776708.6,2.3656154746987084e-15
1660,831,841,1.1964502798140173e-13,7.569886523347082e-14,7.569886523347043e-14,8.155799292263077e-17,7.261522376144221e-31,1.5836809718714388e+16,2.809732240047824e-16
1661,841,842,-6.986481583076995e-13,-6.907609789724444e-13,-6.907609789724449e-13,6.392100625391093e-17,4.0916859698690736e-30,179983178435915.28,1.11964328386682e-14
1662,842,843,0.0,0.0,0.0,0.0,0.0,142294022847066.66,1.1020471653720816e-14
1663,841,843,-8.419181695383659e-14,-6.671854008374906e-14,-6.671854008374974e-14,2.3041709988818252e-17,8.98782326019019e-31,854397040076205.2,1.7596118494738486e-16
1664,844,850,0.0,0.0,0.0,0.0,0.0,176105450068677.0,1.0737365540809425e-14
1665,845,850,2.6776787678648936e-12,2.7467133468496592e-12,2.746713346849675e-12,2.0036251548472735e-17,4.5717744530284955e-30,677142393767439.1,1.5943847375721567e-15
1666,844,851,3.377879076685961e-13,4.564426939813464e-13,4.564426939813454e-13,3.8998813384294983e-17,3.318765254793227e-31,988262926617916.2,3.0004223169361843e-16
1667,850,851,-7.419368193628277e-13,-7.420240421764039e-13,-7.420240421764067e-13,6.134388197079501e-19,1.9884267564832897e-29,224196687531538.16,1.0437323309115807e-14
1668,844,852,-8.585318095336613e-13,-8.568627672886423e-13,-8.568627672886338e-13,2.849017385005899e-17,1.4478296272677786e-28,64960205893020.98,2.925290750240322e-14
1669,851,852,-0.0,0.0,-0.0,0.0,0.0,60216478864818.95,2.955294973409684e-14
1670,846,847,4.4745701371311665e-15,3.138586494766536e-15,3.138586494766536e-15,6.629641528992808e-17,0.0,4882713322316381.0,3.114963792702058e-16
1671,846,850,-5.455325866501917e-14,-5.6358037672849833e-14,-5.635803767284966e-14,4.774819021361029e-17,4.508032819801092e-30,504113724088483.56,2.98207624445262e-15
1672,849,850,-0.0,0.0,-0.0,0.0,0.0,527073861638142.7,3.1299860843318365e-15
1673,846,849,9.778815182930782e-13,6.513929885412404e-13,6.513929885412378e-13,3.70673825229072e-17,2.9806277665246332e-31,1.6382023731136276e+16,1.4790983987921655e-16
1674,846,848,0.0,0.0,0.0,0.0,0.0,2730519146611685.0,3.68590243201797e-16
1675,847,848,0.0,1.6402030852312405e-13,1.6402030852312422e-13,2.85469319657956e-17,3.075461307193272e-32,8186917054018258.0,5.709386393159121e-17
1676,848,849,-1.8011320451054657e-15,-1.7900662179353382e-15,-1.7900662179353465e-15,6.821008012252435e-19,5.105689611775866e-31,4597785286240974.0,2.206804033225805e-16
1677,849,858,0.0,0.0,0.0,0.0,0.0,1888932707814459.2,1.645280053513106e-16
1678,848,858,0.0,-3.6988385677823584e-13,-3.698838567782363e-13,2.807619898563494e-17,3.4490211012115775e-32,3148441063007445.5,5.615239797126988e-17
1679,849,856,-2.3640740370982096e-14,-2.551049993250993e-14,-2.5510499932509922e-14,6.14657180021512e-17,3.111923240244801e-31,4582113225081029.0,1.6772436704795173e-15
1680,856,857,0.0,0.0,0.0,0.0,0.0,1881954555668676.0,1.7399779920648315e-15
1681,849,857,0.0,6.332264226279521e-13,6.332264226279533e-13,3.136716079265717e-17,6.002163632841582e-32,9441582935838796.0,6.273432158531435e-17
1682,851,854,-6.354989318112738e-13,-6.334999698659748e-13,-6.334999698659712e-13,4.6795568715382423e-17,8.509677613633162e-29,62791677717734.12,2.966038592252261e-14
1683,854,855,0.0,0.0,0.0,0.0,0.0,63505765103756.32,2.986442336181063e-14
1684,851,855,3.7891082768941945e-13,3.4818227187441055e-13,3.4818227187441196e-13,9.003582818505124e-18,4.142014863006777e-31,1.6261817549066908e+16,2.0403743928801825e-16
1685,855,856,6.733595954101138e-13,6.686485255082707e-13,6.686485255082757e-13,4.1167888673219456e-17,4.3236002120205095e-29,147188544189128.78,1.1686028283680108e-14
1686,851,856,0.0,0.0,0.0,0.0,0.0,149316297075077.75,1.1890065722968125e-14
1687,850,856,3.0031002575124807e-12,2.8068563190665546e-12,2.8068563190665518e-12,5.078491031144674e-17,7.316558901304588e-31,452411831311733.75,1.4527424138523192e-15
1688,843,852,1.0598985027758687e-13,1.0571203059007446e-13,1.0571203059007436e-13,2.9101070806567266e-19,1.0576850222203464e-31,631457258496411.1,2.2146258350889064e-16
1689,843,853,-3.9972048344108533e-13,-3.924015351651887e-13,-3.924015351651879e-13,5.2853755547310797e-17,5.833477995830722e-30,346842860378532.6,5.667452216955931e-15
1690,852,853,-8.712056173361565e-13,-8.557599323111919e-13,-8.557599323111992e-13,5.3144766255375284e-17,2.5014753444558762e-29,787838426543642.1,5.888914800464821e-15
1691,853,854,0.0,0.0,0.0,0.0,0.0,591313474516107.8,5.7814786120390544e-15
1692,852,854,-2.8327296853958963e-13,-1.3706150633212742e-13,-1.370615063321273e-13,5.730420824962769e-17,4.94681321535597e-32,2251684381895556.8,1.0743618842576659e-16
1693,843,866,-5.542826436526453e-13,-5.51822420214766e-13,-5.518224202147678e-13,2.5624585283715293e-17,1.8930635878686068e-29,148186721570385.06,1.1495070285533645e-14
1694,853,866,-3.8778640718075116e-13,-3.9144440474341256e-13,-3.9144440474341306e-13,2.7229170263597257e-17,3.758126576670982e-30,257357744115537.3,5.8276180685777155e-15
1695,854,864,-5.944032671442162e-13,-6.009309954514425e-13,-6.009309954514417e-13,3.048113404556897e-17,3.771980517017625e-30,548049803259238.4,5.61207739121667e-15
1696,863,864,-0.0,0.0,-0.0,0.0,0.0,710594829644242.4,5.6089954975683444e-15
1697,854,863,0.0,-4.4882735974447415e-15,-4.4882735974447454e-15,1.5409468241631556e-18,1.3541873954596362e-33,2046908276228133.8,3.081893648326311e-18
1698,855,861,0.0,0.0,0.0,0.0,0.0,156109408474394.3,1.2505672408362605e-14
1699,856,861,2.9496010735045844e-12,3.6293356326183123e-12,3.6293356326183345e-12,7.675515495370326e-17,2.508425955664582e-30,3124937261572377.5,8.196441246824987e-16
1700,855,862,8.683827774185434e-13,7.071023677713295e-13,7.071023677713297e-13,2.0619619465922398e-17,2.5819000574662944e-32,850674291663659.6,1.8080536599318357e-16
1701,861,862,-3.378295975713334e-13,-3.409392675403855e-13,-3.409392675403845e-13,5.620688574639483e-17,1.825095636188966e-29,129933086645765.92,1.2324867042369422e-14
1702,855,863,-5.204530173053096e-13,-5.185689216324158e-13,-5.185689216324112e-13,5.425820470973924e-17,1.3376136825587166e-28,61260853399910.266,2.986750525545895e-14
1703,862,863,-0.0,0.0,-0.0,0.0,0.0,66395072637283.23,3.0048310621452135e-14
1704,857,858,8.709367614977082e-16,3.9927050382517094e-16,3.992705038251724e-16,6.012546057951753e-17,1.8854946885658196e-31,3233441714337438.5,1.0179368376599625e-16
1705,857,861,-6.531473012208746e-15,-6.767937256411801e-15,-6.767937256411788e-15,1.6077723841104786e-17,9.118185839929676e-31,3220247349082072.0,9.20333867382333e-16
1706,860,861,-0.0,0.0,-0.0,0.0,0.0,9728185695997900.0,1.0499796688353912e-15
1707,857,860,4.535089745665117e-12,2.647915471473909e-12,2.647915471473904e-12,4.6199401735986396e-17,1.186522517696751e-31,9764915852843236.0,1.296458014530583e-16
1708,857,859,0.0,0.0,0.0,0.0,0.0,1221104920436713.5,1.2356626896187277e-16
1709,858,859,0.0,2.9023087313576837e-13,2.9023087313576726e-13,1.0886292597938262e-17,4.1661939410714186e-32,1628677193352874.0,2.177258519587652e-17
1710,859,860,0.0,1.197762868690174e-17,1.1977628686901744e-17,3.0397662455927675e-18,1.1730622792259615e-33,1229661533184484.8,6.079532491185536e-18
1711,860,1098,0.0,0.0,0.0,0.0,0.0,2463987301254895.0,1.1038860177996555e-16
1712,859,1098,2.968425467241811e-12,3.1140317596038957e-12,3.1140317596039026e-12,2.72291590431782e-18,1.2840247683581149e-31,821660130313885.4,1.1646813427115108e-16
1713,860,1096,-1.6402956133625179e-15,-1.8023343029090242e-15,-1.8023343029090203e-15,2.193495886340039e-17,5.339351840413963e-31,1088361547290617.8,4.879591275768637e-16
1714,1096,1097,0.0,0.0,0.0,0.0,0.0,9813747546872212.0,5.559833270286532e-16
1715,860,1097,4.548191301498373e-12,2.7867110064887946e-12,2.786711006488789e-12,2.1499051505363057e-17,6.901443567365996e-32,1231490203368122.0,6.802419945178962e-17
1716,862,1095,0.0,-4.775903222895772e-14,-4.775903222895784e-14,3.0178509796022063e-18,7.576808213262773e-33,3223745562205602.5,6.035701959204412e-18
1717,1095,1096,1.789356551583207e-13,1.791348429504963e-13,1.7913484295049567e-13,7.168099967707187e-18,2.2710764620647357e-29,159793898598934.88,1.2892923285587155e-14
1718,862,1096,0.0,0.0,0.0,0.0,0.0,151266835825789.12,1.288688758362795e-14
1719,861,1096,5.968016751124346e-12,5.035246568047814e-12,5.035246568047776e-12,5.205663675828312e-17,2.118847494803836e-30,1076738792510424.5,5.620205412585275e-16
1720,862,1103,-2.540660709490152e-13,-2.5278189249434734e-13,-2.527818924943469e-13,7.631815206861851e-17,2.7003831151901033e-29,68042288943126.89,3.004542996566619e-14
1721,1095,1103,-0.0,0.0,-0.0,0.0,0.0,66498263528109.26,3.0039394263706986e-14
1722,863,1104,-4.923535352707222e-13,-4.981006382942014e-13,-4.981006382942009e-13,3.2398295353206584e-17,2.8461224789504993e-30,510874647246563.25,5.61591171383193e-15
1723,1103,1104,-0.0,0.0,-0.0,0.0,0.0,414358518889461.2,5.618792369617875e-15
1724,863,1103,0.0,9.733638027924267e-15,9.733638027924327e-15,1.4403278929725406e-18,8.87156431414824e-33,2075578827152613.0,2.8806557859450812e-18
1725,853,864,8.118249929223872e-14,6.193536877043881e-14,6.193536877043892e-14,2.6321692051318278e-17,1.5534981417021317e-31,5042573187024002.0,1.6940122082238407e-16
1726,864,1111,-3.31083269320402e-13,-3.3071783384842466e-13,-3.307178338484242e-13,3.186082695078089e-18,3.961587564663867e-30,256800041290068.28,5.766787562660367e-15
1727,1105,1111,-2.8412729642776017e-13,-2.839079741047537e-13,-2.8390797410475383e-13,1.1140981688155026e-18,7.693824675878693e-31,717143939262644.6,2.884351667687626e-15
1728,864,1105,-2.8623169124437854e-13,-2.858207775242527e-13,-2.8582077752425294e-13,2.071984526258434e-18,1.2728765257980109e-30,401654295993059.75,2.8824358949727404e-15
1729,853,865,-8.328968541573277e-13,-8.407145983404773e-13,-8.407145983404722e-13,2.813612127776703e-17,1.8170345270446356e-29,188328247952897.5,6.0514765755310715e-15
1730,865,866,3.709421697537427e-14,3.739724291664389e-14,3.739724291664369e-14,9.069510141684496e-19,6.044277857133459e-31,822454856063927.2,2.2385850695335635e-16
1731,864,865,-0.0,0.0,-0.0,0.0,0.0,189630305943187.25,6.2208777963534556e-15
1732,842,866,-7.224012658696369e-14,-7.720310351997965e-14,-7.720310351997994e-14,1.5254710981395814e-17,8.922981230014955e-31,4640988535214585.0,4.745986318128305e-16
1733,865,867,-0.0,0.0,-0.0,0.0,0.0,207355613950183.1,1.3064287809613966e-14
1734,866,867,-9.932955260106338e-13,-9.907210827961137e-13,-9.907210827961202e-13,1.7264989466864492e-17,4.3338450337080093e-29,162254570350781.16,1.3288146316567321e-14
1735,867,905,-1.516661310673413e-12,-1.5203148646817872e-12,-1.5203148646817886e-12,5.2419542295946883e-17,2.0282250013483404e-29,43773042451054.6,4.3625581649894064e-14
1736,905,906,0.0,0.0,0.0,0.0,0.0,40394826830431.875,4.5499318092226465e-14
1737,867,906,3.7718509955538353e-13,3.536554021959105e-13,3.536554021959097e-13,6.233250099637308e-17,2.006179914390389e-30,522529843898241.3,1.8737364423324e-15
1738,865,906,-5.348786115146462e-13,-5.391337095928232e-13,-5.391337095928239e-13,4.4160560515341675e-17,7.335562902764917e-30,344600475727112.75,1.1190551367281566e-14
1739,866,868,-0.0,0.0,-0.0,0.0,0.0,127243216239958.17,1.2078228391008801e-14
1740,842,868,-7.396968608274917e-13,-7.467359628057029e-13,-7.467359628056989e-13,5.916457351032127e-17,3.3948053331749234e-29,128199753592146.61,1.255282702282163e-14
1741,867,868,1.9003129327222384e-13,1.7257964019194624e-13,1.7257964019194556e-13,6.117485199578812e-17,2.3891891415526782e-30,584365188822439.5,1.2099179255585207e-15
1742,868,888,-9.726939930093604e-13,-9.685406764548833e-13,-9.685406764548796e-13,8.343373715521583e-17,7.302298263397061e-29,52687528710497.46,3.8912982992491635e-14
1743,867,888,-0.0,0.0,-0.0,0.0,0.0,48428783613141.3,3.7703065066933116e-14
1744,868,869,3.69591338178415e-13,3.7809894014744917e-13,3.7809894014745145e-13,4.344547299936355e-17,1.1601931262695619e-29,297358137666961.7,3.861649229724014e-15
1745,869,887,-5.671491620652914e-13,-5.671671733097867e-13,-5.671671733097872e-13,5.359203453305434e-19,1.502231728963283e-29,57256168904142.76,3.375185178929269e-14
1746,868,887,-0.0,0.0,-0.0,0.0,0.0,70201337509204.18,2.989020255956868e-14
1747,870,886,-1.0965933669736375e-13,-1.0983507605892689e-13,-1.0983507605892696e-13,1.6546898697128144e-17,5.942073019365996e-30,107544765757146.3,2.0683242055420158e-14
1748,886,887,0.0,0.0,0.0,0.0,0.0,226139358636000.2,1.1751051733681149e-14
1749,870,887,-1.9304112201775244e-13,-1.941366738416067e-13,-1.9413667384160662e-13,2.5203062369292107e-17,1.7421761121290877e-30,206087260566121.0,8.93219032173901e-15
1750,871,885,-1.795362026868623e-15,-1.7952535931101033e-15,-1.7952535931101124e-15,3.800603356226063e-17,3.1797011944738193e-27,1590430530558.8005,1.2584728086470345e-12
1751,885,886,0.0,0.0,0.0,0.0,0.0,1599289057234.902,1.2503318525705983e-12
1752,871,886,-1.9550522419926608e-15,-1.937277475151006e-15,-1.93727747515099e-15,3.7347152894466704e-17,3.397878782854585e-29,295402922676018.6,8.140956076436376e-15
1753,872,884,-1.5385674459401034e-15,-1.5385674459016851e-15,-1.5385674459016845e-15,5.101842283282884e-18,7.8567643102397e-23,4894422.226157355,4.086284148989225e-07
1754,884,885,0.0,0.0,0.0,0.0,0.0,4875745.729966275,4.101936626885187e-07
1755,872,885,9.205754570619076e-16,9.205755050537507e-16,9.205755050537503e-16,4.080008937254767e-17,3.3532360502139645e-25,1277753402.387025,1.5652477895962242e-09
1756,873,883,-1.3360526361227755e-15,-1.3360526361228047e-15,-1.3360526361227991e-15,3.418603756741262e-17,7.976742099062944e-18,518.1426649972431,0.0038599455677098327
1757,883,884,0.0,0.0,0.0,0.0,0.0,502.77411982228244,0.003977934739430376
1758,873,884,8.408841720295721e-16,8.408841720287782e-16,8.408841720287721e-16,5.612649226732478e-17,4.2892179472132822e-19,16950.70804495291,0.00011798917172054367
1759,874,882,-1.1224345618111922e-15,-1.122434561811195e-15,-1.1224345618111922e-15,0.0,2.1466399433996192e-16,11.459040142330172,0.17497978543540033
1760,882,883,0.0,0.0,0.0,0.0,0.0,8.470140449818967,0.2372299372963964
1761,874,883,7.630662963531413e-16,7.6306629635314e-16,7.630662963531416e-16,1.2062564177532777e-17,6.433367561350814e-17,32.138810033114154,0.06225015186099609
1762,875,881,-1.1726817934192094e-15,-1.1726817934192139e-15,-1.1726817934192107e-15,1.3518030968888268e-16,3.089835650031604e-16,8.708530209281856,0.23067736701198213
1763,881,882,0.0,0.0,0.0,0.0,0.0,4.301706987425774,0.47358923815098314
1764,875,882,6.7417761681454365e-16,6.741776168145433e-16,6.741776168145439e-16,5.303321194242698e-17,1.237441611989963e-16,8.273884250823025,0.24291187113900098
1765,876,880,-1.37161258637956e-15,-1.3716125863795563e-15,-1.3716125863795585e-15,9.750411458823177e-17,1.340681575588187e-16,11.797120748870466,0.16994070286796262
1766,880,881,0.0,0.0,0.0,0.0,0.0,5.748108479027325,0.3515159164883886
1767,876,881,5.437572438052308e-16,5.437572438052316e-16,5.437572438052305e-16,4.925635779393605e-17,1.8060664524443218e-16,11.044965165267229,0.18157521362042597
1768,877,879,-1.4845974255534604e-15,-1.4845974255534626e-15,-1.4845974255534636e-15,1.3189439480590463e-16,4.12169983768452e-17,16.114817160696767,0.12426905732764383
1769,879,880,0.0,0.0,0.0,0.0,0.0,8.555098140030374,0.23485226298778947
1770,877,880,3.8731546612506167e-16,3.873154661250618e-16,3.873154661250609e-16,1.124999993491216e-16,1.335937492270819e-16,18.104355723308597,0.11058320566014565
1771,125,878,1.477668834831986e-15,1.4776688348319878e-15,1.4776688348319867e-15,1.8097512716895678e-17,3.6195025433791355e-17,22.12410407083946,0.09046077826931198
1772,125,879,0.0,0.0,0.0,0.0,0.0,12.799758399669237,0.15657202808185175
1773,878,879,2.4824809692649855e-16,2.482480969264992e-16,2.482480969264992e-16,8.531494333527292e-17,0.0,30.263055110489987,0.06611124981253978
1774,144,879,1.5240264732610874e-15,1.524026473261086e-15,1.5240264732610866e-15,3.2651993341476014e-17,2.448899500610701e-17,15.8525168437966,0.12633067790991775
1775,144,896,0.0,0.0,0.0,0.0,0.0,10.586566041013738,0.18948357937136448
1776,879,896,2.876771446230919e-16,2.8767714462309197e-16,2.8767714462309236e-16,4.868964478956549e-17,4.3279684257391543e-17,31.6796952214166,0.06315290146144675
1777,880,896,-1.462273393064973e-15,-1.4622733930649776e-15,-1.462273393064976e-15,1.7325137818671545e-16,9.240073503291491e-17,11.676869469990498,0.17169936152634271
1778,895,896,-0.0,0.0,-0.0,0.0,0.0,6.9649432492956365,0.2891502767708051
1779,880,895,4.779762728038475e-16,4.779762728038481e-16,4.779762728038473e-16,2.4202580178242713e-17,9.681032071297085e-17,17.047960733152273,0.11745091524446241
1780,881,895,-1.2862304728323287e-15,-1.2862304728323285e-15,-1.2862304728323253e-15,3.0366908399372945e-16,2.8580619669998066e-16,8.583610250740287,0.23406500124392618
1781,894,895,-0.0,0.0,-0.0,0.0,0.0,4.750184737066776,0.4274268804919534
1782,881,894,6.573059232183337e-16,6.573059232183387e-16,6.573059232183349e-16,1.8796496697295734e-16,5.494360573055676e-16,10.375507300227124,0.19336187924802722
1783,882,894,-1.2152658676716753e-15,-1.215265867671678e-15,-1.215265867671676e-15,6.777068593875833e-17,2.2590228646252777e-16,7.183705424018136,0.28022735890295586
1784,893,894,-0.0,0.0,-0.0,0.0,0.0,4.389815047280135,0.46373570870439657
1785,882,893,7.670089226749458e-16,7.670089226749482e-16,7.67008922674946e-16,2.3526076152670854e-17,2.587868376793794e-16,10.929254211195616,0.18350834980144068
1786,883,893,-1.3865384519159425e-15,-1.386538451915948e-15,-1.3865384519159425e-15,0.0,1.0695004387727268e-16,37.237934909257454,0.05372158749495575
1787,892,893,-0.0,0.0,-0.0,0.0,0.0,34.71974816826279,0.05762004103667348
1788,883,892,8.135521121456053e-16,8.135521121456001e-16,8.135521121455977e-16,1.8191881240521975e-17,5.670196750292564e-18,513.0245907995617,0.003898453541717736
1789,884,892,-1.6125071993410349e-15,-1.612507199340817e-15,-1.6125071993408094e-15,5.5554522280993686e-18,1.8469569962185127e-19,25163.183980248854,7.948119771264058e-05
1790,891,892,-0.0,0.0,-0.0,0.0,0.0,25034.370663935464,7.98901649197705e-05
1791,884,891,9.14823925300146e-16,9.148239255591417e-16,9.148239255591364e-16,5.789013046813649e-17,1.1902143502198653e-21,4890367.648351869,4.0896720712991407e-07
1792,885,891,-1.818032706709797e-15,-1.8180326409175427e-15,-1.8180326409175427e-15,2.2191921650502918e-17,0.0,1630715102.244301,1.2264555586046315e-09
1793,890,891,-0.0,0.0,-0.0,0.0,0.0,1629080055.9155288,1.2276865847679735e-09
1794,885,890,9.431006396551474e-16,9.431089701247491e-16,9.431089701247448e-16,5.436819260606228e-18,2.831643237312971e-27,1624732804466.4387,1.2310261633419797e-12
1795,886,890,-6.661464243631307e-15,-6.6572602330677905e-15,-6.657260233067799e-15,6.095699928460132e-18,1.2582093265388271e-29,98171450980928.89,1.9305689228618525e-14
1796,889,890,-0.0,0.0,-0.0,0.0,0.0,831155479279043.8,2.3125896021289573e-15
1797,886,889,-1.0313619771317992e-13,-1.0385559595994106e-13,-1.038555959599415e-13,5.885482609457396e-17,3.6141083322361454e-29,112811733517579.75,1.6993099626489567e-14
1798,887,889,-3.5177250857448456e-13,-3.530054830921151e-13,-3.530054830921151e-13,5.019866242241616e-17,0.0,75285627576648.75,2.874415136017071e-14
1799,888,889,-0.0,0.0,-0.0,0.0,0.0,117614847236779.16,1.9721370927247757e-14
1800,887,888,-4.0818224992381065e-13,-4.045483387055944e-13,-4.0454833870559305e-13,4.052418450119278e-17,1.5201419466887248e-29,205188709693791.3,9.022780432922959e-15
1801,888,904,-8.864345557054137e-13,-8.88458509642346e-13,-8.884585096423488e-13,4.436109166130907e-17,5.97552087861909e-29,56364416489148.71,3.8946528045198165e-14
1802,904,905,0.0,0.0,0.0,0.0,0.0,63318633133773.54,3.302401146223722e-14
1803,888,905,-4.648083526641738e-13,-4.768333644359526e-13,-4.768333644359549e-13,7.467842745538338e-17,1.3795668119980209e-29,454977401021244.0,5.92251658296095e-15
1804,889,903,-1.3465711676742032e-13,-1.3402522009332834e-13,-1.340252200933285e-13,4.7930815192977913e-17,1.1488687280349404e-29,105361792414392.62,2.0332242022714124e-14
1805,903,904,0.0,0.0,0.0,0.0,0.0,4343963507971976.0,1.1070849047637156e-15
1806,889,904,-3.2603549957891374e-13,-3.2447056827728476e-13,-3.244705682772853e-13,4.6361755262335886e-17,1.6452719192734168e-29,107428482378483.83,1.9225157117950408e-14
1807,890,902,-2.171889077978878e-15,-2.1719097277115515e-15,-2.1719097277115416e-15,3.543020568216556e-17,1.6918805065172065e-26,268362864239.59476,7.452998024691313e-12
1808,902,903,0.0,0.0,0.0,0.0,0.0,268943264489.45288,7.434978372270728e-12
1809,890,903,-3.556163521869495e-15,-3.562893887391108e-15,-3.562893887391119e-15,1.701971083005773e-17,2.79281388631972e-29,119864862762213.48,1.801965242058517e-14
1810,891,901,-1.9061635605111053e-15,-1.906163560735489e-15,-1.9061635607354944e-15,6.238756252907687e-17,1.535305127856993e-21,1886877.0844970373,1.0599524562070768e-06
1811,901,902,0.0,0.0,0.0,0.0,0.0,1884707.3777746195,1.06117268979382e-06
1812,891,902,1.0029548986969562e-15,1.0029548129109087e-15,1.0029548129109127e-15,5.218530793824974e-17,2.399396661315214e-24,1639029755.3431275,1.2202335867432823e-09
1813,892,900,-1.6550044581618344e-15,-1.655004458161846e-15,-1.655004458161846e-15,2.0967320942819964e-17,0.0,335.3129627651235,0.005964594726379643
1814,900,901,0.0,0.0,0.0,0.0,0.0,330.93917892584966,0.006043424938843207
1815,892,901,8.560493709620717e-16,8.560493709618554e-16,8.5604937096185405e-16,1.0020206425284539e-17,6.356270500860152e-20,25370.983262515096,7.883021246356341e-05
1816,893,899,-1.4479805827875905e-15,-1.4479805827875962e-15,-1.447980582787589e-15,1.2643047840345624e-16,5.847409626159852e-16,8.61818693267555,0.23311737233530644
1817,899,900,0.0,0.0,0.0,0.0,0.0,7.070540310428361,0.2847728186456003
1818,893,900,8.284510535456102e-16,8.284510535456107e-16,8.284510535456092e-16,3.07349960189145e-17,4.6102494028371745e-17,38.72669461408661,0.05165544631029385
1819,894,898,-1.325092885784694e-15,-1.3250928857847015e-15,-1.3250928857846948e-15,9.010993674160366e-17,7.65934462303631e-16,6.606651926426642,0.30506938114115917
1820,898,899,0.0,0.0,0.0,0.0,0.0,3.822375671710216,0.5356877175102494
1821,894,899,7.671329413313658e-16,7.671329413313669e-16,7.671329413313645e-16,2.0659167466928933e-16,3.6891370476658808e-16,8.710739659524478,0.23061833636909013
1822,895,897,-1.3908586985358078e-15,-1.3908586985358098e-15,-1.3908586985358058e-15,1.6092956437072274e-16,3.2185912874144547e-16,8.810926849511892,0.22797311766313938
1823,897,898,0.0,0.0,0.0,0.0,0.0,5.767162328638153,0.3503306170139336
1824,895,898,5.826044985073106e-16,5.826044985073126e-16,5.826044985073106e-16,0.0,2.0683586494048518e-16,16.365932734044762,0.12235749935079421
1825,145,896,1.5149151243036664e-15,1.5149151243036678e-15,1.5149151243036664e-15,0.0,7.659505385940027e-17,11.897328549523099,0.16850252874083974
1826,145,897,0.0,0.0,0.0,0.0,0.0,8.746025496927134,0.2296796878485055
1827,896,897,3.4031887586177367e-16,3.4031887586177387e-16,3.403188758617735e-16,1.77205947171613e-17,3.54411894343226e-17,32.70213531337608,0.061177159107665774
1828,167,897,1.4577017831410856e-15,1.4577017831410878e-15,1.4577017831410872e-15,1.1613125795176846e-16,4.354922173191317e-17,9.319929213439242,0.21542315407019783
1829,167,917,0.0,0.0,0.0,0.0,0.0,7.322422749631135,0.2748509271520518
1830,897,917,4.07161960467022e-16,4.071619604670228e-16,4.0716196046702255e-16,3.95674089167183e-17,1.7985185871235593e-17,33.66420230212559,0.059427773081853964
1831,898,917,-1.4462705705863325e-15,-1.4462705705863369e-15,-1.446270570586334e-15,1.3786666570736452e-16,2.95428569372924e-16,6.923563199681192,0.2909028439320796
1832,916,917,-0.0,0.0,-0.0,0.0,0.0,4.505749038538389,0.45138862267638513
1833,898,916,7.037821833089054e-16,7.03782183308908e-16,7.037821833089053e-16,1.1218841317788466e-17,3.029087155802886e-16,12.488899567016734,0.16048577874430553
1834,899,916,-1.5441095594843976e-15,-1.544109559484405e-15,-1.5441095594843988e-15,1.4210037276574023e-16,7.578686547506146e-16,5.39285028645779,0.3752019387659438
1835,915,916,-0.0,0.0,-0.0,0.0,0.0,3.6741630384812085,0.5584136689319619
1836,899,915,8.632619180279388e-16,8.632619180279389e-16,8.632619180279391e-16,4.173867853361404e-17,2.086933926680702e-17,10.946849821988316,0.1832117301660182
1837,900,915,-1.7118489886199342e-15,-1.7118489886199383e-15,-1.7118489886199338e-15,1.169039708807462e-17,1.3443956651285812e-16,19.709505319617257,0.10156108847958212
1838,914,915,-0.0,0.0,-0.0,0.0,0.0,18.668070373118045,0.10723745078507196
1839,900,914,8.852955839984448e-16,8.852955839984428e-16,8.852955839984448e-16,0.0,6.322532784790862e-18,352.3392733837331,0.005676362305489844
1840,901,914,-1.9652067334080338e-15,-1.9652067334081296e-15,-1.9652067334081217e-15,8.214426213960329e-18,7.367198398170699e-19,5448.661456437209,0.00036706263335336257
1841,913,914,-0.0,0.0,-0.0,0.0,0.0,5433.215055101277,0.000368106176969275
1842,901,913,9.150925438506149e-16,9.150925438171825e-16,9.15092543817181e-16,1.9063498186287963e-17,8.995929068029477e-22,1916546.6289395161,1.043543615912416e-06
1843,902,913,-2.358001608746571e-15,-2.3580016165755865e-15,-2.35800161657558e-15,2.9265919653963896e-17,2.5065407123035625e-23,113448948.84586175,1.7629073881404037e-08
1844,912,913,-0.0,0.0,-0.0,0.0,0.0,113402607.24390845,1.7636280203065564e-08
1845,902,912,1.1889775099027318e-15,1.1889917080873266e-15,1.1889917080873222e-15,4.302666051945336e-17,1.3148249751484705e-26,277556219917.4378,7.206321661529341e-12
1846,903,912,-5.1017294587742595e-15,-5.1006312361757735e-15,-5.1006312361757396e-15,2.4616165667732574e-17,7.603243846823045e-28,8702267758960.528,2.286567107413873e-13
1847,911,912,-0.0,0.0,-0.0,0.0,0.0,9801335091491.69,2.0110091412431536e-13
1848,903,911,-1.3097850200422395e-13,-1.3108442070269109e-13,-1.3108442070269184e-13,1.113280318622347e-17,7.959825784416708e-29,78579746551188.44,2.755579661707193e-14
1849,904,911,-5.777678964461648e-13,-5.781537134599614e-13,-5.781537134599626e-13,9.56374325559178e-18,3.0035729380150397e-29,77182224948005.44,2.866288152183565e-14
1850,910,911,-0.0,0.0,-0.0,0.0,0.0,295128963068933.0,1.2269748222964545e-14
1851,904,910,-6.40201746327232e-13,-6.387146529761531e-13,-6.387146529761546e-13,1.908373278934811e-17,1.943688912844998e-29,105670161775427.66,1.63931332988711e-14
1852,905,910,-1.8778134457601537e-12,-1.8740665320230093e-12,-1.87406653202299e-12,4.9401068583443974e-17,2.5560790475322427e-28,39700017771942.51,4.9417144761108314e-14
1853,909,910,-0.0,0.0,-0.0,0.0,0.0,39676052938593.336,4.821139310251419e-14
1854,905,909,-1.4777088129944392e-13,-1.3373813283964368e-13,-1.3373813283964393e-13,6.325798547795498e-17,1.1379496030629128e-30,4443787060863319.5,1.205751658594127e-15
1855,906,907,7.292189372349647e-13,7.247462887637923e-13,7.247462887637882e-13,2.179049198072883e-17,2.0169564900936223e-29,881886252505229.5,7.0618463736391006e-15
1856,865,907,-5.063193338332656e-13,-5.23028835850609e-13,-5.230288358506075e-13,6.595105249606499e-17,5.97805471899712e-30,624469242587926.4,4.128704993642465e-15
1857,906,908,3.0344640624820274e-13,2.9638245096104e-13,2.96382450961039e-13,1.0337991346407915e-17,1.4038549291840204e-30,4581037552230317.0,8.675024370072505e-16
1858,907,908,-4.741146826258101e-13,-4.723679940959625e-13,-4.723679940959648e-13,1.1452500634318471e-17,1.5227306710302635e-29,765767461516214.6,6.19434393663185e-15
1859,906,909,-1.1576365833391862e-12,-1.1540206683067584e-12,-1.1540206683067543e-12,7.317094417839232e-17,8.173175733465985e-29,40116567553388.5,4.6705069750820595e-14
1860,908,909,-0.0,0.0,-0.0,0.0,0.0,40443414364749.98,4.757257218782784e-14
1861,907,1111,4.5198502849976743e-13,4.664276423503583e-13,4.664276423503565e-13,7.095156441758793e-17,8.928923134137228e-30,323718334139586.9,4.582795227335554e-15
1862,865,1111,1.3337763239145977e-13,1.363813371698918e-13,1.3638133716989166e-13,5.00051192152521e-18,2.5214994853925165e-31,784295085957217.9,4.540902336930892e-16
1863,908,928,-5.811867849584892e-13,-5.80147443046796e-13,-5.801474430467965e-13,4.189241479573992e-17,2.0349669581260603e-29,42117778249039.055,4.6767626809585995e-14
1864,928,930,0.0,0.0,0.0,0.0,0.0,41157904212471.664,4.773749638979367e-14
1865,908,930,3.173616806517384e-13,3.465513608083897e-13,3.465513608083901e-13,4.0845580253803795e-17,5.651791453373189e-31,2427718739192623.5,9.69869580207674e-16
1866,930,933,3.8720749557705516e-13,3.883110117861202e-13,3.8831101178611796e-13,8.54297144767615e-18,1.7197420965591754e-29,1011333993732319.9,6.012290275870833e-15
1867,908,933,0.0,0.0,0.0,0.0,0.0,781354536519489.4,6.982159856078507e-15
1868,907,933,1.8462069793574738e-13,2.1834520582362238e-13,2.1834520582362263e-13,6.084105233580087e-17,4.554088940165601e-31,4285091228775725.5,7.878159194466569e-16
1869,909,926,-1.4560500013897265e-12,-1.4600046850661349e-12,-1.460004685066133e-12,7.840053746786172e-17,3.603215168039477e-29,33262392493875.895,5.78883983554356e-14
1870,926,928,0.0,0.0,0.0,0.0,0.0,32299093740702.2,5.869334373367744e-14
1871,909,928,1.724413465898001e-13,1.562815104223544e-13,1.562815104223542e-13,4.161652072909059e-17,5.2007887603728e-31,981081717442986.8,8.049453782418449e-16
1872,910,924,-1.5808772684529954e-12,-1.583215776895721e-12,-1.5832157768957202e-12,3.399549449017367e-17,1.174310139429002e-29,45779038687230.555,4.6031224208453384e-14
1873,924,925,6.318935208118952e-14,6.41819443598939e-14,6.41819443598938e-14,5.580681000641981e-17,5.6771021549035566e-30,301912351456454.8,7.217040977612403e-15
1874,910,925,-4.393339265772631e-13,-4.3884072060863115e-13,-4.388407206086277e-13,2.181131551626248e-17,1.5182484863280613e-28,54010490871826.48,3.881418323084098e-14
1875,911,923,-1.0957161082152206e-13,-1.0964999547264864e-13,-1.0964999547264822e-13,5.114804994688266e-17,2.7178933247894007e-28,13566662022112.928,1.4309902167157876e-13
1876,923,924,0.0,0.0,0.0,0.0,0.0,18155640333283.227,1.0933754568608991e-13
1877,911,924,-6.04300526790002e-13,-6.044920370524962e-13,-6.044920370525005e-13,5.348018445240721e-18,1.1842967529772397e-28,54860965574422.664,3.376147598548884e-14
1878,912,922,-4.752435020220253e-15,-4.7524354468861534e-15,-4.752435446886144e-15,3.535823173550477e-17,7.844843641769281e-25,2539109760.16931,7.876782153371416e-10
1879,922,923,0.0,0.0,0.0,0.0,0.0,2538920159.8174953,7.877362172295943e-10
1880,912,923,8.405191086629701e-16,8.380081419965105e-16,8.380081419965095e-16,8.689701880072055e-17,3.753764835399339e-29,34709191376028.008,5.800189245273661e-14
1881,913,921,-2.509697718866213e-15,-2.5096977188647094e-15,-2.509697718864703e-15,6.166248049528546e-18,2.577324158632621e-20,97566.3279490361,2.0498875400947534e-05
1882,921,922,0.0,0.0,0.0,0.0,0.0,97486.20130511258,2.0515724002935264e-05
1883,913,922,1.0667886568991424e-15,1.0667886615762216e-15,1.066788661576224e-15,3.6934347237067807e-17,1.868861738197004e-23,118704212.37304066,1.6848601987728425e-08
1884,914,920,-2.040061625083608e-15,-2.040061625083601e-15,-2.0400616250836007e-15,4.675109863844626e-17,2.460584138865593e-18,78.57582167969097,0.025454496620520423
1885,920,921,0.0,0.0,0.0,0.0,0.0,77.51735916198182,0.02580210392208875
1886,914,921,9.60150475653758e-16,9.601504756537341e-16,9.60150475653732e-16,4.7123111883844754e-18,3.9269259903203957e-19,5753.619130303339,0.0003476073015683274
1887,915,919,-1.787947364536753e-15,-1.7879473645367563e-15,-1.7879473645367535e-15,4.0364468522800116e-17,2.825512796596008e-16,5.465331005967521,0.3701108655427001
1888,919,920,0.0,0.0,0.0,0.0,0.0,4.500878981916862,0.4518938197072517
1889,915,920,9.39360293941142e-16,9.393602939411425e-16,9.393602939411433e-16,5.148139700030083e-17,3.432093133353389e-17,24.468602756271654,0.08178295416455153
1890,916,918,-1.6951580382375464e-15,-1.6951580382375513e-15,-1.6951580382375436e-15,3.029259509092497e-16,8.438651489614814e-16,5.376774277678441,0.3763503836080314
1891,918,919,0.0,0.0,0.0,0.0,0.0,3.635609733922249,0.5646531869972932
1892,916,919,8.548306620623549e-16,8.548306620623539e-16,8.548306620623555e-16,6.497223063996398e-17,1.7325928170657061e-16,10.652556053672829,0.1883028033892618
1893,168,917,1.5346123813673603e-15,1.5346123813673642e-15,1.5346123813673593e-15,8.469105369696633e-17,4.2345526848483165e-16,7.58707212412154,0.2651488718143967
1894,168,918,0.0,0.0,0.0,0.0,0.0,5.935706303358892,0.34018711088275044
1895,917,918,4.955037712479715e-16,4.955037712479704e-16,4.955037712479702e-16,9.7018768268922e-17,1.4925964349064924e-17,26.665582681643766,0.07503823906835375
1896,256,918,1.828239350212732e-15,1.8282393502127325e-15,1.828239350212734e-15,1.7726385363619953e-16,1.4181108290895963e-16,6.0853730044233565,0.33166413813813556
1897,256,1004,0.0,0.0,0.0,0.0,0.0,4.8021937513002815,0.4226578758922765
1898,918,1004,6.2858508322325e-16,6.285850832232487e-16,6.285850832232499e-16,7.13227979106344e-18,8.558735749276129e-17,21.99469804977146,0.09099373775414092
1899,919,1004,-1.9549421290947756e-15,-1.9549421290947843e-15,-1.9549421290947787e-15,3.752733546805918e-16,6.567283706910357e-16,4.301092568755767,0.4736594492431523
1900,1003,1004,-0.0,0.0,-0.0,0.0,0.0,3.125411898865877,0.663200250718791
1901,919,1003,1.0218254266231712e-15,1.0218254266231759e-15,1.0218254266231727e-15,1.4589115547680146e-16,2.9178231095360293e-16,10.583389019807742,0.18954080147563868
1902,920,1003,-2.167094094628842e-15,-2.167094094628854e-15,-2.1670940946288444e-15,1.4243572608571916e-16,5.697429043428766e-16,7.666991571932197,0.262353018231613
1903,1002,1003,-0.0,0.0,-0.0,0.0,0.0,7.1050108278788136,0.28337260996783015
1904,920,1002,1.0663927634377938e-15,1.0663927634377987e-15,1.0663927634377951e-15,1.3605032516704202e-17,3.498436932866795e-17,95.15282988193465,0.021019591736217157
1905,921,1002,-2.6500461163469165e-15,-2.65004611634685e-15,-2.6500461163468428e-15,6.655548839103533e-17,6.406410647265433e-18,418.1910540609035,0.004782512185871589
1906,1001,1002,-0.0,0.0,-0.0,0.0,0.0,416.5690263620812,0.00480113430246921
1907,921,1001,1.1004988733225573e-15,1.100498873325201e-15,1.1004988733251973e-15,2.2335758565838692e-17,3.170322820491074e-20,107399.17718637783,1.8622116597620535e-05
1908,922,1001,-4.625978752836107e-15,-4.625978752877376e-15,-4.6259787528773454e-15,8.440323583068316e-18,6.296821098394375e-21,1056185.1386028645,1.8936074053147289e-06
1909,1000,1001,-0.0,0.0,-0.0,0.0,0.0,1056008.53292333,1.8939240911791826e-06
1910,922,1000,9.403316991172044e-16,9.403319246329772e-16,9.40331924632982e-16,3.7974707167218356e-17,7.970199388941251e-25,6315400964.402355,3.166858644538019e-10
1911,923,1000,-5.626509621631214e-14,-5.6265074832256737e-14,-5.6265074832256585e-14,8.951349430929585e-17,6.340158267825874e-25,4245825848.558295,4.710503527757925e-10
1912,999,1000,-0.0,0.0,-0.0,0.0,0.0,4246595058.493544,4.709647234199262e-10
1913,923,999,-5.26192161864651e-14,-5.25701869601064e-14,-5.2570186960106605e-14,3.993081739355585e-17,1.6447260037090948e-28,23593105415230.805,8.562935586624423e-14
1914,924,949,-5.413546519399052e-13,-5.42017402516427e-13,-5.420174025164238e-13,2.1882873356058275e-17,1.0335377165976515e-28,54748935726154.23,3.579294713963405e-14
1915,925,949,-2.0687765469847498e-12,-2.076277378263776e-12,-2.0762773782637673e-12,7.768968336248748e-17,8.785037992330383e-29,46498441571325.36,4.300998811724645e-14
1916,924,999,-1.1018518327214035e-12,-1.1019181762254044e-12,-1.1019181762253955e-12,5.869214107967215e-18,7.860942557414443e-28,10231846806650.033,1.9496690155233412e-13
1917,950,999,-1.1035690889299237e-13,-1.1025708506340722e-13,-1.1025708506340671e-13,3.414474285492342e-17,1.7269112832156113e-28,26153611620496.06,7.542687618877332e-14
1918,924,950,-6.028550168400113e-13,-6.032588778012309e-13,-6.03258877801233e-13,4.001395696301813e-17,2.0008753089809593e-28,16821405772323.727,1.1954002536356083e-13
1919,948,949,-0.0,0.0,-0.0,0.0,0.0,53217933596914.05,3.874771103010345e-14
1920,925,948,-1.3249171964581553e-13,-1.338556138240584e-13,-1.338556138240575e-13,2.1714796784128904e-17,1.4066742906906572e-29,360118050812369.75,4.262277087142999e-15
1921,910,926,-4.636650528311639e-13,-4.699337747045916e-13,-4.699337747045908e-13,6.454362057333325e-17,8.317153406913086e-30,198153986543389.03,9.677005252921413e-15
1922,925,926,1.833656109723438e-12,1.822851206137653e-12,1.8228512061376445e-12,8.635493608954364e-17,6.778849006654419e-29,74100041364247.83,2.913717797791957e-14
1923,925,927,0.0,0.0,0.0,0.0,0.0,70502650047400.45,2.75635348395182e-14
1924,926,927,-1.1695382372785873e-13,-1.1840837261460472e-13,-1.1840837261460402e-13,9.665451963207558e-18,4.696802383250232e-30,1308705266130149.2,1.573643138401369e-15
1925,927,928,6.127044634887492e-13,6.136503788412572e-13,6.136503788412592e-13,4.6449468701920966e-17,9.916738824970414e-29,32945238206696.51,6.026698687207882e-14
1926,927,948,-7.207008575356702e-13,-7.173511737484692e-13,-7.173511737484684e-13,7.430559126864442e-17,1.7919177578577947e-29,58400027933295.53,3.1825811926661197e-14
1927,947,948,-0.0,0.0,-0.0,0.0,0.0,59541113653556.64,3.146737686450769e-14
1928,927,947,-1.1499666360550514e-14,-9.281656782611214e-15,-9.281656782611208e-15,4.282707384823694e-17,1.2185557566536998e-31,3277526833860146.5,3.584350621535113e-16
1929,927,929,0.0,0.0,0.0,0.0,0.0,33884145726445.84,6.194281175914288e-14
1930,928,929,2.0798190448351297e-13,1.962112813493982e-13,1.96211281349398e-13,5.0265976167996515e-17,8.624125443940967e-31,1434747374790332.5,1.6758248870640577e-15
1931,929,930,2.6097366200924586e-13,2.615325826391242e-13,2.6153258263912334e-13,4.921914162611108e-17,7.558110282843623e-29,39710077735122.46,4.6061671502729617e-14
1932,929,947,-1.6646088298075856e-13,-1.6621200439363838e-13,-1.6621200439363896e-13,4.664358131423565e-17,1.0881345590335308e-28,33658336645335.023,6.230124682129638e-14
1933,946,947,-0.0,0.0,-0.0,0.0,0.0,32142908867162.53,6.298318081182719e-14
1934,929,946,1.1446065303648375e-13,1.1717557066262096e-13,1.17175570662621e-13,7.900087877894203e-18,1.4691145931638245e-31,685516148006919.5,6.819339905308088e-16
1935,929,931,0.0,0.0,0.0,0.0,0.0,40635814539507.96,4.64409099166954e-14
1936,930,931,3.7444391305944284e-13,3.197634902135109e-13,3.197634902135103e-13,3.2425397942122506e-17,3.5926516063787084e-31,2728688730678334.0,3.792384139657887e-16
1937,931,932,1.8369896834024626e-13,1.8613662967628793e-13,1.861366296762879e-13,3.683128661478248e-17,3.8141163148212478e-31,525115642354663.9,5.624777696355004e-15
1938,930,932,0.0,0.0,0.0,0.0,0.0,669656220820600.9,6.004016110320793e-15
1939,932,933,0.0,4.296065852110726e-15,4.296065852110677e-15,4.137082775020192e-18,4.7099403143213633e-32,1512444316150289.8,8.274165550040383e-18
1940,931,944,0.0,0.0,0.0,0.0,0.0,430164777304303.9,5.610147255362293e-15
1941,932,944,0.0,-1.5747103155920564e-14,-1.574710315592047e-14,7.315220496355644e-18,4.3975261269385623e-32,2801893991802524.0,1.4630440992711288e-17
1942,931,945,-3.9719061776785984e-13,-1.5645117258208561e-13,-1.5645117258208407e-13,6.729123575041918e-17,4.3041906077331936e-31,1966632834017867.2,8.746213342417871e-17
1943,944,945,-9.755936517886987e-14,-9.628265649855614e-14,-9.628265649855554e-14,3.77751696319949e-17,1.755225364848626e-29,386342523074445.56,5.697609388786471e-15
1944,931,946,-9.439468409849684e-14,-9.44313912263936e-14,-9.443139122639282e-14,8.893655806066178e-18,1.8960160900247142e-28,43120260128243.28,4.5758975926164595e-14
1945,945,946,-0.0,0.0,-0.0,0.0,0.0,43369545656517.43,4.567151379274042e-14
1946,932,943,0.0,0.0,0.0,0.0,0.0,479572540242741.75,2.0564066713972668e-15
1947,935,943,-1.2970120994809744e-13,-8.221215024637044e-14,-8.221215024637002e-14,4.064992725954659e-17,3.5653367722029208e-31,1.7976931348623157e+308,1.4074475040592537e-16
1948,932,935,1.9664785779691774e-13,1.9458483150219033e-13,1.9458483150218972e-13,1.164731372349552e-17,3.420445411464917e-30,495557301101890.5,2.197151421803192e-15
1949,933,935,3.9992347528297424e-13,3.942376350842793e-13,3.942376350842786e-13,1.5784396498515718e-17,1.962193240760877e-30,378423521496580.44,2.1888772562531516e-15
1950,933,934,2.5389492060613615e-13,2.601708121787799e-13,2.601708121787797e-13,4.390880641402515e-17,1.4129168319346966e-30,291093674650491.2,3.640531291628353e-15
1951,907,934,0.0,0.0,0.0,0.0,0.0,308077418143981.94,4.42834721107501e-15
1952,934,935,-2.6846585260221635e-13,-2.9252346123733033e-13,-2.925234612373298e-13,5.969320291254479e-17,1.377988265531378e-30,1162641225336016.0,1.4516540353752017e-15
1953,935,936,2.5497038915961647e-13,2.630145654322098e-13,2.6301456543220973e-13,1.0508078692681083e-17,6.595111545039044e-32,6523886445040000.0,6.871499721604181e-16
1954,934,936,-1.3050109712546657e-13,-1.4977263846018368e-13,-1.497726384601819e-13,4.918512421986354e-17,4.5743151509938255e-30,1186155444354794.2,7.645040632147835e-16
1955,934,937,7.118095926789847e-14,6.337270217337029e-14,6.337270217337019e-14,1.2178687808787522e-17,1.574913829470356e-31,3312352288437747.0,1.9768722930744444e-16
1956,937,1110,2.507668477614572e-13,2.523273479902116e-13,2.523273479902111e-13,8.981467403563467e-18,2.905787618872252e-30,785410192595291.2,2.9045427988323773e-15
1957,934,1110,0.0,0.0,0.0,0.0,0.0,1136302287741243.8,3.102230028139822e-15
1958,1105,1110,0.0,2.975744336208432e-14,2.975744336208442e-14,3.171517209582594e-17,1.0761724252429592e-31,3522037469192119.5,6.343034419165188e-17
1959,934,1105,5.490833707699371e-13,5.367500610713323e-13,5.36750061071328e-13,3.491239250104901e-17,1.2290762684589838e-29,880283512037320.5,3.03879968394817e-15
1960,935,942,0.0,0.0,0.0,0.0,0.0,1645084117987542.8,7.51813084896094e-16
1961,936,942,0.0,2.5742788809542228e-14,2.574278880954228e-14,3.233155636783795e-17,6.737214327600821e-32,1342943340967694.5,6.46631127356759e-17
1962,936,937,1.6927053496769894e-13,1.8337603257856503e-13,1.8337603257856433e-13,3.7006436411075126e-17,1.854373864114274e-30,2253443795883183.0,9.62191292522228e-16
1963,936,938,0.0,0.0,0.0,0.0,0.0,2273910877075391.5,1.1440178061067133e-15
1964,937,938,1.4585803939123932e-13,1.194393297226627e-13,1.194393297226619e-13,2.010904567026696e-17,6.1486567412457655e-31,923837955987842.4,1.818265135844853e-16
1965,937,939,0.0,0.0,0.0,0.0,0.0,891121885697385.9,2.7535675425415686e-15
1966,939,1110,0.0,1.4466005875158026e-13,1.446600587515794e-13,7.548762814540457e-17,4.478746395793197e-31,1.7976931348623157e+308,1.5097525629080916e-16
1967,938,939,1.1680367667617982e-13,1.1273591017992596e-13,1.1273591017992582e-13,4.639711507157457e-17,1.583609373904133e-30,479659187860145.4,2.571741028957083e-15
1968,938,940,0.0,0.0,0.0,0.0,0.0,360567451878072.1,2.5632085646332873e-15
1969,939,940,0.0,-1.64412753452914e-14,-1.6441275345291377e-14,4.266232161897963e-18,5.7314887953802454e-33,1855638072884882.0,8.532464323795926e-18
1970,938,942,-1.0683961013500223e-13,-1.0386907142021118e-13,-1.0386907142021077e-13,1.5434165627029293e-17,2.1641247690947254e-30,6881649982565347.0,1.0793546933710374e-15
1971,941,942,-0.0,0.0,-0.0,0.0,0.0,861986609715078.2,1.142274987374134e-15
1972,938,941,0.0,8.313731618754463e-14,8.313731618754488e-14,3.146014700154839e-17,9.55245848390592e-32,1000969495882239.6,6.292029400309677e-17
1973,939,1109,1.1476223473278286e-13,1.2152146522083468e-13,1.2152146522083542e-13,7.846748541337255e-17,8.498472807199689e-30,277234648168783.34,2.8214702299269846e-15
1974,1109,1110,-0.0,0.0,-0.0,0.0,0.0,285208813490785.2,2.6704949736361755e-15
1975,940,1112,8.306768880693408e-14,8.389844482749982e-14,8.389844482749983e-14,1.4434274236619202e-17,2.193016357847801e-31,425435213393167.44,2.915448412498502e-15
1976,939,1112,0.0,0.0,0.0,0.0,0.0,347272747042655.4,2.906915948174706e-15
1977,940,941,-7.802906310666243e-14,-7.321920420739014e-14,-7.321920420738994e-14,8.212349423502398e-17,3.4480653033418065e-30,602209106649207.0,2.5002882706301904e-15
1978,941,1080,-7.126253556684086e-14,-7.401758392753153e-14,-7.401758392753124e-14,2.1460912804071866e-17,2.2613470334099274e-30,1381177668733774.8,1.1531448502332385e-15
1979,1080,1081,0.0,0.0,0.0,0.0,0.0,6894663609258169.0,1.1739689493822572e-15
1980,941,1081,2.9227971951827043e-13,2.7410987357928135e-14,2.741098735792801e-14,1.0061025288800018e-16,4.79437460332291e-32,2002828632037053.8,2.082409914901861e-17
1981,941,1082,0.0,0.0,0.0,0.0,0.0,438391767096900.4,2.4824546518389964e-15
1982,940,1082,0.0,-3.442445255575525e-14,-3.442445255575523e-14,8.916809395597038e-18,6.538721690438997e-33,1654875946359721.0,1.7833618791194076e-17
1983,942,943,-8.38428308934713e-14,-8.425624175054945e-14,-8.425624175054899e-14,2.1897078009725336e-18,2.473582660675766e-30,1206408889951719.0,8.925578353020194e-16
1984,943,963,0.0,-3.398422951857026e-14,-3.3984229518570275e-14,1.4474913198171432e-17,5.3759962383801484e-33,1627169045565235.8,2.894982639634286e-17
1985,963,1080,5.581973104185776e-14,5.723124529970204e-14,5.723124529970209e-14,1.1229689569591426e-17,4.016639817268744e-31,1330561144511431.5,9.106377988392578e-16
1986,943,1080,0.0,0.0,0.0,0.0,0.0,4429829142675768.0,8.816879724429149e-16
1987,942,1080,0.0,-8.697859940107541e-15,-8.697859940107541e-15,5.4349314295522424e-18,0.0,1695785405241052.2,1.0869862859104486e-17
1988,943,944,-8.958346543791687e-14,-9.283954538027335e-14,-9.283954538027376e-14,3.631783403240665e-17,4.5050049777903324e-30,551444477796397.56,2.071037112389978e-15
1989,944,963,0.0,0.0,0.0,0.0,0.0,418829555852964.94,2.042087285993635e-15
1990,945,957,-4.053964291907923e-14,-4.063923833914079e-14,-4.063923833914045e-14,5.564163024044687e-17,1.903902300498044e-28,41106890665167.5,4.540838266518332e-14
1991,957,959,0.0,0.0,0.0,0.0,0.0,40422282042014.59,4.5407714236618564e-14
1992,945,959,0.0,-2.420068334533001e-15,-2.420068334532981e-15,3.3421428237842083e-19,2.723565462725975e-33,3006466821953401.5,6.684285647568417e-19
1993,959,962,6.487361710134769e-14,6.399436339771717e-14,6.399436339771742e-14,3.912277671065794e-17,1.1232227121088356e-29,417416630932030.25,5.694914174629133e-15
1994,945,962,0.0,0.0,0.0,0.0,0.0,369368592766691.44,5.694245746064377e-15
1995,944,962,0.0,-7.292673834354752e-15,-7.292673834354782e-15,1.6818213610473597e-18,6.91316789347442e-33,2839486211861731.5,3.3636427220947194e-18
1996,946,955,-4.3559908357307463e-14,-4.3484411232123504e-14,-4.348441123212344e-14,5.503256056381407e-17,4.600231909459567e-29,31684189132559.977,6.339469188742228e-14
1997,955,957,0.0,0.0,0.0,0.0,0.0,33213950756294.418,6.365782301497937e-14
1998,946,957,6.172180671072255e-14,7.314263996704179e-14,7.314263996704097e-14,2.0543261316045137e-17,1.4757247889388097e-30,725815218549189.9,2.6313112755709705e-16
1999,947,953,-1.7132763665088763e-13,-1.7137872691448466e-13,-1.7137872691448382e-13,5.9923824572777684e-18,9.770701202708921e-29,48173440767730.945,4.02020582563375e-14
2000,953,955,0.0,0.0,0.0,0.0,0.0,49492643865299.43,3.9790547180742425e-14
2001,947,955,-1.174959726628225e-14,-1.088765343001712e-14,-1.0887653430017097e-14,1.6289067127454586e-17,4.174223604421361e-31,2600759507239088.5,4.115110755950762e-16
2002,948,951,-7.165547077537267e-13,-7.179705225629907e-13,-7.179705225629902e-13,5.286696382907174e-17,1.885203886027761e-29,39699733743912.52,5.361848371457834e-14
2003,951,952,1.4029058514071239e-14,1.410797616321552e-14,1.4107976163215466e-14,2.4981345980219122e-17,1.698052215665229e-29,338358475931574.94,8.931746888959425e-15
2004,948,952,-7.525221985645901e-14,-7.534625567295863e-14,-7.534625567295824e-14,2.788561784890194e-17,1.160296765711491e-28,44540844278654.695,4.468673682561892e-14
2005,949,950,-2.307692144781761e-12,-2.3086917995739904e-12,-2.308691799573987e-12,1.8131083606948118e-17,5.860492167236975e-29,24245467747507.87,8.374707822392677e-14
2006,950,951,0.0,0.0,0.0,0.0,0.0,29017617993867.83,6.887630553945187e-14
2007,949,951,-3.0723786342509296e-13,-3.071094944956918e-13,-3.071094944956897e-13,3.1079227492462784e-18,5.133812394930219e-29,153345805236966.56,1.487077268447489e-14
2008,950,998,-2.1952341679026014e-12,-2.1951802197029156e-12,-2.1951802197029035e-12,4.480015177848466e-18,1.0062228565774457e-27,5470316191313.847,3.645882812563595e-13
2009,997,998,-0.0,0.0,-0.0,0.0,0.0,6924709193647.876,2.894548471190934e-13
2010,950,997,-6.046328565758329e-13,-6.035108184870989e-13,-6.035108184870963e-13,6.984346614608029e-17,1.6341876932723888e-28,26125030133405.402,7.513343413726608e-14
2011,951,972,-1.1426543265199477e-13,-1.1398048583357533e-13,-1.1398048583357467e-13,6.340078804134847e-17,1.4603420934829733e-28,38903126381869.84,5.0721412951735005e-14
2012,952,972,-2.4349778936741133e-13,-2.4318454478645143e-13,-2.4318454478645244e-13,3.841944206113323e-17,1.2384483255722547e-28,35112792973639.777,5.965315984069443e-14
2013,951,997,-7.982758191080677e-13,-7.977373334163094e-13,-7.97737333416308e-13,4.860445978995175e-17,1.1848290889446634e-28,13742790252433.166,1.4400973967671794e-13
2014,973,997,1.840354827523581e-14,1.8424628854275446e-14,1.8424628854275408e-14,1.754972385954015e-17,3.152313649269894e-29,65647270415720.69,3.067725492736063e-14
2015,951,973,-1.253933302909568e-13,-1.253487628892506e-13,-1.2534876288925028e-13,3.1054735930269194e-17,2.28667418836968e-28,11351719813072.527,1.746869946040786e-13
2016,971,972,-0.0,0.0,-0.0,0.0,0.0,42381021258974.234,4.905869868415744e-14
2017,952,971,-2.8115070880300028e-14,-2.794708996037697e-14,-2.7947089960376978e-14,3.183993993090675e-17,1.7942954841002454e-30,204810462826204.3,1.0594461156536991e-14
2018,948,953,-5.5891909247619335e-14,-5.63756004979444e-14,-5.6375600497944615e-14,3.747089987769757e-17,1.6622457424582124e-29,251229322089706.12,8.734681391829814e-15
2019,952,953,2.103335246982094e-13,2.1022142920530197e-13,2.1022142920530217e-13,9.585282028842603e-18,1.726860054639692e-29,54315634886970.95,3.59520554337891e-14
2020,952,954,0.0,0.0,0.0,0.0,0.0,61685382581586.76,3.300426543345247e-14
2021,953,954,-1.589543488486547e-14,-1.6232498739624886e-14,-1.6232498739624785e-14,3.0605068155927064e-17,9.168358169835814e-30,424696452667844.3,2.9477900003366374e-15
2022,954,955,4.650417242919056e-14,4.6619551074106256e-14,4.66195510741059e-14,5.2886517740696105e-17,1.6199364811145545e-28,44015177014196.41,4.273833718107906e-14
2023,954,971,-5.763166915731945e-14,-5.744186754119963e-14,-5.744186754119934e-14,7.203029011568574e-17,1.101700407899406e-28,47264218019919.14,4.3598726589989457e-14
2024,970,971,-0.0,0.0,-0.0,0.0,0.0,47478657186536.46,4.299911136809825e-14
2025,954,970,-4.7970032654740934e-15,-4.317985536302252e-15,-4.3179855363022324e-15,3.3259296441874534e-17,1.3693104190271984e-30,1.6661308065939696e+16,5.996152218912018e-16
2026,954,956,0.0,0.0,0.0,0.0,0.0,46225865724307.79,4.2661331614359034e-14
2027,955,956,0.0,-3.0398137881320698e-15,-3.0398137881320635e-15,3.850278336001564e-17,7.993473982779604e-32,810237936812526.4,7.70055667200313e-17
2028,956,957,1.520527059308668e-14,1.520718583472453e-14,1.52071858347245e-14,4.0134841122355215e-18,6.612389052846247e-29,32119844086927.777,6.37348285816994e-14
2029,956,970,-1.7009122600487445e-14,-1.6994292743499743e-14,-1.699429274349975e-14,1.8875562061248912e-17,8.032548384813678e-30,46348360149440.92,4.326094683625023e-14
2030,969,970,-0.0,0.0,-0.0,0.0,0.0,44369814509153.48,4.324048105236322e-14
2031,956,969,0.0,-1.3389260241734696e-15,-1.3389260241734637e-15,1.0232891943507677e-17,4.521718296517213e-32,951635120557440.0,2.0465783887015353e-17
2032,956,958,0.0,0.0,0.0,0.0,0.0,32109529283073.434,6.369714709282145e-14
2033,957,958,0.0,-1.793719557853275e-14,-1.793719557853269e-14,1.8840744438976357e-17,6.297345787725517e-32,9927783648913436.0,3.7681488877952715e-17
2034,958,959,2.4647924756705943e-14,2.4728618589306143e-14,2.4728618589305948e-14,7.414816039704024e-17,1.7976790289369784e-28,40185922221902.01,4.544539572549651e-14
2035,958,969,-8.201071171962623e-15,-8.199888663468644e-15,-8.199888663468645e-15,4.5943683832182464e-18,6.129880030734449e-30,33395986152482.496,6.371761287670846e-14
2036,968,969,-0.0,0.0,-0.0,0.0,0.0,33289997025946.76,6.381563663515155e-14
2037,958,968,0.0,4.0206584204396974e-14,4.0206584204396564e-14,4.901187922154243e-17,5.000436921132866e-31,1.757097508809908e+16,9.802375844308485e-17
2038,958,960,0.0,0.0,0.0,0.0,0.0,39285270209458.67,4.5545743082825575e-14
2039,959,960,7.810573950956633e-13,3.5297883299905726e-13,3.529788329990568e-13,6.084862379797859e-17,6.458775633192929e-32,1983708508122878.2,1.0034735732905966e-16
2040,960,961,3.59588097499034e-14,3.5978355189362736e-14,3.5978355189362906e-14,1.5086565062417145e-18,1.3152221527879324e-29,725806361362678.5,5.554132436137922e-15
2041,959,961,0.0,0.0,0.0,0.0,0.0,577768878027512.4,5.654479793466982e-15
2042,961,962,0.0,8.621841687939883e-14,8.621841687939873e-14,2.021719058107566e-17,2.3677244787451586e-32,1614105604586569.2,4.043438116215132e-17
2043,960,966,0.0,0.0,0.0,0.0,0.0,528681177010552.9,5.740950008917705e-15
2044,961,966,2.2853479757824428e-12,1.922781064358843e-12,1.9227810643588495e-12,1.761351607261748e-17,3.1394116840724107e-31,2783916678986038.0,1.8681757277978307e-16
2045,960,967,-3.7295704871826326e-12,-1.4354739922546463e-12,-1.4354739922546449e-12,6.829094015339999e-17,4.208136796012892e-32,777367437018907.5,8.546272461821737e-17
2046,966,967,-3.134874975858508e-14,-3.046614337550042e-14,-3.046614337550021e-14,8.439579971978205e-17,1.9913982875368276e-29,320576918337769.94,5.8264127335359225e-15
2047,960,968,-1.3089250331048706e-14,-1.3068711816862498e-14,-1.306871181686246e-14,3.571234262247383e-17,6.58401767682168e-29,39743692354096.836,4.544771932438249e-14
2048,967,968,-0.0,0.0,-0.0,0.0,0.0,41642341973244.46,4.536225659976427e-14
2049,961,964,3.4763547696350266e-14,3.614730724208597e-14,3.6147307242085806e-14,3.977308499913206e-17,4.716202205772199e-30,667280817846922.5,2.077947614323431e-15
2050,962,964,0.0,0.0,0.0,0.0,0.0,864088375235293.8,2.0375132331612797e-15
2051,961,965,0.0,0.0,0.0,0.0,0.0,458858595239559.94,2.06720717856782e-15
2052,964,965,0.0,-6.020309122230973e-14,-6.020309122230969e-14,5.370217877805495e-18,3.3776510942347e-33,1827087264545429.2,1.0740435755610987e-17
2053,962,963,5.962879041555671e-14,6.103266442287974e-14,6.103266442287966e-14,2.3524742195280268e-17,1.2690198232462231e-30,486726918554727.7,2.0454509287157297e-15
2054,963,964,0.0,-9.184772485158659e-15,-9.18477248515862e-15,3.9688477772250746e-18,1.7043801875796293e-32,925379159156654.9,7.937695554450149e-18
2055,963,1079,0.0,0.0,0.0,0.0,0.0,1102909093861328.0,8.687125399402459e-16
2056,1079,1080,0.0,3.3118648667504915e-14,3.3118648667504777e-14,2.0962629449505922e-17,8.787923159694721e-32,1.3513146589151264e+16,4.192525889901184e-17
2057,964,1078,0.0,0.0,0.0,0.0,0.0,3268807475384022.5,9.60736915448045e-16
2058,1078,1079,0.0,-3.2260301568106076e-13,-3.2260301568106055e-13,4.2043339976674484e-17,2.631898797845645e-32,1.3358299436656216e+16,8.408667995334897e-17
2059,964,1079,3.26532140541225e-14,3.2229389000322406e-14,3.222938900032227e-14,5.7640921026894014e-18,1.8882408429409783e-30,6577785998263201.0,8.766502354946961e-16
2060,965,1078,2.6500665252957196e-14,2.898606351387293e-14,2.8986063513872886e-14,4.1649465751790526e-17,7.402900385060011e-31,4328278464243708.0,9.71477351203656e-16
2061,965,966,-2.5016173491362533e-14,-2.6481251720590876e-14,-2.6481251720590787e-14,5.201638319394539e-17,3.1368791885489535e-30,563750256592111.8,1.8803896057880368e-15
2062,968,980,-3.900552614669039e-15,-3.906876430500113e-15,-3.906876430500148e-15,5.1658905380952534e-17,2.8354310843261e-28,33765609004981.48,6.383011942423677e-14
2063,980,982,0.0,0.0,0.0,0.0,0.0,33123132901373.062,6.39046680902207e-14
2064,968,982,0.0,1.3756226898588112e-13,1.3756226898588039e-13,3.7274332991959473e-17,1.983622199167711e-31,2704033171430120.5,7.454866598391895e-17
2065,969,978,-9.327358934278334e-15,-9.317214618340891e-15,-9.317214618340852e-15,2.366630069277822e-17,9.201911446170687e-29,47202657465932.12,4.347340996391205e-14
2066,978,980,0.0,0.0,0.0,0.0,0.0,46333799661789.586,4.3458927174826814e-14
2067,969,980,0.0,-7.853147715107217e-16,-7.8531477151072155e-16,7.241394542617968e-18,1.81852336833133e-33,2596226784636232.0,1.4482789085235936e-17
2068,970,976,-2.021466143283732e-14,-2.018326170855628e-14,-2.0183261708556315e-14,3.552522300593756e-17,3.927028818549928e-29,46282491127512.54,4.5670138168533654e-14
2069,976,978,0.0,0.0,0.0,0.0,0.0,43940919541509.086,4.543720925698482e-14
2070,970,978,-2.42059081715832e-15,-2.5392446915621633e-15,-2.539244691562162e-15,5.442153311923532e-18,5.427258919566104e-32,658855056089815.8,2.3292891154883e-16
2071,971,974,-5.18756743123729e-14,-5.1929830233017216e-14,-5.1929830233016964e-14,3.8595498220797596e-17,1.79904124545993e-28,27599578847614.348,7.401804443645501e-14
2072,974,975,2.2286542214486026e-14,2.2268434796508556e-14,2.226843479650859e-14,1.4522786074279348e-17,2.7838544405347335e-29,58716486450874.73,3.5720135820770214e-14
2073,971,975,-2.763616649829992e-14,-2.7713041150295936e-14,-2.7713041150295835e-14,5.3118284295021105e-17,6.977041070544378e-29,52244586408221.42,3.82979086156848e-14
2074,972,973,-3.1281060074848743e-13,-3.1297392787276583e-13,-3.129739278727658e-13,3.2346052111089004e-17,9.998696223490924e-30,16055014397001.508,1.2396558165234357e-13
2075,973,974,0.0,0.0,0.0,0.0,0.0,20110898640022.145,9.9006235900046e-14
2076,972,974,-4.487097595441235e-14,-4.5033993904532973e-14,-4.503399390453299e-14,4.5175000351038815e-17,5.24655720093255e-30,79181703135541.52,2.4959345752297574e-14
2077,973,996,-3.9969182281671305e-13,-3.9967413921453717e-13,-3.9967413921453823e-13,6.5820397542613214e-18,3.9462942732416163e-28,6716713502100.544,2.975266065198605e-13
2078,995,996,-0.0,0.0,-0.0,0.0,0.0,8094762280721.262,2.4665725794060527e-13
2079,973,995,-5.745063445002832e-14,-5.747451266631149e-14,-5.747451266631119e-14,1.0567025723179016e-17,1.340548530691095e-28,39514080864213.36,5.086934857925523e-14
2080,974,986,-1.1281063554981669e-14,-1.1319782476834464e-14,-1.1319782476834442e-14,1.7147308180686745e-17,9.782078926132004e-30,176191107173680.3,1.0026301837984398e-14
2081,975,986,-2.555833636463129e-14,-2.5561269319406867e-14,-2.55612693194068e-14,2.624522106420548e-18,5.929588951118205e-29,43957034751534.32,4.574643765875461e-14
2082,974,995,-6.82773247094398e-14,-6.827526388869652e-14,-6.827526388869613e-14,2.261922516839645e-18,4.29456931576741e-28,13335444327528.146,1.4987558447930123e-13
2083,987,995,-2.9852590639200916e-14,-2.9847912699226096e-14,-2.984791269922592e-14,5.6541354735921665e-18,2.1357972209964737e-28,28279309770349.008,7.215318832965572e-14
2084,974,987,-3.911569920207031e-14,-3.9119113928627926e-14,-3.9119113928627895e-14,3.39221295675867e-18,3.1346394958954524e-29,25248082816842.28,7.772239614964553e-14
2085,985,986,-0.0,0.0,-0.0,0.0,0.0,43545878820548.03,4.424207136829668e-14
2086,975,985,-3.081588719327586e-15,-2.9825655924135715e-15,-2.9825655924135656e-15,2.4972972008411386e-17,1.4920909325848442e-30,5242530997428268.0,1.5043662904579325e-15
2087,971,976,-6.407072346510144e-15,-6.422681738367989e-15,-6.422681738367976e-15,3.245770667858363e-18,2.624534368033579e-30,3492317760295706.5,2.671026800435398e-15
2088,975,976,2.3516337040269813e-14,2.3582360871376693e-14,2.3582360871376756e-14,4.987251362716793e-17,4.767063720594972e-29,53378650017089.05,3.5626881815249396e-14
2089,975,977,0.0,0.0,0.0,0.0,0.0,56911568471647.336,3.482029486033389e-14
2090,976,977,-2.354054621196995e-15,-2.8504028867798175e-15,-2.8504028867797927e-15,7.022657007029474e-17,3.5158143657294876e-30,869840716036566.6,8.065869549155088e-16
2091,977,978,1.0678449698572084e-14,1.069197967363877e-14,1.0691979673638796e-14,2.925919375247791e-17,5.459033638908593e-29,41868809123630.43,4.624379621190033e-14
2092,977,985,-1.2430870755614558e-14,-1.2399924741323362e-14,-1.2399924741323401e-14,4.5327028451539296e-17,5.77727399057623e-29,57029136068664.69,3.632466115079182e-14
2093,984,985,-0.0,0.0,-0.0,0.0,0.0,57173746305640.07,3.5652196037219e-14
2094,977,984,-1.7821525293809322e-15,-1.799091078238067e-15,-1.7990910782380614e-15,3.165649398951926e-18,1.0320128070433594e-30,4710200211307014.0,6.724651135728228e-16
2095,977,979,0.0,0.0,0.0,0.0,0.0,43604638005423.8,4.618862980603821e-14
2096,978,979,0.0,-4.671162899255501e-16,-4.6711628992555e-16,2.7583202931062188e-17,5.82277660359496e-33,814581255169109.6,5.516640586212438e-17
2097,979,980,4.3491230012143656e-15,4.3484585536385286e-15,4.348458553638526e-15,3.3244923043298646e-18,1.1840943231439463e-29,44775248185696.19,4.3514093580688935e-14
2098,979,984,-4.8537264711363714e-15,-4.85472964250217e-15,-4.854729642502142e-15,4.841640220338578e-18,1.3325572141034558e-28,44135262876911.336,4.686109491961103e-14
2099,983,984,-0.0,0.0,-0.0,0.0,0.0,42720661127412.98,4.6768834993854755e-14
2100,979,983,-7.917529162258126e-15,-3.289747359229358e-15,-3.289747359229356e-15,6.489233958435326e-17,3.3185032435789607e-32,1845490099708849.2,9.225992575627646e-17
2101,979,981,0.0,0.0,0.0,0.0,0.0,45009685905726.53,4.352439667108196e-14
2102,980,981,0.0,2.4413388647678143e-15,2.4413388647678124e-15,5.151545196512228e-18,4.161499931098351e-33,2994289127092230.5,1.0303090393024455e-17
2103,981,982,3.0742995009857834e-15,3.0823830705672837e-15,3.0823830705672648e-15,8.378169317638078e-17,1.9622648629332017e-28,33105121995433.387,6.389436499982767e-14
2104,967,982,-1.0414988853406203e-14,-1.041282950840941e-14,-1.0412829508409376e-14,4.6957354610295864e-18,7.548048774234179e-29,42326460320053.43,4.528770793378035e-14
2105,981,983,-3.3912369679234554e-15,-3.3814584720635116e-15,-3.3814584720635116e-15,6.306528669218001e-17,0.0,46232306646825.68,4.3616656596838236e-14
2106,984,989,-5.564435448129234e-15,-5.543496982100302e-15,-5.543496982100288e-15,6.934929827458257e-17,4.702947687183014e-29,52630740451765.64,3.672070582099561e-14
2107,989,990,0.0,0.0,0.0,0.0,0.0,53314425248791.72,3.6776407544137464e-14
2108,984,990,0.0,6.184160192649638e-16,6.18416019264962e-16,2.78508615709273e-17,7.993571344790855e-32,3888465958111309.5,5.57017231418546e-17
2109,985,988,-1.3918048368607243e-14,-1.3914011766568661e-14,-1.3914011766568649e-14,6.890672304350892e-18,2.1545971347664055e-29,39547521441829.48,4.7503764109332667e-14
2110,988,989,0.0,0.0,0.0,0.0,0.0,42057713019376.914,4.643525432555605e-14
2111,985,989,-1.6564895174462341e-15,-1.5942519807791079e-15,-1.5942519807791095e-15,2.085662042410606e-17,5.2871541351675e-31,660956416565853.0,1.0685097837766106e-15
2112,986,987,-3.115993455487173e-14,-3.114727699270787e-14,-3.114727699270784e-14,1.375509522394126e-17,2.743240881114664e-29,29433448704985.133,6.769609431166112e-14
2113,987,988,0.0,0.0,0.0,0.0,0.0,31503581128728.156,6.443440157062514e-14
2114,986,988,-5.708965428546412e-15,-5.590735880420283e-15,-5.590735880420241e-15,3.448816641916823e-17,1.2196083216402208e-29,433173184071531.44,3.261692741035985e-15
2115,987,994,-3.4997849300061974e-14,-3.4974439961126e-14,-3.497443996112597e-14,3.2303328933146626e-17,3.4834416638278135e-29,20676381146448.203,9.652479648447785e-14
2116,993,994,-0.0,0.0,-0.0,0.0,0.0,21041999686707.555,9.271255924480211e-14
2117,987,993,-5.33894663280345e-15,-5.391956158351719e-15,-5.391956158351737e-15,1.873947797588318e-17,6.135171196940661e-30,1055022636496475.4,3.812237239675738e-15
2118,988,993,-1.6931331176833563e-14,-1.6950939374383308e-14,-1.695093937438339e-14,3.947254917112091e-17,1.651548278368777e-28,30723148321944.293,6.824663881030088e-14
2119,992,993,-0.0,0.0,-0.0,0.0,0.0,30988591592072.64,6.597436657142282e-14
2120,988,992,-3.0155768287642014e-15,-3.085961721304032e-15,-3.0859617213040232e-15,2.5913094814259362e-17,3.1947211062030185e-30,2605370714273733.5,2.272272238878058e-15
2121,989,992,-6.472379483672772e-15,-6.482995323444613e-15,-6.48299532344459e-15,3.9879042934036484e-17,8.593870470448958e-29,41413391481332.734,4.870752656443411e-14
2122,991,992,-0.0,0.0,-0.0,0.0,0.0,41207097629913.484,4.857247209738229e-14
2123,989,991,0.0,-8.328830981715127e-16,-8.328830981715131e-16,6.752723352591198e-17,3.197903444268954e-32,1.2558161795910628e+16,1.35054467051824e-16
2124,983,990,-3.7451607427410315e-15,-3.751888649215837e-15,-3.751888649215831e-15,4.1883118233784604e-17,3.9287055712963405e-29,41952208204625.17,4.67131332707129e-14
2125,990,991,-4.3128927830837425e-15,-4.318984005215051e-15,-4.318984005215029e-15,2.602879682226432e-17,9.438611724430155e-29,53564388372547.23,3.691146201118929e-14
2126,992,1039,-8.010175332120062e-15,-7.997786429257524e-15,-7.997786429257508e-15,5.2887345761701193e-17,6.7351822699998e-29,30069943645315.293,6.828396362536005e-14
2127,1039,1041,0.0,0.0,0.0,0.0,0.0,30053819831360.555,6.81846917367525e-14
2128,992,1041,-1.2956442095653328e-15,-5.79257702255173e-16,-5.792577022551737e-16,6.138635815870201e-17,5.914703218829337e-32,5522395067276760.0,9.927188860754972e-17
2129,993,1037,-1.9653222163761826e-14,-1.9638496716501504e-14,-1.9638496716501432e-14,3.776598477803182e-17,1.8613180122002137e-28,19627290943817.12,1.0073271866636129e-13
2130,1037,1039,0.0,0.0,0.0,0.0,0.0,20018123904635.164,9.842312161242406e-14
2131,993,1039,-2.7645979376053882e-15,-2.614178785536763e-15,-2.6141787855367654e-15,6.644680011854939e-17,1.0454243792036241e-30,971905286663225.1,2.3095970539372293e-15
2132,994,1023,-4.798917712914513e-14,-4.799735474636753e-14,-4.7997354746367645e-14,3.9483546403938606e-17,5.4846927223947665e-28,4325817618197.9233,4.634860575710053e-13
2133,1023,1037,0.0,0.0,0.0,0.0,0.0,4390461194058.7837,4.554658981494461e-13
2134,994,1037,-1.2722289041467565e-14,-1.276455071246053e-14,-1.2764550712460484e-14,1.3276822131068982e-17,1.4373942377683983e-29,287947915341268.94,8.020159421559179e-15
2135,994,995,2.5936606275356487e-14,2.588000915903694e-14,2.5880009159037023e-14,2.664919345960157e-17,3.862989596074194e-29,76589190034992.8,2.4371608154822134e-14
2136,995,1022,-1.2976175193334482e-13,-1.2979152426477178e-13,-1.2979152426477062e-13,4.8194503042883564e-17,1.8797188868054023e-27,4753296016047.596,4.202047815239535e-13
2137,994,1022,-0.0,0.0,-0.0,0.0,0.0,5068397811129.712,3.958331733691314e-13
2138,996,1021,-5.89863503878008e-13,-5.898535136614384e-13,-5.898535136614392e-13,3.9045010323020816e-17,3.1571195622379115e-27,433817057196.25854,4.610678131233636e-12
2139,1021,1022,0.0,0.0,0.0,0.0,0.0,450783380206.04193,4.437130607650288e-12
2140,996,1022,-1.4284097401747658e-13,-1.4294861914772504e-13,-1.4294861914772438e-13,6.534356852026431e-17,3.9841182563029903e-28,11540896952726.541,1.7354752358334823e-13
2141,996,997,3.331432423861985e-13,3.331655093640774e-13,3.331655093640784e-13,1.0967684105240825e-17,4.9735221772740015e-28,6087915636004.155,3.2820386144722114e-13
2142,997,1020,-1.050869183677707e-12,-1.0508685364937272e-12,-1.050868536493728e-12,3.5041541317994547e-19,4.373768908985888e-28,1758241960097.9517,1.1379778994088536e-12
2143,996,1020,-0.0,0.0,-0.0,0.0,0.0,2470949920933.483,8.097740379616325e-13
2144,998,1010,-1.5141333890641223e-12,-1.5141333811615368e-12,-1.5141333811615356e-12,6.906021504980164e-18,1.0588886811827609e-24,755748530.6238983,2.6463835394214175e-09
2145,1010,1020,0.0,0.0,0.0,0.0,0.0,755990596.3367614,2.645535016369128e-09
2146,998,1020,-1.3298561153892544e-12,-1.329650165879465e-12,-1.3296501658794597e-12,6.571386638114511e-17,1.675367184588643e-27,2357342978981.055,8.485230522897603e-13
2147,998,999,6.476433153837426e-13,6.477762245822756e-13,6.477762245822792e-13,2.966472767661743e-17,7.887943193720488e-28,6923737125757.359,2.8916140506758616e-13
2148,999,1009,-6.179070593911917e-13,-6.179070697214438e-13,-6.179070697214437e-13,8.250010738678412e-18,8.064064617645329e-26,2026437217.4462094,9.869536459459817e-10
2149,998,1009,-0.0,0.0,-0.0,0.0,0.0,2027028464.7014194,9.866644845409141e-10
2150,1000,1008,-2.404691085795216e-14,-2.4046910862915078e-14,-2.4046910862915046e-14,7.709869392318137e-17,4.901999294455012e-22,2676873.7418620605,7.4714020750472e-07
2151,1008,1009,0.0,0.0,0.0,0.0,0.0,2678723.7147097876,7.46624218582194e-07
2152,1000,1009,-3.127780874313138e-14,-3.1277815754445185e-14,-3.127781575444528e-14,5.783268774989891e-17,7.808284792714185e-25,3876047845.6894593,5.159889225260555e-10
2153,1001,1007,-4.7696882470704805e-15,-4.769688247070779e-15,-4.76968824707076e-15,3.0907974667578847e-17,2.0954559096663626e-18,1894.2755515433444,0.0010558127006186026
2154,1007,1008,0.0,0.0,0.0,0.0,0.0,1892.2202937005984,0.001056959484502277
2155,1001,1008,1.2442083701917978e-15,1.2442083701252199e-15,1.244208370125218e-15,3.068324917195032e-17,9.088640157568222e-22,1744007.766116407,1.1467838836744625e-06
2156,1002,1006,-2.868105386341099e-15,-2.8681053863410975e-15,-2.8681053863410963e-15,6.740886944132068e-17,2.888951547485172e-17,14.280924708477482,0.14027652619119785
2157,1006,1007,0.0,0.0,0.0,0.0,0.0,13.910777322644464,0.14402184779304847
2158,1002,1007,1.2844520328241483e-15,1.2844520328240988e-15,1.2844520328240976e-15,7.389486964200807e-17,1.725172053899021e-18,534.0001608717191,0.003745321601850607
2159,1003,1005,-2.354839973896669e-15,-2.3548399738966765e-15,-2.3548399738966718e-15,3.162601558442752e-16,5.421602671616146e-16,3.7073415444038376,0.5531561472480603
2160,1005,1006,0.0,0.0,0.0,0.0,0.0,2.987637387875475,0.6962522310246925
2161,1003,1006,1.2095713059235814e-15,1.209571305923582e-15,1.2095713059235798e-15,9.316580078074785e-17,1.281029760735283e-16,14.000464102207577,0.1430960837766323
2162,257,1004,2.1460802802222662e-15,2.1460802802222686e-15,2.1460802802222654e-15,7.529611942681715e-17,3.011844777072686e-16,4.881821270572023,0.41556201071063603
2163,257,1005,0.0,0.0,0.0,0.0,0.0,3.892331080870655,0.5256061141813668
2164,1004,1005,8.1972323435401e-16,8.197232343540167e-16,8.197232343540124e-16,1.5869135512463586e-16,2.909341510618324e-16,18.19286825687067,0.11004410347073074
2165,268,1005,2.6237827279830938e-15,2.6237827279831017e-15,2.6237827279830938e-15,0.0,7.637024391697025e-16,3.9368456421129774,0.5193904987411526
2166,268,1014,0.0,0.0,0.0,0.0,0.0,3.2093750568021684,0.6446044982983856
2167,1005,1014,1.0886659884528033e-15,1.0886659884528035e-15,1.088665988452802e-15,7.928660322041011e-17,9.061326082332584e-17,15.993518420138892,0.12521399955723303
2168,1006,1014,-3.1419871841402147e-15,-3.141987184140218e-15,-3.141987184140211e-15,3.1409555622014282e-16,5.932916061936032e-16,3.5970522473355553,0.5710382314674595
2169,1013,1014,-0.0,0.0,-0.0,0.0,0.0,3.207231392404971,0.6450658383083208
2170,1006,1013,1.483453103697073e-15,1.4834531036970668e-15,1.4834531036970703e-15,6.88589035257429e-17,8.853287596166945e-17,27.029284745814,0.07402760684086125
2171,1007,1013,-4.990000357350567e-15,-4.990000357350547e-15,-4.990000357350556e-15,7.189492991065378e-17,6.636455068675733e-17,28.58544415099096,0.0699942409521872
2172,1012,1013,-0.0,0.0,-0.0,0.0,0.0,28.367660267420174,0.07053204390506891
2173,1007,1012,1.504764142366345e-15,1.5047641423667011e-15,1.5047641423667001e-15,6.347151984061389e-17,1.7621188184512464e-19,3718.8342635385616,0.0005378029528817117
2174,1008,1012,-1.827790213575342e-14,-1.8277902135749044e-14,-1.8277902135748965e-14,6.327571931337244e-17,1.1203208093727415e-18,3852.4027400216974,0.0005191565316205654
2175,1011,1012,-0.0,0.0,-0.0,0.0,0.0,3855.1180119450855,0.0005187908745342007
2176,1008,1011,-4.524800352644859e-15,-4.524800352979799e-15,-4.524800352979799e-15,1.3533517242917303e-17,0.0,5469605.473219995,3.65657086364691e-07
2177,1009,1011,-2.2121294137524638e-13,-2.212129413882928e-13,-2.2121294138829288e-13,3.27995614403591e-17,1.9039072088439471e-22,1798106.2826951977,1.112281304946885e-06
2178,1010,1011,-0.0,0.0,-0.0,0.0,0.0,1800793.3789348907,1.1106215858920045e-06
2179,1009,1010,-4.279719780167359e-13,-4.279719854991047e-13,-4.279719854991047e-13,1.450869508858654e-17,0.0,1205023622.0911858,1.6597190548805036e-09
2180,1010,1018,-9.983551502022697e-13,-9.983551501862744e-13,-9.983551501862708e-13,2.1063640792691492e-17,4.785801273221752e-21,760804.6887054018,2.628795575942116e-06
2181,1018,1019,0.0,0.0,0.0,0.0,0.0,761329.5373171594,2.626983325930437e-06
2182,1010,1019,-9.437502428874086e-13,-9.437501858000281e-13,-9.43750185800027e-13,5.4811437202466796e-17,1.1633830036485204e-24,1103600088.8763168,1.812250011679615e-09
2183,1011,1017,-1.2596164557407135e-13,-1.2596164557404075e-13,-1.2596164557404055e-13,7.08880354897524e-17,4.64839576981983e-19,3449.0459154672444,0.0005798705221841062
2184,1017,1018,0.0,0.0,0.0,0.0,0.0,3458.09965498048,0.0005783523481940561
2185,1011,1018,-9.97760962140139e-14,-9.977609620884122e-14,-9.977609620884102e-14,3.9354797568294973e-17,1.5364040452391422e-21,1317372.0620143258,1.5181739900501122e-06
2186,1012,1016,-1.5418538435590845e-14,-1.5418538435590896e-14,-1.541853843559086e-14,2.3535795159897127e-17,5.1778749351773677e-17,43.47687753494015,0.046009578298132764
2187,1016,1017,0.0,0.0,0.0,0.0,0.0,43.534651268072224,0.04594849865048286
2188,1012,1017,-1.3545995439200124e-15,-1.354599543920284e-15,-1.3545995439202774e-15,5.975789807851031e-18,1.467269818891994e-19,32744.131271148664,6.107964764990556e-05
2189,1013,1015,-5.333335407854752e-15,-5.333335407854771e-15,-5.333335407854756e-15,1.9077961523516472e-16,7.249625378936259e-16,3.8764980737885515,0.5278537467473217
2190,1015,1016,0.0,0.0,0.0,0.0,0.0,3.712318633589357,0.5523762123542578
2191,1013,1016,1.8267881453429665e-15,1.826788145342961e-15,1.826788145342967e-15,2.6472479999124647e-18,3.970871999868697e-17,81.561954506312,0.024522465606936154
2192,269,1014,3.4966131035112302e-15,3.4966131035112385e-15,3.496613103511229e-15,1.0457071993270855e-16,8.365657594616684e-16,3.2361900175524396,0.638890751813753
2193,269,1015,0.0,0.0,0.0,0.0,0.0,2.7699753488895293,0.7561028433747522
2194,1014,1015,1.443291908593469e-15,1.4432919085934725e-15,1.4432919085934704e-15,5.599250588341876e-17,8.798822353108662e-17,17.082616889304706,0.11721209156099907
2195,285,1015,5.680650254790493e-15,5.680650254790521e-15,5.680650254790492e-15,9.965987094808915e-17,1.8437076125396495e-15,2.7868401402604093,0.7510831601333885
2196,285,1029,0.0,0.0,0.0,0.0,0.0,2.5714492322572537,0.8209731893714909
2197,1015,1029,1.790606761591736e-15,1.790606761591742e-15,1.790606761591733e-15,5.3861290470714236e-17,1.769728115466325e-16,28.62803261410641,0.0698900292381024
2198,1016,1029,-1.4254252817903183e-14,-1.4254252817903265e-14,-1.4254252817903173e-14,1.5717360720918294e-16,1.5193448696887686e-15,4.225300507088513,0.48248618311615543
2199,1028,1029,-0.0,0.0,-0.0,0.0,0.0,4.211470923052304,0.48413307913357084
2200,1016,1028,6.625024830525794e-16,6.62502483052552e-16,6.6250248305255e-16,3.652374364278931e-17,2.451257962603309e-18,1214.4060286114395,0.0016468960174154605
2201,1017,1028,-8.461258393745188e-14,-8.4612583937452e-14,-8.461258393745216e-14,7.268194805012374e-17,4.2948423847800393e-17,45.15247701536432,0.0443016026330674
2202,1027,1028,-0.0,0.0,-0.0,0.0,0.0,45.45356728239529,0.044008048078377285
2203,1017,1027,-4.270366115052619e-14,-4.270366115052609e-14,-4.2703661150525876e-14,1.0845613881458473e-18,7.375017439391761e-19,6813.043716777698,0.000293554554690116
2204,1018,1027,-6.366580036307772e-13,-6.366580036307309e-13,-6.366580036307296e-13,3.263520097985951e-17,8.98850874445283e-19,2293.8230217993982,0.0008719069028841721
2205,1026,1027,-0.0,0.0,-0.0,0.0,0.0,2297.9326242106654,0.0008703475920828686
2206,1018,1026,-4.614732427616895e-13,-4.614732427763128e-13,-4.614732427763098e-13,2.4700806703283395e-17,5.117853203895946e-21,1282617.9352403365,1.5593108013035533e-06
2207,1019,1020,1.2980129453738817e-12,1.2980129477012228e-12,1.2980129477012204e-12,3.996406810991599e-18,4.161326057877187e-24,448653286.2378816,4.457785028048743e-09
2208,1019,1026,-1.2433162049558382e-12,-1.2433162049905622e-12,-1.243316204990556e-12,5.844801857478883e-17,1.0539505658750618e-20,477749.5177147678,4.186294127233991e-06
2209,1025,1026,-0.0,0.0,-0.0,0.0,0.0,478130.219225023,4.182960874412503e-06
2210,1019,1025,-9.984469955471694e-13,-9.984470126235029e-13,-9.984470126235053e-13,2.8504139065464935e-17,4.045152349839959e-24,600014661.4904708,3.33325282148731e-09
2211,1019,1021,0.0,0.0,0.0,0.0,0.0,449036133.89583737,4.453984123955471e-09
2212,1020,1021,-1.0822732192223367e-12,-1.0822574294762863e-12,-1.0822574294762778e-12,2.7726910803541962e-17,1.4894160488421772e-26,526218024450.4765,3.800904093272004e-12
2213,1021,1025,-1.1224336882089295e-12,-1.122433705571013e-12,-1.1224337055710126e-12,6.022745653534495e-17,1.4010804998089446e-24,256830516.91776848,7.78723694544278e-09
2214,1024,1025,-0.0,0.0,-0.0,0.0,0.0,256910946.61274922,7.784797815140489e-09
2215,1021,1024,-5.496418747574152e-13,-5.49685225637878e-13,-5.496852256378774e-13,9.618090612118567e-17,1.1201375323767697e-27,820208800834.922,2.439130302292786e-12
2216,1022,1024,-2.0573196436455511e-13,-2.0573147323234645e-13,-2.0573147323234746e-13,8.207672720282168e-18,1.6874542943118461e-26,290911364195.0578,6.876260909943074e-12
2217,1023,1024,-0.0,0.0,-0.0,0.0,0.0,293799848337.0186,6.8086080257412e-12
2218,1022,1023,-6.696999881067187e-14,-6.690006546239673e-14,-6.690006546239678e-14,3.5360150098529344e-17,2.552761171920831e-29,29562326440184.72,6.765288420187397e-14
2219,1023,1035,-7.954957500853513e-14,-7.955011921990146e-14,-7.955011921990127e-14,2.71301018554719e-17,9.438337251971142e-27,252175424825.17105,7.931487548086666e-12
2220,1035,1036,0.0,0.0,0.0,0.0,0.0,252967786842.95874,7.90704374555302e-12
2221,1023,1036,-3.548585402143459e-14,-3.5513307162742146e-14,-3.5513307162742077e-14,9.447995957870834e-18,2.3890803653861356e-29,80478614500824.06,2.4443802533645156e-14
2222,1024,1034,-4.707447222277908e-13,-4.707447177403082e-13,-4.707447177403081e-13,4.5656185233203716e-17,1.0273235367742737e-24,208793820.7922238,9.578826039428856e-09
2223,1034,1035,0.0,0.0,0.0,0.0,0.0,208818319.91359037,9.57770315990651e-09
2224,1024,1035,-2.846658447513376e-13,-2.846658334063148e-13,-2.8466583340631355e-13,2.2375525396501104e-20,2.4893630425601622e-27,1779104528608.9436,1.1228795223454654e-12
2225,1025,1033,-1.425323842171872e-12,-1.425323842188197e-12,-1.4253238421881887e-12,3.526282054158323e-17,1.7894148747523545e-20,324638.23058404063,6.160703859394929e-06
2226,1033,1034,0.0,0.0,0.0,0.0,0.0,324732.79445175565,6.15890983117064e-06
2227,1025,1034,-6.955568069562549e-13,-6.955567994326263e-13,-6.955567994326246e-13,9.702733987004697e-18,2.213736877293922e-24,1114809326.7253602,1.7940282242883682e-09
2228,1026,1032,-9.54848914779001e-13,-9.548489147788722e-13,-9.548489147788696e-13,7.422589725400531e-17,1.4822375795730708e-18,1854.9460055096001,0.001078198604062412
2229,1032,1033,0.0,0.0,0.0,0.0,0.0,1858.3547907061145,0.0010762208610774295
2230,1026,1033,-7.499405327422202e-13,-7.499405327462547e-13,-7.499405327462538e-13,5.3187258188956196e-18,1.0651564961365048e-21,1011253.7449389432,1.9777429849824254e-06
2231,1027,1031,-4.476884013762136e-13,-4.4768840137621687e-13,-4.476884013762139e-13,1.7055222454841288e-17,1.67709687472606e-16,39.67330916852211,0.05042240641081611
2232,1031,1032,0.0,0.0,0.0,0.0,0.0,39.83745781902632,0.05021455539883656
2233,1027,1032,-2.316732633601631e-13,-2.3167326336012685e-13,-2.31673263360126e-13,1.6646156622789855e-17,3.8501314637745243e-19,9622.276976918887,0.0002078510119795434
2234,1028,1030,-6.615344159585301e-14,-6.615344159585295e-14,-6.615344159585299e-14,8.802992960100199e-17,1.32044894401503e-16,4.334785523654819,0.4698403156425488
2235,1030,1031,0.0,0.0,0.0,0.0,0.0,4.392646625109135,0.46342595731011
2236,1028,1031,-1.779663988761511e-14,-1.7796639887614978e-14,-1.7796639887614947e-14,2.9569738846910856e-17,5.6864882397905495e-18,311.8015479760021,0.006414358332438823
2237,286,1029,1.377646809198431e-14,1.377646809198433e-14,1.3776468091984308e-14,4.437486190905572e-17,6.212480667267801e-16,2.5808069763952006,0.8176527262047515
2238,286,1030,0.0,0.0,0.0,0.0,0.0,2.5410876572351415,0.8319454896957735
2239,1029,1030,1.3128219487109947e-15,1.3128219487110038e-15,1.3128219487110018e-15,3.864701293897229e-17,1.0735281371936748e-17,139.93333397852507,0.01429276349102205
2240,307,1030,5.838847569587505e-14,5.838847569587543e-14,5.838847569587509e-14,2.5491223198057274e-16,2.2942100878251545e-15,2.5440395448842033,0.8308651276973819
2241,307,1049,0.0,0.0,0.0,0.0,0.0,2.575982159109587,0.8193611972258347
2242,1030,1049,-6.45214425045353e-15,-6.4521442504536e-15,-6.452144250453572e-15,3.7272085861367355e-17,2.4613641606563347e-17,173.85554108085006,0.011503930471547182
2243,1031,1049,-3.4983055592732873e-13,-3.4983055592732984e-13,-3.498305559273288e-13,3.364067306225006e-17,7.064541343072513e-16,4.290006903446088,0.4749298877816572
2244,1048,1049,-0.0,0.0,-0.0,0.0,0.0,4.325050918253194,0.47093728591212436
2245,1031,1048,-1.156544851226176e-13,-1.1565448512261598e-13,-1.1565448512261613e-13,2.5272101617011326e-17,2.6143553396908268e-18,500.9271452968156,0.003992601869532822
2246,1032,1048,-7.564909964985006e-13,-7.564909964985015e-13,-7.564909964985006e-13,0.0,3.2551384083223836e-17,36.90453092931484,0.05420715726836939
2247,1047,1048,-0.0,0.0,-0.0,0.0,0.0,37.0353992074542,0.05401551754593315
2248,1032,1047,-4.300311815185589e-13,-4.300311815186155e-13,-4.30031181518616e-13,1.2723265836820928e-17,1.1249571915845206e-19,10436.249753940418,0.0001916397224362306
2249,1033,1047,-1.5049977845570726e-12,-1.5049977845569214e-12,-1.5049977845569149e-12,6.643501212572149e-17,2.7220491523983198e-18,1577.4607191963676,0.0012678605835136601
2250,1046,1047,-0.0,0.0,-0.0,0.0,0.0,1578.361376617375,0.00126713710639045
2251,1033,1046,-6.7026658966739e-13,-6.702665896090611e-13,-6.702665896090596e-13,3.1480524785401416e-17,8.174268478888188e-22,2764427.4232429373,7.234771232101285e-07
2252,1034,1046,-7.38758135692574e-13,-7.387581356954708e-13,-7.38758135695469e-13,1.3484812450030652e-17,8.466223372882864e-21,290596.8544540277,6.882386954380768e-06
2253,1045,1046,-0.0,0.0,-0.0,0.0,0.0,290627.8885516805,6.881652032731505e-06
2254,1034,1045,-4.275434640309529e-13,-4.275434509477969e-13,-4.2754345094779746e-13,1.124458126915921e-17,4.773136779182044e-25,2721378412.527157,7.349216492640125e-10
2255,1035,1045,-2.0320160606451177e-13,-2.0320160382303035e-13,-2.0320160382303e-13,5.687839092481785e-17,8.96789548488229e-24,193937037.29868862,1.0312624809170522e-08
2256,1044,1045,-0.0,0.0,-0.0,0.0,0.0,193945287.40747166,1.0312187919738947e-08
2257,1035,1044,-1.610440048465724e-13,-1.6100923319261075e-13,-1.6100923319261133e-13,4.7175456440517663e-17,7.877148081240108e-28,4562216532029.428,4.36889431575595e-13
2258,1036,1037,2.6556220760222867e-14,2.6560167316558895e-14,2.656016731655878e-14,3.5654720230559025e-17,1.0262700434187857e-27,4162552175731.155,4.799097006830913e-13
2259,1036,1044,-4.4888669423718174e-14,-4.48883520894646e-14,-4.488835208946449e-14,2.94933505495259e-17,9.971178743528806e-27,239674342822.77518,8.343933177128615e-12
2260,1043,1044,-0.0,0.0,-0.0,0.0,0.0,240130145437.72253,8.329194272323158e-12
2261,1036,1043,-1.70834398002746e-14,-1.6924876459971435e-14,-1.692487645997138e-14,6.904186225204926e-17,2.3357107373052427e-29,125398369322852.17,1.4738904805458066e-14
2262,1036,1038,0.0,0.0,0.0,0.0,0.0,4189588266968.2593,4.752938889984423e-13
2263,1037,1038,-5.9106468607397185e-15,-5.850912113734451e-15,-5.8509121137344595e-15,2.3562509387142146e-17,3.4228481341121976e-30,628867518494615.9,4.615811684648958e-15
2264,1038,1039,9.514378003303826e-15,9.515323322407015e-15,9.515323322407024e-15,5.118305953381683e-18,5.125420341881233e-29,19461653774615.07,1.0303893329707302e-13
2265,1038,1043,-1.2789632596152593e-14,-1.2789119779846738e-14,-1.2789119779846667e-14,9.82463263410605e-18,1.3601832962951766e-27,4056244854177.442,4.900327938039004e-13
2266,1042,1043,-0.0,0.0,-0.0,0.0,0.0,4087233545488.054,4.895876874021937e-13
2267,1038,1042,-2.4334460779767497e-15,-2.4390199164756763e-15,-2.4390199164756526e-15,5.085959284675012e-19,2.159435250599186e-30,505578431629596.9,4.451064017067664e-16
2268,1038,1040,0.0,0.0,0.0,0.0,0.0,19831768811101.152,1.0276539573985856e-13
2269,1039,1040,-1.0921391312540518e-15,-1.3454101719901453e-15,-1.3454101719901577e-15,2.5746476144757234e-17,1.263028799485705e-30,1032116349610323.5,2.735375572144531e-16
2270,1040,1041,6.433913617959186e-15,6.440357055834642e-15,6.440357055834666e-15,3.4245488541776165e-17,1.2997141525980908e-28,29278816241742.61,6.845822929396696e-14
2271,991,1041,-5.155098822614272e-15,-5.13630727077549e-15,-5.136307270775509e-15,8.903454875058931e-17,8.970312871568406e-29,41074030694391.164,4.867174398598984e-14
2272,1040,1042,-7.553679649257964e-15,-7.550735809499285e-15,-7.550735809499286e-15,2.011957426289676e-17,1.0782886887034329e-29,19093812660692.273,1.0321050214156532e-13
2273,1043,1055,-2.2176304538223374e-14,-2.2176321273178057e-14,-2.217632127317806e-14,3.2486924586434633e-18,6.125541471383878e-28,232359242769.13397,8.61000809791217e-12
2274,1055,1056,0.0,0.0,0.0,0.0,0.0,232337456123.4241,8.608300256811837e-12
2275,1043,1056,-7.699223066649186e-15,-8.45972212160454e-15,-8.459722121604593e-15,7.67644329298074e-17,5.2553995133106404e-30,3931139200396469.5,1.707841100333263e-15
2276,1044,1054,-1.2296362014973412e-13,-1.229636213067034e-13,-1.2296362130670262e-13,4.975887149026318e-17,3.365589117124963e-23,189092561.47212878,1.0576832564409713e-08
2277,1054,1055,0.0,0.0,0.0,0.0,0.0,189097539.68097186,1.0576551750584123e-08
2278,1044,1055,-8.292448868168435e-14,-8.290305550670837e-14,-8.29030555067086e-14,3.6299819244723986e-17,3.8477856830513183e-28,7183221980619.945,2.8081382558901245e-13
2279,1045,1053,-3.678101455196874e-13,-3.6781014552216253e-13,-3.6781014552216207e-13,2.3953891497402525e-17,4.398258190725941e-21,280878.49691256334,7.120516600066988e-06
2280,1053,1054,0.0,0.0,0.0,0.0,0.0,280888.93656115606,7.120251955422318e-06
2281,1045,1054,-2.6293453424803355e-13,-2.62934652403219e-13,-2.6293465240321815e-13,5.946180269642688e-17,4.319312412970812e-25,7557320889.496832,2.6464464467076453e-10
2282,1046,1052,-9.555325902700533e-13,-9.55532590270067e-13,-9.555325902700622e-13,6.161912685197479e-18,3.3610432828349887e-18,1509.1486907050648,0.0013252506562360792
2283,1052,1053,0.0,0.0,0.0,0.0,0.0,1509.4207502041202,0.0013250117916687434
2284,1046,1053,-4.534921320749732e-13,-4.5349213207203455e-13,-4.5349213207203097e-13,7.748712979355358e-19,9.44040739115312e-22,8372945.489546466,2.388645673354838e-07
2285,1047,1051,-1.4711552585254328e-12,-1.4711552585254398e-12,-1.4711552585254364e-12,7.050402647459292e-17,6.658713611489332e-17,35.04616290540741,0.057083083693042325
2286,1051,1052,0.0,0.0,0.0,0.0,0.0,35.081858704031944,0.0570249701431967
2287,1047,1052,-4.638737063666672e-13,-4.638737063673292e-13,-4.638737063673275e-13,4.1358939429822426e-17,1.075243875679739e-19,34415.381711703514,5.811354984562895e-05
2288,1048,1050,-6.346912297539151e-13,-6.346912297539181e-13,-6.346912297539147e-13,1.493071606022659e-16,1.26911086511926e-15,4.2621355820541575,0.4781548811222387
2289,1050,1051,0.0,0.0,0.0,0.0,0.0,4.28863742192671,0.47508731497512957
2290,1048,1051,-2.3745425144093085e-13,-2.3745425144094044e-13,-2.374542514409403e-13,6.098256179738729e-17,9.783298684072828e-19,651.9831920204808,0.0030675661471091745
2291,308,1049,3.098679659224939e-13,3.098679659224958e-13,3.0986796592249417e-13,3.1630319333148533e-16,2.024340437321506e-15,2.5755510006897224,0.8195142375318115
2292,308,1050,0.0,0.0,0.0,0.0,0.0,2.5960716715295113,0.8122966423216971
2293,1049,1050,-4.641473435791042e-14,-4.641473435790998e-14,-4.641473435790984e-14,4.5142231048669364e-17,1.0794881337725283e-17,277.10180801910434,0.0072175952101143385
2294,322,1050,5.789119600850185e-13,5.789119600850209e-13,5.789119600850186e-13,6.720215838407498e-17,1.5456496428337245e-15,2.5954619080179544,0.8125091773402686
2295,322,1062,0.0,0.0,0.0,0.0,0.0,2.6104863164464387,0.8073062836787067
2296,1050,1062,-1.0219400395846325e-13,-1.0219400395846471e-13,-1.0219400395846455e-13,3.3093766643545725e-17,4.176883168602859e-18,384.40234257677935,0.005202893661562005
2297,1051,1062,-1.4175446880364104e-12,-1.417544688036413e-12,-1.4175446880364106e-12,3.356907601858379e-17,4.028289122230055e-16,4.243891307836776,0.48029020863669153
2298,1061,1062,-0.0,0.0,-0.0,0.0,0.0,4.250844146562104,0.47947415348013844
2299,1051,1061,-2.9106482104494973e-13,-2.9106482104495736e-13,-2.910648210449569e-13,1.0050057050417453e-17,6.369754468574442e-19,2450.814868248601,0.0008160551565531087
2300,1052,1061,-1.065635829650546e-12,-1.0656358296505466e-12,-1.0656358296505482e-12,6.027111137680996e-17,4.383353554677088e-17,34.58717330668772,0.05784102529974981
2301,1060,1061,-0.0,0.0,-0.0,0.0,0.0,34.5979087226246,0.057823067751936526
2302,1052,1060,-3.537704716250276e-13,-3.537704716226248e-13,-3.537704716226212e-13,6.107540403544126e-17,9.09775446147266e-20,111373.7811401928,1.7957547813289107e-05
2303,1053,1060,-5.349729869252908e-13,-5.349729869252468e-13,-5.349729869252479e-13,5.386460964086589e-17,1.3941428377635876e-18,1489.2374991708182,0.0013429693394820326
2304,1059,1060,-0.0,0.0,-0.0,0.0,0.0,1489.321533601523,0.001342893562898377
2305,1053,1059,-2.8632929000584153e-13,-2.8632929032127113e-13,-2.86329290321271e-13,4.173894738507026e-17,2.0041993237090947e-23,26393377.77557057,7.577658365556279e-08
2306,1054,1059,-2.413250164691846e-13,-2.4132501646960234e-13,-2.413250164696025e-13,6.230370875397095e-18,2.2581989399772e-21,277931.0822561605,7.19602853907788e-06
2307,1058,1059,-0.0,0.0,-0.0,0.0,0.0,277937.34356246074,7.195866428755047e-06
2308,1054,1058,-1.4457347763530867e-13,-1.4457347709981452e-13,-1.4457347709981414e-13,3.0022516437686435e-19,2.1229204456886994e-25,12337288964.577497,1.6211032283394883e-10
2309,1055,1058,-6.632173383067361e-14,-6.63217348899585e-14,-6.632173488995831e-14,8.57584651762887e-17,1.5327664208099768e-23,186242936.54758447,1.0738662073418072e-08
2310,1057,1058,-0.0,0.0,-0.0,0.0,0.0,186243460.97973838,1.0738632022437067e-08
2311,1055,1057,-3.868395791950544e-14,-3.878069270425582e-14,-3.878069270425567e-14,3.7479670635385346e-17,5.868333113452395e-29,65031675479890.53,3.005098100586113e-14
2312,1042,1056,-1.0165013499312414e-14,-1.0167763195638249e-14,-1.0167763195638219e-14,6.643120436692091e-17,7.242215155762217e-28,4091291230224.829,4.912955285025269e-13
2313,1056,1057,-1.786324090612595e-14,-1.786309186943871e-14,-1.7863091869438684e-14,3.603606982847857e-17,6.1037205669780144e-27,231525039297.71976,8.638351237817698e-12
2314,1058,1066,-1.421881882560513e-13,-1.4218818825512529e-13,-1.421881882551248e-13,2.3577250663756337e-17,1.220554091361153e-20,276365.2673511649,7.236799395869246e-06
2315,1066,1067,0.0,0.0,0.0,0.0,0.0,276365.89630834386,7.236782926679172e-06
2316,1058,1067,-6.870767438951322e-14,-6.870734005158807e-14,-6.870734005158775e-14,4.0070499304222456e-17,3.933080857817753e-26,121435538060.1779,1.6469190073743904e-11
2317,1059,1065,-3.7414751776471097e-13,-3.741475177646524e-13,-3.741475177646542e-13,1.0226626356145357e-16,3.275431929014527e-18,1483.1035069299662,0.0013485237501905752
2318,1065,1066,0.0,0.0,0.0,0.0,0.0,1483.148526272029,0.001348482817223461
2319,1059,1066,-1.5350678914722286e-13,-1.5350678892139321e-13,-1.5350678892139357e-13,3.01089714885829e-17,4.711878587798379e-23,48860372.52179409,4.093296711419944e-08
2320,1060,1064,-6.453989091762362e-13,-6.453989091762365e-13,-6.453989091762383e-13,9.534837839953544e-17,8.172718148531609e-17,34.45784868825618,0.05805823165527654
2321,1064,1065,0.0,0.0,0.0,0.0,0.0,34.46118867982964,0.05805260146798435
2322,1060,1065,-2.4334455188177945e-13,-2.433445518812214e-13,-2.433445518812206e-13,6.464873243210281e-18,9.344834392570648e-21,355227.96960453084,5.630187292198268e-06
2323,1061,1063,-1.1207814148539555e-12,-1.1207814148539611e-12,-1.120781414853955e-12,8.499658356732937e-17,1.2749487535099405e-15,4.239825711591375,0.4807687009944562
2324,1063,1064,0.0,0.0,0.0,0.0,0.0,4.241822792745164,0.4805335370911161
2325,1061,1064,-2.35919235277247e-13,-2.3591923527725006e-13,-2.3591923527724895e-13,9.813463811960312e-19,5.535800099054534e-19,8504.706635715811,0.00023516390334002237
2326,323,1062,1.385510196397462e-12,1.385510196397466e-12,1.3855101963974618e-12,5.584512953709555e-17,1.1727477202790065e-15,2.610029223660672,0.8074635373352149
2327,323,1063,0.0,0.0,0.0,0.0,0.0,2.6137977081695465,0.806168989820897
2328,1062,1063,-1.3422849519904695e-13,-1.3422849519905248e-13,-1.342284951990522e-13,2.5319607221912015e-17,1.339017689620347e-18,1544.9415777999557,0.0012945475143177226
2329,333,1063,1.1422562208531052e-12,1.1422562208531066e-12,1.142256220853106e-12,2.705728911470544e-16,2.029296683602908e-16,2.6136809715043046,0.806209025487952
2330,333,1071,0.0,0.0,0.0,0.0,0.0,2.614731056633012,0.8058490419311648
2331,1063,1071,-1.1275368895625009e-13,-1.1275368895624877e-13,-1.1275368895624847e-13,2.5790056266080976e-18,4.835635549890183e-19,5555.80938043651,0.0003599835567873252
2332,1064,1071,-7.142733964612222e-13,-7.142733964612207e-13,-7.142733964612225e-13,1.0005244089527256e-16,6.003146453716354e-16,4.23876651502686,0.48089352064790347
2333,1070,1071,-0.0,0.0,-0.0,0.0,0.0,4.23936820445058,0.4808226072306971
2334,1064,1070,-1.6704474768203543e-13,-1.6704474768171653e-13,-1.6704474768171678e-13,6.763610462872192e-17,5.358164036181726e-20,28203.407473799074,7.091341720641666e-05
2335,1065,1070,-4.70830737573344e-13,-4.708307375733446e-13,-4.708307375733445e-13,3.1154101580961785e-17,6.230820316192358e-18,34.4191680323293,0.05812351488519076
2336,1069,1070,-0.0,0.0,-0.0,0.0,0.0,34.42106197116816,0.058120314973160385
2337,1065,1069,-1.466613338326275e-13,-1.4666133383726532e-13,-1.4666133383726497e-13,5.0590999326426295e-17,3.855412584957558e-21,625017.1820274823,3.1999120303731242e-06
2338,1066,1069,-2.3588620222585477e-13,-2.358862022258476e-13,-2.3588620222584725e-13,2.1553055173948928e-17,1.0125596390445804e-18,1479.6373891762705,0.0013516827292538343
2339,1068,1069,-0.0,0.0,-0.0,0.0,0.0,1479.6409072984065,0.0013516795153753298
2340,1066,1068,-5.980877177032399e-14,-5.980877160289756e-14,-5.980877160289752e-14,4.498406297901956e-18,1.0173637230570436e-24,622301031.4569767,3.2138785043662042e-09
2341,1057,1067,-5.665538908819504e-14,-5.6655389174674e-14,-5.6655389174673815e-14,8.208292270064116e-18,1.7371275075740794e-23,185958260.56698284,1.075510121251081e-08
2342,1067,1068,-1.2536239519375485e-13,-1.2536239519417013e-13,-1.2536239519417029e-13,1.1996158042600592e-17,4.373637251965945e-21,276243.21584117174,7.239996805183538e-06
2343,1069,1073,-3.107370609586268e-13,-3.10737060958627e-13,-3.107370609586265e-13,2.834046938633173e-17,4.723411564388622e-17,34.39787114600718,0.05815952140518419
2344,1073,1074,0.0,0.0,0.0,0.0,0.0,34.3980503971749,0.05815921816008115
2345,1069,1074,-7.181047627577086e-14,-7.18104762577551e-14,-7.181047625775496e-14,3.803923352932238e-17,2.931494576881796e-22,6595324.98423125,3.032451030450312e-07
2346,1070,1072,-5.353648843208507e-13,-5.353648843208524e-13,-5.353648843208504e-13,1.3349760257081704e-16,8.899840171387804e-16,4.238462157709116,0.4809293994622752
2347,1072,1073,0.0,0.0,0.0,0.0,0.0,4.238794745305831,0.48089019303025143
2348,1070,1073,-1.0251060072431077e-13,-1.0251060072417973e-13,-1.0251060072417932e-13,2.5136021346813397e-17,7.723763041079593e-20,51012.038000919536,3.9206432023805595e-05
2349,334,1071,7.454883314958756e-13,7.45488331495879e-13,7.454883314958758e-13,1.0360434216736883e-16,1.605867303594217e-15,2.6146983401402073,0.8058602524809934
2350,334,1072,0.0,0.0,0.0,0.0,0.0,2.6150100379584456,0.8057534602494151
2351,1071,1072,-8.153875379621389e-14,-8.15387537961629e-14,-8.153875379616257e-14,3.360728173121494e-17,2.1490145720894947e-19,18727.95401235009,0.00010679223157816027
2352,340,1072,5.657793974449372e-13,5.657793974449382e-13,5.65779397444937e-13,1.364965054304525e-16,8.1897903258271495e-16,2.615000265822003,0.8057568078735103
2353,340,1076,0.0,0.0,0.0,0.0,0.0,2.6151719860870295,0.8056979862223059
2354,1072,1076,-5.112424059461822e-14,-5.112424059471085e-14,-5.112424059471068e-14,5.3190985245232964e-17,9.802447625563375e-20,34001.08564856609,5.882165120455422e-05
2355,1073,1076,-3.635983065415212e-13,-3.6359830654152226e-13,-3.635983065415215e-13,1.965705913184113e-16,4.914264782960282e-16,4.238295782829497,0.48094901468145596
2356,1075,1076,-0.0,0.0,-0.0,0.0,0.0,4.238326094719957,0.4809454408571552
2357,1073,1075,-4.9649355009781444e-14,-4.9649355012246205e-14,-4.964935501224595e-14,8.86992516689127e-17,9.085315278864962e-21,559624.6013097261,3.573824300754356e-06
2358,1068,1074,-1.8517116996203573e-13,-1.8517116996202124e-13,-1.8517116996202074e-13,5.4739972934718875e-17,1.8430967318087164e-18,1479.3090290115445,0.0013519827604783748
2359,1074,1075,-2.5698164615955665e-13,-2.569816461595583e-13,-2.5698164615955746e-13,9.138841098714195e-17,9.710018667383832e-17,34.39593799324217,0.0581627919843819
2360,341,1076,3.893226298945118e-13,3.893226298945124e-13,3.8932262989451205e-13,2.479370425264602e-16,3.4711185953704425e-16,2.61516651620185,0.8056998597561085
2361,341,1077,0.0,0.0,0.0,0.0,0.0,2.6151823259080684,0.8056944446731814
2362,1076,1077,-2.5399917195960164e-14,-2.5399917195846023e-14,-2.539991719584594e-14,1.2175864701653985e-17,8.745337778474643e-21,369338.75753642723,5.415082927054085e-06
2363,343,1077,3.320309182596581e-13,3.320309182596585e-13,3.32030918259658e-13,1.1628668507038798e-16,5.2329008281674585e-16,2.6151818067671795,0.8056946224862076
2364,1075,1077,-3.066310010850069e-13,-3.0663100108500757e-13,-3.0663100108500696e-13,3.8848538482523364e-17,4.661824617902803e-16,4.238280166116259,0.48095085594008224
2365,1078,1084,1.0244493158961835e-14,1.0229217460661504e-14,1.022921746066142e-14,8.277340668391573e-19,4.531020804103985e-30,2266283491508912.5,1.1085675564914175e-15
2366,1079,1084,0.0,0.0,0.0,0.0,0.0,4560785448187567.0,1.1926542364447664e-15
2367,1079,1081,5.044970267037418e-14,4.6042927055981036e-14,4.6042927055980595e-14,5.818671063442207e-17,5.83299131475362e-30,4571726783089495.0,1.215894208281269e-15
2368,1081,1084,-1.4406979903737262e-12,-1.507885351796673e-13,-1.507885351796663e-13,9.94023165442583e-17,7.781219790339183e-32,1745396682331914.0,2.323997183650265e-17
2369,1081,1082,4.2776130690989114e-14,4.311133393890326e-14,4.3111333938903365e-14,9.569949257381088e-18,3.0629560060223824e-30,370334572177397.44,2.461630552689978e-15
2370,1081,1083,0.0,0.0,0.0,0.0,0.0,687783520980622.2,2.4885143955036817e-15
2371,1082,1083,0.0,2.5881545787713127e-13,2.588154578771289e-13,1.3441921406851904e-17,1.2323935200273306e-31,648208047215772.1,2.6883842813703808e-17
2372,1082,1086,4.607409550452275e-14,4.929388424543757e-14,4.929388424543774e-14,9.310264838709415e-17,4.927071247623833e-30,1022944986681406.6,2.8507405558744252e-15
2373,940,1086,0.0,0.0,0.0,0.0,0.0,613165176557397.0,2.8329069370832313e-15
2374,1083,1085,8.34182814306741e-15,8.2477445791104e-15,8.247744579110402e-15,1.6278189660364278e-17,2.7297493612597774e-31,414729867239704.44,2.8540234847045285e-15
2375,1082,1085,0.0,0.0,0.0,0.0,0.0,1022971023841957.1,2.8809073275182323e-15
2376,1083,1084,-7.746139811064685e-15,-7.301986503657489e-15,-7.30198650365748e-15,7.639044588002485e-17,1.62812529679725e-30,496837471246800.0,2.511754367340184e-15
2377,1085,1087,8.09165509690335e-15,8.334465822266516e-15,8.334465822266495e-15,8.328767560398479e-17,7.035365377224149e-30,487666953528369.1,5.717690474333504e-15
2378,1086,1087,0.0,0.0,0.0,0.0,0.0,448114685416408.1,5.747857245977311e-15
2379,1085,1086,-3.424461935768351e-12,-4.652441848524903e-13,-4.652441848524886e-13,9.593891664060642e-17,5.56515431395518e-32,1.5797547176480316e+16,3.0166771643807204e-17
2380,1086,1088,5.0356684346323616e-14,5.037830393765659e-14,5.0378303937656573e-14,1.2392928132633336e-18,1.085270819913607e-30,345414140823932.6,5.775638313677073e-15
2381,1088,1112,-0.0,0.0,-0.0,0.0,0.0,487203917766412.7,5.6930968382618025e-15
2382,1086,1112,6.867718892922388e-13,2.552962952423731e-13,2.552962952423738e-13,6.975156475487493e-17,1.1426314213742346e-31,1127366339864832.8,8.25414754152706e-17
2383,1087,1089,8.491656319773479e-15,8.476490770871112e-15,8.476490770871136e-15,2.6767617843755377e-17,4.1770846631681707e-29,63202244976219.71,2.9922486429190814e-14
2384,1088,1089,0.0,0.0,0.0,0.0,0.0,65909410546299.9,2.989470536149105e-14
2385,1087,1088,0.0,1.908212119994258e-12,1.908212119994256e-12,1.3890533849880812e-17,1.470051962228594e-32,1339660252065003.5,2.7781067699761624e-17
2386,1088,1090,5.119177570449061e-14,5.091749919133026e-14,5.091749919133025e-14,8.089795877055979e-17,3.7227970416242506e-30,63635116933638.2,3.0036270352262303e-14
2387,1090,1108,-0.0,0.0,-0.0,0.0,0.0,66327651891685.234,3.006338703496677e-14
2388,1088,1108,0.0,-3.7360990595653815e-13,-3.736099059565389e-13,1.3558341352229908e-17,2.7482728512860604e-32,1450101635910918.0,2.7116682704459817e-17
2389,1089,1090,1.7581859728587856e-11,1.1209350531436604e-11,1.1209350531436577e-11,4.023980707688808e-17,1.7343020052723806e-31,1631498333805471.2,1.4156499077125234e-16
2390,1089,1091,1.2609704548515656e-14,1.2582679108477851e-14,1.2582679108477908e-14,1.451469545198875e-17,3.050479311209861e-29,140011075540892.94,1.3515691509522815e-14
2391,1090,1091,0.0,0.0,0.0,0.0,0.0,150777398289843.12,1.3374126518751562e-14
2392,1091,1092,0.0,-9.786985432871042e-13,-9.786985432871056e-13,5.456065885413729e-18,7.880778170438331e-33,1.7976931348623157e+308,1.0912131770827456e-17
2393,1090,1092,7.420981520450527e-14,7.443562000608401e-14,7.443562000608356e-14,2.026904573948416e-17,4.0787120606625935e-29,153117016727336.62,1.3363214386980736e-14
2394,1091,1101,0.0,-1.4775837980107763e-24,-1.4775837980107796e-24,2.9843235602494496e-24,6.67739187986257e-39,1407267549669460.0,5.9686471204989e-24
2395,1092,1101,0.0,0.0,0.0,0.0,0.0,1407117698305534.2,1.0912125802180337e-17
2396,1092,1100,0.0,-6.389455656103953e-17,-6.389455656103905e-17,2.1571856437922682e-17,1.6229634059421206e-31,615549038242381.0,4.3143712875845365e-17
2397,1094,1100,0.0,0.0,0.0,0.0,0.0,1640079442728700.2,1.8100312505873773e-16
2398,1092,1094,-3.993835337299667e-12,-4.031647435835554e-12,-4.0316474358355464e-12,1.0511165047758814e-18,2.0209844605081487e-31,891089384146928.0,2.2414683793458306e-16
2399,1090,1093,0.0,1.2288438033393474e-13,1.2288438033393522e-13,3.868370517008938e-18,1.5098555290485666e-32,3260330606317677.5,7.736741034017876e-18
2400,1092,1093,-0.0,0.0,-0.0,0.0,0.0,150641900715114.47,1.3355477645946719e-14
2401,1093,1094,1.2148928653341024e-13,1.2177397615468367e-13,1.2177397615468337e-13,1.5349558717687473e-17,1.6332622259150816e-29,177881449064176.28,1.3131330808012135e-14
2402,1093,1108,-8.523402823147051e-14,-8.487573310078654e-14,-8.487573310078653e-14,6.347124690129195e-17,2.2359214400922084e-30,67243683478171.27,3.007112377600078e-14
2403,1094,1097,8.211340339912718e-16,7.268094732373451e-16,7.268094732373388e-16,1.9129879191766162e-17,1.2799053561757313e-30,9832042910583896.0,2.948071490040149e-16
2404,1094,1096,-3.99014155378452e-12,-4.693335922962801e-12,-4.6933359229628015e-12,1.9565786549803478e-17,2.2476170458596095e-32,4887763733462275.0,2.611761780246384e-16
2405,1093,1095,0.0,-3.6134910680802764e-13,-3.6134910680802805e-13,1.138432779982901e-17,1.2724795201438798e-32,1219418697311100.5,2.276865559965802e-17
2406,1094,1095,-0.0,0.0,-0.0,0.0,0.0,152586850997727.97,1.3154099463611793e-14
2407,1095,1107,-1.2674408306910603e-13,-1.2693200483757178e-13,-1.2693200483757158e-13,2.222252458031493e-17,2.3881230662982347e-29,69527149630070.27,3.002046671403898e-14
2408,1093,1107,-0.0,0.0,-0.0,0.0,0.0,66144464384389.44,3.004323536963864e-14
2409,1097,1100,-4.552405318969828e-12,-4.666468199968823e-12,-4.666468199968816e-12,1.3908607413806971e-18,8.865070868005958e-32,1975807182911256.8,1.138040239452772e-16
2410,1097,1098,0.0,5.570853796774047e-17,5.570853796774063e-17,2.1182201164087973e-17,6.092746925782581e-32,897690529449037.1,4.2364402328175946e-17
2411,1097,1099,-0.0,0.0,-0.0,0.0,0.0,1411890386950024.5,1.3362916359629081e-16
2412,1098,1099,-2.9711583045988316e-12,-4.709907229036183e-12,-4.709907229036164e-12,3.2485631730975615e-17,3.622147022377414e-31,3295759121342837.5,1.7599356592446676e-16
2413,1099,1100,0.0,1.5660628122366745e-17,1.5660628122366612e-17,9.912569825506803e-18,8.386987708078523e-32,824310421651006.6,1.9825139651013605e-17
2414,1100,1102,0.0,0.0,0.0,0.0,0.0,989269255469580.6,5.40558386616318e-17
2415,1099,1102,0.0,9.859129941548843e-12,9.859129941548856e-12,3.6940489156322704e-17,4.842664969787751e-32,3298965695523932.0,7.388097831264541e-17
2416,1100,1101,0.0,1.105258130280446e-11,1.1052581302804448e-11,2.7027919339012844e-17,2.7655232999952814e-32,1098729798614823.1,5.40558386780257e-17
2417,1101,1102,0.0,-2.1646989601223263e-27,-2.1646989601223097e-27,8.196948223947281e-27,6.248605782953367e-41,9893738013398748.0,1.6393896447894565e-26
2418,1103,1106,-2.398257403132971e-13,-2.4099931233657977e-13,-2.4099931233657987e-13,1.3582014586948628e-17,1.1685972177082916e-30,369033744018090.25,5.5782791522994204e-15
2419,1106,1107,0.0,0.0,0.0,0.0,0.0,281947101087159.94,5.597206701967425e-15
2420,1103,1107,1.5225342537709835e-12,1.297840256880815e-13,1.2978402568808134e-13,1.0155852762850837e-16,1.1044468477637568e-32,1432912654978689.2,1.8927549668004767e-17
2421,864,1104,0.0,-2.223905401510106e-15,-2.2239054015101215e-15,3.4581081317930817e-18,2.391978680039522e-32,1605980453826525.0,6.9162162635861635e-18
2422,1104,1105,-5.039860178241759e-13,-5.020549509504236e-13,-5.020549509504234e-13,5.530092658051515e-18,5.783296962044513e-31,541757622074675.75,2.875519678709154e-15
2423,1105,1106,0.0,0.0,0.0,0.0,0.0,604556212235252.6,2.9160328960276093e-15
2424,1104,1106,0.0,3.057980385611205e-14,3.057980385611208e-14,2.025660865922766e-17,1.6721778040241778e-32,3749040215055131.0,4.051321731845533e-17
2425,1106,1110,-2.4669086052231963e-13,-2.437871153369983e-13,-2.437871153369964e-13,1.6988656094650726e-17,1.0929056064956559e-29,555512078070777.5,2.8526025518359576e-15
2426,1106,1109,-3.4132471370136644e-13,-2.7993392144285144e-13,-2.7993392144285224e-13,1.9968513362619142e-17,2.6275009724391012e-31,599190381269240.8,1.8210757819978197e-16
2427,1107,1109,-1.3035030841770227e-13,-1.2565633413344006e-13,-1.2565633413344026e-13,1.0794502640417889e-16,4.6441082030158154e-30,531758506201901.94,5.779314280167207e-15
2428,1108,1109,-0.0,0.0,-0.0,0.0,0.0,458782127024402.2,5.751425873805064e-15
2429,1107,1108,-3.05618505349649e-12,-3.838513920146761e-13,-3.8385139201467743e-13,9.707809928143908e-17,4.768528009226514e-32,2479053366876157.5,2.7888406362143227e-17
2430,1108,1112,-8.060509901699326e-14,-8.227299944913934e-14,-8.227299944913986e-14,5.743251621590729e-17,1.7819355641881447e-29,359823063697560.44,5.665980155557343e-15
2431,1109,1112,6.858123105450384e-13,2.639097017350994e-13,2.639097017350988e-13,6.829944333864965e-17,9.807687213157821e-32,1748406784557025.0,8.544571824772116e-17
2432,934,1111,5.714071437900208e-14,3.9745482609349245e-14,3.974548260934936e-14,3.379829433223777e-17,2.2071278450024405e-31,2782401232635833.5,1.5444801626054398e-16
2433,836,1113,-1.534973645436047e-13,-1.2691046192613734e-13,-1.2691046192613734e-13,1.9229901130318084e-17,0.0,6505276330918545.0,1.835848026643952e-16
2434,797,1114,-1.3003349511457328e-15,-1.3003349501572867e-15,-1.3003349501572904e-15,5.496088213769933e-17,2.083513921227198e-22,13830643.964405274,1.4460642670329426e-07
2435,1114,1115,-1.3022276029430088e-15,-1.3022276029430695e-15,-1.3022276029430686e-15,6.526771897934598e-17,1.077025065665775e-18,703.0686597762844,0.0028446743015563413
2436,1116,1117,-2.7415622684966632e-17,-2.7415622684966638e-17,-2.741562268496659e-17,1.8057553056954594e-17,2.0637203493662394e-17,87.1427959477757,0.022951843297288412
2437,1116,1156,6.720813737049802e-18,6.72081373704977e-18,6.720813737049789e-18,7.836861261417595e-18,1.2245095720964991e-17,234.02186812394194,0.008546261890468084
2438,1155,1156,0.0,0.0,0.0,0.0,0.0,5.870212700412312,0.3440574547235994
2439,1116,1155,-2.3213067770913358e-15,-2.3213067770913283e-15,-2.321306777091332e-15,2.8240182208379164e-16,2.5416163987541246e-16,6.016866894465689,0.3355111928331313
2440,1116,1118,-0.0,0.0,-0.0,0.0,0.0,5.059726001016549,0.4005491008034027
2441,1117,1118,-1.8514075661413593e-15,-1.851407566141369e-15,-1.8514075661413597e-15,3.975114113717464e-17,9.142762461550168e-16,5.359432471806687,0.3775972575061143
2442,1117,1216,-1.7622523287973669e-16,-1.762252328797373e-16,-1.762252328797369e-16,6.04987043556492e-17,1.0755325218782079e-16,20.81032188269812,0.09618022952199486
2443,793,1216,-0.0,0.0,-0.0,0.0,0.0,8.320941182880201,0.24152471228228248
2444,1118,1119,-3.213536332398652e-16,-3.213536332398669e-16,-3.213536332398657e-16,8.212204503313463e-17,1.9709290807952311e-16,18.68260710646904,0.10715385066092706
2445,1117,1119,-0.0,0.0,-0.0,0.0,0.0,4.206305827555309,0.4847511081670413
2446,1118,1155,1.206967759566074e-16,1.2069677595660698e-16,1.2069677595660706e-16,9.29536270387513e-17,1.9918634365446708e-17,30.76213551432412,0.06503790797027134
2447,1154,1155,0.0,0.0,0.0,0.0,0.0,5.066329210784219,0.40001300059823364
2448,1118,1154,-1.6507507088588018e-15,-1.6507507088587986e-15,-1.6507507088587996e-15,2.1807183297853146e-16,9.912356044478703e-17,6.026318221467539,0.3349750926279623
2449,1118,1120,-0.0,0.0,-0.0,0.0,0.0,4.793147055404754,0.4234796446447662
2450,1119,1120,-1.1567662355937028e-15,-1.1567662355937055e-15,-1.156766235593704e-15,1.6045391770771487e-16,2.1393855694361983e-16,6.375228620415018,0.3163257939838391
2451,1119,1215,-5.421607399279398e-16,-5.421607399279413e-16,-5.421607399279397e-16,9.95185378845992e-18,1.5922966061535873e-16,18.27588406821832,0.10954323994557891
2452,1215,1216,0.0,0.0,0.0,0.0,0.0,4.097821898772676,0.4981141185906253
2453,1119,1216,1.377573342292475e-15,1.3775733422924775e-15,1.3775733422924767e-15,2.4722460127529824e-16,1.0987760056679922e-16,5.211665534477261,0.3885708786450464
2454,1120,1121,-6.805632732221444e-16,-6.805632732221481e-16,-6.805632732221458e-16,8.075405296092066e-17,1.326673727215125e-16,25.11919083652996,0.07966250134632923
2455,1119,1121,-0.0,0.0,-0.0,0.0,0.0,5.116480542306946,0.3959882953301683
2456,1120,1154,4.685708573314182e-16,4.685708573314199e-16,4.685708573314171e-16,1.1167826869354683e-16,2.6988914934273814e-16,22.612456571774473,0.08850455201680385
2457,1153,1154,0.0,0.0,0.0,0.0,0.0,5.910454164796799,0.34166892589938325
2458,1120,1153,-9.447738197035554e-16,-9.447738197035572e-16,-9.447738197035536e-16,2.3654662468959347e-16,4.730932493791869e-16,7.942154772143569,0.2531643738825794
2459,1120,1122,-0.0,0.0,-0.0,0.0,0.0,6.568937251773903,0.30684843100149745
2460,1121,1122,-6.10497904095315e-16,-6.104979040953179e-16,-6.104979040953154e-16,7.307609746558038e-17,4.567256091598774e-16,8.841193877547544,0.22718592965516823
2461,1121,1214,-8.448889318751994e-16,-8.448889318752021e-16,-8.448889318751996e-16,7.246425980056237e-18,9.058032475070297e-17,32.211945901217845,0.06210872452149375
2462,1214,1215,0.0,0.0,0.0,0.0,0.0,5.795970449778054,0.34855377990608316
2463,1121,1215,7.748235627447271e-16,7.74823562744731e-16,7.748235627447279e-16,1.4482834356735617e-16,5.612098313235052e-16,7.029817502468436,0.2864450553845894
2464,1122,1123,-8.749802155732054e-16,-8.749802155732129e-16,-8.749802155732112e-16,1.3366080623085116e-16,3.851243569363508e-17,49.74622715610632,0.04020947062746311
2465,1121,1123,-0.0,0.0,-0.0,0.0,0.0,7.524073106246507,0.2673954002826313
2466,1122,1153,7.513105543867273e-16,7.513105543867287e-16,7.51310554386726e-16,4.5787334136808756e-17,9.509677089952587e-17,37.263955333392936,0.05368405711891808
2467,1152,1153,0.0,0.0,0.0,0.0,0.0,8.238749104482894,0.243958082340121
2468,1122,1152,-4.868282429088753e-16,-4.868282429088759e-16,-4.86828242908875e-16,5.763654405441533e-17,1.7290963216324598e-16,10.542849419195072,0.1902740252212029
2469,1122,1124,-0.0,0.0,-0.0,0.0,0.0,9.35699092115673,0.21456331837347503
2470,1123,1124,-3.10442812461375e-16,-3.1044281246137477e-16,-3.1044281246137516e-16,4.143080746391106e-17,1.1048215323709615e-16,11.49996977312411,0.17435384774601193
2471,1123,1213,-9.556774436060446e-16,-9.556774436060483e-16,-9.556774436060436e-16,1.4755495578515578e-17,7.082637877687477e-17,69.92706666360736,0.028603178290467546
2472,1213,1214,0.0,0.0,0.0,0.0,0.0,8.589979744437727,0.23388985405160514
2473,1123,1214,3.911400404936361e-16,3.9114004049363743e-16,3.9114004049363624e-16,3.867931211769697e-17,3.094344969415758e-16,9.776663945886208,0.2052866757611376
2474,1124,1125,-8.729329269501892e-16,-8.729329269502019e-16,-8.729329269501993e-16,9.848350902888877e-17,2.606916415470585e-17,116.99471091241449,0.017095206200724206
2475,1123,1125,-0.0,0.0,-0.0,0.0,0.0,10.478532122300475,0.19144905394673614
2476,1124,1152,8.188603949894797e-16,8.188603949894699e-16,8.188603949894705e-16,1.374649452793982e-16,8.77435820932329e-18,82.34485519146091,0.024289293152272125
2477,1151,1152,0.0,0.0,0.0,0.0,0.0,11.02718799064946,0.18186955011447345
2478,1124,1151,-2.563702805007304e-16,-2.5637028050073144e-16,-2.563702805007307e-16,9.072739629390585e-17,2.268184907347646e-16,12.718197802307346,0.15758025696220132
2479,1124,1126,-0.0,0.0,-0.0,0.0,0.0,12.023232310405339,0.16672978947644754
2480,1125,1126,-1.6622888182317824e-16,-1.6622888182317866e-16,-1.662288818231783e-16,2.2149639769454596e-17,1.6612229827090947e-16,13.390823937215307,0.14963458327572332
2481,1125,1212,-9.065991879833896e-16,-9.06599187983373e-16,-9.065991879833733e-16,1.0648506640121393e-16,1.2829526072435415e-18,169.55652327851996,0.011795613348810283
2482,1212,1213,0.0,0.0,0.0,0.0,0.0,11.481124584292166,0.17464148900507886
2483,1125,1213,1.9989514285618467e-16,1.9989514285618546e-16,1.998951428561851e-16,1.8034712451409096e-16,1.4026998573318186e-16,12.308680439286926,0.16284587565626857
2484,1126,1127,-7.246148967407831e-16,-7.24614896740782e-16,-7.246148967407839e-16,3.430161912174362e-18,8.14663454141411e-18,317.37926877521284,0.00630162967523681
2485,1125,1127,-0.0,0.0,-0.0,0.0,0.0,12.851736003795272,0.15593621295096013
2486,1126,1151,7.036664023644571e-16,7.036664023644603e-16,7.036664023644595e-16,1.5385823720874506e-17,5.1286079069581685e-18,218.59192796905964,0.009149532514246219
2487,1132,1151,0.0,0.0,0.0,0.0,0.0,12.940926519867002,0.15485716503080343
2488,1126,1132,-1.4528038744684603e-16,-1.452803874468463e-16,-1.4528038744684618e-16,7.404224995229033e-17,6.170187496024193e-17,13.750392936366444,0.14570763251655722
2489,1126,1128,-0.0,0.0,-0.0,0.0,0.0,13.51030469577316,0.1483063853360115
2490,1127,1128,-1.1480959998938722e-16,-1.148095999893877e-16,-1.1480959998938736e-16,9.132032406605187e-17,2.1308075615412105e-16,14.10769486861483,0.1420047556607747
2491,1127,1211,-7.402384429357678e-16,-7.402384429357895e-16,-7.402384429357892e-16,9.292371284495902e-17,1.284659624584687e-18,311.07992870197785,0.006429237969558453
2492,1211,1212,0.0,0.0,0.0,0.0,0.0,13.30795829591487,0.1505698375717083
2493,1127,1212,1.3043314618444697e-16,1.304331461844473e-16,1.3043314618444724e-16,1.4957550644118414e-16,2.7195546625669843e-17,13.89935631690948,0.14414059960214987
2494,1128,1129,-4.53937139118255e-16,-4.539371391182262e-16,-4.539371391182268e-16,8.24169698645275e-17,1.7290273398152624e-18,753.8138633132053,0.0026531764279773
2495,1127,1129,-0.0,0.0,-0.0,0.0,0.0,13.849820802707864,0.144657932088752
2496,1129,1168,-4.618701903165455e-16,-4.618701903165884e-16,-4.618701903165869e-16,1.3514714289329995e-16,5.160750086617659e-18,661.9080569686598,0.0030215699908608426
2497,1168,1211,0.0,0.0,0.0,0.0,0.0,14.182799446463546,0.1412502641100544
2498,1129,1211,1.1943595666463632e-16,1.1943595666463603e-16,1.1943595666463613e-16,1.1394173214517078e-16,5.697086607258539e-17,14.491806695778271,0.13822869411919353
2499,1128,1130,-0.0,0.0,-0.0,0.0,0.0,13.600718294051395,0.14731690592982982
2500,1128,1131,-1.0658754584324882e-16,-1.0658754584324919e-16,-1.0658754584324885e-16,2.5507823673814564e-17,2.295704130643311e-16,13.60071829405147,0.14731690592982982
2501,1130,1131,0.0,0.0,0.0,0.0,0.0,1.7976931348623157e+308,0.0
2502,1129,1130,-1.115029054642103e-16,-1.1150290546421078e-16,-1.115029054642104e-16,6.385537393439484e-17,2.3945765225398064e-16,13.84926770087043,0.14466372950185252
2503,1128,1132,4.457150849720817e-16,4.457150849720694e-16,4.4571508497207035e-16,3.305869362388235e-17,2.8746690107723786e-18,769.6003677661761,0.0025987528194542824
2504,1131,1132,0.0,0.0,0.0,0.0,0.0,13.365811140079513,0.14991565874928411
2505,1132,1133,-1.341872560257403e-16,-1.3418725602574037e-16,-1.3418725602574035e-16,2.7489944216880623e-17,1.3744972108440312e-17,13.365811140079545,0.14991565874928411
2506,1131,1133,0.0,0.0,0.0,0.0,0.0,1.7976931348623157e+308,0.0
2507,1132,1134,4.3462195355092345e-16,4.3462195355095234e-16,4.3462195355095234e-16,1.253641587241042e-16,0.0,530.265066210339,0.003771703056456563
2508,1133,1134,0.0,0.0,0.0,0.0,0.0,13.039036273467705,0.15368736180574066
2509,1134,1135,-2.0372393134571406e-16,-2.0372393134571367e-16,-2.0372393134571387e-16,7.424255347042997e-17,7.424255347042997e-17,13.03903627346776,0.15368736180574066
2510,1133,1135,0.0,0.0,0.0,0.0,0.0,1.7976931348623157e+308,0.0
2511,1134,1151,2.2208013939973816e-16,2.220801393997388e-16,2.220801393997382e-16,1.6739341865394605e-17,2.0087210238473528e-16,13.262712352811498,0.15108546197434689
2512,1134,1136,4.162657454969388e-16,4.1626574549691875e-16,4.1626574549691856e-16,1.3105201529839594e-16,1.2754454043639509e-18,371.45644215488244,0.005384224379151996
2513,1135,1136,0.0,0.0,0.0,0.0,0.0,12.599456417726236,0.15907158618489267
2514,1136,1137,-3.1202996583654555e-16,-3.1202996583654633e-16,-3.1202996583654555e-16,0.0,2.0065607897570928e-16,12.599456417726145,0.15907158618489267
2515,1135,1137,0.0,0.0,0.0,0.0,0.0,1.7976931348623157e+308,0.0
2516,1134,1150,0.0,0.0,0.0,0.0,0.0,12.211844625450121,0.16414297202458752
2517,1136,1150,3.430851618615896e-16,3.4308516186159203e-16,3.4308516186158976e-16,3.415046346899785e-17,5.236404398579671e-16,12.624179703485648,0.15875874764543554
2518,1136,1138,3.8521054947189495e-16,3.852105494719074e-16,3.852105494719075e-16,1.2141249950819613e-16,9.522548981034991e-19,268.81844161220795,0.007440000074384819
2519,1137,1138,0.0,0.0,0.0,0.0,0.0,12.03891530386496,0.16651158625927748
2520,1138,1139,-4.828528293066659e-16,-4.828528293066656e-16,-4.828528293066654e-16,8.481610241754628e-17,3.392644096701851e-17,12.038915303865,0.16651158625927748
2521,1137,1139,0.0,0.0,0.0,0.0,0.0,1.7976931348623157e+308,0.0
2522,1136,1149,0.0,0.0,0.0,0.0,0.0,11.344111149468633,0.1767617326317836
2523,1138,1149,5.361091261137399e-16,5.361091261137427e-16,5.361091261137403e-16,6.213897441488082e-17,3.8836859009300517e-16,11.840039646659077,0.1693217325573988
2524,1138,1140,3.3195425266481294e-16,3.3195425266480953e-16,3.319542526648084e-16,6.554604436469726e-17,1.6386511091174316e-17,208.46999401424011,0.009593780388098385
2525,1139,1140,0.0,0.0,0.0,0.0,0.0,11.3861730535009,0.1761053666473759
2526,1140,1141,-7.54149169692958e-16,-7.541491696929569e-16,-7.541491696929566e-16,1.6076941996085054e-16,3.445058999161083e-17,11.3861730535009,0.1761053666473759
2527,1139,1141,0.0,0.0,0.0,0.0,0.0,1.7976931348623157e+308,0.0
2528,1138,1148,0.0,0.0,0.0,0.0,0.0,10.428032366370859,0.19238189849061543
2529,1140,1148,8.449317979053476e-16,8.449317979053489e-16,8.44931797905346e-16,1.7018445551250547e-16,3.0845932561641617e-16,10.972077972350325,0.18278811810251705
2530,1140,1142,2.411716244524244e-16,2.4117162445243004e-16,2.411716244524287e-16,9.288943261874596e-17,2.8827754950645295e-17,191.4728425536526,0.010445440501276777
2531,1141,1142,0.0,0.0,0.0,0.0,0.0,10.752013726545488,0.18655080714865266
2532,1142,1143,-1.1792886232506786e-15,-1.1792886232506802e-15,-1.1792886232506774e-15,9.332151350422073e-17,2.1775019817651504e-16,10.752013726545481,0.18655080714865266
2533,1141,1143,0.0,0.0,0.0,0.0,0.0,1.7976931348623157e+308,0.0
2534,1140,1147,0.0,0.0,0.0,0.0,0.0,9.671957343867087,0.20752496630064704
2535,1142,1147,1.3283472956339518e-15,1.328347295633955e-15,1.3283472956339522e-15,2.9165391624314905e-17,2.0415774137020434e-16,10.181012944750377,0.19707952579937027
2536,1142,1144,9.211295206917511e-17,9.211295206917484e-17,9.211295206917447e-17,2.0763311286372653e-17,1.1978833434445762e-17,335.12473786735137,0.005967944798061399
2537,1143,1144,0.0,0.0,0.0,0.0,0.0,10.42066506362529,0.19251875194671406
2538,1144,1145,-7.249110862460241e-16,-7.249110862460252e-16,-7.249110862460252e-16,1.4358958918355944e-16,0.0,10.420665063625238,0.19251875194671406
2539,1143,1145,0.0,0.0,0.0,0.0,0.0,1.7976931348623157e+308,0.0
2540,1142,1146,0.0,0.0,0.0,0.0,0.0,9.519441110127342,0.21087433819782903
2541,1144,1146,8.170240383151882e-16,8.17024038315189e-16,8.170240383151885e-16,3.696634772875625e-17,6.161057954792708e-17,9.794681592827478,0.20490639339976763
2542,1146,1147,-1.3482371452057547e-16,-1.3482371452057576e-16,-1.3482371452057534e-16,6.305696842882625e-18,2.1439369265800927e-17,144.9843360149229,0.013794812398458754
2543,1147,1166,0.0,0.0,0.0,0.0,0.0,8.257545112361548,0.2433972739929702
2544,1146,1166,9.51847752835768e-16,9.518477528357718e-16,9.51847752835768e-16,0.0,4.499570301219311e-16,8.748941501022253,0.22960246159451145
2545,1147,1148,-3.6568541078814617e-16,-3.6568541078815016e-16,-3.6568541078814913e-16,1.0004981508810605e-16,3.501743528083712e-17,80.85516668156593,0.02473684819813001
2546,1148,1165,0.0,0.0,0.0,0.0,0.0,8.191422391497362,0.24538171909259063
2547,1147,1165,1.5592089919015154e-15,1.5592089919015168e-15,1.5592089919015162e-15,5.559080868092941e-17,4.169310651069705e-17,9.10108375620849,0.22064487089446064
2548,1148,1149,-5.180135361993542e-16,-5.180135361993493e-16,-5.18013536199349e-16,1.1632107182323075e-16,6.584211612635702e-18,86.73348810883985,0.02306016593321663
2549,1149,1161,0.0,0.0,0.0,0.0,0.0,8.905053830897549,0.22554283448937495
2550,1148,1161,9.972599233165517e-16,9.97259923316555e-16,9.972599233165532e-16,1.5962453672148157e-16,1.7957760381166677e-16,9.911112663477363,0.20248266855615832
2551,1149,1150,-6.124558223781545e-16,-6.12455822378165e-16,-6.124558223781624e-16,1.1593870895971567e-16,3.9129314273904037e-17,111.09568880583329,0.018002984986348083
2552,1150,1160,0.0,0.0,0.0,0.0,0.0,9.9362801485041,0.20196630435996804
2553,1149,1160,6.305514122925254e-16,6.305514122925253e-16,6.305514122925253e-16,1.434395112023278e-17,0.0,10.90237578396407,0.18396331937361998
2554,1150,1151,-6.693762612634275e-16,-6.693762612634211e-16,-6.693762612634207e-16,6.636107818289625e-17,3.847019025095435e-18,153.17073535860638,0.013057510050240652
2555,1150,1152,4.000056007468826e-16,4.000056007468822e-16,4.000056007468819e-16,1.4530688374571802e-16,6.227437874816486e-17,11.875618167145172,0.16881204006423278
2556,1152,1160,7.320377528274526e-16,7.320377528274548e-16,7.320377528274555e-16,6.698350096866254e-17,1.7862266924976675e-17,60.329590778302624,0.033154264295735265
2557,1153,1159,5.730271014796562e-16,5.730271014796568e-16,5.730271014796554e-16,4.4341551367248015e-17,7.759771489268403e-17,31.04662438816881,0.06444153301876819
2558,1159,1160,-0.0,0.0,-0.0,0.0,0.0,7.312060839071623,0.2752453510631539
2559,1153,1160,-7.664903667964839e-16,-7.664903667964895e-16,-7.664903667964853e-16,1.891368449764667e-16,5.809203095705763e-16,9.522602170735615,0.21080381804438572
2560,1154,1158,2.4057222517718164e-16,2.4057222517718114e-16,2.405722251771816e-16,7.487073818244667e-18,6.738366436420201e-17,27.373028568501063,0.07309715284117525
2561,1158,1159,-0.0,0.0,-0.0,0.0,0.0,5.767260260784699,0.3503245457217903
2562,1154,1159,-1.4227520767046717e-15,-1.4227520767046723e-15,-1.4227520767046721e-15,3.8183723949257495e-17,1.9091861974628747e-17,7.260439788406708,0.27722739288061504
2563,1155,1157,2.929451066391188e-17,2.9294510663912054e-17,2.929451066391195e-17,2.8354016485113225e-17,4.3819843658811346e-17,81.61731690716647,0.02450582993994772
2564,1157,1158,-0.0,0.0,-0.0,0.0,0.0,5.749618628875066,0.3514216776970061
2565,1155,1158,-2.2299045117972166e-15,-2.2299045117972336e-15,-2.2299045117972214e-15,3.438962438056035e-16,8.883986298311424e-16,6.172171508493404,0.3269158477570584
2566,1115,1156,-1.3013735289348635e-15,-1.3013735289348637e-15,-1.3013735289348649e-15,6.087731907593845e-17,5.218055920794724e-17,17.42532934080856,0.1149016972259693
2567,1156,1157,-1.2946527151962476e-15,-1.2946527151962536e-15,-1.2946527151962484e-15,9.653491901503708e-17,6.274769735977409e-16,6.311937799985139,0.3195516247836517
2568,1158,1163,6.705215386795509e-17,6.705215386795567e-17,6.705215386795549e-17,9.663555308701673e-17,4.099690130964346e-17,62.774712142532,0.031862658285516245
2569,1162,1163,0.0,0.0,0.0,0.0,0.0,6.290532183747578,0.3206577025890466
2570,1158,1162,-2.056384440487973e-15,-2.05638444048798e-15,-2.0563844404879752e-15,1.6503394441402896e-16,3.3006788882805793e-16,6.973392325877797,0.2887950443035303
2571,1159,1162,3.4625343011585116e-16,3.462534301158524e-16,3.462534301158521e-16,8.32063329898392e-17,2.6275684102054487e-17,32.51498702247734,0.06152950141825995
2572,1161,1162,0.0,0.0,0.0,0.0,0.0,6.824302680338709,0.2951953373656589
2573,1159,1161,-1.1959784053408698e-15,-1.1959784053408682e-15,-1.1959784053408706e-15,7.671363446679672e-17,2.301409034003901e-16,8.598140483410782,0.23366583594739895
2574,1160,1161,5.960987983235183e-16,5.960987983235186e-16,5.960987983235197e-16,4.814011214588613e-17,3.782437382891053e-17,48.107538743741806,0.04157951511575497
2575,1161,1165,3.973803162992018e-16,3.973803162991997e-16,3.9738031629920086e-16,5.055670819977374e-17,6.386110509445103e-17,46.62822806105547,0.04289905053643232
2576,1162,1164,1.09001001984344e-16,1.090010019843438e-16,1.0900100198434375e-16,3.4022200733541647e-17,6.804440146708329e-18,66.4748800707346,0.03008882280250533
2577,1164,1165,-0.0,0.0,-0.0,0.0,0.0,7.129528175580547,0.2823851096317319
2578,1162,1165,-1.819132012356462e-15,-1.819132012356467e-15,-1.819132012356466e-15,2.720770477291915e-16,5.4415409545838305e-17,7.969192452817163,0.25229628682922656
2579,1157,1163,-1.2653582045323156e-15,-1.2653582045323185e-15,-1.265358204532316e-15,4.938603077874301e-17,3.2100920006182955e-16,6.311794197597808,0.31955901941148984
2580,1163,1164,-1.1983060506643606e-15,-1.1983060506643614e-15,-1.1983060506643616e-15,1.1871924467907908e-16,2.3743848935815815e-17,6.9314096960734,0.2905688797865413
2581,1165,1166,1.37457295844245e-16,1.374572958442462e-16,1.3745729584424541e-16,3.4682478352827905e-17,6.528466513473487e-17,87.90659471165579,0.022752403098509587
2582,1164,1166,-1.0893050486800164e-15,-1.0893050486800192e-15,-1.0893050486800178e-15,1.6360188393415242e-16,1.6360188393415242e-16,7.746413315673406,0.25963270653322235
2583,1129,1167,-0.0,0.0,-0.0,0.0,0.0,13.849267700870467,0.14466372950185252
2584,1130,1167,0.0,0.0,0.0,0.0,0.0,1.7976931348623157e+308,0.0
2585,1167,1168,1.227245677042917e-16,1.2272456770429177e-16,1.2272456770429177e-16,4.260666144536189e-17,0.0,14.143688853719787,0.14164215951099168
2586,1168,1170,-4.697113134904328e-16,-4.69711313490401e-16,-4.697113134904004e-16,1.1836811220516068e-16,2.1652703452163543e-18,581.7260983354078,0.0034380475205622917
2587,1170,1210,0.0,0.0,0.0,0.0,0.0,14.581648764189403,0.13737433456187276
2588,1168,1210,1.3056569087843683e-16,1.3056569087843742e-16,1.3056569087843723e-16,2.0200451362910973e-16,1.0100225681455487e-16,14.95478911818949,0.13393628704131047
2589,1168,1169,-0.0,0.0,-0.0,0.0,0.0,14.143688853719842,0.14164215951099168
2590,1167,1169,0.0,0.0,0.0,0.0,0.0,1.7976931348623157e+308,0.0
2591,1169,1170,1.3463571823956589e-16,1.3463571823956586e-16,1.3463571823956603e-16,7.579523202890885e-17,8.842777070039366e-17,14.494376139065096,0.1382041119904294
2592,1170,1172,-4.771257834751686e-16,-4.771257834751973e-16,-4.771257834751954e-16,1.0937228350993506e-16,8.071755240585613e-18,512.0820724579595,0.0039056289018710166
2593,1172,1196,0.0,0.0,0.0,0.0,0.0,15.062928685391674,0.1329718870894803
2594,1170,1196,1.420501882243104e-16,1.4205018822431022e-16,1.4205018822431e-16,1.7894066896852175e-16,1.006541262947935e-16,15.517421884318745,0.12906625818760928
2595,1170,1171,-0.0,0.0,-0.0,0.0,0.0,14.494376139065034,0.1382041119904294
2596,1169,1171,0.0,0.0,0.0,0.0,0.0,1.7976931348623157e+308,0.0
2597,1171,1172,1.4713324604285271e-16,1.4713324604285313e-16,1.4713324604285274e-16,1.1233851761787878e-17,1.7974162818860604e-16,14.914577324117495,0.13429848308855838
2598,1172,1174,-4.83643890907762e-16,-4.836438909077439e-16,-4.836438909077423e-16,8.977451565630099e-17,7.218051510054351e-18,451.94412570755816,0.004425333022744018
2599,1174,1195,0.0,0.0,0.0,0.0,0.0,15.648438869862536,0.12798268245990835
2600,1172,1195,1.5365135347546245e-16,1.5365135347546274e-16,1.5365135347546227e-16,6.929448541742361e-17,1.8808503184729266e-16,16.207402999972167,0.12355734943716433
2601,1172,1173,-0.0,0.0,-0.0,0.0,0.0,14.91457732411757,0.13429848308855838
2602,1171,1173,0.0,0.0,0.0,0.0,0.0,1.7976931348623157e+308,0.0
2603,1173,1174,1.600554753185717e-16,1.6005547531857157e-16,1.6005547531857194e-16,9.98756135249121e-17,1.4981342028736814e-16,15.421281316047132,0.12987315006581437
2604,1174,1176,-4.886235872557228e-16,-4.886235872557289e-16,-4.886235872557285e-16,2.923170416040778e-17,2.015979597269502e-18,400.4145753015935,0.004994833558571725
2605,1174,1177,1.6503517166654422e-16,1.6503517166654412e-16,1.6503517166654365e-16,2.0135794383578119e-16,1.6633917099477575e-16,17.062120871773974,0.11735321679118911
2606,443,1175,0.0,0.0,0.0,0.0,0.0,1.7976931348623157e+308,0.0
2607,1175,1176,1.7316954960125174e-16,1.7316954960125218e-16,1.731695496012518e-16,2.663136015825747e-17,1.3315680079128736e-16,16.036398309325147,0.12487831650724264
2608,1174,1175,-0.0,0.0,-0.0,0.0,0.0,15.421281316046963,0.12987315006581437
2609,1173,1175,0.0,0.0,0.0,0.0,0.0,1.7976931348623157e+308,0.0
2610,1177,1195,7.972766378516082e-16,7.972766378516147e-16,7.972766378516136e-16,3.549543614692248e-17,7.230551807706432e-18,188.15798396846017,0.010629465668719234
2611,1178,1194,1.0055566464215435e-15,1.0055566464215618e-15,1.005556646421558e-15,1.2761062775502577e-16,3.276489091007418e-17,113.73097858537872,0.0175858114303785
2612,1194,1195,-0.0,0.0,-0.0,0.0,0.0,14.91342424089516,0.13430889808799384
2613,1178,1195,-1.6620743029781201e-16,-1.6620743029781228e-16,-1.6620743029781164e-16,1.2969563496324284e-16,2.2480576726962093e-16,17.154020297513508,0.11672308665761534
2614,1179,1193,1.125153874623327e-15,1.1251538746233387e-15,1.1251538746233345e-15,8.747577984451894e-17,4.834187833512889e-17,76.1420027706418,0.0262682216009819
2615,1193,1194,-0.0,0.0,-0.0,0.0,0.0,13.127304805903233,0.15264992997664245
2616,1179,1194,-1.8014369320952463e-16,-1.8014369320952433e-16,-1.8014369320952448e-16,5.181545896741493e-17,5.181545896741493e-17,15.846132904753507,0.12638170837566057
2617,1180,1192,1.15012826776048e-15,1.1501282677604814e-15,1.1501282677604785e-15,2.5433205819741235e-17,4.768726091201482e-17,53.93653534818111,0.037084866433985224
2618,1192,1193,-0.0,0.0,-0.0,0.0,0.0,10.662781554229463,0.18812115537534146
2619,1180,1193,-2.1005984005746616e-16,-2.1005984005746683e-16,-2.1005984005746653e-16,1.326861212847547e-16,1.0614889702780376e-16,13.267013925884033,0.15103628894135626
2620,1181,1191,1.078527055632263e-15,1.0785270556322629e-15,1.0785270556322652e-15,5.1017945917603617e-17,5.565594100102213e-17,39.42567287956217,0.05073924968326268
2621,1191,1192,-0.0,0.0,-0.0,0.0,0.0,8.096040330609107,0.2483022617618156
2622,1181,1192,-2.564585700166905e-16,-2.5645857001669037e-16,-2.5645857001669e-16,1.892907975129586e-16,1.32503558259071e-16,10.156258206895881,0.19756301207855292
2623,1182,1190,9.184842383194998e-16,9.184842383195043e-16,9.184842383195e-16,8.114021166622408e-18,1.78508465665693e-16,26.462605228526623,0.07561435518958148
2624,1190,1191,-0.0,0.0,-0.0,0.0,0.0,5.7211471528149564,0.35320703631191497
2625,1182,1191,-3.3348100512024337e-16,-3.334810051202452e-16,-3.334810051202439e-16,2.242867962393016e-16,5.301324274747129e-16,7.251007041562138,0.2775926811223335
2626,1183,1189,6.113571679984496e-16,6.113571679984483e-16,6.113571679984487e-16,7.593961369662104e-17,3.3750939420720465e-17,19.115671733422484,0.1047217942233378
2627,1189,1190,-0.0,0.0,-0.0,0.0,0.0,4.24208543375777,0.48050262755681333
2628,1183,1190,-5.678235980544944e-16,-5.678235980544955e-16,-5.678235980544952e-16,2.580017816972829e-16,9.675066813648108e-17,5.384734454974858,0.3757808333334755
2629,1184,1188,4.0061909169276027e-16,4.0061909169277176e-16,4.00619091692771e-16,3.283313530040718e-17,2.2591606858078334e-18,817.1333694733846,0.0024475820877705792
2630,1188,1189,-0.0,0.0,-0.0,0.0,0.0,16.831075342123842,0.11896793865623155
2631,1184,1189,-1.1089219271573673e-15,-1.1089219271573675e-15,-1.1089219271573667e-15,3.104856667783706e-17,4.139808890378274e-17,17.183798430939603,0.11652035656846098
2632,1185,1187,2.9857810092584725e-16,2.9857810041636218e-16,2.985781004163617e-16,3.4802265759461026e-17,3.3678759192189187e-23,49030510.8188244,4.079092728233667e-08
2633,1187,1188,-0.0,0.0,-0.0,0.0,0.0,11718.303440061174,0.00017067317083035053
2634,1185,1188,-1.5536274260252512e-15,-1.5536274260251646e-15,-1.5536274260251548e-15,5.295828026599268e-18,5.41495708241234e-19,11721.104786693813,0.0001706323799030682
2635,1186,1187,-2.041616476098556e-15,-2.0416167310519464e-15,-2.041616731051945e-15,1.0510707410346817e-17,6.504315316007896e-26,11881049195.661554,1.6833536666998004e-10
2636,1187,1203,-1.8323777418668007e-15,-1.8323777418388218e-15,-1.8323777418388163e-15,3.734616784534556e-17,7.369326556185963e-21,408936.30088963144,4.890737251487802e-06
2637,1188,1203,2.307867394016585e-16,2.3078673940165087e-16,2.3078673940165067e-16,2.8156277556969553e-18,7.08334026590429e-20,12064.004378520269,0.0001657824335788627
2638,1202,1203,0.0,0.0,0.0,0.0,0.0,44.371739579954856,0.04508136775982498
2639,1188,1202,-1.3837950737339161e-15,-1.3837950737339242e-15,-1.3837950737339155e-15,9.600281792744942e-18,1.4080413296025916e-16,44.53545933183683,0.04491558532624612
2640,1189,1202,3.567834662170157e-16,3.5678346621701626e-16,3.567834662170154e-16,3.580009997048419e-17,9.20573999241022e-17,27.020260464488175,0.07405235332998544
2641,1201,1202,0.0,0.0,0.0,0.0,0.0,4.498202259963769,0.45217198045588886
2642,1189,1201,-8.543482251719539e-16,-8.543482251719578e-16,-8.543482251719544e-16,1.0782341015349745e-16,7.331991890437827e-16,5.3522016323514725,0.37811962712590347
2643,1190,1201,7.806595346500932e-16,7.806595346500999e-16,7.806595346500948e-16,1.0336832609101959e-16,3.3594705979581366e-16,19.551553801870476,0.10238300043090985
2644,1200,1201,0.0,0.0,0.0,0.0,0.0,4.985839461222554,0.4066486447098504
2645,1190,1200,-4.299988940431876e-16,-4.2999889404318907e-16,-4.2999889404318675e-16,2.942743695815916e-16,8.135820806079297e-16,6.623836374734912,0.3042656442789406
2646,1191,1200,9.983143565630591e-16,9.983143565630585e-16,9.98314356563057e-16,5.316495585961132e-17,3.8665422443353685e-17,40.87336119683773,0.04894139203297441
2647,1199,1200,0.0,0.0,0.0,0.0,0.0,7.597376183784272,0.2647850397219549
2648,1191,1199,-2.5326830596497724e-16,-2.53268305964977e-16,-2.532683059649775e-16,1.0463991058808282e-16,2.0927982117616563e-16,9.301912498958188,0.21584364768898048
2649,1192,1199,1.0921273405167961e-15,1.0921273405167953e-15,1.0921273405167967e-15,8.79124263963348e-18,2.051289949247812e-17,61.62233501507541,0.0324586140728351
2650,1198,1199,0.0,0.0,0.0,0.0,0.0,10.162704066880783,0.19743688857308073
2651,1192,1198,-1.9845764277300435e-16,-1.9845764277300494e-16,-1.9845764277300482e-16,1.9424484579582654e-16,5.111706468311225e-17,12.15029224165733,0.16497827450024563
2652,1193,1198,1.0856146641027572e-15,1.0856146641027573e-15,1.0856146641027566e-15,6.306001026024724e-18,8.408001368032966e-18,86.42352157827958,0.023142880875095858
2653,1197,1198,0.0,0.0,0.0,0.0,0.0,12.507880659731196,0.16024119226490588
2654,1193,1197,-1.7052062953690467e-16,-1.7052062953690558e-16,-1.7052062953690487e-16,7.915641592920013e-17,2.8694200774335044e-16,14.61091428923562,0.13709831138981002
2655,1194,1197,9.817414496729872e-16,9.817414496729813e-16,9.8174144967298e-16,5.623188775189247e-17,9.371981291982078e-18,128.60656898684678,0.015551618586832437
2656,1196,1197,0.0,0.0,0.0,0.0,0.0,14.263750702205568,0.1404459790225103
2657,1194,1196,-1.5632849646091404e-16,-1.5632849646091428e-16,-1.563284964609139e-16,4.917350015193678e-17,1.4752050045581033e-16,16.034343618594008,0.12489436043567786
2658,1195,1196,7.847205610293044e-16,7.847205610293097e-16,7.847205610293081e-16,2.2477334284683364e-17,9.464140751445626e-18,212.43897959658273,0.009414537652315976
2659,1196,1210,7.704422527926613e-16,7.704422527926709e-16,7.704422527926717e-16,5.58248596335981e-17,4.253322638750332e-18,240.7309964318571,0.00830807637426346
2660,1197,1209,9.568359380030962e-16,9.568359380030932e-16,9.568359380030897e-16,4.6598338815701493e-17,2.5417275717655358e-17,145.96423942482568,0.01370220061777005
2661,1209,1210,-0.0,0.0,-0.0,0.0,0.0,13.737947165631796,0.14584010326601687
2662,1197,1210,-1.4561511786705087e-16,-1.4561511786705117e-16,-1.456151178670509e-16,1.1168893035281951e-17,1.2285782338810147e-16,15.15771920278228,0.13213790264824685
2663,1198,1208,1.0466014586155959e-15,1.0466014586155963e-15,1.046601458615594e-15,1.7221211503278625e-17,2.1048147392896098e-17,98.47770421855566,0.020309863677523184
2664,1208,1209,-0.0,0.0,-0.0,0.0,0.0,12.014691989014636,0.166848855324659
2665,1198,1209,-1.5944443728587275e-16,-1.5944443728587347e-16,-1.594444372858726e-16,6.784835935483763e-17,3.957820962365529e-16,13.672659019012634,0.14653899164713582
2666,1199,1207,1.0340627333249116e-15,1.034062733324913e-15,1.0340627333249114e-15,3.0075536064332155e-18,2.4060428851465724e-17,63.413274338898006,0.03154175260299856
2667,1207,1208,-0.0,0.0,-0.0,0.0,0.0,9.619320497948058,0.2086687774985561
2668,1199,1208,-1.9520369872043637e-16,-1.952036987204365e-16,-1.9520369872043677e-16,1.7848586944305885e-16,1.2270903524210294e-16,11.320837495803824,0.17712702489555754
2669,1200,1206,8.94803691946326e-16,8.948036919463309e-16,8.948036919463283e-16,9.095646398377146e-17,9.853616931575241e-17,29.077720156506732,0.06880831868605806
2670,1206,1207,-0.0,0.0,-0.0,0.0,0.0,6.671650643976525,0.3020516058050144
2671,1200,1207,-3.264882293127825e-16,-3.264882293127831e-16,-3.264882293127828e-16,1.0519150416793683e-16,1.0519150416793683e-16,8.613576348122855,0.23324328711895634
2672,1201,1205,5.841255608274945e-16,5.841255608274954e-16,5.841255608274943e-16,2.1001979756054102e-17,1.1551088865829757e-16,16.07585186951984,0.12457104430756107
2673,1205,1206,-0.0,0.0,-0.0,0.0,0.0,4.401948461246766,0.46241137033135343
2674,1201,1206,-6.578142515662899e-16,-6.578142515662945e-16,-6.578142515662901e-16,5.016666335584925e-17,1.1287499255066081e-15,5.976156300113182,0.3378403260237924
2675,1202,1204,1.651031412289504e-16,1.6510314122895034e-16,1.6510314122895042e-16,2.3962045087461064e-18,7.188613526238319e-18,62.3119350437056,0.03209933576193296
2676,1204,1205,-0.0,0.0,-0.0,0.0,0.0,5.620006009000293,0.35970027191026077
2677,1202,1205,-1.1921147481935532e-15,-1.192114748193557e-15,-1.1921147481935544e-15,1.61149431797095e-16,3.4915710222703915e-16,6.1594914006947,0.3276009361483278
2678,1203,1204,-1.6660516184324494e-15,-1.6660516184324531e-15,-1.6660516184324466e-15,1.0756886973575326e-17,2.5355519294856126e-17,154.06125089702388,0.012982031997892019
2679,1204,1216,-1.5682680532920677e-15,-1.5682680532920715e-15,-1.56826805329207e-15,1.7459395978867713e-16,1.0184647654339498e-16,8.643152539871673,0.23243792794201584
2680,1205,1216,3.6691994427972065e-16,3.6691994427972144e-16,3.6691994427972134e-16,1.1954227073459043e-16,1.707746724779863e-17,15.736772506714118,0.12726234396824493
2681,1205,1215,-9.74909133468167e-16,-9.749091334681659e-16,-9.749091334681675e-16,7.417179690413053e-17,2.966871876165221e-16,5.454657651927749,0.37085177462238045
2682,1206,1215,7.422463107036424e-16,7.422463107036414e-16,7.422463107036427e-16,1.8232838114558107e-17,7.900896516308512e-17,21.858954078899668,0.091559595708973
2683,1206,1214,-5.05256870284106e-16,-5.05256870284108e-16,-5.052568702841064e-16,9.976320471668981e-17,3.9905281886675923e-16,7.825062566613055,0.2569941841971102
2684,1207,1214,9.590057616618274e-16,9.590057616618283e-16,9.590057616618277e-16,9.264289033521022e-18,1.3896433550281533e-17,44.3953133366706,0.045057421607904234
2685,1207,1213,-2.514312576377058e-16,-2.5143125763770706e-16,-2.5143125763770617e-16,1.2921650730120737e-16,3.322710187745332e-16,10.622854311081621,0.1888324324437009
2686,1208,1213,1.0072135583868349e-15,1.0072135583868428e-15,1.007213558386841e-15,6.020020791671318e-17,1.747747971775544e-17,100.82833173837254,0.019836345054855195
2687,1208,1212,-1.558157984648449e-16,-1.558157984648453e-16,-1.5581579846484493e-16,1.2221605444359153e-17,1.8332408166538728e-16,12.945257889482617,0.15480514395022368
2688,1209,1212,9.319818402554289e-16,9.31981840255449e-16,9.319818402554478e-16,1.2232897002709074e-16,7.645560626693171e-18,166.0637749382172,0.012043711374435346
2689,1209,1211,-1.3459033953821517e-16,-1.3459033953821564e-16,-1.345903395382153e-16,6.333073822003386e-17,1.7732606701609483e-16,14.460790036641164,0.13852612619727295
2690,1210,1211,7.55392825804128e-16,7.553928258041076e-16,7.55392825804105e-16,1.1170564249588756e-16,1.2889112595679333e-17,273.45025789720484,0.007313977068743925
2691,297,649,0.0,0.0,0.0,0.0,0.0,0.0,0.0
2692,299,649,0.0,0.0,0.0,0.0,0.0,0.0,0.0
2693,299,643,0.0,0.0,0.0,0.0,0.0,0.0,0.0
2694,315,643,0.0,0.0,0.0,0.0,0.0,0.0,0.0
2695,315,642,0.0,0.0,0.0,0.0,0.0,0.0,0.0
2696,316,642,0.0,0.0,0.0,0.0,0.0,0.0,0.0
2697,316,632,0.0,0.0,0.0,0.0,0.0,0.0,0.0
2698,328,632,0.0,0.0,0.0,0.0,0.0,0.0,0.0
2699,328,576,0.0,0.0,0.0,0.0,0.0,0.0,0.0
2700,329,576,0.0,0.0,0.0,0.0,0.0,0.0,0.0
2701,329,577,0.0,0.0,0.0,0.0,0.0,0.0,0.0
2702,337,577,0.0,0.0,0.0,0.0,0.0,0.0,0.0
2703,337,578,0.0,0.0,0.0,0.0,0.0,0.0,0.0
2704,338,578,0.0,0.0,0.0,0.0,0.0,0.0,0.0
2705,338,579,0.0,0.0,0.0,0.0,0.0,0.0,0.0
2706,342,579,0.0,0.0,0.0,0.0,0.0,0.0,0.0
2707,342,580,0.0,0.0,0.0,0.0,0.0,0.0,0.0
2708,343,580,0.0,0.0,0.0,0.0,0.0,0.0,0.0
2709,484,485,0.0,0.0,0.0,0.0,0.0,0.0,0.0
2710,484,629,0.0,0.0,0.0,0.0,0.0,0.0,0.0
2711,485,629,0.0,0.0,0.0,0.0,0.0,0.0,0.0
2712,485,493,0.0,0.0,0.0,0.0,0.0,0.0,0.0
2713,485,628,0.0,0.0,0.0,0.0,0.0,0.0,0.0
2714,493,628,0.0,0.0,0.0,0.0,0.0,0.0,0.0
2715,493,494,0.0,0.0,0.0,0.0,0.0,0.0,0.0
2716,493,622,0.0,0.0,0.0,0.0,0.0,0.0,0.0
2717,494,622,0.0,0.0,0.0,0.0,0.0,0.0,0.0
2718,494,497,0.0,0.0,0.0,0.0,0.0,0.0,0.0
2719,494,621,0.0,0.0,0.0,0.0,0.0,0.0,0.0
2720,497,621,0.0,0.0,0.0,0.0,0.0,0.0,0.0
2721,497,498,0.0,0.0,0.0,0.0,0.0,0.0,0.0
2722,497,611,0.0,0.0,0.0,0.0,0.0,0.0,0.0
2723,498,611,0.0,0.0,0.0,0.0,0.0,0.0,0.0
2724,498,501,0.0,0.0,0.0,0.0,0.0,0.0,0.0
2725,498,610,0.0,0.0,0.0,0.0,0.0,0.0,0.0
2726,501,610,0.0,0.0,0.0,0.0,0.0,0.0,0.0
2727,501,502,0.0,0.0,0.0,0.0,0.0,0.0,0.0
2728,501,558,0.0,0.0,0.0,0.0,0.0,0.0,0.0
2729,502,558,0.0,0.0,0.0,0.0,0.0,0.0,0.0
2730,503,504,0.0,0.0,0.0,0.0,0.0,0.0,0.0
2731,504,560,0.0,0.0,0.0,0.0,0.0,0.0,0.0
2732,503,560,0.0,0.0,0.0,0.0,0.0,0.0,0.0
2733,502,504,0.0,0.0,0.0,0.0,0.0,0.0,0.0
2734,502,559,0.0,0.0,0.0,0.0,0.0,0.0,0.0
2735,504,559,0.0,0.0,0.0,0.0,0.0,0.0,0.0
2736,546,549,0.0,0.0,0.0,0.0,0.0,0.0,0.0
2737,549,550,0.0,0.0,0.0,0.0,0.0,0.0,0.0
2738,546,550,0.0,0.0,0.0,0.0,0.0,0.0,0.0
2739,546,605,0.0,0.0,0.0,0.0,0.0,0.0,0.0
2740,547,605,0.0,0.0,0.0,0.0,0.0,0.0,0.0
2741,546,547,0.0,0.0,0.0,0.0,0.0,0.0,0.0
2742,547,548,0.0,0.0,0.0,0.0,0.0,0.0,0.0
2743,546,548,0.0,0.0,0.0,0.0,0.0,0.0,0.0
2744,547,582,0.0,0.0,0.0,0.0,0.0,0.0,0.0
2745,548,582,0.0,0.0,0.0,0.0,0.0,0.0,0.0
2746,548,584,0.0,0.0,0.0,0.0,0.0,0.0,0.0
2747,549,584,0.0,0.0,0.0,0.0,0.0,0.0,0.0
2748,548,549,0.0,0.0,0.0,0.0,0.0,0.0,0.0
2749,549,585,0.0,0.0,0.0,0.0,0.0,0.0,0.0
2750,551,585,0.0,0.0,0.0,0.0,0.0,0.0,0.0
2751,549,551,0.0,0.0,0.0,0.0,0.0,0.0,0.0
2752,550,551,0.0,0.0,0.0,0.0,0.0,0.0,0.0
2753,551,552,0.0,0.0,0.0,0.0,0.0,0.0,0.0
2754,550,552,0.0,0.0,0.0,0.0,0.0,0.0,0.0
2755,550,606,0.0,0.0,0.0,0.0,0.0,0.0,0.0
2756,546,606,0.0,0.0,0.0,0.0,0.0,0.0,0.0
2757,551,586,0.0,0.0,0.0,0.0,0.0,0.0,0.0
2758,553,586,0.0,0.0,0.0,0.0,0.0,0.0,0.0
2759,551,553,0.0,0.0,0.0,0.0,0.0,0.0,0.0
2760,552,553,0.0,0.0,0.0,0.0,0.0,0.0,0.0
2761,553,554,0.0,0.0,0.0,0.0,0.0,0.0,0.0
2762,552,554,0.0,0.0,0.0,0.0,0.0,0.0,0.0
2763,552,607,0.0,0.0,0.0,0.0,0.0,0.0,0.0
2764,550,607,0.0,0.0,0.0,0.0,0.0,0.0,0.0
2765,553,587,0.0,0.0,0.0,0.0,0.0,0.0,0.0
2766,555,587,0.0,0.0,0.0,0.0,0.0,0.0,0.0
2767,553,555,0.0,0.0,0.0,0.0,0.0,0.0,0.0
2768,554,555,0.0,0.0,0.0,0.0,0.0,0.0,0.0
2769,555,556,0.0,0.0,0.0,0.0,0.0,0.0,0.0
2770,554,556,0.0,0.0,0.0,0.0,0.0,0.0,0.0
2771,554,608,0.0,0.0,0.0,0.0,0.0,0.0,0.0
2772,552,608,0.0,0.0,0.0,0.0,0.0,0.0,0.0
2773,555,588,0.0,0.0,0.0,0.0,0.0,0.0,0.0
2774,557,588,0.0,0.0,0.0,0.0,0.0,0.0,0.0
2775,555,557,0.0,0.0,0.0,0.0,0.0,0.0,0.0
2776,556,557,0.0,0.0,0.0,0.0,0.0,0.0,0.0
2777,557,558,0.0,0.0,0.0,0.0,0.0,0.0,0.0
2778,556,558,0.0,0.0,0.0,0.0,0.0,0.0,0.0
2779,556,609,0.0,0.0,0.0,0.0,0.0,0.0,0.0
2780,554,609,0.0,0.0,0.0,0.0,0.0,0.0,0.0
2781,557,589,0.0,0.0,0.0,0.0,0.0,0.0,0.0
2782,559,589,0.0,0.0,0.0,0.0,0.0,0.0,0.0
2783,557,559,0.0,0.0,0.0,0.0,0.0,0.0,0.0
2784,558,559,0.0,0.0,0.0,0.0,0.0,0.0,0.0
2785,558,610,0.0,0.0,0.0,0.0,0.0,0.0,0.0
2786,556,610,0.0,0.0,0.0,0.0,0.0,0.0,0.0
2787,559,560,0.0,0.0,0.0,0.0,0.0,0.0,0.0
2788,560,589,0.0,0.0,0.0,0.0,0.0,0.0,0.0
2789,560,561,0.0,0.0,0.0,0.0,0.0,0.0,0.0
2790,503,561,0.0,0.0,0.0,0.0,0.0,0.0,0.0
2791,507,561,0.0,0.0,0.0,0.0,0.0,0.0,0.0
2792,503,507,0.0,0.0,0.0,0.0,0.0,0.0,0.0
2793,560,590,0.0,0.0,0.0,0.0,0.0,0.0,0.0
2794,561,590,0.0,0.0,0.0,0.0,0.0,0.0,0.0
2795,561,562,0.0,0.0,0.0,0.0,0.0,0.0,0.0
2796,507,562,0.0,0.0,0.0,0.0,0.0,0.0,0.0
2797,561,563,0.0,0.0,0.0,0.0,0.0,0.0,0.0
2798,562,563,0.0,0.0,0.0,0.0,0.0,0.0,0.0
2799,563,564,0.0,0.0,0.0,0.0,0.0,0.0,0.0
2800,562,564,0.0,0.0,0.0,0.0,0.0,0.0,0.0
2801,563,590,0.0,0.0,0.0,0.0,0.0,0.0,0.0
2802,590,591,0.0,0.0,0.0,0.0,0.0,0.0,0.0
2803,563,591,0.0,0.0,0.0,0.0,0.0,0.0,0.0
2804,564,565,0.0,0.0,0.0,0.0,0.0,0.0,0.0
2805,565,566,0.0,0.0,0.0,0.0,0.0,0.0,0.0
2806,564,566,0.0,0.0,0.0,0.0,0.0,0.0,0.0
2807,563,565,0.0,0.0,0.0,0.0,0.0,0.0,0.0
2808,565,591,0.0,0.0,0.0,0.0,0.0,0.0,0.0
2809,567,591,0.0,0.0,0.0,0.0,0.0,0.0,0.0
2810,565,567,0.0,0.0,0.0,0.0,0.0,0.0,0.0
2811,566,567,0.0,0.0,0.0,0.0,0.0,0.0,0.0
2812,567,568,0.0,0.0,0.0,0.0,0.0,0.0,0.0
2813,566,568,0.0,0.0,0.0,0.0,0.0,0.0,0.0
2814,566,637,0.0,0.0,0.0,0.0,0.0,0.0,0.0
2815,564,637,0.0,0.0,0.0,0.0,0.0,0.0,0.0
2816,567,593,0.0,0.0,0.0,0.0,0.0,0.0,0.0
2817,569,593,0.0,0.0,0.0,0.0,0.0,0.0,0.0
2818,567,569,0.0,0.0,0.0,0.0,0.0,0.0,0.0
2819,568,569,0.0,0.0,0.0,0.0,0.0,0.0,0.0
2820,569,570,0.0,0.0,0.0,0.0,0.0,0.0,0.0
2821,568,570,0.0,0.0,0.0,0.0,0.0,0.0,0.0
2822,568,636,0.0,0.0,0.0,0.0,0.0,0.0,0.0
2823,566,636,0.0,0.0,0.0,0.0,0.0,0.0,0.0
2824,569,595,0.0,0.0,0.0,0.0,0.0,0.0,0.0
2825,571,595,0.0,0.0,0.0,0.0,0.0,0.0,0.0
2826,569,571,0.0,0.0,0.0,0.0,0.0,0.0,0.0
2827,570,571,0.0,0.0,0.0,0.0,0.0,0.0,0.0
2828,571,572,0.0,0.0,0.0,0.0,0.0,0.0,0.0
2829,570,572,0.0,0.0,0.0,0.0,0.0,0.0,0.0
2830,570,635,0.0,0.0,0.0,0.0,0.0,0.0,0.0
2831,568,635,0.0,0.0,0.0,0.0,0.0,0.0,0.0
2832,571,597,0.0,0.0,0.0,0.0,0.0,0.0,0.0
2833,573,597,0.0,0.0,0.0,0.0,0.0,0.0,0.0
2834,571,573,0.0,0.0,0.0,0.0,0.0,0.0,0.0
2835,572,573,0.0,0.0,0.0,0.0,0.0,0.0,0.0
2836,573,574,0.0,0.0,0.0,0.0,0.0,0.0,0.0
2837,572,574,0.0,0.0,0.0,0.0,0.0,0.0,0.0
2838,572,634,0.0,0.0,0.0,0.0,0.0,0.0,0.0
2839,570,634,0.0,0.0,0.0,0.0,0.0,0.0,0.0
2840,573,599,0.0,0.0,0.0,0.0,0.0,0.0,0.0
2841,575,599,0.0,0.0,0.0,0.0,0.0,0.0,0.0
2842,573,575,0.0,0.0,0.0,0.0,0.0,0.0,0.0
2843,574,575,0.0,0.0,0.0,0.0,0.0,0.0,0.0
2844,575,576,0.0,0.0,0.0,0.0,0.0,0.0,0.0
2845,574,576,0.0,0.0,0.0,0.0,0.0,0.0,0.0
2846,574,633,0.0,0.0,0.0,0.0,0.0,0.0,0.0
2847,572,633,0.0,0.0,0.0,0.0,0.0,0.0,0.0
2848,575,601,0.0,0.0,0.0,0.0,0.0,0.0,0.0
2849,577,601,0.0,0.0,0.0,0.0,0.0,0.0,0.0
2850,575,577,0.0,0.0,0.0,0.0,0.0,0.0,0.0
2851,576,577,0.0,0.0,0.0,0.0,0.0,0.0,0.0
2852,576,632,0.0,0.0,0.0,0.0,0.0,0.0,0.0
2853,574,632,0.0,0.0,0.0,0.0,0.0,0.0,0.0
2854,577,578,0.0,0.0,0.0,0.0,0.0,0.0,0.0
2855,578,601,0.0,0.0,0.0,0.0,0.0,0.0,0.0
2856,578,579,0.0,0.0,0.0,0.0,0.0,0.0,0.0
2857,578,602,0.0,0.0,0.0,0.0,0.0,0.0,0.0
2858,579,602,0.0,0.0,0.0,0.0,0.0,0.0,0.0
2859,579,580,0.0,0.0,0.0,0.0,0.0,0.0,0.0
2860,579,583,0.0,0.0,0.0,0.0,0.0,0.0,0.0
2861,580,583,0.0,0.0,0.0,0.0,0.0,0.0,0.0
2862,580,581,0.0,0.0,0.0,0.0,0.0,0.0,0.0
2863,343,581,0.0,0.0,0.0,0.0,0.0,0.0,0.0
2864,580,582,0.0,0.0,0.0,0.0,0.0,0.0,0.0
2865,581,582,0.0,0.0,0.0,0.0,0.0,0.0,0.0
2866,582,603,0.0,0.0,0.0,0.0,0.0,0.0,0.0
2867,581,603,0.0,0.0,0.0,0.0,0.0,0.0,0.0
2868,581,1312,0.0,0.0,0.0,0.0,0.0,0.0,0.0
2869,343,1312,0.0,0.0,0.0,0.0,0.0,0.0,0.0
2870,582,583,0.0,0.0,0.0,0.0,0.0,0.0,0.0
2871,548,583,0.0,0.0,0.0,0.0,0.0,0.0,0.0
2872,583,602,0.0,0.0,0.0,0.0,0.0,0.0,0.0
2873,584,602,0.0,0.0,0.0,0.0,0.0,0.0,0.0
2874,583,584,0.0,0.0,0.0,0.0,0.0,0.0,0.0
2875,584,600,0.0,0.0,0.0,0.0,0.0,0.0,0.0
2876,585,600,0.0,0.0,0.0,0.0,0.0,0.0,0.0
2877,584,585,0.0,0.0,0.0,0.0,0.0,0.0,0.0
2878,585,598,0.0,0.0,0.0,0.0,0.0,0.0,0.0
2879,586,598,0.0,0.0,0.0,0.0,0.0,0.0,0.0
2880,585,586,0.0,0.0,0.0,0.0,0.0,0.0,0.0
2881,586,596,0.0,0.0,0.0,0.0,0.0,0.0,0.0
2882,587,596,0.0,0.0,0.0,0.0,0.0,0.0,0.0
2883,586,587,0.0,0.0,0.0,0.0,0.0,0.0,0.0
2884,587,594,0.0,0.0,0.0,0.0,0.0,0.0,0.0
2885,588,594,0.0,0.0,0.0,0.0,0.0,0.0,0.0
2886,587,588,0.0,0.0,0.0,0.0,0.0,0.0,0.0
2887,588,592,0.0,0.0,0.0,0.0,0.0,0.0,0.0
2888,589,592,0.0,0.0,0.0,0.0,0.0,0.0,0.0
2889,588,589,0.0,0.0,0.0,0.0,0.0,0.0,0.0
2890,589,590,0.0,0.0,0.0,0.0,0.0,0.0,0.0
2891,590,592,0.0,0.0,0.0,0.0,0.0,0.0,0.0
2892,591,592,0.0,0.0,0.0,0.0,0.0,0.0,0.0
2893,592,593,0.0,0.0,0.0,0.0,0.0,0.0,0.0
2894,591,593,0.0,0.0,0.0,0.0,0.0,0.0,0.0
2895,592,594,0.0,0.0,0.0,0.0,0.0,0.0,0.0
2896,593,594,0.0,0.0,0.0,0.0,0.0,0.0,0.0
2897,594,595,0.0,0.0,0.0,0.0,0.0,0.0,0.0
2898,593,595,0.0,0.0,0.0,0.0,0.0,0.0,0.0
2899,594,596,0.0,0.0,0.0,0.0,0.0,0.0,0.0
2900,595,596,0.0,0.0,0.0,0.0,0.0,0.0,0.0
2901,596,597,0.0,0.0,0.0,0.0,0.0,0.0,0.0
2902,595,597,0.0,0.0,0.0,0.0,0.0,0.0,0.0
2903,596,598,0.0,0.0,0.0,0.0,0.0,0.0,0.0
2904,597,598,0.0,0.0,0.0,0.0,0.0,0.0,0.0
2905,598,599,0.0,0.0,0.0,0.0,0.0,0.0,0.0
2906,597,599,0.0,0.0,0.0,0.0,0.0,0.0,0.0
2907,598,600,0.0,0.0,0.0,0.0,0.0,0.0,0.0
2908,599,600,0.0,0.0,0.0,0.0,0.0,0.0,0.0
2909,600,601,0.0,0.0,0.0,0.0,0.0,0.0,0.0
2910,599,601,0.0,0.0,0.0,0.0,0.0,0.0,0.0
2911,600,602,0.0,0.0,0.0,0.0,0.0,0.0,0.0
2912,601,602,0.0,0.0,0.0,0.0,0.0,0.0,0.0
2913,547,603,0.0,0.0,0.0,0.0,0.0,0.0,0.0
2914,547,604,0.0,0.0,0.0,0.0,0.0,0.0,0.0
2915,603,604,0.0,0.0,0.0,0.0,0.0,0.0,0.0
2916,604,605,0.0,0.0,0.0,0.0,0.0,0.0,0.0
2917,605,616,0.0,0.0,0.0,0.0,0.0,0.0,0.0
2918,604,616,0.0,0.0,0.0,0.0,0.0,0.0,0.0
2919,605,606,0.0,0.0,0.0,0.0,0.0,0.0,0.0
2920,606,607,0.0,0.0,0.0,0.0,0.0,0.0,0.0
2921,606,615,0.0,0.0,0.0,0.0,0.0,0.0,0.0
2922,605,615,0.0,0.0,0.0,0.0,0.0,0.0,0.0
2923,607,608,0.0,0.0,0.0,0.0,0.0,0.0,0.0
2924,607,614,0.0,0.0,0.0,0.0,0.0,0.0,0.0
2925,606,614,0.0,0.0,0.0,0.0,0.0,0.0,0.0
2926,608,609,0.0,0.0,0.0,0.0,0.0,0.0,0.0
2927,608,613,0.0,0.0,0.0,0.0,0.0,0.0,0.0
2928,607,613,0.0,0.0,0.0,0.0,0.0,0.0,0.0
2929,609,610,0.0,0.0,0.0,0.0,0.0,0.0,0.0
2930,609,612,0.0,0.0,0.0,0.0,0.0,0.0,0.0
2931,608,612,0.0,0.0,0.0,0.0,0.0,0.0,0.0
2932,610,611,0.0,0.0,0.0,0.0,0.0,0.0,0.0
2933,609,611,0.0,0.0,0.0,0.0,0.0,0.0,0.0
2934,611,621,0.0,0.0,0.0,0.0,0.0,0.0,0.0
2935,612,621,0.0,0.0,0.0,0.0,0.0,0.0,0.0
2936,611,612,0.0,0.0,0.0,0.0,0.0,0.0,0.0
2937,612,620,0.0,0.0,0.0,0.0,0.0,0.0,0.0
2938,613,620,0.0,0.0,0.0,0.0,0.0,0.0,0.0
2939,612,613,0.0,0.0,0.0,0.0,0.0,0.0,0.0
2940,613,619,0.0,0.0,0.0,0.0,0.0,0.0,0.0
2941,614,619,0.0,0.0,0.0,0.0,0.0,0.0,0.0
2942,613,614,0.0,0.0,0.0,0.0,0.0,0.0,0.0
2943,614,618,0.0,0.0,0.0,0.0,0.0,0.0,0.0
2944,615,618,0.0,0.0,0.0,0.0,0.0,0.0,0.0
2945,614,615,0.0,0.0,0.0,0.0,0.0,0.0,0.0
2946,615,616,0.0,0.0,0.0,0.0,0.0,0.0,0.0
2947,615,617,0.0,0.0,0.0,0.0,0.0,0.0,0.0
2948,616,617,0.0,0.0,0.0,0.0,0.0,0.0,0.0
2949,617,618,0.0,0.0,0.0,0.0,0.0,0.0,0.0
2950,618,625,0.0,0.0,0.0,0.0,0.0,0.0,0.0
2951,617,625,0.0,0.0,0.0,0.0,0.0,0.0,0.0
2952,618,619,0.0,0.0,0.0,0.0,0.0,0.0,0.0
2953,619,620,0.0,0.0,0.0,0.0,0.0,0.0,0.0
2954,619,624,0.0,0.0,0.0,0.0,0.0,0.0,0.0
2955,618,624,0.0,0.0,0.0,0.0,0.0,0.0,0.0
2956,620,621,0.0,0.0,0.0,0.0,0.0,0.0,0.0
2957,620,623,0.0,0.0,0.0,0.0,0.0,0.0,0.0
2958,619,623,0.0,0.0,0.0,0.0,0.0,0.0,0.0
2959,621,622,0.0,0.0,0.0,0.0,0.0,0.0,0.0
2960,620,622,0.0,0.0,0.0,0.0,0.0,0.0,0.0
2961,622,628,0.0,0.0,0.0,0.0,0.0,0.0,0.0
2962,623,628,0.0,0.0,0.0,0.0,0.0,0.0,0.0
2963,622,623,0.0,0.0,0.0,0.0,0.0,0.0,0.0
2964,623,627,0.0,0.0,0.0,0.0,0.0,0.0,0.0
2965,624,627,0.0,0.0,0.0,0.0,0.0,0.0,0.0
2966,623,624,0.0,0.0,0.0,0.0,0.0,0.0,0.0
2967,624,625,0.0,0.0,0.0,0.0,0.0,0.0,0.0
2968,624,626,0.0,0.0,0.0,0.0,0.0,0.0,0.0
2969,625,626,0.0,0.0,0.0,0.0,0.0,0.0,0.0
2970,626,627,0.0,0.0,0.0,0.0,0.0,0.0,0.0
2971,627,630,0.0,0.0,0.0,0.0,0.0,0.0,0.0
2972,626,630,0.0,0.0,0.0,0.0,0.0,0.0,0.0
2973,627,628,0.0,0.0,0.0,0.0,0.0,0.0,0.0
2974,628,629,0.0,0.0,0.0,0.0,0.0,0.0,0.0
2975,627,629,0.0,0.0,0.0,0.0,0.0,0.0,0.0
2976,629,630,0.0,0.0,0.0,0.0,0.0,0.0,0.0
2977,629,631,0.0,0.0,0.0,0.0,0.0,0.0,0.0
2978,630,631,0.0,0.0,0.0,0.0,0.0,0.0,0.0
2979,484,631,0.0,0.0,0.0,0.0,0.0,0.0,0.0
2980,484,491,0.0,0.0,0.0,0.0,0.0,0.0,0.0
2981,491,631,0.0,0.0,0.0,0.0,0.0,0.0,0.0
2982,632,642,0.0,0.0,0.0,0.0,0.0,0.0,0.0
2983,633,642,0.0,0.0,0.0,0.0,0.0,0.0,0.0
2984,632,633,0.0,0.0,0.0,0.0,0.0,0.0,0.0
2985,633,641,0.0,0.0,0.0,0.0,0.0,0.0,0.0
2986,634,641,0.0,0.0,0.0,0.0,0.0,0.0,0.0
2987,633,634,0.0,0.0,0.0,0.0,0.0,0.0,0.0
2988,634,640,0.0,0.0,0.0,0.0,0.0,0.0,0.0
2989,635,640,0.0,0.0,0.0,0.0,0.0,0.0,0.0
2990,634,635,0.0,0.0,0.0,0.0,0.0,0.0,0.0
2991,635,639,0.0,0.0,0.0,0.0,0.0,0.0,0.0
2992,636,639,0.0,0.0,0.0,0.0,0.0,0.0,0.0
2993,635,636,0.0,0.0,0.0,0.0,0.0,0.0,0.0
2994,636,638,0.0,0.0,0.0,0.0,0.0,0.0,0.0
2995,637,638,0.0,0.0,0.0,0.0,0.0,0.0,0.0
2996,636,637,0.0,0.0,0.0,0.0,0.0,0.0,0.0
2997,638,639,0.0,0.0,0.0,0.0,0.0,0.0,0.0
2998,639,640,0.0,0.0,0.0,0.0,0.0,0.0,0.0
2999,639,646,0.0,0.0,0.0,0.0,0.0,0.0,0.0
3000,638,646,0.0,0.0,0.0,0.0,0.0,0.0,0.0
3001,640,641,0.0,0.0,0.0,0.0,0.0,0.0,0.0
3002,640,645,0.0,0.0,0.0,0.0,0.0,0.0,0.0
3003,639,645,0.0,0.0,0.0,0.0,0.0,0.0,0.0
3004,641,642,0.0,0.0,0.0,0.0,0.0,0.0,0.0
3005,641,644,0.0,0.0,0.0,0.0,0.0,0.0,0.0
3006,640,644,0.0,0.0,0.0,0.0,0.0,0.0,0.0
3007,642,643,0.0,0.0,0.0,0.0,0.0,0.0,0.0
3008,641,643,0.0,0.0,0.0,0.0,0.0,0.0,0.0
3009,643,649,0.0,0.0,0.0,0.0,0.0,0.0,0.0
3010,644,649,0.0,0.0,0.0,0.0,0.0,0.0,0.0
3011,643,644,0.0,0.0,0.0,0.0,0.0,0.0,0.0
3012,644,648,0.0,0.0,0.0,0.0,0.0,0.0,0.0
3013,645,648,0.0,0.0,0.0,0.0,0.0,0.0,0.0
3014,644,645,0.0,0.0,0.0,0.0,0.0,0.0,0.0
3015,648,649,0.0,0.0,0.0,0.0,0.0,0.0,0.0
3016,645,647,0.0,0.0,0.0,0.0,0.0,0.0,0.0
3017,646,647,0.0,0.0,0.0,0.0,0.0,0.0,0.0
3018,645,646,0.0,0.0,0.0,0.0,0.0,0.0,0.0
3019,647,648,0.0,0.0,0.0,0.0,0.0,0.0,0.0
3020,298,648,0.0,0.0,0.0,0.0,0.0,0.0,0.0
3021,298,650,0.0,0.0,0.0,0.0,0.0,0.0,0.0
3022,648,650,0.0,0.0,0.0,0.0,0.0,0.0,0.0
3023,647,650,0.0,0.0,0.0,0.0,0.0,0.0,0.0
3024,298,649,0.0,0.0,0.0,0.0,0.0,0.0,0.0
3025,1042,1372,0.0,0.0,0.0,0.0,0.0,0.0,0.0
3026,1040,1372,0.0,0.0,0.0,0.0,0.0,0.0,0.0
3027,1041,1372,0.0,0.0,0.0,0.0,0.0,0.0,0.0
3028,1041,1371,0.0,0.0,0.0,0.0,0.0,0.0,0.0
3029,1371,1373,0.0,0.0,0.0,0.0,0.0,0.0,0.0
3030,1041,1373,0.0,0.0,0.0,0.0,0.0,0.0,0.0
3031,1371,1372,0.0,0.0,0.0,0.0,0.0,0.0,0.0
3032,1056,1366,0.0,0.0,0.0,0.0,0.0,0.0,0.0
3033,1042,1366,0.0,0.0,0.0,0.0,0.0,0.0,0.0
3034,1057,1365,0.0,0.0,0.0,0.0,0.0,0.0,0.0
3035,1056,1365,0.0,0.0,0.0,0.0,0.0,0.0,0.0
3036,1067,1355,0.0,0.0,0.0,0.0,0.0,0.0,0.0
3037,1057,1355,0.0,0.0,0.0,0.0,0.0,0.0,0.0
3038,1068,1308,0.0,0.0,0.0,0.0,0.0,0.0,0.0
3039,1067,1308,0.0,0.0,0.0,0.0,0.0,0.0,0.0
3040,1074,1309,0.0,0.0,0.0,0.0,0.0,0.0,0.0
3041,1068,1309,0.0,0.0,0.0,0.0,0.0,0.0,0.0
3042,1075,1310,0.0,0.0,0.0,0.0,0.0,0.0,0.0
3043,1074,1310,0.0,0.0,0.0,0.0,0.0,0.0,0.0
3044,1077,1311,0.0,0.0,0.0,0.0,0.0,0.0,0.0
3045,1075,1311,0.0,0.0,0.0,0.0,0.0,0.0,0.0
3046,1077,1312,0.0,0.0,0.0,0.0,0.0,0.0,0.0
3047,631,1217,0.0,0.0,0.0,0.0,0.0,0.0,0.0
3048,491,1217,0.0,0.0,0.0,0.0,0.0,0.0,0.0
3049,1217,1218,0.0,0.0,0.0,0.0,0.0,0.0,0.0
3050,1218,1354,0.0,0.0,0.0,0.0,0.0,0.0,0.0
3051,1217,1354,0.0,0.0,0.0,0.0,0.0,0.0,0.0
3052,1218,1225,0.0,0.0,0.0,0.0,0.0,0.0,0.0
3053,1225,1353,0.0,0.0,0.0,0.0,0.0,0.0,0.0
3054,1218,1353,0.0,0.0,0.0,0.0,0.0,0.0,0.0
3055,1225,1226,0.0,0.0,0.0,0.0,0.0,0.0,0.0
3056,1226,1349,0.0,0.0,0.0,0.0,0.0,0.0,0.0
3057,1225,1349,0.0,0.0,0.0,0.0,0.0,0.0,0.0
3058,1226,1229,0.0,0.0,0.0,0.0,0.0,0.0,0.0
3059,1229,1348,0.0,0.0,0.0,0.0,0.0,0.0,0.0
3060,1226,1348,0.0,0.0,0.0,0.0,0.0,0.0,0.0
3061,1229,1230,0.0,0.0,0.0,0.0,0.0,0.0,0.0
3062,1230,1340,0.0,0.0,0.0,0.0,0.0,0.0,0.0
3063,1229,1340,0.0,0.0,0.0,0.0,0.0,0.0,0.0
3064,1230,1233,0.0,0.0,0.0,0.0,0.0,0.0,0.0
3065,1233,1339,0.0,0.0,0.0,0.0,0.0,0.0,0.0
3066,1230,1339,0.0,0.0,0.0,0.0,0.0,0.0,0.0
3067,1233,1234,0.0,0.0,0.0,0.0,0.0,0.0,0.0
3068,1234,1290,0.0,0.0,0.0,0.0,0.0,0.0,0.0
3069,1233,1290,0.0,0.0,0.0,0.0,0.0,0.0,0.0
3070,1234,1236,0.0,0.0,0.0,0.0,0.0,0.0,0.0
3071,1236,1291,0.0,0.0,0.0,0.0,0.0,0.0,0.0
3072,1234,1291,0.0,0.0,0.0,0.0,0.0,0.0,0.0
3073,1235,1236,0.0,0.0,0.0,0.0,0.0,0.0,0.0
3074,1235,1292,0.0,0.0,0.0,0.0,0.0,0.0,0.0
3075,1236,1292,0.0,0.0,0.0,0.0,0.0,0.0,0.0
3076,1239,1293,0.0,0.0,0.0,0.0,0.0,0.0,0.0
3077,1235,1293,0.0,0.0,0.0,0.0,0.0,0.0,0.0
3078,1235,1239,0.0,0.0,0.0,0.0,0.0,0.0,0.0
3079,1278,1281,0.0,0.0,0.0,0.0,0.0,0.0,0.0
3080,1280,1281,0.0,0.0,0.0,0.0,0.0,0.0,0.0
3081,1278,1280,0.0,0.0,0.0,0.0,0.0,0.0,0.0
3082,1278,1334,0.0,0.0,0.0,0.0,0.0,0.0,0.0
3083,1334,1335,0.0,0.0,0.0,0.0,0.0,0.0,0.0
3084,1278,1335,0.0,0.0,0.0,0.0,0.0,0.0,0.0
3085,603,1279,0.0,0.0,0.0,0.0,0.0,0.0,0.0
3086,604,1279,0.0,0.0,0.0,0.0,0.0,0.0,0.0
3087,604,1334,0.0,0.0,0.0,0.0,0.0,0.0,0.0
3088,1279,1334,0.0,0.0,0.0,0.0,0.0,0.0,0.0
3089,1279,1280,0.0,0.0,0.0,0.0,0.0,0.0,0.0
3090,1280,1313,0.0,0.0,0.0,0.0,0.0,0.0,0.0
3091,1279,1313,0.0,0.0,0.0,0.0,0.0,0.0,0.0
3092,1278,1279,0.0,0.0,0.0,0.0,0.0,0.0,0.0
3093,1280,1315,0.0,0.0,0.0,0.0,0.0,0.0,0.0
3094,1314,1315,0.0,0.0,0.0,0.0,0.0,0.0,0.0
3095,1280,1314,0.0,0.0,0.0,0.0,0.0,0.0,0.0
3096,1278,1282,0.0,0.0,0.0,0.0,0.0,0.0,0.0
3097,1281,1282,0.0,0.0,0.0,0.0,0.0,0.0,0.0
3098,1281,1316,0.0,0.0,0.0,0.0,0.0,0.0,0.0
3099,1315,1316,0.0,0.0,0.0,0.0,0.0,0.0,0.0
3100,1281,1315,0.0,0.0,0.0,0.0,0.0,0.0,0.0
3101,1282,1283,0.0,0.0,0.0,0.0,0.0,0.0,0.0
3102,1281,1283,0.0,0.0,0.0,0.0,0.0,0.0,0.0
3103,1282,1335,0.0,0.0,0.0,0.0,0.0,0.0,0.0
3104,1335,1336,0.0,0.0,0.0,0.0,0.0,0.0,0.0
3105,1282,1336,0.0,0.0,0.0,0.0,0.0,0.0,0.0
3106,1282,1284,0.0,0.0,0.0,0.0,0.0,0.0,0.0
3107,1283,1284,0.0,0.0,0.0,0.0,0.0,0.0,0.0
3108,1283,1317,0.0,0.0,0.0,0.0,0.0,0.0,0.0
3109,1316,1317,0.0,0.0,0.0,0.0,0.0,0.0,0.0
3110,1283,1316,0.0,0.0,0.0,0.0,0.0,0.0,0.0
3111,1284,1285,0.0,0.0,0.0,0.0,0.0,0.0,0.0
3112,1283,1285,0.0,0.0,0.0,0.0,0.0,0.0,0.0
3113,1284,1336,0.0,0.0,0.0,0.0,0.0,0.0,0.0
3114,1336,1337,0.0,0.0,0.0,0.0,0.0,0.0,0.0
3115,1284,1337,0.0,0.0,0.0,0.0,0.0,0.0,0.0
3116,1284,1286,0.0,0.0,0.0,0.0,0.0,0.0,0.0
3117,1285,1286,0.0,0.0,0.0,0.0,0.0,0.0,0.0
3118,1285,1318,0.0,0.0,0.0,0.0,0.0,0.0,0.0
3119,1317,1318,0.0,0.0,0.0,0.0,0.0,0.0,0.0
3120,1285,1317,0.0,0.0,0.0,0.0,0.0,0.0,0.0
3121,1286,1287,0.0,0.0,0.0,0.0,0.0,0.0,0.0
3122,1285,1287,0.0,0.0,0.0,0.0,0.0,0.0,0.0
3123,1286,1337,0.0,0.0,0.0,0.0,0.0,0.0,0.0
3124,1337,1338,0.0,0.0,0.0,0.0,0.0,0.0,0.0
3125,1286,1338,0.0,0.0,0.0,0.0,0.0,0.0,0.0
3126,1286,1288,0.0,0.0,0.0,0.0,0.0,0.0,0.0
3127,1287,1288,0.0,0.0,0.0,0.0,0.0,0.0,0.0
3128,1287,1319,0.0,0.0,0.0,0.0,0.0,0.0,0.0
3129,1318,1319,0.0,0.0,0.0,0.0,0.0,0.0,0.0
3130,1287,1318,0.0,0.0,0.0,0.0,0.0,0.0,0.0
3131,1288,1289,0.0,0.0,0.0,0.0,0.0,0.0,0.0
3132,1287,1289,0.0,0.0,0.0,0.0,0.0,0.0,0.0
3133,1288,1338,0.0,0.0,0.0,0.0,0.0,0.0,0.0
3134,1338,1339,0.0,0.0,0.0,0.0,0.0,0.0,0.0
3135,1288,1339,0.0,0.0,0.0,0.0,0.0,0.0,0.0
3136,1288,1290,0.0,0.0,0.0,0.0,0.0,0.0,0.0
3137,1289,1290,0.0,0.0,0.0,0.0,0.0,0.0,0.0
3138,1289,1320,0.0,0.0,0.0,0.0,0.0,0.0,0.0
3139,1319,1320,0.0,0.0,0.0,0.0,0.0,0.0,0.0
3140,1289,1319,0.0,0.0,0.0,0.0,0.0,0.0,0.0
3141,1290,1291,0.0,0.0,0.0,0.0,0.0,0.0,0.0
3142,1289,1291,0.0,0.0,0.0,0.0,0.0,0.0,0.0
3143,1290,1339,0.0,0.0,0.0,0.0,0.0,0.0,0.0
3144,1291,1292,0.0,0.0,0.0,0.0,0.0,0.0,0.0
3145,1292,1320,0.0,0.0,0.0,0.0,0.0,0.0,0.0
3146,1291,1320,0.0,0.0,0.0,0.0,0.0,0.0,0.0
3147,1292,1293,0.0,0.0,0.0,0.0,0.0,0.0,0.0
3148,1293,1321,0.0,0.0,0.0,0.0,0.0,0.0,0.0
3149,1292,1321,0.0,0.0,0.0,0.0,0.0,0.0,0.0
3150,1293,1294,0.0,0.0,0.0,0.0,0.0,0.0,0.0
3151,1239,1294,0.0,0.0,0.0,0.0,0.0,0.0,0.0
3152,1293,1295,0.0,0.0,0.0,0.0,0.0,0.0,0.0
3153,1294,1295,0.0,0.0,0.0,0.0,0.0,0.0,0.0
3154,1295,1321,0.0,0.0,0.0,0.0,0.0,0.0,0.0
3155,1295,1296,0.0,0.0,0.0,0.0,0.0,0.0,0.0
3156,1294,1296,0.0,0.0,0.0,0.0,0.0,0.0,0.0
3157,1296,1297,0.0,0.0,0.0,0.0,0.0,0.0,0.0
3158,1295,1297,0.0,0.0,0.0,0.0,0.0,0.0,0.0
3159,1296,1298,0.0,0.0,0.0,0.0,0.0,0.0,0.0
3160,1297,1298,0.0,0.0,0.0,0.0,0.0,0.0,0.0
3161,1297,1322,0.0,0.0,0.0,0.0,0.0,0.0,0.0
3162,1295,1322,0.0,0.0,0.0,0.0,0.0,0.0,0.0
3163,1298,1299,0.0,0.0,0.0,0.0,0.0,0.0,0.0
3164,1297,1299,0.0,0.0,0.0,0.0,0.0,0.0,0.0
3165,1298,1360,0.0,0.0,0.0,0.0,0.0,0.0,0.0
3166,1359,1360,0.0,0.0,0.0,0.0,0.0,0.0,0.0
3167,1298,1359,0.0,0.0,0.0,0.0,0.0,0.0,0.0
3168,1298,1300,0.0,0.0,0.0,0.0,0.0,0.0,0.0
3169,1299,1300,0.0,0.0,0.0,0.0,0.0,0.0,0.0
3170,1299,1324,0.0,0.0,0.0,0.0,0.0,0.0,0.0
3171,1322,1324,0.0,0.0,0.0,0.0,0.0,0.0,0.0
3172,1299,1322,0.0,0.0,0.0,0.0,0.0,0.0,0.0
3173,1300,1301,0.0,0.0,0.0,0.0,0.0,0.0,0.0
3174,1299,1301,0.0,0.0,0.0,0.0,0.0,0.0,0.0
3175,1300,1359,0.0,0.0,0.0,0.0,0.0,0.0,0.0
3176,1358,1359,0.0,0.0,0.0,0.0,0.0,0.0,0.0
3177,1300,1358,0.0,0.0,0.0,0.0,0.0,0.0,0.0
3178,1300,1302,0.0,0.0,0.0,0.0,0.0,0.0,0.0
3179,1301,1302,0.0,0.0,0.0,0.0,0.0,0.0,0.0
3180,1301,1326,0.0,0.0,0.0,0.0,0.0,0.0,0.0
3181,1324,1326,0.0,0.0,0.0,0.0,0.0,0.0,0.0
3182,1301,1324,0.0,0.0,0.0,0.0,0.0,0.0,0.0
3183,1302,1303,0.0,0.0,0.0,0.0,0.0,0.0,0.0
3184,1301,1303,0.0,0.0,0.0,0.0,0.0,0.0,0.0
3185,1302,1358,0.0,0.0,0.0,0.0,0.0,0.0,0.0
3186,1357,1358,0.0,0.0,0.0,0.0,0.0,0.0,0.0
3187,1302,1357,0.0,0.0,0.0,0.0,0.0,0.0,0.0
3188,1302,1304,0.0,0.0,0.0,0.0,0.0,0.0,0.0
3189,1303,1304,0.0,0.0,0.0,0.0,0.0,0.0,0.0
3190,1303,1328,0.0,0.0,0.0,0.0,0.0,0.0,0.0
3191,1326,1328,0.0,0.0,0.0,0.0,0.0,0.0,0.0
3192,1303,1326,0.0,0.0,0.0,0.0,0.0,0.0,0.0
3193,1304,1305,0.0,0.0,0.0,0.0,0.0,0.0,0.0
3194,1303,1305,0.0,0.0,0.0,0.0,0.0,0.0,0.0
3195,1304,1357,0.0,0.0,0.0,0.0,0.0,0.0,0.0
3196,1356,1357,0.0,0.0,0.0,0.0,0.0,0.0,0.0
3197,1304,1356,0.0,0.0,0.0,0.0,0.0,0.0,0.0
3198,1304,1306,0.0,0.0,0.0,0.0,0.0,0.0,0.0
3199,1305,1306,0.0,0.0,0.0,0.0,0.0,0.0,0.0
3200,1305,1330,0.0,0.0,0.0,0.0,0.0,0.0,0.0
3201,1328,1330,0.0,0.0,0.0,0.0,0.0,0.0,0.0
3202,1305,1328,0.0,0.0,0.0,0.0,0.0,0.0,0.0
3203,1306,1307,0.0,0.0,0.0,0.0,0.0,0.0,0.0
3204,1305,1307,0.0,0.0,0.0,0.0,0.0,0.0,0.0
3205,1306,1356,0.0,0.0,0.0,0.0,0.0,0.0,0.0
3206,1355,1356,0.0,0.0,0.0,0.0,0.0,0.0,0.0
3207,1306,1355,0.0,0.0,0.0,0.0,0.0,0.0,0.0
3208,1306,1308,0.0,0.0,0.0,0.0,0.0,0.0,0.0
3209,1307,1308,0.0,0.0,0.0,0.0,0.0,0.0,0.0
3210,1307,1332,0.0,0.0,0.0,0.0,0.0,0.0,0.0
3211,1330,1332,0.0,0.0,0.0,0.0,0.0,0.0,0.0
3212,1307,1330,0.0,0.0,0.0,0.0,0.0,0.0,0.0
3213,1308,1309,0.0,0.0,0.0,0.0,0.0,0.0,0.0
3214,1307,1309,0.0,0.0,0.0,0.0,0.0,0.0,0.0
3215,1308,1355,0.0,0.0,0.0,0.0,0.0,0.0,0.0
3216,1309,1310,0.0,0.0,0.0,0.0,0.0,0.0,0.0
3217,1310,1332,0.0,0.0,0.0,0.0,0.0,0.0,0.0
3218,1309,1332,0.0,0.0,0.0,0.0,0.0,0.0,0.0
3219,1310,1311,0.0,0.0,0.0,0.0,0.0,0.0,0.0
3220,1311,1333,0.0,0.0,0.0,0.0,0.0,0.0,0.0
3221,1310,1333,0.0,0.0,0.0,0.0,0.0,0.0,0.0
3222,1311,1312,0.0,0.0,0.0,0.0,0.0,0.0,0.0
3223,1312,1314,0.0,0.0,0.0,0.0,0.0,0.0,0.0
3224,1311,1314,0.0,0.0,0.0,0.0,0.0,0.0,0.0
3225,581,1313,0.0,0.0,0.0,0.0,0.0,0.0,0.0
3226,1312,1313,0.0,0.0,0.0,0.0,0.0,0.0,0.0
3227,603,1313,0.0,0.0,0.0,0.0,0.0,0.0,0.0
3228,1313,1314,0.0,0.0,0.0,0.0,0.0,0.0,0.0
3229,1314,1333,0.0,0.0,0.0,0.0,0.0,0.0,0.0
3230,1315,1331,0.0,0.0,0.0,0.0,0.0,0.0,0.0
3231,1331,1333,0.0,0.0,0.0,0.0,0.0,0.0,0.0
3232,1315,1333,0.0,0.0,0.0,0.0,0.0,0.0,0.0
3233,1316,1329,0.0,0.0,0.0,0.0,0.0,0.0,0.0
3234,1329,1331,0.0,0.0,0.0,0.0,0.0,0.0,0.0
3235,1316,1331,0.0,0.0,0.0,0.0,0.0,0.0,0.0
3236,1317,1327,0.0,0.0,0.0,0.0,0.0,0.0,0.0
3237,1327,1329,0.0,0.0,0.0,0.0,0.0,0.0,0.0
3238,1317,1329,0.0,0.0,0.0,0.0,0.0,0.0,0.0
3239,1318,1325,0.0,0.0,0.0,0.0,0.0,0.0,0.0
3240,1325,1327,0.0,0.0,0.0,0.0,0.0,0.0,0.0
3241,1318,1327,0.0,0.0,0.0,0.0,0.0,0.0,0.0
3242,1319,1323,0.0,0.0,0.0,0.0,0.0,0.0,0.0
3243,1323,1325,0.0,0.0,0.0,0.0,0.0,0.0,0.0
3244,1319,1325,0.0,0.0,0.0,0.0,0.0,0.0,0.0
3245,1320,1321,0.0,0.0,0.0,0.0,0.0,0.0,0.0
3246,1321,1323,0.0,0.0,0.0,0.0,0.0,0.0,0.0
3247,1320,1323,0.0,0.0,0.0,0.0,0.0,0.0,0.0
3248,1321,1322,0.0,0.0,0.0,0.0,0.0,0.0,0.0
3249,1322,1323,0.0,0.0,0.0,0.0,0.0,0.0,0.0
3250,1323,1324,0.0,0.0,0.0,0.0,0.0,0.0,0.0
3251,1324,1325,0.0,0.0,0.0,0.0,0.0,0.0,0.0
3252,1325,1326,0.0,0.0,0.0,0.0,0.0,0.0,0.0
3253,1326,1327,0.0,0.0,0.0,0.0,0.0,0.0,0.0
3254,1327,1328,0.0,0.0,0.0,0.0,0.0,0.0,0.0
3255,1328,1329,0.0,0.0,0.0,0.0,0.0,0.0,0.0
3256,1329,1330,0.0,0.0,0.0,0.0,0.0,0.0,0.0
3257,1330,1331,0.0,0.0,0.0,0.0,0.0,0.0,0.0
3258,1331,1332,0.0,0.0,0.0,0.0,0.0,0.0,0.0
3259,1332,1333,0.0,0.0,0.0,0.0,0.0,0.0,0.0
3260,616,1334,0.0,0.0,0.0,0.0,0.0,0.0,0.0
3261,616,1344,0.0,0.0,0.0,0.0,0.0,0.0,0.0
3262,1334,1344,0.0,0.0,0.0,0.0,0.0,0.0,0.0
3263,1335,1344,0.0,0.0,0.0,0.0,0.0,0.0,0.0
3264,1343,1344,0.0,0.0,0.0,0.0,0.0,0.0,0.0
3265,1335,1343,0.0,0.0,0.0,0.0,0.0,0.0,0.0
3266,1336,1343,0.0,0.0,0.0,0.0,0.0,0.0,0.0
3267,1342,1343,0.0,0.0,0.0,0.0,0.0,0.0,0.0
3268,1336,1342,0.0,0.0,0.0,0.0,0.0,0.0,0.0
3269,1337,1342,0.0,0.0,0.0,0.0,0.0,0.0,0.0
3270,1341,1342,0.0,0.0,0.0,0.0,0.0,0.0,0.0
3271,1337,1341,0.0,0.0,0.0,0.0,0.0,0.0,0.0
3272,1338,1341,0.0,0.0,0.0,0.0,0.0,0.0,0.0
3273,1340,1341,0.0,0.0,0.0,0.0,0.0,0.0,0.0
3274,1338,1340,0.0,0.0,0.0,0.0,0.0,0.0,0.0
3275,1339,1340,0.0,0.0,0.0,0.0,0.0,0.0,0.0
3276,1340,1348,0.0,0.0,0.0,0.0,0.0,0.0,0.0
3277,1341,1347,0.0,0.0,0.0,0.0,0.0,0.0,0.0
3278,1347,1348,0.0,0.0,0.0,0.0,0.0,0.0,0.0
3279,1341,1348,0.0,0.0,0.0,0.0,0.0,0.0,0.0
3280,1342,1346,0.0,0.0,0.0,0.0,0.0,0.0,0.0
3281,1346,1347,0.0,0.0,0.0,0.0,0.0,0.0,0.0
3282,1342,1347,0.0,0.0,0.0,0.0,0.0,0.0,0.0
3283,1343,1345,0.0,0.0,0.0,0.0,0.0,0.0,0.0
3284,1345,1346,0.0,0.0,0.0,0.0,0.0,0.0,0.0
3285,1343,1346,0.0,0.0,0.0,0.0,0.0,0.0,0.0
3286,617,1344,0.0,0.0,0.0,0.0,0.0,0.0,0.0
3287,617,1345,0.0,0.0,0.0,0.0,0.0,0.0,0.0
3288,1344,1345,0.0,0.0,0.0,0.0,0.0,0.0,0.0
3289,625,1345,0.0,0.0,0.0,0.0,0.0,0.0,0.0
3290,625,1351,0.0,0.0,0.0,0.0,0.0,0.0,0.0
3291,1345,1351,0.0,0.0,0.0,0.0,0.0,0.0,0.0
3292,1346,1351,0.0,0.0,0.0,0.0,0.0,0.0,0.0
3293,1350,1351,0.0,0.0,0.0,0.0,0.0,0.0,0.0
3294,1346,1350,0.0,0.0,0.0,0.0,0.0,0.0,0.0
3295,1347,1350,0.0,0.0,0.0,0.0,0.0,0.0,0.0
3296,1349,1350,0.0,0.0,0.0,0.0,0.0,0.0,0.0
3297,1347,1349,0.0,0.0,0.0,0.0,0.0,0.0,0.0
3298,1348,1349,0.0,0.0,0.0,0.0,0.0,0.0,0.0
3299,1349,1353,0.0,0.0,0.0,0.0,0.0,0.0,0.0
3300,1350,1352,0.0,0.0,0.0,0.0,0.0,0.0,0.0
3301,1352,1353,0.0,0.0,0.0,0.0,0.0,0.0,0.0
3302,1350,1353,0.0,0.0,0.0,0.0,0.0,0.0,0.0
3303,626,1351,0.0,0.0,0.0,0.0,0.0,0.0,0.0
3304,626,1352,0.0,0.0,0.0,0.0,0.0,0.0,0.0
3305,1351,1352,0.0,0.0,0.0,0.0,0.0,0.0,0.0
3306,630,1352,0.0,0.0,0.0,0.0,0.0,0.0,0.0
3307,630,1354,0.0,0.0,0.0,0.0,0.0,0.0,0.0
3308,1352,1354,0.0,0.0,0.0,0.0,0.0,0.0,0.0
3309,1353,1354,0.0,0.0,0.0,0.0,0.0,0.0,0.0
3310,631,1354,0.0,0.0,0.0,0.0,0.0,0.0,0.0
3311,1355,1365,0.0,0.0,0.0,0.0,0.0,0.0,0.0
3312,1356,1364,0.0,0.0,0.0,0.0,0.0,0.0,0.0
3313,1364,1365,0.0,0.0,0.0,0.0,0.0,0.0,0.0
3314,1356,1365,0.0,0.0,0.0,0.0,0.0,0.0,0.0
3315,1357,1363,0.0,0.0,0.0,0.0,0.0,0.0,0.0
3316,1363,1364,0.0,0.0,0.0,0.0,0.0,0.0,0.0
3317,1357,1364,0.0,0.0,0.0,0.0,0.0,0.0,0.0
3318,1358,1362,0.0,0.0,0.0,0.0,0.0,0.0,0.0
3319,1362,1363,0.0,0.0,0.0,0.0,0.0,0.0,0.0
3320,1358,1363,0.0,0.0,0.0,0.0,0.0,0.0,0.0
3321,1359,1361,0.0,0.0,0.0,0.0,0.0,0.0,0.0
3322,1361,1362,0.0,0.0,0.0,0.0,0.0,0.0,0.0
3323,1359,1362,0.0,0.0,0.0,0.0,0.0,0.0,0.0
3324,1296,1360,0.0,0.0,0.0,0.0,0.0,0.0,0.0
3325,1360,1361,0.0,0.0,0.0,0.0,0.0,0.0,0.0
3326,1362,1369,0.0,0.0,0.0,0.0,0.0,0.0,0.0
3327,1368,1369,0.0,0.0,0.0,0.0,0.0,0.0,0.0
3328,1362,1368,0.0,0.0,0.0,0.0,0.0,0.0,0.0
3329,1363,1368,0.0,0.0,0.0,0.0,0.0,0.0,0.0
3330,1367,1368,0.0,0.0,0.0,0.0,0.0,0.0,0.0
3331,1363,1367,0.0,0.0,0.0,0.0,0.0,0.0,0.0
3332,1364,1367,0.0,0.0,0.0,0.0,0.0,0.0,0.0
3333,1366,1367,0.0,0.0,0.0,0.0,0.0,0.0,0.0
3334,1364,1366,0.0,0.0,0.0,0.0,0.0,0.0,0.0
3335,1365,1366,0.0,0.0,0.0,0.0,0.0,0.0,0.0
3336,1366,1372,0.0,0.0,0.0,0.0,0.0,0.0,0.0
3337,1368,1370,0.0,0.0,0.0,0.0,0.0,0.0,0.0
3338,1370,1371,0.0,0.0,0.0,0.0,0.0,0.0,0.0
3339,1368,1371,0.0,0.0,0.0,0.0,0.0,0.0,0.0
3340,1361,1369,0.0,0.0,0.0,0.0,0.0,0.0,0.0
3341,1369,1370,0.0,0.0,0.0,0.0,0.0,0.0,0.0
3342,1367,1371,0.0,0.0,0.0,0.0,0.0,0.0,0.0
3343,1367,1372,0.0,0.0,0.0,0.0,0.0,0.0,0.0
3344,1370,1373,0.0,0.0,0.0,0.0,0.0,0.0,0.0
3345,344,699,0.0,0.0,0.0,0.0,0.0,0.0,0.0
3346,216,699,0.0,0.0,0.0,0.0,0.0,0.0,0.0
3347,216,694,0.0,0.0,0.0,0.0,0.0,0.0,0.0
3348,217,694,0.0,0.0,0.0,0.0,0.0,0.0,0.0
3349,217,692,0.0,0.0,0.0,0.0,0.0,0.0,0.0
3350,218,692,0.0,0.0,0.0,0.0,0.0,0.0,0.0
3351,233,651,0.0,0.0,0.0,0.0,0.0,0.0,0.0
3352,232,651,0.0,0.0,0.0,0.0,0.0,0.0,0.0
3353,218,691,0.0,0.0,0.0,0.0,0.0,0.0,0.0
3354,233,691,0.0,0.0,0.0,0.0,0.0,0.0,0.0
3355,232,652,0.0,0.0,0.0,0.0,0.0,0.0,0.0
3356,234,652,0.0,0.0,0.0,0.0,0.0,0.0,0.0
3357,234,653,0.0,0.0,0.0,0.0,0.0,0.0,0.0
3358,241,653,0.0,0.0,0.0,0.0,0.0,0.0,0.0
3359,241,654,0.0,0.0,0.0,0.0,0.0,0.0,0.0
3360,242,654,0.0,0.0,0.0,0.0,0.0,0.0,0.0
3361,242,655,0.0,0.0,0.0,0.0,0.0,0.0,0.0
3362,298,655,0.0,0.0,0.0,0.0,0.0,0.0,0.0
3363,655,656,0.0,0.0,0.0,0.0,0.0,0.0,0.0
3364,298,656,0.0,0.0,0.0,0.0,0.0,0.0,0.0
3365,344,542,0.0,0.0,0.0,0.0,0.0,0.0,0.0
3366,542,699,0.0,0.0,0.0,0.0,0.0,0.0,0.0
3367,350,542,0.0,0.0,0.0,0.0,0.0,0.0,0.0
3368,486,750,0.0,0.0,0.0,0.0,0.0,0.0,0.0
3369,750,757,0.0,0.0,0.0,0.0,0.0,0.0,0.0
3370,486,757,0.0,0.0,0.0,0.0,0.0,0.0,0.0
3371,487,757,0.0,0.0,0.0,0.0,0.0,0.0,0.0
3372,756,757,0.0,0.0,0.0,0.0,0.0,0.0,0.0
3373,487,756,0.0,0.0,0.0,0.0,0.0,0.0,0.0
3374,488,756,0.0,0.0,0.0,0.0,0.0,0.0,0.0
3375,756,758,0.0,0.0,0.0,0.0,0.0,0.0,0.0
3376,488,758,0.0,0.0,0.0,0.0,0.0,0.0,0.0
3377,492,749,0.0,0.0,0.0,0.0,0.0,0.0,0.0
3378,749,750,0.0,0.0,0.0,0.0,0.0,0.0,0.0
3379,492,750,0.0,0.0,0.0,0.0,0.0,0.0,0.0
3380,495,742,0.0,0.0,0.0,0.0,0.0,0.0,0.0
3381,742,749,0.0,0.0,0.0,0.0,0.0,0.0,0.0
3382,495,749,0.0,0.0,0.0,0.0,0.0,0.0,0.0
3383,496,741,0.0,0.0,0.0,0.0,0.0,0.0,0.0
3384,741,742,0.0,0.0,0.0,0.0,0.0,0.0,0.0
3385,496,742,0.0,0.0,0.0,0.0,0.0,0.0,0.0
3386,499,728,0.0,0.0,0.0,0.0,0.0,0.0,0.0
3387,728,741,0.0,0.0,0.0,0.0,0.0,0.0,0.0
3388,499,741,0.0,0.0,0.0,0.0,0.0,0.0,0.0
3389,500,727,0.0,0.0,0.0,0.0,0.0,0.0,0.0
3390,727,728,0.0,0.0,0.0,0.0,0.0,0.0,0.0
3391,500,728,0.0,0.0,0.0,0.0,0.0,0.0,0.0
3392,505,725,0.0,0.0,0.0,0.0,0.0,0.0,0.0
3393,725,726,0.0,0.0,0.0,0.0,0.0,0.0,0.0
3394,505,726,0.0,0.0,0.0,0.0,0.0,0.0,0.0
3395,505,506,0.0,0.0,0.0,0.0,0.0,0.0,0.0
3396,506,726,0.0,0.0,0.0,0.0,0.0,0.0,0.0
3397,726,727,0.0,0.0,0.0,0.0,0.0,0.0,0.0
3398,506,727,0.0,0.0,0.0,0.0,0.0,0.0,0.0
3399,509,669,0.0,0.0,0.0,0.0,0.0,0.0,0.0
3400,508,669,0.0,0.0,0.0,0.0,0.0,0.0,0.0
3401,508,509,0.0,0.0,0.0,0.0,0.0,0.0,0.0
3402,510,669,0.0,0.0,0.0,0.0,0.0,0.0,0.0
3403,509,510,0.0,0.0,0.0,0.0,0.0,0.0,0.0
3404,512,669,0.0,0.0,0.0,0.0,0.0,0.0,0.0
3405,511,669,0.0,0.0,0.0,0.0,0.0,0.0,0.0
3406,511,512,0.0,0.0,0.0,0.0,0.0,0.0,0.0
3407,514,700,0.0,0.0,0.0,0.0,0.0,0.0,0.0
3408,513,700,0.0,0.0,0.0,0.0,0.0,0.0,0.0
3409,513,514,0.0,0.0,0.0,0.0,0.0,0.0,0.0
3410,519,700,0.0,0.0,0.0,0.0,0.0,0.0,0.0
3411,520,700,0.0,0.0,0.0,0.0,0.0,0.0,0.0
3412,519,520,0.0,0.0,0.0,0.0,0.0,0.0,0.0
3413,522,736,0.0,0.0,0.0,0.0,0.0,0.0,0.0
3414,521,736,0.0,0.0,0.0,0.0,0.0,0.0,0.0
3415,521,522,0.0,0.0,0.0,0.0,0.0,0.0,0.0
3416,524,735,0.0,0.0,0.0,0.0,0.0,0.0,0.0
3417,523,735,0.0,0.0,0.0,0.0,0.0,0.0,0.0
3418,523,524,0.0,0.0,0.0,0.0,0.0,0.0,0.0
3419,527,737,0.0,0.0,0.0,0.0,0.0,0.0,0.0
3420,526,737,0.0,0.0,0.0,0.0,0.0,0.0,0.0
3421,526,527,0.0,0.0,0.0,0.0,0.0,0.0,0.0
3422,529,530,0.0,0.0,0.0,0.0,0.0,0.0,0.0
3423,530,753,0.0,0.0,0.0,0.0,0.0,0.0,0.0
3424,529,753,0.0,0.0,0.0,0.0,0.0,0.0,0.0
3425,529,746,0.0,0.0,0.0,0.0,0.0,0.0,0.0
3426,528,746,0.0,0.0,0.0,0.0,0.0,0.0,0.0
3427,528,529,0.0,0.0,0.0,0.0,0.0,0.0,0.0
3428,530,531,0.0,0.0,0.0,0.0,0.0,0.0,0.0
3429,531,753,0.0,0.0,0.0,0.0,0.0,0.0,0.0
3430,531,532,0.0,0.0,0.0,0.0,0.0,0.0,0.0
3431,532,754,0.0,0.0,0.0,0.0,0.0,0.0,0.0
3432,531,754,0.0,0.0,0.0,0.0,0.0,0.0,0.0
3433,753,754,0.0,0.0,0.0,0.0,0.0,0.0,0.0
3434,532,533,0.0,0.0,0.0,0.0,0.0,0.0,0.0
3435,533,758,0.0,0.0,0.0,0.0,0.0,0.0,0.0
3436,532,758,0.0,0.0,0.0,0.0,0.0,0.0,0.0
3437,489,533,0.0,0.0,0.0,0.0,0.0,0.0,0.0
3438,489,758,0.0,0.0,0.0,0.0,0.0,0.0,0.0
3439,490,533,0.0,0.0,0.0,0.0,0.0,0.0,0.0
3440,489,490,0.0,0.0,0.0,0.0,0.0,0.0,0.0
3441,534,669,0.0,0.0,0.0,0.0,0.0,0.0,0.0
3442,535,669,0.0,0.0,0.0,0.0,0.0,0.0,0.0
3443,534,535,0.0,0.0,0.0,0.0,0.0,0.0,0.0
3444,537,670,0.0,0.0,0.0,0.0,0.0,0.0,0.0
3445,670,671,0.0,0.0,0.0,0.0,0.0,0.0,0.0
3446,537,671,0.0,0.0,0.0,0.0,0.0,0.0,0.0
3447,537,538,0.0,0.0,0.0,0.0,0.0,0.0,0.0
3448,538,671,0.0,0.0,0.0,0.0,0.0,0.0,0.0
3449,538,539,0.0,0.0,0.0,0.0,0.0,0.0,0.0
3450,539,671,0.0,0.0,0.0,0.0,0.0,0.0,0.0
3451,539,540,0.0,0.0,0.0,0.0,0.0,0.0,0.0
3452,539,684,0.0,0.0,0.0,0.0,0.0,0.0,0.0
3453,540,684,0.0,0.0,0.0,0.0,0.0,0.0,0.0
3454,684,685,0.0,0.0,0.0,0.0,0.0,0.0,0.0
3455,540,685,0.0,0.0,0.0,0.0,0.0,0.0,0.0
3456,540,541,0.0,0.0,0.0,0.0,0.0,0.0,0.0
3457,541,685,0.0,0.0,0.0,0.0,0.0,0.0,0.0
3458,685,697,0.0,0.0,0.0,0.0,0.0,0.0,0.0
3459,541,697,0.0,0.0,0.0,0.0,0.0,0.0,0.0
3460,542,543,0.0,0.0,0.0,0.0,0.0,0.0,0.0
3461,543,699,0.0,0.0,0.0,0.0,0.0,0.0,0.0
3462,543,545,0.0,0.0,0.0,0.0,0.0,0.0,0.0
3463,545,698,0.0,0.0,0.0,0.0,0.0,0.0,0.0
3464,543,698,0.0,0.0,0.0,0.0,0.0,0.0,0.0
3465,698,699,0.0,0.0,0.0,0.0,0.0,0.0,0.0
3466,541,544,0.0,0.0,0.0,0.0,0.0,0.0,0.0
3467,544,697,0.0,0.0,0.0,0.0,0.0,0.0,0.0
3468,544,545,0.0,0.0,0.0,0.0,0.0,0.0,0.0
3469,545,697,0.0,0.0,0.0,0.0,0.0,0.0,0.0
3470,564,725,0.0,0.0,0.0,0.0,0.0,0.0,0.0
3471,562,725,0.0,0.0,0.0,0.0,0.0,0.0,0.0
3472,507,725,0.0,0.0,0.0,0.0,0.0,0.0,0.0
3473,637,717,0.0,0.0,0.0,0.0,0.0,0.0,0.0
3474,564,717,0.0,0.0,0.0,0.0,0.0,0.0,0.0
3475,717,725,0.0,0.0,0.0,0.0,0.0,0.0,0.0
3476,638,716,0.0,0.0,0.0,0.0,0.0,0.0,0.0
3477,716,717,0.0,0.0,0.0,0.0,0.0,0.0,0.0
3478,638,717,0.0,0.0,0.0,0.0,0.0,0.0,0.0
3479,646,713,0.0,0.0,0.0,0.0,0.0,0.0,0.0
3480,713,716,0.0,0.0,0.0,0.0,0.0,0.0,0.0
3481,646,716,0.0,0.0,0.0,0.0,0.0,0.0,0.0
3482,647,712,0.0,0.0,0.0,0.0,0.0,0.0,0.0
3483,712,713,0.0,0.0,0.0,0.0,0.0,0.0,0.0
3484,647,713,0.0,0.0,0.0,0.0,0.0,0.0,0.0
3485,650,656,0.0,0.0,0.0,0.0,0.0,0.0,0.0
3486,656,712,0.0,0.0,0.0,0.0,0.0,0.0,0.0
3487,650,712,0.0,0.0,0.0,0.0,0.0,0.0,0.0
3488,651,652,0.0,0.0,0.0,0.0,0.0,0.0,0.0
3489,651,691,0.0,0.0,0.0,0.0,0.0,0.0,0.0
3490,689,691,0.0,0.0,0.0,0.0,0.0,0.0,0.0
3491,651,689,0.0,0.0,0.0,0.0,0.0,0.0,0.0
3492,651,693,0.0,0.0,0.0,0.0,0.0,0.0,0.0
3493,652,693,0.0,0.0,0.0,0.0,0.0,0.0,0.0
3494,652,653,0.0,0.0,0.0,0.0,0.0,0.0,0.0
3495,652,681,0.0,0.0,0.0,0.0,0.0,0.0,0.0
3496,653,681,0.0,0.0,0.0,0.0,0.0,0.0,0.0
3497,653,654,0.0,0.0,0.0,0.0,0.0,0.0,0.0
3498,653,679,0.0,0.0,0.0,0.0,0.0,0.0,0.0
3499,654,679,0.0,0.0,0.0,0.0,0.0,0.0,0.0
3500,654,655,0.0,0.0,0.0,0.0,0.0,0.0,0.0
3501,654,680,0.0,0.0,0.0,0.0,0.0,0.0,0.0
3502,655,680,0.0,0.0,0.0,0.0,0.0,0.0,0.0
3503,655,657,0.0,0.0,0.0,0.0,0.0,0.0,0.0
3504,656,657,0.0,0.0,0.0,0.0,0.0,0.0,0.0
3505,657,658,0.0,0.0,0.0,0.0,0.0,0.0,0.0
3506,656,658,0.0,0.0,0.0,0.0,0.0,0.0,0.0
3507,657,680,0.0,0.0,0.0,0.0,0.0,0.0,0.0
3508,659,680,0.0,0.0,0.0,0.0,0.0,0.0,0.0
3509,657,659,0.0,0.0,0.0,0.0,0.0,0.0,0.0
3510,658,659,0.0,0.0,0.0,0.0,0.0,0.0,0.0
3511,659,660,0.0,0.0,0.0,0.0,0.0,0.0,0.0
3512,658,660,0.0,0.0,0.0,0.0,0.0,0.0,0.0
3513,658,712,0.0,0.0,0.0,0.0,0.0,0.0,0.0
3514,659,678,0.0,0.0,0.0,0.0,0.0,0.0,0.0
3515,661,678,0.0,0.0,0.0,0.0,0.0,0.0,0.0
3516,659,661,0.0,0.0,0.0,0.0,0.0,0.0,0.0
3517,660,661,0.0,0.0,0.0,0.0,0.0,0.0,0.0
3518,661,662,0.0,0.0,0.0,0.0,0.0,0.0,0.0
3519,660,662,0.0,0.0,0.0,0.0,0.0,0.0,0.0
3520,660,711,0.0,0.0,0.0,0.0,0.0,0.0,0.0
3521,658,711,0.0,0.0,0.0,0.0,0.0,0.0,0.0
3522,661,676,0.0,0.0,0.0,0.0,0.0,0.0,0.0
3523,663,676,0.0,0.0,0.0,0.0,0.0,0.0,0.0
3524,661,663,0.0,0.0,0.0,0.0,0.0,0.0,0.0
3525,662,663,0.0,0.0,0.0,0.0,0.0,0.0,0.0
3526,663,664,0.0,0.0,0.0,0.0,0.0,0.0,0.0
3527,662,664,0.0,0.0,0.0,0.0,0.0,0.0,0.0
3528,662,710,0.0,0.0,0.0,0.0,0.0,0.0,0.0
3529,660,710,0.0,0.0,0.0,0.0,0.0,0.0,0.0
3530,663,674,0.0,0.0,0.0,0.0,0.0,0.0,0.0
3531,665,674,0.0,0.0,0.0,0.0,0.0,0.0,0.0
3532,663,665,0.0,0.0,0.0,0.0,0.0,0.0,0.0
3533,664,665,0.0,0.0,0.0,0.0,0.0,0.0,0.0
3534,665,666,0.0,0.0,0.0,0.0,0.0,0.0,0.0
3535,664,666,0.0,0.0,0.0,0.0,0.0,0.0,0.0
3536,664,709,0.0,0.0,0.0,0.0,0.0,0.0,0.0
3537,662,709,0.0,0.0,0.0,0.0,0.0,0.0,0.0
3538,665,667,0.0,0.0,0.0,0.0,0.0,0.0,0.0
3539,666,667,0.0,0.0,0.0,0.0,0.0,0.0,0.0
3540,665,672,0.0,0.0,0.0,0.0,0.0,0.0,0.0
3541,670,672,0.0,0.0,0.0,0.0,0.0,0.0,0.0
3542,665,670,0.0,0.0,0.0,0.0,0.0,0.0,0.0
3543,667,668,0.0,0.0,0.0,0.0,0.0,0.0,0.0
3544,666,668,0.0,0.0,0.0,0.0,0.0,0.0,0.0
3545,667,670,0.0,0.0,0.0,0.0,0.0,0.0,0.0
3546,669,670,0.0,0.0,0.0,0.0,0.0,0.0,0.0
3547,667,669,0.0,0.0,0.0,0.0,0.0,0.0,0.0
3548,668,669,0.0,0.0,0.0,0.0,0.0,0.0,0.0
3549,512,668,0.0,0.0,0.0,0.0,0.0,0.0,0.0
3550,668,700,0.0,0.0,0.0,0.0,0.0,0.0,0.0
3551,700,701,0.0,0.0,0.0,0.0,0.0,0.0,0.0
3552,668,701,0.0,0.0,0.0,0.0,0.0,0.0,0.0
3553,668,708,0.0,0.0,0.0,0.0,0.0,0.0,0.0
3554,666,708,0.0,0.0,0.0,0.0,0.0,0.0,0.0
3555,510,511,0.0,0.0,0.0,0.0,0.0,0.0,0.0
3556,508,534,0.0,0.0,0.0,0.0,0.0,0.0,0.0
3557,535,670,0.0,0.0,0.0,0.0,0.0,0.0,0.0
3558,536,670,0.0,0.0,0.0,0.0,0.0,0.0,0.0
3559,535,536,0.0,0.0,0.0,0.0,0.0,0.0,0.0
3560,536,537,0.0,0.0,0.0,0.0,0.0,0.0,0.0
3561,671,672,0.0,0.0,0.0,0.0,0.0,0.0,0.0
3562,672,673,0.0,0.0,0.0,0.0,0.0,0.0,0.0
3563,671,673,0.0,0.0,0.0,0.0,0.0,0.0,0.0
3564,672,674,0.0,0.0,0.0,0.0,0.0,0.0,0.0
3565,673,674,0.0,0.0,0.0,0.0,0.0,0.0,0.0
3566,674,675,0.0,0.0,0.0,0.0,0.0,0.0,0.0
3567,673,675,0.0,0.0,0.0,0.0,0.0,0.0,0.0
3568,673,684,0.0,0.0,0.0,0.0,0.0,0.0,0.0
3569,671,684,0.0,0.0,0.0,0.0,0.0,0.0,0.0
3570,674,676,0.0,0.0,0.0,0.0,0.0,0.0,0.0
3571,675,676,0.0,0.0,0.0,0.0,0.0,0.0,0.0
3572,676,677,0.0,0.0,0.0,0.0,0.0,0.0,0.0
3573,675,677,0.0,0.0,0.0,0.0,0.0,0.0,0.0
3574,675,683,0.0,0.0,0.0,0.0,0.0,0.0,0.0
3575,673,683,0.0,0.0,0.0,0.0,0.0,0.0,0.0
3576,676,678,0.0,0.0,0.0,0.0,0.0,0.0,0.0
3577,677,678,0.0,0.0,0.0,0.0,0.0,0.0,0.0
3578,678,679,0.0,0.0,0.0,0.0,0.0,0.0,0.0
3579,677,679,0.0,0.0,0.0,0.0,0.0,0.0,0.0
3580,677,682,0.0,0.0,0.0,0.0,0.0,0.0,0.0
3581,675,682,0.0,0.0,0.0,0.0,0.0,0.0,0.0
3582,678,680,0.0,0.0,0.0,0.0,0.0,0.0,0.0
3583,679,680,0.0,0.0,0.0,0.0,0.0,0.0,0.0
3584,679,681,0.0,0.0,0.0,0.0,0.0,0.0,0.0
3585,677,681,0.0,0.0,0.0,0.0,0.0,0.0,0.0
3586,681,693,0.0,0.0,0.0,0.0,0.0,0.0,0.0
3587,682,693,0.0,0.0,0.0,0.0,0.0,0.0,0.0
3588,681,682,0.0,0.0,0.0,0.0,0.0,0.0,0.0
3589,682,688,0.0,0.0,0.0,0.0,0.0,0.0,0.0
3590,683,688,0.0,0.0,0.0,0.0,0.0,0.0,0.0
3591,682,683,0.0,0.0,0.0,0.0,0.0,0.0,0.0
3592,683,686,0.0,0.0,0.0,0.0,0.0,0.0,0.0
3593,684,686,0.0,0.0,0.0,0.0,0.0,0.0,0.0
3594,683,684,0.0,0.0,0.0,0.0,0.0,0.0,0.0
3595,686,688,0.0,0.0,0.0,0.0,0.0,0.0,0.0
3596,685,686,0.0,0.0,0.0,0.0,0.0,0.0,0.0
3597,686,687,0.0,0.0,0.0,0.0,0.0,0.0,0.0
3598,685,687,0.0,0.0,0.0,0.0,0.0,0.0,0.0
3599,685,696,0.0,0.0,0.0,0.0,0.0,0.0,0.0
3600,696,697,0.0,0.0,0.0,0.0,0.0,0.0,0.0
3601,687,688,0.0,0.0,0.0,0.0,0.0,0.0,0.0
3602,687,689,0.0,0.0,0.0,0.0,0.0,0.0,0.0
3603,689,690,0.0,0.0,0.0,0.0,0.0,0.0,0.0
3604,687,690,0.0,0.0,0.0,0.0,0.0,0.0,0.0
3605,687,696,0.0,0.0,0.0,0.0,0.0,0.0,0.0
3606,688,693,0.0,0.0,0.0,0.0,0.0,0.0,0.0
3607,688,689,0.0,0.0,0.0,0.0,0.0,0.0,0.0
3608,690,691,0.0,0.0,0.0,0.0,0.0,0.0,0.0
3609,689,693,0.0,0.0,0.0,0.0,0.0,0.0,0.0
3610,691,692,0.0,0.0,0.0,0.0,0.0,0.0,0.0
3611,690,692,0.0,0.0,0.0,0.0,0.0,0.0,0.0
3612,692,694,0.0,0.0,0.0,0.0,0.0,0.0,0.0
3613,690,695,0.0,0.0,0.0,0.0,0.0,0.0,0.0
3614,692,695,0.0,0.0,0.0,0.0,0.0,0.0,0.0
3615,694,695,0.0,0.0,0.0,0.0,0.0,0.0,0.0
3616,695,698,0.0,0.0,0.0,0.0,0.0,0.0,0.0
3617,697,698,0.0,0.0,0.0,0.0,0.0,0.0,0.0
3618,695,697,0.0,0.0,0.0,0.0,0.0,0.0,0.0
3619,690,696,0.0,0.0,0.0,0.0,0.0,0.0,0.0
3620,695,696,0.0,0.0,0.0,0.0,0.0,0.0,0.0
3621,694,698,0.0,0.0,0.0,0.0,0.0,0.0,0.0
3622,694,699,0.0,0.0,0.0,0.0,0.0,0.0,0.0
3623,512,700,0.0,0.0,0.0,0.0,0.0,0.0,0.0
3624,512,513,0.0,0.0,0.0,0.0,0.0,0.0,0.0
3625,514,515,0.0,0.0,0.0,0.0,0.0,0.0,0.0
3626,515,700,0.0,0.0,0.0,0.0,0.0,0.0,0.0
3627,515,516,0.0,0.0,0.0,0.0,0.0,0.0,0.0
3628,516,700,0.0,0.0,0.0,0.0,0.0,0.0,0.0
3629,516,517,0.0,0.0,0.0,0.0,0.0,0.0,0.0
3630,517,700,0.0,0.0,0.0,0.0,0.0,0.0,0.0
3631,517,520,0.0,0.0,0.0,0.0,0.0,0.0,0.0
3632,700,702,0.0,0.0,0.0,0.0,0.0,0.0,0.0
3633,701,702,0.0,0.0,0.0,0.0,0.0,0.0,0.0
3634,701,703,0.0,0.0,0.0,0.0,0.0,0.0,0.0
3635,703,704,0.0,0.0,0.0,0.0,0.0,0.0,0.0
3636,701,704,0.0,0.0,0.0,0.0,0.0,0.0,0.0
3637,700,736,0.0,0.0,0.0,0.0,0.0,0.0,0.0
3638,702,736,0.0,0.0,0.0,0.0,0.0,0.0,0.0
3639,702,703,0.0,0.0,0.0,0.0,0.0,0.0,0.0
3640,703,733,0.0,0.0,0.0,0.0,0.0,0.0,0.0
3641,705,733,0.0,0.0,0.0,0.0,0.0,0.0,0.0
3642,703,705,0.0,0.0,0.0,0.0,0.0,0.0,0.0
3643,704,708,0.0,0.0,0.0,0.0,0.0,0.0,0.0
3644,701,708,0.0,0.0,0.0,0.0,0.0,0.0,0.0
3645,704,705,0.0,0.0,0.0,0.0,0.0,0.0,0.0
3646,705,706,0.0,0.0,0.0,0.0,0.0,0.0,0.0
3647,704,706,0.0,0.0,0.0,0.0,0.0,0.0,0.0
3648,705,732,0.0,0.0,0.0,0.0,0.0,0.0,0.0
3649,731,732,0.0,0.0,0.0,0.0,0.0,0.0,0.0
3650,705,731,0.0,0.0,0.0,0.0,0.0,0.0,0.0
3651,706,707,0.0,0.0,0.0,0.0,0.0,0.0,0.0
3652,704,707,0.0,0.0,0.0,0.0,0.0,0.0,0.0
3653,706,731,0.0,0.0,0.0,0.0,0.0,0.0,0.0
3654,722,731,0.0,0.0,0.0,0.0,0.0,0.0,0.0
3655,706,722,0.0,0.0,0.0,0.0,0.0,0.0,0.0
3656,664,707,0.0,0.0,0.0,0.0,0.0,0.0,0.0
3657,666,707,0.0,0.0,0.0,0.0,0.0,0.0,0.0
3658,707,708,0.0,0.0,0.0,0.0,0.0,0.0,0.0
3659,707,721,0.0,0.0,0.0,0.0,0.0,0.0,0.0
3660,709,721,0.0,0.0,0.0,0.0,0.0,0.0,0.0
3661,707,709,0.0,0.0,0.0,0.0,0.0,0.0,0.0
3662,709,719,0.0,0.0,0.0,0.0,0.0,0.0,0.0
3663,710,719,0.0,0.0,0.0,0.0,0.0,0.0,0.0
3664,709,710,0.0,0.0,0.0,0.0,0.0,0.0,0.0
3665,710,714,0.0,0.0,0.0,0.0,0.0,0.0,0.0
3666,711,714,0.0,0.0,0.0,0.0,0.0,0.0,0.0
3667,710,711,0.0,0.0,0.0,0.0,0.0,0.0,0.0
3668,711,713,0.0,0.0,0.0,0.0,0.0,0.0,0.0
3669,711,712,0.0,0.0,0.0,0.0,0.0,0.0,0.0
3670,713,714,0.0,0.0,0.0,0.0,0.0,0.0,0.0
3671,714,716,0.0,0.0,0.0,0.0,0.0,0.0,0.0
3672,710,715,0.0,0.0,0.0,0.0,0.0,0.0,0.0
3673,715,719,0.0,0.0,0.0,0.0,0.0,0.0,0.0
3674,714,715,0.0,0.0,0.0,0.0,0.0,0.0,0.0
3675,715,717,0.0,0.0,0.0,0.0,0.0,0.0,0.0
3676,715,716,0.0,0.0,0.0,0.0,0.0,0.0,0.0
3677,715,718,0.0,0.0,0.0,0.0,0.0,0.0,0.0
3678,717,718,0.0,0.0,0.0,0.0,0.0,0.0,0.0
3679,718,719,0.0,0.0,0.0,0.0,0.0,0.0,0.0
3680,719,724,0.0,0.0,0.0,0.0,0.0,0.0,0.0
3681,718,724,0.0,0.0,0.0,0.0,0.0,0.0,0.0
3682,718,725,0.0,0.0,0.0,0.0,0.0,0.0,0.0
3683,709,720,0.0,0.0,0.0,0.0,0.0,0.0,0.0
3684,719,720,0.0,0.0,0.0,0.0,0.0,0.0,0.0
3685,720,721,0.0,0.0,0.0,0.0,0.0,0.0,0.0
3686,706,721,0.0,0.0,0.0,0.0,0.0,0.0,0.0
3687,720,722,0.0,0.0,0.0,0.0,0.0,0.0,0.0
3688,721,722,0.0,0.0,0.0,0.0,0.0,0.0,0.0
3689,722,729,0.0,0.0,0.0,0.0,0.0,0.0,0.0
3690,723,729,0.0,0.0,0.0,0.0,0.0,0.0,0.0
3691,722,723,0.0,0.0,0.0,0.0,0.0,0.0,0.0
3692,720,723,0.0,0.0,0.0,0.0,0.0,0.0,0.0
3693,723,724,0.0,0.0,0.0,0.0,0.0,0.0,0.0
3694,720,724,0.0,0.0,0.0,0.0,0.0,0.0,0.0
3695,723,727,0.0,0.0,0.0,0.0,0.0,0.0,0.0
3696,723,726,0.0,0.0,0.0,0.0,0.0,0.0,0.0
3697,724,726,0.0,0.0,0.0,0.0,0.0,0.0,0.0
3698,724,725,0.0,0.0,0.0,0.0,0.0,0.0,0.0
3699,505,507,0.0,0.0,0.0,0.0,0.0,0.0,0.0
3700,500,506,0.0,0.0,0.0,0.0,0.0,0.0,0.0
3701,727,729,0.0,0.0,0.0,0.0,0.0,0.0,0.0
3702,499,500,0.0,0.0,0.0,0.0,0.0,0.0,0.0
3703,728,729,0.0,0.0,0.0,0.0,0.0,0.0,0.0
3704,729,730,0.0,0.0,0.0,0.0,0.0,0.0,0.0
3705,728,730,0.0,0.0,0.0,0.0,0.0,0.0,0.0
3706,729,731,0.0,0.0,0.0,0.0,0.0,0.0,0.0
3707,730,731,0.0,0.0,0.0,0.0,0.0,0.0,0.0
3708,730,732,0.0,0.0,0.0,0.0,0.0,0.0,0.0
3709,730,741,0.0,0.0,0.0,0.0,0.0,0.0,0.0
3710,732,733,0.0,0.0,0.0,0.0,0.0,0.0,0.0
3711,732,740,0.0,0.0,0.0,0.0,0.0,0.0,0.0
3712,730,740,0.0,0.0,0.0,0.0,0.0,0.0,0.0
3713,703,734,0.0,0.0,0.0,0.0,0.0,0.0,0.0
3714,733,734,0.0,0.0,0.0,0.0,0.0,0.0,0.0
3715,733,739,0.0,0.0,0.0,0.0,0.0,0.0,0.0
3716,732,739,0.0,0.0,0.0,0.0,0.0,0.0,0.0
3717,702,734,0.0,0.0,0.0,0.0,0.0,0.0,0.0
3718,702,735,0.0,0.0,0.0,0.0,0.0,0.0,0.0
3719,734,735,0.0,0.0,0.0,0.0,0.0,0.0,0.0
3720,734,738,0.0,0.0,0.0,0.0,0.0,0.0,0.0
3721,733,738,0.0,0.0,0.0,0.0,0.0,0.0,0.0
3722,524,525,0.0,0.0,0.0,0.0,0.0,0.0,0.0
3723,525,735,0.0,0.0,0.0,0.0,0.0,0.0,0.0
3724,735,736,0.0,0.0,0.0,0.0,0.0,0.0,0.0
3725,523,736,0.0,0.0,0.0,0.0,0.0,0.0,0.0
3726,735,737,0.0,0.0,0.0,0.0,0.0,0.0,0.0
3727,734,737,0.0,0.0,0.0,0.0,0.0,0.0,0.0
3728,518,736,0.0,0.0,0.0,0.0,0.0,0.0,0.0
3729,518,521,0.0,0.0,0.0,0.0,0.0,0.0,0.0
3730,519,736,0.0,0.0,0.0,0.0,0.0,0.0,0.0
3731,518,519,0.0,0.0,0.0,0.0,0.0,0.0,0.0
3732,522,523,0.0,0.0,0.0,0.0,0.0,0.0,0.0
3733,525,737,0.0,0.0,0.0,0.0,0.0,0.0,0.0
3734,525,526,0.0,0.0,0.0,0.0,0.0,0.0,0.0
3735,737,745,0.0,0.0,0.0,0.0,0.0,0.0,0.0
3736,738,745,0.0,0.0,0.0,0.0,0.0,0.0,0.0
3737,737,738,0.0,0.0,0.0,0.0,0.0,0.0,0.0
3738,738,744,0.0,0.0,0.0,0.0,0.0,0.0,0.0
3739,739,744,0.0,0.0,0.0,0.0,0.0,0.0,0.0
3740,738,739,0.0,0.0,0.0,0.0,0.0,0.0,0.0
3741,739,743,0.0,0.0,0.0,0.0,0.0,0.0,0.0
3742,740,743,0.0,0.0,0.0,0.0,0.0,0.0,0.0
3743,739,740,0.0,0.0,0.0,0.0,0.0,0.0,0.0
3744,740,742,0.0,0.0,0.0,0.0,0.0,0.0,0.0
3745,740,741,0.0,0.0,0.0,0.0,0.0,0.0,0.0
3746,496,499,0.0,0.0,0.0,0.0,0.0,0.0,0.0
3747,495,496,0.0,0.0,0.0,0.0,0.0,0.0,0.0
3748,742,743,0.0,0.0,0.0,0.0,0.0,0.0,0.0
3749,743,744,0.0,0.0,0.0,0.0,0.0,0.0,0.0
3750,743,749,0.0,0.0,0.0,0.0,0.0,0.0,0.0
3751,744,745,0.0,0.0,0.0,0.0,0.0,0.0,0.0
3752,744,748,0.0,0.0,0.0,0.0,0.0,0.0,0.0
3753,743,748,0.0,0.0,0.0,0.0,0.0,0.0,0.0
3754,745,747,0.0,0.0,0.0,0.0,0.0,0.0,0.0
3755,744,747,0.0,0.0,0.0,0.0,0.0,0.0,0.0
3756,527,746,0.0,0.0,0.0,0.0,0.0,0.0,0.0
3757,527,528,0.0,0.0,0.0,0.0,0.0,0.0,0.0
3758,746,753,0.0,0.0,0.0,0.0,0.0,0.0,0.0
3759,737,746,0.0,0.0,0.0,0.0,0.0,0.0,0.0
3760,745,746,0.0,0.0,0.0,0.0,0.0,0.0,0.0
3761,746,752,0.0,0.0,0.0,0.0,0.0,0.0,0.0
3762,747,752,0.0,0.0,0.0,0.0,0.0,0.0,0.0
3763,746,747,0.0,0.0,0.0,0.0,0.0,0.0,0.0
3764,747,751,0.0,0.0,0.0,0.0,0.0,0.0,0.0
3765,748,751,0.0,0.0,0.0,0.0,0.0,0.0,0.0
3766,747,748,0.0,0.0,0.0,0.0,0.0,0.0,0.0
3767,748,750,0.0,0.0,0.0,0.0,0.0,0.0,0.0
3768,748,749,0.0,0.0,0.0,0.0,0.0,0.0,0.0
3769,492,495,0.0,0.0,0.0,0.0,0.0,0.0,0.0
3770,486,492,0.0,0.0,0.0,0.0,0.0,0.0,0.0
3771,750,751,0.0,0.0,0.0,0.0,0.0,0.0,0.0
3772,751,752,0.0,0.0,0.0,0.0,0.0,0.0,0.0
3773,751,757,0.0,0.0,0.0,0.0,0.0,0.0,0.0
3774,752,753,0.0,0.0,0.0,0.0,0.0,0.0,0.0
3775,752,755,0.0,0.0,0.0,0.0,0.0,0.0,0.0
3776,751,755,0.0,0.0,0.0,0.0,0.0,0.0,0.0
3777,754,755,0.0,0.0,0.0,0.0,0.0,0.0,0.0
3778,753,755,0.0,0.0,0.0,0.0,0.0,0.0,0.0
3779,754,758,0.0,0.0,0.0,0.0,0.0,0.0,0.0
3780,755,756,0.0,0.0,0.0,0.0,0.0,0.0,0.0
3781,755,757,0.0,0.0,0.0,0.0,0.0,0.0,0.0
3782,487,488,0.0,0.0,0.0,0.0,0.0,0.0,0.0
3783,754,756,0.0,0.0,0.0,0.0,0.0,0.0,0.0
3784,486,487,0.0,0.0,0.0,0.0,0.0,0.0,0.0
3785,488,489,0.0,0.0,0.0,0.0,0.0,0.0,0.0
3786,966,1417,0.0,0.0,0.0,0.0,0.0,0.0,0.0
3787,965,1417,0.0,0.0,0.0,0.0,0.0,0.0,0.0
3788,967,1415,0.0,0.0,0.0,0.0,0.0,0.0,0.0
3789,966,1415,0.0,0.0,0.0,0.0,0.0,0.0,0.0
3790,982,1414,0.0,0.0,0.0,0.0,0.0,0.0,0.0
3791,967,1414,0.0,0.0,0.0,0.0,0.0,0.0,0.0
3792,983,1375,0.0,0.0,0.0,0.0,0.0,0.0,0.0
3793,981,1375,0.0,0.0,0.0,0.0,0.0,0.0,0.0
3794,981,1374,0.0,0.0,0.0,0.0,0.0,0.0,0.0
3795,982,1374,0.0,0.0,0.0,0.0,0.0,0.0,0.0
3796,990,1376,0.0,0.0,0.0,0.0,0.0,0.0,0.0
3797,983,1376,0.0,0.0,0.0,0.0,0.0,0.0,0.0
3798,991,1377,0.0,0.0,0.0,0.0,0.0,0.0,0.0
3799,990,1377,0.0,0.0,0.0,0.0,0.0,0.0,0.0
3800,1041,1378,0.0,0.0,0.0,0.0,0.0,0.0,0.0
3801,991,1378,0.0,0.0,0.0,0.0,0.0,0.0,0.0
3802,1373,1379,0.0,0.0,0.0,0.0,0.0,0.0,0.0
3803,1041,1379,0.0,0.0,0.0,0.0,0.0,0.0,0.0
3804,965,1422,0.0,0.0,0.0,0.0,0.0,0.0,0.0
3805,1078,1422,0.0,0.0,0.0,0.0,0.0,0.0,0.0
3806,1219,1473,0.0,0.0,0.0,0.0,0.0,0.0,0.0
3807,1224,1473,0.0,0.0,0.0,0.0,0.0,0.0,0.0
3808,1219,1224,0.0,0.0,0.0,0.0,0.0,0.0,0.0
3809,1220,1480,0.0,0.0,0.0,0.0,0.0,0.0,0.0
3810,1219,1480,0.0,0.0,0.0,0.0,0.0,0.0,0.0
3811,1219,1220,0.0,0.0,0.0,0.0,0.0,0.0,0.0
3812,1221,1479,0.0,0.0,0.0,0.0,0.0,0.0,0.0
3813,1220,1479,0.0,0.0,0.0,0.0,0.0,0.0,0.0
3814,1220,1221,0.0,0.0,0.0,0.0,0.0,0.0,0.0
3815,1222,1265,0.0,0.0,0.0,0.0,0.0,0.0,0.0
3816,1265,1481,0.0,0.0,0.0,0.0,0.0,0.0,0.0
3817,1222,1481,0.0,0.0,0.0,0.0,0.0,0.0,0.0
3818,1221,1481,0.0,0.0,0.0,0.0,0.0,0.0,0.0
3819,1221,1222,0.0,0.0,0.0,0.0,0.0,0.0,0.0
3820,1223,1265,0.0,0.0,0.0,0.0,0.0,0.0,0.0
3821,1222,1223,0.0,0.0,0.0,0.0,0.0,0.0,0.0
3822,1224,1472,0.0,0.0,0.0,0.0,0.0,0.0,0.0
3823,1227,1472,0.0,0.0,0.0,0.0,0.0,0.0,0.0
3824,1224,1227,0.0,0.0,0.0,0.0,0.0,0.0,0.0
3825,1227,1465,0.0,0.0,0.0,0.0,0.0,0.0,0.0
3826,1228,1465,0.0,0.0,0.0,0.0,0.0,0.0,0.0
3827,1227,1228,0.0,0.0,0.0,0.0,0.0,0.0,0.0
3828,1228,1464,0.0,0.0,0.0,0.0,0.0,0.0,0.0
3829,1231,1464,0.0,0.0,0.0,0.0,0.0,0.0,0.0
3830,1228,1231,0.0,0.0,0.0,0.0,0.0,0.0,0.0
3831,1231,1451,0.0,0.0,0.0,0.0,0.0,0.0,0.0
3832,1232,1451,0.0,0.0,0.0,0.0,0.0,0.0,0.0
3833,1231,1232,0.0,0.0,0.0,0.0,0.0,0.0,0.0
3834,1232,1450,0.0,0.0,0.0,0.0,0.0,0.0,0.0
3835,1238,1450,0.0,0.0,0.0,0.0,0.0,0.0,0.0
3836,1232,1238,0.0,0.0,0.0,0.0,0.0,0.0,0.0
3837,1237,1238,0.0,0.0,0.0,0.0,0.0,0.0,0.0
3838,1238,1449,0.0,0.0,0.0,0.0,0.0,0.0,0.0
3839,1237,1449,0.0,0.0,0.0,0.0,0.0,0.0,0.0
3840,1237,1448,0.0,0.0,0.0,0.0,0.0,0.0,0.0
3841,1239,1448,0.0,0.0,0.0,0.0,0.0,0.0,0.0
3842,1237,1239,0.0,0.0,0.0,0.0,0.0,0.0,0.0
3843,1242,1392,0.0,0.0,0.0,0.0,0.0,0.0,0.0
3844,1243,1392,0.0,0.0,0.0,0.0,0.0,0.0,0.0
3845,1242,1243,0.0,0.0,0.0,0.0,0.0,0.0,0.0
3846,1244,1423,0.0,0.0,0.0,0.0,0.0,0.0,0.0
3847,1245,1423,0.0,0.0,0.0,0.0,0.0,0.0,0.0
3848,1244,1245,0.0,0.0,0.0,0.0,0.0,0.0,0.0
3849,1246,1423,0.0,0.0,0.0,0.0,0.0,0.0,0.0
3850,1247,1423,0.0,0.0,0.0,0.0,0.0,0.0,0.0
3851,1246,1247,0.0,0.0,0.0,0.0,0.0,0.0,0.0
3852,1248,1423,0.0,0.0,0.0,0.0,0.0,0.0,0.0
3853,1247,1248,0.0,0.0,0.0,0.0,0.0,0.0,0.0
3854,1249,1423,0.0,0.0,0.0,0.0,0.0,0.0,0.0
3855,1248,1249,0.0,0.0,0.0,0.0,0.0,0.0,0.0
3856,1252,1423,0.0,0.0,0.0,0.0,0.0,0.0,0.0
3857,1249,1252,0.0,0.0,0.0,0.0,0.0,0.0,0.0
3858,1250,1459,0.0,0.0,0.0,0.0,0.0,0.0,0.0
3859,1253,1459,0.0,0.0,0.0,0.0,0.0,0.0,0.0
3860,1250,1253,0.0,0.0,0.0,0.0,0.0,0.0,0.0
3861,1251,1459,0.0,0.0,0.0,0.0,0.0,0.0,0.0
3862,1250,1251,0.0,0.0,0.0,0.0,0.0,0.0,0.0
3863,1254,1459,0.0,0.0,0.0,0.0,0.0,0.0,0.0
3864,1255,1459,0.0,0.0,0.0,0.0,0.0,0.0,0.0
3865,1254,1255,0.0,0.0,0.0,0.0,0.0,0.0,0.0
3866,1256,1458,0.0,0.0,0.0,0.0,0.0,0.0,0.0
3867,1257,1458,0.0,0.0,0.0,0.0,0.0,0.0,0.0
3868,1256,1257,0.0,0.0,0.0,0.0,0.0,0.0,0.0
3869,1257,1460,0.0,0.0,0.0,0.0,0.0,0.0,0.0
3870,1258,1460,0.0,0.0,0.0,0.0,0.0,0.0,0.0
3871,1257,1258,0.0,0.0,0.0,0.0,0.0,0.0,0.0
3872,1259,1469,0.0,0.0,0.0,0.0,0.0,0.0,0.0
3873,1260,1469,0.0,0.0,0.0,0.0,0.0,0.0,0.0
3874,1259,1260,0.0,0.0,0.0,0.0,0.0,0.0,0.0
3875,1261,1469,0.0,0.0,0.0,0.0,0.0,0.0,0.0
3876,1469,1476,0.0,0.0,0.0,0.0,0.0,0.0,0.0
3877,1261,1476,0.0,0.0,0.0,0.0,0.0,0.0,0.0
3878,1261,1262,0.0,0.0,0.0,0.0,0.0,0.0,0.0
3879,1262,1476,0.0,0.0,0.0,0.0,0.0,0.0,0.0
3880,1262,1263,0.0,0.0,0.0,0.0,0.0,0.0,0.0
3881,1263,1476,0.0,0.0,0.0,0.0,0.0,0.0,0.0
3882,1263,1264,0.0,0.0,0.0,0.0,0.0,0.0,0.0
3883,1263,1477,0.0,0.0,0.0,0.0,0.0,0.0,0.0
3884,1264,1477,0.0,0.0,0.0,0.0,0.0,0.0,0.0
3885,1477,1481,0.0,0.0,0.0,0.0,0.0,0.0,0.0
3886,1264,1481,0.0,0.0,0.0,0.0,0.0,0.0,0.0
3887,1264,1265,0.0,0.0,0.0,0.0,0.0,0.0,0.0
3888,1266,1392,0.0,0.0,0.0,0.0,0.0,0.0,0.0
3889,1240,1392,0.0,0.0,0.0,0.0,0.0,0.0,0.0
3890,1240,1266,0.0,0.0,0.0,0.0,0.0,0.0,0.0
3891,1268,1393,0.0,0.0,0.0,0.0,0.0,0.0,0.0
3892,1267,1393,0.0,0.0,0.0,0.0,0.0,0.0,0.0
3893,1267,1268,0.0,0.0,0.0,0.0,0.0,0.0,0.0
3894,1269,1270,0.0,0.0,0.0,0.0,0.0,0.0,0.0
3895,1270,1394,0.0,0.0,0.0,0.0,0.0,0.0,0.0
3896,1269,1394,0.0,0.0,0.0,0.0,0.0,0.0,0.0
3897,1269,1393,0.0,0.0,0.0,0.0,0.0,0.0,0.0
3898,1268,1269,0.0,0.0,0.0,0.0,0.0,0.0,0.0
3899,1270,1271,0.0,0.0,0.0,0.0,0.0,0.0,0.0
3900,1271,1394,0.0,0.0,0.0,0.0,0.0,0.0,0.0
3901,1271,1272,0.0,0.0,0.0,0.0,0.0,0.0,0.0
3902,1272,1407,0.0,0.0,0.0,0.0,0.0,0.0,0.0
3903,1271,1407,0.0,0.0,0.0,0.0,0.0,0.0,0.0
3904,1394,1407,0.0,0.0,0.0,0.0,0.0,0.0,0.0
3905,1272,1273,0.0,0.0,0.0,0.0,0.0,0.0,0.0
3906,1273,1408,0.0,0.0,0.0,0.0,0.0,0.0,0.0
3907,1272,1408,0.0,0.0,0.0,0.0,0.0,0.0,0.0
3908,1273,1276,0.0,0.0,0.0,0.0,0.0,0.0,0.0
3909,1276,1420,0.0,0.0,0.0,0.0,0.0,0.0,0.0
3910,1273,1420,0.0,0.0,0.0,0.0,0.0,0.0,0.0
3911,1078,1274,0.0,0.0,0.0,0.0,0.0,0.0,0.0
3912,1274,1422,0.0,0.0,0.0,0.0,0.0,0.0,0.0
3913,1084,1274,0.0,0.0,0.0,0.0,0.0,0.0,0.0
3914,1274,1275,0.0,0.0,0.0,0.0,0.0,0.0,0.0
3915,1275,1422,0.0,0.0,0.0,0.0,0.0,0.0,0.0
3916,1276,1277,0.0,0.0,0.0,0.0,0.0,0.0,0.0
3917,1277,1420,0.0,0.0,0.0,0.0,0.0,0.0,0.0
3918,1275,1277,0.0,0.0,0.0,0.0,0.0,0.0,0.0
3919,1275,1421,0.0,0.0,0.0,0.0,0.0,0.0,0.0
3920,1277,1421,0.0,0.0,0.0,0.0,0.0,0.0,0.0
3921,1420,1421,0.0,0.0,0.0,0.0,0.0,0.0,0.0
3922,1294,1448,0.0,0.0,0.0,0.0,0.0,0.0,0.0
3923,1296,1448,0.0,0.0,0.0,0.0,0.0,0.0,0.0
3924,1296,1440,0.0,0.0,0.0,0.0,0.0,0.0,0.0
3925,1360,1440,0.0,0.0,0.0,0.0,0.0,0.0,0.0
3926,1361,1440,0.0,0.0,0.0,0.0,0.0,0.0,0.0
3927,1361,1439,0.0,0.0,0.0,0.0,0.0,0.0,0.0
3928,1369,1439,0.0,0.0,0.0,0.0,0.0,0.0,0.0
3929,1369,1436,0.0,0.0,0.0,0.0,0.0,0.0,0.0
3930,1370,1436,0.0,0.0,0.0,0.0,0.0,0.0,0.0
3931,1370,1435,0.0,0.0,0.0,0.0,0.0,0.0,0.0
3932,1373,1435,0.0,0.0,0.0,0.0,0.0,0.0,0.0
3933,1374,1375,0.0,0.0,0.0,0.0,0.0,0.0,0.0
3934,1375,1416,0.0,0.0,0.0,0.0,0.0,0.0,0.0
3935,1374,1416,0.0,0.0,0.0,0.0,0.0,0.0,0.0
3936,1374,1414,0.0,0.0,0.0,0.0,0.0,0.0,0.0
3937,1375,1376,0.0,0.0,0.0,0.0,0.0,0.0,0.0
3938,1376,1404,0.0,0.0,0.0,0.0,0.0,0.0,0.0
3939,1375,1404,0.0,0.0,0.0,0.0,0.0,0.0,0.0
3940,1376,1377,0.0,0.0,0.0,0.0,0.0,0.0,0.0
3941,1377,1402,0.0,0.0,0.0,0.0,0.0,0.0,0.0
3942,1376,1402,0.0,0.0,0.0,0.0,0.0,0.0,0.0
3943,1377,1378,0.0,0.0,0.0,0.0,0.0,0.0,0.0
3944,1378,1403,0.0,0.0,0.0,0.0,0.0,0.0,0.0
3945,1377,1403,0.0,0.0,0.0,0.0,0.0,0.0,0.0
3946,1378,1379,0.0,0.0,0.0,0.0,0.0,0.0,0.0
3947,1379,1435,0.0,0.0,0.0,0.0,0.0,0.0,0.0
3948,1378,1380,0.0,0.0,0.0,0.0,0.0,0.0,0.0
3949,1379,1380,0.0,0.0,0.0,0.0,0.0,0.0,0.0
3950,1379,1381,0.0,0.0,0.0,0.0,0.0,0.0,0.0
3951,1380,1381,0.0,0.0,0.0,0.0,0.0,0.0,0.0
3952,1380,1403,0.0,0.0,0.0,0.0,0.0,0.0,0.0
3953,1381,1382,0.0,0.0,0.0,0.0,0.0,0.0,0.0
3954,1380,1382,0.0,0.0,0.0,0.0,0.0,0.0,0.0
3955,1381,1435,0.0,0.0,0.0,0.0,0.0,0.0,0.0
3956,1434,1435,0.0,0.0,0.0,0.0,0.0,0.0,0.0
3957,1381,1434,0.0,0.0,0.0,0.0,0.0,0.0,0.0
3958,1381,1383,0.0,0.0,0.0,0.0,0.0,0.0,0.0
3959,1382,1383,0.0,0.0,0.0,0.0,0.0,0.0,0.0
3960,1382,1401,0.0,0.0,0.0,0.0,0.0,0.0,0.0
3961,1401,1403,0.0,0.0,0.0,0.0,0.0,0.0,0.0
3962,1382,1403,0.0,0.0,0.0,0.0,0.0,0.0,0.0
3963,1383,1384,0.0,0.0,0.0,0.0,0.0,0.0,0.0
3964,1382,1384,0.0,0.0,0.0,0.0,0.0,0.0,0.0
3965,1383,1434,0.0,0.0,0.0,0.0,0.0,0.0,0.0
3966,1433,1434,0.0,0.0,0.0,0.0,0.0,0.0,0.0
3967,1383,1433,0.0,0.0,0.0,0.0,0.0,0.0,0.0
3968,1383,1385,0.0,0.0,0.0,0.0,0.0,0.0,0.0
3969,1384,1385,0.0,0.0,0.0,0.0,0.0,0.0,0.0
3970,1384,1399,0.0,0.0,0.0,0.0,0.0,0.0,0.0
3971,1399,1401,0.0,0.0,0.0,0.0,0.0,0.0,0.0
3972,1384,1401,0.0,0.0,0.0,0.0,0.0,0.0,0.0
3973,1385,1386,0.0,0.0,0.0,0.0,0.0,0.0,0.0
3974,1384,1386,0.0,0.0,0.0,0.0,0.0,0.0,0.0
3975,1385,1433,0.0,0.0,0.0,0.0,0.0,0.0,0.0
3976,1432,1433,0.0,0.0,0.0,0.0,0.0,0.0,0.0
3977,1385,1432,0.0,0.0,0.0,0.0,0.0,0.0,0.0
3978,1385,1387,0.0,0.0,0.0,0.0,0.0,0.0,0.0
3979,1386,1387,0.0,0.0,0.0,0.0,0.0,0.0,0.0
3980,1386,1397,0.0,0.0,0.0,0.0,0.0,0.0,0.0
3981,1397,1399,0.0,0.0,0.0,0.0,0.0,0.0,0.0
3982,1386,1399,0.0,0.0,0.0,0.0,0.0,0.0,0.0
3983,1387,1388,0.0,0.0,0.0,0.0,0.0,0.0,0.0
3984,1386,1388,0.0,0.0,0.0,0.0,0.0,0.0,0.0
3985,1387,1430,0.0,0.0,0.0,0.0,0.0,0.0,0.0
3986,1389,1430,0.0,0.0,0.0,0.0,0.0,0.0,0.0
3987,1387,1389,0.0,0.0,0.0,0.0,0.0,0.0,0.0
3988,1387,1432,0.0,0.0,0.0,0.0,0.0,0.0,0.0
3989,1430,1432,0.0,0.0,0.0,0.0,0.0,0.0,0.0
3990,1388,1389,0.0,0.0,0.0,0.0,0.0,0.0,0.0
3991,1388,1395,0.0,0.0,0.0,0.0,0.0,0.0,0.0
3992,1395,1397,0.0,0.0,0.0,0.0,0.0,0.0,0.0
3993,1388,1397,0.0,0.0,0.0,0.0,0.0,0.0,0.0
3994,1430,1431,0.0,0.0,0.0,0.0,0.0,0.0,0.0
3995,1389,1431,0.0,0.0,0.0,0.0,0.0,0.0,0.0
3996,1388,1390,0.0,0.0,0.0,0.0,0.0,0.0,0.0
3997,1389,1390,0.0,0.0,0.0,0.0,0.0,0.0,0.0
3998,1389,1391,0.0,0.0,0.0,0.0,0.0,0.0,0.0
3999,1390,1391,0.0,0.0,0.0,0.0,0.0,0.0,0.0
4000,1390,1393,0.0,0.0,0.0,0.0,0.0,0.0,0.0
4001,1388,1393,0.0,0.0,0.0,0.0,0.0,0.0,0.0
4002,1391,1392,0.0,0.0,0.0,0.0,0.0,0.0,0.0
4003,1390,1392,0.0,0.0,0.0,0.0,0.0,0.0,0.0
4004,1391,1423,0.0,0.0,0.0,0.0,0.0,0.0,0.0
4005,1244,1391,0.0,0.0,0.0,0.0,0.0,0.0,0.0
4006,1391,1431,0.0,0.0,0.0,0.0,0.0,0.0,0.0
4007,1424,1431,0.0,0.0,0.0,0.0,0.0,0.0,0.0
4008,1391,1424,0.0,0.0,0.0,0.0,0.0,0.0,0.0
4009,1241,1392,0.0,0.0,0.0,0.0,0.0,0.0,0.0
4010,1240,1241,0.0,0.0,0.0,0.0,0.0,0.0,0.0
4011,1241,1242,0.0,0.0,0.0,0.0,0.0,0.0,0.0
4012,1244,1392,0.0,0.0,0.0,0.0,0.0,0.0,0.0
4013,1243,1244,0.0,0.0,0.0,0.0,0.0,0.0,0.0
4014,1266,1267,0.0,0.0,0.0,0.0,0.0,0.0,0.0
4015,1267,1392,0.0,0.0,0.0,0.0,0.0,0.0,0.0
4016,1393,1394,0.0,0.0,0.0,0.0,0.0,0.0,0.0
4017,1392,1393,0.0,0.0,0.0,0.0,0.0,0.0,0.0
4018,1393,1395,0.0,0.0,0.0,0.0,0.0,0.0,0.0
4019,1394,1395,0.0,0.0,0.0,0.0,0.0,0.0,0.0
4020,1394,1396,0.0,0.0,0.0,0.0,0.0,0.0,0.0
4021,1395,1396,0.0,0.0,0.0,0.0,0.0,0.0,0.0
4022,1396,1397,0.0,0.0,0.0,0.0,0.0,0.0,0.0
4023,1396,1407,0.0,0.0,0.0,0.0,0.0,0.0,0.0
4024,1406,1407,0.0,0.0,0.0,0.0,0.0,0.0,0.0
4025,1396,1406,0.0,0.0,0.0,0.0,0.0,0.0,0.0
4026,1396,1398,0.0,0.0,0.0,0.0,0.0,0.0,0.0
4027,1397,1398,0.0,0.0,0.0,0.0,0.0,0.0,0.0
4028,1398,1399,0.0,0.0,0.0,0.0,0.0,0.0,0.0
4029,1398,1406,0.0,0.0,0.0,0.0,0.0,0.0,0.0
4030,1405,1406,0.0,0.0,0.0,0.0,0.0,0.0,0.0
4031,1398,1405,0.0,0.0,0.0,0.0,0.0,0.0,0.0
4032,1398,1400,0.0,0.0,0.0,0.0,0.0,0.0,0.0
4033,1399,1400,0.0,0.0,0.0,0.0,0.0,0.0,0.0
4034,1400,1401,0.0,0.0,0.0,0.0,0.0,0.0,0.0
4035,1400,1405,0.0,0.0,0.0,0.0,0.0,0.0,0.0
4036,1404,1405,0.0,0.0,0.0,0.0,0.0,0.0,0.0
4037,1400,1404,0.0,0.0,0.0,0.0,0.0,0.0,0.0
4038,1400,1402,0.0,0.0,0.0,0.0,0.0,0.0,0.0
4039,1401,1402,0.0,0.0,0.0,0.0,0.0,0.0,0.0
4040,1402,1403,0.0,0.0,0.0,0.0,0.0,0.0,0.0
4041,1402,1404,0.0,0.0,0.0,0.0,0.0,0.0,0.0
4042,1404,1416,0.0,0.0,0.0,0.0,0.0,0.0,0.0
4043,1405,1411,0.0,0.0,0.0,0.0,0.0,0.0,0.0
4044,1411,1416,0.0,0.0,0.0,0.0,0.0,0.0,0.0
4045,1405,1416,0.0,0.0,0.0,0.0,0.0,0.0,0.0
4046,1407,1408,0.0,0.0,0.0,0.0,0.0,0.0,0.0
4047,1408,1420,0.0,0.0,0.0,0.0,0.0,0.0,0.0
4048,1406,1409,0.0,0.0,0.0,0.0,0.0,0.0,0.0
4049,1407,1409,0.0,0.0,0.0,0.0,0.0,0.0,0.0
4050,1408,1409,0.0,0.0,0.0,0.0,0.0,0.0,0.0
4051,1408,1410,0.0,0.0,0.0,0.0,0.0,0.0,0.0
4052,1409,1410,0.0,0.0,0.0,0.0,0.0,0.0,0.0
4053,1410,1419,0.0,0.0,0.0,0.0,0.0,0.0,0.0
4054,1413,1419,0.0,0.0,0.0,0.0,0.0,0.0,0.0
4055,1410,1413,0.0,0.0,0.0,0.0,0.0,0.0,0.0
4056,1406,1411,0.0,0.0,0.0,0.0,0.0,0.0,0.0
4057,1409,1411,0.0,0.0,0.0,0.0,0.0,0.0,0.0
4058,1410,1411,0.0,0.0,0.0,0.0,0.0,0.0,0.0
4059,1410,1412,0.0,0.0,0.0,0.0,0.0,0.0,0.0
4060,1412,1413,0.0,0.0,0.0,0.0,0.0,0.0,0.0
4061,1411,1412,0.0,0.0,0.0,0.0,0.0,0.0,0.0
4062,1412,1416,0.0,0.0,0.0,0.0,0.0,0.0,0.0
4063,1413,1418,0.0,0.0,0.0,0.0,0.0,0.0,0.0
4064,1415,1418,0.0,0.0,0.0,0.0,0.0,0.0,0.0
4065,1413,1415,0.0,0.0,0.0,0.0,0.0,0.0,0.0
4066,1418,1419,0.0,0.0,0.0,0.0,0.0,0.0,0.0
4067,1374,1412,0.0,0.0,0.0,0.0,0.0,0.0,0.0
4068,1412,1414,0.0,0.0,0.0,0.0,0.0,0.0,0.0
4069,1413,1414,0.0,0.0,0.0,0.0,0.0,0.0,0.0
4070,1414,1415,0.0,0.0,0.0,0.0,0.0,0.0,0.0
4071,1415,1417,0.0,0.0,0.0,0.0,0.0,0.0,0.0
4072,1417,1418,0.0,0.0,0.0,0.0,0.0,0.0,0.0
4073,1417,1421,0.0,0.0,0.0,0.0,0.0,0.0,0.0
4074,1421,1422,0.0,0.0,0.0,0.0,0.0,0.0,0.0
4075,1417,1422,0.0,0.0,0.0,0.0,0.0,0.0,0.0
4076,1418,1421,0.0,0.0,0.0,0.0,0.0,0.0,0.0
4077,1408,1419,0.0,0.0,0.0,0.0,0.0,0.0,0.0
4078,1419,1420,0.0,0.0,0.0,0.0,0.0,0.0,0.0
4079,1418,1420,0.0,0.0,0.0,0.0,0.0,0.0,0.0
4080,1245,1246,0.0,0.0,0.0,0.0,0.0,0.0,0.0
4081,1251,1423,0.0,0.0,0.0,0.0,0.0,0.0,0.0
4082,1251,1252,0.0,0.0,0.0,0.0,0.0,0.0,0.0
4083,1423,1424,0.0,0.0,0.0,0.0,0.0,0.0,0.0
4084,1423,1425,0.0,0.0,0.0,0.0,0.0,0.0,0.0
4085,1425,1459,0.0,0.0,0.0,0.0,0.0,0.0,0.0
4086,1423,1459,0.0,0.0,0.0,0.0,0.0,0.0,0.0
4087,1424,1425,0.0,0.0,0.0,0.0,0.0,0.0,0.0
4088,1425,1457,0.0,0.0,0.0,0.0,0.0,0.0,0.0
4089,1457,1458,0.0,0.0,0.0,0.0,0.0,0.0,0.0
4090,1425,1458,0.0,0.0,0.0,0.0,0.0,0.0,0.0
4091,1424,1426,0.0,0.0,0.0,0.0,0.0,0.0,0.0
4092,1424,1427,0.0,0.0,0.0,0.0,0.0,0.0,0.0
4093,1426,1427,0.0,0.0,0.0,0.0,0.0,0.0,0.0
4094,1425,1426,0.0,0.0,0.0,0.0,0.0,0.0,0.0
4095,1426,1456,0.0,0.0,0.0,0.0,0.0,0.0,0.0
4096,1456,1457,0.0,0.0,0.0,0.0,0.0,0.0,0.0
4097,1426,1457,0.0,0.0,0.0,0.0,0.0,0.0,0.0
4098,1427,1428,0.0,0.0,0.0,0.0,0.0,0.0,0.0
4099,1426,1428,0.0,0.0,0.0,0.0,0.0,0.0,0.0
4100,1427,1431,0.0,0.0,0.0,0.0,0.0,0.0,0.0
4101,1427,1430,0.0,0.0,0.0,0.0,0.0,0.0,0.0
4102,1428,1455,0.0,0.0,0.0,0.0,0.0,0.0,0.0
4103,1455,1456,0.0,0.0,0.0,0.0,0.0,0.0,0.0
4104,1428,1456,0.0,0.0,0.0,0.0,0.0,0.0,0.0
4105,1428,1429,0.0,0.0,0.0,0.0,0.0,0.0,0.0
4106,1427,1429,0.0,0.0,0.0,0.0,0.0,0.0,0.0
4107,1429,1454,0.0,0.0,0.0,0.0,0.0,0.0,0.0
4108,1428,1454,0.0,0.0,0.0,0.0,0.0,0.0,0.0
4109,1429,1430,0.0,0.0,0.0,0.0,0.0,0.0,0.0
4110,1430,1444,0.0,0.0,0.0,0.0,0.0,0.0,0.0
4111,1429,1444,0.0,0.0,0.0,0.0,0.0,0.0,0.0
4112,1432,1442,0.0,0.0,0.0,0.0,0.0,0.0,0.0
4113,1442,1443,0.0,0.0,0.0,0.0,0.0,0.0,0.0
4114,1432,1443,0.0,0.0,0.0,0.0,0.0,0.0,0.0
4115,1443,1444,0.0,0.0,0.0,0.0,0.0,0.0,0.0
4116,1432,1444,0.0,0.0,0.0,0.0,0.0,0.0,0.0
4117,1433,1438,0.0,0.0,0.0,0.0,0.0,0.0,0.0
4118,1438,1442,0.0,0.0,0.0,0.0,0.0,0.0,0.0
4119,1433,1442,0.0,0.0,0.0,0.0,0.0,0.0,0.0
4120,1434,1436,0.0,0.0,0.0,0.0,0.0,0.0,0.0
4121,1436,1437,0.0,0.0,0.0,0.0,0.0,0.0,0.0
4122,1434,1437,0.0,0.0,0.0,0.0,0.0,0.0,0.0
4123,1435,1436,0.0,0.0,0.0,0.0,0.0,0.0,0.0
4124,1436,1439,0.0,0.0,0.0,0.0,0.0,0.0,0.0
4125,1433,1437,0.0,0.0,0.0,0.0,0.0,0.0,0.0
4126,1437,1438,0.0,0.0,0.0,0.0,0.0,0.0,0.0
4127,1437,1439,0.0,0.0,0.0,0.0,0.0,0.0,0.0
4128,1438,1439,0.0,0.0,0.0,0.0,0.0,0.0,0.0
4129,1438,1440,0.0,0.0,0.0,0.0,0.0,0.0,0.0
4130,1440,1441,0.0,0.0,0.0,0.0,0.0,0.0,0.0
4131,1438,1441,0.0,0.0,0.0,0.0,0.0,0.0,0.0
4132,1441,1442,0.0,0.0,0.0,0.0,0.0,0.0,0.0
4133,1439,1440,0.0,0.0,0.0,0.0,0.0,0.0,0.0
4134,1440,1448,0.0,0.0,0.0,0.0,0.0,0.0,0.0
4135,1441,1448,0.0,0.0,0.0,0.0,0.0,0.0,0.0
4136,1447,1448,0.0,0.0,0.0,0.0,0.0,0.0,0.0
4137,1441,1447,0.0,0.0,0.0,0.0,0.0,0.0,0.0
4138,1442,1447,0.0,0.0,0.0,0.0,0.0,0.0,0.0
4139,1443,1447,0.0,0.0,0.0,0.0,0.0,0.0,0.0
4140,1443,1445,0.0,0.0,0.0,0.0,0.0,0.0,0.0
4141,1444,1445,0.0,0.0,0.0,0.0,0.0,0.0,0.0
4142,1443,1446,0.0,0.0,0.0,0.0,0.0,0.0,0.0
4143,1445,1446,0.0,0.0,0.0,0.0,0.0,0.0,0.0
4144,1429,1445,0.0,0.0,0.0,0.0,0.0,0.0,0.0
4145,1445,1452,0.0,0.0,0.0,0.0,0.0,0.0,0.0
4146,1452,1454,0.0,0.0,0.0,0.0,0.0,0.0,0.0
4147,1445,1454,0.0,0.0,0.0,0.0,0.0,0.0,0.0
4148,1446,1450,0.0,0.0,0.0,0.0,0.0,0.0,0.0
4149,1450,1452,0.0,0.0,0.0,0.0,0.0,0.0,0.0
4150,1446,1452,0.0,0.0,0.0,0.0,0.0,0.0,0.0
4151,1446,1447,0.0,0.0,0.0,0.0,0.0,0.0,0.0
4152,1447,1449,0.0,0.0,0.0,0.0,0.0,0.0,0.0
4153,1446,1449,0.0,0.0,0.0,0.0,0.0,0.0,0.0
4154,1448,1449,0.0,0.0,0.0,0.0,0.0,0.0,0.0
4155,1449,1450,0.0,0.0,0.0,0.0,0.0,0.0,0.0
4156,1450,1451,0.0,0.0,0.0,0.0,0.0,0.0,0.0
4157,1451,1464,0.0,0.0,0.0,0.0,0.0,0.0,0.0
4158,1451,1452,0.0,0.0,0.0,0.0,0.0,0.0,0.0
4159,1451,1453,0.0,0.0,0.0,0.0,0.0,0.0,0.0
4160,1452,1453,0.0,0.0,0.0,0.0,0.0,0.0,0.0
4161,1453,1454,0.0,0.0,0.0,0.0,0.0,0.0,0.0
4162,1453,1464,0.0,0.0,0.0,0.0,0.0,0.0,0.0
4163,1463,1464,0.0,0.0,0.0,0.0,0.0,0.0,0.0
4164,1453,1463,0.0,0.0,0.0,0.0,0.0,0.0,0.0
4165,1453,1455,0.0,0.0,0.0,0.0,0.0,0.0,0.0
4166,1454,1455,0.0,0.0,0.0,0.0,0.0,0.0,0.0
4167,1455,1463,0.0,0.0,0.0,0.0,0.0,0.0,0.0
4168,1462,1463,0.0,0.0,0.0,0.0,0.0,0.0,0.0
4169,1455,1462,0.0,0.0,0.0,0.0,0.0,0.0,0.0
4170,1456,1462,0.0,0.0,0.0,0.0,0.0,0.0,0.0
4171,1461,1462,0.0,0.0,0.0,0.0,0.0,0.0,0.0
4172,1456,1461,0.0,0.0,0.0,0.0,0.0,0.0,0.0
4173,1457,1461,0.0,0.0,0.0,0.0,0.0,0.0,0.0
4174,1460,1461,0.0,0.0,0.0,0.0,0.0,0.0,0.0
4175,1457,1460,0.0,0.0,0.0,0.0,0.0,0.0,0.0
4176,1255,1256,0.0,0.0,0.0,0.0,0.0,0.0,0.0
4177,1255,1458,0.0,0.0,0.0,0.0,0.0,0.0,0.0
4178,1458,1459,0.0,0.0,0.0,0.0,0.0,0.0,0.0
4179,1458,1460,0.0,0.0,0.0,0.0,0.0,0.0,0.0
4180,1253,1254,0.0,0.0,0.0,0.0,0.0,0.0,0.0
4181,1259,1460,0.0,0.0,0.0,0.0,0.0,0.0,0.0
4182,1258,1259,0.0,0.0,0.0,0.0,0.0,0.0,0.0
4183,1460,1469,0.0,0.0,0.0,0.0,0.0,0.0,0.0
4184,1461,1467,0.0,0.0,0.0,0.0,0.0,0.0,0.0
4185,1467,1468,0.0,0.0,0.0,0.0,0.0,0.0,0.0
4186,1461,1468,0.0,0.0,0.0,0.0,0.0,0.0,0.0
4187,1462,1466,0.0,0.0,0.0,0.0,0.0,0.0,0.0
4188,1466,1467,0.0,0.0,0.0,0.0,0.0,0.0,0.0
4189,1462,1467,0.0,0.0,0.0,0.0,0.0,0.0,0.0
4190,1463,1465,0.0,0.0,0.0,0.0,0.0,0.0,0.0
4191,1465,1466,0.0,0.0,0.0,0.0,0.0,0.0,0.0
4192,1463,1466,0.0,0.0,0.0,0.0,0.0,0.0,0.0
4193,1464,1465,0.0,0.0,0.0,0.0,0.0,0.0,0.0
4194,1465,1472,0.0,0.0,0.0,0.0,0.0,0.0,0.0
4195,1466,1472,0.0,0.0,0.0,0.0,0.0,0.0,0.0
4196,1471,1472,0.0,0.0,0.0,0.0,0.0,0.0,0.0
4197,1466,1471,0.0,0.0,0.0,0.0,0.0,0.0,0.0
4198,1467,1471,0.0,0.0,0.0,0.0,0.0,0.0,0.0
4199,1470,1471,0.0,0.0,0.0,0.0,0.0,0.0,0.0
4200,1467,1470,0.0,0.0,0.0,0.0,0.0,0.0,0.0
4201,1460,1468,0.0,0.0,0.0,0.0,0.0,0.0,0.0
4202,1468,1469,0.0,0.0,0.0,0.0,0.0,0.0,0.0
4203,1468,1470,0.0,0.0,0.0,0.0,0.0,0.0,0.0
4204,1469,1470,0.0,0.0,0.0,0.0,0.0,0.0,0.0
4205,1260,1261,0.0,0.0,0.0,0.0,0.0,0.0,0.0
4206,1469,1475,0.0,0.0,0.0,0.0,0.0,0.0,0.0
4207,1475,1476,0.0,0.0,0.0,0.0,0.0,0.0,0.0
4208,1470,1474,0.0,0.0,0.0,0.0,0.0,0.0,0.0
4209,1474,1475,0.0,0.0,0.0,0.0,0.0,0.0,0.0
4210,1470,1475,0.0,0.0,0.0,0.0,0.0,0.0,0.0
4211,1471,1473,0.0,0.0,0.0,0.0,0.0,0.0,0.0
4212,1473,1474,0.0,0.0,0.0,0.0,0.0,0.0,0.0
4213,1471,1474,0.0,0.0,0.0,0.0,0.0,0.0,0.0
4214,1472,1473,0.0,0.0,0.0,0.0,0.0,0.0,0.0
4215,1473,1480,0.0,0.0,0.0,0.0,0.0,0.0,0.0
4216,1474,1480,0.0,0.0,0.0,0.0,0.0,0.0,0.0
4217,1478,1480,0.0,0.0,0.0,0.0,0.0,0.0,0.0
4218,1474,1478,0.0,0.0,0.0,0.0,0.0,0.0,0.0
4219,1475,1478,0.0,0.0,0.0,0.0,0.0,0.0,0.0
4220,1476,1478,0.0,0.0,0.0,0.0,0.0,0.0,0.0
4221,1476,1477,0.0,0.0,0.0,0.0,0.0,0.0,0.0
4222,1477,1478,0.0,0.0,0.0,0.0,0.0,0.0,0.0
4223,1477,1479,0.0,0.0,0.0,0.0,0.0,0.0,0.0
4224,1479,1481,0.0,0.0,0.0,0.0,0.0,0.0,0.0
4225,1478,1479,0.0,0.0,0.0,0.0,0.0,0.0,0.0
4226,1479,1480,0.0,0.0,0.0,0.0,0.0,0.0,0.0
