mode,bias_contact,bias_V,current_contact,current_electron,current_hole,current_total,converged,iterations,step_diagnostics,validation_diagnostics
iv,drain,0,drain,-3.3711063531740575e-09,1.090306709968637e-09,-2.2807996432054207e-09,1,19,attempted_step=0;accepted_step=0;retry_count=0,
iv,drain,0.050000000000000003,drain,1.9642780706612735,-3.2171805032253626e-11,1.9642780706291016,1,13,attempted_step=0.050000000000000003;accepted_step=0.050000000000000003;retry_count=0,
iv,drain,0.10000000000000001,drain,4.004537908524517,-2.5518391344535417e-10,4.0045379082693326,1,14,attempted_step=0.050000000000000003;accepted_step=0.050000000000000003;retry_count=0,
