case,device,drain_voltage_V,gate_voltage_V,m46_default_drain_current_A_per_um,tight_default_drain_current_A_per_um,tight_direct_drain_current_A_per_um,vela_drain_current_A_per_um,m46_default_vela_error_dex,tight_default_vela_error_dex,tight_default_vs_m46_log_shift_dex,tight_default_substrate_eCurrent_A_per_um,tight_direct_substrate_eCurrent_A_per_um,tight_substrate_default_minus_direct_A_per_um,tight_signed_observable_fraction,tight_burst_flag,m59_burst_flag,m59_substrate_default_minus_direct_A_per_um
n17_vd_0p05,n17,0.05,0.0,2.21341390130383e-15,2.21341460686334e-15,1.25935353857489e-14,2.345190166689931e-15,0.025115431335973274,0.02511529289799157,1.3843798167923495e-07,-4.0816703398659e-19,-4.28875716724404e-19,2.070868273781399e-20,9.355989010644756e-06,0,0,2.6226086488393017e-20
n17_vd_0p05,n17,0.05,0.05,7.85441564823606e-15,7.86184739049796e-15,1.26014165264104e-14,8.366785648866198e-15,0.02744476281548734,0.027034033510704974,0.00041072930478232175,-4.25794245257028e-19,-4.2889249138466e-19,3.098246127631985e-21,3.940862718063707e-07,0,0,2.544243018434943e-17
n17_vd_0p05,n17,0.05,0.1,2.86714913238521e-14,2.86738596465182e-14,3.18272844750717e-14,3.063212022639081e-14,0.02872677488102018,0.028690902767642728,3.5872113377405044e-05,-4.25281408539045e-19,-4.28911225640968e-19,3.629817101922993e-21,1.2658976317350264e-07,0,0,7.900594561260402e-18
n17_vd_0p05,n17,0.05,0.15000000000000002,1.03667519067749e-13,1.06452388563346e-13,9.04862364755705e-14,1.1412209628511447e-13,0.04172703523666418,0.030214330002926247,0.011512705233737871,-4.41770147483232e-19,-4.28932099128573e-19,-1.2838048354659022e-20,-1.205989694352378e-07,0,1,1.0104941249433922e-14
n17_vd_0p05,n17,0.05,0.2,4.00465593980615e-13,4.00465635944509e-13,4.13327414275714e-13,4.3076012566432286e-13,0.031670285391520364,0.03167023988277521,4.5508745108251574e-08,-4.00411363372726e-19,-4.28955257339242e-19,2.8543893966516e-20,7.127676235988254e-08,0,0,-5.095793113737605e-20
n17_vd_0p05,n17,0.05,0.25,1.52221433241757e-12,1.52221446246007e-12,1.52802174009072e-12,1.6426922955806879e-12,0.03308041352718882,0.03308037642548993,3.710169884196868e-08,-4.89084210205729e-19,-4.28980931055716e-19,-6.010327915001299e-20,-3.948410728727365e-08,0,0,8.4459497826029e-20
n17_vd_0p05,n17,0.05,0.30000000000000004,5.83408521513645e-12,5.83408521620772e-12,5.8357984478821e-12,6.315764337147215e-12,0.03445314829785989,0.03445314821811363,7.974631346500898e-11,-6.75883718183956e-19,-4.29009425342591e-19,-2.46874292841365e-19,-4.2315853075906655e-08,0,0,-2.2846844536536797e-19
n17_vd_0p05,n17,0.05,0.35000000000000003,2.25059047472438e-11,2.25059047297581e-11,2.25178189911627e-11,2.4439162127351143e-11,0.03578983601223764,0.03578983634965767,3.3742001290025886e-10,-1.46555683492357e-18,-4.29041206998751e-19,-1.036515627924819e-18,-4.605527484324154e-08,0,0,-6.62432507349809e-19
n17_vd_0p05,n17,0.05,0.4,8.72431969159283e-11,8.72431969477342e-11,8.72421118599371e-11,9.502087381174225e-11,0.03708744850576252,0.037087448347433605,1.5832897296191067e-10,-7.87610108603825e-19,-4.29076999947618e-19,-3.5853310865620702e-19,-4.109582422466678e-09,0,0,-3.5864256227169105e-19
n17_vd_0p05,n17,0.05,0.45,3.3921428005011e-10,3.39214279969845e-10,3.39214616859868e-10,3.7051810732516424e-10,0.03833531027672331,0.03833531037948618,1.0276292967255568e-10,-1.95009321480497e-18,-4.29118110883054e-19,-1.520975103921916e-18,-4.483818028112276e-09,0,0,-1.8793537509450862e-18
n17_vd_0p05,n17,0.05,0.5,1.31948525270308e-09,1.31948525170848e-09,1.31949478003399e-09,1.4451345020070486e-09,0.03950372909668997,0.03950372942405193,3.2736193276729005e-10,-2.14304563906663e-18,-4.29167091828953e-19,-1.7138785472376773e-18,-1.2988993586844064e-09,0,0,-8.163708352441867e-18
n17_vd_0p05,n17,0.05,0.55,5.11217285461842e-09,5.11217285550882e-09,5.11216454420729e-09,5.611999492316605e-09,0.04051209314926625,0.04051209307362407,7.564213576809242e-11,-1.57205266062631e-18,-4.29229378439535e-19,-1.142823282186775e-18,-2.2354942105591786e-10,0,0,-4.157354612136505e-16
n17_vd_0p05,n17,0.05,0.6000000000000001,1.95518786944055e-08,1.95518790290156e-08,1.95518792432137e-08,2.1495456632414702e-08,0.04115818127781757,0.04115817384531862,7.432499014626862e-09,-1.41178345332036e-18,-4.2931756274542e-19,-9.8246589057494e-19,-5.02491800975717e-11,0,0,-5.368969475007365e-15
n17_vd_0p05,n17,0.05,0.65,7.2342257222384e-08,7.23422603779266e-08,7.23422602997801e-08,7.947269153483188e-08,0.04082586620946772,0.04082584726570295,1.8943764737171098e-08,-1.63235740291029e-18,-4.29461463568266e-19,-1.202895939342024e-18,-1.6627845647314846e-11,0,0,-1.5185634225756536e-14
n17_vd_0p05,n17,0.05,0.7000000000000001,2.47718163414068e-07,2.47718165190671e-07,2.47718159558597e-07,2.705964150772047e-07,0.03836418718363439,0.03836418406892984,3.1147045133432747e-09,-1.40115629666685e-18,-4.29721340032232e-19,-9.714349566346179e-19,-3.9215329884544205e-12,0,0,-8.48344051423055e-15
n17_vd_0p05,n17,0.05,0.75,7.27661197736215e-07,7.27661197736565e-07,7.2766119962418e-07,7.845475340401049e-07,0.03269004473795219,0.03269004473774325,2.0887332925539176e-13,3.08075255851871e-19,-4.30165722289783e-19,7.382409781416539e-19,1.0145394318647167e-12,0,0,1.082739849963899e-18
n17_vd_0p05,n17,0.05,0.8,1.70824405481338e-06,1.70824403547407e-06,1.70824403280875e-06,1.8088158312857147e-06,0.02484443250026478,0.024844437416983667,4.916718843390745e-09,3.21561114125474e-18,-4.30773396177432e-19,3.646384537432172e-18,2.1345805761412955e-12,0,0,5.623359396596193e-15
n17_vd_0p05,n17,0.05,0.8500000000000001,3.19155982068899e-06,3.19155979852456e-06,3.19155980615526e-06,3.3224584632514664e-06,0.01745657118286785,0.017456574198913433,3.0160455419405605e-09,1.15372403409115e-17,-4.31419456839145e-19,1.1968659797750645e-17,3.750097304547979e-12,0,0,-2.3575639490691355e-15
n17_vd_0p05,n17,0.05,0.9,5.00514464275948e-06,5.00514463771682e-06,5.00514464501647e-06,5.143528257570798e-06,0.011844497515389523,0.01184449795293922,4.3754965363707696e-10,6.22430435984594e-18,-4.32012586714193e-19,6.6563169465601325e-18,1.3298950236923668e-12,0,0,-5.259995502462246e-16
n17_vd_0p05,n17,0.05,0.9500000000000001,6.98315508220543e-06,6.98315508186776e-06,6.98315508531306e-06,7.110605454050704e-06,0.00785489464558112,0.007854894666581323,2.1000255672385322e-11,-1.06736080780367e-17,-4.3253517990424e-19,-1.024107289813246e-17,-1.4665395194679417e-12,0,0,-3.577736297609495e-17
n17_vd_0p05,n17,0.05,1.0,9.0269686929151e-06,9.02696869290347e-06,9.02696869249518e-06,9.131215362863832e-06,0.004986649632492213,0.004986649633051716,5.595027960945776e-13,8.00497040990501e-18,-4.32998321272197e-19,8.437968731177206e-18,9.347510795967083e-13,0,0,-6.7577425646602205e-18
n17_vd_0p05,n17,0.05,1.05,1.10853376900944e-05,1.10853376900889e-05,1.10853376941503e-05,1.1158243223942257e-05,0.0028468963296049824,0.002846896329820443,2.1547897240138547e-13,8.42648160954562e-18,-4.3341592832004e-19,8.85989753786566e-18,7.992447127512457e-13,0,0,3.640620504947261e-18
n17_vd_0p05,n17,0.05,1.1,1.31316646301225e-05,1.31316646301221e-05,1.31316646364255e-05,1.3167769323966195e-05,0.0011924271210608185,0.0011924271210740896,1.3211286291780235e-14,-1.14205636347442e-17,-4.337985824105e-19,-1.0986765052333699e-17,-8.366620197664568e-13,0,0,-9.86469036667549e-19
n17_vd_0p05,n17,0.05,1.1500000000000001,1.51517748239547e-05,1.5151774823954e-05,1.51517748342242e-05,1.5147259334516231e-05,0.00012944651307899408,0.00012944651305893008,2.0058011304308834e-14,-1.33580352058804e-18,-4.34153703214224e-19,-9.01649817373816e-19,-5.950786807815838e-14,0,0,7.807209135601085e-18
n17_vd_0p05,n17,0.05,1.2000000000000002,1.71380003457811e-05,1.71380003457811e-05,1.7138000353777e-05,1.7090086606686863e-05,0.0012158836756914785,0.0012158836756914785,0.0,2.6910253783294e-18,-4.34486459805923e-19,3.125511838135323e-18,1.8237319261723187e-13,0,0,3.107815358004302e-18
n17_vd_0p05,n17,0.05,1.25,1.90862781356124e-05,1.90862776868567e-05,1.90862776758292e-05,1.8992822919557205e-05,0.0021317292164323267,0.0021317190053201512,1.0211112167529363e-08,-1.57129751586063e-17,-4.34800541992607e-19,-1.5278174616613693e-17,-8.004795312778371e-13,0,0,3.7642350655926127e-13
n17_vd_0p05,n17,0.05,1.3,2.0994631884244e-05,2.09946315828829e-05,2.09946315865683e-05,2.0853915454670015e-05,0.0029206557019255844,0.0029206494679766136,6.233949002829894e-09,8.31845934971636e-18,-4.35098681842671e-19,8.75355803155903e-18,4.1694268351419324e-13,0,0,2.4782271178724405e-13
n17_vd_0p05,n17,0.05,1.35,2.2862321081095e-05,2.28623208698951e-05,2.28623208679334e-05,2.267291605857388e-05,0.003612939591188538,0.0036129355792182912,4.011970218537633e-09,-1.22995167435699e-17,-4.35382946708899e-19,-1.1864133796861e-17,-5.189382943392937e-13,0,0,1.6977189209446985e-13
n17_vd_0p05,n17,0.05,1.4000000000000001,2.46893677803942e-05,2.46893676283251e-05,2.4689367629352e-05,2.4450037103038488e-05,0.004230446609804667,0.004230443934856831,2.6749478230609396e-09,-6.33872339681705e-18,-4.35654947893363e-19,-5.903068448923687e-18,-2.39093545763859e-13,0,0,1.19931009865769e-13
n17_vd_0p05,n17,0.05,1.4500000000000002,2.6476266761604e-05,2.64762666499523e-05,2.64762666460518e-05,2.6185891230599524e-05,0.004789388573136363,0.004789386741695475,1.831440843983108e-09,2.458030696972e-17,-4.35915971893419e-19,2.501622294161342e-17,9.448546229103071e-13,0,0,8.677442510931645e-14
n17_vd_0p05,n17,0.05,1.5,2.82238047733386e-05,2.82238046901681e-05,2.82238046746105e-05,2.788133820922665e-05,0.0053019448256483,0.005301943545860202,1.2797881054380105e-09,-5.64762819212668e-18,-4.36167067789866e-19,-5.211461124336814e-18,-1.8464771782353822e-13,0,0,6.404943241451754e-14
n17_vd_0p05,n17,0.05,1.55,2.99329452772456e-05,2.99329452144916e-05,2.99329452053676e-05,2.9537383904793008e-05,0.005777424041255135,0.005777423130762869,9.104922473306738e-10,2.23907064144429e-18,-4.36409106904377e-19,2.675479748348667e-18,8.938244229483213e-14,0,0,4.8046004972319945e-14
n17_vd_0p05,n17,0.05,1.6,3.16047536419798e-05,3.16047535941182e-05,3.16047535896607e-05,3.1155115175784514e-05,0.00622304825044245,0.00622304759275565,6.576868101431738e-10,6.52085703473393e-18,-4.36642824530104e-19,6.957499859264035e-18,2.2014093033646875e-13,0,0,3.650971118617206e-14
n17_vd_0p05,n17,0.05,1.6500000000000001,3.32403480238959e-05,3.32403479870802e-05,3.3240347985107e-05,3.2735657397139374e-05,0.006644495322849622,0.006644494841842136,4.810075049106187e-10,6.01657902372691e-18,-4.36868849792293e-19,6.4534478735192035e-18,1.9414501545012462e-13,0,0,2.8082295354068816e-14
n17_vd_0p05,n17,0.05,1.7000000000000002,3.48408669432893e-05,3.48408669147976e-05,3.48408669090021e-05,3.4280146583885204e-05,0.007046282671304259,0.007046282316152764,3.55151487772899e-10,-4.1785575225605e-17,-4.37087727455006e-19,-4.134848749814999e-17,-1.186781247414612e-12,0,0,2.1829689162150974e-14
n17_vd_0p05,n17,0.05,1.75,3.64074479678295e-05,3.64074479456241e-05,3.64074479514451e-05,3.5789711112402225e-05,0.007432044644157486,0.0074320443792753954,2.6488209540648777e-10,-1.9618543909853e-17,-4.37299934097339e-19,-1.918124397575566e-17,-5.268494513651046e-13,0,0,1.7150116539191613e-14
n17_vd_0p05,n17,0.05,1.8,3.79412098493815e-05,3.79412098319643e-05,3.79412098352389e-05,3.726545984697216e-05,0.007804690637233311,0.007804690437867139,1.993661694575734e-10,1.38420854835558e-17,-4.37505895234433e-19,1.4279591378790233e-17,3.7636099223067257e-13,0,0,1.3555364898978846e-14
n17_vd_0p05,n17,0.05,1.85,3.94432329793002e-05,3.94432329655894e-05,3.94432329803209e-05,3.870847459596591e-05,0.008166447638910633,0.008166447487946198,1.5096440415494214e-10,2.76348848415926e-17,-4.37706005110972e-19,2.807259084670357e-17,7.117213457424834e-13,0,0,1.076498185475492e-14
n17_vd_0p05,n17,0.05,1.9000000000000001,4.09145792771564e-05,4.0914579266335e-05,4.09145792697726e-05,4.01198055337119e-05,0.008519270436151569,0.008519270321286064,1.1486552867907176e-10,-4.53095673522073e-18,-4.37900567386766e-19,-4.093056167833964e-18,-1.0003906287756401e-13,0,0,8.625314896554075e-15
n17_vd_0p05,n17,0.05,1.9500000000000002,4.23562420676539e-05,4.23562420590766e-05,4.23562420493172e-05,4.150046870500327e-05,0.008864420002613114,0.00886441991466687,8.794627922757789e-11,1.36646034885801e-17,-4.38089919492687e-19,1.4102693408072785e-17,3.329543113953069e-13,0,0,6.945585668187759e-15
n17_vd_0p05,n17,0.05,2.0,4.37692418652041e-05,4.37692418584185e-05,4.37692418434408e-05,4.285144514748468e-05,0.009203551276361506,0.009203551209032304,6.732924728722292e-11,-2.42531305947356e-17,-4.38274325901033e-19,-2.3814856268834568e-17,-5.441002689941284e-13,0,0,5.667600935685025e-15
n17_vd_0p05,n17,0.05,2.0500000000000003,4.51544978796047e-05,4.51544978742001e-05,4.51544978677771e-05,4.417366601257426e-05,0.009537574016316183,0.009537573964334892,5.198125240931922e-11,-3.81259083540007e-17,-4.38454007044388e-19,-3.7687454346956313e-17,-8.346334500707575e-13,0,0,4.587872643592278e-15
n17_vd_0p05,n17,0.05,2.1,4.6512967142647e-05,4.65129671383472e-05,4.65129671445311e-05,4.5467969167853965e-05,0.009868487966981494,0.009868487926834032,4.014745968588206e-11,-2.65262591655259e-17,-4.38629206016861e-19,-2.608762995950904e-17,-5.608678947940374e-13,0,0,3.79962283374409e-15
n17_vd_0p05,n17,0.05,2.15,4.7845558095204e-05,4.78455580917329e-05,4.78455580890693e-05,4.67352492973214e-05,0.01019706111634099,0.010197061084833751,3.150718201759847e-11,5.08970328825783e-18,-4.38800142479726e-19,5.528503430737556e-18,1.1554893810911176e-13,0,0,3.0974775050369925e-15
n17_vd_0p05,n17,0.05,2.2,4.91531210347437e-05,4.91531210319758e-05,4.91531210231497e-05,4.79763949546443e-05,0.010523488004350455,0.010523487979894547,2.445592314895987e-11,-3.14115404313782e-17,-4.38967012534119e-19,-3.0972573418844086e-17,-6.30124247831493e-13,0,0,2.546723339650646e-15
n17_vd_0p05,n17,0.05,2.25,5.04364728143894e-05,5.04364728121709e-05,5.04364728090478e-05,4.919213494735997e-05,0.010849035920037742,0.01084903590093487,1.91028931654808e-11,2.93309864711756e-17,-4.39129998089353e-19,2.9770116469264953e-17,5.902497698467345e-13,0,0,2.128035330239111e-15
n17_vd_0p05,n17,0.05,2.3000000000000003,5.16963977215492e-05,5.1696397719774e-05,5.1696397723114e-05,5.0383295697289024e-05,0.0111737095129366,0.01117370949802341,1.491317962138265e-11,9.17305776750859e-19,-4.39289268311019e-19,1.356595045061878e-18,2.6241577844851984e-14,0,0,1.7204646054960323e-15
n17_vd_0p05,n17,0.05,2.35,5.29336486279605e-05,5.2933648626552e-05,5.29336486341131e-05,5.155063060587283e-05,0.011497847949063103,0.011497847937507086,1.155606641196839e-11,-7.67811367503273e-18,-4.394449809589e-19,-7.23866869407383e-18,-1.3674985348436473e-13,0,0,1.46539724624688e-15
n17_vd_0p05,n17,0.05,2.4000000000000004,5.41489482309791e-05,5.41489482298161e-05,5.41489482237212e-05,5.2694851552646594e-05,0.011821840076070749,0.011821840066743102,9.327650285830148e-12,4.79765875844693e-18,-4.39597283500722e-19,5.237256041947652e-18,9.671944170955948e-14,0,0,1.2621089832151118e-15
n17_vd_0p05,n17,0.05,2.45,5.53429903050866e-05,5.53429903042094e-05,5.53429903057495e-05,5.381664226911461e-05,0.012146023589549559,0.012146023582665876,6.883658754551883e-12,-2.40699401959201e-17,-4.39746314143872e-19,-2.363019388177623e-17,-4.269771790769844e-13,0,0,1.0620984594807648e-15
n17_vd_0p05,n17,0.05,2.5,5.6516440988337e-05,5.65164409876183e-05,5.65164410011128e-05,5.491666021202143e-05,0.012470687695711476,0.012470687690188711,5.522751617359118e-12,3.92308675415093e-17,-4.3989220260089e-19,3.967075974411019e-17,7.019330844417701e-13,0,0,8.981926340412956e-16
n17_vd_1,n17,1.0,0.0,1.70609556257428e-14,1.70609584103603e-14,5.05411207843483e-14,1.78555705357388e-14,0.019770378275517878,0.01977030739180286,7.088371493027716e-08,-5.32156437274226e-19,-5.28122051258217e-19,-4.034386016008929e-21,-2.3646889693834785e-07,0,0,2.3978272035218977e-20
n17_vd_1,n17,1.0,0.05,6.21395275523882e-14,6.21463734696767e-14,7.02809600032497e-14,6.526690622481117e-14,0.021325079816345866,0.021277236189988925,4.7843626356938324e-05,-5.30800994308978e-19,-5.28256197912255e-19,-2.5447963967229842e-21,-4.094842956467405e-08,0,0,2.5445538957991333e-17
n17_vd_1,n17,1.0,0.1,2.30963936983628e-13,2.30982407728882e-13,2.05854649001071e-13,2.4329936871307977e-13,0.022596808204350546,0.02256207801182256,3.473019252795009e-05,-5.32064666084498e-19,-5.28398007816217e-19,-3.666658268280964e-21,-1.587418844722037e-08,0,0,2.426491621878505e-17
n17_vd_1,n17,1.0,0.15000000000000002,8.70365551701445e-13,8.70366188494266e-13,8.62108412642995e-13,9.194335704530618e-13,0.02381866300569282,0.02381834525930842,3.1774638438188185e-07,-4.57922812952091e-19,-5.28548167376115e-19,7.062535442402398e-20,8.114441410713103e-08,0,0,6.32285530087607e-19
n17_vd_1,n17,1.0,0.2,3.31339359747834e-12,3.31340630599558e-12,3.33978235608692e-12,3.5105248105803842e-12,0.02509901803497816,0.025097352302198853,1.6657327793294467e-06,-5.22711315642254e-19,-5.28707552865402e-19,5.996237223148008e-21,1.8096896877083468e-09,0,0,1.2787560724559994e-17
n17_vd_1,n17,1.0,0.25,1.27131785502033e-11,1.27131785505583e-11,1.27261414785714e-11,1.3507345494872026e-11,0.026315862037592504,0.026315862025465393,1.2127092920964857e-11,-4.4159334434559e-19,-5.28877025346336e-19,8.7283681000746e-20,6.865606477060997e-09,0,0,7.1403467161286e-20
n17_vd_1,n17,1.0,0.30000000000000004,4.90672215709206e-11,4.90679698094296e-11,4.90752775456477e-11,5.2278593244317424e-11,0.02753242593730956,0.02752580332107901,6.622616230560528e-06,-1.00848295386099e-18,-5.29057744512626e-19,-4.79425209348364e-19,-9.770634717726406e-09,0,0,7.48562852765991e-16
n17_vd_1,n17,1.0,0.35000000000000003,1.90159833742462e-10,1.90159833749028e-10,1.90133868508823e-10,2.0315207772737558e-10,0.028702479394704734,0.028702479379709097,1.4995677835631344e-11,-1.32785980977359e-19,-5.29251277746653e-19,3.96465296769294e-19,2.0849055710289845e-09,0,0,3.8442498380869e-19
n17_vd_1,n17,1.0,0.4,7.38497284747447e-10,7.38497285046718e-10,7.38506706228422e-10,7.910127636059613e-10,0.029834588364484337,0.029834588188489358,1.7599487354588727e-10,-2.84871902473603e-19,-5.29459808418607e-19,2.44587905945004e-19,3.311967571140511e-10,0,0,5.623301616763577e-19
n17_vd_1,n17,1.0,0.45,2.86607002981387e-09,2.86607003417036e-09,2.86605200885856e-09,3.0768931051533615e-09,0.03082561083235575,0.03082561017221855,6.601372134523536e-10,-1.178846922087e-18,-5.29686747656514e-19,-6.491601744304861e-19,-2.264983642028825e-10,0,0,3.498464432408694e-18
n17_vd_1,n17,1.0,0.5,1.10618480608381e-08,1.10618480639454e-08,1.1061855164034e-08,1.1900046249290088e-08,0.03172096031685517,0.03172096019486073,1.2199436765961574e-10,-4.50439720947821e-19,-5.29938242440367e-19,7.949852149254599e-20,7.186730556502641e-12,0,0,3.286333307787988e-18
n17_vd_1,n17,1.0,0.55,4.20320661509055e-08,4.20320661989453e-08,4.20320548792259e-08,4.526934830461323e-08,0.0322235035136669,0.03222350301729779,4.963691444700352e-10,-1.26955246072047e-18,-5.30226758504758e-19,-7.393257022157121e-19,-1.758956361355997e-11,0,0,4.727703001553476e-17
n17_vd_1,n17,1.0,0.6000000000000001,1.53675219873932e-07,1.53675219872767e-07,1.53675204839937e-07,1.6535336097069591e-07,0.03180918363559834,0.03180918363889061,3.2923104035720567e-12,1.08093597387493e-18,-5.30579003647431e-19,1.6115149775223611e-18,1.0486498596563518e-11,0,0,-1.2734725183359952e-14
n17_vd_1,n17,1.0,0.65,5.15440267375754e-07,5.15440267022875e-07,5.15440237650635e-07,5.518057211466596e-07,0.029607855330203933,0.029607855627529194,2.9732525368297927e-10,-5.52438008189806e-18,-5.31046007654225e-19,-4.993334074243835e-18,-9.687512586249364e-12,0,0,-2.5789117366068746e-14
n17_vd_1,n17,1.0,0.7000000000000001,1.47794411326255e-06,1.47794411326254e-06,1.47794409023862e-06,1.5666377996243645e-06,0.025310588902716875,0.025310588902719786,2.9411987729875357e-15,-5.60386522265028e-19,-5.31690163219866e-19,-2.8696359045161973e-20,-1.941640335899791e-14,0,0,-4.2618113507120986e-20
n17_vd_1,n17,1.0,0.75,3.4503447626865e-06,3.45034476268649e-06,3.45034477359576e-06,3.6149837255007814e-06,0.02024385398060037,0.020243853980601658,1.3018420798469396e-15,-7.14754724961897e-19,-5.32530362782721e-19,-1.8222436217917596e-19,-5.281337799915779e-14,0,0,3.7841707758026016e-20
n17_vd_1,n17,1.0,0.8,6.62955965650004e-06,6.62955965342487e-06,6.62955966281136e-06,6.877447044954944e-06,0.015942572099488312,0.01594257230093899,2.0145070792661022e-10,-1.78750848848933e-19,-5.33524087694179e-19,3.54773238845246e-19,5.351384667938964e-14,0,0,9.562421773379252e-17
n17_vd_1,n17,1.0,0.8500000000000001,1.09621338879337e-05,1.09621338877145e-05,1.09621339009416e-05,1.1290135683639956e-05,0.012804059160886097,0.012804059169570389,8.684202783759125e-12,-2.03899865684528e-18,-5.34617132750912e-19,-1.5043815240943678e-18,-1.372343687373095e-13,0,0,-2.3288806738279038e-17
n17_vd_1,n17,1.0,0.9,1.62876610007661e-05,1.62876610007548e-05,1.62876610046187e-05,1.6690149549693678e-05,0.010601506461018114,0.010601506461319353,3.0130411692467905e-13,-4.89449286399592e-18,-5.35773660881583e-19,-4.358719203114337e-18,-2.6760866418525937e-13,0,0,-9.208163611132141e-19
n17_vd_1,n17,1.0,0.9500000000000001,2.24384664458864e-05,2.24384664458857e-05,2.24384664703672e-05,2.290992337987997e-05,0.00903046493642606,0.009030464936439567,1.350058453174623e-14,-3.54558830327935e-18,-5.36974091620678e-19,-3.008614211658672e-18,-1.3408288034810547e-13,0,0,-3.180517422041213e-18
n17_vd_1,n17,1.0,1.0,2.92721675558555e-05,2.92721675558555e-05,2.927216755234e-05,2.9807489654842356e-05,0.007870519481388399,0.007870519481388399,0.0,-1.66656419725495e-18,-5.38207595121384e-19,-1.1283566021335662e-18,-3.8547080600727625e-14,0,0,-2.047216104605257e-18
n17_vd_1,n17,1.0,1.05,3.66739001759023e-05,3.66739001759022e-05,3.66739001914889e-05,3.726855230526848e-05,0.006985424408790775,0.006985424408791914,1.1089765865362815e-15,8.51415714561508e-19,-5.39467320038907e-19,1.390883034600415e-18,3.7925691784326244e-14,0,0,-6.678906005518213e-18
n17_vd_1,n17,1.0,1.1,4.45524447676018e-05,4.45524447676018e-05,4.4552444788045e-05,4.5202099169177785e-05,0.006287063288287642,0.006287063288287642,0.0,7.01103375489107e-19,-5.40748400404091e-19,1.241851775893198e-18,2.7873931102345774e-14,0,0,2.91895151771261e-19
n17_vd_1,n17,1.0,1.1500000000000001,5.28347151881346e-05,5.28347151881346e-05,5.28347152018781e-05,5.353508683229164e-05,0.005719140775172847,0.005719140775172847,0.0,-1.87677800988888e-18,-5.42046912490363e-19,-1.3347310973985172e-18,-2.5262388424841277e-14,0,0,-3.48471312082808e-19
n17_vd_1,n17,1.0,1.2000000000000002,6.14612957472496e-05,6.14612957472496e-05,6.14612957590842e-05,6.220788256288357e-05,0.005243707086334545,0.005243707086334545,0.0,4.98707308303705e-18,-5.43359372183796e-19,5.530432455220846e-18,8.998236024772277e-14,0,0,5.930944095794936e-18
n17_vd_1,n17,1.0,1.25,7.03848626024741e-05,7.03848626024743e-05,7.03848626141504e-05,7.117312197020837e-05,0.004836749169218508,0.004836749169217364,1.157192959863943e-15,1.33852908973614e-18,-5.44683217888311e-19,1.883212307624451e-18,2.6755927879842858e-14,0,0,1.647479379879812e-18
n17_vd_1,n17,1.0,1.3,7.95663220515876e-05,7.95663220515874e-05,7.95663220605895e-05,8.039161482731578e-05,0.004481469139358835,0.004481469139359885,1.1089765865362815e-15,4.8780886619102e-18,-5.46016144638342e-19,5.424104806548542e-18,6.817086257967012e-14,0,0,5.214487619846632e-18
n17_vd_1,n17,1.0,1.35,8.89733473558631e-05,8.89733473558631e-05,8.89733473652771e-05,8.983107730774987e-05,0.004166678124702384,0.004166678124702384,0.0,6.44651828495981e-18,-5.47356176893131e-19,6.993874461852941e-18,7.86063992161588e-14,0,0,6.5229616130663005e-18
n17_vd_1,n17,1.0,1.4000000000000001,9.85780935677181e-05,9.85780935677182e-05,9.85780935404462e-05,9.946360631742086e-05,0.0038837867380434113,0.0038837867380429334,4.821637332766433e-16,-1.04465285709472e-17,-5.48701343424217e-19,-9.897827227522984e-18,-1.004059509501842e-13,0,0,-9.795548639782983e-18
n17_vd_1,n17,1.0,1.4500000000000002,0.000108357444197157,0.000108357444197157,0.000108357444195924,0.00010926583579881261,0.0036256392356862326,0.0036256392356862326,0.0,-7.4991489160464e-18,-5.50050076014837e-19,-6.949098840031564e-18,-6.413125458540382e-14,0,0,-7.335235762903723e-18
n17_vd_1,n17,1.0,1.5,0.000118291582914183,0.000118291582900916,0.000118291582934254,0.00011921788121177084,0.00338755577912832,0.0033875558278366677,4.870832498745796e-11,-9.28917868725512e-18,-5.514009537329e-19,-8.737777733522219e-18,-7.386643681014228e-14,0,0,-1.0175727758362027e-13
n17_vd_1,n17,1.0,1.55,0.000128363547662519,0.000128363547884117,0.000128363547876406,0.00012930289143944315,0.003166525121596777,0.003166524371860718,7.497360605050244e-10,-2.5409113930775e-18,-5.52752760512341e-19,-1.988158632565159e-18,-1.548849860678526e-14,0,0,1.535940506314475e-13
n17_vd_1,n17,1.0,1.6,0.000138558623741475,0.000138558623728566,0.000138558623721278,0.0001395057908964784,0.002958674595873639,0.002958674636335256,4.046163757451427e-11,-1.3571847087207e-17,-5.5410441195708e-19,-1.3017742675249921e-17,-9.395115457231633e-14,0,0,-6.558006691666033e-14
n17_vd_1,n17,1.0,1.6500000000000001,0.000148863985320544,0.000148863985314399,0.000148863985309957,0.00014981381987332035,0.002762236017696242,0.0027622360356236507,1.7927329767328895e-11,6.10995910998677e-18,-5.55454952345507e-19,6.665414062332277e-18,4.4775195614002944e-14,0,0,-4.722110052184135e-14
n17_vd_1,n17,1.0,1.7000000000000002,0.000159268382482235,0.000159268382600832,0.00015926838258186,0.00016021564485145295,0.0025753526949624196,0.0025753523715710074,3.2339136239634654e-10,-8.79050966287934e-18,-5.56803535118844e-19,-8.233706127760495e-18,-5.169705369832445e-14,0,0,8.638156095719332e-14
n17_vd_1,n17,1.0,1.75,0.000169761610494955,0.000169761610698795,0.000169761610691066,0.0001707011782203253,0.002397032086377494,0.0023970315649016415,5.214758921960623e-10,1.21677585042523e-18,-5.58149337988894e-19,1.7749251884141238e-18,1.0455397902434738e-14,0,0,1.78364823085789e-13
n17_vd_1,n17,1.0,1.8,0.000180334592728496,0.000180334593029258,0.000180334592991068,0.00018126091429239406,0.002225122911657034,0.0022251221873407557,7.243162920970722e-10,6.57864268721669e-18,-5.59491670001397e-19,7.138134357218087e-18,3.9582723632287094e-14,0,0,2.80478952309907e-13
n17_vd_1,n17,1.0,1.85,0.000190979411044009,0.000190979411394382,0.00019097941138241,0.00019188698002490284,0.002058958152517326,0.0020589573557557596,7.967615857605145e-10,-7.11637126199783e-18,-5.60829974839956e-19,-6.555541287157873e-18,-3.432590580992185e-14,0,0,3.3414959403855584e-13
n17_vd_1,n17,1.0,1.9000000000000001,0.000201688668778324,0.000201688669154242,0.000201688669137905,0.00020257201226050954,0.0018979427309875844,0.0018979419215266456,8.094610070095639e-10,-1.30632554592964e-17,-5.62163689008148e-19,-1.2501091770288251e-17,-6.198212236071628e-14,0,0,3.62835445452384e-13
n17_vd_1,n17,1.0,1.9500000000000002,0.000212455958919819,0.000212455959362229,0.000212455959377552,0.0002133092846751572,0.0017408427230616395,0.0017408418187037742,9.043578691216715e-10,-2.37684757962464e-17,-5.63492233985694e-19,-2.3204983562260706e-17,-1.0922255902785541e-13,0,0,4.3186528787133297e-13
n17_vd_1,n17,1.0,2.0,0.000223275264012005,0.000223275264468586,0.000223275264468048,0.00022409266844535292,0.0015870365494461526,0.001587035661346919,8.880993080691349e-10,-1.10133454467308e-18,-5.64815144951242e-19,-5.36519399721838e-19,-2.402950461166397e-15,0,0,4.4798379854046197e-13
n17_vd_1,n17,1.0,2.0500000000000003,0.000234141046664186,0.000234141047100597,0.00023414104708327,0.000234916518613753,0.001436000697298578,0.00143599988782536,8.094731575356198e-10,-1.81779209328253e-18,-5.66131993128343e-19,-1.2516601001541868e-18,-5.345752552376774e-15,0,0,4.293934048697981e-13
n17_vd_1,n17,1.0,2.1,0.000245048200197179,0.000245048200601422,0.000245048200589229,0.0002457756372572793,0.001287313729847249,0.001287313013414658,7.164326257728359e-10,-1.30752623121855e-17,-5.6744238737618e-19,-1.250781992480932e-17,-5.104228431023516e-14,0,0,3.9851269821358036e-13
n17_vd_1,n17,1.0,2.15,0.000255991973835072,0.00025599197419491,0.000255991974215001,0.0002566651401960797,0.001140538562766732,0.0011405379522957595,6.104709738513803e-10,3.40316695798209e-18,-5.68745966509906e-19,3.971912924491996e-18,1.5515771293157093e-14,0,0,3.551093286077905e-13
n17_vd_1,n17,1.0,2.2,0.000266967928667548,0.000266967928979408,0.000266967928998654,0.0002675804319919084,0.0009952586142272558,0.0009952581069038395,5.073234223136891e-10,1.38467050622955e-17,-5.70042396829516e-19,1.4416747459125014e-17,5.400179532514941e-14,0,0,3.0794354983156583e-13
n17_vd_1,n17,1.0,2.25,0.000277971882272471,0.00027797188253537,0.000277971882557135,0.00027851717466865664,0.0008511130687225672,0.0008511126579774635,4.107450623129909e-10,-3.99815608735969e-17,-5.71331365917514e-19,-3.941022950767938e-17,-1.417777551751649e-13,0,0,2.596228249377409e-13
n17_vd_1,n17,1.0,2.3000000000000003,0.00028899989009014,0.000288999890308866,0.000288999890300447,0.0002894712472922882,0.0007077548523165443,0.0007077545236261284,3.2869034182107875e-10,3.36648488804069e-19,-5.72612585016121e-19,9.092610738201899e-19,3.1462332835089504e-15,0,0,2.1600570815170302e-13
n17_vd_1,n17,1.0,2.35,0.000300048206021691,0.000300048206201466,0.00030004820622771,0.0003004387114812142,0.0005648562364587681,0.000564855976249643,2.602091089939603e-10,-7.72972635091329e-18,-5.73885784152238e-19,-7.155840566761051e-18,-2.384896966174927e-14,0,0,1.7754000836653617e-13
n17_vd_1,n17,1.0,2.4000000000000004,0.000311113238727151,0.000311113238872849,0.000311113238863867,0.0003114157798733412,0.00042212316777997703,0.0004221229643947296,2.033851487301701e-10,-1.31540938375043e-17,-5.75150706993752e-19,-1.2578943130510548e-17,-4.0432040681018795e-14,0,0,1.43784957570842e-13
n17_vd_1,n17,1.0,2.45,0.00032219153225211,0.000322191532369293,0.000322191532361445,0.00032239877295705784,0.00027925799366939567,0.0002792578357138671,1.5795548893425058e-10,8.869657005964e-18,-5.76407109672475e-19,9.446064115636476e-18,2.931816378342769e-14,0,0,1.1557721551607568e-13
n17_vd_1,n17,1.0,2.5,0.000333279743036906,0.000333279743130669,0.00033327974312879,0.0003333841447404691,0.00013602381938093453,0.0001360236971990919,1.2218192935180762e-10,2.26203910221921e-17,-5.77654761578706e-19,2.3198045783770805e-17,6.960532784218916e-14,0,0,9.246453642623708e-14
n18_vd_0p05,n18,0.05,0.0,2.41688346038588e-15,2.41688416230477e-15,-6.47572490697499e-15,2.564834293678532e-15,0.025803602195388176,0.025803476066238243,1.2612914995271925e-07,-4.29470717074497e-19,-4.25732976894174e-19,-3.7377401803229975e-21,-1.5465119258171825e-06,0,0,-3.4102535358780236e-21
n18_vd_0p05,n18,0.05,0.05,8.56159655741229e-15,8.56355615947011e-15,2.55289839264336e-14,9.124571121979997e-15,0.027657701662490333,0.027558310506309445,9.939115618076945e-05,-4.56124492411004e-19,-4.25750824404128e-19,-3.037366800687604e-20,-3.5468522003311625e-06,0,0,6.918146191096018e-18
n18_vd_0p05,n18,0.05,0.1,3.10947038659775e-14,3.10953442995557e-14,4.51583039000118e-14,3.325433125402263e-14,0.029161793462670997,0.029152848727066114,8.944735604876282e-06,-4.37556025150423e-19,-4.25770912164834e-19,-1.1785112985589045e-20,-3.789992762922209e-07,0,0,2.286051464419437e-18
n18_vd_0p05,n18,0.05,0.15000000000000002,1.1434729699721e-13,1.14862375328602e-13,1.14334310834505e-13,1.2325977322298203e-13,0.03259546138940927,0.03064357121524798,0.0019518901741612709,-4.49515927225116e-19,-4.25793416955878e-19,-2.3722510269238018e-20,-2.0652985976802145e-07,0,1,4.065305179262569e-15
n18_vd_0p05,n18,0.05,0.2,4.29851726437077e-13,4.29851721403173e-13,4.2633745573421e-13,4.628007881945916e-13,0.03207541456739445,0.03207541965332665,5.085932230661535e-09,-4.32333302768936e-19,-4.25818540448199e-19,-6.514762320737041e-21,-1.515583629506189e-08,0,0,-1.3312292847910049e-20
n18_vd_0p05,n18,0.05,0.25,1.62533374979299e-12,1.62533378771928e-12,1.61912782571288e-12,1.7555344326556135e-12,0.03346679853265031,0.03346678839862198,1.0134028316780024e-08,-6.42464272704909e-19,-4.25846521072524e-19,-2.1661775163238502e-19,-1.332758558697964e-07,0,0,9.577148214770009e-21
n18_vd_0p05,n18,0.05,0.30000000000000004,6.19661474266946e-12,6.19661475614211e-12,6.18724673156116e-12,6.713970110625185e-12,0.03482490758174747,0.03482490663750641,9.442410065622332e-10,-4.96636544579095e-19,-4.25877723714023e-19,-7.075882086507201e-20,-1.141894786906602e-08,0,0,-5.716516535308602e-20
n18_vd_0p05,n18,0.05,0.35000000000000003,2.37788434345899e-11,2.37788434358062e-11,2.37873924834147e-11,2.5842915622791854e-11,0.03615078221337966,0.03615078219116523,2.2214440384446692e-11,-1.01346372650326e-18,-4.25912698607497e-19,-5.875510278957631e-19,-2.4708982566032974e-08,0,0,-5.868777921177129e-19
n18_vd_0p05,n18,0.05,0.4,9.16868086727366e-11,9.16868087046905e-11,9.16817755924828e-11,9.994187159620155e-11,0.03744062157133473,0.03744062141997819,1.5135659608297636e-10,-2.07372287869178e-19,-4.2595235154939e-19,2.1858006368021203e-19,2.383985949213542e-09,0,0,3.2382995845389803e-19
n18_vd_0p05,n18,0.05,0.45,3.5452701094359e-10,3.54527010868593e-10,3.54519572452998e-10,3.87553978600478e-10,0.03868287058164128,0.03868287067351236,9.187109201726229e-11,-7.3601850271606e-19,-4.25998244147278e-19,-3.1002025856878205e-19,-8.744616039529142e-10,0,0,-8.28181181397112e-19
n18_vd_0p05,n18,0.05,0.5,1.37099874014478e-09,1.37099873980591e-09,1.37099035198398e-09,1.5027376066342164e-09,0.03984609924297724,0.03984609935032186,1.0734464233275195e-10,-6.47660512955977e-19,-4.26053335410479e-19,-2.2160717754549804e-19,-1.616392277478465e-10,0,0,-3.290594443073001e-18
n18_vd_0p05,n18,0.05,0.55,5.27848968440727e-09,5.27848969994735e-09,5.2784955751875e-09,5.799052517849537e-09,0.04084736469578752,0.040847363417207586,1.278579895787418e-09,-2.4821998774567e-18,-4.26123714707162e-19,-2.056076162749538e-18,-3.8951978304893657e-10,0,0,-6.96152751955898e-16
n18_vd_0p05,n18,0.05,0.6000000000000001,2.00538686901306e-08,2.00538691934988e-08,2.00538805878501e-08,2.2063880393400094e-08,0.04148372764472475,0.04148371674358482,1.0901139997377911e-08,2.53245401197983e-18,-4.2622330465048e-19,2.95867731663031e-18,1.4753648226594967e-10,0,0,-5.6490836279889e-15
n18_vd_0p05,n18,0.05,0.65,7.37028566925247e-08,7.37028606466962e-08,7.37028611221602e-08,8.102478248097265e-08,0.04113355253796006,0.04113352923798374,2.3299976342364903e-08,4.21982735202267e-18,-4.26384850380659e-19,4.646212202403329e-18,6.303978111074309e-11,0,0,-9.09623512044205e-15
n18_vd_0p05,n18,0.05,0.7000000000000001,2.50903974357777e-07,2.50903975842756e-07,2.50903972763831e-07,2.74255381553883e-07,0.03864761757756376,0.03864761500718523,2.5703784993458857e-09,-4.59439770049849e-18,-4.26673483063401e-19,-4.167724217435089e-18,-1.66108337001684e-11,0,0,-3.1249797700126405e-15
n18_vd_0p05,n18,0.05,0.75,7.34496140648672e-07,7.34496140648679e-07,7.34496137126905e-07,7.923514603046252e-07,0.03292834450059974,0.03292834450059563,4.1466081061791144e-15,1.75242920575774e-18,-4.27161182502051e-19,2.179590388259791e-18,2.967463363844036e-12,0,0,2.177753606238031e-18
n18_vd_0p05,n18,0.05,0.8,1.72399325271383e-06,1.72399323330372e-06,1.72399324157433e-06,1.82603228086105e-06,0.024972889016316665,0.024972893905955137,4.889638454520138e-09,-4.69969502339215e-19,-4.27820425840991e-19,-4.214907649822403e-20,-2.4448516202962685e-14,0,0,3.808028631291585e-15
n18_vd_0p05,n18,0.05,0.8500000000000001,3.22737116985553e-06,3.22737114851173e-06,3.22737113782273e-06,3.3592723149584414e-06,0.017396295650203366,0.01739629852235359,2.872150139329953e-09,-4.38410974399604e-19,-4.28511991721323e-19,-9.898982678280979e-21,-3.06719686790464e-15,0,0,-1.962091504030284e-15
n18_vd_0p05,n18,0.05,0.9,5.0743767801907e-06,5.07437677522366e-06,5.0743767694087e-06,5.211289982321594e-06,0.01156252905462108,0.011562529479729071,4.251079970839964e-10,-1.31754690698567e-18,-4.29136579545003e-19,-8.88410327440667e-19,-1.7507772220983909e-13,0,0,-3.9113390110131455e-16
n18_vd_0p05,n18,0.05,0.9500000000000001,7.09704470488251e-06,7.09704470454366e-06,7.09704469730113e-06,7.2183440893738915e-06,0.007360039593014813,0.007360039613750254,2.0735451350057066e-11,-4.40581232584973e-18,-4.29677510101963e-19,-3.976134815747767e-18,-5.602521868295647e-13,0,0,-2.95346155175006e-17
n18_vd_0p05,n18,0.05,1.0,9.19383775157844e-06,9.19383775156094e-06,9.19383774700419e-06,9.285483520487246e-06,0.004307688302413829,0.0043076883032405035,8.267179370769199e-13,1.40863038246199e-19,-4.30149811827936e-19,5.71012850074135e-19,6.210821481782054e-14,0,0,-1.826660887059941e-18
n18_vd_0p05,n18,0.05,1.05,1.13111766155137e-05,1.13111766155133e-05,1.13111765983759e-05,1.1363943916625563e-05,0.00202129810360989,0.0020212981036252476,1.5332806718197537e-14,-1.44719788554385e-17,-4.30570531388436e-19,-1.4041408324050066e-17,-1.2413746864134584e-12,0,0,-1.3091315973712963e-17
n18_vd_0p05,n18,0.05,1.1,1.34208906126642e-05,1.34208906126646e-05,1.34208906161449e-05,1.3428653690463922e-05,0.00025113736806034405,0.00025113736804733313,1.2921988051813855e-14,4.40309507977522e-18,-4.30952424141661e-19,4.834047503916881e-18,3.601882798564233e-13,0,0,6.383445156012131e-18
n18_vd_0p05,n18,0.05,1.1500000000000001,1.55077031213791e-05,1.5507703121378e-05,1.55077031163025e-05,1.5466345368587615e-05,0.0011597744157566484,0.0011597744157259009,3.076204618305095e-14,-2.76465555987009e-18,-4.31304311699776e-19,-2.333351248170314e-18,-1.5046401326536193e-13,0,0,-3.507750471643405e-18
n18_vd_0p05,n18,0.05,1.2000000000000002,1.75631795881316e-05,1.75631795881321e-05,1.75631795888011e-05,1.7469848101588623e-05,0.002314013270393198,0.0023140132704056074,1.2439824318537225e-14,-5.71382277563602e-18,-4.31632227166014e-19,-5.282190548470006e-18,-3.0075366034743053e-13,0,0,-4.781244883656876e-18
n18_vd_0p05,n18,0.05,1.25,1.95826956935964e-05,1.95826955374155e-05,1.95826955335122e-05,1.9435383269528347e-05,0.003279365800386788,0.003279362336690914,3.4636959020960218e-09,5.26942028112585e-18,-4.31940474663361e-19,5.701360755789211e-18,2.911427972158357e-13,0,0,4.061939989745069e-13
n18_vd_0p05,n18,0.05,1.3,2.15638275908973e-05,2.15638275051493e-05,2.1563827505382e-05,2.136109683515659e-05,0.004102302070734802,0.0041023003437740775,1.7269607359749888e-09,5.9824696321208e-18,-4.32232175085991e-19,6.414701807206791e-18,2.9747510295540077e-13,0,0,2.691870287717493e-13
n18_vd_0p05,n18,0.05,1.35,2.35054890652098e-05,2.35054890135819e-05,2.35054890276143e-05,2.3246285891425382e-05,0.004815717119314181,0.004815716165421537,9.53892624734408e-10,-1.8574670508062e-17,-4.32509662631197e-19,-1.8142160845430805e-17,-7.718265650609495e-13,0,0,1.8574085106308575e-13
n18_vd_0p05,n18,0.05,1.4000000000000001,2.54074254512388e-05,2.54074254181842e-05,2.54074254227319e-05,2.5090933772677743e-05,0.005443835855370654,0.0054438352903613705,5.650092509448898e-10,1.41718669142879e-17,-4.32774731660422e-19,1.460464164594832e-17,5.748178497257624e-13,0,0,1.3229047145231475e-13
n18_vd_0p05,n18,0.05,1.4500000000000002,2.72699060199949e-05,2.72699059979766e-05,2.72699059852078e-05,2.6895455620013627e-05,0.006004735433214795,0.0060047350825561535,3.5065863788620307e-10,5.11451685925958e-18,-4.33028795274863e-19,5.547545654534443e-18,2.034310516122082e-13,0,0,9.665503053944245e-14
n18_vd_0p05,n18,0.05,1.5,2.90935313674461e-05,2.90935313524143e-05,2.90935313524688e-05,2.8660533244949214e-05,0.006512172606634682,0.006512172382247019,2.2438762246081193e-10,1.66755026400468e-17,-4.33272990330612e-19,1.7108775630377413e-17,5.880611543210845e-13,0,0,7.207039731816878e-14
n18_vd_0p05,n18,0.05,1.55,3.08790920305072e-05,3.08790920201312e-05,3.08790920081523e-05,3.038701059170421e-05,0.006976544616281039,0.006976544470349357,1.4593172375440027e-10,1.94881365854213e-17,-4.33508254549776e-19,1.9921644839971074e-17,6.451499554126602e-13,0,0,5.4653879200299687e-14
n18_vd_0p05,n18,0.05,1.6,3.26275184220533e-05,3.26275184148786e-05,3.26275184047688e-05,3.207582626073877e-05,0.007406191105070291,0.007406191009570266,9.550004914017846e-11,1.32269405852773e-17,-4.33735364921781e-19,1.3660675950199081e-17,4.1868571726771664e-13,0,0,4.204523051012265e-14
n18_vd_0p05,n18,0.05,1.6500000000000001,3.43397984221752e-05,3.43397984172623e-05,3.43397984294457e-05,3.372796937923021e-05,0.007807546571555018,0.007807546509421737,6.213330624753937e-11,-2.32845046050152e-17,-4.3395496265286e-19,-2.2850549642362338e-17,-6.654246878419524e-13,0,0,3.269075917640337e-14
n18_vd_0p05,n18,0.05,1.7000000000000002,3.60169944702913e-05,3.60169944670398e-05,3.60169944622158e-05,3.534445052816033e-05,0.008186234766286899,0.008186234727080103,3.920675824217338e-11,-6.77154406361738e-18,-4.34167619629089e-19,-6.337376443988291e-18,-1.7595517165619715e-13,0,0,2.5728179888655846e-14
n18_vd_0p05,n18,0.05,1.75,3.76601611673946e-05,3.76601611652907e-05,3.76601611745626e-05,3.6926282578692466e-05,0.008546585447022427,0.00854658542276045,2.42619486790518e-11,2.35782379429201e-17,-4.34373824936636e-19,2.4012611767856735e-17,6.376130909919694e-13,0,0,2.036610918256235e-14
n18_vd_0p05,n18,0.05,1.8,3.92703448907619e-05,3.92703448895283e-05,3.92703448815428e-05,3.8474468230871845e-05,0.008892089458383788,0.00889208944474129,1.364248531866361e-11,1.85317226809673e-17,-4.34574005443649e-19,1.8966296686410947e-17,4.829674080980235e-13,0,0,1.6293144901933452e-14
n18_vd_0p05,n18,0.05,1.85,4.08485767735375e-05,4.08485767729353e-05,4.08485767639636e-05,3.9989975018821756e-05,0.009225796816684825,0.009225796810282363,6.402459348734432e-12,1.24187245700807e-18,-4.3476853813198e-19,1.67664099514005e-18,4.10452732407296e-14,0,0,1.3094762866647141e-14
n18_vd_0p05,n18,0.05,1.9000000000000001,4.23958654812206e-05,4.23958654810434e-05,4.23958654830056e-05,4.147375832670313e-05,0.009550112853510028,0.009550112851694836,1.8152018066703734e-12,4.70074829913998e-18,-4.34957758555577e-19,5.135706057695557e-18,1.211369552059717e-13,0,0,1.0584444193976863e-14
n18_vd_0p05,n18,0.05,1.9500000000000002,4.39131926615202e-05,4.39131926616349e-05,4.39131926708012e-05,4.2926768862012064e-05,0.009866813207865924,0.009866813209000335,1.1343383989051502e-12,2.5958842907077e-17,-4.35141967514309e-19,2.639398487459131e-17,6.010490987973784e-13,0,0,8.61364725092876e-15
n18_vd_0p05,n18,0.05,2.0,4.54015102181104e-05,4.54015102184466e-05,4.54015102218282e-05,4.434988917334545e-05,0.010177760395861803,0.010177760399077833,3.216032100943305e-12,-1.67043737659481e-17,-4.35321436369933e-19,-1.6269052329578165e-17,-3.5833725026547817e-13,0,0,7.0087376934336646e-15
n18_vd_0p05,n18,0.05,2.0500000000000003,4.68617388504859e-05,4.68617388509089e-05,4.68617388334041e-05,4.574399816177598e-05,0.010484278918117389,0.010484278922037585,3.92018401701473e-12,2.77711661883735e-17,-4.35496411327329e-19,2.820666259970083e-17,6.019124192006749e-13,0,0,5.741738139621431e-15
n18_vd_0p05,n18,0.05,2.1,4.82947674770327e-05,4.82947674775547e-05,4.82947674762915e-05,4.71099527655248e-05,0.010787410631425891,0.010787410636120067,4.694153241662722e-12,1.57187241328193e-17,-4.35667116917038e-19,1.6154391249736338e-17,3.344956833521187e-13,0,0,4.73531638721633e-15
n18_vd_0p05,n18,0.05,2.15,4.97014532820282e-05,4.97014532825979e-05,4.97014532854462e-05,4.844856710292136e-05,0.011088150748266412,0.011088150753244493,4.9780512478128485e-12,3.11625876248327e-17,-4.35833758866242e-19,3.1598421383698943e-17,6.357645359791235e-13,0,0,3.8939155372948185e-15
n18_vd_0p05,n18,0.05,2.2,5.10826222329933e-05,5.10826222336109e-05,5.10826222371788e-05,4.9760626681166715e-05,0.011387341691047175,0.011387341696297853,5.250666622604252e-12,-1.50049486736499e-17,-4.35996526416522e-19,-1.4568952147233377e-17,-2.8520368591507867e-13,0,0,3.2454615065837588e-15
n18_vd_0p05,n18,0.05,2.25,5.2439070101442e-05,5.24390701020576e-05,5.24390700866523e-05,5.104688905461228e-05,0.011685701706257304,0.011685701711355616,5.0983028828906486e-12,-1.30715816105476e-17,-4.36155594361811e-19,-1.2635426016185789e-17,-2.4095442561423303e-13,0,0,2.6978836759570434e-15
n18_vd_0p05,n18,0.05,2.3000000000000003,5.37714353041063e-05,5.37714353046927e-05,5.37714352983994e-05,5.230808468878064e-05,0.01198281091344601,0.011982810918182167,4.736101486457335e-12,-3.44928190342812e-18,-4.3631113136344e-19,-3.01297077206468e-18,-5.6032924451278956e-14,0,0,2.238379078989365e-15
n18_vd_0p05,n18,0.05,2.35,5.50804476639848e-05,5.5080447664514e-05,5.5080447656376e-05,5.3544917913698895e-05,0.012279204194899748,0.01227920419907237,4.1725485150093735e-12,2.20635192438188e-17,-4.36463286296943e-19,2.2499982530115744e-17,4.0849309481214563e-13,0,0,1.860827515655798e-15
n18_vd_0p05,n18,0.05,2.4000000000000004,5.63669460076934e-05,5.63669460082174e-05,5.63669459911642e-05,5.4758067915843895e-05,0.012576389060487922,0.012576389064525222,4.037349804199881e-12,-7.95437015704733e-19,-4.36612192272043e-19,-3.5882482343269e-19,-6.3658730664666325e-15,0,0,1.5882649113250929e-15
n18_vd_0p05,n18,0.05,2.45,5.76316107299322e-05,5.76316107304201e-05,5.76316107410431e-05,5.594818973902257e-05,0.012874718678253674,0.012874718681930285,3.676691331712155e-12,-1.19494467087111e-18,-4.36757980875046e-19,-7.58186689996064e-19,-1.3155743530101702e-14,0,0,1.318590165301606e-15
n18_vd_0p05,n18,0.05,2.5,5.88750857997066e-05,5.88750858001284e-05,5.88750857941936e-05,5.711591527543708e-05,0.013174412341053722,0.01317441234416513,3.1114025708230353e-12,2.47685784113486e-17,-4.36900776416384e-19,2.5205479187764984e-17,4.281179185595346e-13,0,0,1.112512618730507e-15
n18_vd_1,n18,1.0,0.0,2.00999002806691e-14,2.00999002818422e-14,2.97443943205996e-14,2.1129801219147843e-14,0.021701508589594614,0.02170150856424765,2.5346961726626862e-11,-5.17823135306456e-19,-5.26177059321321e-19,8.353924014864963e-21,4.15620172126511e-07,0,0,8.120290246911966e-21
n18_vd_1,n18,1.0,0.05,7.24649130910985e-14,7.24649151669191e-14,6.90130991603991e-14,7.641832949356535e-14,0.023069764086058236,0.023069751645314426,1.244074381945428e-08,-5.25203598513346e-19,-5.26313195250758e-19,1.109596737411938e-21,1.5312192594941162e-08,0,0,5.3618641899612795e-18
n18_vd_1,n18,1.0,0.1,2.66452310349419e-13,2.66452320724068e-13,2.7046090800292e-13,2.8172360019373277e-13,0.02420373941344275,0.024203722503652294,1.6909790381599427e-08,-5.3665363102327e-19,-5.26457956285777e-19,-1.0195674737493037e-20,-3.826453719669962e-08,0,0,1.833913266771854e-18
n18_vd_1,n18,1.0,0.15000000000000002,9.93515341469416e-13,9.93540185336567e-13,9.94117713329707e-13,1.0531986702101703e-12,0.025335724384867073,0.025324864542987616,1.0859841879418325e-05,-5.24449751794606e-19,-5.26612112094907e-19,2.1623603003009405e-21,2.1764195673357987e-09,0,0,4.0224831374067035e-15
n18_vd_1,n18,1.0,0.2,3.7440546536864e-12,3.74405467139817e-12,3.74382914379577e-12,3.979109878371396e-12,0.026443752127410167,0.026443750072919898,2.054490308655827e-09,-5.4045876649254e-19,-5.26776694298417e-19,-1.3682072194122987e-20,-3.654346262260532e-09,0,0,3.7175098682259844e-21
n18_vd_1,n18,1.0,0.25,1.42266131241526e-11,1.42266131578805e-11,1.42620921619619e-11,1.5159358733660196e-11,0.027579308749911942,0.027579307720303467,1.0296084810758538e-09,-4.48949434470897e-19,-5.26952813406424e-19,7.800337893552698e-20,5.4829197975569356e-09,0,0,1.12034063237174e-19
n18_vd_1,n18,1.0,0.30000000000000004,5.43987016824828e-11,5.43987046408394e-11,5.43972702978488e-11,5.811137974060199e-11,0.028672652385293554,0.028672628767121178,2.3618172373467757e-08,-4.5839783736064e-19,-5.27141757078929e-19,6.874391971828903e-20,1.2637050858501521e-09,0,0,2.660798898107469e-18
n18_vd_1,n18,1.0,0.35000000000000003,2.08922503015663e-10,2.08922503396726e-10,2.08912306905702e-10,2.2373679738342176e-10,0.02975219690299872,0.0297521961108697,7.921289566196669e-10,-5.71385578630989e-19,-5.27345350569183e-19,-4.404022806180597e-20,-2.1079695746406666e-10,0,0,3.3508223417572406e-19
n18_vd_1,n18,1.0,0.4,8.04182823855438e-10,8.04182824053518e-10,8.04166943990353e-10,8.631319823086185e-10,0.030722416179189256,0.030722416072217328,1.06971977956862e-10,6.30496280607382e-19,-5.27566230702547e-19,1.158062511309929e-18,1.440048800685229e-09,0,0,1.495675431073539e-18
n18_vd_1,n18,1.0,0.45,3.09324640893636e-09,3.09324641429577e-09,3.09324785252649e-09,3.3274597960198604e-09,0.03169829941237602,0.031698298659910217,7.524657822598758e-10,4.33503280359107e-19,-5.27808454072024e-19,9.61311734431131e-19,3.10777612151533e-10,0,0,2.6176170889752652e-18
n18_vd_1,n18,1.0,0.5,1.18295643617263e-08,1.18295643634571e-08,1.18295616825084e-08,1.2749184462905998e-08,0.03251365330896002,0.03251365324541774,6.354223688345396e-11,9.1784708927912e-20,-5.28079209231496e-19,6.19863918159408e-19,5.2399555817477076e-11,0,0,-8.517262734797532e-17
n18_vd_1,n18,1.0,0.55,4.45206037835783e-08,4.45206037946122e-08,4.45205937856968e-08,4.8027145160752785e-08,0.03292572642896659,0.03292572632133196,1.0763466379171368e-10,-2.5537880362729e-18,-5.28392564754494e-19,-2.025395471518406e-18,-4.54934412134706e-11,0,0,-1.9234467479328455e-15
n18_vd_1,n18,1.0,0.6000000000000001,1.61159706173376e-07,1.61159706173376e-07,1.61159706690701e-07,1.73639070665349e-07,0.03239098587223745,0.03239098587223745,0.0,1.77298915076495e-18,-5.28777502002083e-19,2.3017666527670332e-18,1.428251954176925e-11,0,0,2.297987057566693e-18
n18_vd_1,n18,1.0,0.65,5.35230574279534e-07,5.35230574279534e-07,5.35230578988069e-07,5.735448213990683e-07,0.030026448904304632,0.030026448904304632,0.0,-4.059382115786e-18,-5.2928681117777e-19,-3.5300953046082296e-18,-6.59546646669062e-12,0,0,-3.87434269284131e-18
n18_vd_1,n18,1.0,0.7000000000000001,1.52174400598248e-06,1.52174400598248e-06,1.52174400538926e-06,1.6139052372002614e-06,0.025536431120622632,0.025536431120622632,0.0,-1.22054215150437e-18,-5.29979770716051e-19,-6.90562380788319e-19,-4.5379668201319634e-13,0,0,-7.017888487565889e-19
n18_vd_1,n18,1.0,0.75,3.53166516828904e-06,3.53166516828904e-06,3.53166517587116e-06,3.700537727324882e-06,0.0202853141711455,0.0202853141711455,0.0,1.58885706983944e-18,-5.30864522437092e-19,2.119721592276532e-18,6.002045752552069e-13,0,0,2.139277020988711e-18
n18_vd_1,n18,1.0,0.8,6.76151984062998e-06,6.76151983764849e-06,6.76151983180538e-06,7.012618025914669e-06,0.0158358569799662,0.01583585717146817,1.9150198253154578e-10,-3.30031503168822e-18,-5.31887152461799e-19,-2.768427879226421e-18,-4.094386980589293e-13,0,0,4.78527467838556e-17
n18_vd_1,n18,1.0,0.8500000000000001,1.11563301666834e-05,1.11563301664662e-05,1.11563301800507e-05,1.1484579520053807e-05,0.012593740647621527,0.012593740656076676,8.4551750104482e-12,2.95020422893096e-18,-5.32988440065712e-19,3.4831926689966724e-18,3.12216707198796e-13,0,0,-1.731094618011714e-17
n18_vd_1,n18,1.0,0.9,1.6554047055596e-05,1.65540470555843e-05,1.65540470579308e-05,1.695226295374151e-05,0.010323494915448341,0.010323494915755327,3.0694543260401975e-13,3.20465974164989e-18,-5.34133260010451e-19,3.738793001660341e-18,2.2585371354246006e-13,0,0,4.813248713731054e-18
n18_vd_1,n18,1.0,0.9500000000000001,2.27844201383721e-05,2.27844201383714e-05,2.27844201196219e-05,2.324597149524963e-05,0.008709720625971864,0.008709720625985285,1.3355935411763233e-14,3.82759684190162e-18,-5.35304346986855e-19,4.362901188888475e-18,1.9148616301807402e-13,0,0,4.705981355909285e-18
n18_vd_1,n18,1.0,1.0,2.97032975683926e-05,2.97032975683925e-05,2.97032975848066e-05,3.0222839718102496e-05,0.007530601917217717,0.007530601917219233,1.4464911998299332e-15,-3.46933437118908e-18,-5.36494259706107e-19,-2.932840111482973e-18,-9.873786251274101e-14,0,0,-2.617685053698113e-18
n18_vd_1,n18,1.0,1.05,3.71942927731998e-05,3.71942927731997e-05,3.71942928075077e-05,3.776730680792767e-05,0.006639711051702255,0.0066397110517033,1.1089765865362815e-15,-4.73137693607131e-18,-5.37698919451196e-19,-4.193678016620114e-18,-1.1275057821886757e-13,0,0,-5.995688342334294e-18
n18_vd_1,n18,1.0,1.1,4.51649919522312e-05,4.51649919522312e-05,4.51649919824388e-05,4.578745960683607e-05,0.005944611359978002,0.005944611359978002,0.0,-2.16538111896598e-18,-5.38915766372617e-19,-1.6264653525933631e-18,-3.6011638268719186e-14,0,0,-1.4999547032823232e-18
n18_vd_1,n18,1.0,1.1500000000000001,5.35418698106647e-05,5.35418698106647e-05,5.35418698326709e-05,5.4210031595762056e-05,0.00538612668282843,0.00538612668282843,0.0,1.76346136773183e-18,-5.40142884533518e-19,2.303604252265348e-18,4.302435197745945e-14,0,0,1.262368689152099e-18
n18_vd_1,n18,1.0,1.2000000000000002,6.22649411721923e-05,6.22649411721923e-05,6.2264941149575e-05,6.297488623383515e-05,0.0049238094901321436,0.0049238094901321436,0.0,2.32842144313361e-18,-5.41378209291835e-19,2.869799652425445e-18,4.609013673503807e-14,0,0,1.101028485051689e-18
n18_vd_1,n18,1.0,1.25,7.12859968509501e-05,7.128599685095e-05,7.12859968561985e-05,7.203381130217424e-05,0.004532166784768337,0.004532166784768909,5.785964799319727e-16,-9.46183986847737e-19,-5.42620211315463e-19,-4.035637755322739e-19,-5.661192847959672e-15,0,0,3.4777876691103397e-19
n18_vd_1,n18,1.0,1.3,8.05657292473877e-05,8.05657292473877e-05,8.05657292305183e-05,8.134750897934773e-05,0.004193916024109821,0.004193916024109821,0.0,-6.04004770348406e-19,-5.4386758575199e-19,-6.013718459641603e-20,-7.464362968993538e-16,0,0,-1.022133801657611e-18
n18_vd_1,n18,1.0,1.35,9.0071438181295e-05,9.00714380535496e-05,9.00714380584218e-05,9.088309669204141e-05,0.003896019258806628,0.003896019874752398,6.159457992594622e-10,7.34381532063564e-18,-5.45119089888091e-19,7.88893441052373e-18,8.758530540873092e-14,0,0,-4.3272644687318013e-13
n18_vd_1,n18,1.0,1.4000000000000001,9.97759111396836e-05,9.97759110451238e-05,9.9775911033017e-05,0.00010061338240441447,0.003630046896382948,0.00363004730797335,4.11590343943071e-10,4.24847075937956e-18,-5.46373636943576e-19,4.7948443963231366e-18,4.8056132448188434e-14,0,0,-3.2138090604162e-13
n18_vd_1,n18,1.0,1.4500000000000002,0.000109655507441531,0.000109655507399626,0.000109655507406504,0.0001105145617144679,0.0033890566968604366,0.0033890568628266934,1.6596620547571883e-10,-2.97593805160331e-18,-5.47630036239736e-19,-2.428308015363574e-18,-2.2144879659476698e-14,0,0,-2.1276866218058173e-13
n18_vd_1,n18,1.0,1.5,0.000119690149396558,0.000119690149349548,0.000119690149342974,0.00012056659216891229,0.0031685766293085213,0.003168576799883817,1.7057530503664277e-10,2.96039760446214e-18,-5.48887265280699e-19,3.509284869742839e-18,2.9319746769587364e-14,0,0,-1.759331865103537e-13
n18_vd_1,n18,1.0,1.55,0.000129862854107703,0.000129862854093852,0.000129862854115005,0.00013075211982567354,0.0029637951134942617,0.0029637951598155106,4.632127699286412e-11,-1.85276706869792e-18,-5.50144483721795e-19,-1.3026225849761251e-18,-1.0030755862139906e-14,0,0,-1.1232429015527427e-13
n18_vd_1,n18,1.0,1.6,0.000140159052077625,0.000140159052046537,0.000140159052057767,0.0001410567485193913,0.0027727171412150506,0.002772717237543849,9.632879216511738e-11,-8.26098502137132e-18,-5.51400941837308e-19,-7.709584079534011e-18,-5.500596620027224e-14,0,0,-1.0690346145676815e-13
n18_vd_1,n18,1.0,1.6500000000000001,0.000150565801942214,0.000150565801930334,0.000150565801956675,0.00015146699110377344,0.0025916566047769368,0.0025916566390437484,3.426679792884299e-11,-1.31813663777333e-18,-5.52655910687899e-19,-7.65480727085431e-19,-5.08402782884001e-15,0,0,-7.08472983737665e-14
n18_vd_1,n18,1.0,1.7000000000000002,0.000161070925516445,0.000161070925526454,0.000161070925531065,0.00016197180746280372,0.002422274408096805,0.0024222743811096424,2.6987186314388522e-11,1.66858090610553e-18,-5.5390868945255e-19,2.2224895955580803e-18,1.37982046622875e-14,0,0,-3.570218774810615e-14
n18_vd_1,n18,1.0,1.75,0.000171665124604071,0.00017166512463652,0.000171665124647213,0.00017256092241591507,0.0022603805155421105,0.0022603804334496162,8.209252219069598e-11,-2.19292927890195e-18,-5.55158743583873e-19,-1.637770535318077e-18,-9.540496584765581e-15,0,0,-3.8854747763464344e-15
n18_vd_1,n18,1.0,1.8,0.000182339675690734,0.000182339675739217,0.000182339675765093,0.0001832246347340637,0.0021026865535707442,0.002102686438094535,1.1547618901672417e-10,7.53951709419482e-18,-5.56405555404463e-19,8.095922649599282e-18,4.440022511161041e-14,0,0,1.9535804754686106e-14
n18_vd_1,n18,1.0,1.85,0.000193086358760901,0.000193086358797743,0.000193086358787829,0.00019395558997711598,0.0019507082196658983,0.0019507081368000273,8.286591281872484e-11,1.01326491649476e-17,-5.57648585427977e-19,1.0690297750375576e-17,5.536537027752235e-14,0,0,1.364616148831033e-14
n18_vd_1,n18,1.0,1.9000000000000001,0.000203898011284048,0.000203898011339525,0.000203898011337861,0.00020474615949826579,0.001802774367167882,0.0018027742490041168,1.1816376966528524e-10,9.55527264279529e-18,-5.58887400048966e-19,1.0114160042844257e-17,4.9604015146584506e-14,0,0,3.6806305270257453e-14
n18_vd_1,n18,1.0,1.9500000000000002,0.000214768229218316,0.000214768229295189,0.000214768229294319,0.0002155896798632383,0.0016579312612948064,0.0016579311058456622,1.5544910541683628e-10,6.70821093043766e-19,-5.60121618917753e-19,1.230942711961519e-18,5.731493508146613e-15,0,0,6.175488703886301e-14
n18_vd_1,n18,1.0,2.0,0.000225691055991411,0.000225691056072984,0.000225691056059019,0.0002264802766753363,0.001516038330296049,0.0015160381733261166,1.5696984983104382e-10,-2.857488649875e-18,-5.61350865220836e-19,-2.296137784654164e-18,-1.0173809386188697e-14,0,0,6.926080594664042e-14
n18_vd_1,n18,1.0,2.0500000000000003,0.000236661023582234,0.000236661023665811,0.000236661023655696,0.00023741233556370662,0.0013765418984923552,0.0013765417451209985,1.533713654581393e-10,-7.35061290366359e-18,-5.62574790181987e-19,-6.788038113481603e-18,-2.8682535080499736e-14,0,0,7.350214503003898e-14
n18_vd_1,n18,1.0,2.1,0.000247673063822264,0.000247673063902817,0.000247673063908366,0.00024838067575260077,0.0012390277125320487,0.001239027571282457,1.4124967277492944e-10,-7.41603990928436e-18,-5.63793065188333e-19,-6.852246844096026e-18,-2.7666500087327782e-14,0,0,7.227603667061779e-14
n18_vd_1,n18,1.0,2.15,0.000258722572172765,0.000258722572255322,0.000258722572239779,0.00025938045123270184,0.0011029211803058319,0.001102921041724857,1.3858099294484964e-10,-8.70972907970876e-18,-5.65005405330649e-19,-8.144723674378111e-18,-3.148052991039545e-14,0,0,7.570257475680434e-14
n18_vd_1,n18,1.0,2.2,0.000269805208701518,0.000269805208780109,0.000269805208774636,0.00027040712973485634,0.0009678086667122883,0.0009678085402076311,1.265047200848884e-10,3.01961496122216e-18,-5.66211535892329e-19,3.5858264971144885e-18,1.3290427243148348e-14,0,0,7.292991926586209e-14
n18_vd_1,n18,1.0,2.25,0.000280916839202808,0.000280916839276039,0.000280916839270384,0.000281456510680239,0.0008335260434472934,0.0008335259302329754,1.1321435894451896e-10,-1.45178806994004e-17,-5.67411197024139e-19,-1.395046950237626e-17,-4.966049574788226e-14,0,0,6.851932302363052e-14
n18_vd_1,n18,1.0,2.3000000000000003,0.000292053686368007,0.000292053686434966,0.00029205368643649,0.00029252457395213946,0.0006996631161233269,0.0006996630165528317,9.957047535458556e-11,-4.57634892936765e-18,-5.68604145633814e-19,-4.007744783733836e-18,-1.3722630358327195e-14,0,0,6.302689870973034e-14
n18_vd_1,n18,1.0,2.35,0.000303212093903892,0.000303212093963681,0.000303212093965808,0.00030360748569757115,0.0005659556950967241,0.0005659556094603002,8.56365220623416e-11,8.10878986656136e-18,-5.6979015064946e-19,8.67858001721082e-18,2.862214334448793e-14,0,0,5.650127719537735e-14
n18_vd_1,n18,1.0,2.4000000000000004,0.000314388581624577,0.000314388581677534,0.000314388581699516,0.0003147015714193385,0.00043214712967606705,0.00043214705652153276,7.31545566357977e-11,-4.16947938990531e-19,-5.70968992063211e-19,1.5402105307268003e-19,4.89906637991892e-16,0,0,5.020398619150667e-14
n18_vd_1,n18,1.0,2.45,0.000325579816429365,0.000325579816475921,0.000325579816467584,0.0003258032663577256,0.0002979600706238285,0.00029796000852229474,6.210153164863175e-11,-1.95636257458304e-17,-5.72140461459454e-19,-1.8991485284370945e-17,-5.833127338769018e-14,0,0,4.422387537198016e-14
n18_vd_1,n18,1.0,2.5,0.000336782573284881,0.000336782573325238,0.000336782573317123,0.00033690909456015987,0.00016312356220391896,0.00016312351016184082,5.204195681710978e-11,7.05033743325866e-18,-5.73304357055821e-19,7.623641790314482e-18,2.2636687269896742e-14,0,0,3.8413640238255354e-14
n19_vd_0p05,n19,0.05,0.0,1.72908236564584e-15,1.72908490778024e-15,-2.54064287233939e-15,1.8239200409561793e-15,0.023190113736065478,0.023189475227367126,6.385086983227555e-07,-4.74130325002333e-19,-4.30838577074872e-19,-4.329174792746102e-20,-2.50373753958896e-05,0,0,-3.662272929880402e-20
n19_vd_0p05,n19,0.05,0.05,5.53168836745455e-15,5.53701015540954e-15,3.7669019198082e-15,5.862819932528419e-15,0.025248849940917265,0.02483123565392072,0.0004176142869964916,-4.367772386232e-19,-4.30853687429323e-19,-5.923551193876995e-21,-1.0698104261358114e-06,0,0,1.6985622235232956e-17
n19_vd_0p05,n19,0.05,0.1,1.82121522609723e-14,1.82136936351402e-14,9.79446052795619e-15,1.9347881804806703e-14,0.026272153113180808,0.026235398425425525,3.6754687755321654e-05,-5.64194743214351e-19,-4.30870577590817e-19,-1.3332416562353402e-19,-7.319996058696622e-06,0,0,4.639226071835955e-18
n19_vd_0p05,n19,0.05,0.15000000000000002,5.99891997741173e-14,6.10069417150927e-14,6.04517164438367e-14,6.499553889798495e-14,0.034810480268786186,0.027504294667551377,0.007306185601234755,-4.6442094708887e-19,-4.30889384933832e-19,-3.3531562155037976e-20,-5.496351925266645e-07,0,1,3.16079654839201e-15
n19_vd_0p05,n19,0.05,0.2,2.07115127975187e-13,2.07115146874422e-13,2.12138032595586e-13,2.2126370267308506e-13,0.02869835416975615,0.02869831454042929,3.962932684968167e-08,-8.9746653740745e-19,-4.30910238688308e-19,-4.665562987191421e-19,-2.2526420967271135e-06,0,0,-4.437886453860421e-19
n19_vd_0p05,n19,0.05,0.25,7.10613187047533e-13,7.10613205081833e-13,7.12269578672294e-13,7.611673018860506e-13,0.02984686110449336,0.029846850082749,1.1021744380400358e-08,-1.93025012328814e-19,-4.30933312667259e-19,2.37908300338445e-19,3.347929628060428e-07,0,0,2.98149363251635e-19
n19_vd_0p05,n19,0.05,0.30000000000000004,2.4588839377272e-12,2.45888412067977e-12,2.46360141505164e-12,2.640553954031942e-12,0.030957015785635592,0.03095698347207759,3.231355790284088e-08,-4.50182549548736e-19,-4.30958830770911e-19,-1.9223718777825053e-20,-7.818066177315654e-09,0,0,1.60916326906418e-19
n19_vd_0p05,n19,0.05,0.35000000000000003,8.56623898888624e-12,8.56623899094693e-12,8.56023292667787e-12,9.221956102737951e-12,0.03203286403108229,0.03203286392660863,1.0447359835712393e-10,-2.62581534351004e-18,-4.30987110284814e-19,-2.1948282332252262e-18,-2.5621842159024394e-07,0,0,-2.1936643756416963e-18
n19_vd_0p05,n19,0.05,0.4,3.0000415891782e-11,3.0000415921323e-11,2.99975362036175e-11,3.237438583918611e-11,0.033074263021952204,0.033074262594308276,4.276439368205594e-10,-5.41095861942625e-19,-4.31018616465426e-19,-1.1007724547719897e-19,-3.669190646085703e-09,0,0,-8.044572752806898e-20
n19_vd_0p05,n19,0.05,0.45,1.05455596444879e-10,1.05455596506532e-10,1.05462075581319e-10,1.140634516714969e-10,0.034076877272447285,0.034076877018543665,2.539036609921405e-10,-5.47920903209661e-19,-4.31054099784784e-19,-1.1686680342487698e-19,-1.1082086422756915e-09,0,0,7.6038398698014805e-19
n19_vd_0p05,n19,0.05,0.5,3.71366655096192e-10,3.71366654954911e-10,3.71359898999831e-10,4.0256125382281467e-10,0.0350290661115367,0.03502906627675757,1.6522092499290895e-10,-6.46250112401742e-19,-4.31094845341091e-19,-2.1515526706065094e-19,-5.793607589425974e-10,0,0,-8.14532604133929e-19
n19_vd_0p05,n19,0.05,0.55,1.30672619007808e-09,1.30672618902343e-09,1.30672454033652e-09,1.4193431157144224e-09,0.035902800091778986,0.035902800442295116,3.505161585029048e-10,9.5065300257508e-20,-4.31143193598493e-19,5.26208493856001e-19,4.0269223826397644e-10,0,0,-1.769647506650007e-18
n19_vd_0p05,n19,0.05,0.6000000000000001,4.57471076302829e-09,4.57471076422493e-09,4.57470747525864e-09,4.9773127644738385e-09,0.03663129088842872,0.036631290774827234,1.1360153642223899e-10,2.61398067102779e-18,-4.31203734816124e-19,3.045184405843914e-18,6.656561611846174e-10,0,0,-1.297470294921609e-16
n19_vd_0p05,n19,0.05,0.65,1.58098255207801e-08,1.58098256174563e-08,1.58098229147273e-08,1.721877873924916e-08,0.037075268367692364,0.03707526571200576,2.6556865709682866e-09,7.06336523916207e-19,-4.31286213646563e-19,1.13762273756277e-18,7.195669105335812e-11,0,0,-7.5527625730391255e-16
n19_vd_0p05,n19,0.05,0.7000000000000001,5.30847299468369e-08,5.30847303876267e-08,5.30847314889971e-08,5.778044538560096e-08,0.03681127281600024,0.0368112692098299,3.606170338424973e-09,3.7924098331522e-18,-4.31411820820057e-19,4.223821653972257e-18,7.956754462403316e-11,0,0,-1.2580001271622602e-15
n19_vd_0p05,n19,0.05,0.75,1.67707185341595e-07,1.67707185360496e-07,1.67707182898345e-07,1.8183841169964982e-07,0.03513395914676662,0.035133959097820654,4.8945983486100413e-11,-5.60390102688766e-18,-4.31621528157573e-19,-5.172279498730087e-18,-3.084113234392422e-11,0,0,-6.426784076076665e-16
n19_vd_0p05,n19,0.05,0.8,4.72001750466656e-07,4.72001751051553e-07,4.7200174215542e-07,5.07200765703873e-07,0.031236291251411665,0.031236290713240876,5.381707150076523e-10,1.38961491779475e-18,-4.3196818476664e-19,1.82158310256139e-18,3.859271916901073e-12,0,0,1.9535906441654137e-15
n19_vd_0p05,n19,0.05,0.8500000000000001,1.11402438419432e-06,1.11402438167805e-06,1.11402438914533e-06,1.1809577540199913e-06,0.025339665083522003,0.025339666064471907,9.809499659330988e-10,5.01851196569228e-18,-4.32461549072055e-19,5.450973514764335e-18,4.893046870799684e-12,0,0,1.2988096768145796e-15
n19_vd_0p05,n19,0.05,0.9,2.15432747189859e-06,2.15432746755572e-06,2.15432746356133e-06,2.2508430005361137e-06,0.01903348381805981,0.01903348469354612,8.754863405444643e-10,-1.46900638394028e-19,-4.33026407606208e-19,2.8612576921218e-19,1.3281442748200932e-13,0,0,-1.1439270240579552e-17
n19_vd_0p05,n19,0.05,0.9500000000000001,3.5096923971957e-06,3.50969239532372e-06,3.50969240585836e-06,3.6221192142539066e-06,0.013693685169087151,0.013693685400728715,2.3164158296627422e-10,-8.29167611189767e-18,-4.33572512572537e-19,-7.858103599325132e-18,-2.2389721702663153e-12,0,0,-1.4895071293302558e-16
n19_vd_0p05,n19,0.05,1.0,5.05082061498531e-06,5.05082061471021e-06,5.05082060971995e-06,5.164095744238211e-06,0.00963234127133613,0.009632341294990578,2.3654470591463043e-11,-1.88445757456755e-17,-4.34061596895766e-19,-1.8410514148779735e-17,-3.645054052238606e-12,0,0,-1.6450716234911348e-17
n19_vd_0p05,n19,0.05,1.05,6.68269777377075e-06,6.68269777374444e-06,6.68269776760295e-06,6.785164013479813e-06,0.0066085295281408125,0.006608529529850673,1.7098008145756715e-12,5.51877523163602e-18,-4.34493635060489e-19,5.9532688666965095e-18,8.908481377215989e-13,0,0,5.303686452419067e-18
n19_vd_0p05,n19,0.05,1.1,8.35101790492249e-06,8.35101790491197e-06,8.35101791121998e-06,8.434466561216727e-06,0.004318205959833257,0.004318205960380349,5.471111881493521e-13,-1.90002424795021e-18,-4.3487941253752e-19,-1.4651448354126901e-18,-1.7544505976342226e-13,0,0,-9.896102801074778e-18
n19_vd_0p05,n19,0.05,1.1500000000000001,1.00266639816663e-05,1.00266639816774e-05,1.00266639848484e-05,1.0085346220794864e-05,0.002534350838664125,0.0025343508381833286,4.807172420765476e-13,2.03628191303472e-18,-4.35229398048117e-19,2.471511311082837e-18,2.464938802775525e-13,0,0,1.9069742023711218e-17
n19_vd_0p05,n19,0.05,1.2000000000000002,1.16938630300287e-05,1.16938630300294e-05,1.16938630308901e-05,1.1723678188310633e-05,0.0011058860189350804,0.0011058860189091099,2.5940408850282647e-14,-9.12939184125954e-18,-4.35551525162015e-19,-8.693840316097524e-18,-7.434532364345357e-13,0,0,6.711733790428905e-18
n19_vd_0p05,n19,0.05,1.25,1.3343828414326e-05,1.33438284143269e-05,1.33438284239515e-05,1.3341788507617596e-05,6.639683327344689e-05,6.639683330276692e-05,2.931555498321894e-14,-2.40850187495353e-18,-4.35851483742543e-19,-1.972650391210987e-18,-1.4783241585248552e-13,0,0,-5.149241939695869e-19
n19_vd_0p05,n19,0.05,1.3,1.4971565250955e-05,1.4971564831428e-05,1.49715648222211e-05,1.4935451737604317e-05,0.0010488446373204095,0.0010488324677001642,1.2169620222213441e-08,7.81713692490117e-18,-4.36133350028646e-19,8.253270274929815e-18,5.512630354847557e-13,0,0,1.0743416144339719e-13
n19_vd_0p05,n19,0.05,1.35,1.65742358697392e-05,1.6574235622376e-05,1.65742356206344e-05,1.6502376181352553e-05,0.0018870321536579241,0.0018870256720032936,6.481654645596734e-09,-9.93431285001471e-18,-4.36400094887024e-19,-9.497912755127687e-18,-5.730528376406726e-13,0,0,6.447329327288088e-14
n19_vd_0p05,n19,0.05,1.4000000000000001,1.81502904918633e-05,1.81502903363373e-05,1.81502903419077e-05,1.8041404272146384e-05,0.002613241925683441,0.00261323820430588,3.7213775592260457e-09,-8.640628033747e-18,-4.36653934330719e-19,-8.203974099416281e-18,-4.5200236180198926e-13,0,0,4.0943934665305293e-14
n19_vd_0p05,n19,0.05,1.4500000000000002,1.96989743322452e-05,1.96989742302059e-05,1.96989742404296e-05,1.955206853315e-05,0.0032509034744739435,0.003250901224859173,2.2496147979592076e-09,1.83697415670546e-17,-4.36896561493406e-19,1.8806638128548006e-17,9.547013925075545e-13,0,0,2.7072033056898137e-14
n19_vd_0p05,n19,0.05,1.5,2.12200389453427e-05,2.12200388764166e-05,2.12200388687931e-05,2.103433289255025e-05,0.0038174337829397307,0.003817432372281417,1.4106583363877796e-09,-6.17778110311787e-19,-4.37129300055845e-19,-1.8064881025594204e-19,-8.513123435259605e-15,0,0,1.8400028146966687e-14
n19_vd_0p05,n19,0.05,1.55,2.27135641191574e-05,2.27135640716082e-05,2.27135640724615e-05,2.248843551145152e-05,0.0043260440370520405,0.00432604312788801,9.09164030891834e-10,-5.79406997719313e-18,-4.3735320680213e-19,-5.356716770391e-18,-2.358377907361029e-13,0,0,1.2847311351166326e-14
n19_vd_0p05,n19,0.05,1.6,2.41798443564833e-05,2.4179844323145e-05,2.41798443229074e-05,2.391478925279803e-05,0.004786942979797485,0.004786942381007859,5.987896421435129e-10,-2.77028702600805e-17,-4.37569141547896e-19,-2.7265301118532604e-17,-1.1276044938152971e-12,0,0,9.126342357756535e-15
n19_vd_0p05,n19,0.05,1.6500000000000001,2.56193144378878e-05,2.56193144141977e-05,2.56193144211472e-05,2.5313919047650398e-05,0.005208117105105649,0.005208116703514942,4.01590750269285e-10,-2.40058907510634e-17,-4.37777815779745e-19,-2.3568112935283656e-17,-9.199353485518212e-13,0,0,6.602725382903983e-15
n19_vd_0p05,n19,0.05,1.7000000000000002,2.70324995246196e-05,2.70324995075819e-05,2.70324995121712e-05,2.6686418743621255e-05,0.0055959076538255785,0.005595907380104001,2.737215549177564e-10,-2.12937545959408e-17,-4.37979827120506e-19,-2.0855774768820294e-17,-7.71507450244133e-13,0,0,4.7648346576793705e-15
n19_vd_0p05,n19,0.05,1.75,2.84199811484666e-05,2.84199811360723e-05,2.84199811283442e-05,2.8032922132987372e-05,0.005955414830229825,0.005955414640828654,1.8940114692836482e-10,1.43737559689228e-17,-4.38175684259859e-19,1.481193165318266e-17,5.211802070615202e-13,0,0,3.479998161010238e-15
n19_vd_0p05,n19,0.05,1.8,2.97823737534633e-05,2.9782373744446e-05,2.97823737406497e-05,2.935408378691679e-05,0.006290779971658244,0.006290779840165588,1.3149265572759281e-10,6.07014347082286e-18,-4.38365825313767e-19,6.508509296136627e-18,2.1853561277500167e-13,0,0,2.62992299710126e-15
n19_vd_0p05,n19,0.05,1.85,3.11203083920569e-05,3.11203083854626e-05,3.11203083884935e-05,3.065056570075073e-05,0.006605397590499192,0.006605397498473462,9.202572192655685e-11,-7.3703557846135e-18,-4.38550631573968e-19,-6.931805153039532e-18,-2.2274217424778555e-13,0,0,2.026992157043469e-15
n19_vd_0p05,n19,0.05,1.9000000000000001,3.24344213975674e-05,3.24344213926908e-05,3.24344213953272e-05,3.192302811842858e-05,0.0069020744454335575,0.006902074380136267,6.529731288213823e-11,-1.3136215933329e-17,-4.38730437973235e-19,-1.2697485495355764e-17,-3.914817946534166e-13,0,0,1.5246045789820373e-15
n19_vd_0p05,n19,0.05,1.9500000000000002,3.37253444159825e-05,3.37253444123631e-05,3.37253444133642e-05,3.317212325409905e-05,0.007183123171533482,0.007183123124924994,4.6608501928807746e-11,-1.62931735303634e-17,-4.38905541367296e-19,-1.5854267988996103e-17,-4.700995131478692e-13,0,0,1.1317134514824704e-15
n19_vd_0p05,n19,0.05,2.0,3.49937047879208e-05,3.49937047852536e-05,3.49937047910988e-05,3.439849104492859e-05,0.007450531890340546,0.00745053185723879,3.310174570003627e-11,-3.5785529035813e-17,-4.39076206257677e-19,-3.534645282955532e-17,-1.0100803286324337e-12,0,0,8.782312042950773e-16
n19_vd_0p05,n19,0.05,2.0500000000000003,3.62401162133793e-05,3.62401162113819e-05,3.62401162038457e-05,3.5602756340141717e-05,0.007705959640273282,0.007705959616336846,2.3936439942698676e-11,1.78100056302129e-17,-4.39242670448368e-19,1.8249248300661267e-17,5.035648394231623e-13,0,0,6.794772343949906e-16
n19_vd_0p05,n19,0.05,2.1,3.74651780454583e-05,3.74651780439925e-05,3.74651780413991e-05,3.678552711171838e-05,0.007950817263894053,0.007950817246902562,1.6991498177374636e-11,2.18571804532733e-17,-4.39405148848018e-19,2.229658560212132e-17,5.951282435102841e-13,0,0,5.270412666947768e-16
n19_vd_0p05,n19,0.05,2.15,3.86694737574888e-05,3.8669473756387e-05,3.86694737626571e-05,3.7947393394402524e-05,0.008186312338155019,0.008186312325780756,1.2374250050988068e-11,1.77293956330072e-17,-4.39563836727355e-19,1.8168959469734556e-17,4.69852772866701e-13,0,0,4.132639162017058e-16
n19_vd_0p05,n19,0.05,2.2,3.98535700408194e-05,3.98535700400014e-05,3.98535700500557e-05,3.9088926746773556e-05,0.00841348481747222,0.008413484808558313,8.913905586296771e-12,-4.06955353002089e-17,-4.39718912386829e-19,-4.025581638782207e-17,-1.0100931070269722e-12,0,0,2.85734981094735e-16
n19_vd_0p05,n19,0.05,2.25,4.101801640692e-05,4.10180164063162e-05,4.10180164077108e-05,4.021068008386165e-05,0.00863323606899784,0.008633236062604896,6.3929607231887425e-12,3.97417062888064e-18,-4.3987053936302e-19,4.41404116824366e-18,1.0761225322353617e-13,0,0,2.2054420161582602e-16
n19_vd_0p05,n19,0.05,2.3000000000000003,4.21633452760542e-05,4.21633452756887e-05,4.21633452831229e-05,4.1313187773186725e-05,0.008846353936664048,0.008846353932899344,3.76473442944035e-12,-3.34411682204731e-17,-4.40018868230308e-19,-3.300114935224279e-17,-7.826976046720654e-13,0,0,2.4798928684192813e-16
n19_vd_0p05,n19,0.05,2.35,4.32900159226703e-05,4.32900159223988e-05,4.32900159175618e-05,4.239696591567341e-05,0.009052967573894361,0.00905296757117065,2.7237429292883005e-12,6.24276643829084e-17,-4.4016404271864e-19,6.286782842562705e-17,1.4522477547322507e-12,0,0,1.3867685591671735e-16
n19_vd_0p05,n19,0.05,2.4000000000000004,4.43985281384097e-05,4.43985281382476e-05,4.43985281313998e-05,4.346251275412663e-05,0.009253741862784055,0.009253741861198447,1.5856436532564647e-12,7.7242782539351e-18,-4.40306190675113e-19,8.164584444610213e-18,1.83893133105391e-13,0,0,1.7014886357151672e-16
n19_vd_0p05,n19,0.05,2.45,4.54894124546325e-05,4.54894124544943e-05,4.54894124520081e-05,4.45103091673973e-05,0.009449716588691313,0.009449716587371922,1.3193928397402116e-12,2.25041190455874e-17,-4.40445427981877e-19,2.2944564473569277e-17,5.043935112708271e-13,0,0,3.643305489714708e-17
n19_vd_0p05,n19,0.05,2.5,4.65631326111705e-05,4.65631326110623e-05,4.6563132616909e-05,4.5540819219622594e-05,0.00964135176113892,0.009641351760129774,1.0091686937491874e-12,-4.05569158318894e-18,-4.40581866916763e-19,-3.615109716272178e-18,-7.763888539177265e-14,0,0,4.8551553111133094e-17
n19_vd_1,n19,1.0,0.0,2.2151887597216e-14,2.21518875970249e-14,2.11635486530959e-15,2.3071617190565964e-14,0.017667298135508786,0.017667298139255383,3.746556856695664e-12,-5.30615047658056e-19,-5.31258727841283e-19,6.436801832269664e-22,2.9057577166174122e-08,0,0,2.3727643629853935e-20
n19_vd_1,n19,1.0,0.05,7.27363090679411e-14,7.27363285113444e-14,7.79975422451229e-14,7.616061530483076e-14,0.019979184640168058,0.019979068547370044,1.1609279805619623e-07,-5.20095408993459e-19,-5.31387105748102e-19,1.1291696754643047e-20,1.5524150016565552e-07,0,0,1.2878889813383689e-17
n19_vd_1,n19,1.0,0.1,2.43269265608472e-13,2.43269279382585e-13,2.57574032158307e-13,2.552266080783369e-13,0.020838704734292876,0.020838680144170174,2.45901227946991e-08,-5.68431593072833e-19,-5.31522383256203e-19,-3.6909209816630044e-20,-1.5172162268209635e-07,0,0,3.559687106586749e-18
n19_vd_1,n19,1.0,0.15000000000000002,8.24595844285308e-13,8.24599983842973e-13,8.30047697555286e-13,8.67136168203412e-13,0.021846159243418255,0.021843979045020126,2.1801983982203597e-06,-5.5475141041944e-19,-5.3166518591622e-19,-2.3086224503220006e-20,-2.7996877219944588e-08,0,0,2.380962616452586e-15
n19_vd_1,n19,1.0,0.2,2.82396525404219e-12,2.82396526471169e-12,2.81976499324075e-12,2.9760509758551373e-12,0.022781016962825647,0.022781015321975087,1.640850626152043e-09,-6.60308347985075e-19,-5.31816247935412e-19,-1.28492100049663e-19,-4.5500595087093355e-08,0,0,-8.004838329510308e-20
n19_vd_1,n19,1.0,0.25,9.74914506819024e-12,9.74914515685834e-12,9.7630599677843e-12,1.0296671445652231e-11,0.023730322369652546,0.02373031841976102,3.949891553168741e-09,-4.70082766811774e-19,-5.31976409474435e-19,6.189364266266102e-20,6.348622537343185e-09,0,0,1.4429377832626301e-19
n19_vd_1,n19,1.0,0.30000000000000004,3.38643573180227e-11,3.38643573202513e-11,3.38790336373964e-11,3.576804547821156e-11,0.02375237112934376,0.023752371100763024,2.858073745276588e-11,-9.03136240615011e-19,-5.3214663194932e-19,-3.70989608665691e-19,-1.0955164604403541e-08,0,0,1.5093731341124902e-19
n19_vd_1,n19,1.0,0.35000000000000003,1.18149426587974e-10,1.18149426661963e-10,1.18148429289797e-10,1.2504866615007224e-10,0.024647445403875833,0.02464744513190666,2.71969178874119e-10,-4.13505946892535e-19,-5.3232817369633e-19,1.1882222680379503e-19,1.005694485033406e-09,0,0,2.0103408227384505e-19
n19_vd_1,n19,1.0,0.4,4.13275140973748e-10,4.13275142777527e-10,4.13286134690106e-10,4.3826082430761343e-10,0.02549336854293621,0.025493366647416256,1.895519962189987e-09,-1.4834826006272e-18,-5.32522698529131e-19,-9.50959902098069e-19,-2.301033388330318e-09,0,0,6.67132431189132e-19
n19_vd_1,n19,1.0,0.45,1.44604737229243e-09,1.44604737289007e-09,1.44605777336951e-09,1.5359711655282592e-09,0.026200542237892248,0.026200542058401673,1.7949046417796564e-10,6.94475163838846e-19,-5.32732583333736e-19,1.2272077471725819e-18,8.486635847343539e-10,0,0,1.4770407923984368e-18
n19_vd_1,n19,1.0,0.5,5.04421956484686e-09,5.04421956499478e-09,5.04422856062988e-09,5.3664303564022495e-09,0.026891515328242237,0.02689151531550666,1.2735583552342564e-11,-2.2085308426736e-18,-5.32961604102797e-19,-1.6755692385708027e-18,-3.3217611108737226e-10,0,0,-1.196911653263393e-18
n19_vd_1,n19,1.0,0.55,1.74380531293989e-08,1.74380531314414e-08,1.74380709745777e-08,1.8572963844653273e-08,0.027383216790833227,0.02738321673996486,5.086837029045348e-11,6.23275344008203e-19,-5.33216390892752e-19,1.1564917349009551e-18,6.63200029374702e-11,0,0,-5.820529206464036e-17
n19_vd_1,n19,1.0,0.6000000000000001,5.90470467288797e-08,5.90470473713711e-08,5.90470534099845e-08,6.289994530351685e-08,0.02745208678107426,0.02745208205551256,4.72556174729528e-09,4.90901598060805e-19,-5.33509623042943e-19,1.0244112211037481e-18,1.7349067679215282e-11,0,0,1.1297200906773794e-16
n19_vd_1,n19,1.0,0.65,1.91192038197602e-07,1.91192038664949e-07,1.91192048533087e-07,2.0329796855097486e-07,0.026663235975870822,0.026663234914287855,1.0615829761056202e-09,5.87642449572124e-19,-5.33865722949459e-19,1.121508172521583e-18,5.865872765167537e-12,0,0,-1.6438050209417507e-15
n19_vd_1,n19,1.0,0.7000000000000001,5.66799581264305e-07,5.66799581356539e-07,5.66799576670605e-07,5.996398275694165e-07,0.024460949874933222,0.024460949804261407,7.067179914082072e-11,2.96224931468341e-18,-5.34324393052173e-19,3.496573707735583e-18,6.168977223601904e-12,0,0,-1.9214199712705685e-15
n19_vd_1,n19,1.0,0.75,1.45602396077069e-06,1.45602395948958e-06,1.45602396860308e-06,1.5277129585462134e-06,0.020873240548977535,0.02087324093109972,3.821221358949678e-10,-2.78593096073867e-18,-5.34924979396302e-19,-2.251005981342368e-18,-1.5459951511591023e-12,0,0,4.337280391348467e-16
n19_vd_1,n19,1.0,0.8,3.13765876746746e-06,3.13765876539418e-06,3.13765877217063e-06,3.26232052968438e-06,0.016920918510824307,0.016920918797794348,2.8697006425829757e-10,5.74511353898127e-19,-5.35671658989828e-19,1.110183012887955e-18,3.5382528690894277e-13,0,0,5.31696204251407e-16
n19_vd_1,n19,1.0,0.8500000000000001,5.73494493893979e-06,5.73494493834937e-06,5.73494493649925e-06,5.91728295070831e-06,0.013593084118536223,0.013593084163247417,4.471118763816468e-11,4.5124784268068e-18,-5.36530137915992e-19,5.049008564722792e-18,8.803935554743087e-13,0,0,3.2910350657967415e-17
n19_vd_1,n19,1.0,0.9,9.20619182713706e-06,9.20619182708248e-06,9.20619183373892e-06,9.445383637084657e-06,0.011139582137604832,0.011139582140179613,2.574754335704909e-12,-3.61025101590491e-18,-5.37460122032612e-19,-3.0727908938722984e-18,-3.337743718127685e-13,0,0,3.3329613392055203e-19
n19_vd_1,n19,1.0,0.9500000000000001,1.34368392764216e-05,1.34368392764179e-05,1.34368392870939e-05,1.3730888673126007e-05,0.009401523581946493,0.009401523582066055,1.1957660585262407e-13,1.10155488702965e-18,-5.38434329326877e-19,1.6399892163565272e-18,1.220517104223136e-13,0,0,2.4638534020144268e-18
n19_vd_1,n19,1.0,1.0,1.83054055893591e-05,1.83054055893588e-05,1.83054056038115e-05,1.8652747649161453e-05,0.008163458845652186,0.008163458845659378,7.136023252494383e-15,-3.9375432721027e-18,-5.39437846484213e-19,-3.398105425618487e-18,-1.8563398713185878e-13,0,0,1.2119156224183671e-18
n19_vd_1,n19,1.0,1.05,2.37062802148764e-05,2.37062802148764e-05,2.37062802112542e-05,2.4105752369628845e-05,0.007257277307639528,0.007257277307639528,0.0,6.43799817939882e-18,-5.404625749524e-19,6.97846075435122e-18,2.9437181586894545e-13,0,0,5.4839757217415704e-18
n19_vd_1,n19,1.0,1.1,2.95533635423533e-05,2.95533635423533e-05,2.95533635351143e-05,3.0003921472527135e-05,0.006571103965585316,0.006571103965585316,0.0,-5.6693404424539e-19,-5.41503748454954e-19,-2.543029579043604e-20,-8.604873605669811e-16,0,0,9.232383862775699e-20
n19_vd_1,n19,1.0,1.1500000000000001,3.57775799217028e-05,3.57775799217027e-05,3.57775799141465e-05,3.6278079035103766e-05,0.006033322076766947,0.006033322076768184,1.2536257065192751e-15,-3.80731857466538e-18,-5.42558270766033e-19,-3.2647603038993473e-18,-9.125156902853963e-14,0,0,1.2074456375028033e-17
n19_vd_1,n19,1.0,1.2000000000000002,4.23228298112822e-05,4.23228298112822e-05,4.23228298220231e-05,4.287173064067917e-05,0.005596317386247798,0.005596317386247798,0.0,5.21129904137794e-18,-5.43623606622051e-19,5.754922647999991e-18,1.359767925174482e-13,0,0,-6.558421138160169e-18
n19_vd_1,n19,1.0,1.25,4.91440003512102e-05,4.91440003512102e-05,4.91440003374358e-05,4.9739467860204076e-05,0.0052306292257140044,0.0052306292257140044,0.0,-8.55170092046717e-20,-5.44697898453574e-19,4.591808892489023e-19,9.343579805619033e-15,0,0,1.7346498327579372e-17
n19_vd_1,n19,1.0,1.3,5.62045017111692e-05,5.62045017111692e-05,5.62045017134873e-05,5.684444133088451e-05,0.004916900711147446,0.004916900711147446,0.0,3.19249111293436e-19,-5.45779698147157e-19,8.65028809440593e-19,1.5390738875080014e-14,0,0,1.3571909403580162e-18
n19_vd_1,n19,1.0,1.35,6.34737045384782e-05,6.34737044713459e-05,6.34737044518713e-05,6.41559165915378e-05,0.0046428681571725975,0.0046428686164995655,4.593269644039897e-10,1.5472381445272e-17,-5.46867574541513e-19,1.6019249019813515e-17,2.5237614778014297e-13,0,0,-1.5008142679470545e-13
n19_vd_1,n19,1.0,1.4000000000000001,7.0926173589423e-05,7.09261735488252e-05,7.09261735527057e-05,7.164814405044257e-05,0.004398414420969458,0.0043984146695575255,2.4858809527637124e-10,6.87212085557244e-18,-5.47960323282973e-19,7.420081178855413e-18,1.0461696729977218e-13,0,0,-1.1074401981660871e-13
n19_vd_1,n19,1.0,1.4500000000000002,7.8540352194611e-05,7.85403521813228e-05,7.85403521886081e-05,7.929936504932134e-05,0.004176865507980256,0.004176865581458288,7.34780402968301e-11,1.60694785086441e-17,-5.49056827250414e-19,1.6618535335894513e-17,2.1159232005387498e-13,0,0,-7.167784792467185e-14
n19_vd_1,n19,1.0,1.5,8.62978910910548e-05,8.62978911075781e-05,8.62978911020123e-05,8.709111975531727e-05,0.0039736916828201,0.003973691599666529,8.31535717019427e-11,1.68541910655534e-17,-5.5015607788479e-19,1.740434714343819e-17,2.0167754877975063e-13,0,0,-3.172264159864261e-14
n19_vd_1,n19,1.0,1.55,9.41832163533634e-05,9.41832163567564e-05,9.41832163675913e-05,9.500765062664161e-05,0.003785061379420957,0.003785061363775151,1.5645730980811982e-11,-2.0884126424836e-17,-5.51257229222994e-19,-2.0332869195613005e-17,-2.15886332853554e-13,0,0,-3.635377212686828e-14
n19_vd_1,n19,1.0,1.6,0.000102182876733479,0.000102182876739424,0.000102182876733482,0.00010303553867231708,0.0036089208187883924,0.003608920793521124,2.52673082778942e-11,-1.82573601401748e-17,-5.52359512568621e-19,-1.770500062760618e-17,-1.7326778411959967e-13,0,0,-2.679741999799703e-14
n19_vd_1,n19,1.0,1.6500000000000001,0.000110284971551818,0.000110284971578328,0.000110284971577461,0.00011116298872880001,0.0034438792090758226,0.0034438791046813625,1.0439452350488558e-10,-2.69235322123843e-17,-5.53462176655212e-19,-2.637007003572909e-17,-2.391084629060289e-13,0,0,-4.974388114188174e-16
n19_vd_1,n19,1.0,1.7000000000000002,0.000118479273882801,0.000118479273978274,0.000118479273980462,0.00011937938209084244,0.0032869427624910783,0.0032869424125277556,3.499633092838764e-10,5.18677127531906e-18,-5.54564603236398e-19,5.741335878555458e-18,4.8458567357597655e-14,0,0,7.338004005833704e-14
n19_vd_1,n19,1.0,1.75,0.000126756696758009,0.000126756696796742,0.000126756696787648,0.00012767590797663818,0.003138041975703673,0.0031380418429964594,1.327071779151615e-10,-1.85227220663851e-18,-5.55666204754383e-19,-1.296606001884127e-18,-1.0229092700035185e-14,0,0,2.0241913298729155e-14
n19_vd_1,n19,1.0,1.8,0.000135109307480263,0.000135109307536527,0.000135109307545078,0.00013604455552023025,0.002995898116111903,0.0029958979352573156,1.80854601811586e-10,-7.84070254492528e-19,-5.56766486741709e-19,-2.27303767750819e-19,-1.6823694229160867e-15,0,0,4.091251675669764e-14
n19_vd_1,n19,1.0,1.85,0.000143529938424131,0.000143529938489816,0.00014352993850592,0.0001444782218822201,0.0028598895317604196,0.0028598893330100145,1.9875039806256747e-10,-5.55433509173284e-18,-5.57864968497468e-19,-4.9964701232353726e-18,-3.481134441919858e-14,0,0,5.2898290199434796e-14
n19_vd_1,n19,1.0,1.9000000000000001,0.000152012189656018,0.000152012189734068,0.000152012189720446,0.0001529705095840062,0.002729298595805882,0.002729298372819293,2.229866474021902e-10,-6.97009430002085e-18,-5.58961220414624e-19,-6.411133079606226e-18,-4.2175124842434946e-14,0,0,6.735981937816951e-14
n19_vd_1,n19,1.0,1.9500000000000002,0.000160549973365846,0.000160549973454445,0.000160549973460476,0.00016151567018855354,0.0026044259397546505,0.0026044257000905277,2.396640158981196e-10,2.13307120463553e-17,-5.60054827282489e-19,2.189076687363779e-17,1.3634861721013708e-13,0,0,7.983650210938799e-14
n19_vd_1,n19,1.0,2.0,0.000169138290167445,0.00016913829026427,0.00016913829027148,0.00017010850332152815,0.0024840875489509527,0.0024840873003344793,2.48616446361581e-10,-1.63993770343662e-17,-5.61145439568963e-19,-1.5838231594797238e-17,-9.364072186168374e-14,0,0,8.934720476537397e-14
n19_vd_1,n19,1.0,2.0500000000000003,0.000177772408996955,0.000177772409098359,0.000177772409112261,0.00017874427414926608,0.0023677810226227546,0.002367780774894747,2.4772801146715315e-10,-1.96018400703308e-17,-5.6223272403929e-19,-1.903960734629151e-17,-1.0710102564767043e-13,0,0,9.506002279417534e-14
n19_vd_1,n19,1.0,2.1,0.000186447990968762,0.000186447991072667,0.000186447991072149,0.00018741845122662547,0.0022546365970616583,0.0022546363550350855,2.4202661818986493e-10,-1.90760451460897e-17,-5.63316383882088e-19,-1.8512728762207613e-17,-9.929165047958273e-14,0,0,9.858626065068628e-14
n19_vd_1,n19,1.0,2.15,0.000195161033275072,0.000195161033377669,0.000195161033374463,0.00019612718709738843,0.0021446908165504218,0.002144690588239985,2.2831050647677143e-10,3.22216291895779e-17,-5.64396139274029e-19,3.278602532885193e-17,1.6799473112752752e-13,0,0,9.809757380809017e-14
n19_vd_1,n19,1.0,2.2,0.000203907841744706,0.000203907841843309,0.000203907841850385,0.00020486688312517428,0.0020378321765825457,0.0020378319665722566,2.1001027128773135e-10,-1.90462714476522e-18,-5.6547173197275e-19,-1.33915541279247e-18,-6.567454202283848e-15,0,0,9.479640630852518e-14
n19_vd_1,n19,1.0,2.25,0.000212684990318,0.000212684990410553,0.000212684990413922,0.00021363413339390953,0.0019338015047602314,0.001933801315770657,1.8898966831596562e-10,2.2171741683043e-18,-5.66542922688006e-19,2.783717090992306e-18,1.3088451073198928e-14,0,0,8.930579451957439e-14
n19_vd_1,n19,1.0,2.3000000000000003,0.000221489285715277,0.000221489285800338,0.000221489285810409,0.00022242576185255882,0.0018323642075819347,0.0018323640407950153,1.6678699273513702e-10,-1.6251219380655e-17,-5.67609488778466e-19,-1.5683609891876533e-17,-7.080979034811896e-14,0,0,8.230645296407788e-14
n19_vd_1,n19,1.0,2.35,0.000230317736490828,0.000230317736567549,0.000230317736573313,0.0002312387972674706,0.0017333180857280386,0.0017333179410605377,1.4466753861350918e-10,-3.05845385551391e-17,-5.68671222133343e-19,-3.001586733300576e-17,-1.3032373355320172e-13,0,0,7.434599851388273e-14
n19_vd_1,n19,1.0,2.4000000000000004,0.000239167532198122,0.000239167532266223,0.000239167532267603,0.00024007043997124742,0.0016364660159661816,0.0016364658923044134,1.2366178628156145e-10,1.25518404141506e-17,-5.69727928146743e-19,1.3121568342297342e-17,5.4863501822193055e-14,0,0,6.605655055998305e-14
n19_vd_1,n19,1.0,2.45,0.00024803601359564,0.00024803601365528,0.000248036013675426,0.0002489180404492351,0.0015416306377669426,0.0015416305333412512,1.0442567128204776e-10,-2.11497081042728e-17,-5.70779423141256e-19,-2.0578928681131542e-17,-8.296750289549524e-14,0,0,5.787504942637493e-14
n19_vd_1,n19,1.0,2.5,0.000256920654725457,0.000256920654777044,0.000256920654774411,0.0002577790793113327,0.0014486481410140185,0.0014486480538122358,8.720181840573941e-11,-1.91710078254718e-19,-5.71825533286236e-19,3.8011545503151796e-19,1.4795052400959453e-15,0,0,5.008529372680329e-14
n20_vd_0p05,n20,0.05,0.0,1.93238398616816e-15,1.93238578965062e-15,-4.18224888216486e-15,2.040844682583783e-15,0.023716524425728712,0.02371611910146568,4.053242630225319e-07,-4.15904654247293e-19,-4.28078239896481e-19,1.2173585649187998e-20,6.2997698049668495e-06,0,0,1.3739192509168e-20
n20_vd_0p05,n20,0.05,0.05,6.16402798323122e-15,6.16589610536071e-15,-4.1730505982412e-15,6.535668283966883e-15,0.025425399942375183,0.02529379894747244,0.00013160099490275992,-4.627400525027e-19,-4.28094131147866e-19,-3.4645921354833995e-20,-5.618959639088369e-06,0,0,5.89401532226403e-18
n20_vd_0p05,n20,0.05,0.1,2.01833333159812e-14,2.01838791650394e-14,2.25881767461914e-14,2.1461758058115402e-14,0.026672402301938063,0.026660657164269533,1.1745137668510994e-05,-4.59434849403382e-19,-4.2811204024448e-19,-3.1322809158901994e-20,-1.5518726059932221e-06,0,0,1.573891141752685e-18
n20_vd_0p05,n20,0.05,0.15000000000000002,6.6911444738995e-14,6.72462324469196e-14,6.91288533005962e-14,7.167192798548407e-14,0.029848680029333472,0.027681129740353423,0.002167550288979969,-3.7290908844703e-19,-4.28132108717137e-19,5.522302027010701e-20,8.212061592253062e-07,0,0,1.0787223694942235e-15
n20_vd_0p05,n20,0.05,0.2,2.18475531388091e-13,2.270409724256e-13,2.258875858893e-13,2.4265548929549076e-13,0.045587315934851394,0.02888588205212061,0.016701433882730828,-3.50277751275017e-19,-4.2815449818836e-19,7.787674691334301e-20,3.430074584395236e-07,0,1,2.3807071496664076e-14
n20_vd_0p05,n20,0.05,0.25,7.59957529743023e-13,7.74651529973497e-13,7.70293334750862e-13,8.300869541312268e-13,0.03833426603148026,0.03001720545982994,0.008317060571650322,-5.61102763536535e-19,-4.28179395235855e-19,-1.3292336830068002e-19,-1.7159117765536164e-07,0,1,3.100555589009593e-14
n20_vd_0p05,n20,0.05,0.30000000000000004,2.64906840232826e-12,2.66552223525465e-12,2.6691515346942e-12,2.8635127360841077e-12,0.033805946591043703,0.03111680939704275,0.002689137194000915,-3.55944063877415e-19,-4.28207064354901e-19,7.226300047748599e-20,2.71102598664244e-08,0,0,-1.0774583282225255e-14
n20_vd_0p05,n20,0.05,0.35000000000000003,9.23403220937031e-12,9.23403221795197e-12,9.22860442402804e-12,9.948652980366138e-12,0.03237289738770827,0.03237289698409612,4.036121249150771e-10,-4.84938014018694e-19,-4.28237880650599e-19,-5.670013336809497e-20,-6.140343896338557e-09,0,0,-4.6910704457967956e-20
n20_vd_0p05,n20,0.05,0.4,3.21547060003374e-11,3.21547060652574e-11,3.21515877778145e-11,3.472526353088076e-11,0.033401007235259066,0.0334010063584233,8.768357704171863e-10,-7.54891507285577e-19,-4.28272415076668e-19,-3.26619092208909e-19,-1.0157738389710092e-08,0,0,-1.9506552876469396e-19
n20_vd_0p05,n20,0.05,0.45,1.12361363665826e-10,1.12361363663312e-10,1.1236238690984e-10,1.2162293320508363e-10,0.03439847182543644,0.03439847183515342,9.716997500459575e-12,-1.79910544964171e-18,-4.2831156260513e-19,-1.37079388703658e-18,-1.2199868730181395e-08,0,0,8.03527999986887e-19
n20_vd_0p05,n20,0.05,0.5,3.93221098197404e-10,3.93221098079002e-10,3.93222244895259e-10,4.2656296350941816e-10,0.03534633320108436,0.03534633333185379,1.307694583438328e-10,2.08920635736225e-18,-4.28356812990024e-19,2.517563170352274e-18,6.402411220179419e-09,0,0,2.085602300494094e-18
n20_vd_0p05,n20,0.05,0.55,1.37438896545039e-09,1.374388965282e-09,1.37438990829537e-09,1.4939112642178553e-09,0.03621514221038356,0.03621514226359322,5.320970916911023e-11,-4.12608018152067e-18,-4.28410779637581e-19,-3.697669401883089e-18,-2.6904096986287967e-09,0,0,-1.59225979010354e-18
n20_vd_0p05,n20,0.05,0.6000000000000001,4.77709661224758e-09,4.77709662437833e-09,4.77709644477763e-09,5.2014785717865916e-09,0.0369627891249722,0.03696278802214381,1.1028284189402859e-09,-1.62274800608484e-18,-4.28478500585893e-19,-1.1942695054989469e-18,-2.499990264807264e-10,0,0,-2.1848593291749213e-16
n20_vd_0p05,n20,0.05,0.65,1.63838656692669e-08,1.63838658356244e-08,1.63838693218546e-08,1.7856076617219425e-08,0.03736966219585294,0.03736965778614004,4.4097128753800764e-09,-3.48094054048629e-18,-4.28570661928014e-19,-3.052369878558276e-18,-1.8630339806136166e-10,0,0,-5.5980738649056625e-15
n20_vd_0p05,n20,0.05,0.7000000000000001,5.45845225297097e-08,5.45845231164332e-08,5.45845272956015e-08,5.945050309384706e-08,0.037086018413450376,0.03708601374526299,4.668187349503754e-09,-1.80339159903052e-18,-4.28710335453095e-19,-1.374681263577425e-18,-2.51844512893356e-11,0,0,-7.897900222551251e-16
n20_vd_0p05,n20,0.05,0.75,1.71182358796644e-07,1.71182358815183e-07,1.71182361407506e-07,1.857125310529829e-07,0.03538220256669141,0.035382202519657395,4.703401141837648e-11,-4.45458263277463e-18,-4.28941443710306e-19,-4.025641189064324e-18,-2.35166825420989e-11,0,0,-3.36676654384892e-16
n20_vd_0p05,n20,0.05,0.8,4.79055413304408e-07,4.7905541363e-07,4.79055404982751e-07,5.150341366561143e-07,0.031450263159086396,0.03145026286391632,2.9517002980952233e-10,2.41323990203979e-18,-4.29319310495239e-19,2.842559212535029e-18,5.933675169216413e-12,0,0,1.4960039754638123e-15
n20_vd_0p05,n20,0.05,0.8500000000000001,1.1275110572956e-06,1.12751105491317e-06,1.12751106141903e-06,1.1956656348581358e-06,0.025488937561046685,0.025488938478710615,9.176639507145252e-10,-6.52445490908284e-19,-4.29851525350909e-19,-2.2259396555737503e-19,-1.9742065019000375e-13,0,0,1.029008266356128e-15
n20_vd_0p05,n20,0.05,0.9,2.18028521561586e-06,2.18028521139797e-06,2.18028521870236e-06,2.278102017854335e-06,0.019059858859696424,0.019059859699864554,8.401681845268023e-10,-6.49498614577891e-18,-4.30454861628697e-19,-6.064531284150213e-18,-2.781531174199781e-12,0,0,-3.581713007451424e-17
n20_vd_0p05,n20,0.05,0.9500000000000001,3.55709581555061e-06,3.55709581368795e-06,3.55709581833386e-06,3.669809687258471e-06,0.013547979051922693,0.013547979279339333,2.2741667146757806e-10,1.26883890067363e-18,-4.31031586106302e-19,1.699870486779932e-18,4.778815572632913e-13,0,0,-1.3777588853779478e-16
n20_vd_0p05,n20,0.05,1.0,5.12864678933077e-06,5.12864678905056e-06,5.12864677774822e-06,5.239631849438861e-06,0.009297983192798082,0.009297983216526345,2.3728241642658394e-11,1.48840988529287e-18,-4.31541450961542e-19,1.919951336254412e-18,3.743582693886086e-13,0,0,-1.8165812840940858e-17
n20_vd_0p05,n20,0.05,1.05,6.79816168010405e-06,6.79816168008172e-06,6.79816167646997e-06,6.894223104075452e-06,0.006093844351940861,0.006093844353367293,1.4264814049012927e-12,1.41525339886318e-18,-4.31986039427958e-19,1.847239438291138e-18,2.7172631738127957e-13,0,0,1.1469990251638876e-17
n20_vd_0p05,n20,0.05,1.1,8.50951416219877e-06,8.50951416219756e-06,8.50951416565853e-06,8.581178231994677e-06,0.003642157000658639,0.003642157000720319,6.171695785941476e-14,-4.7509679819363e-18,-4.32378446505023e-19,-4.318589535431277e-18,-5.075013042008984e-13,0,0,-3.3146684749412757e-18
n20_vd_0p05,n20,0.05,1.1500000000000001,1.02322196758353e-05,1.02322196758356e-05,1.02322196767976e-05,1.0272781812016059e-05,0.001718208594685316,0.001718208594672637,1.2729122558503203e-14,-4.44791986172474e-18,-4.32730997410864e-19,-4.015188864313876e-18,-3.9240643687470296e-13,0,0,-3.667739678205606e-18
n20_vd_0p05,n20,0.05,1.2000000000000002,1.19495521924503e-05,1.19495521924508e-05,1.19495521874637e-05,1.1954230710901908e-05,0.00017000277999309457,0.00017000277997497232,1.812935637120142e-14,-1.17571067783225e-18,-4.33052933906143e-19,-7.426577439261068e-19,-6.214942049420775e-14,0,0,-1.91105424295161e-19
n20_vd_0p05,n20,0.05,1.25,1.36517661177142e-05,1.36517661177145e-05,1.36517661184494e-05,1.3617402505169875e-05,0.0010945647381077957,0.0010945647381173183,9.546841918877437e-15,6.24529840321123e-18,-4.33351058719658e-19,6.6786494619308875e-18,4.892150513232634e-13,0,0,6.457529089200948e-18
n20_vd_0p05,n20,0.05,1.3,1.53334504201612e-05,1.53334500920388e-05,1.53334500926702e-05,1.5257760410475311e-05,0.002149102289728962,0.002149092996207548,9.293521389634067e-09,-6.09990582984241e-19,-4.33629804868791e-19,-1.7636077811544999e-19,-1.1501702295103e-14,0,0,1.36960874677483e-13
n20_vd_0p05,n20,0.05,1.35,1.69912286305042e-05,1.69912284485173e-05,1.69912284464935e-05,1.6872620651538847e-05,0.003042241357894714,0.003042236706323654,4.651571072927158e-09,4.86886556218798e-18,-4.3389243572486e-19,5.30275799791284e-18,3.120879702123935e-13,0,0,8.676278241107802e-14
n20_vd_0p05,n20,0.05,1.4000000000000001,1.86234469585712e-05,1.8623446848569e-05,1.862344684054e-05,1.846067168530747e-05,0.0038125677274022315,0.00381256516217628,2.5652259200089574e-09,-7.38919635055628e-18,-4.34141577500957e-19,-6.955054773055322e-18,-3.7345690245249846e-13,0,0,5.756653350557565e-14
n20_vd_0p05,n20,0.05,1.4500000000000002,2.02291176363463e-05,2.02291175663827e-05,2.02291175683295e-05,2.0021354022638987e-05,0.004483494907298831,0.004483493405265668,1.5020331375710755e-09,6.70344254533982e-18,-4.34379124487702e-19,7.137821669827523e-18,3.5284888954767603e-13,0,0,4.019443739177143e-14
n20_vd_0p05,n20,0.05,1.5,2.18078068329294e-05,2.18078067866176e-05,2.18078067860676e-05,2.1554333134463202e-05,0.0050774008153125,0.00507739989302995,9.222825489089924e-10,-1.40336519210678e-18,-4.34606545160355e-19,-9.68758646946425e-19,-4.4422561902965206e-14,0,0,2.9050606313741687e-14
n20_vd_0p05,n20,0.05,1.55,2.33594437917789e-05,2.33594437601851e-05,2.33594437721755e-05,2.305991301516846e-05,0.005604832893038983,0.005604832305652864,5.873861323213339e-10,1.13540416476711e-17,-4.34825001335024e-19,1.1788866649006124e-17,5.046724044473869e-13,0,0,2.1597983182331158e-14
n20_vd_0p05,n20,0.05,1.6,2.48841990315199e-05,2.4884199009485e-05,2.48841990048447e-05,2.4538408625619962e-05,0.006077272035820114,0.006077271651253344,3.845667542412115e-10,-1.68717951558869e-17,-4.35035429599083e-19,-1.6436759726287816e-17,-6.605299901364191e-13,0,0,1.6448096833323416e-14
n20_vd_0p05,n20,0.05,1.6500000000000001,2.63824040448867e-05,2.63824040291809e-05,2.63824040336859e-05,2.5990257573057064e-05,0.0065037837062732065,0.006503783447731852,2.585413530118389e-10,-1.93937387137456e-17,-4.35238597818136e-19,-1.8958500115927464e-17,-7.186039640268549e-13,0,0,1.274479397912933e-14
n20_vd_0p05,n20,0.05,1.7000000000000002,2.78544970946609e-05,2.78544970833021e-05,2.78544970769861e-05,2.741597427219682e-05,0.0068916379282455715,0.006891637751144369,1.7710115008728763e-10,-1.91268278299192e-17,-4.35435145102773e-19,-1.869139268481643e-17,-6.710368034618487e-13,0,0,1.0027375911231312e-14
n20_vd_0p05,n20,0.05,1.75,2.93009859789764e-05,2.93009859706493e-05,2.93009859702066e-05,2.8816119751221414e-05,0.007246734343262731,0.007246734219839783,1.2342292240323994e-10,3.59303857168243e-18,-4.35625610618609e-19,4.028664182301039e-18,1.3749244432718196e-13,0,0,7.987373058560418e-15
n20_vd_0p05,n20,0.05,1.8,3.07224221262669e-05,3.07224221200745e-05,3.07224221200409e-05,3.0191281175383767e-05,0.007573909248439396,0.007573909160903156,8.753624718871659e-11,-9.83887527055715e-18,-4.35810454722445e-19,-9.403064815834706e-18,-3.060652177450098e-13,0,0,6.446549489319938e-15
n20_vd_0p05,n20,0.05,1.85,3.21193824337761e-05,3.21193824291302e-05,3.21193824292419e-05,3.15420578171783e-05,0.007877162941531606,0.007877162878713156,6.281841269625071e-11,-1.5847305789112e-17,-4.35990074724196e-19,-1.5411315714387805e-17,-4.798135751330866e-13,0,0,5.208240633279239e-15
n20_vd_0p05,n20,0.05,1.9000000000000001,3.34924565223807e-05,3.34924565188943e-05,3.34924565169888e-05,3.286905141391902e-05,0.008159831553774708,0.008159831508566749,4.5207912716237696e-11,5.32984549948157e-18,-4.36164816807677e-19,5.766010316289247e-18,1.7215847732866155e-13,0,0,4.288381851520471e-15
n20_vd_0p05,n20,0.05,1.9500000000000002,3.48422379417294e-05,3.48422379390899e-05,3.48422379423493e-05,3.4172859566808353e-05,0.00842472042321175,0.0084247203903115,3.290024947588465e-11,-6.97681748500125e-18,-4.36334985111985e-19,-6.540482499889265e-18,-1.8771706086512382e-13,0,0,3.5463918883495248e-15
n20_vd_0p05,n20,0.05,2.0,3.61693114667117e-05,3.61693114647026e-05,3.61693114671183e-05,3.5454071288669964e-05,0.00867412782472536,0.008674127800601561,2.4123808769460344e-11,-1.23099006427278e-17,-4.36500853420783e-19,-1.1873399789307016e-17,-3.2827276241888627e-13,0,0,2.911474270531413e-15
n20_vd_0p05,n20,0.05,2.0500000000000003,3.74742226929048e-05,3.74742226913534e-05,3.7474222692781e-05,3.671326412677464e-05,0.008909634526315846,0.008909634508336444,1.7979403450524926e-11,-1.1589963367255e-17,-4.3666268721281e-19,-1.1153300680042191e-17,-2.9762593801887296e-13,0,0,2.4447256735418346e-15
n20_vd_0p05,n20,0.05,2.1,3.87575358824411e-05,3.87575358812709e-05,3.87575358885398e-05,3.7951002648950974e-05,0.009132903529334355,0.009132903516221804,1.3112587375776258e-11,4.40901760444068e-18,-4.36820658734047e-19,4.845838263174728e-18,1.2502957561645242e-13,0,0,2.0619445751831357e-15
n20_vd_0p05,n20,0.05,2.15,4.00198411925825e-05,4.00198411917011e-05,4.00198411830689e-05,3.916780897176092e-05,0.009346082924188004,0.00934608291462306,9.564971275354074e-12,1.39165071236779e-17,-4.3697497736055e-19,1.4353482101038447e-17,3.5865914690373445e-13,0,0,1.738618934712142e-15
n20_vd_0p05,n20,0.05,2.2,4.1261686351941e-05,4.12616863512802e-05,4.12616863537711e-05,4.036422051973585e-05,0.009550403310107824,0.009550403303152684,6.95511541982462e-12,-2.30371390131482e-17,-4.3712582253367e-19,-2.260001319061453e-17,-5.477239344560461e-13,0,0,1.4514123251332747e-15
n20_vd_0p05,n20,0.05,2.25,4.24835992381085e-05,4.24835992375961e-05,4.24835992366786e-05,4.154072521426135e-05,0.009747229203109685,0.009747229197871599,5.238082149229061e-12,2.16100599756567e-18,-4.37273356114521e-19,2.598279353680191e-18,6.115958629467601e-14,0,0,1.2410590074806554e-15
n20_vd_0p05,n20,0.05,2.3000000000000003,4.36860927482484e-05,4.3686092747849e-05,4.36860927375329e-05,4.269786165338594e-05,0.009937077751489267,0.009937077747518756,3.970521910804654e-12,1.81408103863317e-17,-4.37417726487017e-19,1.8578228112818718e-17,4.252664164783532e-13,0,0,1.0454005966468478e-15
n20_vd_0p05,n20,0.05,2.35,4.48696644651909e-05,4.48696644648759e-05,4.48696644723906e-05,4.383611563823429e-05,0.010120757980683561,0.010120757977634717,3.0488177182655743e-12,1.63594595539092e-17,-4.37559070248954e-19,1.679701862415815e-17,3.743513312275135e-13,0,0,8.738950445432496e-16
n20_vd_0p05,n20,0.05,2.4000000000000004,4.6034796655677e-05,4.60347966554509e-05,4.60347966547931e-05,4.4955955198962156e-05,0.010298999386314822,0.01029899938418174,2.1330923560211094e-12,3.63306474478577e-18,-4.37697513574149e-19,4.070762258359919e-18,8.84279404735441e-14,0,0,7.403609510962067e-16
n20_vd_0p05,n20,0.05,2.45,4.71819564509478e-05,4.7181956450819e-05,4.71819564468458e-05,4.605783354719985e-05,0.010472439502566145,0.01047243950138056,1.185592403755557e-12,-1.41301052399916e-18,-4.37833173449711e-19,-9.75177350549449e-19,-2.0668438189203608e-14,0,0,6.361083855466833e-16
n20_vd_0p05,n20,0.05,2.5,4.83115961457607e-05,4.83115961456443e-05,4.83115961457128e-05,4.7142189342226024e-05,0.010641638354081454,0.010641638353035096,1.0463435175849046e-12,4.7414040462968e-18,-4.37966158644201e-19,5.1793702049410014e-18,1.0720759855101507e-13,0,0,5.613630245292176e-16
n20_vd_1,n20,1.0,0.0,2.70706436986756e-14,2.70705900121492e-14,3.81688577454982e-14,2.8314286901712235e-14,0.019507045593576786,0.019507906887661536,8.612940847489707e-07,-5.2402106316191e-19,-5.29851932950624e-19,5.830869788713935e-21,2.1539500195958264e-07,0,0,2.815743427815017e-21
n20_vd_1,n20,1.0,0.05,8.793050131048e-14,8.79333367332625e-14,8.75228819846519e-14,9.243677894731704e-14,0.02170525447168792,0.02169125035939166,1.400411229621694e-05,-5.19568805614848e-19,-5.29981668297927e-19,1.0412862683078975e-20,1.1841769083169691e-07,0,0,7.238960075630757e-18
n20_vd_1,n20,1.0,0.1,2.9085123979967e-13,2.9085124938907e-13,3.02927182124335e-13,3.0623479662886564e-13,0.022383617481809392,0.022383603163068932,1.4318740547797817e-08,-5.11786052839361e-19,-5.3011898295261e-19,1.8332930113248938e-20,6.303197992704885e-08,0,0,1.170426344270627e-18
n20_vd_1,n20,1.0,0.15000000000000002,9.74944517675678e-13,9.75215480720312e-13,9.75418550222011e-13,1.0288220523771685e-12,0.02336036311292236,0.023239677881004676,0.00012068523191766406,-6.22594578883656e-19,-5.30264562277679e-19,-9.233001660597703e-20,-9.467652886086303e-08,0,0,1.073328340605046e-15
n20_vd_1,n20,1.0,0.2,3.30463333712282e-12,3.30464150524406e-12,3.31097223335565e-12,3.4929628310684305e-12,0.02407068458834616,0.024069611136245398,1.0734521007597272e-06,-5.4670464553133e-19,-5.30419259842828e-19,-1.6285385688501908e-20,-4.928033997835772e-09,0,0,8.206539867233772e-18
n20_vd_1,n20,1.0,0.25,1.12922817014157e-11,1.12922817060593e-11,1.12887307725226e-11,1.1958172245097226e-11,0.02488310101178417,0.02488310083319399,1.7859007162281605e-10,-3.67248874823321e-19,-5.30584013993433e-19,1.6333513917011197e-19,1.4464316727280046e-08,0,0,1.6669865383707597e-19
n20_vd_1,n20,1.0,0.30000000000000004,3.88364386181803e-11,3.88364385669353e-11,3.88456924976241e-11,4.121192932755397e-11,0.025783549043858062,0.025783549616913277,5.730551653889926e-10,-4.76232145998122e-19,-5.30759977347959e-19,5.452783134983709e-20,1.4040378922968797e-09,0,0,2.5263187580250934e-20
n20_vd_1,n20,1.0,0.35000000000000003,1.34185088580332e-10,1.34185088574562e-10,1.34180993826839e-10,1.4232530203664858e-10,0.025577856914820122,0.025577856933494906,1.8674779986685848e-11,-1.06325921964536e-19,-5.30948581275003e-19,4.2462265931046697e-19,3.164454887060859e-09,0,0,-1.8230286306521304e-19
n20_vd_1,n20,1.0,0.4,4.64858103456964e-10,4.64858103495626e-10,4.64853192879665e-10,4.939364329012194e-10,0.026350655006280123,0.026350654970160082,3.612004245121119e-11,-6.60698521429112e-19,-5.31151811901852e-19,-1.2954670952725992e-19,-2.7868011454054145e-10,0,0,3.2989914218017074e-20
n20_vd_1,n20,1.0,0.45,1.61075177696683e-09,1.61075177696695e-09,1.61073817879433e-09,1.7139890548357571e-09,0.026979425156786172,0.02697942515675382,3.240140287618924e-14,-4.25934376115491e-19,-5.31372481713959e-19,1.0543810559846799e-19,6.545894103994609e-11,0,0,-1.967721005273001e-18
n20_vd_1,n20,1.0,0.5,5.56256513425589e-09,5.56256513788702e-09,5.56256025752159e-09,5.927581346301493e-09,0.027602413325243456,0.02760241304174486,2.834985816241103e-10,-2.68919718570149e-18,-5.31615001744007e-19,-2.157582183957483e-18,-3.878754010918524e-10,0,0,-2.592942750986204e-18
n20_vd_1,n20,1.0,0.55,1.90284699780155e-08,1.90284699801852e-08,1.90284624440448e-08,2.0296715729908485e-08,0.028021899776939717,0.02802189972741976,4.951995119412786e-11,5.37809452311206e-19,-5.31886925324877e-19,1.069696377636083e-18,5.6215574807117087e-11,0,0,-8.722649288738703e-17
n20_vd_1,n20,1.0,0.6000000000000001,6.3716251795437e-08,6.37162517958715e-08,6.3716254747076e-08,6.796015919853113e-08,0.028004167691972368,0.028004167689010782,2.961546082521702e-12,-1.86681473337034e-18,-5.3220224073222e-19,-1.33461249263812e-18,-2.0946186491224145e-11,0,0,-6.820389997206348e-16
n20_vd_1,n20,1.0,0.65,2.03872949642807e-07,2.03872949639761e-07,2.03872947569545e-07,2.1699582876446426e-07,0.02709177928069697,0.02709177928718563,6.4886220078722474e-12,-1.87417477387232e-18,-5.32586864182457e-19,-1.341587909689863e-18,-6.5805096363221275e-12,0,0,-1.9064461850530374e-15
n20_vd_1,n20,1.0,0.7000000000000001,5.97081381114989e-07,5.97081381168971e-07,5.97081368521074e-07,6.32072271952952e-07,0.024733210190699226,0.02473321015143484,3.9264425021128594e-11,-1.14512976939933e-18,-5.33080737361659e-19,-6.120490320376711e-19,-1.0250680247965466e-12,0,0,-1.220905340605329e-15
n20_vd_1,n20,1.0,0.75,1.51689725587506e-06,1.51689725476523e-06,1.51689725216125e-06,1.5919863777544425e-06,0.020983181584325692,0.02098318190207505,3.177493237080542e-10,3.19774488064565e-18,-5.33719206465084e-19,3.731464087110734e-18,2.459931993013101e-12,0,0,4.585292584817084e-16
n20_vd_1,n20,1.0,0.8,3.24101389599987e-06,3.24101389406414e-06,3.24101387028048e-06,3.3695160156192555e-06,0.016886631859940944,0.016886632119327956,2.593869717677637e-10,-1.91916274650213e-18,-5.34498279110371e-19,-1.384664467391759e-18,-4.2723188256852207e-13,0,0,3.799180804234925e-16
n20_vd_1,n20,1.0,0.8500000000000001,5.88954004683092e-06,5.88954004628254e-06,5.88954004101036e-06,6.074682078302457e-06,0.013442174653373124,0.013442174693810647,4.0437529387848193e-11,-4.43726569343003e-19,-5.35376607114051e-19,9.165003777104794e-20,1.5561493266167224e-14,0,0,2.2011722911712864e-17
n20_vd_1,n20,1.0,0.9,9.41848832937975e-06,9.41848832932734e-06,9.41848834958197e-06,9.657969227173123e-06,0.010904613318064553,0.01090461332048114,2.416652847562589e-12,-4.61553195912126e-18,-5.36311409902039e-19,-4.079220549219221e-18,-4.331077776586846e-13,0,0,3.24056179788574e-18
n20_vd_1,n20,1.0,0.9500000000000001,1.37118154432705e-05,1.3711815443267e-05,1.37118154352645e-05,1.4002498219451833e-05,0.009110566965059526,0.009110566965170387,1.108494422803145e-13,-3.90476039115647e-18,-5.37275995886111e-19,-3.3674843952703592e-18,-2.455899737859961e-13,0,0,6.737439273595963e-18
n20_vd_1,n20,1.0,1.0,1.86467481537923e-05,1.8646748153792e-05,1.86467481644383e-05,1.8986209089348297e-05,0.007835154110487045,0.007835154110494054,6.9431577591837224e-15,-1.08942347262275e-18,-5.38257206234555e-19,-5.51166266388195e-19,-2.955830484985179e-14,0,0,-5.96566390649844e-19
n20_vd_1,n20,1.0,1.05,2.41168328540735e-05,2.41168328540735e-05,2.4116832829703e-05,2.4503462605405906e-05,0.006907185789827088,0.006907185789827088,0.0,4.04272671426434e-18,-5.39249061458935e-19,4.581975775723276e-18,1.8999077546574896e-13,0,0,5.6027778083905756e-18
n20_vd_1,n20,1.0,1.1,3.00352157659352e-05,3.00352157659352e-05,3.00352157673176e-05,3.0467780590619976e-05,0.006210063258658682,0.006210063258658682,0.0,-5.27678675570271e-18,-5.40248702503547e-19,-4.736538053199163e-18,-1.5769948483510362e-13,0,0,-4.274666806437433e-18
n20_vd_1,n20,1.0,1.1500000000000001,3.63322562008104e-05,3.63322562008104e-05,3.63322562085787e-05,3.680961979727235e-05,0.005668963686010062,0.005668963686010062,0.0,5.59082793982177e-18,-5.41254619779246e-19,6.132082559601016e-18,1.687779180491477e-13,0,0,5.654388473664486e-18
n20_vd_1,n20,1.0,1.2000000000000002,4.29514081636917e-05,4.29514081636917e-05,4.29514081872418e-05,4.34727912714119e-05,0.005240119207564331,0.005240119207564331,0.0,4.26098839345775e-18,-5.42265848036839e-19,4.803254241494589e-18,1.1182995964157805e-13,0,0,4.816747603440469e-18
n20_vd_1,n20,1.0,1.25,4.98466854008538e-05,4.98466854008538e-05,4.98466853984256e-05,5.041115171135164e-05,0.004890334785243776,0.004890334785243776,0.0,2.09956517961907e-18,-5.43281402244075e-19,2.642846581863145e-18,5.301950492013812e-14,0,0,2.604979443124414e-18
n20_vd_1,n20,1.0,1.3,5.69813890324781e-05,5.69813889379099e-05,5.69813889242029e-05,5.75866163835233e-05,0.004588529633841109,0.0045885303546106555,7.207694968772029e-10,4.53195631109507e-18,-5.44300517093907e-19,5.076256828188977e-18,8.90862248675677e-14,0,0,-2.426914547636289e-13
n20_vd_1,n20,1.0,1.35,6.43251945016587e-05,6.43251944349676e-05,6.43251944439022e-05,6.49693085264345e-05,0.0043271364877542915,0.004327136938022218,4.5026792752458144e-10,1.11128507351374e-17,-5.45322653829639e-19,1.1658173388967039e-17,1.8123805907424632e-13,0,0,-1.8466137781484418e-13
n20_vd_1,n20,1.0,1.4000000000000001,7.18524858490299e-05,7.18524858012327e-05,7.185248580292e-05,7.253355227183805e-05,0.004097149375844696,0.004097149664743056,2.888982852453226e-10,-5.79598413156794e-18,-5.46347161362737e-19,-5.2496369702052026e-18,-7.306131321228611e-14,0,0,-1.4075163905480164e-13
n20_vd_1,n20,1.0,1.4500000000000002,7.9541498119795e-05,7.95414980849724e-05,7.9541498097351e-05,8.025732113793563e-05,0.003890893157312424,0.0038908933474428448,1.9013046779163776e-10,-2.09484857384966e-18,-5.47373360272501e-19,-1.547475213577159e-18,-1.9454941770445735e-14,0,0,-1.0780686866276172e-13
n20_vd_1,n20,1.0,1.5,8.7373894429027e-05,8.73738944044928e-05,8.73738943879718e-05,8.81221167288239e-05,0.0037032270169790557,0.0037032271389270135,1.2194793532635667e-10,-6.76946480436481e-18,-5.48400669437584e-19,-6.221064134927226e-18,-7.120049045916553e-14,0,0,-8.179682972562217e-14
n20_vd_1,n20,1.0,1.55,9.53339992413598e-05,9.5333999246056e-05,9.53339992582292e-05,9.611217371617344e-05,0.0035305875944088012,0.0035305875730151843,2.1393604844957744e-11,-9.72902566769174e-18,-5.49428554233174e-19,-9.179597113458567e-18,-9.628880762429915e-14,0,0,-4.0317145474198466e-14
n20_vd_1,n20,1.0,1.6,0.000103408364437447,0.000103408364429972,0.000103408364416839,0.00010421386343287518,0.0033698272832501704,0.003369827314643672,3.139353602565694e-11,-3.42907240007725e-18,-5.50456540173761e-19,-2.8786158599034887e-18,-2.7837359925104353e-14,0,0,-4.3007923938904325e-14
n20_vd_1,n20,1.0,1.6500000000000001,0.000111585297892591,0.000111585297892946,0.000111585297888778,0.00011241553232835157,0.0032193441860630194,0.003219344184681389,1.3816883940753518e-12,4.78951566801272e-18,-5.51484175928558e-19,5.340999843941278e-18,4.78647272068529e-14,0,0,-2.7824045014172573e-14
n20_vd_1,n20,1.0,1.7000000000000002,0.000119854472638814,0.000119854472641015,0.000119854472641658,0.00012070694450512725,0.00307801127577125,0.0030780112677958986,7.975373879309077e-12,3.59165646267601e-18,-5.52511014008278e-19,4.144167476684288e-18,3.457666105708705e-14,0,0,-2.0253444685461792e-14
n20_vd_1,n20,1.0,1.75,0.000128206685926832,0.000128206685923198,0.000128206685917156,0.00012907862452430927,0.0029436548128693356,0.002943654825179344,1.2310025841713795e-11,1.69705446308423e-18,-5.53536609251539e-19,2.250591072335769e-18,1.755439707476708e-14,0,0,-2.1632457315427246e-14
n20_vd_1,n20,1.0,1.8,0.000136634128813695,0.000136634128841032,0.000136634128846683,0.00013752278671627096,0.002815472112487549,0.0028154720255962828,8.68913049615715e-11,1.08514668715434e-17,-5.54560646800478e-19,1.1406027518343879e-17,8.347861266502681e-14,0,0,1.28697462038999e-14
n20_vd_1,n20,1.0,1.85,0.000145129620264364,0.000145129620275872,0.000145129620275451,0.00014603234258732219,0.0026929931087972853,0.0026929930743601165,3.443719458946575e-11,8.0045479482434e-19,-5.55582767932485e-19,1.3560375627568249e-18,9.343630612270457e-15,0,0,-2.0837669382763628e-17
n20_vd_1,n20,1.0,1.9000000000000001,0.000153686802835265,0.000153686802870784,0.000153686802873878,0.00015460089753722937,0.0025754348805591197,0.0025754347801880293,1.0037106001713381e-10,-1.16904737165559e-17,-5.56602660337806e-19,-1.1133871056218093e-17,-7.244519925096738e-14,0,0,2.5971821194948238e-14
n20_vd_1,n20,1.0,1.9500000000000002,0.000162299942885442,0.00016229994292504,0.000162299942923695,0.00016322274147093324,0.0024623009479793115,0.0024623008420200177,1.0595933768448264e-10,-5.13125397331948e-18,-5.57620029798493e-19,-4.573633943520987e-18,-2.8180132790517183e-14,0,0,3.1785533685054597e-14
n20_vd_1,n20,1.0,2.0,0.000170963800756332,0.000170963800798706,0.000170963800791904,0.00017189269716544737,0.002353261928768708,0.0023532618211272766,1.0764141408397789e-10,1.41824677671263e-17,-5.58634650211733e-19,1.4741102417338035e-17,8.62235300599939e-14,0,0,3.594969994072171e-14
n20_vd_1,n20,1.0,2.0500000000000003,0.000179673661834749,0.000179673661878299,0.000179673661879784,0.0001806060458849644,0.002247865440930312,0.002247865335664293,1.0526598623619943e-10,1.53826011548086e-19,-5.59646256739142e-19,7.13472268287228e-19,3.970934085878957e-15,0,0,3.824031133161484e-14
n20_vd_1,n20,1.0,2.1,0.000188425257544086,0.000188425257587795,0.000188425257592301,0.00018935844441253,0.002145559640336203,0.0021455595395930022,1.0074329041913719e-10,3.50548190230199e-18,-5.60654586879175e-19,4.066136489181166e-18,2.1579572405714173e-14,0,0,3.9311752181360875e-14
n20_vd_1,n20,1.0,2.15,0.000197214634297795,0.000197214634340359,0.000197214634336605,0.00019814596575401907,0.00204609594563158,0.002046095851899641,9.373195470963803e-11,-2.59090790369614e-18,-5.61659423853946e-19,-2.0292484798421943e-18,-1.0289543099220801e-14,0,0,3.8904557503204656e-14
n20_vd_1,n20,1.0,2.2,0.000206038145576574,0.000206038145617008,0.000206038145610931,0.00020696500877356126,0.001949293817588055,0.001949293732359812,8.522822581308325e-11,-2.36049372448693e-18,-5.62660563605769e-19,-1.797833160881161e-18,-8.725729672519213e-15,0,0,3.7352236344686406e-14
n20_vd_1,n20,1.0,2.25,0.000214892414858628,0.00021489241489625,0.000214892414893536,0.00021581220551576707,0.0018549167817653184,0.0018549167057317433,7.603355628669805e-11,-1.05322750170163e-17,-5.63657815269028e-19,-9.968617201747273e-18,-4.638887420274987e-14,0,0,3.505768814778927e-14
n20_vd_1,n20,1.0,2.3000000000000003,0.000223774290961617,0.000223774290995881,0.000223774291017907,0.00022468442047916042,0.001762769949000377,0.0017627698825017691,6.649847916447712e-11,-4.27880266721047e-19,-5.64650997243161e-19,1.36770730522114e-19,6.111994810191647e-16,0,0,3.2098708568244343e-14
n20_vd_1,n20,1.0,2.35,0.000232680843517594,0.000232680843548489,0.000232680843542001,0.00023357871967409112,0.0016726440506309851,0.0016726439929659876,5.7664950273871784e-11,4.19508232063463e-18,-5.65639942160828e-19,4.760722262795458e-18,2.0460310312582126e-14,0,0,2.905357847521436e-14
n20_vd_1,n20,1.0,2.4000000000000004,0.000241609309374534,0.000241609309401965,0.000241609309410669,0.00024249233833025666,0.0015843574586833222,0.0015843574093758839,4.93074134205237e-11,-1.24687597534138e-17,-5.66624488944869e-19,-1.1902135264468932e-17,-4.926190672838425e-14,0,0,2.5866957384246047e-14
n20_vd_1,n20,1.0,2.45,0.000250557078987132,0.000250557079011239,0.000250557079013016,0.0002514226804862053,0.0014977748408475044,0.0014977747990625155,4.178508058571702e-11,-1.73655313539776e-17,-5.67604485089712e-19,-1.679792686888789e-17,-6.704231600710193e-14,0,0,2.277245124973199e-14
n20_vd_1,n20,1.0,2.5,0.000259521678551251,0.000259521678572255,0.000259521678567193,0.00026036727382559415,0.0014127543342920387,0.0014127542991431334,3.514896469247171e-11,-2.93275438620255e-18,-5.68579783265294e-19,-2.3641746029372557e-18,-9.109738407764774e-15,0,0,1.9870790463068563e-14
n21_vd_0p05,n21,0.05,0.0,9.39050615567485e-17,9.38956062319186e-17,4.08578001628751e-15,9.75121404061547e-17,0.016369687660571057,0.016413419085491446,4.3731424920347544e-05,-3.21704392522353e-19,-2.36285495796127e-19,-8.541889672622597e-20,-0.0009097219790587913,0,0,-3.1778870225770955e-20
n21_vd_0p05,n21,0.05,0.05,1.95517753930434e-16,2.16898997512344e-16,4.08597754764744e-15,2.3170455663241055e-16,0.07374837507777213,0.028677029830355083,0.04507134524741708,-1.61693578071148e-19,-2.36290473001109e-19,7.4596894929961e-20,0.00034392457219962764,0,1,6.086709233878741e-17
n21_vd_0p05,n21,0.05,0.1,5.99209836782147e-16,6.0467554995746e-16,4.08648995643946e-15,6.571868913550446e-16,0.04010995791113123,0.03616648387734772,0.003943474033783465,-2.08041741759164e-19,-2.36296060479882e-19,2.8254318720718007e-20,4.672641174710264e-05,0,1,1.545330228460775e-17
n21_vd_0p05,n21,0.05,0.15000000000000002,1.86220534944177e-15,1.86200692006264e-15,4.08826187497891e-15,2.0445537527419265e-15,0.04057096305991032,0.0406172422611207,4.62792012103088e-05,6.14770607981368e-20,-2.36302281634945e-19,2.977793424330818e-19,0.00015992386452734782,0,0,-1.1642829739432984e-20
n21_vd_0p05,n21,0.05,0.2,6.0348686543664e-15,6.03492845357409e-15,1.36911134615081e-14,6.6740491533136605e-15,0.04372157848747931,0.043717275106786184,4.303380693151142e-06,-8.48951308259071e-20,-2.36309176409801e-19,1.5141404558389393e-19,2.508961734156457e-05,0,0,3.118944810173769e-19
n21_vd_0p05,n21,0.05,0.25,2.01608399982166e-14,2.016098807944e-14,2.33079506912067e-14,2.2425197823192554e-14,0.04622765988693437,0.046224470008833014,3.189878101327231e-06,3.31239710420344e-19,-2.36316799125779e-19,5.67556509546123e-19,2.815122489581313e-05,0,0,4.48987191658982e-19
n21_vd_0p05,n21,0.05,0.30000000000000004,6.87819927595187e-14,6.87820010083824e-14,8.5087152813295e-14,7.690887814244398e-14,0.04850172232060071,0.048501670236681324,5.2083919396198797e-08,-8.13880931855354e-19,-2.36325214380152e-19,-5.775557174752019e-19,-8.396901936668225e-06,0,0,-6.21953710549116e-19
n21_vd_0p05,n21,0.05,0.35000000000000003,2.38564398972105e-13,2.38564401815327e-13,2.4239860486032e-13,2.680547015161361e-13,0.050617794598640936,0.050617789422698456,5.175942495765906e-09,1.98874905324306e-18,-2.36334500953172e-19,2.2250835541962323e-18,9.32697224424402e-06,0,0,2.2319171240307723e-18
n21_vd_0p05,n21,0.05,0.4,8.38822545780096e-13,8.38822523561302e-13,8.50980334638187e-13,9.468708838649664e-13,0.05262066739886457,0.05262067890248935,1.150362470074847e-08,-5.21248683334088e-18,-2.36344760716037e-19,-4.976142072624843e-18,-5.932294296889111e-06,0,0,-5.2453570126995035e-18
n21_vd_0p05,n21,0.05,0.45,2.98378728629064e-12,2.98378733559697e-12,2.98256142362236e-12,3.383020379580873e-12,0.05453675489864403,0.05453674772203763,7.1766063360319384e-09,-4.65159067222237e-18,-2.36356137221938e-19,-4.415234535000432e-18,-1.4797416968448493e-06,0,0,-4.359666328056242e-18
n21_vd_0p05,n21,0.05,0.5,1.07193953146493e-11,1.07193948758082e-11,1.07133486174568e-11,1.220504554520921e-11,0.05636911707680731,0.05636913485638032,1.777957303170635e-08,8.39687326536172e-18,-2.3636885518652e-19,8.633242120548239e-18,8.05385212558216e-07,0,0,1.9587931951039e-18
n21_vd_0p05,n21,0.05,0.55,3.88324526359689e-11,3.88324520076081e-11,3.88186838173935e-11,4.43928573952674e-11,0.05811827856009517,0.05811828558755832,7.0274631322601045e-09,-9.5331730707312e-18,-2.36383302014899e-19,-9.296789768716301e-18,-2.394077450194199e-07,0,0,-1.43529879890589e-17
n21_vd_0p05,n21,0.05,0.6000000000000001,1.41613994486748e-10,1.41613993008612e-10,1.41619441218806e-10,1.6251049112441595e-10,0.05977522975068638,0.059775234283757486,4.533071137437914e-09,-7.66051798143728e-18,-2.36400189883153e-19,-7.424117791554125e-18,-5.242502971512597e-08,0,0,-1.3000646594410948e-17
n21_vd_0p05,n21,0.05,0.65,5.18773929671201e-10,5.18773924895445e-10,5.18782791996251e-10,5.974374654596498e-10,0.061314310802997686,0.06131431480104842,3.9980507300260525e-09,5.39640869382829e-18,-2.36420851737497e-19,5.632829545565788e-18,1.0857965821433764e-08,0,0,-3.0007958911525603e-17
n21_vd_0p05,n21,0.05,0.7000000000000001,1.90312262662653e-09,1.9031226451575e-09,1.90312127667651e-09,2.198569511532282e-09,0.06267342842789894,0.06267342419911306,4.228785854337494e-09,2.10209447700117e-17,-2.36447830715375e-19,2.1257392600727076e-17,1.1169743923134201e-08,0,0,2.628791620393094e-17
n21_vd_0p05,n21,0.05,0.75,6.95536682311022e-09,6.9553670046417e-09,6.95536746786624e-09,8.054093900688557e-09,0.0636966491931454,0.06369663785828401,1.1334861404298147e-08,-1.80142125022149e-17,-2.36486420403702e-19,-1.77777260818112e-17,-2.555972397998142e-09,0,0,-1.042902081939528e-15
n21_vd_0p05,n21,0.05,0.8,2.50679465361738e-08,2.50679477267614e-08,2.50679513486859e-08,2.9047622774605885e-08,0.06399183621494026,0.0639918155883759,2.062656430601657e-08,2.20298518841452e-17,-2.36548719489323e-19,2.2266400603634522e-17,8.882418635277402e-10,0,0,-9.179493148924293e-16
n21_vd_0p05,n21,0.05,0.8500000000000001,8.71569524943566e-08,8.71569543261625e-08,8.71569514835923e-08,1.006632369223139e-07,0.06256885501838583,0.06256884589067811,9.127707690087787e-09,-7.2878406251301e-17,-2.36661481133148e-19,-7.264174477016784e-17,-8.334589629913498e-10,0,0,1.3196687091396894e-15
n21_vd_0p05,n21,0.05,0.9,2.79367492386148e-07,2.79367491801517e-07,2.79367495740215e-07,3.1907692333845576e-07,0.05771952619510586,0.05771952710395182,9.088459474763257e-10,2.81841933732682e-17,-2.36871532958658e-19,2.842106490622686e-17,1.0173361518533177e-10,0,0,7.683684253893126e-16
n21_vd_0p05,n21,0.05,0.9500000000000001,7.69116127691679e-07,7.69116124086844e-07,7.69116113316714e-07,8.597016088610296e-07,0.04835582126008199,0.04835582329561336,2.035531302778553e-09,-1.41544069475204e-17,-2.37217207514752e-19,-1.391718974000565e-17,-1.809504352353716e-11,0,0,1.2897866670695784e-15
n21_vd_0p05,n21,0.05,1.0,1.71524034691091e-06,1.71524033730399e-06,1.71524034174572e-06,1.8662027792274949e-06,0.036633847994362326,0.03663385042681002,2.432447670375258e-09,-4.11141218642068e-18,-2.37660103454829e-19,-3.873752082965851e-18,-2.258431077393273e-12,0,0,9.17797247300545e-17
n21_vd_0p05,n21,0.05,1.05,3.10558889716378e-06,3.10558888963943e-06,3.10558890069321e-06,3.2991010629605707e-06,0.02625165430778982,0.026251655360016567,1.0522267360826552e-09,-1.91523841639853e-17,-2.38104907810321e-19,-1.891427925617498e-17,-6.090400219834311e-12,0,0,-2.1675034889351745e-16
n21_vd_0p05,n21,0.05,1.1,4.79284959749211e-06,4.79284959571403e-06,4.7928495849429e-06,5.00342351594169e-06,0.018673464613138725,0.018673464774255914,1.6111722945744965e-10,7.9124817747867e-17,-2.38496352925566e-19,7.936331410079257e-17,1.6558690715386234e-11,0,0,5.067964516841754e-17
n21_vd_0p05,n21,0.05,1.1500000000000001,6.63704783682535e-06,6.63704783671368e-06,6.63704782634819e-06,6.845812241877577e-06,0.01345003584478234,0.013450035852089488,7.307143161495678e-12,-3.90631447470051e-17,-2.38830065167575e-19,-3.882431468183752e-17,-5.8496361088548815e-12,0,0,1.0806887598716067e-16
n21_vd_0p05,n21,0.05,1.2000000000000002,8.55149423975048e-06,8.55149423969881e-06,8.55149425498682e-06,8.746604017448114e-06,0.009797457757061081,0.009797457759685128,2.624031469246077e-12,1.45824157802024e-16,-2.39118123592124e-19,1.460632759256161e-16,1.7080439024041318e-11,0,0,2.1245484622306976e-20
n21_vd_0p05,n21,0.05,1.25,1.04885169881792e-05,1.04885169881988e-05,1.04885169939704e-05,1.0662462410325686e-05,0.007143427142550928,0.007143427141739404,8.114815631038329e-13,-6.81425765284272e-17,-2.39372385422908e-19,-6.79032041430043e-17,-6.474051976976905e-12,0,0,9.477266541315038e-18
n21_vd_0p05,n21,0.05,1.3,1.24220354751068e-05,1.2422035475066e-05,1.24220354686216e-05,1.2569713687112654e-05,0.005132620262173409,0.005132620263599856,1.4264331885279648e-12,1.66789524603359e-16,-2.39601435521597e-19,1.670291260388806e-16,1.3446196186941186e-11,0,0,-2.41756060820554e-17
n21_vd_0p05,n21,0.05,1.35,1.43374470432274e-05,1.43374470432286e-05,1.43374470414504e-05,1.4455088990731814e-05,0.0035489428852395048,0.0035489428852031584,3.6355145489057403e-14,2.32451496962164e-17,-2.398111555269e-19,2.3484960851743303e-17,1.6380155254233327e-12,0,0,1.68317373415359e-17
n21_vd_0p05,n21,0.05,1.4000000000000001,1.62264137681178e-05,1.62264134398088e-05,1.62264134399117e-05,1.6311025025864776e-05,0.002258707909254676,0.0022587166963341956,8.787079592868234e-09,4.57972772354756e-17,-2.40005580362983e-19,4.6037282815838583e-17,2.8371816721305638e-12,0,0,3.581006963393791e-14
n21_vd_0p05,n21,0.05,1.4500000000000002,1.80841781127883e-05,1.80841780324807e-05,1.80841780407129e-05,1.8133249209225278e-05,0.0011768544051946298,0.0011768563337946787,1.9286001153723313e-09,-1.29950760113691e-16,-2.40187546319308e-19,-1.297105725673717e-16,-7.172599845810002e-12,0,0,2.4637822265691215e-14
n21_vd_0p05,n21,0.05,1.5,1.99081156984265e-05,1.99081157290661e-05,1.99081157442749e-05,1.9919432371658445e-05,0.0002468024826311513,0.0002468018142298478,6.684012105298352e-10,3.65326442059431e-17,-2.40359105073772e-19,3.677300331101687e-17,1.847136304182109e-12,0,0,2.079019296253594e-14
n21_vd_0p05,n21,0.05,1.55,2.16969130342255e-05,2.16969131143016e-05,2.16969130979751e-05,2.1668451376013548e-05,0.0005700744384466599,0.0005700760412833142,1.6028366446969798e-09,-1.51691070447872e-16,-2.40521783656802e-19,-1.514505486642152e-16,-6.980280921362312e-12,0,0,1.8538644605896603e-14
n21_vd_0p05,n21,0.05,1.6,2.34500842240182e-05,2.3450084323052e-05,2.34500843331405e-05,2.3379945072748332e-05,0.0013009203537257938,0.001300922187827241,1.834101463945199e-09,2.01606820120228e-16,-2.40676749249627e-19,2.0184749686947763e-16,8.607538211325606e-12,0,0,1.669717783818928e-14
n21_vd_0p05,n21,0.05,1.6500000000000001,2.51676742372761e-05,2.51676743395448e-05,2.5167674343858e-05,2.505404285704979e-05,0.001965267954620666,0.0019652697193738395,1.7647532045338056e-09,1.80566120415443e-16,-2.40824915674217e-19,1.8080694533111722e-16,7.18409428268164e-12,0,0,1.4809713370144398e-14
n21_vd_0p05,n21,0.05,1.7000000000000002,2.68500713708859e-05,2.68500714682629e-05,2.6850071466181e-05,2.669119074714192e-05,0.002577495485879805,0.0025774970609330474,1.5750533097270167e-09,-6.29570836587486e-17,-2.40967013921628e-19,-6.271611664482697e-17,-2.3357895608940246e-12,0,0,1.275715372302574e-14
n21_vd_0p05,n21,0.05,1.75,2.84978857178819e-05,2.849788580659e-05,2.84978858113927e-05,2.829203901881576e-05,0.003148392164927585,0.003148393516797662,1.3518700366492212e-09,6.09223291400446e-17,-2.41103639962349e-19,6.116343278000695e-17,2.146244573899696e-12,0,0,1.1094931811653076e-14
n21_vd_0p05,n21,0.05,1.8,3.01118689030575e-05,3.01118689816721e-05,3.01118689753226e-05,2.9857367570624e-05,0.0036861962690641326,0.00368619740289902,1.1338349220562637e-09,-1.51685654127068e-16,-2.41235287852064e-19,-1.5144441883921592e-16,-5.029392859386912e-12,0,0,9.504094576898174e-15
n21_vd_0p05,n21,0.05,1.85,3.16928499909332e-05,3.1692850059362e-05,3.16928500572937e-05,3.13880356477568e-05,0.004197157863091784,0.004197158800787469,9.376957303299309e-10,9.55137737392787e-17,-2.41362382199797e-19,9.57551361214785e-17,3.0213482202492118e-12,0,0,8.064883078503968e-15
n21_vd_0p05,n21,0.05,1.9000000000000001,3.32417102219857e-05,3.32417102807523e-05,3.32417102667631e-05,3.288494758591941e-05,0.00468620531154978,0.004686206079320522,7.677707198875024e-10,8.47524530096401e-17,-2.41485274873773e-19,8.499393828451387e-17,2.5568461299576175e-12,0,0,6.59597927124115e-15
n21_vd_0p05,n21,0.05,1.9500000000000002,3.47593653222335e-05,3.47593653724129e-05,3.47593653695565e-05,3.4349029304592125e-05,0.005157369474578615,0.005157370101535828,6.269572126288349e-10,1.14070276071461e-17,-2.41604264411104e-19,1.1648631871557203e-17,3.3512211016379057e-13,0,0,5.3645980229183964e-15
n21_vd_0p05,n21,0.05,2.0,3.62467457322753e-05,3.62467457747651e-05,3.62467457874681e-05,3.578121215735691e-05,0.005613972239448686,0.005613972748545057,5.090963383588727e-10,-2.18949247259478e-16,-2.41719621256023e-19,-2.18707527638222e-16,-6.0338527766673515e-12,0,0,3.9638210051033e-15
n21_vd_0p05,n21,0.05,2.0500000000000003,3.770476934353e-05,3.77047693794407e-05,3.7704769383148e-05,3.718242200568603e-05,0.0060586127334114155,0.006058613147041258,4.136298479264471e-10,-2.6317893293134e-17,-2.41831580348339e-19,-2.607606171278566e-17,-6.915852329017073e-13,0,0,3.5117671119573114e-15
n21_vd_0p05,n21,0.05,2.1,3.91342780159674e-05,3.91342780461478e-05,3.91342780459683e-05,3.8553553398942104e-05,0.00649291374862989,0.0064929140835582756,3.3492838333195265e-10,2.75904579537868e-16,-2.4194036820445e-19,2.7614651990607245e-16,7.056384675869983e-12,0,0,2.885319582196387e-15
n21_vd_0p05,n21,0.05,2.15,4.05361950908163e-05,4.0536195116179e-05,4.05361951211413e-05,3.989549641227688e-05,0.0069191081524501,0.006919108424179616,2.717295434988305e-10,-1.07445176297963e-17,-2.42046159497682e-19,-1.0502471470298618e-17,-2.590887339129375e-13,0,0,1.8031110706371697e-15
n21_vd_0p05,n21,0.05,2.2,4.19113499097302e-05,4.19113499309583e-05,4.19113499348374e-05,4.120912217407971e-05,0.007338285720119416,0.007338285940089605,2.199702310883498e-10,2.74853621877613e-16,-2.42149106614506e-19,2.7509577098422753e-16,6.563753528278145e-12,0,0,1.4706073179078061e-15
n21_vd_0p05,n21,0.05,2.25,4.32605948128018e-05,4.32605948304733e-05,4.32605948230981e-05,4.249529247698189e-05,0.00775166383850777,0.007751664015912468,1.7740472030141455e-10,-1.74001875508052e-16,-2.42249365772488e-19,-1.7375962614227952e-16,-4.016579680034383e-12,0,0,1.0856916602493737e-15
n21_vd_0p05,n21,0.05,2.3000000000000003,4.45847702760969e-05,4.45847702910095e-05,4.45847702811463e-05,4.375474561255715e-05,0.008161370049892452,0.008161370195154153,1.4526166076545435e-10,8.26560625247385e-17,-2.42347081860623e-19,8.289840960659911e-17,1.859343651778678e-12,0,0,9.654688882892446e-16
n21_vd_0p05,n21,0.05,2.35,4.58846620527644e-05,4.58846620652594e-05,4.58846620654792e-05,4.498835034921101e-05,0.008567468835762673,0.008567468954026762,1.1826405972177949e-10,8.10399438432815e-17,-2.42442381459413e-19,8.128238622474091e-17,1.7714500350713524e-12,0,0,1.1158982943021103e-15
n21_vd_0p05,n21,0.05,2.4000000000000004,4.71610297994752e-05,4.71610298099502e-05,4.71610297982847e-05,4.6196873328854915e-05,0.008970696827463303,0.008970696923925034,9.64616764686127e-11,-1.69280676700733e-16,-2.42535380900569e-19,-1.6903814131983243e-16,-3.5842758735554193e-12,0,0,6.610598546005283e-16
n21_vd_0p05,n21,0.05,2.45,4.84146069270285e-05,4.84146069358378e-05,4.84146069390744e-05,4.7380998965760966e-05,0.009372197204926339,0.009372197283948547,7.902219997050648e-11,-6.91185052292358e-17,-2.4262618748918e-19,-6.887587904174662e-17,-1.4226260089857889e-12,0,0,8.370223016396188e-16
n21_vd_0p05,n21,0.05,2.5,4.96461008841558e-05,4.9646100891579e-05,4.96461008873685e-05,4.854147187637822e-05,0.009772204570424353,0.00977220463536105,6.49367508326304e-11,-2.17683005200143e-16,-2.42714900521799e-19,-2.1744029029962122e-16,-4.379805994724222e-12,0,0,-1.3263063038871368e-16
n21_vd_1,n21,1.0,0.0,3.32655227475971e-16,3.32658619709203e-16,1.77924316602326e-14,3.4027110221336656e-16,0.009830715355814272,0.009826286684502963,4.428671311313894e-06,-2.73351228990728e-19,-2.81480870432628e-19,8.129641441900016e-21,2.4438391071924205e-05,0,0,-3.405426881467398e-20
n21_vd_1,n21,1.0,0.05,6.37933801750496e-16,6.37933893181328e-16,1.85021071283865e-14,6.72184285433372e-16,0.022712740742172714,0.02271267849762187,6.224455093856017e-08,-2.38681452966586e-19,-2.81520311464425e-19,4.283885849783901e-20,6.715250428881411e-05,0,1,4.081116971998954e-17
n21_vd_1,n21,1.0,0.1,1.64926989442049e-15,1.64926993370471e-15,1.85035230987383e-14,1.7775653667938913e-15,0.032533848611690404,0.032533838267161753,1.034452865437411e-08,-1.4523238186451e-19,-2.81563091510958e-19,1.3633070964644802e-19,8.26612471739008e-05,0,0,9.893541651476292e-18
n21_vd_1,n21,1.0,0.15000000000000002,5.08322275344343e-15,5.08322273960965e-15,1.85084105439287e-14,5.5490642224006034e-15,0.03808060970467717,0.03808061088659164,1.1819144604047702e-09,1.93348878767269e-20,-2.81609386402867e-19,3.009442742795939e-19,5.920344035577398e-05,0,0,9.6229713058503e-20
n21_vd_1,n21,1.0,0.2,1.69809013102112e-14,1.69809014097373e-14,3.77190774377151e-14,1.8677072657870412e-14,0.04134807033881759,0.04134806779339111,2.545426429863035e-09,-4.04172795453592e-19,-2.81659347737767e-19,-1.22513447715825e-19,-7.214778812953506e-06,0,0,2.0526375186066712e-19
n21_vd_1,n21,1.0,0.25,5.89029384656372e-14,5.89029385044465e-14,5.69720572093617e-14,6.513336405876464e-14,0.04366654874319264,0.04366654845704954,2.861430568339051e-10,4.31342544934317e-19,-2.81713243466543e-19,7.1305578840086e-19,1.2105606384086124e-05,0,0,7.155776140095519e-19
n21_vd_1,n21,1.0,0.30000000000000004,2.08720592896945e-13,2.08720592985543e-13,1.92271070067683e-13,2.318561728418024e-13,0.04565336309874121,0.04565336291439133,1.843499031453854e-10,1.20117029592904e-18,-2.81771342237081e-19,1.4829416381661212e-18,7.104912921883261e-06,0,0,2.318453099230559e-19
n21_vd_1,n21,1.0,0.35000000000000003,7.50574453756904e-13,7.50574452394212e-13,7.35369719612189e-13,8.37284985492032e-13,0.04747952448638544,0.04747952527486099,7.884755552344074e-10,-2.96279680716525e-18,-2.81833953099639e-19,-2.680962854065611e-18,-3.5718813043979445e-06,0,0,-2.5075852732157407e-18
n21_vd_1,n21,1.0,0.4,2.73031984457574e-12,2.73031984438441e-12,2.72572867253323e-12,3.0579021501193282e-12,0.04921005865158061,0.049210058682014224,3.043364446538147e-11,-7.25249744535796e-18,-2.81901438320146e-19,-6.970596007037814e-18,-2.553032759650705e-06,0,0,-4.416695355214624e-18
n21_vd_1,n21,1.0,0.45,1.0025651459782e-11,1.00256514602775e-11,1.00415654595121e-11,1.1271398241397756e-11,0.05086519220127771,0.05086519217981353,2.1464193615505963e-11,-1.1825316100052e-18,-2.81974243088372e-19,-9.00557366916828e-19,-8.982532162472577e-08,0,0,-1.043091709431668e-18
n21_vd_1,n21,1.0,0.5,3.70981887137092e-11,3.7098188715249e-11,3.71006652223478e-11,4.1860286000022064e-11,0.052449485133892304,0.052449485115866404,1.802588403366654e-11,2.20302086934039e-18,-2.82052966049604e-19,2.485073835389994e-18,6.698639263669816e-08,0,0,3.098113990434274e-18
n21_vd_1,n21,1.0,0.55,1.3811022505611e-10,1.38110225047524e-10,1.38121861357441e-10,1.563808964114479e-10,0.0539578653101733,0.05395786533717248,2.6999143976651516e-11,-9.46676191368127e-18,-2.82138505047935e-19,-9.184623408633335e-18,-6.65021247012876e-08,0,0,-9.130213467993395e-18
n21_vd_1,n21,1.0,0.6000000000000001,5.16327238201073e-10,5.1632723820342e-10,5.16320024317519e-10,5.865378028182612e-10,0.05537097165460764,0.05537097165263345,1.9741711895234023e-12,7.82701662735869e-18,-2.82232349288026e-19,8.109248976646715e-18,1.5705638549814167e-08,0,0,2.9825082057332363e-18
n21_vd_1,n21,1.0,0.65,1.93348702476579e-09,1.93348702519623e-09,1.93348130223587e-09,2.202793999150798e-09,0.05663262274844837,0.056632622651764115,9.66842432478437e-11,-1.17816551600697e-17,-2.82337154058475e-19,-1.1499318006011225e-17,-5.947450309289848e-09,0,0,-3.6091524751202627e-17
n21_vd_1,n21,1.0,0.7000000000000001,7.22203308967102e-09,7.22203316180922e-09,7.22205194967781e-09,8.247021088526245e-09,0.057637631171204295,0.05763762683319845,4.338005871420335e-09,-8.09237867453779e-18,-2.82457895253141e-19,-7.80992077928465e-18,-1.0814019548655957e-09,0,0,-2.698652833163659e-16
n21_vd_1,n21,1.0,0.75,2.66918933728201e-08,2.6691894510806e-08,2.66919022050368e-08,3.0511664604390904e-08,0.05808652051250995,0.05808650199673889,1.8515771057025906e-08,1.31043700030219e-17,-2.82604514311188e-19,1.3386974517333088e-17,5.015370681880028e-10,0,0,-7.473993240872073e-16
n21_vd_1,n21,1.0,0.8,9.59235490548074e-08,9.59235490600828e-08,9.59235759888758e-08,1.0945416966652644e-07,0.0573070719503948,0.057307071926510404,2.388436625818839e-11,-2.407511272825e-17,-2.82797764677139e-19,-2.3792314963572862e-17,-2.480341396529259e-10,0,0,-2.7803339853884336e-15
n21_vd_1,n21,1.0,0.8500000000000001,3.23090344131032e-07,3.2309034404388e-07,3.23090347136438e-07,3.659362525345283e-07,0.05408145735952206,0.054081457476670855,1.1714876682223987e-10,-2.27349785780871e-17,-2.83076879126562e-19,-2.245190169896054e-17,-6.949109471346897e-11,0,0,-1.9943866703088418e-16
n21_vd_1,n21,1.0,0.9,9.59787165242806e-07,9.59787165242807e-07,9.59787153225227e-07,1.0707514353020703e-06,0.047513727193664694,0.04751372719366426,3.857309866213147e-16,2.9751509849676e-17,-2.83492521508651e-19,3.003500237118465e-17,3.1293398639672784e-11,0,0,3.003968097521535e-17
n21_vd_1,n21,1.0,0.9500000000000001,2.37468676586904e-06,2.37468676586904e-06,2.37468676052014e-06,2.597337804446271e-06,0.03892210482654716,0.03892210482654716,0.0,-6.345548865796e-18,-2.84063254806713e-19,-6.0614856109892864e-18,-2.552541117468613e-12,0,0,-4.1483219659815966e-18
n21_vd_1,n21,1.0,1.0,4.84531031051991e-06,4.84531030805368e-06,4.845310289833e-06,5.202458294660216e-06,0.030887011383685086,0.030887011604737915,2.2105288164701385e-10,-5.5911564218616e-17,-2.84748120249845e-19,-5.562681609836615e-17,-1.148054769699796e-11,0,0,1.4268881553067632e-16
n21_vd_1,n21,1.0,1.05,8.42642091589642e-06,8.42642091562596e-06,8.42642092614399e-06,8.918108468601295e-06,0.024629601079432645,0.024629601093372033,1.3939353529251468e-11,6.6381519384822e-17,-2.85489315813577e-19,6.666700870063558e-17,7.91166372629312e-12,0,0,6.071219807542813e-17
n21_vd_1,n21,1.0,1.1,1.3023822105969e-05,1.30238221059552e-05,1.30238220986206e-05,1.363937024596797e-05,0.02005586313068715,0.02005586313114737,4.601770670394724e-13,-4.66291236280995e-17,-2.86250649777148e-19,-4.634287297832236e-17,-3.5583158769599497e-12,0,0,-6.002692680220185e-17
n21_vd_1,n21,1.0,1.1500000000000001,1.84977791763176e-05,1.84977791763171e-05,1.8497779155271e-05,1.9223931759010133e-05,0.016722625543370156,0.016722625543381848,1.1716578718622597e-14,3.22274813672145e-17,-2.87017133038748e-19,3.2514498500253245e-17,1.7577514679103692e-12,0,0,-6.860831993621945e-17
n21_vd_1,n21,1.0,1.2000000000000002,2.47131244863025e-05,2.47131244863025e-05,2.47131245107496e-05,2.5537185287957303e-05,0.014245370738518889,0.014245370738518889,0.0,-8.15285248848195e-17,-2.87784418506307e-19,-8.124074046631319e-17,-3.2873520509857704e-12,0,0,-7.924772681329399e-17
n21_vd_1,n21,1.0,1.25,3.15536368572759e-05,3.15536368572762e-05,3.15536368665992e-05,3.246423120853673e-05,0.012355699680688304,0.01235569968068418,4.1466081061791144e-15,-4.70915222596385e-17,-2.88552017286195e-19,-4.6802970242352306e-17,-1.483282908212834e-12,0,0,-4.173061313374e-17
n21_vd_1,n21,1.0,1.3,3.89233429697513e-05,3.89233429697512e-05,3.89233429879025e-05,3.991035146396578e-05,0.010875419335348888,0.010875419335350016,1.157192959863946e-15,1.03435564159849e-16,-2.89320461002449e-19,1.0372488462085145e-16,2.664850362453708e-12,0,0,1.1114820797365545e-16
n21_vd_1,n21,1.0,1.35,4.67438544184402e-05,4.67438544184402e-05,4.67438544066204e-05,4.779821249085013e-05,0.009687134896175894,0.009687134896175894,0.0,4.00631971368125e-17,-2.90090322784921e-19,4.035328745959742e-17,8.632854085665274e-13,0,0,3.979585671379622e-17
n21_vd_1,n21,1.0,1.4000000000000001,5.49509246904153e-05,5.49509246904154e-05,5.49509246803316e-05,5.606437138894253e-05,0.008711952130939064,0.008711952130938307,7.71461973242629e-16,1.14491869170662e-16,-2.90861892613834e-19,1.1478273106327582e-16,2.0888225577630063e-12,0,0,1.1070423758199884e-16
n21_vd_1,n21,1.0,1.4500000000000002,6.34918878507009e-05,6.34918878507012e-05,6.34918878476703e-05,6.465675971468386e-05,0.007895695612106061,0.007895695612103978,2.025087679761898e-15,3.98156811982638e-17,-2.91635234381524e-19,4.0107316432645325e-17,6.316919812961961e-13,0,0,4.2349371465087625e-17
n21_vd_1,n21,1.0,1.5,7.23230852588873e-05,7.23230852588888e-05,7.23230852460204e-05,7.353214972916213e-05,0.007200318254243264,0.007200318254234349,8.968245438945478e-15,-1.31282732247575e-16,-2.92410189497448e-19,-1.3099032205807756e-16,-1.8111827169593589e-12,0,0,-1.2936326576810055e-16
n21_vd_1,n21,1.0,1.55,8.14081471559888e-05,8.14081471559885e-05,8.14081471477734e-05,8.265457784330664e-05,0.006599041734317091,0.006599041734318706,1.5911403198129266e-15,2.41357842768044e-17,-2.9318647314302e-19,2.442897074994742e-17,3.000801713757023e-13,0,0,2.339493118641922e-17
n21_vd_1,n21,1.0,1.6,9.07165464322213e-05,9.07165512207961e-05,9.07165512044243e-05,9.199363485321835e-05,0.006071270717899073,0.006071247793177708,2.292472144357961e-08,4.27943233976823e-17,-2.93963722733268e-19,4.3088287120415566e-17,4.749771297581901e-13,0,0,4.710384744307113e-12
n21_vd_1,n21,1.0,1.6500000000000001,0.00010022237826347,0.000100222384534579,0.000100222384537987,0.00010152366447843923,0.005602580872896588,0.00560255369824759,2.7174648988750242e-08,4.82432050007218e-17,-2.9474152004332e-19,4.853794652076512e-17,4.843024514550282e-13,0,0,6.26458509301048e-12
n21_vd_1,n21,1.0,1.7000000000000002,0.000109903551478725,0.0001099035581417,0.000109903558127196,0.0001112226586501219,0.00518154551566259,0.00518151918627509,2.632938737585763e-08,-6.15090946086841e-17,-2.95519434353025e-19,-6.121357517433107e-17,-5.569753719475366e-13,0,0,6.6400293109216945e-12
n21_vd_1,n21,1.0,1.75,0.000119740810574214,0.000119740818132164,0.000119740818120147,0.00012107156232219214,0.004799952901555894,0.004799925489215336,2.7412340554376536e-08,4.70036662058288e-17,-2.96296999202673e-19,4.7299963205031473e-17,3.950195425658785e-13,0,0,7.54678231708787e-12
n21_vd_1,n21,1.0,1.8,0.000129717786068934,0.000129717793093778,0.000129717793107593,0.00013105380074119918,0.004450092770628516,0.004450069251487554,2.351914105896262e-08,1.59864340656938e-16,-2.97073806825035e-19,1.6016141446376304e-16,1.234691175696893e-12,0,0,6.954259531712157e-12
n21_vd_1,n21,1.0,1.85,0.000139819970240576,0.000139819977001156,0.000139819976977203,0.00014115507745900876,0.004127299320227121,0.0041272783212059115,2.0999021210778695e-08,-9.04863988198955e-17,-2.97849476645118e-19,-9.018854934325039e-17,-6.450333584485194e-13,0,0,6.673467097454817e-12
n21_vd_1,n21,1.0,1.9000000000000001,0.000150034656072303,0.000150034662334297,0.000150034662332505,0.00015136263188123757,0.003827083528152954,0.0038270654020115392,1.812614140732681e-08,1.14105990624054e-16,-2.98623596349898e-19,1.144046142204039e-16,7.625212230324173e-13,0,0,6.174014565075327e-12
n21_vd_1,n21,1.0,1.9500000000000002,0.000160350640634251,0.000160350646054175,0.000160350646067667,0.0001616651991233272,0.0035458421535208393,0.0035458274741716326,1.4679349152519705e-08,2.55265754081621e-16,-2.9939579520989e-19,2.5556514987683087e-16,1.5937893370912104e-12,0,0,5.319469256797355e-12
n21_vd_1,n21,1.0,2.0,0.000170757829673469,0.000170757834311656,0.000170757834292532,0.0001720527639232471,0.003281027392229485,0.0032810155957631224,1.1796466338724134e-08,1.56908924065835e-16,-3.00165757057711e-19,1.572090898228927e-16,9.206552100910638e-13,0,0,4.539907291554657e-12
n21_vd_1,n21,1.0,2.0500000000000003,0.000181247235675325,0.000181247239552353,0.000181247239557072,0.000182516284125929,0.0030302267562107056,0.0030302174662932874,9.289917402662702e-09,2.39352078698228e-17,-3.00933168179938e-19,2.423614103800274e-17,1.3371867675260326e-13,0,0,3.784984644781208e-12
n21_vd_1,n21,1.0,2.1,0.000191810852100315,0.000191810855295709,0.000191810855305979,0.00019304751146329574,0.002791032944384586,0.0027910257094343116,7.234950268310801e-09,-6.24443713923207e-17,-3.01697714739492e-19,-6.214267367758121e-17,-3.2397891965904497e-13,0,0,3.114260950152795e-12
n21_vd_1,n21,1.0,2.15,0.000202441348452161,0.000202441351051756,0.000202441351043729,0.00020363899598245015,0.0025617256727260914,0.002561720095852702,5.576873399817148e-09,2.01967443549836e-16,-3.02459128008284e-19,2.022699026778443e-16,9.99153096079329e-13,0,0,2.531201353132538e-12
n21_vd_1,n21,1.0,2.2,0.000213132038127085,0.000213132040223355,0.000213132040221807,0.0002142840726431305,0.0023411538885612774,0.002341149617037838,4.271523400745691e-09,-2.21317297015914e-16,-3.03217158395008e-19,-2.21014079857519e-16,-1.0369819555328419e-12,0,0,2.0401950658454986e-12
n21_vd_1,n21,1.0,2.25,0.00022387678670608,0.00022387678838705,0.000223876788375413,0.00022497649563817728,0.0021280828071196614,0.0021280795462366507,3.2608829591825003e-09,8.29853321930962e-17,-3.03971574397908e-19,8.328930376749411e-17,3.7203188578665496e-13,0,0,1.6363316158178043e-12
n21_vd_1,n21,1.0,2.3000000000000003,0.000234669929122583,0.000234669930464797,0.000234669930458137,0.00023571047694631375,0.0019214444705418802,0.001921441986558858,2.4839830520616626e-09,-7.59360998146973e-17,-3.04722160103817e-19,-7.563137765459347e-17,-3.222883200450728e-13,0,0,1.30673273251132e-12
n21_vd_1,n21,1.0,2.35,0.000245506187754788,0.00024550618882001,0.00024550618883244,0.000246480615754331,0.0017203276736426545,0.0017203257892908182,1.884351892982941e-09,1.28139161316688e-16,-3.05468712583277e-19,1.2844463002927128e-16,5.231828600599513e-13,0,0,1.0374410282581726e-12
n21_vd_1,n21,1.0,2.4000000000000004,0.000256380644139208,0.000256380644994939,0.000256380645008521,0.0002572818358776368,0.0015238917224096459,0.0015238902728492477,1.4495604588713512e-09,-2.06508324878559e-16,-3.06211043382844e-19,-2.0620211383517614e-16,-8.042811259767547e-13,0,0,8.349292711983684e-13
n21_vd_1,n21,1.0,2.45,0.000267288651898227,0.000267288652580572,0.00026728865257197,0.0002681093317290641,0.001331409575632651,0.0013314084669485576,1.1086841046005284e-09,-6.56274547503778e-16,-3.06948973193814e-19,-6.559675985305842e-16,-2.4541543091989214e-12,0,0,6.664453400314261e-13
n21_vd_1,n21,1.0,2.5,0.00027822580194864,0.0002782258024933,0.000278225802466298,0.000278958522489844,0.0011422312412581546,0.0011422303910751607,8.501830129203537e-10,1.83457140976628e-16,-3.07682331765756e-19,1.8376482330839374e-16,6.604880699834409e-13,0,0,5.327164067041508e-13
n22_vd_0p05,n22,0.05,0.0,9.76446584548429e-17,9.76515941817304e-17,1.00369349677973e-14,1.0214968138794397e-16,0.019588525710506375,0.019557678749790735,3.084696071561606e-05,-2.36330474834032e-19,-2.35063702950302e-19,-1.2667718837299952e-21,-1.2972362554291971e-05,0,0,5.0212295401970005e-20
n22_vd_0p05,n22,0.05,0.05,2.25337083290344e-16,2.32542578970652e-16,1.00370947607565e-14,2.494993528668648e-16,0.044236754906785275,0.030566938900350775,0.013669816006434469,-2.62834501444135e-19,-2.35068908656956e-19,-2.776559278717899e-20,-0.00011940003809230629,0,1,2.245434283829633e-17
n22_vd_0p05,n22,0.05,0.1,6.56187065652866e-16,6.58270847626304e-16,1.98356689199243e-14,7.172787202085659e-16,0.03866028104597176,0.03728332441386912,0.0013769566321026451,-3.19813855422799e-19,-2.35074794804858e-19,-8.473906061794097e-20,-0.00012872977881901702,0,0,6.1030614405859485e-18
n22_vd_0p05,n22,0.05,0.15000000000000002,2.03882002453786e-15,2.0388555030987e-15,1.98375464913917e-14,2.243581140439365e-15,0.041562890252263646,0.04155533293530958,7.557316954018818e-06,-1.57706822264741e-19,-2.3508138595386e-19,7.737456368911902e-20,3.794999869854601e-05,0,0,2.596238146417982e-19
n22_vd_0p05,n22,0.05,0.2,6.62255283885131e-15,6.62253834988199e-15,2.03103829985909e-14,7.337219487766461e-15,0.04450607882845997,0.04450702898868675,9.501602268127319e-07,-1.41164642074499e-19,-2.35088722803392e-19,9.392408072889302e-20,1.418248951786994e-05,0,0,9.928940986663003e-20
n22_vd_0p05,n22,0.05,0.25,2.21321010865798e-14,2.21326169531007e-14,3.01295153328926e-14,2.4661637368219136e-14,0.04699926232212367,0.04698913967847625,1.0122643647454468e-05,-3.49075967277081e-19,-2.35096859626327e-19,-1.1397910765075401e-19,-5.149825160408153e-06,0,0,3.6200344174823e-19
n22_vd_0p05,n22,0.05,0.30000000000000004,7.54864208935207e-14,7.54864214795939e-14,7.91922462600199e-14,8.454539593465417e-14,0.049221128063176973,0.049221124691333995,3.3718430089759005e-09,-1.39241379558852e-18,-2.3510586479079e-19,-1.15730793079773e-18,-1.533133917482872e-05,0,0,-1.15435592396833e-18
n22_vd_0p05,n22,0.05,0.35000000000000003,2.61619626413608e-13,2.61619670163096e-13,2.70804037740363e-13,2.944285420649806e-13,0.05130958728871251,0.05130951466358144,7.26251310295552e-08,-4.2224030639435e-19,-2.35115819490389e-19,-1.8712448690396096e-19,-7.152538904559658e-07,0,0,-8.5351540123493e-20
n22_vd_0p05,n22,0.05,0.4,9.18905657574756e-13,9.18905657971884e-13,9.27287713867036e-13,1.038874237325631e-12,0.053292051062187804,0.053292050874496656,1.876911049500681e-10,-7.92272854676077e-19,-2.35126835759823e-19,-5.571460189162539e-19,-6.063147115079589e-07,0,0,-5.7061402040962e-19
n22_vd_0p05,n22,0.05,0.45,3.2644098583079e-12,3.26440985783456e-12,3.27085529460417e-12,3.706740091884951e-12,0.05518745463666905,0.05518745469964175,6.297275330729492e-11,6.98182245528237e-19,-2.35139081884093e-19,9.3332132741233e-19,2.8590813288115937e-07,0,0,7.238499024935591e-19
n22_vd_0p05,n22,0.05,0.5,1.17096690473871e-11,1.1709669047667e-11,1.17175488690999e-11,1.3352000536416706e-11,0.057001720421050124,0.05700172041066909,1.038108161006872e-11,-2.63954288237891e-19,-2.35152835405443e-19,-2.8801452832448e-20,-2.4596299618037723e-09,0,0,-4.073548419479703e-20
n22_vd_0p05,n22,0.05,0.55,4.23437938216927e-11,4.2343795886229e-11,4.23457748161463e-11,4.847564039046027e-11,0.05873378871974439,0.058733767545054626,2.117468984384884e-08,3.26895498771439e-19,-2.35168579062957e-19,5.62064077834396e-19,1.3273823616205127e-08,0,0,-1.115718599215653e-18
n22_vd_0p05,n22,0.05,0.6000000000000001,1.54085217125651e-10,1.5408521882233e-10,1.54093690568198e-10,1.7706543597418167e-10,0.06037281841160591,0.060372813629457844,4.782148096682238e-09,-9.8098033252564e-19,-2.35187162622945e-19,-7.45793169902695e-19,-4.8401344113522115e-09,0,0,-1.729180433424815e-18
n22_vd_0p05,n22,0.05,0.65,5.62955545495329e-10,5.6295554418271e-10,5.62967097671449e-10,6.491798658401232e-10,0.06189094023640204,0.061890941249027644,1.0126255678142893e-09,2.64447914128551e-18,-2.35210069880784e-19,2.879689211166294e-18,5.115304824552321e-09,0,0,-7.633155867709932e-18
n22_vd_0p05,n22,0.05,0.7000000000000001,2.05841979932782e-09,2.05841985469697e-09,2.05842472870646e-09,2.3809864896675647e-09,0.06322298054095626,0.06322296885892914,1.1682027190542949e-08,8.16326023423785e-18,-2.35240023146237e-19,8.398500257384087e-18,4.0800715355616654e-09,0,0,3.4247812474328286e-17
n22_vd_0p05,n22,0.05,0.75,7.49272254857005e-09,7.49272330236047e-09,7.4927218162909e-09,8.686517180111453e-09,0.06420603172540829,0.06420598803407958,4.3691328717332836e-08,3.98322275595312e-18,-2.35282772950833e-19,4.218505528903953e-18,5.630136545379937e-10,0,0,-2.5020574079962096e-15
n22_vd_0p05,n22,0.05,0.8,2.68707207030782e-08,2.68707238719105e-08,2.68707159308911e-08,3.116824840055136e-08,0.0644330815366874,0.06443303032085607,5.1215831431883964e-08,1.04775026717633e-17,-2.35351557541118e-19,1.0712854229304418e-17,3.9868126665925716e-10,0,0,3.633016835383499e-17
n22_vd_0p05,n22,0.05,0.8500000000000001,9.28364269136343e-08,9.28364296752587e-08,9.28364324927689e-08,1.0730134599816897e-07,0.06288675284188881,0.06288673992284115,1.2919047625215736e-08,-7.09043117869366e-18,-2.35475189720887e-19,-6.854955988972773e-18,-7.383907387381624e-11,0,0,2.390978140833946e-15
n22_vd_0p05,n22,0.05,0.9,2.95190338825212e-07,2.95190338367483e-07,2.95190335274378e-07,3.3725339555273306e-07,0.057854191431900515,0.057854192105327655,6.734270934564852e-10,8.20571776565059e-19,-2.3570286726649e-19,1.056274643831549e-18,3.5782832516577514e-12,0,0,1.0047152274461022e-15
n22_vd_0p05,n22,0.05,0.9500000000000001,8.05287972141294e-07,8.05287968546484e-07,8.05287964446488e-07,9.000589884072085e-07,0.04831976085181393,0.04831976279050694,1.9386930077640824e-09,-1.38640856226137e-17,-2.36072008237796e-19,-1.3628013614375905e-17,-1.6923155624656833e-11,0,0,1.3852670731428901e-15
n22_vd_0p05,n22,0.05,1.0,1.78144184112099e-06,1.78144183162725e-06,1.78144181276122e-06,1.9376984586717405e-06,0.03651454533590711,0.03651454765036886,2.314461722033927e-09,8.23838426156927e-19,-2.36537818362901e-19,1.060376244519828e-18,5.952348405062613e-13,0,0,8.487306497705744e-17
n22_vd_0p05,n22,0.05,1.05,3.20811631805745e-06,3.20811631090477e-06,3.2081163145691e-06,3.406729999936821e-06,0.02608760866379319,0.026087609632077683,9.682845371753383e-10,1.06368336937152e-17,-2.36999566874735e-19,1.0873833260589935e-17,3.3894760061000526e-12,0,0,-2.1817552107276122e-16
n22_vd_0p05,n22,0.05,1.1,4.93674230776313e-06,4.93674230611078e-06,4.93674231360928e-06,5.150947533410204e-06,0.018446668118926153,0.018446668264286464,1.4536035973027584e-10,2.2687248003191e-18,-2.37401398008021e-19,2.5061261983271212e-18,5.076477650504458e-13,0,0,-3.4005520573155024e-18
n22_vd_0p05,n22,0.05,1.1500000000000001,6.82721178141262e-06,6.82721178129267e-06,6.82721177733449e-06,7.037001466150337e-06,0.013144266553751977,0.013144266561382274,7.630289295543242e-12,-5.33650978927719e-18,-2.37740471273451e-19,-5.098769318003739e-18,-7.468304018303551e-13,0,0,1.933637068264581e-18
n22_vd_0p05,n22,0.05,1.2000000000000002,8.79241588949409e-06,8.79241588950396e-06,8.79241590227996e-06,8.985065738629866e-06,0.009413036506588986,0.009413036506101495,4.87467534342413e-13,-1.1094430203782e-17,-2.38030462197593e-19,-1.0856399741584407e-17,-1.2347459308134355e-12,0,0,1.5655349397234298e-17
n22_vd_0p05,n22,0.05,1.25,1.07840596229271e-05,1.07840596229675e-05,1.07840596286455e-05,1.095145747604528e-05,0.0066896408303164035,0.00668964082868938,1.6270133015656583e-12,-2.00800159887697e-17,-2.38284391320561e-19,-1.9841731597449138e-17,-1.8399130096787423e-12,0,0,8.097355460071583e-18
n22_vd_0p05,n22,0.05,1.3,1.27754450234433e-05,1.27754450234454e-05,1.27754450222784e-05,1.291213145539916e-05,0.004621901445024823,0.004621901444953455,7.14566652715927e-14,-2.35692320061081e-17,-2.38511649693839e-19,-2.333072035641426e-17,-1.8262158628210522e-12,0,0,-2.079326297254556e-17
n22_vd_0p05,n22,0.05,1.35,1.47514234102852e-05,1.47514234102843e-05,1.47514234246306e-05,1.4853480564303793e-05,0.002994303541379968,0.0029943035414064004,2.6470788956888537e-14,-2.25760501565186e-17,-2.3871864150965e-19,-2.233733151500895e-17,-1.5142492282769102e-12,0,0,-2.276082403994405e-17
n22_vd_0p05,n22,0.05,1.4000000000000001,1.67032015445537e-05,1.67032007195952e-05,1.67032007268824e-05,1.6767654575040547e-05,0.0016725971980587272,0.0016726186475354583,2.1449476724577684e-08,4.04100643882599e-18,-2.38909749783933e-19,4.279916188609923e-18,2.562332968668083e-13,0,0,1.0704134864300792e-13
n22_vd_0p05,n22,0.05,1.4500000000000002,1.86256406060322e-05,1.86256400955434e-05,1.86256401085177e-05,1.8650095911755574e-05,0.0005698508920223946,0.0005698627951013256,1.1903078945878037e-08,5.15822098970346e-18,-2.39088044138405e-19,5.397309033841865e-18,2.8977844552753335e-13,0,0,6.682345271278814e-14
n22_vd_0p05,n22,0.05,1.5,2.05157982806149e-05,2.05157979444027e-05,2.05157979434132e-05,2.0498230249604253e-05,0.000372053156730573,0.00037204603952744903,7.1172031102443245e-09,4.63100721221153e-17,-2.39255734596441e-19,4.6549327856711744e-17,2.2689503953421288e-12,0,0,4.459423890784666e-14
n22_vd_0p05,n22,0.05,1.55,2.23720922648365e-05,2.23720920355216e-05,2.23720920330053e-05,2.2310711022917015e-05,0.0011931906444927138,0.00119318619295573,4.451536959999211e-09,2.85798443580631e-17,-2.39414456742733e-19,2.881925881480583e-17,1.2881789851859922e-12,0,0,3.105472686150399e-14
n22_vd_0p05,n22,0.05,1.6,2.41938081104353e-05,2.41938079506344e-05,2.4193807951888e-05,2.4086974449740624e-05,0.0019219798265916132,0.0019219769580622443,2.868529378967355e-09,-4.72462064293251e-17,-2.39565452618756e-19,-4.7006640976706343e-17,-1.942920315504685e-12,0,0,2.227668053213815e-14
n22_vd_0p05,n22,0.05,1.6500000000000001,2.59807792562562e-05,2.5980779143233e-05,2.59807791530342e-05,2.5826963459295315e-05,0.002578824887148368,0.0025788229978534853,1.8892948509084524e-09,-4.76214736237382e-17,-2.39709692689184e-19,-4.7381763931049015e-17,-1.8237237486155282e-12,0,0,1.6362792160508713e-14
n22_vd_0p05,n22,0.05,1.7000000000000002,2.77332257201095e-05,2.77332256392146e-05,2.77332256394131e-05,2.7530952808702412e-05,0.0031791443889209263,0.0031791431221296395,1.2667913337530606e-09,2.40672319368135e-17,-2.39847942402213e-19,2.4307079879215713e-17,8.764606106563263e-13,0,0,1.227599560132922e-14
n22_vd_0p05,n22,0.05,1.75,2.94515936624936e-05,2.9451593604128e-05,2.94515936027077e-05,2.9199435076588197e-05,0.003734350769963283,0.0037343499093015994,8.606616861551356e-10,1.7019890968026e-17,-2.39980812503042e-19,1.725987178052904e-17,5.860420326494611e-13,0,0,9.299082634594196e-15
n22_vd_0p05,n22,0.05,1.8,3.11365213885933e-05,3.11365213461938e-05,3.11365213547728e-05,3.083304484532278e-05,0.004253676434045432,0.004253675842654057,5.91391370026352e-10,-7.17582260254359e-17,-2.40108819026693e-19,-7.15181172064092e-17,-2.2969205972378717e-12,0,0,7.160072149762847e-15
n22_vd_0p05,n22,0.05,1.85,3.27887344939368e-05,3.27887344628946e-05,3.27887344738161e-05,3.243250744850161e-05,0.004744128567445921,0.004744128156284726,4.111612182200483e-10,1.36267403096294e-17,-2.40232389112942e-19,1.3866972698742343e-17,4.2291881421757567e-13,0,0,5.566510948660121e-15
n22_vd_0p05,n22,0.05,1.9000000000000001,3.44090198111047e-05,3.44090197882166e-05,3.44090198065108e-05,3.3998603892111226e-05,0.005211217635894454,0.005211217347011664,2.888828077894741e-10,4.19355825409643e-17,-2.40351883806855e-19,4.217593442477115e-17,1.2257232168878678e-12,0,0,4.2850106189699225e-15
n22_vd_0p05,n22,0.05,1.9500000000000002,3.59982008012647e-05,3.59982007844274e-05,3.59982007916584e-05,3.553214667595875e-05,0.005659348967867129,0.005659348764736238,2.0313090388874196e-10,-4.40250297286824e-17,-2.40467612504894e-19,-4.3784562116177506e-17,-1.2162986249890144e-12,0,0,3.3907790799219292e-15
n22_vd_0p05,n22,0.05,2.0,3.75571185495472e-05,3.75571185371036e-05,3.75571185358514e-05,3.7033954961166116e-05,0.006092170943011912,0.0060921707991194105,1.4389246046019959e-10,3.61765080743973e-17,-2.40579843201617e-19,3.641708791759892e-17,9.696454183944272e-13,0,0,2.6836074786198053e-15
n22_vd_0p05,n22,0.05,2.0500000000000003,3.90866184808607e-05,3.9086618471657e-05,3.90866184657006e-05,3.8504843064016225e-05,0.006512742076711473,0.006512741974448386,1.0226307053014979e-10,-2.81269869986727e-17,-2.40688810277391e-19,-2.788629818839531e-17,-7.134487269247042e-13,0,0,2.11399179402008e-15
n22_vd_0p05,n22,0.05,2.1,4.05875410701403e-05,4.05875410632487e-05,4.05875410659581e-05,3.994565495964542e-05,0.006923194731153533,0.006923194657412086,7.374144634436378e-11,4.24113732748577e-17,-2.40794720498813e-19,4.2652167995356514e-17,1.0508684901332272e-12,0,0,1.745286113690471e-15
n22_vd_0p05,n22,0.05,2.15,4.20607153726224e-05,4.20607153675115e-05,4.20607153714849e-05,4.135720282690516e-05,0.007325497138967086,0.0073254970861948675,5.277219379748162e-11,2.6723857233566e-17,-2.40897757696449e-19,2.696475499126245e-17,6.410912119695079e-13,0,0,1.3398750868781984e-15
n22_vd_0p05,n22,0.05,2.2,4.35069545732144e-05,4.35069545694244e-05,4.35069545684732e-05,4.2740253801231504e-05,0.007721587568254935,0.0077215875304224735,3.783244695309307e-11,-1.50450884289414e-17,-2.40998086460444e-19,-1.4804090342480956e-17,-3.40269515276183e-13,0,0,1.0999807550010518e-15
n22_vd_0p05,n22,0.05,2.25,4.49270529851915e-05,4.49270529824434e-05,4.49270529790092e-05,4.4095614418896495e-05,0.008112533393333404,0.00811253336676844,2.6564955534809125e-11,6.80387684190093e-17,-2.41095855089566e-19,6.827986427409887e-17,1.5197939713691277e-12,0,0,1.0086617723929709e-15
n22_vd_0p05,n22,0.05,2.3000000000000003,4.63217840972885e-05,4.63217840953312e-05,4.63217841037104e-05,4.542404336691418e-05,0.008499488214153412,0.008499488195802493,1.835091060703012e-11,-1.225575909666e-16,-2.41191197969587e-19,-1.2231639976863042e-16,-2.6405804991642963e-12,0,0,7.485548896828076e-16
n22_vd_0p05,n22,0.05,2.35,4.76918993807004e-05,4.7691899379233e-05,4.7691899380157e-05,4.67262791318196e-05,0.008883419994328125,0.008883419980965623,1.336249283874116e-11,1.30027325688691e-17,-2.41284237509749e-19,1.324401680637885e-17,2.7769950408278e-13,0,0,5.436390398999806e-16
n22_vd_0p05,n22,0.05,2.4000000000000004,4.90381276504258e-05,4.90381276494149e-05,4.9038127637334e-05,4.800303918538134e-05,0.009265145357698654,0.009265145348745823,8.952816199572996e-12,-1.34479275832087e-17,-2.41375085733477e-19,-1.3206552497475224e-17,-2.6931192381348594e-13,0,0,5.096028777567513e-16
n22_vd_0p05,n22,0.05,2.45,5.03611748289295e-05,5.03611748281962e-05,5.03611748271189e-05,4.9255019746350275e-05,0.009645355290542341,0.009645355284218683,6.323673794715874e-12,1.44303219293324e-17,-2.41463845599262e-19,1.467178577493166e-17,2.913312849627413e-13,0,0,4.0544755017989584e-16
n22_vd_0p05,n22,0.05,2.5,5.1661724004372e-05,5.16617240039007e-05,5.16617240162297e-05,5.04828958308067e-05,0.010024635711691088,0.01002463570772915,3.961939396352252e-12,9.1922583091476e-18,-2.41550612089947e-19,9.433808921237548e-18,1.8260731911550708e-13,0,0,3.6017321598873544e-16
n22_vd_1,n22,1.0,0.0,3.44871837584149e-16,3.44871836655328e-16,-2.45598538892217e-14,3.5535831293332413e-16,0.013008748293196032,0.01300874946285324,1.16965723145884e-09,-2.35982288814044e-19,-2.80901848267137e-19,4.491955945309301e-20,0.0001302500079123206,0,0,-3.667669527910302e-20
n22_vd_1,n22,1.0,0.05,7.06680160372117e-16,7.06680226601313e-16,-2.45593764117261e-14,7.50082715133441e-16,0.025886258793782712,0.0258862180922396,4.070154317402972e-08,-2.0094037764678e-19,-2.80940074773873e-19,7.999969712709297e-20,0.00011320494633314016,0,1,1.5409290898286497e-17
n22_vd_1,n22,1.0,0.1,1.90620067725291e-15,1.90620073655658e-15,-2.4557778478498e-14,2.065656081821394e-15,0.034889396510704114,0.03488938299940042,1.3511303592824146e-08,-2.78379839709698e-19,-2.80981758346401e-19,2.601918636703008e-21,1.364976199412867e-06,0,0,4.112767131562118e-18
n22_vd_1,n22,1.0,0.15000000000000002,5.97714420851347e-15,5.97714417038138e-15,-2.45521876138851e-14,6.5520022311111614e-15,0.03988030260542082,0.03988030537606774,2.770646909979697e-09,-1.54800360411121e-19,-2.81027098292339e-19,1.26226737881218e-19,2.1118235445400664e-05,0,0,1.35295210593437e-19
n22_vd_1,n22,1.0,0.2,2.00622459376331e-14,2.0062245940917e-14,4.05078153853695e-14,2.2145199151660846e-14,0.042900040239847,0.04290004016875935,7.108771357707727e-11,-9.58795244251267e-20,-2.81076316239596e-19,1.851967918144693e-19,9.23110963547506e-06,0,0,5.273824690465399e-20
n22_vd_1,n22,1.0,0.25,6.95836152062096e-14,6.95836152423134e-14,7.97674180425919e-14,7.720945417390064e-14,0.0451634935530838,0.04516349332774798,2.253358455422481e-10,-2.70739809626558e-19,-2.81129633326713e-19,1.0389823700154999e-20,1.4931422668934578e-07,0,0,1.2061501551742903e-19
n22_vd_1,n22,1.0,0.30000000000000004,2.46064038767507e-13,2.46064039894163e-13,2.17180421660512e-13,2.742448399173528e-13,0.047090316796093386,0.047090314807584736,1.9885087093154543e-09,-2.64324773462386e-19,-2.81187385910217e-19,1.6862612447831013e-20,6.852936518104782e-08,0,0,-3.3636640565228e-19
n22_vd_1,n22,1.0,0.35000000000000003,8.82249673458743e-13,8.82249673685859e-13,8.90703148511285e-13,9.873636638782637e-13,0.04888563435022614,0.04888563423842645,1.1179969055145176e-10,-3.12155402778453e-19,-2.81249949378874e-19,-3.090545339957899e-20,-3.50302803405552e-08,0,0,1.061261391506399e-20
n22_vd_1,n22,1.0,0.4,3.19805242343752e-12,3.19805242328075e-12,3.18671683002247e-12,3.593095463020768e-12,0.05058317734005329,0.05058317736134259,2.1289312830498743e-11,-1.53604676939547e-18,-2.81317742237291e-19,-1.2547290271581791e-18,-3.923416070431405e-07,0,0,-8.506541410371879e-19
n22_vd_1,n22,1.0,0.45,1.16972052632294e-11,1.16972053024909e-11,1.16948850623139e-11,1.3191177645039706e-11,0.05220145800542884,0.05220145654772564,1.457703143538926e-09,-6.42876331521087e-19,-2.81391285260793e-19,-3.61485046260294e-19,-3.090353951326445e-08,0,0,-3.8800627200205606e-19
n22_vd_1,n22,1.0,0.5,4.30989329731708e-11,4.30989330896187e-11,4.31347286234219e-11,4.877647361120815e-11,0.05374388076155634,0.053743879588147254,1.1734090889563027e-09,-8.25248703361015e-19,-2.81471297533818e-19,-5.43777405827197e-19,-1.261695747076805e-08,0,0,-4.61632421143285e-19
n22_vd_1,n22,1.0,0.55,1.59706920748087e-10,1.59706920751244e-10,1.59711177520989e-10,1.8135417727650306e-10,0.05520382719933013,0.05520382719074519,8.584925270905787e-12,4.33177208294581e-18,-2.81558878641358e-19,4.613330961587168e-18,2.8886230727425964e-08,0,0,3.359927360848798e-18
n22_vd_1,n22,1.0,0.6000000000000001,5.94031963130976e-10,5.94031963264356e-10,5.94038605424316e-10,6.766578936762987e-10,0.05655933879264017,0.05655933869512655,9.751356486889411e-11,3.45900814607975e-19,-2.81655839500323e-19,6.27556654108298e-19,1.0564358366504647e-09,0,0,-7.545568193276406e-18
n22_vd_1,n22,1.0,0.65,2.21186824985381e-09,2.21186825019282e-09,2.21185207694658e-09,2.5264246388647708e-09,0.05774709351581678,0.057747093449253016,6.656376413395278e-11,1.78976532115751e-18,-2.8176529598447e-19,2.07153061714198e-18,9.36552444731459e-10,0,0,-2.7042579831582258e-15
n22_vd_1,n22,1.0,0.7000000000000001,8.20890062117211e-09,8.2089006209334e-09,8.20887076677897e-09,9.395937475852709e-09,0.058655120124784695,0.05865512013741375,1.262907358403211e-11,2.93397185584116e-18,-2.81892890730754e-19,3.2158647465719143e-18,3.917534021999467e-10,0,0,-1.3891479673475393e-15
n22_vd_1,n22,1.0,0.75,3.01117700084607e-08,3.01117700061955e-08,3.0111780835101e-08,3.449101237877814e-08,0.05896965729853152,0.058969657331201866,3.267035380784099e-11,-6.57412720449698e-18,-2.82049750834928e-19,-6.2920774536620516e-18,-2.0895740942387166e-10,0,0,-4.403464307096995e-15
n22_vd_1,n22,1.0,0.8,1.0720094675558e-07,1.07200947080277e-07,1.07200952631262e-07,1.2250942560542769e-07,0.05797088275946665,0.05797088144404807,1.31541855495819e-09,4.34445213075354e-18,-2.82258664386277e-19,4.626710795139817e-18,4.315923432724081e-11,0,0,-3.3783937287386242e-15
n22_vd_1,n22,1.0,0.8500000000000001,3.56630433302325e-07,3.56630433302324e-07,3.56630444007042e-07,4.0424132640595877e-07,0.0544223090117327,0.054422309011733803,1.157192959863946e-15,1.38418102405492e-18,-2.82561264195467e-19,1.666742288250387e-18,4.673584003520671e-12,0,0,2.4843076183621167e-18
n22_vd_1,n22,1.0,0.9,1.0431769840231e-06,1.0431769840231e-06,1.04317698161412e-06,1.163812645918737e-06,0.04752507539771723,0.04752507539771723,0.0,-4.32636017216167e-18,-2.83007546073052e-19,-4.043352626088618e-18,-3.875998692470272e-12,0,0,-5.217689987443959e-18
n22_vd_1,n22,1.0,0.9500000000000001,2.5404337269706e-06,2.5404337269706e-06,2.54043373601137e-06,2.7775539074925053e-06,0.03875462676723342,0.03875462676723342,0.0,-9.05305404500151e-18,-2.83608943814627e-19,-8.769445101186882e-18,-3.4519479914338146e-12,0,0,-8.371028783522452e-18
n22_vd_1,n22,1.0,1.0,5.11621980416046e-06,5.11621980195976e-06,5.11621977978337e-06,5.4906822199830425e-06,0.03067711464455186,0.030677114831360115,1.8680821501879994e-10,1.59092615956243e-17,-2.84316306037058e-19,1.619357790166136e-17,3.1651450736065784e-12,0,0,1.5057876912703646e-16
n22_vd_1,n22,1.0,1.05,8.81332873620562e-06,8.81332873599442e-06,8.81332869380373e-06,9.323186505795796e-06,0.024424402595598253,0.02442440260600552,1.0407359533781068e-11,1.92102455889471e-17,-2.8506855985568e-19,1.949531414880278e-17,2.21202620857454e-12,0,0,1.0512207338099726e-17
n22_vd_1,n22,1.0,1.1,1.35308843853489e-05,1.35308843853373e-05,1.35308843768714e-05,1.4164069330138895e-05,0.01986186064221976,0.019861860642592113,3.7232683483638375e-13,2.35294131460049e-17,-2.85829867461381e-19,2.381524301346628e-17,1.760065516432436e-12,0,0,-5.790290827906255e-18
n22_vd_1,n22,1.0,1.1500000000000001,1.91262506603986e-05,1.91262506603984e-05,1.91262506832506e-05,1.9868670554461292e-05,0.01653896556760219,0.01653896556760674,4.532339092800473e-15,-5.67815078177828e-18,-2.86586686447369e-19,-5.391564095330911e-18,-2.8189341398177646e-13,0,0,-3.3159174173201712e-18
n22_vd_1,n22,1.0,1.2000000000000002,2.54628122186517e-05,2.5462812218652e-05,2.54628122060167e-05,2.630131892730418e-05,0.014071160268244296,0.014071160268239255,5.110935572732392e-15,-6.20382473731803e-18,-2.87336168960908e-19,-5.916488568357122e-18,-2.3235801754934123e-13,0,0,-6.683868304876061e-18
n22_vd_1,n22,1.0,1.25,3.24239101154092e-05,3.24239101154092e-05,3.24239101171413e-05,3.3346936832299943e-05,0.012190560063274175,0.012190560063274175,0.0,-1.63738051348698e-17,-2.88079255505844e-19,-1.6085725879363955e-17,-4.961069106751361e-13,0,0,1.6695429018651545e-17
n22_vd_1,n22,1.0,1.3,3.99133118490192e-05,3.99133118490192e-05,3.99133118349549e-05,4.091078824396233e-05,0.01072008197808921,0.01072008197808921,0.0,-1.69982419718546e-17,-2.88817680245498e-19,-1.67094242916091e-17,-4.186428917453941e-13,0,0,-1.6403058584095402e-17
n22_vd_1,n22,1.0,1.35,4.78524990568378e-05,4.78524990568377e-05,4.78524990658449e-05,4.891557233491492e-05,0.009542515966421515,0.009542515966422365,9.161110932256237e-16,1.45458177297881e-17,-2.89553006967953e-19,1.483537073675605e-17,3.100229043238695e-13,0,0,1.7086598767706353e-17
n22_vd_1,n22,1.0,1.4000000000000001,5.61773970887602e-05,5.61773970887603e-05,5.61773970879011e-05,5.729812040671089e-05,0.008578762886792659,0.008578762886791902,7.71461973242629e-16,6.23638505110417e-18,-2.90286390903231e-19,6.5266714420074015e-18,1.1617966976460763e-13,0,0,8.17788029926851e-18
n22_vd_1,n22,1.0,1.4500000000000002,6.48351809082511e-05,6.48351809082495e-05,6.48351809328344e-05,6.600626751190079e-05,0.007774448201689654,0.0077744482017003584,1.0704034878741619e-14,-1.3383155889007e-17,-2.91018540680202e-19,-1.30921373483268e-17,-2.0192952599074155e-13,0,0,-1.41462234044495e-17
n22_vd_1,n22,1.0,1.5,7.378234113805e-05,7.37823413206272e-05,7.37823413354599e-05,7.499695194259005e-05,0.0070911815561049895,0.007091180481426718,1.0746781573382202e-09,3.46226592260085e-17,-2.9174988644354e-19,3.491440911245204e-17,4.73208202498327e-13,0,0,1.1006394479809445e-13
n22_vd_1,n22,1.0,1.55,8.29825085026127e-05,8.29825088696914e-05,8.29825088603736e-05,8.42341107217427e-05,0.006501436173461842,0.00650143425233094,1.921130860232413e-09,9.59358426418414e-18,-2.92480604497574e-19,9.886064868681713e-18,1.191343212363697e-13,0,0,2.998967626599435e-13
n22_vd_1,n22,1.0,1.6,9.24052229539916e-05,9.24052234356566e-05,9.24052234222065e-05,9.368769890906742e-05,0.00598605301858091,0.005986050754807855,2.263772993880354e-09,-2.16927435355488e-17,-2.9321073283331e-19,-2.139953280271549e-17,-2.3158358377452944e-13,0,0,4.2223389674654783e-13
n22_vd_1,n22,1.0,1.6500000000000001,0.000102024581104891,0.000102024581784108,0.000102024581763679,0.00010333174357252558,0.00552893722559403,0.0055289343343281104,2.8912659835780065e-09,1.05748300056194e-17,-2.93940178674623e-19,1.0868770184294023e-17,1.0653089671362919e-13,0,0,6.278580932939187e-13
n22_vd_1,n22,1.0,1.7000000000000002,0.000111818609940537,0.00011181861072751,0.000111818610718086,0.00011314452009761058,0.005119435638713663,0.005119432582173811,3.0565398489856613e-09,-8.47023238662432e-18,-2.9466879057478e-19,-8.17556359604954e-18,-7.311451593664058e-14,0,0,7.433003816564435e-13
n22_vd_1,n22,1.0,1.75,0.000121768332865513,0.000121768333793935,0.000121768333784074,0.000123107053435872,0.0047485764705882325,0.004748573159312312,3.311275915653625e-09,2.0124767052362e-17,-2.95396367690872e-19,2.0420163420052873e-17,1.6769682875524372e-13,0,0,8.914323339411227e-13
n22_vd_1,n22,1.0,1.8,0.000131857326416715,0.000131857327457403,0.000131857327468092,0.00013320294183353192,0.0044095508889634,0.004409547461280957,3.42768248692229e-09,-1.91353957277328e-17,-2.96122686901566e-19,-1.8839273040831234e-17,-1.4287619356548336e-13,0,0,1.009512349036107e-12
n22_vd_1,n22,1.0,1.85,0.000142071087732816,0.00014207108894106,0.000142071088930575,0.0001434178390000589,0.004097468782289378,0.0040974650888306935,3.6934586562796448e-09,-3.41031033158693e-17,-2.96847491284987e-19,-3.3806255824584315e-17,-2.379530985266768e-13,0,0,1.1819116974087613e-12
n22_vd_1,n22,1.0,1.9000000000000001,0.000152396302162039,0.000152396303314387,0.000152396303309625,0.00015373881553772684,0.0038091016343686336,0.0038090983504413503,3.283927299611592e-09,1.08309638635292e-17,-2.97570509570273e-19,1.1128534373099473e-17,7.30236503843652e-14,0,0,1.1310802536400295e-12
n22_vd_1,n22,1.0,1.9500000000000002,0.00016282250132643,0.000162822502432849,0.000162822502453758,0.00016415491995061163,0.003539481452786904,0.0035394785016488774,2.951137989725689e-09,8.64109935851853e-18,-2.9829153798001e-19,8.93939089649854e-18,5.490267477116874e-14,0,0,1.087966316200428e-12
n22_vd_1,n22,1.0,2.0,0.000173339847561864,0.000173339848589362,0.000173339848589232,0.00017465585521416306,0.0032847393316838584,0.0032847367573380056,2.5743457425197873e-09,1.43093311365145e-17,-2.99010352238012e-19,1.460834148875251e-17,8.427572544706281e-14,0,0,1.0118893035258023e-12
n22_vd_1,n22,1.0,2.0500000000000003,0.000183939466925266,0.000183939467841089,0.00018393946786258,0.00018523267607220613,0.003042677538921977,0.0030426753765971514,2.162324780588435e-09,5.34034341617629e-18,-2.99726733361766e-19,5.640070149538056e-18,3.066264252982773e-14,0,0,9.026969656855284e-13
n22_vd_1,n22,1.0,2.1,0.000194613338777259,0.000194613339582334,0.000194613339571425,0.00019587760140045253,0.002812173819719875,0.0028121720231337943,1.7965861362379434e-09,1.5700692860468e-17,-3.0044046870716e-19,1.600113332917516e-17,8.222012614097118e-14,0,0,7.940454458086147e-13
n22_vd_1,n22,1.0,2.15,0.000205354245212959,0.000205354245909048,0.000205354245934228,0.00020658329571589392,0.0025915163451398393,0.0025915148730124233,1.4721273608694826e-09,-1.89434639226868e-18,-3.01151361426576e-19,-1.5931950308421041e-18,-7.758276551767695e-15,0,0,6.867201306360594e-13
n22_vd_1,n22,1.0,2.2,0.00021615561124842,0.000216155611835478,0.000216155611826252,0.00021734302504795565,0.0023791934156981776,0.002379192236195867,1.1795022884699605e-09,-4.6153834778948e-17,-3.01859225306025e-19,-4.5851975553641976e-17,-2.1212484452423646e-13,0,0,5.791240346127443e-13
n22_vd_1,n22,1.0,2.25,0.000227011394837966,0.000227011395322413,0.000227011395307207,0.00022815063914841647,0.002174032602993188,0.002174031676199867,9.267933333147221e-10,-3.62779639379618e-17,-3.02563881471733e-19,-3.597540005649007e-17,-1.58473983235053e-13,0,0,4.777039577912076e-13
n22_vd_1,n22,1.0,2.3000000000000003,0.000237916021683319,0.000237916022078491,0.000237916022069052,0.00023900044983723323,0.0019750291846234915,0.0019750284632722814,7.213511780078492e-10,-1.28669363246501e-17,-3.03265160134408e-19,-1.2563671164515691e-17,-5.280716722966562e-14,0,0,3.894739450688851e-13
n22_vd_1,n22,1.0,2.35,0.00024886431562124,0.000248864315940899,0.000248864315929337,0.000249887140006372,0.0017812784469524985,0.0017812778891138524,5.578386558269224e-10,-6.24962937061034e-18,-3.03962899242558e-19,-5.945666471367782e-18,-2.389119729314578e-14,0,0,3.1477220228804124e-13
n22_vd_1,n22,1.0,2.4000000000000004,0.000259851393758511,0.000259851394014761,0.000259851394005344,0.00026080572071998827,0.0015920627450152504,0.001592062316739836,4.2827537844503625e-10,-1.69836851568563e-18,-3.04656942640624e-19,-1.393711573045006e-18,-5.363494694070548e-15,0,0,2.5208545937346867e-13
n22_vd_1,n22,1.0,2.45,0.000270872707556057,0.000270872707760563,0.000270872707754451,0.0002717514795304489,0.0014066684164265794,0.001406668088538839,3.2788773207127314e-10,7.80029857498099e-18,-3.05347141213764e-19,8.105645716194754e-18,2.992418757581037e-14,0,0,2.0094133977837023e-13
n22_vd_1,n22,1.0,2.5,0.000281923977020936,0.000281923977185937,0.000281923977183636,0.0002827199369491348,0.001224422065146178,0.0012244218109676568,2.5417849431994743e-10,-3.67858160973405e-18,-3.06033353354885e-19,-3.372548256379165e-18,-1.1962615915264532e-14,0,0,1.6193629484323835e-13
n23_vd_0p05,n23,0.05,0.0,5.06868449307167e-17,5.08649707206425e-17,1.42214869999183e-15,5.273933703957989e-17,0.01723940735425321,0.01571586734683946,0.0015235400074137197,-2.96823866384907e-19,-2.37607473837964e-19,-5.921639254694299e-20,-0.0011641880789073418,0,0,1.690879766101498e-19
n23_vd_0p05,n23,0.05,0.05,8.58625099702983e-17,1.04429687447921e-16,1.42227355588159e-15,1.1046438035358572e-16,0.10941868092427424,0.024398282551395253,0.08502039837287902,-7.73503494838923e-19,-2.37611367356926e-19,-5.358921274819969e-19,-0.005131607118418753,0,1,4.694745539580017e-17
n23_vd_0p05,n23,0.05,0.1,2.49495110503292e-16,2.53701047437922e-16,1.4226512458582e-15,2.730137802241387e-16,0.039122529446696364,0.03186230810811107,0.0072602213385852795,-9.30301644577868e-21,-2.37615829881777e-19,2.283128134359983e-19,0.0008999285408621109,0,1,1.018383168552659e-17
n23_vd_0p05,n23,0.05,0.15000000000000002,6.85465935500861e-16,6.85570335131352e-16,1.42359703217859e-15,7.445914561942071e-16,0.035932171377328376,0.03586603135682882,6.614002049956487e-05,-4.78472639041888e-19,-2.37620870656812e-19,-2.40851768385076e-19,-0.00035131591325189115,0,0,-1.8150209487389e-19
n23_vd_0p05,n23,0.05,0.2,1.96199257180695e-15,1.9627542013623e-15,1.42649682019098e-15,2.146492008214578e-15,0.03903191707166055,0.03886336020090589,0.00016855687075475708,-1.54572625225427e-19,-2.37626512796136e-19,8.3053887570709e-20,4.231497123433149e-05,0,0,8.1939019525685e-19
n23_vd_0p05,n23,0.05,0.25,5.82030198641413e-15,5.81993266594059e-15,7.43339210257553e-15,6.400140475895586e-15,0.04124398775755679,0.04127154628168566,2.7558524128888392e-05,2.20264016140161e-19,-2.37632790867636e-19,4.57896807007797e-19,7.867733757256345e-05,0,0,2.1223748242606228e-19
n23_vd_0p05,n23,0.05,0.30000000000000004,1.76835632081226e-14,1.76835958964576e-14,1.34582386048613e-14,1.9533392126800475e-14,0.043207889381930924,0.04320708658273113,8.027991997360897e-07,-6.94259010415098e-19,-2.3763974770903e-19,-4.56619262706068e-19,-2.5821629570122586e-05,0,0,-3.8744473483401897e-19
n23_vd_0p05,n23,0.05,0.35000000000000003,5.47163842448647e-14,5.47142864741318e-14,5.74180886639967e-14,6.069459585704139e-14,0.04503263324388991,0.045049283973483754,1.665072959383832e-05,1.64608260905998e-18,-2.3764743435461e-19,1.88373004341459e-18,3.4428485955038325e-05,0,0,-2.80501441714757e-19
n23_vd_0p05,n23,0.05,0.4,1.71851879776895e-13,1.71851900162435e-13,1.6881754260547e-13,1.9138172933515976e-13,0.046746187604578854,0.04674613608738268,5.151719616936204e-08,3.04294576360333e-18,-2.37655913917514e-19,3.280601677520844e-18,1.9089702670846283e-05,0,0,3.385324275765094e-18
n23_vd_0p05,n23,0.05,0.45,5.46625254438135e-13,5.46625208130358e-13,5.45158320035603e-13,6.110137609056663e-13,0.04836129878251367,0.04836133557410489,3.679159119588186e-08,1.54151526966215e-18,-2.37665269362811e-19,1.779180539024961e-18,3.2548453905196884e-06,0,0,1.696730507904271e-18
n23_vd_0p05,n23,0.05,0.5,1.75764171718034e-12,1.75764175716245e-12,1.75138746052095e-12,1.971676461449832e-12,0.049905299809133566,0.04990528992998159,9.879151944470764e-09,-4.23165571250318e-18,-2.37675617980781e-19,-3.993980094522399e-18,-2.272351620144887e-06,0,0,-3.559828141469919e-18
n23_vd_0p05,n23,0.05,0.55,5.704433595756e-12,5.70443366133421e-12,5.70288048063161e-12,6.420843966890819e-12,0.0513795872864552,0.051379582293802684,4.992652487045664e-09,-8.79031518841615e-18,-2.37687137641335e-19,-8.552628050774815e-18,-1.499294857041854e-06,0,0,-8.428941726674595e-18
n23_vd_0p05,n23,0.05,0.6000000000000001,1.86596996478947e-11,1.86596995986426e-11,1.86611574907785e-11,2.107121629234057e-11,0.05278495614868137,0.05278495729499751,1.1463161190160419e-09,-1.1030671651192e-17,-2.37700114714968e-19,-1.0792971536477032e-17,-5.784107873452671e-07,0,0,-1.1419036958344733e-17
n23_vd_0p05,n23,0.05,0.65,6.14248810928782e-11,6.142488077572e-11,6.1423051806396e-11,6.957639055502362e-11,0.0541175704705802,0.05411757271299487,2.242414695109324e-09,1.37781480942723e-18,-2.37715025050486e-19,1.615529834477716e-18,2.6300903055497695e-08,0,0,1.261249160076246e-18
n23_vd_0p05,n23,0.05,0.7000000000000001,2.03124147024829e-10,2.03124145443013e-10,2.03116312006342e-10,2.3074200291095315e-10,0.055365103516418095,0.05536510689845792,3.3820398820817348e-09,-5.99450171191624e-18,-2.37732659640688e-19,-5.7567690522755525e-18,-2.8341136105311662e-08,0,0,-1.0252104320490012e-17
n23_vd_0p05,n23,0.05,0.75,6.73243003522047e-10,6.73242994514797e-10,6.73235521828733e-10,7.667811539144652e-10,0.05649958133848524,0.05649958714886721,5.8103819953720955e-09,-4.77481785073127e-18,-2.37754337883352e-19,-4.537063512847918e-18,-6.739117302093516e-09,0,0,-1.416921701298345e-17
n23_vd_0p05,n23,0.05,0.8,2.22938344928959e-09,2.22938347323155e-09,2.22938453252246e-09,2.544748245757117e-09,0.0574600510052097,0.057460046341202095,4.664007568577633e-09,-1.33250601305205e-17,-2.37782418939953e-19,-1.3087277711580547e-17,-5.8703573740098615e-09,0,0,-6.162619971665702e-18
n23_vd_0p05,n23,0.05,0.8500000000000001,7.33777370653112e-09,7.33777382317264e-09,7.33777694978146e-09,8.388251681567588e-09,0.058107138394326255,0.05810713149076532,6.90356097204616e-09,1.50340981593508e-17,-2.37821643347391e-19,1.5271919802698192e-17,2.08127426256579e-09,0,0,-2.6124602129845566e-16
n23_vd_0p05,n23,0.05,0.9,2.37797967632945e-08,2.37797971154014e-08,2.37797975123581e-08,2.718568061592226e-08,0.05813207184222683,0.05813206541163852,6.430588347546825e-09,1.04817907952443e-17,-2.37882018112353e-19,1.0719672813356652e-17,4.50789077860293e-10,0,0,9.221780335895191e-18
n23_vd_0p05,n23,0.05,0.9500000000000001,7.44830907206563e-08,7.44830909347243e-08,7.44830906663658e-08,8.489451257089716e-08,0.05682192947643768,0.05682192822825432,1.2481833298026168e-09,2.5798747831547e-17,-2.37983590414885e-19,2.6036731421961884e-17,3.4956566779405045e-10,0,0,1.6954851980219304e-16
n23_vd_0p05,n23,0.05,1.0,2.17756465230476e-07,2.17756465280667e-07,2.17756453306801e-07,2.460514675141617e-07,0.053054901465576,0.05305490136547492,1.0010114475930784e-10,8.6019468195823e-18,-2.38159344883603e-19,8.840106164465903e-18,4.059629712060151e-11,0,0,2.510712978230839e-16
n23_vd_0p05,n23,0.05,1.05,5.63768611896141e-07,5.63768611453814e-07,5.63768608633494e-07,6.267482060943636e-07,0.04599220693294868,0.04599220727369165,3.407429889198493e-10,-6.99893876766335e-18,-2.3843911245007e-19,-6.76049965521328e-18,-1.1991621239394109e-11,0,0,2.2489827426891653e-16
n23_vd_0p05,n23,0.05,1.1,1.23129456554932e-06,1.23129456416823e-06,1.2312945678832e-06,1.3397479312145051e-06,0.03666113242523981,0.03666113291236921,4.871293931897357e-10,3.38183756603396e-17,-2.38807252741078e-19,3.405718291308067e-17,2.7659655052637337e-11,0,0,8.261050263151129e-17
n23_vd_0p05,n23,0.05,1.1500000000000001,2.24591112989051e-06,2.24591112841964e-06,2.24591113156745e-06,2.393149726386193e-06,0.027577303563816862,0.02757730384824065,2.844238057975619e-10,-1.77721073086622e-18,-2.39198446188397e-19,-1.5380122846778231e-18,-6.848054961818824e-13,0,0,4.020592837908893e-18
n23_vd_0p05,n23,0.05,1.2000000000000002,3.52515103017088e-06,3.52515102964121e-06,3.52515102656103e-06,3.694339929667455e-06,0.020359125492953566,0.02035912555820831,6.525473782448351e-11,1.73221816114038e-17,-2.39557654478055e-19,1.7561739265881857e-17,4.981840244067299e-12,0,0,-7.188237115701067e-17
n23_vd_0p05,n23,0.05,1.25,4.96310846187285e-06,4.96310846181276e-06,4.96310846465231e-06,5.138879748516711e-06,0.01511468896334343,0.015114688968601516,5.2580919441602836e-12,-7.59186150792183e-18,-2.39868797197952e-19,-7.351992710723878e-18,-1.481328237593781e-12,0,0,-6.881342495037352e-18
n23_vd_0p05,n23,0.05,1.3,6.48345451336854e-06,6.48345451336856e-06,6.4834545104058e-06,6.655184099756798e-06,0.01135360542754608,0.011353605427544763,1.3500584531745999e-15,9.26828762160103e-17,-2.40137114760137e-19,9.292301333077044e-17,1.4332330571482814e-11,0,0,-8.759456033800836e-17
n23_vd_0p05,n23,0.05,1.35,8.04104124531654e-06,8.04104124532854e-06,8.04104124104447e-06,8.201794372590585e-06,0.008596587108917437,0.008596587108269346,6.480280575233255e-13,5.95497268913075e-17,-2.40372171751074e-19,5.979009906305856e-17,7.435616512698993e-12,0,0,6.793808372506734e-18
n23_vd_0p05,n23,0.05,1.4000000000000001,9.61034224390209e-06,9.61034224390225e-06,9.61034224654579e-06,9.755463051639242e-06,0.006509034332739622,0.006509034332732496,7.232455999149593e-15,-3.40685713425495e-17,-2.40582092070442e-19,-3.3827989250479056e-17,-3.5199567707323717e-12,0,0,6.644538520516341e-18
n23_vd_0p05,n23,0.05,1.4500000000000002,1.11767242712494e-05,1.11767242712464e-05,1.11767242655446e-05,1.1302917093041036e-05,0.00487600500133268,0.0048760050014492054,1.164907579596527e-13,-8.96521603855057e-17,-2.40772805012347e-19,-8.941138758049336e-17,-7.999784678460393e-12,0,0,-9.584827491918306e-17
n23_vd_0p05,n23,0.05,1.5,1.27315590494226e-05,1.27315590494243e-05,1.27315590535223e-05,1.2836362693433154e-05,0.0035603909974358462,0.0035603909973778852,5.795608073984869e-14,-1.35373258626371e-17,-2.40948496431308e-19,-1.3296377366205792e-17,-1.044363641136867e-12,0,0,-5.6081739133945414e-18
n23_vd_0p05,n23,0.05,1.55,1.42696385683499e-05,1.42696383128259e-05,1.4269638312104e-05,1.435112666121595e-05,0.0024730243525426915,0.002473032129380486,7.776837776250214e-09,1.22627062751994e-17,-2.41112136319959e-19,1.2503818411519359e-17,8.762533525660998e-13,0,0,-9.624780876428443e-15
n23_vd_0p05,n23,0.05,1.6,1.57877855280806e-05,1.57877853888288e-05,1.57877853893833e-05,1.5844390805893763e-05,0.0015543278326518712,0.001554331663226287,3.8305744826927e-09,-3.49830879252286e-17,-2.41265871270124e-19,-3.474182205395848e-17,-2.200550691456781e-12,0,0,-1.20056348346036e-14
n23_vd_0p05,n23,0.05,1.6500000000000001,1.72840798745969e-05,1.7284079795676e-05,1.72840797991472e-05,1.7314484763202447e-05,0.0007633078933599324,0.0007633098763935268,1.983033604554749e-09,1.31416897180357e-16,-2.41411288151579e-19,1.3165830846850858e-16,7.617316630385256e-12,0,0,-1.1537854376428327e-14
n23_vd_0p05,n23,0.05,1.7000000000000002,1.87574047989012e-05,1.87574047539261e-05,1.87574047527769e-05,1.876047240068573e-05,7.101907837587304e-05,7.102011969476318e-05,1.0413187941348197e-09,5.75599775228364e-17,-2.41549587312801e-19,5.78015271101492e-17,3.0815311536128583e-12,0,0,-1.0024479784640273e-14
n23_vd_0p05,n23,0.05,1.75,2.02071719375011e-05,2.0207171912309e-05,2.02071719189652e-05,2.0181899917292244e-05,0.0005434886146966836,0.0005434880732656378,5.414310586266405e-10,-7.13512532328228e-17,-2.41681696762583e-19,-7.110957153606022e-17,-3.519026405310311e-12,0,0,-8.790533099404058e-15
n23_vd_0p05,n23,0.05,1.8,2.16331476132543e-05,2.16331476001684e-05,2.16331476016713e-05,2.1578636633979477e-05,0.001095711758833013,0.0010957114961280814,2.62704933283928e-10,-9.00264186225484e-17,-2.41808348592349e-19,-8.978461027395606e-17,-4.1503257839953506e-12,0,0,-7.393710790845119e-15
n23_vd_0p05,n23,0.05,1.85,2.30353396540256e-05,2.3035339648234e-05,2.30353396575365e-05,2.2950771190552094e-05,0.0015973370114772624,0.001597336902285887,1.0919137764803521e-10,-5.71352450042477e-17,-2.41930131033776e-19,-5.689331487321392e-17,-2.469827479951034e-12,0,0,-6.17948325476974e-15
n23_vd_0p05,n23,0.05,1.9000000000000001,2.44139216963369e-05,2.44139216950515e-05,2.44139216943374e-05,2.4298542074370014e-05,0.0020573308337302506,0.0020573308108645418,2.2865698940153537e-11,-7.94049919542654e-17,-2.42047524652975e-19,-7.916294442961243e-17,-3.242532904726163e-12,0,0,-5.215224138089152e-15
n23_vd_0p05,n23,0.05,1.9500000000000002,2.57691814400324e-05,2.57691814413179e-05,2.57691814335286e-05,2.5622290108478967e-05,0.002482679189350036,0.002482679211014871,2.1664773728539084e-11,-1.76441798854565e-16,-2.42160927986583e-19,-1.761996379265784e-16,-6.837610978362808e-12,0,0,-4.14886372800154e-15
n23_vd_0p05,n23,0.05,2.0,2.71014846330257e-05,2.7101484635785e-05,2.71014846459817e-05,2.692242537701919e-05,0.002878900530017262,0.0028789005742343755,4.421711445612361e-11,1.58863267160718e-16,-2.4227067603772e-19,1.5910553783675572e-16,5.870731436855367e-12,0,0,-3.65976552242529e-15
n23_vd_0p05,n23,0.05,2.0500000000000003,2.84112496406216e-05,2.84112496440694e-05,2.84112496477916e-05,2.819940386989284e-05,0.0032504086423209865,0.0032504086950240502,5.270309972809899e-11,-7.6963782924809e-17,-2.42377053851994e-19,-7.6721405870957e-17,-2.700388290980081e-12,0,0,-3.186173369679136e-15
n23_vd_0p05,n23,0.05,2.1,2.96989292794292e-05,2.96989292831216e-05,2.96989292842082e-05,2.945371080497061e-05,0.0036007738702774983,0.0036007739242723312,5.399481636938844e-11,1.63793003910895e-16,-2.42480306643354e-19,1.6403548421753836e-16,5.523279396835443e-12,0,0,-2.680051470329485e-15
n23_vd_0p05,n23,0.05,2.15,3.09649977289555e-05,3.09649977327673e-05,3.09649977287468e-05,3.068584861885695e-05,0.003932914269255225,0.0039329143227169955,5.346173614594373e-11,-1.18491155393409e-16,-2.42580647459872e-19,-1.1824857474594913e-16,-3.818781960407443e-12,0,0,-2.170685108933959e-15
n23_vd_0p05,n23,0.05,2.2,3.22099410431696e-05,3.2209941046691e-05,3.22099410436184e-05,3.1896328270911445e-05,0.004249237538009879,0.004249237585489786,4.74799164388622e-11,3.0264170858594e-17,-2.42678263067806e-19,3.050684912166181e-17,9.471252703455614e-13,0,0,-1.894083501087101e-15
n23_vd_0p05,n23,0.05,2.25,3.34342502473345e-05,3.34342502506399e-05,3.34342502559533e-05,3.308566292902552e-05,0.004551747811367183,0.004551747854302714,4.2935523253202884e-11,1.21170434487759e-16,-2.42773318526177e-19,1.2141320780628516e-16,3.6314021369138202e-12,0,0,-1.9727900495589832e-15
n23_vd_0p05,n23,0.05,2.3000000000000003,3.46384163136156e-05,3.46384163167129e-05,3.46384163223172e-05,3.425436338638115e-05,0.004842127015254618,0.004842127054088322,3.8833659941857975e-11,1.83199349093647e-16,-2.42865960785702e-19,1.834422150544327e-16,5.295918074808824e-12,0,0,-1.3716886833137335e-15
n23_vd_0p05,n23,0.05,2.35,3.58229265125553e-05,3.58229265152958e-05,3.58229265150807e-05,3.540293474794701e-05,0.005121797522824102,0.0051217975560481546,3.322407063663622e-11,1.18677852043559e-16,-2.42956321551478e-19,1.1892080836511047e-16,3.3196843455638178e-12,0,0,-1.086259383983138e-15
n23_vd_0p05,n23,0.05,2.4000000000000004,3.69882617798326e-05,3.69882617823199e-05,3.69882617764589e-05,3.653187405559451e-05,0.005391970893848432,0.005391970923052873,2.920446445809105e-11,-6.15395420829156e-17,-2.43044519583413e-19,-6.129649756333219e-17,-1.6571878377002142e-12,0,0,-9.534553267700711e-16
n23_vd_0p05,n23,0.05,2.45,3.81348948391689e-05,3.81348948414592e-05,3.81348948423937e-05,3.7641668611456396e-05,0.005653686163433018,0.005653686189515836,2.6082840016310102e-11,-5.83522648845063e-18,-2.43130662562455e-19,-5.592095825888175e-18,-1.466398648570181e-13,0,0,-8.768351080851011e-16
n23_vd_0p05,n23,0.05,2.5,3.92632888901658e-05,3.92632888921015e-05,3.92632888854597e-05,3.8732794823269445e-05,0.005907840182972818,0.005907840204383721,2.1410962739354847e-11,2.70459747630348e-16,-2.43214848617993e-19,2.7070296247896596e-16,6.894556470367989e-12,0,0,-6.221258928665566e-16
n23_vd_1,n23,1.0,0.0,2.86702018182767e-16,2.85956618890303e-16,-1.87654464401944e-15,2.875376462361699e-16,0.0012639632236013422,0.00239455992257944,0.0011305966989780902,-5.52222063407228e-19,-2.8375487942745e-19,-2.68467183979778e-19,-0.0009388388526259846,0,0,2.9031279753891003e-20
n23_vd_1,n23,1.0,0.05,4.52624727530373e-16,4.52807054773817e-16,-1.8761669538256e-15,4.670943042631663e-16,0.013666295153586581,0.013491386964264608,0.00017490818932189192,-3.41789999421414e-19,-2.8379038681007e-19,-5.799961261134402e-20,-0.00012808902158186465,0,1,2.860501998290247e-17
n23_vd_1,n23,1.0,0.1,9.50338182479147e-16,9.5033823756788e-16,-1.87503076138532e-15,1.004742623468232e-15,0.024176647806706825,0.02417662263174014,2.517496663661499e-08,-5.30401976922508e-19,-2.8382872181877e-19,-2.46573255103738e-19,-0.00025945841738913086,0,0,5.960251828232254e-18
n23_vd_1,n23,1.0,0.15000000000000002,2.47053365117679e-15,2.47053376449333e-15,-1.87150357008991e-15,2.6540152147275915e-15,0.031112634426930137,0.031112614507044875,1.9919885306368868e-08,-3.76247698499264e-19,-2.83870027624879e-19,-9.2377670874385e-20,-3.739178642366392e-05,0,0,-3.64429902104689e-19
n23_vd_1,n23,1.0,0.2,7.21013712818883e-15,7.21013717150159e-15,1.0135485446282e-14,7.815360992306368e-15,0.035005518364246375,0.03500551575535113,2.6088952810543e-09,-7.69558509910918e-19,-2.83914454738654e-19,-4.85644055172264e-19,-6.735573035861166e-05,0,0,-5.99134278503278e-19
n23_vd_1,n23,1.0,0.25,2.22380708741713e-14,2.22380738386357e-14,2.24656922834789e-14,2.423820971960518e-14,0.03740342883867477,0.03740337094469408,5.789398065319819e-08,-6.998791942428e-19,-2.83962170501692e-19,-4.15917023741108e-19,-1.8702924846778206e-05,0,0,-3.5364960815986196e-19
n23_vd_1,n23,1.0,0.30000000000000004,7.05679507089669e-14,7.05679519507242e-14,5.88637901202669e-14,7.723507665735438e-14,0.039207076209685686,0.03920706856757155,7.642114197364392e-09,-1.0111740902901e-18,-2.84013408768446e-19,-7.271606815216539e-19,-1.030440393153838e-05,0,0,-7.15675528307957e-19
n23_vd_1,n23,1.0,0.35000000000000003,2.27874730343376e-13,2.27874730101599e-13,2.08232570625703e-13,2.502968403408208e-13,0.04075919952327086,0.04075919998406101,4.607900902541676e-10,-5.89456198127877e-19,-2.84068403582247e-19,-3.0538779454562995e-19,-1.3401564728544995e-06,0,0,4.381404596732831e-19
n23_vd_1,n23,1.0,0.4,7.45133959962467e-13,7.45133960211562e-13,7.50497290186928e-13,8.211532093974259e-13,0.0421898375195874,0.04218983737440471,1.4518268234597004e-10,-5.26603945315689e-18,-2.84127420020826e-19,-4.981912033136064e-18,-6.685928033291592e-06,0,0,-4.950733198918325e-18
n23_vd_1,n23,1.0,0.45,2.46074628770198e-12,2.46074628847111e-12,2.47519592977161e-12,2.7202581598270742e-12,0.043543283107546175,0.043543282971803286,1.35742880778933e-10,4.78017519397657e-18,-2.84190768977136e-19,5.064365962953706e-18,2.0580609982755496e-06,0,0,2.280627410095896e-18
n23_vd_1,n23,1.0,0.5,8.19230615478386e-12,8.1923061545942e-12,8.18376243201627e-12,9.083222251794815e-12,0.04483376684375576,0.04483376685381016,1.0054367464640922e-11,-3.80464294196065e-18,-2.84258837748312e-19,-3.5203841042123384e-18,-4.2971832812157864e-07,0,0,3.883840753928622e-18
n23_vd_1,n23,1.0,0.55,2.74539818012538e-11,2.74539817990677e-11,2.74463515162396e-11,3.052593081050875e-11,0.046063574062689225,0.046063574097271104,3.4581891928564254e-11,3.41275142609382e-18,-2.84332142989604e-19,3.697083569083424e-18,1.346647490386612e-07,0,0,3.713867696773903e-18
n23_vd_1,n23,1.0,0.6000000000000001,9.24790027994244e-11,9.24790028047334e-11,9.24880150558388e-11,1.0310273582731311e-10,0.047227051317853715,0.04722705129292185,2.49318187522997e-11,-4.82318235343684e-19,-2.84411429020929e-19,-1.9790680632275498e-19,-2.140018818548781e-09,0,0,-7.480466181360209e-19
n23_vd_1,n23,1.0,0.65,3.12624524174225e-10,3.12624524191804e-10,3.12623060532147e-10,3.494071988603541e-10,0.048308804810693634,0.04830880478627315,2.44205323295622e-11,-2.41135582110188e-18,-2.84497836214948e-19,-2.1268579848869322e-18,-6.803234616302989e-09,0,0,-4.790891656811992e-18
n23_vd_1,n23,1.0,0.7000000000000001,1.05838165783028e-09,1.05838165779372e-09,1.05837376875342e-09,1.1855469133517848e-09,0.04927643939785399,0.04927643941285596,1.500194596468194e-11,-1.0469226103447e-17,-2.84593198428456e-19,-1.0184632905018544e-17,-9.622835798429475e-09,0,0,-1.1430410297654045e-17
n23_vd_1,n23,1.0,0.75,3.57747974720275e-09,3.57747974720046e-09,3.57748629433303e-09,4.0144094383211215e-09,0.05004448123152666,0.05004448123180466,2.7801560860740164e-13,1.4883368405495e-18,-2.84700546720264e-19,1.773037387269764e-18,4.956107406777763e-10,0,0,-3.124024190454204e-17
n23_vd_1,n23,1.0,0.8,1.20123879701109e-08,1.20123879699606e-08,1.20123956559578e-08,1.3494125527859142e-08,0.05051539544259388,0.05051539544802779,5.43393705768844e-12,2.53986896590819e-18,-2.84825248106159e-19,2.824694214014349e-18,2.351484335236313e-10,0,0,-2.956604212826759e-16
n23_vd_1,n23,1.0,0.8500000000000001,3.9687561014766e-08,3.96875610750944e-08,3.96875539259639e-08,4.456836347878443e-08,0.050372277057897034,0.05037227639773327,6.601638288903901e-10,-5.80019340629892e-18,-2.84977423173376e-19,-5.515215983125544e-18,-1.3896585816120032e-10,0,0,-5.119084356877287e-16
n23_vd_1,n23,1.0,0.9,1.26591116298622e-07,1.26591118762519e-07,1.26591110594941e-07,1.4172061230305505e-07,0.049029790478990615,0.04902978202613159,8.452858999261416e-09,3.38316337978784e-19,-2.85176139560791e-19,6.23492477539575e-19,4.925246602087683e-12,0,0,2.0685815937965307e-15
n23_vd_1,n23,1.0,0.9500000000000001,3.76426843194962e-07,3.7642684313604e-07,3.76426854738397e-07,4.181689753818643e-07,0.04567122305583527,0.04567122312381526,6.798007189450112e-11,1.08992505570388e-17,-2.85452294073599e-19,1.1184702851112398e-17,2.9712819516089253e-11,0,0,1.1851726710684689e-16
n23_vd_1,n23,1.0,1.0,9.93324864863546e-07,9.93324864623643e-07,9.93324865269588e-07,1.0892119060509531e-06,0.04002107306943169,0.04002107317432033,1.0488869314033396e-10,2.25068166689744e-17,-2.85838138052981e-19,2.279265480702738e-17,2.2945821270328518e-11,0,0,3.416112656623846e-16
n23_vd_1,n23,1.0,1.05,2.23640126187485e-06,2.23640126093413e-06,2.2364012650622e-06,2.414360801893399e-06,0.03325244291079826,0.03325244309347991,1.8268161670579637e-10,-3.75938863617442e-18,-2.86338452704446e-19,-3.473050183469974e-18,-1.5529637923828139e-12,0,0,1.5817648206029125e-16
n23_vd_1,n23,1.0,1.1,4.28280077081405e-06,4.28280077039976e-06,4.28280076659873e-06,4.557913275806764e-06,0.02703818536063195,0.027038185402642814,4.201087786605256e-11,-6.12924803861341e-18,-2.86920978474072e-19,-5.842327060139338e-18,-1.364137015319069e-12,0,0,4.460479727663054e-17
n23_vd_1,n23,1.0,1.1500000000000001,7.16205528770864e-06,7.1620552876579e-06,7.16205528781584e-06,7.536477792883857e-06,0.022130754547722932,0.022130754550799717,3.0767832147958167e-12,2.01797938509224e-18,-2.87544813118014e-19,2.3055241982102538e-18,3.2190818216431205e-13,0,0,4.377649405528522e-17
n23_vd_1,n23,1.0,1.2000000000000002,1.08071333404157e-05,1.08071333404125e-05,1.08071333344327e-05,1.1276642933767931e-05,0.01846931914340455,0.018469319143533103,1.2859306766489988e-13,-1.94302114474566e-18,-2.88183164017344e-19,-1.6548379807283162e-18,-1.5312460100220735e-13,0,0,-1.460153702863066e-18
n23_vd_1,n23,1.0,1.25,1.51194739622742e-05,1.51194739622719e-05,1.51194739583117e-05,1.567793369284374e-05,0.015752141914095484,0.015752141914161605,6.610464783223286e-14,5.48392765836913e-17,-2.88823793489298e-19,5.51281003771806e-17,3.6461652379403865e-12,0,0,7.15331441356295e-17
n23_vd_1,n23,1.0,1.3,2.00021888065715e-05,2.00021888065715e-05,2.00021888106123e-05,2.0643333090307322e-05,0.013702297782971152,0.013702297782971152,0.0,1.92954118037974e-17,-2.89462604947175e-19,1.9584874408744576e-17,9.791365634100094e-13,0,0,8.738000681770095e-18
n23_vd_1,n23,1.0,1.35,2.53707732345566e-05,2.53707732345567e-05,2.5370773227913e-05,2.6088715025826774e-05,0.01211898529754432,0.012118985297542632,1.639356693140585e-15,5.49256159058666e-17,-2.90098965937456e-19,5.521571487180405e-17,2.176351282687614e-12,0,0,5.603151034423065e-17
n23_vd_1,n23,1.0,1.4000000000000001,3.11544967327135e-05,3.11544967327135e-05,3.11544967229045e-05,3.1943782154586164e-05,0.010865595371430023,0.010865595371430023,0.0,5.51575338242891e-18,-2.90733405063354e-19,5.8064867874922645e-18,1.8637716530324223e-13,0,0,5.022019144182494e-18
n23_vd_1,n23,1.0,1.4500000000000002,3.72948410427313e-05,3.72948410427313e-05,3.72948410402119e-05,3.815037588816757e-05,0.009850060878989517,0.009850060878989517,0.0,2.29291259287471e-17,-2.91366656966376e-19,2.3220492585713474e-17,6.226194276872808e-13,0,0,2.9051395148935676e-17
n23_vd_1,n23,1.0,1.5,4.37434622540883e-05,4.37434622540883e-05,4.37434622439729e-05,4.466045216665779e-05,0.00900996172701611,0.00900996172701611,0.0,1.40380032332409e-17,-2.91999344858121e-19,1.4330002578099023e-17,3.2759186949724655e-13,0,0,1.9421949948784623e-17
n23_vd_1,n23,1.0,1.55,5.0460319499868e-05,5.04603207727134e-05,5.04603207793873e-05,5.143417742541683e-05,0.008301802642770487,0.00830179168783142,1.0954939150353958e-08,4.3262656070627e-17,-2.92631912528538e-19,4.3555287983155534e-17,8.63159157852762e-13,0,0,1.3074354634241224e-12
n23_vd_1,n23,1.0,1.6,5.74119634369606e-05,5.74119657803485e-05,5.7411965770263e-05,5.843832012355394e-05,0.007695323551286661,0.007695305824660487,1.772662614752389e-08,1.02423616347464e-17,-2.93264607605458e-19,1.0535626242351859e-17,1.8350924061126802e-13,0,0,2.3819247368034177e-12
n23_vd_1,n23,1.0,1.6500000000000001,6.45701417891463e-05,6.45701436527501e-05,6.45701436611207e-05,6.564482984421808e-05,0.00716878687295075,0.007168774338475716,1.2534475096449679e-08,3.37005990473246e-17,-2.93897505299128e-19,3.399449655262372e-17,5.264739185875401e-13,0,0,1.8869199423611157e-12
n23_vd_1,n23,1.0,1.7000000000000002,7.19111411522398e-05,7.19111411522393e-05,7.19111411588002e-05,7.303002702390844e-05,0.006705280754124565,0.006705280754127603,3.037631519642865e-15,-4.37346474191912e-17,-2.94530611838664e-19,-4.344011680735254e-17,-6.040804819852289e-13,0,0,-3.227275496445984e-17
n23_vd_1,n23,1.0,1.75,7.94145425796609e-05,7.94145446348774e-05,7.94145446383565e-05,8.057371951115708e-05,0.006293373623629808,0.006293362384263002,1.1239366757884142e-08,-1.26255400174942e-16,-2.95163817599535e-19,-1.2596023635734246e-16,-1.5861104151193868e-12,0,0,2.0572738083871275e-12
n23_vd_1,n23,1.0,1.8,8.706289321456e-05,8.70628951225756e-05,8.70628951374014e-05,8.825851478871598e-05,0.005923519641331318,0.0059235101236068234,9.51772462176196e-09,-3.83603232087576e-17,-2.95796977308778e-19,-3.806452623144882e-17,-4.372072187337428e-13,0,0,1.8946376960327872e-12
n23_vd_1,n23,1.0,1.85,9.48410744167213e-05,9.48410762316857e-05,9.48410762442987e-05,9.606942155839551e-05,0.005588710504962363,0.005588702193911231,8.311051080030046e-09,6.66809850277207e-17,-2.96429910052655e-19,6.697741493777335e-17,7.062068209153946e-13,0,0,1.79296483331916e-12
n23_vd_1,n23,1.0,1.9000000000000001,0.000102735914141473,0.00010273591582438,0.000102735915838646,0.00010399335807118572,0.005283312702510435,0.005283305588374993,7.114135467986999e-09,4.3955469771149e-17,-2.97062414489242e-19,4.425253218563824e-17,4.3074062104322804e-13,0,0,1.6555286804815245e-12
n23_vd_1,n23,1.0,1.9500000000000002,0.000110735875911499,0.000110735877430701,0.000110735877428776,0.00011201888120371102,0.005002885573464177,0.0050028796153133905,5.958150731403499e-09,-3.17146476026886e-17,-2.97694281710092e-19,-3.14169533209785e-17,-2.8371070018061104e-13,0,0,1.4894600703252516e-12
n23_vd_1,n23,1.0,2.0,0.00011883079089508,0.000118830792231545,0.000118830792232289,0.0001201359067319632,0.004743842949426857,0.004743838065007846,4.884418977114649e-09,1.95758532976194e-17,-2.98325300776298e-19,1.9874178598395697e-17,1.6724771606058406e-13,0,0,1.3062418479097107e-12
n23_vd_1,n23,1.0,2.0500000000000003,0.000127011642900181,0.000127011644051284,0.000127011644053803,0.0001283355023835267,0.004503281360703703,0.004503277424704857,3.935998873215225e-09,7.39032409071299e-17,-2.98955263158459e-19,7.420219617028836e-17,5.842156971082702e-13,0,0,1.1227059589784032e-12
n23_vd_1,n23,1.0,2.1,0.000135270399483756,0.000135270400460226,0.000135270400471914,0.00013660970748849465,0.004278788819558082,0.004278785684537163,3.1350209642624372e-09,4.85100461712888e-17,-2.99583967089852e-19,4.880963013837865e-17,3.608300853129381e-13,0,0,9.508170112148072e-13
n23_vd_1,n23,1.0,2.15,0.000143599880332583,0.000143599881156335,0.000143599881150943,0.00014495140005543582,0.004068336479586408,0.004068333988282541,2.491303840414815e-09,9.82489645684331e-17,-3.00211221158688e-19,9.854917578959179e-17,6.862761653841677e-13,0,0,8.015609598986211e-13
n23_vd_1,n23,1.0,2.2,0.000151993396517656,0.000151993397202543,0.000151993397222557,0.0001533541727463299,0.0038708775118686373,0.00387087555492416,1.956944439256355e-09,7.71903630335788e-17,-3.00836829250246e-19,7.749119986282904e-17,5.098326722677696e-13,0,0,6.662696971926392e-13
n23_vd_1,n23,1.0,2.25,0.000160445192948404,0.000160445193513858,0.000160445193514603,0.00016181222630981518,0.0036846233550102488,0.003684621824434226,1.530576019877194e-09,2.35631386955725e-17,-3.01460621032519e-19,2.3864599316605017e-17,1.487398830339145e-13,0,0,5.50255440098288e-13
n23_vd_1,n23,1.0,2.3000000000000003,0.00016895002671964,0.000168950027183953,0.000168950027187699,0.00017032028744746645,0.003508116589281547,0.0035081153957417658,1.1935397140639857e-09,-2.88140665087491e-16,-3.02082436313535e-19,-2.8783858265117747e-16,-1.7036906560410226e-12,0,0,4.521036167291963e-13
n23_vd_1,n23,1.0,2.35,0.000177503023582592,0.000177503023961857,0.000177503023955579,0.00017887353780285877,0.003340341436499144,0.003340340508556095,9.27943004517892e-10,1.02966999912144e-16,-3.02702119124425e-19,1.0326970203126843e-16,5.817912265734679e-13,0,0,3.6969433498027916e-13
n23_vd_1,n23,1.0,2.4000000000000004,0.00018609969562635,0.000186099695936268,0.000186099695947484,0.00018746733318340597,0.0031799385497628184,0.003179937826517805,7.2324511714901e-10,-4.13237323113861e-17,-3.03319520956645e-19,-4.102041279042945e-17,-2.2042170775215755e-13,0,0,3.0253534279106293e-13
n23_vd_1,n23,1.0,2.45,0.000194735852842934,0.000194735853104886,0.000194735853123241,0.00019609773734211039,0.0030266657304806573,0.0030266651462826123,5.841980649267654e-10,7.96682640525252e-17,-3.03934496578859e-19,7.997219854910405e-17,4.106701322536149e-13,0,0,2.5651347336896555e-13
n23_vd_1,n23,1.0,2.5,0.000203407710308207,0.000203407710515087,0.000203407710504252,0.0002047609787025233,0.002879785566491125,0.002879785124783036,4.4170807430968265e-10,-2.04936511523924e-17,-3.04546919780022e-19,-2.0189104232612378e-17,-9.925437035541938e-14,0,0,2.0295155732087179e-13
n24_vd_0p05,n24,0.05,0.0,5.37808527271603e-17,5.3768212145555e-17,-7.46560245346714e-15,5.584570668175017e-17,0.0163621070131729,0.0164641950205583,0.00010208800738538896,-2.25729720192274e-19,-2.36553401192366e-19,1.0823681000091992e-20,0.0002013026018196661,0,0,-7.850247904013897e-20
n24_vd_0p05,n24,0.05,0.05,1.06078215870311e-16,1.12986006025001e-16,-7.46547509923595e-15,1.2020472107238336e-16,0.05429531831043702,0.026896868120091615,0.027398450190345387,-8.94528171607235e-21,-2.36557306461904e-19,2.2761202474583163e-19,0.0020145151842562406,0,1,1.9800465753725243e-17
n24_vd_0p05,n24,0.05,0.1,2.78201228233199e-16,2.79919469700738e-16,-7.46509606806295e-15,3.0184602644292643e-16,0.03542642006299488,0.0327523563766022,0.0026740636863927625,-3.52124021380288e-19,-2.3656183789604e-19,-1.1556218348424796e-19,-0.0004128408202823317,0,0,4.19016428298788e-18
n24_vd_0p05,n24,0.05,0.15000000000000002,7.62195726848313e-16,7.62209319154986e-16,-7.4640074898701e-15,8.295605195907609e-16,0.03678156532097753,0.03677382057649496,7.744744482551134e-06,-6.90721375618635e-19,-2.36567004842163e-19,-4.54154370776472e-19,-0.0005958394359176357,0,0,-2.1350913239817497e-19
n24_vd_0p05,n24,0.05,0.2,2.18918346503582e-15,2.18915092901409e-15,-7.46094188325566e-15,2.399349961174508e-15,0.039811438086596825,0.03981789269395621,6.454607359382729e-06,-2.5177142871431e-19,-2.36572830245097e-19,-1.519859846921297e-20,-6.942691007630909e-06,0,0,-5.077594916324599e-20
n24_vd_0p05,n24,0.05,0.25,6.50216764800489e-15,6.50234152443651e-15,-1.33611857476023e-15,7.162658334333179e-15,0.04201607249585973,0.04200445905104781,1.1613444811977123e-05,-1.81584793893634e-19,-2.36579348510914e-19,5.499455461728001e-20,8.457653971358543e-06,0,0,2.1548167099929272e-19
n24_vd_0p05,n24,0.05,0.30000000000000004,1.97597678191811e-14,1.97598334809175e-14,1.86455873319995e-14,2.186358323541736e-14,0.04393950297957421,0.04393805982079463,1.4431587795676994e-06,-8.30997224506246e-19,-2.36586603410315e-19,-5.944106210959309e-19,-3.0081762666166503e-05,0,0,-5.8445999638999e-19
n24_vd_0p05,n24,0.05,0.35000000000000003,6.11152174305389e-14,6.11152493103854e-14,6.5167598737794e-14,6.790257306782981e-14,0.04573687034498321,0.04573664380176877,2.2654321437770274e-07,-5.24456519706425e-19,-2.36594647768144e-19,-2.87861871938281e-19,-4.710148043024742e-06,0,0,-3.2730440694667998e-19
n24_vd_0p05,n24,0.05,0.4,1.91791779495795e-13,1.91791638886773e-13,1.9803940860086e-13,2.1391975232246216e-13,0.04742089841610052,0.04742121681214912,3.183960485834642e-07,1.75825242092042e-18,-2.36603550184488e-19,1.994855971104908e-18,1.0401162337856657e-05,0,0,1.931512676316538e-18
n24_vd_0p05,n24,0.05,0.45,6.09343223393535e-13,6.09342731300829e-13,6.09502676470207e-13,6.821497887765562e-13,0.049017763357412626,0.049018114084597136,3.507271844638076e-07,1.65176261502574e-18,-2.36613406365675e-19,1.888376021391415e-18,3.099037576701862e-06,0,0,1.3897839677029641e-18
n24_vd_0p05,n24,0.05,0.5,1.95650536087721e-12,1.95650535829537e-12,1.96016057492075e-12,2.1979833937157427e-12,0.0505433646854982,0.05054336525860104,5.731028513822766e-10,-6.23700050978362e-20,-2.36624358896948e-19,1.7425435379911183e-19,8.906408206872131e-08,0,0,1.716322568942113e-19
n24_vd_0p05,n24,0.05,0.55,6.33895801853339e-12,6.33895806704334e-12,6.32687991993789e-12,7.145291915489752e-12,0.05200210071293027,0.05200209738941819,3.3235120739177596e-09,1.88089151137596e-18,-2.36636630019638e-19,2.117528141395598e-18,3.340498736542786e-07,0,0,2.1664331305031978e-18
n24_vd_0p05,n24,0.05,0.6000000000000001,2.06928620321883e-11,2.0692862032307e-11,2.06905767449577e-11,2.3399841201538824e-11,0.05339234802420339,0.05339234802171219,2.491147144339962e-12,1.05441630676622e-18,-2.36650573116949e-19,1.291066879883169e-18,6.239189522780726e-08,0,0,1.1893069194820811e-18
n24_vd_0p05,n24,0.05,0.65,6.79495684786856e-11,6.79495684652361e-11,6.79483086080364e-11,7.707194103265619e-11,0.054709593652304295,0.05470959373826578,8.596150043552052e-11,-6.20297709618021e-18,-2.36666745421336e-19,-5.966310350758874e-18,-8.780497780219631e-08,0,0,-5.754721019296984e-18
n24_vd_0p05,n24,0.05,0.7000000000000001,2.24027462273427e-10,2.2402746176204e-10,2.24018639582884e-10,2.5482429978367266e-10,0.055939580185408656,0.055939581176771655,9.913630632388263e-10,2.00185984510722e-18,-2.36686008916446e-19,2.238545854023666e-18,9.99228325142312e-09,0,0,4.054232741064265e-18
n24_vd_0p05,n24,0.05,0.75,7.39852879468543e-10,7.39852879597708e-10,7.39851697495376e-10,8.437196944652239e-10,0.057052818315796755,0.05705281823997663,7.582005418564047e-11,2.49746610220149e-19,-2.36709744439469e-19,4.86456354659618e-19,6.57504171537626e-10,0,0,2.710830573364016e-18
n24_vd_0p05,n24,0.05,0.8,2.43953185698463e-09,2.43953187675472e-09,2.43952777698193e-09,2.7879920530830045e-09,0.057985037727419295,0.05798503420787473,3.5195445135169102e-09,6.17621773629719e-19,-2.36740472968885e-19,8.543622465986039e-19,3.502156519205446e-10,0,0,2.5544377518721184e-17
n24_vd_0p05,n24,0.05,0.8500000000000001,7.98929293674341e-09,7.98929308347346e-09,7.98930130039413e-09,9.143485980633625e-09,0.0586034579756191,0.05860344999943766,7.976181526823667e-09,3.65147907230099e-18,-2.36783381857982e-19,3.888262454158972e-18,4.866841676145512e-10,0,0,-7.603178230190866e-17
n24_vd_0p05,n24,0.05,0.9,2.57368680207114e-08,2.57368682490967e-08,2.57368737743428e-08,2.9451051798041382e-08,0.05854511406621421,0.058545110212346874,3.8538673929237114e-09,-5.54889649675494e-18,-2.36849320455221e-19,-5.312047176299719e-18,-2.0639835138007353e-10,0,0,1.1288366432444206e-16
n24_vd_0p05,n24,0.05,0.9500000000000001,8.00271724267492e-08,8.00271725006447e-08,8.00271776212826e-08,9.127590992926073e-08,0.05711869873995292,0.057118698338934036,4.010188554944243e-10,-1.38206505834831e-17,-2.36959651207412e-19,-1.3583690932275688e-17,-1.6973848391515092e-10,0,0,1.4831698164146344e-16
n24_vd_0p05,n24,0.05,1.0,2.31891000561224e-07,2.31891000561977e-07,2.31891007381143e-07,2.6210193955155836e-07,0.05318634026683904,0.05318634026542883,1.4102324870852373e-12,3.57065360177406e-18,-2.37148717028458e-19,3.807802318802518e-18,1.642065586665497e-11,0,0,2.10047957474347e-16
n24_vd_0p05,n24,0.05,1.05,5.94362084583697e-07,5.94362084097125e-07,5.94362084628728e-07,6.607134213606521e-07,0.04596203169425565,0.04596203204978909,3.555333614499666e-10,3.32255796192052e-18,-2.37445662944123e-19,3.560003624864643e-18,5.989621007323376e-12,0,0,1.9776543814975033e-16
n24_vd_0p05,n24,0.05,1.1,1.28594769141824e-06,1.28594769001836e-06,1.2859476885834e-06,1.3988304020788514e-06,0.036541759543366054,0.036541760016138146,4.727721001208372e-10,-6.29699819030229e-18,-2.37830878102559e-19,-6.059167312199731e-18,-4.711830317229485e-12,0,0,8.028933956309193e-17
n24_vd_0p05,n24,0.05,1.1500000000000001,2.32922739300978e-06,2.32922739158322e-06,2.32922739339725e-06,2.4810267567808675e-06,0.027419558961472298,0.0274195592274606,2.659882754440471e-10,-1.65027704400692e-18,-2.38235354158135e-19,-1.412041689848785e-18,-6.062274962724845e-13,0,0,-3.079762728037081e-17
n24_vd_0p05,n24,0.05,1.2000000000000002,3.64016523150034e-06,3.64016523099576e-06,3.64016522456121e-06,3.813075007500968e-06,0.020154251173673338,0.020154251233872936,6.019954037858772e-11,-1.91491930587326e-17,-2.38603352118914e-19,-1.8910589706613687e-17,-5.194981135908695e-12,0,0,-2.5118531607334932e-17
n24_vd_0p05,n24,0.05,1.25,5.11290935870675e-06,5.11290935863245e-06,5.11290936910586e-06,5.2906171369746775e-06,0.014838240678896724,0.014838240685207891,6.311089321277171e-12,-2.29575151299603e-18,-2.38919627985238e-19,-2.056831885010792e-18,-4.0228209434969e-13,0,0,-6.978446125577822e-18
n24_vd_0p05,n24,0.05,1.3,6.67120378286529e-06,6.67120378285905e-06,6.67120378544129e-06,6.842225856699174e-06,0.010993198725222267,0.010993198725628444,4.062229452857622e-13,2.80463899451528e-17,-2.39190415651594e-19,2.8285580360804394e-17,4.239951481242589e-12,0,0,1.1238851808365397e-17
n24_vd_0p05,n24,0.05,1.35,8.26954973747819e-06,8.26954973747252e-06,8.269549735516e-06,8.426354828419949e-06,0.00815787941792127,0.008157879418219096,2.9778432167175716e-13,1.76458802414854e-17,-2.39426186249668e-19,1.7885306427735068e-17,2.162790840556874e-12,0,0,-1.9921023761497034e-17
n24_vd_0p05,n24,0.05,1.4000000000000001,9.88204642425077e-06,9.88204642425204e-06,9.88204642926512e-06,1.0019554933198697e-05,0.0060015408748522805,0.0060015408747965465,5.5738127566776417e-14,3.0683719963616e-19,-2.39635499535444e-19,5.464726991716039e-19,5.52995478578685e-14,0,0,8.95903713522264e-19
n24_vd_0p05,n24,0.05,1.4500000000000002,1.14936526982302e-05,1.14936526982277e-05,1.14936526983925e-05,1.16083178400439e-05,0.0043112207436638034,0.0043112207437583285,9.450409172223242e-14,-1.47505549939663e-17,-2.3982468471095e-19,-1.451073030925535e-17,-1.262499458635363e-12,0,0,-1.4238816762354948e-17
n24_vd_0p05,n24,0.05,1.5,1.30954442264281e-05,1.30954436091836e-05,1.30954436106232e-05,1.318458152095956e-05,0.0029461145870423055,0.0029461350572060068,2.0470163706579902e-08,1.94855802513418e-17,-2.39998238104e-19,1.97255784894458e-17,1.5062932633769355e-12,0,0,3.246546744009388e-14
n24_vd_0p05,n24,0.05,1.55,1.46819291571485e-05,1.46819288103024e-05,1.46819288148869e-05,1.4743571301278762e-05,0.0018195702225634104,0.0018195804823424452,1.0259779075796382e-08,2.40459564233146e-19,-2.40159327901235e-19,4.80618892134381e-19,3.273540543236579e-14,0,0,1.7342215117080748e-14
n24_vd_0p05,n24,0.05,1.6,1.62496958772411e-05,1.6249695662244e-05,1.62496956612629e-05,1.6282216165871554e-05,0.0008682789125842411,0.0008682846586643773,5.746080156883061e-09,-3.71314284738331e-17,-2.40310240954464e-19,-3.6891118232878635e-17,-2.2702651790946933e-12,0,0,1.0201067920862583e-14
n24_vd_0p05,n24,0.05,1.6500000000000001,1.77966258184218e-05,1.7796625676251e-05,1.77966256703394e-05,1.7798769007637406e-05,5.2297509589934876e-05,5.230097901134283e-05,3.4694214036088896e-09,5.22366203841852e-18,-2.40452664351336e-19,5.464114702769856e-18,3.0703093958207675e-13,0,0,6.486232940049071e-15
n24_vd_0p05,n24,0.05,1.7000000000000002,1.93214349206255e-05,1.93214348225743e-05,1.93214348242324e-05,1.9292189354087302e-05,0.0006578605782222357,0.0006578583742918883,2.2039303143771124e-09,-1.10538967780217e-17,-2.40587870696369e-19,-1.081330890732533e-17,-5.596535146909247e-13,0,0,4.4093425756118195e-15
n24_vd_0p05,n24,0.05,1.75,2.08233924679251e-05,2.08233923982879e-05,2.082339240321e-05,2.076191459939578e-05,0.001284084230478657,0.0012840827781192032,1.452359424190624e-09,2.61603236719218e-17,-2.40716840489573e-19,2.6401040512411373e-17,1.2678549204394798e-12,0,0,3.0771843071716493e-15
n24_vd_0p05,n24,0.05,1.8,2.23021427005522e-05,2.23021426500948e-05,2.23021426549189e-05,2.2207714974914555e-05,0.001842715472466404,0.0018427144898985326,9.82567866343766e-10,-3.69613072924737e-19,-2.40840344145435e-19,-1.2877272877930197e-19,-5.7740070449578345e-15,0,0,2.267711747956433e-15
n24_vd_0p05,n24,0.05,1.85,2.37575880072119e-05,2.37575879700474e-05,2.37575879716907e-05,2.362958809832245e-05,0.002346195485024549,0.002346194805648414,6.793761260396645e-10,2.41554979434864e-17,-2.40958997936729e-19,2.439645694142313e-17,1.0268911546147358e-12,0,0,1.7204680268613523e-15
n24_vd_0p05,n24,0.05,1.9000000000000001,2.5189810390377e-05,2.5189810362678e-05,2.51898103604787e-05,2.5027688364714974e-05,0.0028041598048355832,0.0028041593272805166,4.775550679274279e-10,1.92534972297207e-18,-2.41073302912356e-19,2.166423025884426e-18,8.600394344747688e-14,0,0,1.2904918260898067e-15
n24_vd_0p05,n24,0.05,1.9500000000000002,2.65990175062104e-05,2.65990174852912e-05,2.65990174902368e-05,2.640227860630021e-05,0.0032241857201871383,0.0032241853786297036,3.4155745989874003e-10,5.9053499876588e-17,-2.41183672467231e-19,5.929468354905523e-17,2.2292057810723336e-12,0,0,9.980289907817185e-16
n24_vd_0p05,n24,0.05,2.0,2.79855049681905e-05,2.79855049522936e-05,2.79855049513197e-05,2.77536964006127e-05,0.0036123144822381814,0.003612314235541304,2.466968562478885e-10,-1.32093779827893e-17,-2.41290452210668e-19,-1.2968087530578633e-17,-4.633858689591309e-13,0,0,7.425066534326262e-16
n24_vd_0p05,n24,0.05,2.0500000000000003,2.93496298453962e-05,2.93496298332329e-05,2.93496298384544e-05,2.9082330252755065e-05,0.003973426449345128,0.003973426269361483,1.799836213187471e-10,-3.64596240510228e-17,-2.4139393444499e-19,-3.621823011657781e-17,-1.23402681132174e-12,0,0,5.62535847835968e-16
n24_vd_0p05,n24,0.05,2.1,3.06917689400433e-05,3.06917689306535e-05,3.06917689219691e-05,3.0388602583253062e-05,0.0043111904455344135,0.004311190312666931,1.3286749739707626e-10,1.41888975566982e-17,-2.41494380856336e-19,1.4430391937554536e-17,4.701713990535794e-13,0,0,4.712986549208549e-16
n24_vd_0p05,n24,0.05,2.15,3.20123380394137e-05,3.2012338032113e-05,3.20123380239988e-05,3.167295752920631e-05,0.004628775819758238,0.004628775720713494,9.904472404252896e-11,-6.77542161844371e-18,-2.41592002504007e-19,-6.533829615939703e-18,-2.041034806450353e-13,0,0,3.829256796901443e-16
n24_vd_0p05,n24,0.05,2.2,3.33117738385914e-05,3.33117738328885e-05,3.3311773841628e-05,3.293585240208527e-05,0.004928851556599829,0.004928851482249627,7.435017805772933e-11,2.40954650501608e-17,-2.41686975570672e-19,2.433715202573147e-17,7.305870935549988e-13,0,0,2.957342651130797e-16
n24_vd_0p05,n24,0.05,2.25,3.45905506798699e-05,3.4590550675433e-05,3.45905506714162e-05,3.4177722935051885e-05,0.005214351209175662,0.005214351153469082,5.570659406219642e-11,3.05174116489049e-17,-2.41779473438302e-19,3.0759191122343204e-17,8.892368153071667e-13,0,0,2.4144744915129514e-16
n24_vd_0p05,n24,0.05,2.3000000000000003,3.58491220883964e-05,3.58491220848444e-05,3.58491220878189e-05,3.539904359549254e-05,0.005486996166710547,0.0054869961236797705,4.3030750594779165e-11,-1.7427921084448e-17,-2.41869643053753e-19,-1.7186051441394247e-17,-4.793995066523493e-13,0,0,1.3822752724765144e-16
n24_vd_0p05,n24,0.05,2.35,3.70879418735836e-05,3.70879418708169e-05,3.70879418724282e-05,3.660024611289673e-05,0.005748727879327255,0.005748727846929584,3.239769021665262e-11,6.91686709562946e-18,-2.41957615550077e-19,7.158824711179538e-18,1.930229705416074e-13,0,0,1.7644258435811864e-16
n24_vd_0p05,n24,0.05,2.4000000000000004,3.83074607868524e-05,3.83074607847013e-05,3.8307460787742e-05,3.7781821482656784e-05,0.0060004740227381295,0.006000473998351003,2.4387166600590757e-11,-2.99398958855946e-17,-2.42043508645721e-19,-2.969785237694888e-17,-7.752498278040186e-13,0,0,1.641473667432642e-16
n24_vd_0p05,n24,0.05,2.45,3.9508124220718e-05,3.95081242189946e-05,3.95081242151613e-05,3.8944216910133015e-05,0.0062434351245655145,0.006243435105620962,1.8944550595465814e-11,-2.04278188944223e-17,-2.42127428619741e-19,-2.0185691465802558e-17,-5.109250784449478e-13,0,0,1.1478510719899613e-16
n24_vd_0p05,n24,0.05,2.5,4.06903705707678e-05,4.06903705694086e-05,4.06903705749606e-05,4.0087872274940155e-05,0.006478639010003252,0.006478638995496297,1.450700489245665e-11,7.26061300281792e-17,-2.42209471673632e-19,7.284833949985284e-17,1.790309070191189e-12,0,0,1.3846391405430398e-16
n24_vd_1,n24,1.0,0.0,2.90612420529305e-16,2.9062382431839e-16,-5.02936448575633e-15,2.946903477364404e-16,0.006051739499052871,0.0060346978822681365,1.7041616784648683e-05,-1.72421122145454e-19,-2.83274904408538e-19,1.10853782263084e-19,0.0003814339121132728,0,0,1.22079285659723e-19
n24_vd_1,n24,1.0,0.05,4.94976770257268e-16,4.95021946880024e-16,-5.02897938995219e-15,5.157587040594481e-16,0.01786174840993069,0.017822112079806256,3.963633012438342e-05,-2.53817854403601e-19,-2.83309559263404e-19,2.9491704859803014e-20,5.957656028319644e-05,0,1,1.246774040716543e-17
n24_vd_1,n24,1.0,0.1,1.10504279369677e-15,1.10506844691135e-15,-5.02769977976527e-15,1.1778072840437724e-15,0.027695139087277915,0.02768505719698129,1.0081890296634406e-05,-1.8027228086652e-19,-2.83347186642756e-19,1.0307490577623602e-19,9.327468001129601e-05,0,0,2.7798011610979912e-18
n24_vd_1,n24,1.0,0.15000000000000002,2.96849074438867e-15,2.96859849227303e-15,-5.02361533634169e-15,3.2080974005972126e-15,0.033711846211526716,0.033696082826556624,1.5763384970092237e-05,-2.73565197701079e-19,-2.83387950690283e-19,9.822752989203997e-21,3.3088856626356365e-06,0,0,1.9923219066473012e-20
n24_vd_1,n24,1.0,0.2,8.77172654982802e-15,8.77167885552348e-15,7.2199000671503e-15,9.553548129401101e-15,0.03707961135789103,0.037081972743585684,2.3613856946695037e-06,-4.9363875324429e-19,-2.83432032896282e-19,-2.10206720348008e-19,-2.3964251748186374e-05,0,0,-1.5057374471375698e-19
n24_vd_1,n24,1.0,0.25,2.71344537262734e-14,2.71344993790103e-14,1.94908694816113e-14,2.970196355022021e-14,0.03926407805271632,0.039263347368574286,7.306841420353739e-07,-5.04417173733886e-19,-2.83479636950502e-19,-2.2093753678338397e-19,-8.142311147788804e-06,0,0,-2.17624513482351e-19
n24_vd_1,n24,1.0,0.30000000000000004,8.60289725295106e-14,8.60292185754559e-14,9.71676477698146e-14,9.453497467946776e-14,0.04094777619594197,0.040946534099931875,1.2420960101002456e-06,-1.45729658208736e-19,-2.83530970166572e-19,1.37801311957836e-19,1.601796624910303e-06,0,0,3.444788378991351e-19
n24_vd_1,n24,1.0,0.35000000000000003,2.77099972431038e-13,2.77100038468371e-13,2.91078878164973e-13,3.055259984834844e-13,0.042411689508844476,0.04241158600957079,1.0349927373092104e-07,-9.34600197550062e-19,-2.83586324743151e-19,-6.510138728069109e-19,-2.3493821090942203e-06,0,0,-4.42183284400982e-19
n24_vd_1,n24,1.0,0.4,9.03064492082847e-13,9.03064492006012e-13,9.07964927237692e-13,9.988164816212853e-13,0.04376693366449875,0.04376693370144962,3.695085878309415e-11,-5.23124099627602e-19,-2.83645994925182e-19,-2.3947810470241997e-19,-2.6518383440196836e-07,0,0,-1.17363048494733e-19
n24_vd_1,n24,1.0,0.45,2.97080984043713e-12,2.97080984730826e-12,2.97724971914152e-12,3.2954856990729548e-12,0.04504457754513149,0.045044576540659985,1.004471549929569e-09,-7.23065558620619e-20,-2.83710331611518e-19,2.1140377574945608e-19,7.116031877334767e-08,0,0,5.17010936126303e-19
n24_vd_1,n24,1.0,0.5,9.84858989173511e-12,9.84858989897281e-12,9.86336427483366e-12,1.0955479105156758e-11,0.04625732165320115,0.046257321334039356,3.191617256984261e-10,-4.86302903575484e-18,-2.83779782605899e-19,-4.5792492531489414e-18,-4.649649645404109e-07,0,0,-4.462398474035741e-18
n24_vd_1,n24,1.0,0.55,3.28537571460073e-11,3.28537571673873e-11,3.28489341289431e-11,3.664310504786354e-11,0.047407225091210724,0.04740722480858806,2.8262268298681084e-10,3.91551272315065e-18,-2.83854961632164e-19,4.199367684782814e-18,1.2782001350370268e-07,0,0,4.2749926160054934e-18
n24_vd_1,n24,1.0,0.6000000000000001,1.10121035924701e-10,1.10121181638542e-10,1.10130964359594e-10,1.2312861887948793e-10,0.04848871985215614,0.0484881451874276,5.746647285495e-07,-8.18107244340976e-19,-2.83936764186437e-19,-5.34170480154539e-19,-4.85075143770144e-09,0,0,1.4507551492919044e-16
n24_vd_1,n24,1.0,0.65,3.70249626161476e-10,3.70249626162857e-10,3.70236667470461e-10,4.149330013921069e-10,0.04948334880663172,0.049483348805011866,1.6198772783131908e-12,-5.39585670802946e-18,-2.84026552181091e-19,-5.111830155848369e-18,-1.3806442450261633e-08,0,0,-5.192312869817899e-18
n24_vd_1,n24,1.0,0.7000000000000001,1.2459576235008e-09,1.24595762352597e-09,1.24596062786963e-09,1.399069216344918e-09,0.050335929231343814,0.050335929222570554,8.77325842511988e-12,1.49706357399083e-19,-2.8412644185889e-19,4.338327992579731e-19,3.481922587625875e-10,0,0,6.8734747042087e-20
n24_vd_1,n24,1.0,0.75,4.18331673879456e-09,4.18331673881029e-09,4.18331797440255e-09,4.704761013751972e-09,0.05101681927990525,0.051016819278272243,1.6329921318582662e-12,-3.1572224658846e-18,-2.84239863088132e-19,-2.8729826027964678e-18,-6.867714739700841e-10,0,0,2.246488206624612e-18
n24_vd_1,n24,1.0,0.8,1.39395871626907e-08,1.39395871627085e-08,1.39395769388279e-08,1.56896172280304e-08,0.05136243663536683,0.05136243663481225,5.545847260144413e-13,6.05856334519048e-19,-2.84372782274788e-19,8.90229116793836e-19,6.386337747328681e-11,0,0,9.08857934398161e-19
n24_vd_1,n24,1.0,0.8500000000000001,4.56373393024444e-08,4.5637339302455e-08,4.56373513593011e-08,5.1329390668562405e-08,0.05104579205065884,0.05104579205055801,1.007722202548068e-13,-7.1771932674023e-19,-2.84536382272454e-19,-4.3318294446777595e-19,-9.491853624439352e-12,0,0,-5.148368114001089e-19
n24_vd_1,n24,1.0,0.9,1.43907531153332e-07,1.43907531153344e-07,1.43907534981828e-07,1.612644508130846e-07,0.049455119338794026,0.04945511933875788,3.616227999574676e-14,-4.02007435544702e-18,-2.84751268035612e-19,-3.735323087411408e-18,-2.5956411436390693e-11,0,0,-4.23878430077159e-18
n24_vd_1,n24,1.0,0.9500000000000001,4.2162397182875e-07,4.21623971828958e-07,4.21623983446488e-07,4.6849454649041133e-07,0.0457792447203752,0.045779244720160935,2.1427356306808753e-13,-1.84359700364746e-18,-2.85049347940653e-19,-1.558547655706807e-18,-3.696534731993535e-12,0,0,-1.3543250911112878e-18
n24_vd_1,n24,1.0,1.0,1.09309446425591e-06,1.09309446425781e-06,1.09309446145718e-06,1.1981422113951527e-06,0.03985067402084238,0.039850674020087525,7.548755408172571e-13,-2.75273422361684e-18,-2.85460708554087e-19,-2.467273515062753e-18,-2.2571457415055012e-12,0,0,9.84015870593381e-19
n24_vd_1,n24,1.0,1.05,2.41802502079065e-06,2.41802502079407e-06,2.41802500066769e-06,2.608624767743373e-06,0.032950822937661536,0.03295082293704718,6.142765961940095e-13,-4.82054575928118e-19,-2.85984135133642e-19,-1.9607044079447597e-19,-8.108701899622494e-14,0,0,3.788376909225002e-18
n24_vd_1,n24,1.0,1.1,4.5632244886052e-06,4.56322448860558e-06,4.56322448173613e-06,4.852775966917087e-06,0.026718407665304016,0.026718407665267837,3.616227999574676e-14,-7.20244833327531e-18,-2.86582304944849e-19,-6.915866028330462e-18,-1.5155655930580344e-12,0,0,7.451956809907229e-18
n24_vd_1,n24,1.0,1.1500000000000001,7.54778204340424e-06,7.54778204340463e-06,7.54778203179413e-06,7.93685827683372e-06,0.021829274876121914,0.021829274876099446,2.246882997069101e-14,1.09710599776531e-17,-2.87213037467716e-19,1.1258273015120815e-17,1.4916001747769691e-12,0,0,1.1021837597443215e-17
n24_vd_1,n24,1.0,1.2000000000000002,1.12990457899854e-05,1.12990457899846e-05,1.12990457952652e-05,1.1782268651480932e-05,0.018187152359960778,0.01818715235999148,3.071382980972328e-14,7.72318626842985e-18,-2.87850284810865e-19,8.011036553240715e-18,7.090011583404366e-13,0,0,6.050137037108835e-18
n24_vd_1,n24,1.0,1.25,1.57163469008935e-05,1.57163469008934e-05,1.5716346893298e-05,1.628681678904476e-05,0.015484604748453172,0.015484604748455871,2.7001169063492124e-15,9.39799830569899e-18,-2.88483044688199e-19,9.686481350387188e-18,6.163316075592959e-13,0,0,9.546038389683198e-18
n24_vd_1,n24,1.0,1.3,2.07020218204056e-05,2.07020218204055e-05,2.07020218296157e-05,2.1353138851442223e-05,0.013448962116764508,0.013448962116766565,2.0733040530895722e-15,6.17689951333294e-18,-2.89108380479057e-19,6.466007893811997e-18,3.123370243692142e-13,0,0,4.685395471941146e-18
n24_vd_1,n24,1.0,1.35,2.61712868657022e-05,2.6171286927416e-05,2.61712869063689e-05,2.6897224497956436e-05,0.01188239001598487,0.011882388991886827,1.0240980246467575e-09,-1.19513599093916e-17,-2.89726606837552e-19,-1.1661633302554048e-17,-4.455888369149239e-13,0,0,6.644175861889804e-14
n24_vd_1,n24,1.0,1.4000000000000001,3.20536583838049e-05,3.20536584139982e-05,3.20536584190137e-05,3.2848955680812564e-05,0.0106439631561795,0.010643962747091004,4.090885405925092e-10,-1.03701731361297e-17,-2.90338961008651e-19,-1.0079834175121049e-17,-3.1446751085108805e-13,0,0,3.208110827329181e-14
n24_vd_1,n24,1.0,1.4500000000000002,3.82908045351654e-05,3.82908045544617e-05,3.82908045585829e-05,3.915028592785547e-05,0.009640446720760356,0.009640446501901573,2.1885874725096204e-10,4.93400880695484e-18,-2.90946829114903e-19,5.224955636069743e-18,1.364545795489409e-13,0,0,2.0175336790588216e-14
n24_vd_1,n24,1.0,1.5,4.48331760871941e-05,4.48345221047814e-05,4.48345221086777e-05,4.5753582315546504e-05,0.00882559679478418,0.008812558253089959,1.3038541694226648e-05,1.23878662497183e-17,-2.91551366175537e-19,1.2679417615893836e-17,2.8280479016283823e-13,0,0,1.0596638817705614e-09
n24_vd_1,n24,1.0,1.55,5.16436042296631e-05,5.16448780557685e-05,5.16448780477078e-05,5.2619210880010616e-05,0.008127786515922962,0.008117074466791005,1.0712049131974744e-05,-8.74529513204427e-18,-2.92153457413943e-19,-8.453141674630327e-18,-1.636782192708876e-13,0,0,1.0815464041021534e-09
n24_vd_1,n24,1.0,1.6,5.86885735208669e-05,5.86885738496379e-05,5.86885738297886e-05,5.9714048378650835e-05,0.007522961925498454,0.007522959492598421,2.4329000227633447e-09,1.16089130913257e-17,-2.9275373627178e-19,1.190166682759748e-17,2.0279359416860172e-13,0,0,3.350080193052253e-13
n24_vd_1,n24,1.0,1.6500000000000001,6.59364787533112e-05,6.59376257978903e-05,6.59376258018734e-05,6.701033677181186e-05,0.00701605003326562,0.007008495022630127,7.555010635481104e-06,-4.55846382616648e-18,-2.93352625535052e-19,-4.2651112006314275e-18,-6.468402750357886e-14,0,0,1.0678402228069026e-09
n24_vd_1,n24,1.0,1.7000000000000002,7.33669745570646e-05,7.33682995017238e-05,7.33682995110796e-05,7.448454887822485e-05,0.006565581380923405,0.006557738465741176,7.842915182158308e-06,-5.93291736110062e-18,-2.93950380768717e-19,-5.638966980331903e-18,-7.685835733727772e-14,0,0,1.2766678825961404e-09
n24_vd_1,n24,1.0,1.75,8.09603062276725e-05,8.09603067626191e-05,8.09603067606876e-05,8.211639049578664e-05,0.006157709097626131,0.006157706228017965,2.8696081531503304e-09,-1.04243486822857e-17,-2.94547132120706e-19,-1.0129801550164994e-17,-1.251205924881959e-13,0,0,5.290766437651931e-13
n24_vd_1,n24,1.0,1.8,8.86949495211858e-05,8.86963554201471e-05,8.86963554232077e-05,8.988872248322711e-05,0.005806317304533677,0.005799433380192263,6.8839243413313825e-06,-9.95394198000166e-18,-2.95142947067043e-19,-9.658799032934616e-18,-1.088973609702643e-13,0,0,1.396000807381793e-09
n24_vd_1,n24,1.0,1.85,9.65599971359992e-05,9.65613835151876e-05,9.65613834967426e-05,9.778663477085616e-05,0.005482256367794244,0.005476020943945012,6.235423849274514e-06,7.51034161865606e-18,-2.95737812017711e-19,7.806079430673772e-18,8.084059223784835e-14,0,0,1.3860984896611278e-09
n24_vd_1,n24,1.0,1.9000000000000001,0.000104542333691825,0.000104542334142533,0.000104542334159997,0.00010579709914733133,0.005181569335908842,0.005181567463557367,1.8723515127428142e-09,-3.70374659807412e-17,-2.9633167985093e-19,-3.674113430089027e-17,-3.514474265592484e-13,0,0,4.4468670568641284e-13
n24_vd_1,n24,1.0,1.9500000000000002,0.000112626277083942,0.000112627760364804,0.000112627760370842,0.00011390877009573419,0.0049174341515976425,0.004911714558725651,5.719592872028181e-06,-5.11381925423038e-18,-2.96924471984299e-19,-4.816894782246081e-18,-4.2768272818744186e-14,0,0,1.4951265898529245e-09
n24_vd_1,n24,1.0,2.0,0.000120806122643998,0.000120807579783041,0.000120807579787003,0.0001221116440942934,0.004668132993062534,0.004662894652360946,5.238340701601854e-06,8.62445050045413e-18,-2.97516090586807e-19,8.921966591040937e-18,7.385270532746328e-14,0,0,1.4719169441060561e-09
n24_vd_1,n24,1.0,2.0500000000000003,0.000129072869565499,0.000129072869917625,0.000129072869927263,0.00013039685509361648,0.0044321517684647194,0.004432150583658164,1.1848065716852986e-09,-1.63162026468029e-17,-2.98106426719431e-19,-1.6018096220083467e-17,-1.2410118586738097e-13,0,0,3.476352808758797e-13
n24_vd_1,n24,1.0,2.1,0.000137414263135178,0.000137415598717535,0.000137415598703626,0.00013875650909665464,0.004221551757182886,0.0042173307016988345,4.221055484078689e-06,-1.25930595256434e-17,-2.98695408201894e-19,-1.2294364117441506e-17,-8.946847542914847e-14,0,0,1.3535844421673254e-09
n24_vd_1,n24,1.0,2.15,0.000145827456198195,0.000145828717394488,0.000145828717389321,0.00014718354486550496,0.0040199584864526895,0.004016202484418515,3.756002034191546e-06,-1.50166772003528e-17,-2.99282876717066e-19,-1.4717394323635734e-17,-1.0092246977543546e-13,0,0,1.2795273250955729e-09
n24_vd_1,n24,1.0,2.2,0.000154305814318908,0.000154305814544144,0.000154305814540604,0.0001556715536851944,0.003826969125998812,0.003826968492071018,6.339278537106965e-10,-8.06526606701976e-18,-2.99868715345653e-19,-7.765397351674107e-18,-5.0324722853866094e-14,0,0,2.2209636019606034e-13
n24_vd_1,n24,1.0,2.25,0.000162840018915143,0.000162841090400878,0.000162841090389896,0.0001642148148531436,0.0036511908384609646,0.003648333194410762,2.857644050202181e-06,-6.98433790927083e-18,-3.0045280725197e-19,-6.68388510201886e-18,-4.1045445504968336e-14,0,0,1.0899436517422928e-09
n24_vd_1,n24,1.0,2.3000000000000003,0.00017142927161018,0.00017142927176749,0.000171429271781164,0.00017280811834082536,0.003479161454068559,0.0034791610555434623,3.9852510466821303e-10,3.2999296513449e-17,-3.01035037768565e-19,3.3300331551217565e-17,1.9425114047257282e-13,0,0,1.5489713560939075e-13
n24_vd_1,n24,1.0,2.35,0.000180064651311592,0.000180065533798872,0.000180065533804082,0.0001814466821972118,0.003320567051724695,0.0033184386027809588,2.1284489437150745e-06,4.57004129302182e-18,-3.01615294230592e-19,4.8716565872524116e-18,2.705490875724119e-14,0,0,9.002536907087412e-10
n24_vd_1,n24,1.0,2.4000000000000004,0.000188744651596901,0.000188745452531718,0.000188745452524332,0.00019012611689691876,0.003167124336551501,0.0031652814189884254,1.842917563078459e-06,8.33207220335048e-19,-3.0219346827127e-19,1.135400688606318e-18,6.0155128156823695e-15,0,0,8.181601854362585e-10
n24_vd_1,n24,1.0,2.45,0.000197464937529181,0.000197464937616522,0.000197464937604254,0.00019884236053442953,0.003018918007149156,0.003018917815055724,1.920934526984523e-10,9.60671856090528e-18,-3.02769453996671e-19,9.90948801490195e-18,5.0183531995671207e-14,0,0,8.570032134348991e-14
n24_vd_1,n24,1.0,2.5,0.000206219550730656,0.00020622019259286,0.000206220192604127,0.00020759165251685237,0.0028800497111542284,0.0028786979635700783,1.3517475842201809e-06,-3.64749321969929e-17,-3.0334314874499e-19,-3.617158904824791e-17,-1.7540275078523173e-13,0,0,6.578884477417222e-10
