state,device,drain_voltage_V,gate_voltage_V,node_id,depth_um,lateral_um,sentaurus_psi_V,vela_psi_V,psi_difference_mV,sentaurus_phin_V,vela_phin_V,phin_difference_mV,sentaurus_barrier_proxy_V,vela_barrier_proxy_V,sentaurus_eDensity_cm_minus3,vela_eDensity_cm_minus3,electron_density_log10_ratio_dex,sentaurus_bgn_eV,total_ionized_impurity_cm_minus3,vela_old_slotboom_total_impurity_eV,old_slotboom_difference_meV,sentaurus_ni_eff_multiplier,vela_old_slotboom_ni_eff_multiplier,sentaurus_conduction_band_eV
n17_vd_0p05_vg_0,n17,0.05,0.0,349,0.0038005589949116165,-0.125,0.3519535939471386,0.34991370434389063,-2.0398896032479685,1.3675681370200732e-13,1.603161838066679e-13,2.355937010466059e-11,-0.3519535939470018,-0.3499137043437303,1.3948329206221168e+16,1.2890084265908166e+16,-0.03426643251218629,0.007911700056813015,1.1678330658634358e+17,0.007911700056813017,1.734723475976807e-15,1.1653472498396222,1.1653472498396222,0.19712639886652264
n17_vd_0p05_vg_0,n17,0.05,0.0,350,0.0038005589949116165,-0.12346298750000002,0.3485540473670782,0.3469432976281913,-1.610749738886863,1.5721522891498392e-13,1.8686694176009336e-13,2.965171284510944e-11,-0.34855404736692097,-0.34694329762800447,1.2740312020983596e+16,1.1970791625876104e+16,-0.027057193210852988,0.010027001635630362,1.3946751868506813e+17,0.010027001635630362,0.0,1.2140123557564888,1.2140123557564888,0.19946829465717408
n17_vd_0p05_vg_0,n17,0.05,0.0,368,0.0038005589949116165,-0.121925975,0.34146627924096656,0.34032589987674866,-1.1403793642179028,1.8814394416961854e-13,2.274401989300802e-13,3.929625476046166e-11,-0.34146627924077844,-0.34032589987652123,9576215587511444.0,9163019645120128.0,-0.019155297022380263,0.00944163491560373,1.3313974271736134e+17,0.009441634915603734,3.469446951953614e-15,1.2003454285051087,1.200345428505109,0.20684874614329962
n17_vd_0p05_vg_0,n17,0.05,0.0,369,0.0038005589949116165,-0.11885195000000003,0.3229278084389588,0.3221807071080921,-0.7471013308666952,3.367946513400006e-13,4.2741364739758355e-13,9.061899605758293e-11,-0.322927808438622,-0.32218070710766467,4493746137479735.0,4365762187322780.5,-0.012548459396026218,0.0073995545240832395,1.1129498394595365e+17,0.00739955452408324,8.673617379884035e-16,1.153861073907462,1.153861073907462,0.22640825714106746
n17_vd_0p05_vg_0,n17,0.05,0.0,383,0.0038005589949116165,-0.11270390000000001,0.27702250102436016,0.2765974578499889,-0.4250431743712535,2.737202780627316e-12,3.5695818431621277e-12,8.323790625348119e-10,-0.27702250102162296,-0.2765974578464193,726215001938281.4,714376622456205.5,-0.0071379821103964135,0.004974691040982344,8.38687029386412e+16,0.004974691040982343,-8.673617379884035e-16,1.10099555506988,1.10099555506988,0.2735259962972169
n17_vd_0p05_vg_0,n17,0.05,0.0,384,0.0038005589949116165,-0.09890192,0.1545076196943088,0.15415059278806956,-0.35702690623923283,9.96243308667688e-10,1.2029626513111435e-09,2.0671934264345544e-07,-0.15450761869806548,-0.1541505915851069,6235860943065.018,6150372513262.663,-0.0059950013066310875,0.004021197268619831,7.145266388316912e+16,0.00402119726861983,-8.673617379884035e-16,1.0808777338875324,1.0808777338875324,0.3965176245134497
n17_vd_0p05_vg_0,n17,0.05,0.0,394,0.0038005589949116165,-0.08340976,0.048210829287305766,0.04778560059648942,-0.4252286908163483,1.8640731118177218e-07,2.047683891034925e-07,1.8361077921720318e-05,-0.04821064287999458,-0.04778539582810031,101734374373.07588,100075319512.40282,-0.007140733327004296,0.0038166893156336115,6.855883823865458e+16,0.003816689315633612,4.3368086899420177e-16,1.0766109168524962,1.0766109168524962,0.502916668896946
n17_vd_0p05_vg_0,n17,0.05,0.0,395,0.0038005589949116165,-0.06602039,-0.03295223728338187,-0.0333967873771116,-0.4445500937297342,1.1972840234862417e-05,1.2749185121007515e-05,0.0007763448861450985,0.03296421012361673,0.03340953656223261,4391151678.74808,4316190705.371443,-0.007477813541030581,0.0036724531927375885,6.645505669939338e+16,0.003672453192737589,4.3368086899420177e-16,1.073611733231848,1.073611733231848,0.5841518535290816
n17_vd_0p05_vg_0,n17,0.05,0.0,401,0.0038005589949116165,-0.04650150000000001,-0.08996861423969392,-0.09032124169787441,-0.3526274581804878,0.00027445570233290245,0.00028579635197646224,0.011340649643559795,0.09024306994202683,0.09060703804985087,478102547.2638472,471422354.07020813,-0.006110885358178948,0.0035754585905194885,6.5008424451527016e+16,0.003575458590519489,4.3368086899420177e-16,1.0715995692053601,1.0715995692053601,0.6412167277865018
n17_vd_0p05_vg_0,n17,0.05,0.0,402,0.0038005589949116165,-0.024592270000000003,-0.12438175026630131,-0.12442662726653521,-0.04487700023389496,0.002590926357688074,0.002669097264572991,0.07817090688491722,0.1269726766239894,0.1270957245311082,115346843.86104362,114800087.64608818,-0.00206349615236154,0.003517718100093456,6.41343293499081e+16,0.0035177181000934574,1.3010426069826053e-15,1.0704035273376478,1.0704035273376478,0.6756587340583229
n17_vd_0p05_vg_0,n17,0.05,0.0,404,0.0038005589949116165,0.0,-0.1356673672837061,-0.13486561137206135,0.801755911644747,0.012850393794647117,0.012978180897877448,0.12778710323033127,0.1485177610783532,0.1478437922699388,50106483.45466282,51430385.909845,0.011325858680049188,0.0034974506255842524,6.382514671928378e+16,0.0034974506255842524,0.0,1.0699840215944685,1.0699840215944685,0.6869544848129819
n17_vd_0p05_vg_0,n17,0.05,0.0,1122,0.0038005589949116165,0.125,0.389679007175212,0.38736226125064255,-2.31674592456943,0.049999999999862994,0.049999999999837216,-2.5777990853015353e-11,-0.339679007175349,-0.3373622612508053,8675972579818982.0,7932330354870010.0,-0.038917377954303174,0.007911700056813015,1.1678330658634358e+17,0.007911700056813017,1.734723475976807e-15,1.1653472498396222,1.1653472498396222,0.15940098563844976
n17_vd_0p05_vg_0,n17,0.05,0.0,1123,0.0038005589949116165,0.12346298750000002,0.38595543848395175,0.38412032615769837,-1.8351123262533853,0.04999999999984063,0.049999999999807615,-3.301525719479059e-11,-0.33595543848411114,-0.3341203261578908,7825871513815224.0,7289645881280435.0,-0.030826281783528853,0.010027001635630362,1.3946751868506813e+17,0.010027001635630362,0.0,1.2140123557564888,1.2140123557564888,0.16206690354030087
n17_vd_0p05_vg_0,n17,0.05,0.0,1139,0.0038005589949116165,0.121925975,0.3781806174329697,0.37687562265327595,-1.3049947796937578,0.049999999999804534,0.04999999999976032,-4.421463195569686e-11,-0.3281806174331652,-0.32687562265351566,5728020722776770.0,5446078603284348.0,-0.021920675264947467,0.00944163491560373,1.3313974271736134e+17,0.009441634915603734,3.469446951953614e-15,1.2003454285051087,1.200345428505109,0.1701344079512966
n17_vd_0p05_vg_0,n17,0.05,0.0,1140,0.0038005589949116165,0.11885195000000003,0.35792291557912964,0.3570731798299165,-0.8497357492131541,0.049999999999615886,0.04999999999950605,-1.0983575160494752e-10,-0.30792291557951373,-0.30707317983041044,2514996498131193.5,2433687362984596.5,-0.01427259766281964,0.0073995545240832395,1.1129498394595365e+17,0.00739955452408324,8.673617379884035e-16,1.153861073907462,1.153861073907462,0.19141315000089681
n17_vd_0p05_vg_0,n17,0.05,0.0,1152,0.0038005589949116165,0.11270390000000001,0.30815581022978,0.30769639814280525,-0.4594120869747531,0.0499999999959269,0.04999999999469892,-1.2279829930683661e-09,-0.2581558102338531,-0.25769639814810635,350040830238707.56,343877219320695.5,-0.007715298980993919,0.004974691040982344,8.38687029386412e+16,0.004974691040982343,-8.673617379884035e-16,1.10099555506988,1.10099555506988,0.24239268709179684
n17_vd_0p05_vg_0,n17,0.05,0.0,1153,0.0038005589949116165,0.09890192,0.1769944690413028,0.17664047059327376,-0.35399844802905256,0.0499999977280121,0.0499999972728862,-4.551259022433918e-07,-0.12699447131329072,-0.12664047332038755,2151274393688.678,2122031245883.7703,-0.005944033518461303,0.004021197268619831,7.145266388316912e+16,0.00402119726861983,-8.673617379884035e-16,1.0808777338875324,1.0808777338875324,0.3740307751664553
n17_vd_0p05_vg_0,n17,0.05,0.0,1161,0.0038005589949116165,0.08340976,0.06367084914217791,0.06325182959014937,-0.4190195520285406,0.04999939976743709,0.04999933901177948,-6.0755657615985115e-05,-0.013671449374740817,-0.013252490578369892,26744513611.51652,26314777979.43211,-0.007034993835991247,0.0038166893156336115,6.855883823865458e+16,0.003816689315633612,4.3368086899420177e-16,1.0766109168524962,1.0766109168524962,0.4874566490420737
n17_vd_0p05_vg_0,n17,0.05,0.0,1162,0.0038005589949116165,0.06602039,-0.022824538603449355,-0.02326467195012124,-0.4401333466718844,0.04995112684293123,0.049947658928566535,-0.003467914364695124,0.07277566544638059,0.07321233087868778,941402415.3727479,925642123.8589032,-0.007332198105649317,0.0036724531927375885,6.645505669939338e+16,0.003672453192737589,4.3368086899420177e-16,1.073611733231848,1.073611733231848,0.5740241548491485
n17_vd_0p05_vg_0,n17,0.05,0.0,1166,0.0038005589949116165,0.04650150000000001,-0.0839054011412016,-0.08425525365067202,-0.3498525094704219,0.04865378629961734,0.048597107617668424,-0.05667868194891845,0.13255918744081893,0.13285236126834044,93033947.13366903,91985627.97450463,-0.004921469503292242,0.0035754585905194885,6.5008424451527016e+16,0.003575458590519489,4.3368086899420177e-16,1.0715995692053601,1.0715995692053601,0.6351535146880097
n17_vd_0p05_vg_0,n17,0.05,0.0,1167,0.0038005589949116165,0.024592270000000003,-0.12154458992668382,-0.12158799166309411,-0.043401736410292324,0.03661896993643941,0.03637585068536211,-0.24311925107730475,0.15816355986312325,0.15796384234845623,34516110.266858734,34784091.404895574,0.0033588158997052498,0.003517718100093456,6.41343293499081e+16,0.0035177181000934574,1.3010426069826053e-15,1.0704035273376478,1.0704035273376478,0.6728215737187055
n17_vd_0p05_vg_0p05,n17,0.05,0.05,349,0.0038005589949116165,-0.125,0.3637181299170325,0.36193119079189706,-1.786939125135445,2.497924279017407e-12,5.91550227368797e-13,-1.90637405164861e-09,-0.36371812991453456,-0.36193119079130553,2.1986582477577732e+16,2.051826541081587e+16,-0.03001708602904872,0.007911700056813015,1.1678330658634358e+17,0.007911700056813017,1.734723475976807e-15,1.1653472498396222,1.1653472498396222,0.18536186289662926
n17_vd_0p05_vg_0p05,n17,0.05,0.05,350,0.0038005589949116165,-0.12346298750000002,0.3605723654878171,0.3591664887995644,-1.4058766882527052,2.771231255762705e-12,6.853893260293565e-13,-2.0858419297333484e-09,-0.3605723654850459,-0.359166488798879,2.028051400621449e+16,1.9207172872179484e+16,-0.02361551270404425,0.010027001635630362,1.3946751868506813e+17,0.010027001635630362,0.0,1.2140123557564888,1.2140123557564888,0.18744997653643558
n17_vd_0p05_vg_0p05,n17,0.05,0.05,368,0.0038005589949116165,-0.121925975,0.35410400089028266,0.353110968809252,-0.9930320810306315,2.964656272321756e-12,8.239179716049017e-13,-2.1407383007168542e-09,-0.354104000887318,-0.3531109688084281,1.5613430390298194e+16,1.5025132919847026e+16,-0.01668000869336522,0.00944163491560373,1.3313974271736134e+17,0.009441634915603734,3.469446951953614e-15,1.2003454285051087,1.200345428505109,0.19421102449398375
n17_vd_0p05_vg_0p05,n17,0.05,0.05,369,0.0038005589949116165,-0.11885195000000003,0.3371361985792803,0.3364757979940784,-0.6604005852018924,3.3697834081441567e-12,1.4588477048621124e-12,-1.9109357032820445e-09,-0.3371361985759105,-0.33647579799261956,7785724374875678.0,7589392824903854.0,-0.011091992672747084,0.0073995545240832395,1.1129498394595365e+17,0.00739955452408324,8.673617379884035e-16,1.153861073907462,1.153861073907462,0.21219986700074597
n17_vd_0p05_vg_0p05,n17,0.05,0.05,383,0.0038005589949116165,-0.11270390000000001,0.29469207567972344,0.2942911979085778,-0.400877771145669,9.121697842871331e-12,9.93600951720344e-12,8.143116743321084e-10,-0.29469207567060174,-0.2942911978986418,1438470823861136.0,1416344774285986.8,-0.0067320731019980895,0.004974691040982344,8.38687029386412e+16,0.004974691040982343,-8.673617379884035e-16,1.10099555506988,1.10099555506988,0.2558564216418538
n17_vd_0p05_vg_0p05,n17,0.05,0.05,384,0.0038005589949116165,-0.09890192,0.1792920929982726,0.17892900670093978,-0.3630862973328097,1.9066223501911173e-09,2.3216066859098174e-09,4.1498433571870013e-07,-0.17929209109165023,-0.1789290043793331,16265121277657.867,16038377632642.72,-0.00609687089183032,0.004021197268619831,7.145266388316912e+16,0.00402119726861983,-8.673617379884035e-16,1.0808777338875324,1.0808777338875324,0.3717331512094854
n17_vd_0p05_vg_0p05,n17,0.05,0.05,394,0.0038005589949116165,-0.08340976,0.07806355002320382,0.07763238987162606,-0.4311601515777641,2.689460164138021e-07,2.9626902120118593e-07,2.732300478738383e-05,-0.07806328107718741,-0.07763209360260485,322827152603.10297,317489553335.75085,-0.007240615718349277,0.0038166893156336115,6.855883823865458e+16,0.003816689315633612,4.3368086899420177e-16,1.0766109168524962,1.0766109168524962,0.4730639481610474
n17_vd_0p05_vg_0p05,n17,0.05,0.05,395,0.0038005589949116165,-0.06602039,0.00014944282856683372,-0.0002961212702659341,-0.44556409883276776,1.4791262234957876e-05,1.5681871792449304e-05,0.0008906095574914285,-0.00013465156633187585,0.0003118031420583834,15798466718.828218,15528091259.614168,-0.007496864856171232,0.0036724531927375885,6.645505669939338e+16,0.003672453192737589,4.3368086899420177e-16,1.073611733231848,1.073611733231848,0.5510501734171322
n17_vd_0p05_vg_0p05,n17,0.05,0.05,401,0.0038005589949116165,-0.04650150000000001,-0.05494491181463627,-0.05529341114238612,-0.3484993277498502,0.0003067012504836035,0.00031987219048728937,0.01317094000368585,0.05525161306511987,0.05561328333287341,1850767070.6430678,1825069375.3001544,-0.006072386119996665,0.0035754585905194885,6.5008424451527016e+16,0.003575458590519489,4.3368086899420177e-16,1.0715995692053601,1.0715995692053601,0.6061930253614445
n17_vd_0p05_vg_0p05,n17,0.05,0.05,402,0.0038005589949116165,-0.024592270000000003,-0.08838233162393934,-0.08841812594447054,-0.03579432053120446,0.0027059314475210627,0.0027866110139130717,0.08067956639200899,0.0910882630714604,0.09120473695838362,462207977.1110994,460133945.50608206,-0.001953162872587884,0.003517718100093456,6.41343293499081e+16,0.0035177181000934574,1.3010426069826053e-15,1.0704035273376478,1.0704035273376478,0.6396593154159607
n17_vd_0p05_vg_0p05,n17,0.05,0.05,404,0.0038005589949116165,0.0,-0.09936847954479723,-0.09855431981156496,0.8141597332322753,0.012958988675741662,0.01300467967571079,0.04569099996912761,0.11232746822053889,0.11155899948727574,203172157.41584495,209303973.63544133,0.012913281248726672,0.0034974506255842524,6.382514671928378e+16,0.0034974506255842524,0.0,1.0699840215944685,1.0699840215944685,0.6506555970740729
n17_vd_0p05_vg_0p05,n17,0.05,0.05,1122,0.0038005589949116165,0.125,0.4018009795467062,0.3997580369314896,-2.042942615216592,0.05000000000119821,0.049999999999407393,-1.7908174942959931e-09,-0.351800979545508,-0.3497580369320822,1.3866229355974008e+16,1.2812700043231434e+16,-0.034317720377171276,0.007911700056813015,1.1678330658634358e+17,0.007911700056813017,1.734723475976807e-15,1.1653472498396222,1.1653472498396222,0.14727901326695564
n17_vd_0p05_vg_0p05,n17,0.05,0.05,1123,0.0038005589949116165,0.12346298750000002,0.3983486661737745,0.3967369598116268,-1.6117063621476913,0.050000000001259634,0.04999999999930399,-1.9556439800894054e-09,-0.34834866617251486,-0.34673695981232283,1.2639497593642572e+16,1.1875626999333646e+16,-0.02707326313772809,0.010027001635630362,1.3946751868506813e+17,0.010027001635630362,0.0,1.2140123557564888,1.2140123557564888,0.14967367585047806
n17_vd_0p05_vg_0p05,n17,0.05,0.05,1139,0.0038005589949116165,0.121925975,0.3912010266199878,0.3900612372960816,-1.1397893239061818,0.05000000000118225,0.0499999999991448,-2.0374535392164717e-09,-0.3412010266188055,-0.3400612372969368,9478461840548846.0,9069690810291832.0,-0.019145383967426505,0.00944163491560373,1.3313974271736134e+17,0.009441634915603734,3.469446951953614e-15,1.2003454285051087,1.200345428505109,0.15711399876427842
n17_vd_0p05_vg_0p05,n17,0.05,0.05,1140,0.0038005589949116165,0.11885195000000003,0.3725106737056217,0.37176379455734293,-0.7468791482787562,0.050000000000487266,0.04999999999835141,-2.13585399366778e-09,-0.3225106737051344,-0.3217637945589915,4421819169482698.0,4295920665567148.0,-0.012544725630223783,0.0073995545240832395,1.1129498394595365e+17,0.00739955452408324,8.673617379884035e-16,1.153861073907462,1.153861073907462,0.17682539187440469
n17_vd_0p05_vg_0p05,n17,0.05,0.05,1152,0.0038005589949116165,0.11270390000000001,0.3261550658989426,0.32573004474278544,-0.4250211561571682,0.049999999990198774,0.049999999985612706,-4.586067636758173e-09,-0.27615506590874384,-0.2757300447571727,702251935939446.9,690804782460873.6,-0.007137609581849715,0.004974691040982344,8.38687029386412e+16,0.004974691040982343,-8.673617379884035e-16,1.10099555506988,1.10099555506988,0.2243934314226341
n17_vd_0p05_vg_0p05,n17,0.05,0.05,1153,0.0038005589949116165,0.09890192,0.20195106694041834,0.20159449951526973,-0.35656742514861284,0.04999999570464751,0.04999999479693246,-9.077150489589236e-07,-0.15195107123577084,-0.15159450471833727,5648697363335.583,5571357812616.053,-0.005987256133345233,0.004021197268619831,7.145266388316912e+16,0.00402119726861983,-8.673617379884035e-16,1.0808777338875324,1.0808777338875324,0.34907417726733986
n17_vd_0p05_vg_0p05,n17,0.05,0.05,1161,0.0038005589949116165,0.08340976,0.09362435487637008,0.09320091587960493,-0.42343899676515473,0.049999137068918474,0.04999904692780431,-9.014111416322246e-05,-0.043625217807451606,-0.043201868951800615,85199285831.32773,83816037038.04033,-0.007108831565421234,0.0038166893156336115,6.855883823865458e+16,0.003816689315633612,4.3368086899420177e-16,1.0766109168524962,1.0766109168524962,0.45750314330788133
n17_vd_0p05_vg_0p05,n17,0.05,0.05,1162,0.0038005589949116165,0.06602039,0.010347354350464173,0.009906983976026655,-0.44037037443751814,0.049939582374946785,0.04993551003484948,-0.004072340097305283,0.03959222802448261,0.04002852605882282,3398072332.4256425,3341230949.666412,-0.007326123556999186,0.0036724531927375885,6.645505669939338e+16,0.003672453192737589,4.3368086899420177e-16,1.073611733231848,1.073611733231848,0.5408522618952354
n17_vd_0p05_vg_0p05,n17,0.05,0.05,1166,0.0038005589949116165,0.04650150000000001,-0.04882844174358523,-0.04917377602702466,-0.34533428343943434,0.04850009710019899,0.048433070236824666,-0.06702686337432123,0.09732853884378422,0.09760684626384933,363488268.00149024,359599078.1629269,-0.004671828328554027,0.0035754585905194885,6.5008424451527016e+16,0.003575458590519489,4.3368086899420177e-16,1.0715995692053601,1.0715995692053601,0.6000765552903934
n17_vd_0p05_vg_0p05,n17,0.05,0.05,1167,0.0038005589949116165,0.024592270000000003,-0.0855113185847104,-0.08554549902498101,-0.03418044027062028,0.036215604311664325,0.03587429586245073,-0.3413084492135954,0.12172692289637471,0.12141979488743174,141296210.7518227,142986040.79951414,0.0051631257653619025,0.003517718100093456,6.41343293499081e+16,0.0035177181000934574,1.3010426069826053e-15,1.0704035273376478,1.0704035273376478,0.6367883023767321
n17_vd_0p05_vg_0p8,n17,0.05,0.8,349,0.0038005589949116165,-0.125,0.485103351720256,0.4824343933504409,-2.6689583698150665,0.00011949937551824766,0.00014065341999970214,0.021154044481454484,-0.48498385234473773,-0.4822937399304412,2.395149137506581e+18,2.1584523960325855e+18,-0.0451900857073331,0.007911700056813015,1.1678330658634358e+17,0.007911700056813017,1.734723475976807e-15,1.1653472498396222,1.1653472498396222,0.0639766410934059
n17_vd_0p05_vg_0p8,n17,0.05,0.8,350,0.0038005589949116165,-0.12346298750000002,0.4810635324298928,0.47927183676477964,-1.7916956651131688,0.00012797078400319105,0.00015050852064228757,0.02253773663909653,-0.48093556164588963,-0.47912132824413733,2.133496882239502e+18,1.9889142319391864e+18,-0.030475957121930956,0.010027001635630362,1.3946751868506813e+17,0.010027001635630362,0.0,1.2140123557564888,1.2140123557564888,0.06695880959435987
n17_vd_0p05_vg_0p8,n17,0.05,0.8,368,0.0038005589949116165,-0.121925975,0.480054903499669,0.4780122793164579,-2.042624183211106,0.00013766221290486514,0.00016185012239437405,0.02418790948950891,-0.47991724128676416,-0.4778504291940635,2.0280007699496484e+18,1.8721861452999992e+18,-0.03471908852702335,0.00944163491560373,1.3313974271736134e+17,0.009441634915603734,3.469446951953614e-15,1.2003454285051087,1.200345428505109,0.068260121884597
n17_vd_0p05_vg_0p8,n17,0.05,0.8,369,0.0038005589949116165,-0.11885195000000003,0.47954428031980867,0.47713928967234825,-2.4049906474604144,0.00016046841976849366,0.00018978060170810995,0.029312181939616294,-0.4793838119000402,-0.47694950907064015,1.9096517331049444e+18,1.7380469932894042e+18,-0.04089265662171018,0.0073995545240832395,1.1129498394595365e+17,0.00739955452408324,8.673617379884035e-16,1.153861073907462,1.153861073907462,0.06979178526021759
n17_vd_0p05_vg_0p8,n17,0.05,0.8,383,0.0038005589949116165,-0.11270390000000001,0.4780383865112842,0.47533627030184494,-2.702116209439276,0.00022142191927225776,0.00026596807361067685,0.044546154338419096,-0.47781696459201195,-0.47507030222823426,1.7150008123572884e+18,1.5421416702691937e+18,-0.04614005768294066,0.004974691040982344,8.38687029386412e+16,0.004974691040982343,-8.673617379884035e-16,1.10099555506988,1.10099555506988,0.07251011081029256
n17_vd_0p05_vg_0p8,n17,0.05,0.8,384,0.0038005589949116165,-0.09890192,0.4705863400987848,0.4681775135538561,-2.4088265449286883,0.00049066382281902,0.0005861267682974068,0.09546294547838681,-0.47009567627596577,-0.4675913867855587,1.248945179458293e+18,1.1336396506320132e+18,-0.04206834853744426,0.004021197268619831,7.145266388316912e+16,0.00402119726861983,-8.673617379884035e-16,1.0808777338875324,1.0808777338875324,0.08043890410897321
n17_vd_0p05_vg_0p8,n17,0.05,0.8,394,0.0038005589949116165,-0.08340976,0.46178055911218824,0.4595506932108376,-2.2298659013506583,0.0011128235326483772,0.0012473047760707136,0.13448124342233642,-0.4606677355795399,-0.45830338843476687,8.638595207696404e+17,7.883620886857495e+17,-0.03971739260981769,0.0038166893156336115,6.855883823865458e+16,0.003816689315633612,4.3368086899420177e-16,1.0766109168524962,1.0766109168524962,0.08934693907206337
n17_vd_0p05_vg_0p8,n17,0.05,0.8,395,0.0038005589949116165,-0.06602039,0.45231918752698075,0.4503120886049729,-2.007098922007844,0.002414696941441436,0.0026087398853368916,0.19404294389545546,-0.44990449058553933,-0.447703348719636,5.680898166738267e+17,5.2172466828983597e+17,-0.036975632770538905,0.0036724531927375885,6.645505669939338e+16,0.003672453192737589,4.3368086899420177e-16,1.073611733231848,1.073611733231848,0.09888042871871848
n17_vd_0p05_vg_0p8,n17,0.05,0.8,401,0.0038005589949116165,-0.04650150000000001,0.4435317312108424,0.4418385340040951,-1.6931972067472656,0.005037016546937372,0.005323147798600154,0.28613125166278197,-0.438494714663905,-0.43651538620549496,3.6469218140539885e+17,3.378136194060692e+17,-0.03324929787458908,0.0035754585905194885,6.5008424451527016e+16,0.003575458590519489,4.3368086899420177e-16,1.0715995692053601,1.0715995692053601,0.10771638233596592
n17_vd_0p05_vg_0p8,n17,0.05,0.8,402,0.0038005589949116165,-0.024592270000000003,0.4378307692059065,0.4366178157653469,-1.2129534405596054,0.010134071517909607,0.010523111654164575,0.3890401362549676,-0.4276966976879969,-0.42609470411118233,2.3990688992215418e+17,2.254926558000458e+17,-0.026910319058020875,0.003517718100093456,6.41343293499081e+16,0.0035177181000934574,1.3010426069826053e-15,1.0704035273376478,1.0704035273376478,0.11344621458611508
n17_vd_0p05_vg_0p8,n17,0.05,0.8,404,0.0038005589949116165,0.0,0.4384246605889342,0.43825126304935513,-0.17339753957906767,0.019278049059567544,0.019498950727098008,0.22090166753046397,-0.41914661152936666,-0.4187523123222571,1.7228097883604525e+17,1.6967404330988474e+17,-0.006621921451854837,0.0034974506255842524,6.382514671928378e+16,0.0034974506255842524,0.0,1.0699840215944685,1.0699840215944685,0.11286245694034186
n17_vd_0p05_vg_0p8,n17,0.05,0.8,1122,0.0038005589949116165,0.125,0.529889188026184,0.5275428144372506,-2.3463735889334147,0.04987937863419212,0.04985784709804403,-0.021531536148089447,-0.4800098093919919,-0.47768496733920657,1.975933398806533e+18,1.8060031479978322e+18,-0.03905379909873188,0.007911700056813015,1.1678330658634358e+17,0.007911700056813017,1.734723475976807e-15,1.1653472498396222,1.1653472498396222,0.019190804787477155
n17_vd_0p05_vg_0p8,n17,0.05,0.8,1123,0.0038005589949116165,0.12346298750000002,0.5261551405269095,0.5245336659837528,-1.6214745431566424,0.04987044718765134,0.0498474283196341,-0.02301886801723413,-0.47628469333925816,-0.4746862376641187,1.7822181004249981e+18,1.6753664448424433e+18,-0.02685103719663328,0.010027001635630362,1.3946751868506813e+17,0.010027001635630362,0.0,1.2140123557564888,1.2140123557564888,0.021867201497343235
n17_vd_0p05_vg_0p8,n17,0.05,0.8,1139,0.0038005589949116165,0.121925975,0.5250400651435477,0.5231895845963365,-1.850480547211264,0.04986020834090206,0.04983540415025055,-0.024804190651511737,-0.4751798568026457,-0.4733541804460859,1.6884318853532175e+18,1.5733138742437348e+18,-0.03066817253679616,0.00944163491560373,1.3313974271736134e+17,0.009441634915603734,3.469446951953614e-15,1.2003454285051087,1.200345428505109,0.023274960240718835
n17_vd_0p05_vg_0p8,n17,0.05,0.8,1140,0.0038005589949116165,0.11885195000000003,0.5240987295566314,0.5219063239898074,-2.192405566823985,0.04983579066972955,0.049805399987857636,-0.030390681871911296,-0.47426293888690185,-0.47210092400194975,1.566488734457847e+18,1.4408171542712097e+18,-0.0363184054389408,0.0073995545240832395,1.1129498394595365e+17,0.00739955452408324,8.673617379884035e-16,1.153861073907462,1.153861073907462,0.0252373360233953
n17_vd_0p05_vg_0p8,n17,0.05,0.8,1152,0.0038005589949116165,0.11270390000000001,0.5216207614141828,0.5191377319749502,-2.48302943923262,0.04976823346916961,0.049720825310911654,-0.047408158257954136,-0.4718525279450132,-0.4694169066640385,1.361652183780815e+18,1.2392285402459904e+18,-0.04091477995150303,0.004974691040982344,8.38687029386412e+16,0.004974691040982343,-8.673617379884035e-16,1.10099555506988,1.10099555506988,0.028927735907393944
n17_vd_0p05_vg_0p8,n17,0.05,0.8,1153,0.0038005589949116165,0.09890192,0.5110848282958793,0.5088470073952739,-2.237820900605425,0.04943869380491902,0.04933020260252679,-0.1084912023922302,-0.4616461344909603,-0.4595168047927471,9.007355355418866e+17,8.29522213387453e+17,-0.03576927644940119,0.004021197268619831,7.145266388316912e+16,0.00402119726861983,-8.673617379884035e-16,1.0808777338875324,1.0808777338875324,0.039940415911879135
n17_vd_0p05_vg_0p8,n17,0.05,0.8,1161,0.0038005589949116165,0.08340976,0.49708669110594095,0.495038814978025,-2.0478761279159596,0.048549829210924954,0.04839298614278806,-0.1568430681368957,-0.448536861895016,-0.44664582883523696,5.4032290703512544e+17,5.022123051810495e+17,-0.03176603031143836,0.0038166893156336115,6.855883823865458e+16,0.003816689315633612,4.3368086899420177e-16,1.0766109168524962,1.0766109168524962,0.054040807078310764
n17_vd_0p05_vg_0p8,n17,0.05,0.8,1162,0.0038005589949116165,0.06602039,0.4801730955395767,0.47836224308355335,-1.8108524560233596,0.046303016417668985,0.04607351712759811,-0.2294992900708781,-0.4338700791219077,-0.43228872595595524,3.055277770537339e+17,2.874002267704042e+17,-0.026563593776234684,0.0036724531927375885,6.645505669939338e+16,0.003672453192737589,4.3368086899420177e-16,1.073611733231848,1.073611733231848,0.07102652070612273
n17_vd_0p05_vg_0p8,n17,0.05,0.8,1166,0.0038005589949116165,0.04650150000000001,0.4624777018312583,0.46095338686221343,-1.524314969044871,0.041049308788420856,0.04075146273699713,-0.29784605142372383,-0.42142839304283747,-0.4202019241252163,1.8846244356766928e+17,1.797310260758447e+17,-0.02060176411352359,0.0035754585905194885,6.5008424451527016e+16,0.003575458590519489,4.3368086899420177e-16,1.0715995692053601,1.0715995692053601,0.08877041171554981
n17_vd_0p05_vg_0p8,n17,0.05,0.8,1167,0.0038005589949116165,0.024592270000000003,0.44742070408702017,0.4462959556332716,-1.1247484537485475,0.03130892374276939,0.03109926238074113,-0.2096613620282614,-0.4161117803442508,-0.4151966932525305,1.5325852482996934e+17,1.4792918924726515e+17,-0.015370763967945757,0.003517718100093456,6.41343293499081e+16,0.0035177181000934574,1.3010426069826053e-15,1.0704035273376478,1.0704035273376478,0.10385627970500161
n17_vd_0p05_vg_2p5,n17,0.05,2.5,349,0.0038005589949116165,-0.125,0.5686758706581934,0.5523141857556706,-16.361684902522768,0.003494632625140389,0.003699965956930375,0.20533333178998636,-0.565181238033053,-0.5486142197987403,5.328311166961839e+19,2.8072267943989346e+19,-0.2783120786999883,0.007911700056813015,1.1678330658634358e+17,0.007911700056813017,1.734723475976807e-15,1.1653472498396222,1.1653472498396222,-0.019595877844531952
n17_vd_0p05_vg_2p5,n17,0.05,2.5,350,0.0038005589949116165,-0.12346298750000002,0.5581048318557539,0.5503778477156687,-7.7269841400852135,0.003625190264592768,0.0038368288624132246,0.21163859782045644,-0.5544796415911611,-0.5465410188532555,3.669259222243117e+19,2.699087778641546e+19,-0.13336138571657147,0.010027001635630362,1.3946751868506813e+17,0.010027001635630362,0.0,1.2140123557564888,1.2140123557564888,-0.010082489831501234
n17_vd_0p05_vg_2p5,n17,0.05,2.5,368,0.0038005589949116165,-0.121925975,0.558992051169318,0.5500755194375894,-8.916531731728682,0.0037752806782023795,0.0039849273165129704,0.209646638310591,-0.5552167704911156,-0.5460905921210764,3.732886216310802e+19,2.6226075590645895e+19,-0.1533114435843098,0.00944163491560373,1.3313974271736134e+17,0.009441634915603734,3.469446951953614e-15,1.2003454285051087,1.200345428505109,-0.01067702578505163
n17_vd_0p05_vg_2p5,n17,0.05,2.5,369,0.0038005589949116165,-0.11885195000000003,0.5625695135363697,0.5529045280583086,-9.664985478061162,0.004089340151274595,0.0043113401148362875,0.22199996356169274,-0.5584801733850951,-0.5485931879434723,4.0711283464274354e+19,2.7772971450561806e+19,-0.16609244644591095,0.0073995545240832395,1.1129498394595365e+17,0.00739955452408324,8.673617379884035e-16,1.153861073907462,1.153861073907462,-0.013233447956343321
n17_vd_0p05_vg_2p5,n17,0.05,2.5,383,0.0038005589949116165,-0.11270390000000001,0.5660092332825747,0.5559194069814525,-10.089826301122207,0.004771087009635696,0.0050359367355381005,0.2648497259024043,-0.561238146272939,-0.5508834702459143,4.321940137229341e+19,2.8955391425546228e+19,-0.17394930701808842,0.004974691040982344,8.38687029386412e+16,0.004974691040982343,-8.673617379884035e-16,1.10099555506988,1.10099555506988,-0.015460735960998064
n17_vd_0p05_vg_2p5,n17,0.05,2.5,384,0.0038005589949116165,-0.09890192,0.5683175228346221,0.5582524745648324,-10.065048269789711,0.0066638848061843555,0.0070050600727528285,0.341175266568473,-0.5616536380284377,-0.5512474144920796,4.311711618817035e+19,2.8829322687798624e+19,-0.17481526688165835,0.004021197268619831,7.145266388316912e+16,0.00402119726861983,-8.673617379884035e-16,1.0808777338875324,1.0808777338875324,-0.01729227862686395
n17_vd_0p05_vg_2p5,n17,0.05,2.5,394,0.0038005589949116165,-0.08340976,0.5705655498327192,0.5604829998813824,-10.082549951336839,0.009159754160005154,0.00948526082051743,0.3255066605122765,-0.5614057956727141,-0.5509977390608649,4.253714577660384e+19,2.843952152460815e+19,-0.17484606016626303,0.0038166893156336115,6.855883823865458e+16,0.003816689315633612,4.3368086899420177e-16,1.0766109168524962,1.0766109168524962,-0.01943805164846759
n17_vd_0p05_vg_2p5,n17,0.05,2.5,395,0.0038005589949116165,-0.06602039,0.5733564285269561,0.5632438684663703,-10.112560060585807,0.012213893117942007,0.01250652985919903,0.29263674125702344,-0.5611425354090142,-0.5507373386071713,4.198887479512135e+19,2.807606377321987e+19,-0.1747980164875886,0.0036724531927375885,6.645505669939338e+16,0.003672453192737589,4.3368086899420177e-16,1.073611733231848,1.073611733231848,-0.022156812281256773
n17_vd_0p05_vg_2p5,n17,0.05,2.5,401,0.0038005589949116165,-0.04650150000000001,0.5767234307132268,0.5665774127047908,-10.146018008436064,0.015830918951246987,0.016082951226625817,0.2520322753788301,-0.5608925117619799,-0.5504944614781649,4.1506804991971475e+19,2.776139881986822e+19,-0.17467795939192846,0.0035754585905194885,6.5008424451527016e+16,0.003575458590519489,4.3368086899420177e-16,1.0715995692053601,1.0715995692053601,-0.025475317166418834
n17_vd_0p05_vg_2p5,n17,0.05,2.5,402,0.0038005589949116165,-0.024592270000000003,0.5807113284226628,0.5705329121731966,-10.178416249466249,0.02003694496936989,0.020238826542304605,0.20188157293471454,-0.5606743834532929,-0.550294085630892,4.1112123644310405e+19,2.7516309162933158e+19,-0.17437973044054764,0.003517718100093456,6.41343293499081e+16,0.0035177181000934574,1.3010426069826053e-15,1.0704035273376478,1.0704035273376478,-0.02943434463064165
n17_vd_0p05_vg_2p5,n17,0.05,2.5,404,0.0038005589949116165,0.0,0.5853595787160786,0.5752136003551546,-10.145978360924012,0.02485174591998378,0.024865921021335027,0.014175101351245056,-0.5605078327960948,-0.5503476793338196,4.0832102518801646e+19,2.756260591394998e+19,-0.17068146744231033,0.0034974506255842524,6.382514671928378e+16,0.0034974506255842524,0.0,1.0699840215944685,1.0699840215944685,-0.03407246118680298
n17_vd_0p05_vg_2p5,n17,0.05,2.5,1122,0.0038005589949116165,0.125,0.6106402060779104,0.5941353095632362,-16.50489651467413,0.04648354733545095,0.046277862355840575,-0.20568497961037657,-0.5641566587424595,-0.5478574472073957,5.121266800031235e+19,2.7262412235555705e+19,-0.2738131211547454,0.007911700056813015,1.1678330658634358e+17,0.007911700056813017,1.734723475976807e-15,1.1653472498396222,1.1653472498396222,-0.061560213264248785
n17_vd_0p05_vg_2p5,n17,0.05,2.5,1123,0.0038005589949116165,0.12346298750000002,0.5998766636761684,0.5918398413166369,-8.036822359531515,0.046350748514710015,0.046139046380048544,-0.2117021346614706,-0.5535259151614584,-0.5457007949365884,3.5363601889812197e+19,2.612774135243812e+19,-0.13145462461805502,0.010027001635630362,1.3946751868506813e+17,0.010027001635630362,0.0,1.2140123557564888,1.2140123557564888,-0.0518543216519159
n17_vd_0p05_vg_2p5,n17,0.05,2.5,1139,0.0038005589949116165,0.121925975,0.6004420621691485,0.5912453092323349,-9.196752936813656,0.046198123088181595,0.04598866483772415,-0.20945825045744215,-0.5542439390809669,-0.5452566443946107,3.595024885128756e+19,2.5393560773659705e+19,-0.15097829752918737,0.00944163491560373,1.3313974271736134e+17,0.009441634915603734,3.469446951953614e-15,1.2003454285051087,1.200345428505109,-0.05212703678488222
n17_vd_0p05_vg_2p5,n17,0.05,2.5,1140,0.0038005589949116165,0.11885195000000003,0.603378810031096,0.5934117300012676,-9.967080029828379,0.04587861520191589,0.045657149878997334,-0.22146532291855703,-0.55750019482918,-0.5477545801222702,3.919691400583863e+19,2.688650529708959e+19,-0.16371751975137258,0.0073995545240832395,1.1129498394595365e+17,0.00739955452408324,8.673617379884035e-16,1.153861073907462,1.153861073907462,-0.054042744451069574
n17_vd_0p05_vg_2p5,n17,0.05,2.5,1152,0.0038005589949116165,0.11270390000000001,0.6054665120381376,0.5949873480439635,-10.479163994174145,0.04518448187985787,0.044920770173364814,-0.2637117064930583,-0.5602820301582797,-0.5500665778705986,4.165016254348011e+19,2.8054740264754917e+19,-0.17161044832838923,0.004974691040982344,8.38687029386412e+16,0.004974691040982343,-8.673617379884035e-16,1.10099555506988,1.10099555506988,-0.05491801471656073
n17_vd_0p05_vg_2p5,n17,0.05,2.5,1153,0.0038005589949116165,0.09890192,0.6040208336445441,0.5934107186919442,-10.610114952599892,0.043250843267793014,0.042914284209918774,-0.3365590578742403,-0.560769990376751,-0.5504964344820253,4.166823226735635e+19,2.8003900786526347e+19,-0.17258654599889797,0.004021197268619831,7.145266388316912e+16,0.00402119726861983,-8.673617379884035e-16,1.0808777338875324,1.0808777338875324,-0.05299558943678581
n17_vd_0p05_vg_2p5,n17,0.05,2.5,1161,0.0038005589949116165,0.08340976,0.6013326093043659,0.5907242494983561,-10.608359806009826,0.040706500679671936,0.04039048213300892,-0.3160185466630147,-0.560626108624694,-0.5503337673653472,4.1273393434896245e+19,2.7718393243826713e+19,-0.17290212551202738,0.0038166893156336115,6.855883823865458e+16,0.003816689315633612,4.3368086899420177e-16,1.0766109168524962,1.0766109168524962,-0.05020511112011463
n17_vd_0p05_vg_2p5,n17,0.05,2.5,1162,0.0038005589949116165,0.06602039,0.5981018688354695,0.5875122806150544,-10.589588220415003,0.037599330369475145,0.037320326649205475,-0.2790037202696702,-0.5605025384659943,-0.550191953965849,4.0962151489849e+19,2.7489963391406387e+19,-0.17320859789394386,0.0036724531927375885,6.645505669939338e+16,0.003672453192737589,4.3368086899420177e-16,1.073611733231848,1.073611733231848,-0.046902252589770196
n17_vd_0p05_vg_2p5,n17,0.05,2.5,1166,0.0038005589949116165,0.04650150000000001,0.5943596281139853,0.5837968206898818,-10.562807424103537,0.03393055527897988,0.03369618479423201,-0.23437048474787142,-0.5604290728350054,-0.5501006358956498,4.076935793671855e+19,2.7341690734397415e+19,-0.1735085053146821,0.0035754585905194885,6.5008424451527016e+16,0.003575458590519489,4.3368086899420177e-16,1.0715995692053601,1.0715995692053601,-0.043111514567177434
n17_vd_0p05_vg_2p5,n17,0.05,2.5,1167,0.0038005589949116165,0.024592270000000003,0.5901086278528721,0.57959009167056,-10.518536182312133,0.029683775712795582,0.029503591179907657,-0.18018453288792466,-0.5604248521400765,-0.5500865004906523,4.071720593430033e+19,2.729624474532499e+19,-0.17367506501587113,0.003517718100093456,6.41343293499081e+16,0.0035177181000934574,1.3010426069826053e-15,1.0704035273376478,1.0704035273376478,-0.038831644060850636
n17_vd_1_vg_0,n17,1.0,0.0,349,0.0038005589949116165,-0.125,0.3521513686299371,0.35011609437600405,-2.0352742539330726,1.0279951823795451e-12,1.186970953329348e-12,1.589757709498028e-10,-0.3521513686289091,-0.35011609437481706,1.4055446874266216e+16,1.2991394155118878e+16,-0.03418889863937454,0.007911700056813015,1.1678330658634358e+17,0.007911700056813017,1.734723475976807e-15,1.1653472498396222,1.1653472498396222,0.1969286241837243
n17_vd_1_vg_0,n17,1.0,0.0,350,0.0038005589949116165,-0.12346298750000002,0.3488203038187977,0.3472116725657148,-1.608631253082915,1.1700101072866833e-12,1.369194381082566e-12,1.9918427379588272e-10,-0.3488203038176277,-0.3472116725643456,1.2872205860389482e+16,1.209571016087217e+16,-0.027021605000607542,0.010027001635630362,1.3946751868506813e+17,0.010027001635630362,0.0,1.2140123557564888,1.2140123557564888,0.19920203820545457
n17_vd_1_vg_0,n17,1.0,0.0,368,0.0038005589949116165,-0.121925975,0.3418103359635956,0.3406703244890008,-1.1400114745948042,1.3837098495842962e-12,1.6447002488640152e-12,2.6099039927971906e-10,-0.3418103359622119,-0.3406703244873561,9704514521649410.0,9285914839763962.0,-0.019149117763000004,0.00944163491560373,1.3313974271736134e+17,0.009441634915603734,3.469446951953614e-15,1.2003454285051087,1.200345428505109,0.20650468942067068
n17_vd_1_vg_0,n17,1.0,0.0,369,0.0038005589949116165,-0.11885195000000003,0.3234696320157542,0.3227240436913449,-0.7455883244092965,2.3865854963375828e-12,2.9809007505315673e-12,5.943152541939846e-10,-0.3234696320133676,-0.322724043688364,4588923010287658.0,4458489291319363.0,-0.012523043606128798,0.0073995545240832395,1.1129498394595365e+17,0.00739955452408324,8.673617379884035e-16,1.153861073907462,1.153861073907462,0.2258664335642718
n17_vd_1_vg_0,n17,1.0,0.0,383,0.0038005589949116165,-0.11270390000000001,0.2781538071098506,0.2777325482278182,-0.421258882032427,1.8062277863969418e-11,2.335065868102387e-11,5.288380817054452e-09,-0.27815380709178833,-0.2777325482044675,758700420965336.6,746441733584959.8,-0.007074412194842709,0.004974691040982344,8.38687029386412e+16,0.004974691040982343,-8.673617379884035e-16,1.10099555506988,1.10099555506988,0.27239469021172646
n17_vd_1_vg_0,n17,1.0,0.0,384,0.0038005589949116165,-0.09890192,0.15790526410134179,0.1575589746876037,-0.34628941373809896,5.951350046423298e-09,7.132145621467208e-09,1.1807955750439097e-06,-0.15790525814999173,-0.15755896755545806,7111713666845.717,7017131528017.168,-0.005814645714944054,0.004021197268619831,7.145266388316912e+16,0.00402119726861983,-8.673617379884035e-16,1.0808777338875324,1.0808777338875324,0.39311998010641674
n17_vd_1_vg_0,n17,1.0,0.0,394,0.0038005589949116165,-0.08340976,0.05480686778924665,0.05440095329394702,-0.405914495299628,9.9131795269051e-07,1.0750569507183206e-06,8.373899802781057e-05,-0.05480587647129396,-0.0543998782369963,131299413453.21178,129254418806.91533,-0.006817386794974216,0.0038166893156336115,6.855883823865458e+16,0.003816689315633612,4.3368086899420177e-16,1.0766109168524962,1.0766109168524962,0.4963206303950048
n17_vd_1_vg_0,n17,1.0,0.0,395,0.0038005589949116165,-0.06602039,-0.021896836571441723,-0.022313036450051865,-0.416199878610142,5.340449321640565e-05,5.636106414765093e-05,0.0029565709312452775,0.02195024106465813,0.022369397514199515,6723648600.439064,6615562828.264689,-0.007038209424159688,0.0036724531927375885,6.645505669939338e+16,0.003672453192737589,4.3368086899420177e-16,1.073611733231848,1.073611733231848,0.5730964528171414
n17_vd_1_vg_0,n17,1.0,0.0,401,0.0038005589949116165,-0.04650150000000001,-0.07209761567934436,-0.07241304843025999,-0.3154327509156257,0.0009845003489994933,0.0010163154652869382,0.03181511628744488,0.07308211602834386,0.07342936389554693,928565289.1757358,916183354.5282799,-0.0058300480831125125,0.0035754585905194885,6.5008424451527016e+16,0.003575458590519489,4.3368086899420177e-16,1.0715995692053601,1.0715995692053601,0.6233457292261526
n17_vd_1_vg_0,n17,1.0,0.0,402,0.0038005589949116165,-0.024592270000000003,-0.09504674831578899,-0.09505003068500534,-0.0032823692163452822,0.00761888774870408,0.007824503789436763,0.20561604073268247,0.10266563606449307,0.1028745344744421,295356203.0993853,292981571.30815864,-0.003505792517602964,0.003517718100093456,6.41343293499081e+16,0.0035177181000934574,1.3010426069826053e-15,1.0704035273376478,1.0704035273376478,0.6463237321078105
n17_vd_1_vg_0,n17,1.0,0.0,404,0.0038005589949116165,0.0,-0.08558360555442159,-0.08475558457748673,0.8280209769348512,0.033418392807214134,0.03391993182511619,0.5015390179020571,0.11900199836163572,0.11867551640260293,156941211.6810385,158937087.78447497,0.0054882498430795035,0.0034974506255842524,6.382514671928378e+16,0.0034974506255842524,0.0,1.0699840215944685,1.0699840215944685,0.6368707230836973
n17_vd_1_vg_0,n17,1.0,0.0,1122,0.0038005589949116165,0.125,1.0600925267443142,1.0512145551081102,-8.877971636203963,0.9999999999794712,0.999999999946258,-3.321320996008126e-08,-0.060092526764843,-0.05121455516185225,174369772106.8266,123688950070.96861,-0.14914029690428365,0.007911700056813015,1.1678330658634358e+17,0.007911700056813017,1.734723475976807e-15,1.1653472498396222,1.1653472498396222,-0.5110125339306527
n17_vd_1_vg_0,n17,1.0,0.0,1123,0.0038005589949116165,0.12346298750000002,1.048954714225538,1.041655172735266,-7.299541490271899,0.999999999917508,0.9999999997938598,-1.2364820278776278e-07,-0.04895471430803,-0.041655172941406304,118067918659.86685,89024204382.06029,-0.12262380638936762,0.010027001635630362,1.3946751868506813e+17,0.010027001635630362,0.0,1.2140123557564888,1.2140123557564888,-0.5009323722012852
n17_vd_1_vg_0,n17,1.0,0.0,1139,0.0038005589949116165,0.121925975,1.0278054832316221,1.0221635483700287,-5.641934861593478,0.9999999996591578,0.9999999991522346,-5.06923170107143e-07,-0.027805483572464373,-0.022163549217794065,51513794531.76417,41413922857.17507,-0.09477717121504846,0.00944163491560373,1.3313974271736134e+17,0.009441634915603734,3.469446951953614e-15,1.2003454285051087,1.200345428505109,-0.4794904578473563
n17_vd_1_vg_0,n17,1.0,0.0,1140,0.0038005589949116165,0.11885195000000003,0.9757366782522389,0.9717085032052114,-4.02817504702746,0.9999999926018759,0.9999999819941175,-1.0607758338387896e-05,0.024263314349637022,0.028291478788906144,6607746278.521969,5654399440.841128,-0.06766687389494269,0.0073995545240832395,1.1129498394595365e+17,0.00739955452408324,8.673617379884035e-16,1.153861073907462,1.153861073907462,-0.42640061267221213
n17_vd_1_vg_0,n17,1.0,0.0,1152,0.0038005589949116165,0.11270390000000001,0.857207319438415,0.8550229193438795,-2.184400094535466,0.9999963965469951,0.9999918423057091,-0.004554241285981142,0.14278907710858013,0.14496892296182962,64348713.96337127,59145776.14023494,-0.03661613657169895,0.004974691040982344,8.38687029386412e+16,0.004974691040982343,-8.673617379884035e-16,1.10099555506988,1.10099555506988,-0.3066588221168382
n17_vd_1_vg_0,n17,1.0,0.0,1153,0.0038005589949116165,0.09890192,0.5813838004740123,0.5802769254538545,-1.106875020157827,0.8690632585376605,0.860088132292531,-8.975126245129527,0.28767945806364825,0.27981120683867655,232530.10029732945,315256.5153758984,0.1321848919268031,0.004021197268619831,7.145266388316912e+16,0.00402119726861983,-8.673617379884035e-16,1.0808777338875324,1.0808777338875324,-0.030358556266254083
n17_vd_1_vg_0,n17,1.0,0.0,1161,0.0038005589949116165,0.08340976,0.35062333972473375,0.349752842322235,-0.8704974024987266,0.5757363319584937,0.5704114657123046,-5.324866246189108,0.22511299223375997,0.22065862339006959,2605145.2151517845,3095037.7127592512,0.0748340086168951,0.0038166893156336115,6.855883823865458e+16,0.003816689315633612,4.3368086899420177e-16,1.0766109168524962,1.0766109168524962,0.20050415845951797
n17_vd_1_vg_0,n17,1.0,0.0,1162,0.0038005589949116165,0.06602039,0.1754367421515554,0.1747267436725063,-0.7099984790491232,0.36157680047886176,0.35805873048571846,-3.5180699931433024,0.18614005832730635,0.18333198681321217,11731052.9349209,13077186.304156158,0.04717731646414184,0.0036724531927375885,6.645505669939338e+16,0.003672453192737589,4.3368086899420177e-16,1.073611733231848,1.073611733231848,0.375762874094144
n17_vd_1_vg_0,n17,1.0,0.0,1166,0.0038005589949116165,0.04650150000000001,0.04857932336604985,0.04809566404977145,-0.48365931627840364,0.20403450939657106,0.2018996101629009,-2.134899233670162,0.15545518603052122,0.15380394611312945,38371213.35151193,40902404.88600028,0.027743310995856363,0.0035754585905194885,6.5008424451527016e+16,0.003575458590519489,4.3368086899420177e-16,1.0715995692053601,1.0715995692053601,0.5026687901807582
n17_vd_1_vg_0,n17,1.0,0.0,1167,0.0038005589949116165,0.024592270000000003,-0.03728905922679742,-0.037367726229233275,-0.07866700243585462,0.09674524896106436,0.09590302500585779,-0.8422239552065697,0.13403430818786177,0.13327075123509108,87775943.42693736,90407890.66698082,0.012830830695157305,0.003517718100093456,6.41343293499081e+16,0.0035177181000934574,1.3010426069826053e-15,1.0704035273376478,1.0704035273376478,0.5885660430188188
n17_vd_1_vg_0p05,n17,1.0,0.05,349,0.0038005589949116165,-0.125,0.3639130921346226,0.3621303717505095,-1.78272038411309,5.88975042409137e-12,4.483743384644073e-12,-1.406007039447297e-09,-0.36391309212873285,-0.36213037174602575,2.215302057783136e+16,2.0676962305918724e+16,-0.029946214880188428,0.007911700056813015,1.1678330658634358e+17,0.007911700056813017,1.734723475976807e-15,1.1653472498396222,1.1653472498396222,0.18516690067903863
n17_vd_1_vg_0p05,n17,1.0,0.05,350,0.0038005589949116165,-0.12346298750000002,0.3608368468803324,0.35943265810156644,-1.404188778765969,6.623061767140566e-12,5.148750911422438e-12,-1.474310855718128e-09,-0.36083684687370937,-0.35943265809641767,2.0489060766189828e+16,1.9405949309252264e+16,-0.023587157859777986,0.010027001635630362,1.3946751868506813e+17,0.010027001635630362,0.0,1.2140123557564888,1.2140123557564888,0.18718549514392036
n17_vd_1_vg_0p05,n17,1.0,0.05,368,0.0038005589949116165,-0.121925975,0.3544482146251361,0.35345505297030144,-0.9931616548346511,7.481144185686187e-12,6.120816665149489e-12,-1.3603275205366972e-09,-0.35444821461765497,-0.3534550529641806,1.5822710006493942e+16,1.5226450749250974e+16,-0.016682186461600763,0.00944163491560373,1.3313974271736134e+17,0.009441634915603734,3.469446951953614e-15,1.2003454285051087,1.200345428505109,0.19386681075912995
n17_vd_1_vg_0p05,n17,1.0,0.05,369,0.0038005589949116165,-0.11885195000000003,0.33768543170733945,0.3370260211977929,-0.659410509546543,1.0730725794009991e-11,1.0507518999221964e-11,-2.2320679478802705e-10,-0.3376854316966087,-0.33702602118728536,7952903943306234.0,7752653523819886.0,-0.011075361775332271,0.0073995545240832395,1.1129498394595365e+17,0.00739955452408324,8.673617379884035e-16,1.153861073907462,1.153861073907462,0.2116506338726866
n17_vd_1_vg_0p05,n17,1.0,0.05,383,0.0038005589949116165,-0.11270390000000001,0.2958613541959943,0.2954638796495073,-0.39747454648697556,5.3523622744532703e-11,6.728143346809492e-11,1.3757810723562219e-08,-0.29586135414247067,-0.29546387958222586,1505026250281988.0,1482071547132221.8,-0.006674905095839061,0.004974691040982344,8.38687029386412e+16,0.004974691040982343,-8.673617379884035e-16,1.10099555506988,1.10099555506988,0.25468714312558255
n17_vd_1_vg_0p05,n17,1.0,0.05,384,0.0038005589949116165,-0.09890192,0.1828820193506721,0.18252936709993509,-0.35265225073702333,1.1712843198405687e-08,1.4144875864881609e-08,2.432032666475922e-06,-0.18288200763782891,-0.18252935295505923,18688104764068.03,18435020675036.754,-0.00592163105289745,0.004021197268619831,7.145266388316912e+16,0.00402119726861983,-8.673617379884035e-16,1.0808777338875324,1.0808777338875324,0.3681432248570862
n17_vd_1_vg_0p05,n17,1.0,0.05,394,0.0038005589949116165,-0.08340976,0.08504826500054212,0.08463588009852567,-0.4123849020164494,1.4648287478725902e-06,1.5907173840479745e-06,0.00012588863617538432,-0.08504680017179425,-0.08463428938114162,422949030103.92017,416256618272.00323,-0.006926881749350023,0.0038166893156336115,6.855883823865458e+16,0.003816689315633612,4.3368086899420177e-16,1.0766109168524962,1.0766109168524962,0.4660792331837092
n17_vd_1_vg_0p05,n17,1.0,0.05,395,0.0038005589949116165,-0.06602039,0.01182426518826682,0.011406029650526523,-0.4182355377402962,6.718383967527247e-05,7.053676507049352e-05,0.0033529253952210548,-0.011757081348591547,-0.011335492885456029,24766418122.245747,24365988574.267094,-0.00707916445865272,0.0036724531927375885,6.645505669939338e+16,0.003672453192737589,4.3368086899420177e-16,1.073611733231848,1.073611733231848,0.5393753510574326
n17_vd_1_vg_0p05,n17,1.0,0.05,401,0.0038005589949116165,-0.04650150000000001,-0.036183016558199714,-0.03649616421858603,-0.3131476603863148,0.0011143257986264098,0.001151508505149695,0.03718270652328516,0.03729734235682612,0.037647672723735724,3706553639.2167287,3656691754.4754505,-0.005881936905175544,0.0035754585905194885,6.5008424451527016e+16,0.003575458590519489,4.3368086899420177e-16,1.0715995692053601,1.0715995692053601,0.5874311301050076
n17_vd_1_vg_0p05,n17,1.0,0.05,402,0.0038005589949116165,-0.024592270000000003,-0.05785804796828976,-0.057855130998538166,0.0029169697515901705,0.008056311462488362,0.008280263315482962,0.2239518529946003,0.06591435943077811,0.06613539431402113,1223884623.6544735,1213474611.2394814,-0.003709784240369581,0.003517718100093456,6.41343293499081e+16,0.0035177181000934574,1.3010426069826053e-15,1.0704035273376478,1.0704035273376478,0.6091350317603114
n17_vd_1_vg_0p05,n17,1.0,0.05,404,0.0038005589949116165,0.0,-0.04785523545078622,-0.04701733497636898,0.8379004744172371,0.03407168312431176,0.03458328405272306,0.5116009284113001,0.08192691857509798,0.08160061902909205,658523136.3837931,666892931.8238777,0.00548507654311356,0.0034974506255842524,6.382514671928378e+16,0.0034974506255842524,0.0,1.0699840215944685,1.0699840215944685,0.5991423529800621
n17_vd_1_vg_0p05,n17,1.0,0.05,1122,0.0038005589949116165,0.125,1.0760960106356037,1.0675291348175067,-8.566875818097008,0.9999999999402388,0.9999999998369455,-1.032932628319827e-07,-0.07609601069536487,-0.06752913498056112,323830644575.575,232489734368.5901,-0.14391416300653623,0.007911700056813015,1.1678330658634358e+17,0.007911700056813017,1.734723475976807e-15,1.1653472498396222,1.1653472498396222,-0.5270160178219422
n17_vd_1_vg_0p05,n17,1.0,0.05,1123,0.0038005589949116165,0.12346298750000002,1.0653126998076285,1.0582682449885752,-7.0444548190533585,0.9999999997623479,0.9999999993938399,-3.685080018911435e-07,-0.06531270004528067,-0.05826824559473531,222297214629.3415,169276019535.5285,-0.11833858285223632,0.010027001635630362,1.3946751868506813e+17,0.010027001635630362,0.0,1.2140123557564888,1.2140123557564888,-0.5172903577833755
n17_vd_1_vg_0p05,n17,1.0,0.05,1139,0.0038005589949116165,0.121925975,1.0448094530969163,1.039366969084945,-5.442484011971338,0.9999999990494807,0.9999999976067686,-1.4427120609283861e-06,-0.04480945404743564,-0.03936697147817636,99443802622.11201,80565877981.59616,-0.09142657863488159,0.00944163491560373,1.3313974271736134e+17,0.009441634915603734,3.469446951953614e-15,1.2003454285051087,1.200345428505109,-0.4964944277126505
n17_vd_1_vg_0p05,n17,1.0,0.05,1140,0.0038005589949116165,0.11885195000000003,0.994258377893737,0.9903749387378027,-3.883439155934365,0.999999980881946,0.9999999529914079,-2.789053810126063e-05,0.005741602988208916,0.00962501425360518,13527092799.828829,11640437072.761528,-0.06523518200331356,0.0073995545240832395,1.1129498394595365e+17,0.00739955452408324,8.673617379884035e-16,1.153861073907462,1.153861073907462,-0.4449223123137111
n17_vd_1_vg_0p05,n17,1.0,0.05,1152,0.0038005589949116165,0.11270390000000001,0.8788687607528668,0.8767708157955739,-2.0979449572928743,0.9999919778000934,0.999981583071671,-0.010394728422458144,0.12112321704722662,0.12321076727609703,148768287.94120944,137228609.60923865,-0.03506570196028882,0.004974691040982344,8.38687029386412e+16,0.004974691040982343,-8.673617379884035e-16,1.10099555506988,1.10099555506988,-0.32832026343128967
n17_vd_1_vg_0p05,n17,1.0,0.05,1153,0.0038005589949116165,0.09890192,0.6089246256417301,0.6078701386395788,-1.054487002151272,0.8532522608763998,0.8448132136348261,-8.43904724157374,0.24432763523466972,0.23694307499524725,1243820.9750626946,1655072.3750594708,0.12405911367020431,0.004021197268619831,7.145266388316912e+16,0.00402119726861983,-8.673617379884035e-16,1.0808777338875324,1.0808777338875324,-0.057899381433972226
n17_vd_1_vg_0p05,n17,1.0,0.05,1161,0.0038005589949116165,0.08340976,0.38246297998852213,0.3816301532260303,-0.8328267624918562,0.5667219683369081,0.5615607069164545,-5.161261420453589,0.184258988348386,0.17993055369042427,12651706.696807703,14957788.99850564,0.07271828741480064,0.0038166893156336115,6.855883823865458e+16,0.003816689315633612,4.3368086899420177e-16,1.0766109168524962,1.0766109168524962,0.16866451819572958
n17_vd_1_vg_0p05,n17,1.0,0.05,1162,0.0038005589949116165,0.06602039,0.21017100864666874,0.2094876787203841,-0.6833299262846426,0.3565035839087944,0.35309778933930935,-3.4057945694850322,0.14633257526212565,0.14361011061892526,54710841.41342791,60787245.089743435,0.04573906740779013,0.0036724531927375885,6.645505669939338e+16,0.003672453192737589,4.3368086899420177e-16,1.073611733231848,1.073611733231848,0.3410286075990306
n17_vd_1_vg_0p05,n17,1.0,0.05,1166,0.0038005589949116165,0.04650150000000001,0.08512872356317312,0.08466383747539888,-0.4648860877742439,0.20198803008514746,0.1999181309349801,-2.0698991501673647,0.11685930652197433,0.11525429345958121,170760683.47583714,181699823.34140375,0.02696662064835157,0.0035754585905194885,6.5008424451527016e+16,0.003575458590519489,4.3368086899420177e-16,1.0715995692053601,1.0715995692053601,0.4661193899836349
n17_vd_1_vg_0p05,n17,1.0,0.05,1167,0.0038005589949116165,0.024592270000000003,0.00022711581693378693,0.00016203461226912996,-0.06508120466465697,0.09667215735635097,0.09588785960290304,-0.7842977534479323,0.09644504153941719,0.09572582499063391,375705457.15879446,386307675.8480164,0.012085834286432725,0.003517718100093456,6.41343293499081e+16,0.0035177181000934574,1.3010426069826053e-15,1.0704035273376478,1.0704035273376478,0.5510498679750876
n17_vd_1_vg_0p8,n17,1.0,0.8,349,0.0038005589949116165,-0.125,0.4854151630057681,0.48279227625297233,-2.622886752795761,0.0004609693240814367,0.000531179484485555,0.07021016040411829,-0.48495419368168663,-0.4822610967684868,2.392402881847351e+18,2.155728651388386e+18,-0.04524022299511688,0.007911700056813015,1.1678330658634358e+17,0.007911700056813017,1.734723475976807e-15,1.1653472498396222,1.1653472498396222,0.06366482980789344
n17_vd_1_vg_0p8,n17,1.0,0.8,350,0.0038005589949116165,-0.12346298750000002,0.48140494453469945,0.4796612055956603,-1.7437389390391744,0.0004934563334429163,0.0005682079284661303,0.07475159502321405,-0.4809114882012565,-0.47909299766719415,2.1315110891743424e+18,1.9867358231228022e+18,-0.03054747372637912,0.010027001635630362,1.3946751868506813e+17,0.010027001635630362,0.0,1.2140123557564888,1.2140123557564888,0.06661739748955353
n17_vd_1_vg_0p8,n17,1.0,0.8,368,0.0038005589949116165,-0.121925975,0.4804260985152807,0.47843503751020294,-1.9910610050777322,0.0005306289160745718,0.0006108437778965562,0.08021486182198444,-0.4798954695992061,-0.4778241937323064,2.0262935743617093e+18,1.8702871528144223e+18,-0.03479407656918137,0.00944163491560373,1.3313974271736134e+17,0.009441634915603734,3.469446951953614e-15,1.2003454285051087,1.200345428505109,0.06788892686898561
n17_vd_1_vg_0p8,n17,1.0,0.8,369,0.0038005589949116165,-0.11885195000000003,0.47998729912788296,0.4776448098695957,-2.3424892582872836,0.0006181389636903228,0.0007159700710149399,0.09783110732461713,-0.4793691601641926,-0.47692883979858075,1.908569735945746e+18,1.736657939863036e+18,-0.040993746737769066,0.0073995545240832395,1.1129498394595365e+17,0.00739955452408324,8.673617379884035e-16,1.153861073907462,1.153861073907462,0.06934876645214368
n17_vd_1_vg_0p8,n17,1.0,0.8,383,0.0038005589949116165,-0.11270390000000001,0.47870238964336165,0.47609306250108074,-2.609327142280904,0.0008520931351861411,0.0010031889342422872,0.1510957990561461,-0.4778502965081755,-0.47508987356683846,1.7172134512863793e+18,1.5433095955570834e+18,-0.04637122530951227,0.004974691040982344,8.38687029386412e+16,0.004974691040982343,-8.673617379884035e-16,1.10099555506988,1.10099555506988,0.07184610767821516
n17_vd_1_vg_0p8,n17,1.0,0.8,384,0.0038005589949116165,-0.09890192,0.47241715986813454,0.4701957817413945,-2.221378126740059,0.001878519081230851,0.0022064636579619654,0.32794457673111443,-0.47053864078690366,-0.4679893180834325,1.270529793785109e+18,1.1512243822955214e+18,-0.042824874521221926,0.004021197268619831,7.145266388316912e+16,0.00402119726861983,-8.673617379884035e-16,1.0808777338875324,1.0808777338875324,0.07860808433962382
n17_vd_1_vg_0p8,n17,1.0,0.8,394,0.0038005589949116165,-0.08340976,0.4663243233580414,0.46432284424227954,-2.0014791157618728,0.004230730860903941,0.0046703615918572226,0.4396307309532813,-0.4620935924971375,-0.4596524826504223,9.128438000319172e+17,8.305953908259616e+17,-0.04100695343346108,0.0038166893156336115,6.855883823865458e+16,0.003816689315633612,4.3368086899420177e-16,1.0766109168524962,1.0766109168524962,0.08480317482621019
n17_vd_1_vg_0p8,n17,1.0,0.8,395,0.0038005589949116165,-0.06602039,0.4619572162854645,0.46021652394077833,-1.7406923446861566,0.009039371022682478,0.00964134250153628,0.6019714788538019,-0.452917845262782,-0.4505751814392421,6.383210166801568e+17,5.830234699832973e+17,-0.03935310587076212,0.0036724531927375885,6.645505669939338e+16,0.003672453192737589,4.3368086899420177e-16,1.073611733231848,1.073611733231848,0.08924239996023495
n17_vd_1_vg_0p8,n17,1.0,0.8,401,0.0038005589949116165,-0.04650150000000001,0.46192970432657166,0.46056693480942623,-1.3627695171454235,0.01845543390626306,0.019339494712844102,0.8840608065810406,-0.44347427042030857,-0.4412274400965821,4.4215986824405856e+17,4.053555989953789e+17,-0.037743146051609985,0.0035754585905194885,6.5008424451527016e+16,0.003575458590519489,4.3368086899420177e-16,1.0715995692053601,1.0715995692053601,0.08931840922023665
n17_vd_1_vg_0p8,n17,1.0,0.8,402,0.0038005589949116165,-0.024592270000000003,0.47088372872064094,0.4701329113045646,-0.7508174160763548,0.03660745384613576,0.03802970609584801,1.4222522497122498,-0.43427627487450515,-0.4321032052087166,3.094388026610021e+17,2.8449247106243475e+17,-0.03650399443464659,0.003517718100093456,6.41343293499081e+16,0.0035177181000934574,1.3010426069826053e-15,1.0704035273376478,1.0704035273376478,0.08039325507138086
n17_vd_1_vg_0p8,n17,1.0,0.8,404,0.0038005589949116165,0.0,0.4964710974948527,0.49694753089718663,0.47643340233394227,0.07107835047883246,0.0729011158615555,1.8227653827230377,-0.42539274701602026,-0.4240464150356311,2.1936523759082662e+17,2.082343733829997e+17,-0.02261538647285228,0.0034974506255842524,6.382514671928378e+16,0.0034974506255842524,0.0,1.0699840215944685,1.0699840215944685,0.05481602003442282
n17_vd_1_vg_0p8,n17,1.0,0.8,1122,0.0038005589949116165,0.125,1.297547000283245,1.2941529815563957,-3.3940187268493016,0.9992858360634966,0.9990842255914246,-0.20161047207201133,-0.29826116421974835,-0.29506875596497106,1747949619935457.2,1544902852577853.0,-0.05362773600163843,0.007911700056813015,1.1678330658634358e+17,0.007911700056813017,1.734723475976807e-15,1.1653472498396222,1.1653472498396222,-0.7484670074695836
n17_vd_1_vg_0p8,n17,1.0,0.8,1123,0.0038005589949116165,0.12346298750000002,1.2918061028161287,1.2890824228728626,-2.7236799432661662,0.9988569376639189,0.9984940092842904,-0.3629283796284799,-0.2929491651522098,-0.2905884135885721,1482719479089138.8,1353326191836311.8,-0.039656506006888276,0.010027001635630362,1.3946751868506813e+17,0.010027001635630362,0.0,1.2140123557564888,1.2140123557564888,-0.7437837607918758
n17_vd_1_vg_0p8,n17,1.0,0.8,1139,0.0038005589949116165,0.121925975,1.2808861776572944,1.2788842447978634,-2.001932859430955,0.9978543765505631,0.9969915968534896,-0.8627796970734902,-0.2830318011067313,-0.28189264794437385,998936117678329.9,955879592417938.5,-0.01913452610482311,0.00944163491560373,1.3313974271736134e+17,0.009441634915603734,3.469446951953614e-15,1.2003454285051087,1.200345428505109,-0.7325711522730282
n17_vd_1_vg_0p8,n17,1.0,0.8,1140,0.0038005589949116165,0.11885195000000003,1.252950179650396,1.2515488879378414,-1.401291712554542,0.9838832344129215,0.9770438551389882,-6.839379273933299,-0.26906694523747443,-0.2745050327988532,559481458320075.6,690468701700219.8,0.09135829897532353,0.0073995545240832395,1.1129498394595365e+17,0.00739955452408324,8.673617379884035e-16,1.153861073907462,1.153861073907462,-0.7036141140703698
n17_vd_1_vg_0p8,n17,1.0,0.8,1152,0.0038005589949116165,0.11270390000000001,1.184718469424864,1.183849121737012,-0.8693476878520734,0.8821425929800277,0.876782461897627,-5.360131082400743,-0.3025758764448363,-0.30706665983938497,1951385639570769.5,2321599487297530.0,0.07544419453196968,0.004974691040982344,8.38687029386412e+16,0.004974691040982343,-8.673617379884035e-16,1.10099555506988,1.10099555506988,-0.6341699721032873
n17_vd_1_vg_0p8,n17,1.0,0.8,1153,0.0038005589949116165,0.09890192,1.004546905654516,1.003753512824088,-0.793392830428008,0.6619098102331525,0.6585933959020576,-3.3164143310949745,-0.34263709542136345,-0.3451601169220304,9022628666147436.0,9947643604624372.0,0.042387133376399384,0.004021197268619831,7.145266388316912e+16,0.00402119726861983,-8.673617379884035e-16,1.0808777338875324,1.0808777338875324,-0.45352166144675754
n17_vd_1_vg_0p8,n17,1.0,0.8,1161,0.0038005589949116165,0.08340976,0.8436914557918016,0.8427457066610488,-0.9457491307528487,0.47159972495277475,0.4693954311338653,-2.204293818909464,-0.37209173083902686,-0.3733502755271835,2.8082222484919516e+16,2.9483310583864788e+16,0.02114477164482416,0.0038166893156336115,6.855883823865458e+16,0.003816689315633612,4.3368086899420177e-16,1.0766109168524962,1.0766109168524962,-0.2925639576075498
n17_vd_1_vg_0p8,n17,1.0,0.8,1162,0.0038005589949116165,0.06602039,0.715173502503187,0.7141581530528716,-1.0153494503154503,0.3226684526759011,0.3215194406563599,-1.1490120195412068,-0.3925050498272859,-0.39263871239651166,6.168061157426643e+16,6.200064323719794e+16,0.0022475240189488315,0.0036724531927375885,6.645505669939338e+16,0.003672453192737589,4.3368086899420177e-16,1.073611733231848,1.073611733231848,-0.1639738862574875
n17_vd_1_vg_0p8,n17,1.0,0.8,1166,0.0038005589949116165,0.04650150000000001,0.6169662426403705,0.6160161826231685,-0.9500600172019924,0.2105326690960955,0.21023396491198595,-0.2987041841095439,-0.406433573544275,-0.4057822177111825,1.0551711127278429e+17,1.0289224604954066e+17,-0.010940245479427742,0.0035754585905194885,6.5008424451527016e+16,0.003575458590519489,4.3368086899420177e-16,1.0715995692053601,1.0715995692053601,-0.0657181290935627
n17_vd_1_vg_0p8,n17,1.0,0.8,1167,0.0038005589949116165,0.024592270000000003,0.5450870579488828,0.5444505540646201,-0.6365038842627291,0.12852635174355292,0.12905326890439042,0.5269171608374978,-0.41656070620532987,-0.41539728516022967,1.5594313645383373e+17,1.490814721802129e+17,-0.019542592089603544,0.003517718100093456,6.41343293499081e+16,0.0035177181000934574,1.3010426069826053e-15,1.0704035273376478,1.0704035273376478,0.006189925843138394
n17_vd_1_vg_2p5,n17,1.0,2.5,349,0.0038005589949116165,-0.125,0.586071852653285,0.5713373358239932,-14.734516829291833,0.0213583117302665,0.02310237618704727,1.7440644567807695,-0.5647135409230185,-0.5482349596369459,5.232781637873894e+19,2.7663441638526366e+19,-0.2768264019845548,0.007911700056813015,1.1678330658634358e+17,0.007911700056813017,1.734723475976807e-15,1.1653472498396222,1.1653472498396222,-0.036991859839623685
n17_vd_1_vg_2p5,n17,1.0,2.5,350,0.0038005589949116165,-0.12346298750000002,0.5763548427059731,0.5702148815752689,-6.139961130704252,0.02229869592771709,0.02411702379842838,1.8183278707112893,-0.5540561467782561,-0.5460978577768405,3.6096408550470857e+19,2.6532136950164386e+19,-0.13369176315877845,0.010027001635630362,1.3946751868506813e+17,0.010027001635630362,0.0,1.2140123557564888,1.2140123557564888,-0.028332500681720735
n17_vd_1_vg_2p5,n17,1.0,2.5,368,0.0038005589949116165,-0.121925975,0.5781572296135791,0.5708715987436419,-7.285630869937165,0.02343388368894161,0.025255576711711587,1.8216930227699761,-0.5547233459246375,-0.5456160220319303,3.6623140481732264e+19,2.574903052069302e+19,-0.15299470085652117,0.00944163491560373,1.3313974271736134e+17,0.009441634915603734,3.469446951953614e-15,1.2003454285051087,1.200345428505109,-0.029842204229312663
n17_vd_1_vg_2p5,n17,1.0,2.5,369,0.0038005589949116165,-0.11885195000000003,0.5838106330937728,0.5759349167910361,-7.875716302736646,0.02589706214153994,0.027884079450355724,1.9870173088157825,-0.5579135709522328,-0.5480508373406804,3.982871460024561e+19,2.7196389887820804e+19,-0.16568503196789602,0.0073995545240832395,1.1129498394595365e+17,0.00739955452408324,8.673617379884035e-16,1.153861073907462,1.153861073907462,-0.034474567513746716
n17_vd_1_vg_2p5,n17,1.0,2.5,383,0.0038005589949116165,-0.11270390000000001,0.5921636050012302,0.5843309630671552,-7.832641934075069,0.031606068028813564,0.034106724654823915,2.5006566260103518,-0.5605575369724166,-0.5502242384123313,4.209640530922789e+19,2.8226357178024243e+19,-0.17359017938055624,0.004974691040982344,8.38687029386412e+16,0.004974691040982343,-8.673617379884035e-16,1.10099555506988,1.10099555506988,-0.04161510767965336
n17_vd_1_vg_2p5,n17,1.0,2.5,384,0.0038005589949116165,-0.09890192,0.6101441297107182,0.6034476401174869,-6.696489593231325,0.049545855895855806,0.05319852225539975,3.652666359543942,-0.5605982738148624,-0.5502491178620871,4.139237677484333e+19,2.773727510595388e+19,-0.17385657057243736,0.004021197268619831,7.145266388316912e+16,0.00402119726861983,-8.673617379884035e-16,1.0808777338875324,1.0808777338875324,-0.059118885502960225
n17_vd_1_vg_2p5,n17,1.0,2.5,394,0.0038005589949116165,-0.08340976,0.6358720113977286,0.6299339638488534,-5.93804754887528,0.07610614824831231,0.08045533913228423,4.349190883971913,-0.5597658631494163,-0.5494786247165692,3.992258800387951e+19,2.681651192253108e+19,-0.1728163992730781,0.0038166893156336115,6.855883823865458e+16,0.003816689315633612,4.3368086899420177e-16,1.0766109168524962,1.0766109168524962,-0.08474451321347724
n17_vd_1_vg_2p5,n17,1.0,2.5,395,0.0038005589949116165,-0.06602039,0.670132736474352,0.6650772872183178,-5.0554492560341835,0.11146340243418243,0.11660939104227107,5.145988608088639,-0.5586693340401696,-0.5484678961760467,3.815805899191406e+19,2.571646472600154e+19,-0.17137500972540284,0.0036724531927375885,6.645505669939338e+16,0.003672453192737589,4.3368086899420177e-16,1.073611733231848,1.073611733231848,-0.11893312022865259
n17_vd_1_vg_2p5,n17,1.0,2.5,401,0.0038005589949116165,-0.04650150000000001,0.714520969049276,0.7106311249048909,-3.8898441443850906,0.15724475168185284,0.16344299683443558,6.198245152582743,-0.5572762173674232,-0.5471881280704554,3.608844937631856e+19,2.442853308065298e+19,-0.16947083337085034,0.0035754585905194885,6.5008424451527016e+16,0.003575458590519489,4.3368086899420177e-16,1.0715995692053601,1.0715995692053601,-0.16327285550246812
n17_vd_1_vg_2p5,n17,1.0,2.5,402,0.0038005589949116165,-0.024592270000000003,0.7720118965087924,0.7697721255743514,-2.2397709344410544,0.21650680516390783,0.22421990758714197,7.713102423234142,-0.5555050913448846,-0.5455522179872094,3.3661201244830003e+19,2.290500073317925e+19,-0.16719930028008256,0.003517718100093456,6.41343293499081e+16,0.0035177181000934574,1.3010426069826053e-15,1.0704035273376478,1.0704035273376478,-0.220734912716771
n17_vd_1_vg_2p5,n17,1.0,2.5,404,0.0038005589949116165,0.0,0.8472461622704773,0.8452248574167363,-2.0213048537410794,0.2940204697407266,0.30137790695416505,7.357437213438455,-0.5532256925297507,-0.5438469504625711,3.0808258493197095e+19,2.143447433165739e+19,-0.15755431237746745,0.0034974506255842524,6.382514671928378e+16,0.0034974506255842524,0.0,1.0699840215944685,1.0699840215944685,-0.29595904474120144
n17_vd_1_vg_2p5,n17,1.0,2.5,1122,0.0038005589949116165,0.125,1.5069362931000674,1.4959690872078932,-10.967205892174148,0.973901240888238,0.9721419958485981,-1.7592450396399784,-0.5330350522118293,-0.5238270913592952,1.5365876251095992e+19,1.076148165928126e+19,-0.15468526142328543,0.007911700056813015,1.1678330658634358e+17,0.007911700056813017,1.734723475976807e-15,1.1653472498396222,1.1653472498396222,-0.9578563002864059
n17_vd_1_vg_2p5,n17,1.0,2.5,1123,0.0038005589949116165,0.12346298750000002,1.496513580959005,1.4897872074572118,-6.726373501793281,0.9717590205693113,0.9699840666842519,-1.7749538850594382,-0.5247545603896938,-0.51980314077296,1.1620342297774438e+19,9.59489941914406e+18,-0.08317849465798972,0.010027001635630362,1.3946751868506813e+17,0.010027001635630362,0.0,1.2140123557564888,1.2140123557564888,-0.9484912389347527
n17_vd_1_vg_2p5,n17,1.0,2.5,1139,0.0038005589949116165,0.121925975,1.493509805258001,1.4862467461858055,-7.263059072195377,0.9688721905486096,0.9671469778603132,-1.7252126882963958,-0.5246376147093913,-0.5190997683254923,1.1437667177663144e+19,9.232247218853706e+18,-0.093030029549674,0.00944163491560373,1.3313974271736134e+17,0.009441634915603734,3.469446951953614e-15,1.2003454285051087,1.200345428505109,-0.9451947798737343
n17_vd_1_vg_2p5,n17,1.0,2.5,1140,0.0038005589949116165,0.11885195000000003,1.4882102393204157,1.4800090216419577,-8.20121767845805,0.961145653970444,0.9590317644942408,-2.113889476203279,-0.5270645853499717,-0.5209772571477169,1.2076916150704925e+19,9.543224248477153e+18,-0.10226092195044928,0.0073995545240832395,1.1129498394595365e+17,0.00739955452408324,8.673617379884035e-16,1.153861073907462,1.153861073907462,-0.9388741737403898
n17_vd_1_vg_2p5,n17,1.0,2.5,1152,0.0038005589949116165,0.11270390000000001,1.4661854230087794,1.4564704572598666,-9.71496574891284,0.9355647814655563,0.9323268111723696,-3.2379702931867316,-0.5306206415432231,-0.524143646087497,1.3222915294435604e+19,1.029248316446046e+19,-0.10880705057935197,0.004974691040982344,8.38687029386412e+16,0.004974691040982343,-8.673617379884035e-16,1.10099555506988,1.10099555506988,-0.9156369256872023
n17_vd_1_vg_2p5,n17,1.0,2.5,1153,0.0038005589949116165,0.09890192,1.3635703477266088,1.3546564178567282,-8.913929869880599,0.8272356458116102,0.825552328800006,-1.6833170116042906,-0.5363347019149985,-0.5291040890567222,1.619236278230338e+19,1.2241734163934149e+19,-0.12146728111379299,0.004021197268619831,7.145266388316912e+16,0.00402119726861983,-8.673617379884035e-16,1.0808777338875324,1.0808777338875324,-0.8125451035188502
n17_vd_1_vg_2p5,n17,1.0,2.5,1161,0.0038005589949116165,0.08340976,1.2485883194602032,1.240698189298908,-7.89013016129525,0.707993753731968,0.707960121348989,-0.03363238297904303,-0.5405945657282352,-0.532738067949919,1.9017569358711857e+19,1.4033736297991463e+19,-0.13198169721391267,0.0038166893156336115,6.855883823865458e+16,0.003816689315633612,4.3368086899420177e-16,1.0766109168524962,1.0766109168524962,-0.6974608212759515
n17_vd_1_vg_2p5,n17,1.0,2.5,1162,0.0038005589949116165,0.06602039,1.1375689356315106,1.1299920434477913,-7.576892183719375,0.5932905141980853,0.5940657115814462,0.7751973833608483,-0.5442784214334253,-0.5359263318663451,2.1869031060402352e+19,1.5831507024640969e+19,-0.1403072834417025,0.0036724531927375885,6.645505669939338e+16,0.003672453192737589,4.3368086899420177e-16,1.073611733231848,1.073611733231848,-0.5863693193858113
n17_vd_1_vg_2p5,n17,1.0,2.5,1166,0.0038005589949116165,0.04650150000000001,1.0336910306208775,1.0262552224350234,-7.435808185854098,0.48614040470506065,0.4874876821732273,1.3472774681666522,-0.5475506259158169,-0.5387675402617962,2.477339047332826e+19,1.763752894440265e+19,-0.14754770850006085,0.0035754585905194885,6.5008424451527016e+16,0.003575458590519489,4.3368086899420177e-16,1.0715995692053601,1.0715995692053601,-0.48244291707406955
n17_vd_1_vg_2p5,n17,1.0,2.5,1167,0.0038005589949116165,0.024592270000000003,0.9370721612186296,0.9301043793887319,-6.967781829897657,0.38656305830306403,0.38873710291428615,2.1740446112221146,-0.5505091029155655,-0.5413672764744457,2.7746019294808183e+19,1.948167916510166e+19,-0.15357429708152848,0.003517718100093456,6.41343293499081e+16,0.0035177181000934574,1.3010426069826053e-15,1.0704035273376478,1.0704035273376478,-0.3857951774266083
n21_vd_0p05_vg_0,n21,0.05,0.0,328,0.0038005600738759316,-0.125000012,0.34616240064624204,0.3443326952579632,-1.8297053882788683,5.143305283621498e-15,6.207933007916826e-15,1.0646277242953277e-12,-0.3461624006462369,-0.34433269525795696,1.1948962980014498e+16,1.1132552047675124e+16,-0.030735481358988206,0.011494691548784672,1.5571409966950314e+17,0.011494691548784672,0.0,1.2489675632530428,1.2489675632530428,0.20112609642143334
n21_vd_0p05_vg_0,n21,0.05,0.0,350,0.0038005600738759316,-0.12346298750000002,0.34152825791810165,0.34008759574304886,-1.440662175052787,6.1535973929042925e-15,8.000781985470913e-15,1.8471845925666206e-12,-0.3415282579180955,-0.34008759574304087,1.08445040793992e+16,1.0256752142736448e+16,-0.024199835664097644,0.015748409668554054,2.0793182574866336e+17,0.015748409668554054,0.0,1.3560659747868258,1.3560659747868258,0.2036333800896895
n21_vd_0p05_vg_0,n21,0.05,0.0,368,0.0038005600738759316,-0.121925975,0.3331390913751909,0.33210000753713986,-1.0390838380510137,8.449715823092461e-15,1.0998086811746908e-14,2.548370988654447e-12,-0.33313909137518244,-0.33210000753712887,7831510732962120.0,7523015483337286.0,-0.017453591806322253,0.015696939645764525,2.0724099554720272e+17,0.015696939645764525,0.0,1.3547167171224221,1.3547167171224221,0.21204828164399508
n21_vd_0p05_vg_0,n21,0.05,0.0,369,0.0038005600738759316,-0.11885195000000003,0.3115382818003008,0.3107011622553786,-0.8371195449222157,2.1537590875165025e-14,2.822053400571196e-14,6.682943130546934e-12,-0.31153828180027926,-0.3107011622553504,3291158773516936.5,3186310971950984.0,-0.014060675184140642,0.014075556643690281,1.86288020412684e+17,0.014075556643690278,-3.469446951953614e-15,1.312893421441877,1.312893421441877,0.23445978271992216
n21_vd_0p05_vg_0,n21,0.05,0.0,383,0.0038005600738759316,-0.11270390000000001,0.2575072392130386,0.25673940835610704,-0.7678308569315506,3.1323647624627e-13,4.080248213143986e-13,9.478834506812861e-11,-0.25750723921272534,-0.25673940835569903,389033404490680.0,377650774287894.8,-0.012896514318708615,0.011732571094860561,1.5841305110437603e+17,0.011732571094860561,0.0,1.2547270469656016,1.2547270469656016,0.28966231808159915
n21_vd_0p05_vg_0,n21,0.05,0.0,384,0.0038005600738759316,-0.09890192,0.11016891657480538,0.10928443243116574,-0.8844841436396328,3.151518063959958e-10,3.80256291373642e-10,6.51044849776462e-08,-0.11016891625965357,-0.10928443205090946,1268393833632.091,1225739981948.6243,-0.014855769597045404,0.010356623549245762,1.4306311386509411e+17,0.010356623549245762,0.0,1.2217766168353703,1.2217766168353703,0.4376886144926399
n21_vd_0p05_vg_0,n21,0.05,0.0,394,0.0038005600738759316,-0.08340976,-0.017526643401716457,-0.018576740169563503,-1.0500967678470468,1.30774864662936e-07,1.4650607186900114e-07,1.573120720606515e-05,0.01752677417658112,0.01857688667563537,8987745110.778225,8630042230.510614,-0.017637826576071065,0.00983162243338339,1.373480279792076e+17,0.009831622433383386,-3.469446951953614e-15,1.209433499590715,1.209433499590715,0.565646675027093
n21_vd_0p05_vg_0,n21,0.05,0.0,395,0.0038005600738759316,-0.06602039,-0.11146346560104815,-0.11255554405710824,-1.0920784560600887,1.3634236975797457e-05,1.4683489856156188e-05,0.0010492528803587307,0.11147709983802395,0.1125702275469644,235546769.2765087,225796381.63730195,-0.018360173775946426,0.00944144893365522,1.331377420955432e+17,0.00944144893365522,0.0,1.2003411108085666,1.2003411108085666,0.6597785839762889
n21_vd_0p05_vg_0,n21,0.05,0.0,401,0.0038005600738759316,-0.04650150000000001,-0.17216844042949425,-0.1731142753130338,-0.9458348835395536,0.00035674641123507726,0.00037928061910481875,0.02253420786974149,0.17252518684072932,0.17349355593213864,22092696.570611164,21280635.16752026,-0.016264141540729048,0.009171732231853835,1.302416908960431e+17,0.009171732231853833,-1.734723475976807e-15,1.194095770418189,1.1940957704181887,0.7206184171556352
n21_vd_0p05_vg_0,n21,0.05,0.0,402,0.0038005600738759316,-0.024592270000000003,-0.2041570963006645,-0.2045886032847128,-0.43150698404828547,0.003053619901524596,0.003196524743134038,0.14290484160944197,0.2072107162021891,0.20778512802784682,5756847.336892112,5630395.003796928,-0.009645848643647096,0.009008312474156961,1.2849149033925086e+17,0.009008312474156961,0.0,1.1903275748804667,1.1903275748804667,0.7526887829056534
n21_vd_0p05_vg_0,n21,0.05,0.0,404,0.0038005600738759316,0.0,-0.2134719027477453,-0.21233928698782945,1.132615759915856,0.013132156527420285,0.01323573811406116,0.10358158664087493,0.22660405927516558,0.2255750251018906,2715843.3797397744,2826152.784908953,0.01729091562561741,0.008950439662547964,1.2787235437934882e+17,0.008950439662547962,-1.734723475976807e-15,1.188995974517899,1.188995974517899,0.7620325257585399
n21_vd_0p05_vg_0,n21,0.05,0.0,1102,0.0038005600738759316,0.125000012,0.38351183787957344,0.3814524617433086,-2.0593761362648344,0.049999999999994514,0.0499999999999914,-3.1155633628543455e-12,-0.33351183787957894,-0.3314524617433172,7325041298406042.0,6764198357360626.0,-0.03459374295369654,0.011494691548784672,1.5571409966950314e+17,0.011494691548784672,0.0,1.2489675632530428,1.2489675632530428,0.16377665918810225
n21_vd_0p05_vg_0,n21,0.05,0.0,1122,0.0038005600738759316,0.12346298750000002,0.3784881268870832,0.37686387411222516,-1.6242527748580593,0.04999999999999318,0.04999999999998919,-3.989863994746656e-12,-0.32848812688709006,-0.32686387411223594,6548549255981256.0,6149801736571272.0,-0.027283983695964478,0.015748409668554054,2.0793182574866336e+17,0.015748409668554054,0.0,1.3560659747868258,1.3560659747868258,0.16667351112070755
n21_vd_0p05_vg_0,n21,0.05,0.0,1138,0.0038005600738759316,0.121925975,0.36935162258619886,0.36818188578476174,-1.1697368014371157,0.04999999999998997,0.04999999999998533,-4.642120021713936e-12,-0.31935162258620886,-0.3181818857847764,4594372730025982.0,4391145231006188.0,-0.019648424492404712,0.015696939645764525,2.0724099554720272e+17,0.015696939645764525,0.0,1.3547167171224221,1.3547167171224221,0.17583575043298716
n21_vd_0p05_vg_0,n21,0.05,0.0,1139,0.0038005600738759316,0.11885195000000003,0.345917635972233,0.3449960389513973,-0.9215970208357183,0.04999999999997266,0.04999999999996101,-1.164346397075633e-11,-0.29591763597226034,-0.2949960389514363,1798595440219629.2,1735616217992605.5,-0.015479788437474572,0.014075556643690281,1.86288020412684e+17,0.014075556643690278,-3.469446951953614e-15,1.312893421441877,1.312893421441877,0.20008042854798963
n21_vd_0p05_vg_0,n21,0.05,0.0,1151,0.0038005600738759316,0.11270390000000001,0.28781075810074086,0.28701092764269553,-0.7998304580453253,0.04999999999947481,0.04999999999931332,-1.6148887782563293e-10,-0.23781075810126606,-0.23701092764338222,181593590841272.38,176062348400406.1,-0.013434026101173384,0.011732571094860561,1.5841305110437603e+17,0.011732571094860561,0.0,1.2547270469656016,1.2547270469656016,0.2593587991938967
n21_vd_0p05_vg_0,n21,0.05,0.0,1152,0.0038005600738759316,0.09890192,0.13154581673478016,0.1306569256505184,-0.888891084261767,0.049999999195537895,0.04999999903044382,-1.6509407729792258e-07,-0.08154581753924227,-0.08065692662007458,419186360241.6448,405020893910.2622,-0.014929715002874914,0.010356623549245762,1.4306311386509411e+17,0.010356623549245762,0.0,1.2217766168353703,1.2217766168353703,0.41631171433266506
n21_vd_0p05_vg_0,n21,0.05,0.0,1160,0.0038005600738759316,0.08340976,-0.0034609603890742306,-0.0045142866382712945,-1.0533262491970639,0.04999954469661517,0.04999948669786405,-5.7998751121224323e-05,0.0534605050856894,0.05451377333613534,2238672330.086961,2149313646.365328,-0.01769073532249205,0.00983162243338339,1.373480279792076e+17,0.009831622433383386,-3.469446951953614e-15,1.209433499590715,1.209433499590715,0.551580992014451
n21_vd_0p05_vg_0,n21,0.05,0.0,1161,0.0038005600738759316,0.06602039,-0.1029245936253792,-0.10402033575741729,-1.0957421320380856,0.049939350572242344,0.04993465678146648,-0.004693790775861517,0.15286394419762156,0.15395499253888378,47512583.49340974,45549490.70357327,-0.018325120376006688,0.00944144893365522,1.331377420955432e+17,0.00944144893365522,0.0,1.2003411108085666,1.2003411108085666,0.6512397120006197
n21_vd_0p05_vg_0,n21,0.05,0.0,1165,0.0038005600738759316,0.04650150000000001,-0.16765625800614112,-0.16860492490603168,-0.9486668998905656,0.048104789693481205,0.047984485602714844,-0.12030409076636134,0.21576104769962232,0.21658941050874653,4148758.0322699575,4017964.485349209,-0.01391201252520655,0.009171732231853835,1.302416908960431e+17,0.009171732231853833,-1.734723475976807e-15,1.194095770418189,1.1940957704181887,0.7161062347322825
n21_vd_0p05_vg_0,n21,0.05,0.0,1166,0.0038005600738759316,0.024592270000000003,-0.20236913519720473,-0.20280145778922062,-0.4323225920158935,0.034339857255720745,0.033873833752027176,-0.46602350369356893,0.23670899245292548,0.2366752915412478,1839227.261802725,1841643.132897295,0.0005700823574375193,0.009008312474156961,1.2849149033925086e+17,0.009008312474156961,0.0,1.1903275748804667,1.1903275748804667,0.7509008218021938
n21_vd_0p05_vg_0p05,n21,0.05,0.05,328,0.0038005600738759316,-0.125000012,0.3581867340654564,0.35656150422374966,-1.6252298417067657,1.3456402060117763e-12,1.8564224710114675e-14,-1.3270759813016616e-09,-0.3581867340641108,-0.3565615042237311,1.9025240777390076e+16,1.7866096816860256e+16,-0.02730047865741657,0.011494691548784672,1.5571409966950314e+17,0.011494691548784672,0.0,1.2489675632530428,1.2489675632530428,0.1891017630022189
n21_vd_0p05_vg_0p05,n21,0.05,0.05,350,0.0038005600738759316,-0.12346298750000002,0.3538362043000356,0.35255954360548836,-1.276660694547238,1.4308261997717574e-12,2.3428897690318585e-14,-1.4073973020814388e-09,-0.3538362042986048,-0.35255954360546493,1.745718167237304e+16,1.6616110181629432e+16,-0.02144476817829912,0.015748409668554054,2.0793182574866336e+17,0.015748409668554054,0.0,1.3560659747868258,1.3560659747868258,0.19132543370775548
n21_vd_0p05_vg_0p05,n21,0.05,0.05,368,0.0038005600738759316,-0.121925975,0.3460865708560171,0.34516160624951775,-0.9249646064993233,1.4380360116425483e-12,3.12457106543283e-14,-1.40679030098822e-09,-0.34608657085457906,-0.3451616062494865,1.2922712059822058e+16,1.2468584604779378e+16,-0.015536511099323974,0.015696939645764525,2.0724099554720272e+17,0.015696939645764525,0.0,1.3547167171224221,1.3547167171224221,0.19910080216316856
n21_vd_0p05_vg_0p05,n21,0.05,0.05,369,0.0038005600738759316,-0.11885195000000003,0.3260691507703583,0.325300458479199,-0.7686922911593341,1.3133797420676326e-12,7.285636794358455e-14,-1.240523374124048e-09,-0.3260691507690449,-0.32530045847912614,5773733467689412.0,5604611855584504.0,-0.012911190573561717,0.014075556643690281,1.86288020412684e+17,0.014075556643690278,-3.469446951953614e-15,1.312893421441877,1.312893421441877,0.219928913749865
n21_vd_0p05_vg_0p05,n21,0.05,0.05,383,0.0038005600738759316,-0.11270390000000001,0.27541481603721546,0.27466683778550277,-0.7479782517126887,1.3653179409584889e-12,8.542537519549015e-13,-5.110641890035874e-10,-0.27541481603585016,-0.2746668377846485,777715933103799.0,755540829527370.4,-0.012563057817210429,0.011732571094860561,1.5841305110437603e+17,0.011732571094860561,0.0,1.2547270469656016,1.2547270469656016,0.27175474125742166
n21_vd_0p05_vg_0p05,n21,0.05,0.05,384,0.0038005600738759316,-0.09890192,0.13446173056395228,0.13357109831706823,-0.8906322468840433,4.712991565514678e-10,5.730900859809408e-10,1.0179092942947298e-07,-0.1344617300926531,-0.13357109774397816,3246052234516.0728,3136146767778.184,-0.014959125154291621,0.010356623549245762,1.4306311386509411e+17,0.010356623549245762,0.0,1.2217766168353703,1.2217766168353703,0.41339580050349345
n21_vd_0p05_vg_0p05,n21,0.05,0.05,394,0.0038005600738759316,-0.08340976,0.010960292996808736,0.00990445207017498,-1.0558409266337565,1.610143322811783e-07,1.8025326559889727e-07,1.9238933317718962e-05,-0.010960131982476456,-0.009904271816909381,27052648638.912384,25970201849.006317,-0.01773446679479143,0.00983162243338339,1.373480279792076e+17,0.009831622433383386,-3.469446951953614e-15,1.209433499590715,1.209433499590715,0.5371597386285675
n21_vd_0p05_vg_0p05,n21,0.05,0.05,395,0.0038005600738759316,-0.06602039,-0.08074271004777614,-0.08183524712863476,-1.092537080858616,1.4812000325110606e-05,1.6033073356552942e-05,0.001221073031442336,0.08075752204810124,0.08185128020199131,772935822.3269341,740922153.7311767,-0.01837085501373251,0.00944144893365522,1.331377420955432e+17,0.00944144893365522,0.0,1.2003411108085666,1.2003411108085666,0.6290578284230166
n21_vd_0p05_vg_0p05,n21,0.05,0.05,401,0.0038005600738759316,-0.04650150000000001,-0.14073909711576144,-0.14167590215199455,-0.9368050362331126,0.00036237078843765765,0.0003864943485447995,0.024123560107141846,0.14110146790419908,0.14206239650053934,74497905.73078682,71780226.61632857,-0.016139239021891665,0.009171732231853835,1.302416908960431e+17,0.009171732231853833,-1.734723475976807e-15,1.194095770418189,1.1940957704181887,0.6891890738419024
n21_vd_0p05_vg_0p05,n21,0.05,0.05,402,0.0038005600738759316,-0.024592270000000003,-0.1729983556477367,-0.17339933618120057,-0.4009805334638794,0.0030550826952629316,0.0032017102096111153,0.14662751434818372,0.17605343834299964,0.17660104639081167,19213391.63101288,18810848.195493896,-0.009195656508441256,0.009008312474156961,1.2849149033925086e+17,0.009008312474156961,0.0,1.1903275748804667,1.1903275748804667,0.721530042252726
n21_vd_0p05_vg_0p05,n21,0.05,0.05,404,0.0038005600738759316,0.0,-0.1825862843044245,-0.18138740807771744,1.1988762267070574,0.013180812803144747,0.01324211001575832,0.06129721261357267,0.19576709710756926,0.19462951809347576,8952472.088004747,9355290.414483763,0.01911429812169513,0.008950439662547964,1.2787235437934882e+17,0.008950439662547962,-1.734723475976807e-15,1.188995974517899,1.188995974517899,0.731146907315219
n21_vd_0p05_vg_0p05,n21,0.05,0.05,1102,0.0038005600738759316,0.125000012,0.39588806064616106,0.3940518178159682,-1.8362428301928468,0.05000000000110116,0.04999999999997849,-1.1226644613948622e-09,-0.3458880606450599,-0.3440518178159897,1.18228316524379e+16,1.1012253517465052e+16,-0.030845304724808557,0.011494691548784672,1.5571409966950314e+17,0.011494691548784672,0.0,1.2489675632530428,1.2489675632530428,0.1514004364215145
n21_vd_0p05_vg_0p05,n21,0.05,0.05,1122,0.0038005600738759316,0.12346298750000002,0.39116120227177714,0.38971752136965215,-1.4436809021249886,0.0500000000011457,0.04999999999997247,-1.1732281812726342e-09,-0.34116120227063146,-0.3397175213696797,1.0691617960903294e+16,1.0110971470070972e+16,-0.02425054694907077,0.015748409668554054,2.0793182574866336e+17,0.015748409668554054,0.0,1.3560659747868258,1.3560659747868258,0.15400043573601394
n21_vd_0p05_vg_0p05,n21,0.05,0.05,1138,0.0038005600738759316,0.121925975,0.3826679450132676,0.38162833184997885,-1.0396131632887662,0.05000000000112237,0.04999999999996234,-1.1600304050674026e-09,-0.33266794501214525,-0.3316283318500165,7690076064411077.0,7387000915747467.0,-0.017462482675574438,0.015696939645764525,2.0724099554720272e+17,0.015696939645764525,0.0,1.3547167171224221,1.3547167171224221,0.1625194280059182
n21_vd_0p05_vg_0p05,n21,0.05,0.05,1139,0.0038005600738759316,0.11885195000000003,0.360807041259753,0.3599681873913317,-0.8388538684213076,0.050000000000927844,0.049999999999903455,-1.0243889070338241e-09,-0.31080704125882513,-0.30996818739142823,3199370467568564.0,3097239029046232.5,-0.014089808371490483,0.014075556643690281,1.86288020412684e+17,0.014075556643690278,-3.469446951953614e-15,1.312893421441877,1.312893421441877,0.18519102326047024
n21_vd_0p05_vg_0p05,n21,0.05,0.05,1151,0.0038005600738759316,0.11270390000000001,0.30602437390758436,0.30525325756464333,-0.771116342941025,0.049999999999484734,0.04999999999856757,-9.171621795367457e-10,-0.2560243739080996,-0.25525325756607575,367346451256493.7,356553041145697.06,-0.0129517036820028,0.011732571094860561,1.5841305110437603e+17,0.011732571094860561,0.0,1.2547270469656016,1.2547270469656016,0.2411451833870534
n21_vd_0p05_vg_0p05,n21,0.05,0.05,1152,0.0038005600738759316,0.09890192,0.15602267336135278,0.15513140664128763,-0.8912667200651481,0.04999999881237148,0.04999999852637953,-2.859919523423571e-07,-0.1060226745489813,-0.1051314081149081,1080439155414.4327,1043832034584.3302,-0.014969693789679855,0.010356623549245762,1.4306311386509411e+17,0.010356623549245762,0.0,1.2217766168353703,1.2217766168353703,0.3918348577060925
n21_vd_0p05_vg_0p05,n21,0.05,0.05,1160,0.0038005600738759316,0.08340976,0.02516155480261411,0.02410469847227992,-1.056856330334189,0.049999440867531386,0.04999935801871605,-8.284881533593413e-05,0.024837886064917276,0.02589465954643613,6773754491.569209,6502490813.502151,-0.017749704682456662,0.00983162243338339,1.373480279792076e+17,0.009831622433383386,-3.469446951953614e-15,1.209433499590715,1.209433499590715,0.5229584768227621
n21_vd_0p05_vg_0p05,n21,0.05,0.05,1161,0.0038005600738759316,0.06602039,-0.07207727802454875,-0.07317193637069522,-1.094658346146471,0.04993425668102424,0.049927960788803794,-0.006295892220446742,0.122011534705573,0.12309989715949901,156713497.8391283,150254093.98178622,-0.018280090073575887,0.00944144893365522,1.331377420955432e+17,0.00944144893365522,0.0,1.2003411108085666,1.2003411108085666,0.6203923963997893
n21_vd_0p05_vg_0p05,n21,0.05,0.05,1165,0.0038005600738759316,0.04650150000000001,-0.13609895238066969,-0.13703747190301407,-0.9385195223443887,0.04808671367321792,0.047952208270451296,-0.13450540276662565,0.18418566605388761,0.18498968017346537,14072176.200012354,13641376.610399403,-0.013503065286235023,0.009171732231853835,1.302416908960431e+17,0.009171732231853833,-1.734723475976807e-15,1.194095770418189,1.1940957704181887,0.6845489291068106
n21_vd_0p05_vg_0p05,n21,0.05,0.05,1166,0.0038005600738759316,0.024592270000000003,-0.17111614701032413,-0.1715174385119122,-0.4012915015880747,0.0344473897798917,0.033857440102828644,-0.5899496770630577,0.20556353679021583,0.20537487861474085,6135586.932532203,6180580.568595138,0.0031731583369417797,0.009008312474156961,1.2849149033925086e+17,0.009008312474156961,0.0,1.1903275748804667,1.1903275748804667,0.719647833615313
n21_vd_0p05_vg_0p8,n21,0.05,0.8,328,0.0038005600738759316,-0.125000012,0.48286237835740775,0.4798917111867648,-2.9706671706429266,1.9047131566589887e-06,2.4318794404316356e-06,0.0005271662837726469,-0.4828604736442511,-0.4798892793073244,2.364597202028634e+18,2.1078762868390525e+18,-0.04991205320575053,0.011494691548784672,1.5571409966950314e+17,0.011494691548784672,0.0,1.2489675632530428,1.2489675632530428,0.0644261187102681
n21_vd_0p05_vg_0p8,n21,0.05,0.8,350,0.0038005600738759316,-0.12346298750000002,0.4785319108562463,0.47646735673084795,-2.0645541253983546,2.0570299825944677e-06,2.6207018201266628e-06,0.000563671837532195,-0.47852985382626373,-0.47646473602902784,2.1713789012060237e+18,2.0046796546211679e+18,-0.03469063080300013,0.015748409668554054,2.0793182574866336e+17,0.015748409668554054,0.0,1.3560659747868258,1.3560659747868258,0.06662972715154444
n21_vd_0p05_vg_0p8,n21,0.05,0.8,368,0.0038005600738759316,-0.121925975,0.47724852376045507,0.47494882712340203,-2.299696637053039,2.2328334221537695e-06,2.8388937162491595e-06,0.00060606029409539,-0.4772462909270329,-0.47494598822968576,2.0641458126777933e+18,1.8884209660681252e+18,-0.03864155938770068,0.015696939645764525,2.0724099554720272e+17,0.015696939645764525,0.0,1.3547167171224221,1.3547167171224221,0.06793884925873044
n21_vd_0p05_vg_0p8,n21,0.05,0.8,369,0.0038005600738759316,-0.11885195000000003,0.4761288333595088,0.4735058117144075,-2.623021645101309,2.6593657333202293e-06,3.390235595557569e-06,0.0007308698622373397,-0.4761261739937755,-0.47350242147881194,1.9155972863118344e+18,1.7307284854560855e+18,-0.04407527149948708,0.014075556643690281,1.86288020412684e+17,0.014075556643690278,-3.469446951953614e-15,1.312893421441877,1.312893421441877,0.06986923116071407
n21_vd_0p05_vg_0p8,n21,0.05,0.8,383,0.0038005600738759316,-0.11270390000000001,0.47284243704502876,0.46998479903673657,-2.857638008292196,3.9064512444901055e-06,5.015911877053167e-06,0.0011094606325630614,-0.4728385305937843,-0.4699797831248595,1.6121075403377034e+18,1.4433478493590223e+18,-0.04802299987769186,0.011732571094860561,1.5841305110437603e+17,0.011732571094860561,0.0,1.2547270469656016,1.2547270469656016,0.07432712024960851
n21_vd_0p05_vg_0p8,n21,0.05,0.8,384,0.0038005600738759316,-0.09890192,0.4550398764946408,0.4526035967625915,-2.4362797320492957,1.194784351303142e-05,1.4798984553397171e-05,0.002851141040365751,-0.45502792865112773,-0.45258879777803807,7.881911614095843e+17,7.172290367390207e+17,-0.04097369699114892,0.010356623549245762,1.4306311386509411e+17,0.010356623549245762,0.0,1.2217766168353703,1.2217766168353703,0.09281765457280457
n21_vd_0p05_vg_0p8,n21,0.05,0.8,394,0.0038005600738759316,-0.08340976,0.4244531153766941,0.4224821426441809,-1.970972732513232,4.8288756967873185e-05,5.572892476250576e-05,0.007440167794632575,-0.4244048266197262,-0.42242641371941836,2.3865810204608483e+17,2.2107635602756253e+17,-0.03323388497867173,0.00983162243338339,1.373480279792076e+17,0.009831622433383386,-3.469446951953614e-15,1.209433499590715,1.209433499590715,0.1236669162486827
n21_vd_0p05_vg_0p8,n21,0.05,0.8,395,0.0038005600738759316,-0.06602039,0.38770034505559187,0.38616892496255295,-1.5314200930389155,0.0002428896083976413,0.0002691870008645415,0.026297392466900202,-0.38745745544719423,-0.3858997379616884,5.672966811340951e+16,5.341261474871381e+16,-0.026166403970818396,0.00944144893365522,1.331377420955432e+17,0.00944144893365522,0.0,1.2003411108085666,1.2003411108085666,0.1606147733196488
n21_vd_0p05_vg_0p8,n21,0.05,0.8,401,0.0038005600738759316,-0.04650150000000001,0.35555446702229715,0.3544680601717653,-1.0864068505318514,0.0012007567361982153,0.001295674942741655,0.09491820654343973,-0.3543537102860989,-0.35317238522902367,1.5682893101738204e+16,1.498245529012319e+16,-0.019843191843467205,0.009171732231853835,1.302416908960431e+17,0.009171732231853833,-1.734723475976807e-15,1.194095770418189,1.1940957704181887,0.19289550970384406
n21_vd_0p05_vg_0p8,n21,0.05,0.8,402,0.0038005600738759316,-0.024592270000000003,0.33450488060874933,0.3341616014372963,-0.3432791714530481,0.004765030362154318,0.0050202808187810935,0.2552504566267757,-0.329739850246595,-0.3291413206185152,6033353815658546.0,5895304033472082.0,-0.01005258700972406,0.009008312474156961,1.2849149033925086e+17,0.009008312474156961,0.0,1.1903275748804667,1.1903275748804667,0.2140268059962397
n21_vd_0p05_vg_0p8,n21,0.05,0.8,404,0.0038005600738759316,0.0,0.3278127299689591,0.3292158640169828,1.4031340480236687,0.014540995623929005,0.014646874499430104,0.10587887550109892,-0.3132717343450301,-0.3145689895175527,3187281815313052.0,3351318541458548.0,0.021795244385566164,0.008950439662547964,1.2787235437934882e+17,0.008950439662547962,-1.734723475976807e-15,1.188995974517899,1.188995974517899,0.22074789304183495
n21_vd_0p05_vg_0p8,n21,0.05,0.8,1102,0.0038005600738759316,0.125000012,0.5277988825237214,0.5252046100719482,-2.5942724517732385,0.0499980698707709,0.04999753216783544,-0.0005377029354616814,-0.47780081265295055,-0.47520707790411276,1.9442790333484035e+18,1.7586831252922227e+18,-0.04357099635166434,0.011494691548784672,1.5571409966950314e+17,0.011494691548784672,0.0,1.2489675632530428,1.2489675632530428,0.019489614543953846
n21_vd_0p05_vg_0p8,n21,0.05,0.8,1122,0.0038005600738759316,0.12346298750000002,0.523764509166653,0.5219259921546455,-1.8385170120074346,0.0499979071735586,0.04999733001295344,-0.0005771606051557798,-0.47376660199309434,-0.4719286621416921,1.8059947797582566e+18,1.682063145313449e+18,-0.03087419529382753,0.015748409668554054,2.0793182574866336e+17,0.015748409668554054,0.0,1.3560659747868258,1.3560659747868258,0.021397128841137668
n21_vd_0p05_vg_0p8,n21,0.05,0.8,1138,0.0038005600738759316,0.121925975,0.5223496637202091,0.5203007043256911,-2.0489593945179907,0.0499977184700243,0.04999709507038716,-0.0006233996371410311,-0.47235194525018476,-0.4703036092553039,1.7081223290635474e+18,1.5780119191687514e+18,-0.03440869071041745,0.015696939645764525,2.0724099554720272e+17,0.015696939645764525,0.0,1.3547167171224221,1.3547167171224221,0.022837709298976324
n21_vd_0p05_vg_0p8,n21,0.05,0.8,1139,0.0038005600738759316,0.11885195000000003,0.5206950355285587,0.5183495697349106,-2.345465793648027,0.04999725176922978,0.049996490298968854,-0.0007614702609223811,-0.4706977837593289,-0.4683530794359418,1.552784741929819e+18,1.4181553335664202e+18,-0.03938745226013986,0.014075556643690281,1.86288020412684e+17,0.014075556643690278,-3.469446951953614e-15,1.312893421441877,1.312893421441877,0.025303028991664346
n21_vd_0p05_vg_0p8,n21,0.05,0.8,1151,0.0038005600738759316,0.11270390000000001,0.5158972448751155,0.5133540363171119,-2.543208558003607,0.0499958073065347,0.049994607702323425,-0.001199604211271632,-0.46590143756858077,-0.4633594286147884,1.2326959107256614e+18,1.1172592234726162e+18,-0.04270200663883264,0.011732571094860561,1.5841305110437603e+17,0.011732571094860561,0.0,1.2547270469656016,1.2547270469656016,0.03127231241952206
n21_vd_0p05_vg_0p8,n21,0.05,0.8,1152,0.0038005600738759316,0.09890192,0.4908340194402146,0.48877278428884174,-2.0612351513728533,0.04998405329280866,0.049980395723597845,-0.0036575692108145597,-0.44084996614740596,-0.4387923885652439,4.554620868822111e+17,4.2061851864878874e+17,-0.03456384217412818,0.010356623549245762,1.4306311386509411e+17,0.010356623549245762,0.0,1.2217766168353703,1.2217766168353703,0.05702351162723067
n21_vd_0p05_vg_0p8,n21,0.05,0.8,1160,0.0038005600738759316,0.08340976,0.44837501483848535,0.4467449813840778,-1.6300334544075423,0.049903436510223914,0.04989019210033925,-0.013244409884663466,-0.3984715783282614,-0.3968547892837386,8.752189446159016e+16,8.221629735160029e+16,-0.027158795409253988,0.00983162243338339,1.373480279792076e+17,0.009831622433383386,-3.469446951953614e-15,1.209433499590715,1.209433499590715,0.09974501678689114
n21_vd_0p05_vg_0p8,n21,0.05,0.8,1161,0.0038005600738759316,0.06602039,0.4017035520288409,0.40037192544530686,-1.331626583534029,0.04925011673253979,0.04917822573156775,-0.07189100097203943,-0.35245343529630113,-0.3511936997137391,1.4647667831600618e+16,1.3951087330457138e+16,-0.021160425510958,0.00944144893365522,1.331377420955432e+17,0.00944144893365522,0.0,1.2003411108085666,1.2003411108085666,0.14661156634639966
n21_vd_0p05_vg_0p8,n21,0.05,0.8,1165,0.0038005600738759316,0.04650150000000001,0.36312841545353347,0.3621415595931153,-0.9868558604181898,0.04515287677653837,0.04483082299729063,-0.3220537792477385,-0.31797553867699513,-0.31731073659582465,3839721182952157.5,3742258718020090.0,-0.011165880907125654,0.009171732231853835,1.302416908960431e+17,0.009171732231853833,-1.734723475976807e-15,1.194095770418189,1.1940957704181887,0.18532156127260743
n21_vd_0p05_vg_0p8,n21,0.05,0.8,1166,0.0038005600738759316,0.024592270000000003,0.3378169951020102,0.3375149859315147,-0.3020091704954986,0.0316443015797847,0.03108225019100616,-0.5620513887785381,-0.3061726935222255,-0.30643273574050856,2424643639483031.5,2449169102076050.0,0.004370854417280874,0.009008312474156961,1.2849149033925086e+17,0.009008312474156961,0.0,1.1903275748804667,1.1903275748804667,0.21071469150297906
n21_vd_0p05_vg_2p5,n21,0.05,2.5,328,0.0038005600738759316,-0.125000012,0.566328776935721,0.5497169874678983,-16.611789467822714,0.003183359925366525,0.00337812336821781,0.1947634428512853,-0.5631454170103545,-0.5463388640996805,5.278190910487148e+19,2.75517387043652e+19,-0.28233608343754835,0.011494691548784672,1.5571409966950314e+17,0.011494691548784672,0.0,1.2489675632530428,1.2489675632530428,-0.019040279868045153
n21_vd_0p05_vg_2p5,n21,0.05,2.5,350,0.0038005600738759316,-0.12346298750000002,0.5552731944945303,0.5471945120528968,-8.078682441633456,0.003306577656464899,0.003505755155220602,0.199177498755703,-0.5519666168380654,-0.5436887568976763,3.718939814701161e+19,2.6999693191161643e+19,-0.13906032091353662,0.015748409668554054,2.0793182574866336e+17,0.015748409668554054,0.0,1.3560659747868258,1.3560659747868258,-0.010111556486739618
n21_vd_0p05_vg_2p5,n21,0.05,2.5,368,0.0038005600738759316,-0.121925975,0.55588516453001,0.546705622082358,-9.179542447652068,0.0034472021105686427,0.003643483317464221,0.19628120689557832,-0.5524379624194414,-0.5430621387648937,3.783598803334706e+19,2.6326903322916454e+19,-0.15750530080538927,0.015696939645764525,2.0724099554720272e+17,0.015696939645764525,0.0,1.3547167171224221,1.3547167171224221,-0.010697791510824358
n21_vd_0p05_vg_2p5,n21,0.05,2.5,369,0.0038005600738759316,-0.11885195000000003,0.5591594477332015,0.549329879671198,-9.829568062003524,0.0037425938198821992,0.003947735915090341,0.2051420952081419,-0.5554168539133193,-0.5453821437561076,4.11461535590463e+19,2.7909697493984584e+19,-0.16857411324956015,0.014075556643690281,1.86288020412684e+17,0.014075556643690278,-3.469446951953614e-15,1.312893421441877,1.312893421441877,-0.013161383212978375
n21_vd_0p05_vg_2p5,n21,0.05,2.5,383,0.0038005600738759316,-0.11270390000000001,0.5624092406964666,0.5522149446155895,-10.194296080877074,0.004389446741218496,0.00462662725238354,0.2371805111650435,-0.558019793955248,-0.547588317363206,4.3488707700329054e+19,2.9049389001935274e+19,-0.1752395001970794,0.011732571094860561,1.5841305110437603e+17,0.011732571094860561,0.0,1.2547270469656016,1.2547270469656016,-0.015239683401828772
n21_vd_0p05_vg_2p5,n21,0.05,2.5,384,0.0038005600738759316,-0.09890192,0.5646318765100048,0.5544317941114731,-10.200082398531652,0.006241937480071473,0.006523395016846323,0.28145753677484997,-0.5583899390299333,-0.5479083990946269,4.295732350320253e+19,2.863892340860683e+19,-0.1760805264144578,0.010356623549245762,1.4306311386509411e+17,0.010356623549245762,0.0,1.2217766168353703,1.2217766168353703,-0.016774345442559676
n21_vd_0p05_vg_2p5,n21,0.05,2.5,394,0.0038005600738759316,-0.08340976,0.5666661887918366,0.5564428245005031,-10.223364291333525,0.008706881323230628,0.008976374869928026,0.2694935466973983,-0.557959307468606,-0.5474664496305751,4.182087404891861e+19,2.7869068207888617e+19,-0.1762706567761165,0.00983162243338339,1.373480279792076e+17,0.009831622433383386,-3.469446951953614e-15,1.209433499590715,1.209433499590715,-0.01854615716646003
n21_vd_0p05_vg_2p5,n21,0.05,2.5,395,0.0038005600738759316,-0.06602039,0.5692837044274165,0.5590337157756441,-10.249988651772401,0.011777875485233196,0.01202707730956647,0.24920182433327448,-0.5575058289421833,-0.5470066384660777,4.078473889113492e+19,2.7171940050643042e+19,-0.17637703850858136,0.00944144893365522,1.331377420955432e+17,0.00944144893365522,0.0,1.2003411108085666,1.2003411108085666,-0.020968586052175685
n21_vd_0p05_vg_2p5,n21,0.05,2.5,401,0.0038005600738759316,-0.04650150000000001,0.5725888499937923,0.5623148176296902,-10.274032364102181,0.01547631354630956,0.01569946813456148,0.22315458825192086,-0.5571125364474828,-0.5466153494951287,3.995996884866219e+19,2.662451846199552e+19,-0.1763433792396634,0.009171732231853835,1.302416908960431e+17,0.009171732231853833,-1.734723475976807e-15,1.194095770418189,1.1940957704181887,-0.024138873267651365
n21_vd_0p05_vg_2p5,n21,0.05,2.5,402,0.0038005600738759316,-0.024592270000000003,0.5766308253076097,0.5663417966686447,-10.28902863896497,0.01982115961293836,0.020009394868649902,0.18823525571154062,-0.5568096656946713,-0.5463324017999948,3.936991431638521e+19,2.6251600357522407e+19,-0.17600868547185633,0.009008312474156961,1.2849149033925086e+17,0.009008312474156961,0.0,1.1903275748804667,1.1903275748804667,-0.02809913870262041
n21_vd_0p05_vg_2p5,n21,0.05,2.5,404,0.0038005600738759316,0.0,0.5814232856044412,0.571188007339421,-10.235278265020241,0.024818556762446056,0.02483282904626744,0.014272283821382264,-0.5566047288419952,-0.5463551782931535,3.901535573573727e+19,2.6245345974791463e+19,-0.1721832689420899,0.008950439662547964,1.2787235437934882e+17,0.008950439662547962,-1.734723475976807e-15,1.188995974517899,1.188995974517899,-0.0328626625936467
n21_vd_0p05_vg_2p5,n21,0.05,2.5,1102,0.0038005600738759316,0.125000012,0.6089005589599562,0.5921715826333731,-16.7289763265831,0.046797324339528545,0.04660225876426381,-0.1950655752647329,-0.5621032346204277,-0.5455693238691093,5.0696408995461325e+19,2.674368843919508e+19,-0.27775589368606707,0.011494691548784672,1.5571409966950314e+17,0.011494691548784672,0.0,1.2489675632530428,1.2489675632530428,-0.061612061892280474
n21_vd_0p05_vg_2p5,n21,0.05,2.5,1122,0.0038005600738759316,0.12346298750000002,0.5976759906370612,0.589315396291458,-8.36059434560321,0.04667201567246735,0.046472757572116344,-0.19925810035100605,-0.5510039749645939,-0.5428426387193417,3.583005505524033e+19,2.6130316453777547e+19,-0.13710280616332926,0.015748409668554054,2.0793182574866336e+17,0.015748409668554054,0.0,1.3560659747868258,1.3560659747868258,-0.05251435262926998
n21_vd_0p05_vg_2p5,n21,0.05,2.5,1138,0.0038005600738759316,0.121925975,0.5979847099962362,0.5885525158596524,-9.432194136583805,0.04652903205156414,0.046332899314555746,-0.19613273700839345,-0.5514556779446721,-0.5422196165450966,3.642532401600301e+19,2.548273443379342e+19,-0.15515739537443513,0.015696939645764525,2.0724099554720272e+17,0.015696939645764525,0.0,1.3547167171224221,1.3547167171224221,-0.05279733697705028
n21_vd_0p05_vg_2p5,n21,0.05,2.5,1139,0.0038005600738759316,0.11885195000000003,0.600653486551089,0.5905557910084724,-10.097695542616524,0.04622851946223805,0.046023838500880716,-0.20468096135733277,-0.5544249670888509,-0.5445319525075917,3.959736386422792e+19,2.7006763726759408e+19,-0.16619372942740368,0.014075556643690281,1.86288020412684e+17,0.014075556643690278,-3.469446951953614e-15,1.312893421441877,1.312893421441877,-0.054655422030865874
n21_vd_0p05_vg_2p5,n21,0.05,2.5,1151,0.0038005600738759316,0.11270390000000001,0.6026155160158518,0.5920872984853637,-10.52821753048816,0.04556972175767933,0.04533357058771709,-0.2361511699622426,-0.5570457942581725,-0.5467537278976466,4.188070896147599e+19,2.8126553330188767e+19,-0.17289750852424804,0.011732571094860561,1.5841305110437603e+17,0.011732571094860561,0.0,1.2547270469656016,1.2547270469656016,-0.05544595872121408
n21_vd_0p05_vg_2p5,n21,0.05,2.5,1152,0.0038005600738759316,0.09890192,0.6011432777840227,0.5905177555815372,-10.62552220248547,0.043674127550664944,0.04339715046535324,-0.2769770853117068,-0.5574691502333577,-0.547120605116184,4.145420977065171e+19,2.777936612083444e+19,-0.1738463090993111,0.010356623549245762,1.4306311386509411e+17,0.010356623549245762,0.0,1.2217766168353703,1.2217766168353703,-0.053285746716577244
n21_vd_0p05_vg_2p5,n21,0.05,2.5,1160,0.0038005600738759316,0.08340976,0.5982744325553065,0.5876366571693051,-10.637775386001413,0.04115186230021783,0.0408909388988953,-0.260923401322527,-0.5571225702550887,-0.5467457182704099,4.048895204393321e+19,2.7102833338376966e+19,-0.1743218417548268,0.00983162243338339,1.373480279792076e+17,0.009831622433383386,-3.469446951953614e-15,1.209433499590715,1.209433499590715,-0.05015440092992992
n21_vd_0p05_vg_2p5,n21,0.05,2.5,1161,0.0038005600738759316,0.06602039,0.5948117174377366,0.5841712234308118,-10.640494006924794,0.03801173775106596,0.03777532640704537,-0.2364113440205956,-0.5567999796866707,-0.5463958970237665,3.9686238551631815e+19,2.6537538856836985e+19,-0.1747792954946298,0.00944144893365522,1.331377420955432e+17,0.00944144893365522,0.0,1.2003411108085666,1.2003411108085666,-0.046496599062496397
n21_vd_0p05_vg_2p5,n21,0.05,2.5,1165,0.0038005600738759316,0.04650150000000001,0.5908330040663612,0.5802003054442111,-10.632698622150105,0.03424222922776259,0.03403628139730565,-0.20594783045694426,-0.5565907748385986,-0.5461640240469054,3.916155518704817e+19,2.616374019339477e+19,-0.17516010228728962,0.009171732231853835,1.302416908960431e+17,0.009171732231853833,-1.734723475976807e-15,1.194095770418189,1.1940957704181887,-0.04238302734021956
n21_vd_0p05_vg_2p5,n21,0.05,2.5,1166,0.0038005600738759316,0.024592270000000003,0.5863652425726713,0.5757648505821295,-10.600391990541858,0.02984007906163941,0.02967356968931374,-0.16650937232567248,-0.5565251635110319,-0.5460912808928157,3.893902226384543e+19,2.60078906900548e+19,-0.17527991126703307,0.009008312474156961,1.2849149033925086e+17,0.009008312474156961,0.0,1.1903275748804667,1.1903275748804667,-0.037833555967681974
n21_vd_1_vg_0,n21,1.0,0.0,328,0.0038005600738759316,-0.125000012,0.34618973948005444,0.34436088872488535,-1.828850755169087,1.1687242809657779e-14,1.4099717756294946e-14,2.412474946637167e-12,-0.3461897394800427,-0.34436088872487125,1.1961605853415304e+16,1.114469951978458e+16,-0.030721124234968943,0.011494691548784672,1.5571409966950314e+17,0.011494691548784672,0.0,1.2489675632530428,1.2489675632530428,0.20109875758762075
n21_vd_1_vg_0,n21,1.0,0.0,350,0.0038005600738759316,-0.12346298750000002,0.3415648576366321,0.3401247655997,-1.4400920369320724,1.4052244792751593e-14,1.8156681667789887e-14,4.104436875038295e-12,-0.34156485763661804,-0.34012476559968186,1.0859867956855492e+16,1.0271509848719862e+16,-0.024190257872754237,0.015748409668554054,2.0793182574866336e+17,0.015748409668554054,0.0,1.3560659747868258,1.3560659747868258,0.20359678037115922
n21_vd_1_vg_0,n21,1.0,0.0,368,0.0038005600738759316,-0.121925975,0.3331861113576443,0.33214742551213816,-1.0386858455061487,1.919555007637309e-14,2.4933983184174197e-14,5.738433107801106e-12,-0.3331861113576251,-0.33214742551211324,7845767759327869.0,7536826929966452.0,-0.01744690596399462,0.015696939645764525,2.0724099554720272e+17,0.015696939645764525,0.0,1.3547167171224221,1.3547167171224221,0.2120012616615418
n21_vd_1_vg_0,n21,1.0,0.0,369,0.0038005600738759316,-0.11885195000000003,0.3116114369535925,0.3107750332308455,-0.8364037227470145,4.8448098876970363e-14,6.382722907634148e-14,1.5379130199371118e-11,-0.31161143695354404,-0.31077503323078165,3300485179407321.0,3195428738864821.0,-0.014048650115879177,0.014075556643690281,1.86288020412684e+17,0.014075556643690278,-3.469446951953614e-15,1.312893421441877,1.312893421441877,0.23438662756663045
n21_vd_1_vg_0,n21,1.0,0.0,383,0.0038005600738759316,-0.11270390000000001,0.257656723340488,0.2568903525223944,-0.7663708180936091,7.051379699107866e-13,9.189285792609337e-13,2.137906093501471e-10,-0.25765672333978284,-0.25689035252147546,391289430604350.8,379862244324349.75,-0.012871987186821634,0.011732571094860561,1.5841305110437603e+17,0.011732571094860561,0.0,1.2547270469656016,1.2547270469656016,0.2895128339541495
n21_vd_1_vg_0,n21,1.0,0.0,384,0.0038005600738759316,-0.09890192,0.11060366109098116,0.1097232640984946,-0.8803969924865568,7.01266530548015e-10,8.470415501675654e-10,1.457750196195504e-07,-0.11060366038971463,-0.10972326325145305,1289904337778.5127,1246724207259.0608,-0.01478711111176511,0.010356623549245762,1.4306311386509411e+17,0.010356623549245762,0.0,1.2217766168353703,1.2217766168353703,0.43725386997646415
n21_vd_1_vg_0,n21,1.0,0.0,394,0.0038005600738759316,-0.08340976,-0.016631157073280712,-0.017673138224546064,-1.0419811512653518,2.857661111983161e-07,3.204372390909836e-07,3.467112789266747e-05,0.01663144283939191,0.017673458661785154,9304470313.710808,8936960605.783783,-0.01750181102444525,0.00983162243338339,1.373480279792076e+17,0.009831622433383386,-3.469446951953614e-15,1.209433499590715,1.209433499590715,0.5647511886986575
n21_vd_1_vg_0,n21,1.0,0.0,395,0.0038005600738759316,-0.06602039,-0.10975039455882228,-0.11082762356920957,-1.0772290103872872,2.8946741691984533e-05,3.119852773862557e-05,0.002251786046641035,0.10977934130051427,0.1108588220969482,251534896.46562275,241250001.26881486,-0.0181309207227427,0.00944144893365522,1.331377420955432e+17,0.00944144893365522,0.0,1.2003411108085666,1.2003411108085666,0.6580655129340625
n21_vd_1_vg_0,n21,1.0,0.0,401,0.0038005600738759316,-0.04650150000000001,-0.1687359451478804,-0.16965394905718245,-0.9180039093020509,0.0007263809313520454,0.0007735426592150596,0.04716172786301421,0.16946232607923245,0.1704274917163975,24871531.763662376,23960297.059275698,-0.01621033487415053,0.009171732231853835,1.302416908960431e+17,0.009171732231853833,-1.734723475976807e-15,1.194095770418189,1.1940957704181887,0.7171859218740219
n21_vd_1_vg_0,n21,1.0,0.0,402,0.0038005600738759316,-0.024592270000000003,-0.19648034304122403,-0.19685829662940155,-0.3779535881775209,0.006073180191206773,0.006397100591708435,0.3239204005016623,0.2025535232324308,0.20325539722110997,6893219.76950348,6708647.802961138,-0.011787132418142663,0.009008312474156961,1.2849149033925086e+17,0.009008312474156961,0.0,1.1903275748804667,1.1903275748804667,0.7450120296462128
n21_vd_1_vg_0,n21,1.0,0.0,404,0.0038005600738759316,0.0,-0.19405073501449813,-0.19283376107170921,1.2169739427889126,0.02688599849787842,0.027507049716503813,0.621051218625393,0.22093673351237655,0.22034081078821302,3381517.350291984,3460402.100497742,0.01001494686951278,0.008950439662547964,1.2787235437934882e+17,0.008950439662547962,-1.734723475976807e-15,1.188995974517899,1.188995974517899,0.7426113580252922
n21_vd_1_vg_0,n21,1.0,0.0,1102,0.0038005600738759316,0.125000012,1.0460821002753986,1.0387374378762753,-7.344662399123347,0.999999999996678,0.999999999990851,-5.827005544745134e-09,-0.04608210027872062,-0.038737437885424275,108693146747.60483,81812631526.52051,-0.12338179999385451,0.011494691548784672,1.5571409966950314e+17,0.011494691548784672,0.0,1.2489675632530428,1.2489675632530428,-0.4987936032077235
n21_vd_1_vg_0,n21,1.0,0.0,1122,0.0038005600738759316,0.12346298750000002,1.0323834572907955,1.0264634915466155,-5.919965744179967,0.999999999986464,0.9999999999684045,-1.805955385236757e-08,-0.03238345730433145,-0.02646349157821104,69471186186.65108,55253119030.854324,-0.09944791539231526,0.015748409668554054,2.0793182574866336e+17,0.015748409668554054,0.0,1.3560659747868258,1.3560659747868258,-0.4872218192830046
n21_vd_1_vg_0,n21,1.0,0.0,1138,0.0038005600738759316,0.121925975,1.0086607270005234,1.0042034889784255,-4.457238022097965,0.9999999999434909,0.9999999998697517,-7.373912591646103e-08,-0.00866072705703258,-0.004203489108673741,27723495516.026478,23333123885.835957,-0.07487510048742105,0.015696939645764525,2.0724099554720272e+17,0.015696939645764525,0.0,1.3547167171224221,1.3547167171224221,-0.4634733539813373
n21_vd_1_vg_0,n21,1.0,0.0,1139,0.0038005600738759316,0.11885195000000003,0.9509358581445941,0.9475728661529472,-3.362991991646913,0.9999999987020248,0.999999996988809,-1.7132157914545587e-06,0.04906414055743069,0.05242713083586181,2880671278.076922,2529305717.2847657,-0.05649237677073482,0.014075556643690281,1.86288020412684e+17,0.014075556643690278,-3.469446951953614e-15,1.312893421441877,1.312893421441877,-0.40493779362437093
n21_vd_1_vg_0,n21,1.0,0.0,1151,0.0038005600738759316,0.11270390000000001,0.81903314526754,0.8167959864353,-2.2371588322399605,0.9999990694770433,0.9999979116808819,-0.0011577961613884469,0.1809659242095033,0.18320192524558188,16747911.591023574,15360355.239404192,-0.037559399915551475,0.011732571094860561,1.5841305110437603e+17,0.011732571094860561,0.0,1.2547270469656016,1.2547270469656016,-0.27186358797290244
n21_vd_1_vg_0,n21,1.0,0.0,1152,0.0038005600738759316,0.09890192,0.5108929152009885,0.5092199094361909,-1.6730057647975638,0.8756997175889425,0.8655931672765217,-10.106550312420804,0.36480680238795404,0.3563732578403308,13304.9069700862,18437.136085902555,0.1416816190118863,0.010356623549245762,1.4306311386509411e+17,0.010356623549245762,0.0,1.2217766168353703,1.2217766168353703,0.036964615866456885
n21_vd_1_vg_0,n21,1.0,0.0,1160,0.0038005600738759316,0.08340976,0.2533461185064677,0.25174894749453725,-1.597171011930465,0.5569027312662371,0.5510188605820816,-5.883870684155523,0.3035566127597694,0.29926991308754436,140786.20571162493,166179.56454792488,0.0720175120770427,0.00983162243338339,1.373480279792076e+17,0.009831622433383386,-3.469446951953614e-15,1.209433499590715,1.209433499590715,0.2947739131189089
n21_vd_1_vg_0,n21,1.0,0.0,1161,0.0038005600738759316,0.06602039,0.06106266734242803,0.059613919119361036,-1.4487482230669952,0.3321369430686563,0.3282229106920849,-3.914032376571397,0.2710742757262283,0.2686089915727239,490865.07311715034,539984.2774294803,0.041418983251473605,0.00944144893365522,1.331377420955432e+17,0.00944144893365522,0.0,1.2003411108085666,1.2003411108085666,0.48725245103281223
n21_vd_1_vg_0,n21,1.0,0.0,1165,0.0038005600738759316,0.04650150000000001,-0.07226807330988591,-0.07340246548160534,-1.1343921717194283,0.17610269932251904,0.1736861233115806,-2.4165760109384484,0.24837077263240495,0.24708858879318593,1175164.7139303891,1234930.3073006177,0.021543706446760336,0.009171732231853835,1.302416908960431e+17,0.009171732231853833,-1.734723475976807e-15,1.194095770418189,1.1940957704181887,0.620718050036027
n21_vd_1_vg_0,n21,1.0,0.0,1166,0.0038005600738759316,0.024592270000000003,-0.15492611097369965,-0.1553935158234586,-0.4674048497589345,0.07880991166014423,0.07779028239815386,-1.019629261990368,0.23373602263384388,0.23318379822161245,2063379.4415311774,2107948.441313408,0.009280885047565428,0.009008312474156961,1.2849149033925086e+17,0.009008312474156961,0.0,1.1903275748804667,1.1903275748804667,0.7034577975786892
n21_vd_1_vg_0p05,n21,1.0,0.05,328,0.0038005600738759316,-0.125000012,0.3582177598953307,0.35659342174623193,-1.6243381490987918,1.3710352758496576e-12,4.4578225646309254e-14,-1.3264570502033482e-09,-0.3582177598939597,-0.35659342174618736,1.904808730131939e+16,1.7888168366960428e+16,-0.027285498972035777,0.011494691548784672,1.5571409966950314e+17,0.011494691548784672,0.0,1.2489675632530428,1.2489675632530428,0.18907073717234502
n21_vd_1_vg_0p05,n21,1.0,0.05,350,0.0038005600738759316,-0.12346298750000002,0.35387804794073946,0.352601936403996,-1.2761115367434517,1.4626504012141655e-12,5.6204800578783324e-14,-1.4064456006353821e-09,-0.3538780479392768,-0.35260193640393983,1.7485460476928354e+16,1.6643380074935936e+16,-0.021435542856147436,0.015748409668554054,2.0793182574866336e+17,0.015748409668554054,0.0,1.3560659747868258,1.3560659747868258,0.19128359006705178
n21_vd_1_vg_0p05,n21,1.0,0.05,368,0.0038005600738759316,-0.121925975,0.34614069180173906,0.3452160578080633,-0.9246339936757608,1.478998764437105e-12,7.487038291287765e-14,-1.4041283815242273e-09,-0.3461406918002601,-0.3452160578079884,1.2949793992354542e+16,1.2494874616555942e+16,-0.015530957207343139,0.015696939645764525,2.0724099554720272e+17,0.015696939645764525,0.0,1.3547167171224221,1.3547167171224221,0.19904668121744667
n21_vd_1_vg_0p05,n21,1.0,0.05,369,0.0038005600738759316,-0.11885195000000003,0.3261543773343928,0.32538635330066173,-0.7680240337310518,1.3976013660869346e-12,1.740831473950858e-13,-1.2235182186918487e-09,-0.3261543773329952,-0.32538635330048765,5792799209693893.0,5623264485038696.0,-0.012899964593476412,0.014075556643690281,1.86288020412684e+17,0.014075556643690278,-3.469446951953614e-15,1.312893421441877,1.312893421441877,0.2198436871858305
n21_vd_1_vg_0p05,n21,1.0,0.05,383,0.0038005600738759316,-0.11270390000000001,0.2755919482955192,0.2748454428263303,-0.7465054691889184,2.268289474814288e-12,2.0303640090733293e-12,-2.3792546574095886e-10,-0.2755919482932509,-0.2748454428242999,783062971237374.9,760778746187052.0,-0.012538316684607635,0.011732571094860561,1.5841305110437603e+17,0.011732571094860561,0.0,1.2547270469656016,1.2547270469656016,0.2715776089991185
n21_vd_1_vg_0p05,n21,1.0,0.05,384,0.0038005600738759316,-0.09890192,0.13498581439169058,0.13409941105227485,-0.8864033394157256,1.106737578988889e-09,1.3439741087721552e-09,2.3723652978326622e-07,-0.134985813284953,-0.13409940970830075,3312529203681.1655,3200896483151.0317,-0.014888086450311602,0.010356623549245762,1.4306311386509411e+17,0.010356623549245762,0.0,1.2217766168353703,1.2217766168353703,0.4128717166757552
n21_vd_1_vg_0p05,n21,1.0,0.05,394,0.0038005600738759316,-0.08340976,0.012038666777559258,0.010991147656887119,-1.0475191206721393,3.7006904582269166e-07,4.136422733958491e-07,4.357322757315746e-05,-0.012038296708513436,-0.010990734014613724,28204744201.00717,27084890661.637856,-0.017595078572540494,0.00983162243338339,1.373480279792076e+17,0.009831622433383386,-3.469446951953614e-15,1.209433499590715,1.209433499590715,0.536081364847817
n21_vd_1_vg_0p05,n21,1.0,0.05,395,0.0038005600738759316,-0.06602039,-0.07869761495209758,-0.07977526099044305,-1.0776460383454673,3.2902411436171195e-05,3.555702198414785e-05,0.002654610547976656,0.07873051736353376,0.07981081801242719,835979487.8128769,801771909.7438881,-0.01814478483369032,0.00944144893365522,1.331377420955432e+17,0.00944144893365522,0.0,1.2003411108085666,1.2003411108085666,0.6270127333273384
n21_vd_1_vg_0p05,n21,1.0,0.05,401,0.0038005600738759316,-0.04650150000000001,-0.13671037021856247,-0.13762034743264592,-0.9099772140834517,0.000766160140627372,0.0008168200931558492,0.0506599525284772,0.13747653035918983,0.13843716752580176,85711746.64769547,82585916.25351696,-0.016134353865007618,0.009171732231853835,1.302416908960431e+17,0.009171732231853833,-1.734723475976807e-15,1.194095770418189,1.1940957704181887,0.6851603469447036
n21_vd_1_vg_0p05,n21,1.0,0.05,402,0.0038005600738759316,-0.024592270000000003,-0.16424517047846943,-0.16459813252257754,-0.35296204410811827,0.006247967502519079,0.006585039084885808,0.3370715823667282,0.1704931379809885,0.17118317160746335,23823907.072117552,23196617.92083776,-0.011588317254609246,0.009008312474156961,1.2849149033925086e+17,0.009008312474156961,0.0,1.1903275748804667,1.1903275748804667,0.7127768570834587
n21_vd_1_vg_0p05,n21,1.0,0.05,404,0.0038005600738759316,0.0,-0.16136035415604066,-0.16009608252115584,1.2642716348848226,0.027432262358599458,0.028074140641300288,0.64187828270083,0.18879261651464013,0.18817022316245613,11724899.079818666,12010709.217710529,0.010459539435455878,0.008950439662547964,1.2787235437934882e+17,0.008950439662547962,-1.734723475976807e-15,1.188995974517899,1.188995974517899,0.7099209771668349
n21_vd_1_vg_0p05,n21,1.0,0.05,1102,0.0038005600738759316,0.125000012,1.0621977419670825,1.0550662357007383,-7.131506266344179,0.9999999999946851,0.9999999999836311,-1.1054046566982834e-08,-0.06219774197239736,-0.055066235717107226,202737027317.97147,153862254747.48328,-0.11980098181365739,0.011494691548784672,1.5571409966950314e+17,0.011494691548784672,0.0,1.2489675632530428,1.2489675632530428,-0.514909244899407
n21_vd_1_vg_0p05,n21,1.0,0.05,1122,0.0038005600738759316,0.12346298750000002,1.0488502706298612,1.043092028822672,-5.758241807189313,0.9999999999768368,0.99999999993632,-4.051670110527539e-08,-0.0488502706530245,-0.043092028886351885,131351504530.3052,105124497011.2752,-0.09673112081531865,0.015748409668554054,2.0793182574866336e+17,0.015748409668554054,0.0,1.3560659747868258,1.3560659747868258,-0.5036886326220703
n21_vd_1_vg_0p05,n21,1.0,0.05,1138,0.0038005600738759316,0.121925975,1.0257672171643255,1.0214200949214178,-4.347122242907675,0.9999999998996276,0.9999999997289607,-1.706669250367554e-07,-0.025767217264697884,-0.021420095192457134,53730938325.29401,45414981275.474396,-0.07302528543111042,0.015696939645764525,2.0724099554720272e+17,0.015696939645764525,0.0,1.3547167171224221,1.3547167171224221,-0.48057984414513943
n21_vd_1_vg_0p05,n21,1.0,0.05,1139,0.0038005600738759316,0.11885195000000003,0.9695374322177067,0.9662368360071139,-3.3005962105928655,0.9999999976218596,0.9999999937179314,-3.903928291748571e-06,0.03046256540415293,0.033763157710817504,5915431995.399684,5206456861.957264,-0.05544419161708396,0.014075556643690281,1.86288020412684e+17,0.014075556643690278,-3.469446951953614e-15,1.312893421441877,1.312893421441877,-0.4235393676974835
n21_vd_1_vg_0p05,n21,1.0,0.05,1151,0.0038005600738759316,0.11270390000000001,0.8406741217915293,0.838449594692875,-2.224527098654283,0.9999984238643201,0.9999961481667353,-0.0022756975848192695,0.1593243020727908,0.16154655347386027,38683340.78223146,35497314.13784554,-0.03732847977886315,0.011732571094860561,1.5841305110437603e+17,0.011732571094860561,0.0,1.2547270469656016,1.2547270469656016,-0.29350456449689205
n21_vd_1_vg_0p05,n21,1.0,0.05,1152,0.0038005600738759316,0.09890192,0.5379598506696214,0.5362770392412036,-1.682811428417752,0.8662429577024222,0.8554140604527706,-10.828897249651636,0.32828310703280084,0.31913702121156695,54649.10156558975,77845.71372561381,0.15365167829173007,0.010356623549245762,1.4306311386509411e+17,0.010356623549245762,0.0,1.2217766168353703,1.2217766168353703,0.009897680397824278
n21_vd_1_vg_0p05,n21,1.0,0.05,1160,0.0038005600738759316,0.08340976,0.2840765313074313,0.2824723541359746,-1.6041771714567221,0.5527586683033756,0.5463080643281772,-6.450603975198366,0.2686821369959443,0.26383571019220264,542532.3186862132,654404.1214153734,0.08142041160180927,0.00983162243338339,1.373480279792076e+17,0.009831622433383386,-3.469446951953614e-15,1.209433499590715,1.209433499590715,0.2640435003179452
n21_vd_1_vg_0p05,n21,1.0,0.05,1161,0.0038005600738759316,0.06602039,0.09391257313273588,0.09246412501882072,-1.44844811391516,0.3311212546100535,0.32677818791429786,-4.343066695755626,0.2372086814773176,0.23431406289547713,1819194.6693207927,2034747.6683756677,0.04863138473611334,0.00944144893365522,1.331377420955432e+17,0.00944144893365522,0.0,1.2003411108085666,1.2003411108085666,0.45440254524250445
n21_vd_1_vg_0p05,n21,1.0,0.05,1165,0.0038005600738759316,0.04650150000000001,-0.03855447332857554,-0.03967879720900182,-1.124323880426277,0.17680336172920785,0.17419956802078232,-2.603793708425534,0.2153578350577834,0.21387836522978415,4213973.320528053,4462206.350031985,0.024857868223749476,0.009171732231853835,1.302416908960431e+17,0.009171732231853833,-1.734723475976807e-15,1.194095770418189,1.1940957704181887,0.5870044500547166
n21_vd_1_vg_0p05,n21,1.0,0.05,1166,0.0038005600738759316,0.024592270000000003,-0.12139341622878264,-0.12183542398374521,-0.44200775496257283,0.07989612381315389,0.0788494907563483,-1.046633056805593,0.20128954004193653,0.2006849147400935,7238625.553794804,7409982.760384336,0.010161085947753163,0.009008312474156961,1.2849149033925086e+17,0.009008312474156961,0.0,1.1903275748804667,1.1903275748804667,0.6699251028337715
n21_vd_1_vg_0p8,n21,1.0,0.8,328,0.0038005600738759316,-0.125000012,0.48287214684832164,0.47990235087643224,-2.9697959718893996,7.27517619756957e-06,9.148136855200191e-06,0.0018729606576306215,-0.48286487167212405,-0.47989320273957703,2.364999509430887e+18,2.108196213245735e+18,-0.04992002607419218,0.011494691548784672,1.5571409966950314e+17,0.011494691548784672,0.0,1.2489675632530428,1.2489675632530428,0.06441635021935366
n21_vd_1_vg_0p8,n21,1.0,0.8,350,0.0038005600738759316,-0.12346298750000002,0.4785451729369782,0.47648151225318086,-2.0636606837973193,7.855343939644365e-06,9.856797441742682e-06,0.0020014535020983163,-0.4785373175930385,-0.4764716554557391,2.1720058936404782e+18,2.0052162897203963e+18,-0.03469977533550771,0.015748409668554054,2.0793182574866336e+17,0.015748409668554054,0.0,1.3560659747868258,1.3560659747868258,0.06661646507081294
n21_vd_1_vg_0p8,n21,1.0,0.8,368,0.0038005600738759316,-0.121925975,0.4772666013084437,0.4749675970856884,-2.2990042227553076,8.524691928212395e-06,1.0675394155440993e-05,0.0021507022272285975,-0.47725807661651554,-0.474956921691533,2.0650870525125652e+18,1.889219795769261e+18,-0.03865587621646485,0.015696939645764525,2.0724099554720272e+17,0.015696939645764525,0.0,1.3547167171224221,1.3547167171224221,0.0679207717107421
n21_vd_1_vg_0p8,n21,1.0,0.8,369,0.0038005600738759316,-0.11885195000000003,0.4761625171570795,0.4735399336933131,-2.622583463766426,1.0147262078069112e-05,1.2742348548135305e-05,0.0025950864700661925,-0.4761523698950015,-0.47352719134476495,1.9175393503400192e+18,1.73238756240238e+18,-0.04409922791463073,0.014075556643690281,1.86288020412684e+17,0.014075556643690278,-3.469446951953614e-15,1.312893421441877,1.312893421441877,0.06983554736314332
n21_vd_1_vg_0p8,n21,1.0,0.8,383,0.0038005600738759316,-0.11270390000000001,0.47294917903682665,0.47009070278904747,-2.8584762477791847,1.4877097139041153e-05,1.8820452904198234e-05,0.003943355765157081,-0.4729343019396876,-0.4700718823361433,1.618090832704961e+18,1.4484990279344015e+18,-0.04808468930547758,0.011732571094860561,1.5841305110437603e+17,0.011732571094860561,0.0,1.2547270469656016,1.2547270469656016,0.07422037825781116
n21_vd_1_vg_0p8,n21,1.0,0.8,384,0.0038005600738759316,-0.09890192,0.4557776941067348,0.45333247983334796,-2.445214273386842,4.479985265182755e-05,5.473931015891361e-05,0.009939457507086063,-0.455732894254083,-0.45327774052318903,8.099803133582314e+17,7.365997925640724e+17,-0.04124287122584635,0.010356623549245762,1.4306311386509411e+17,0.010356623549245762,0.0,1.2217766168353703,1.2217766168353703,0.09207983696071084
n21_vd_1_vg_0p8,n21,1.0,0.8,394,0.0038005600738759316,-0.08340976,0.4270443271158098,0.42504937981182705,-1.9949473039827526,0.00017304958337012487,0.00019729285234657056,0.02424326897644568,-0.4268712775324397,-0.42485208695948046,2.6254922548009245e+17,2.428241149486445e+17,-0.03391892697333361,0.00983162243338339,1.373480279792076e+17,0.009831622433383386,-3.469446951953614e-15,1.209433499590715,1.209433499590715,0.12107570450956658
n21_vd_1_vg_0p8,n21,1.0,0.8,395,0.0038005600738759316,-0.06602039,0.39357660214843165,0.39202738594026637,-1.5492162081652827,0.000798062756521874,0.0008753066631840556,0.07724390666218159,-0.39277853939190976,-0.3911520792770823,6.969482539463745e+16,6.544542456428079e+16,-0.027321244945301026,0.00944144893365522,1.331377420955432e+17,0.00944144893365522,0.0,1.2003411108085666,1.2003411108085666,0.15473851622680884
n21_vd_1_vg_0p8,n21,1.0,0.8,401,0.0038005600738759316,-0.04650150000000001,0.36666736672099604,0.3655825551682356,-1.0848115527604119,0.0035611525766281044,0.003818361437930325,0.2572088613022206,-0.36310621414436794,-0.3617641937303053,2.2001981810063044e+16,2.0889065927403068e+16,-0.022542780733204426,0.009171732231853835,1.302416908960431e+17,0.009171732231853833,-1.734723475976807e-15,1.194095770418189,1.1940957704181887,0.1817826100051449
n21_vd_1_vg_0p8,n21,1.0,0.8,402,0.0038005600738759316,-0.024592270000000003,0.35493078793321103,0.3546092453276962,-0.32154260551481295,0.013067815542021376,0.013822918510488487,0.7551029684671109,-0.3418629723911897,-0.3407863268172077,9643136593828420.0,9249828945652530.0,-0.018084616998182385,0.009008312474156961,1.2849149033925086e+17,0.009008312474156961,0.0,1.1903275748804667,1.1903275748804667,0.1936008986717779
n21_vd_1_vg_0p8,n21,1.0,0.8,404,0.0038005600738759316,0.0,0.366509735066452,0.36794577363354586,1.4360385670938447,0.03882614484664571,0.039956321841315125,1.130176994669413,-0.3276835902198063,-0.3279894517922307,5565818373004327.0,5632089565819202.0,0.005140522592575692,0.008950439662547964,1.2787235437934882e+17,0.008950439662547962,-1.734723475976807e-15,1.188995974517899,1.188995974517899,0.18205088794434218
n21_vd_1_vg_0p8,n21,1.0,0.8,1102,0.0038005600738759316,0.125000012,1.2889099728007483,1.2859135393436858,-2.996433457062464,0.999975551287196,0.9999591080752559,-0.016443211940053715,-0.2889344215135523,-0.2859544312684299,1305997397302925.5,1163812622274148.5,-0.05005924836519819,0.011494691548784672,1.5571409966950314e+17,0.011494691548784672,0.0,1.2489675632530428,1.2489675632530428,-0.7416214757330728
n21_vd_1_vg_0p8,n21,1.0,0.8,1122,0.0038005600738759316,0.12346298750000002,1.2812301903488625,1.2788604025689683,-2.3697877798942724,0.9999504324985824,0.9999175874871676,-0.032845011414761593,-0.28127975785028014,-0.27894281508180063,1054579354826774.6,963435744460490.4,-0.039256509979335906,0.015748409668554054,2.0793182574866336e+17,0.015748409668554054,0.0,1.3560659747868258,1.3560659747868258,-0.7360685523410718
n21_vd_1_vg_0p8,n21,1.0,0.8,1138,0.0038005600738759316,0.121925975,1.2682896644729216,1.2665619124196135,-1.727752053308107,0.9998909118608401,0.9998178654557718,-0.07304640506833326,-0.26839875261208146,-0.2667440469638417,640111358956017.8,600426900034846.1,-0.027795392883943268,0.015696939645764525,2.0724099554720272e+17,0.015696939645764525,0.0,1.3547167171224221,1.3547167171224221,-0.7231022914537356
n21_vd_1_vg_0p8,n21,1.0,0.8,1139,0.0038005600738759316,0.11885195000000003,1.2357022476105752,1.2343248321654503,-1.3774154451249299,0.9992615142809093,0.9986945358586756,-0.5669784222336327,-0.23644073332966598,-0.23563029630677468,180204372745356.9,174643777775807.34,-0.013612207967869062,0.014075556643690281,1.86288020412684e+17,0.014075556643690278,-3.469446951953614e-15,1.312893421441877,1.312893421441877,-0.6897041830903525
n21_vd_1_vg_0p8,n21,1.0,0.8,1151,0.0038005600738759316,0.11270390000000001,1.155493093002615,1.1543518952947183,-1.1411977078967794,0.9482833486032185,0.9384803733145585,-9.802975288660033,-0.20720974439939654,-0.2158715219801598,55593756719021.58,77721308796069.81,0.14551408308391617,0.011732571094860561,1.5841305110437603e+17,0.011732571094860561,0.0,1.2547270469656016,1.2547270469656016,-0.6083235357079773
n21_vd_1_vg_0p8,n21,1.0,0.8,1152,0.0038005600738759316,0.09890192,0.9412344006137909,0.9400153556292006,-1.2190449845903562,0.6870166620304616,0.6813395406196217,-5.67712141083998,-0.2542177385833293,-0.2586758150095789,333555612806972.06,396335641183867.9,0.0748948757799676,0.010356623549245762,1.4306311386509411e+17,0.010356623549245762,0.0,1.2217766168353703,1.2217766168353703,-0.39337686954634565
n21_vd_1_vg_0p8,n21,1.0,0.8,1160,0.0038005600738759316,0.08340976,0.7487042793433051,0.7473706302453916,-1.3336490979134474,0.4675659099595134,0.4634029794038928,-4.162930555620614,-0.28113836938379166,-0.28396765084149883,935416893274179.0,1043608133437729.4,0.04753224631089636,0.00983162243338339,1.373480279792076e+17,0.009831622433383386,-3.469446951953614e-15,1.209433499590715,1.209433499590715,-0.2005842477179286
n21_vd_1_vg_0p8,n21,1.0,0.8,1161,0.0038005600738759316,0.06602039,0.5968072096105177,0.5955452101507709,-1.2619994597468098,0.2988172649904829,0.2959832082283529,-2.8340567621299995,-0.2979899446200348,-0.299562001922418,1781648181149656.5,1893362232979720.8,0.026411761147624353,0.00944144893365522,1.331377420955432e+17,0.00944144893365522,0.0,1.2003411108085666,1.2003411108085666,-0.04849209123527681
n21_vd_1_vg_0p8,n21,1.0,0.8,1165,0.0038005600738759316,0.04650150000000001,0.48504110497814984,0.4840706171439563,-0.9704878341935119,0.17591490989088637,0.17420436004565873,-1.7105498452276435,-0.30912619508726347,-0.3098662570982976,2726699223421677.5,2805899150341972.5,0.012434823102459074,0.009171732231853835,1.302416908960431e+17,0.009171732231853833,-1.734723475976807e-15,1.194095770418189,1.1940957704181887,0.0634088717479911
n21_vd_1_vg_0p8,n21,1.0,0.8,1166,0.0038005600738759316,0.024592270000000003,0.40940078019425324,0.40911903164428637,-0.2817485499668759,0.09149436563954447,0.09096154741643876,-0.5328182231057049,-0.3179064145547088,-0.3181574842278476,3817383478551802.0,3854658226930871.5,0.004220087829012509,0.009008312474156961,1.2849149033925086e+17,0.009008312474156961,0.0,1.1903275748804667,1.1903275748804667,0.13913090641073625
n21_vd_1_vg_2p5,n21,1.0,2.5,328,0.0038005600738759316,-0.125000012,0.5811909506917057,0.5659837699342911,-15.207180757414562,0.01845157432983068,0.019982774807250647,1.5312004774199681,-0.562739376361875,-0.5460009951270405,5.195937405819123e+19,2.7193998051674337e+19,-0.2811908484957545,0.011494691548784672,1.5571409966950314e+17,0.011494691548784672,0.0,1.2489675632530428,1.2489675632530428,-0.03390245362402971
n21_vd_1_vg_2p5,n21,1.0,2.5,350,0.0038005600738759316,-0.12346298750000002,0.5708740680752131,0.5641632471274016,-6.710820947811502,0.019277300515662957,0.020864335715617632,1.5870351999546748,-0.5515967675595501,-0.543298911411784,3.6661139075049333e+19,2.6595595143444275e+19,-0.13939624132631168,0.015748409668554054,2.0793182574866336e+17,0.015748409668554054,0.0,1.3560659747868258,1.3560659747868258,-0.025712430067422035
n21_vd_1_vg_2p5,n21,1.0,2.5,368,0.0038005600738759316,-0.121925975,0.572269973392,0.5644914162471222,-7.778557144877851,0.02025904305951975,0.021843871014794503,1.5848279552747522,-0.5520109303324803,-0.5426475452323277,3.721613383682623e+19,2.590806117349257e+19,-0.15729634103413329,0.015696939645764525,2.0724099554720272e+17,0.015696939645764525,0.0,1.3547167171224221,1.3547167171224221,-0.027082600372814538
n21_vd_1_vg_2p5,n21,1.0,2.5,369,0.0038005600738759316,-0.11885195000000003,0.5773138997673732,0.5690051682712437,-8.308731496129539,0.022385237876925874,0.02409317543168244,1.7079375547565667,-0.5549286618904473,-0.5449119928395613,4.037643550478509e+19,2.7406712343388533e+19,-0.16827103456866394,0.014075556643690281,1.86288020412684e+17,0.014075556643690278,-3.469446951953614e-15,1.312893421441877,1.312893421441877,-0.03131583524715046
n21_vd_1_vg_2p5,n21,1.0,2.5,383,0.0038005600738759316,-0.11270390000000001,0.5847386849002025,0.5764118300408427,-8.3268548593598,0.027303735653583173,0.029391090388739778,2.0873547351566053,-0.5574349492466194,-0.547020739652103,4.251591617015293e+19,2.8418563168277082e+19,-0.1749494256877702,0.011732571094860561,1.5841305110437603e+17,0.011732571094860561,0.0,1.2547270469656016,1.2547270469656016,-0.03756912760556488
n21_vd_1_vg_2p5,n21,1.0,2.5,384,0.0038005600738759316,-0.09890192,0.6003786543509092,0.592834750554059,-7.543903796850215,0.042899201556339375,0.04578794218132485,2.888740624985474,-0.5574794527945698,-0.5470468083727341,4.147073343320163e+19,2.7700180620076732e+19,-0.17525911526635776,0.010356623549245762,1.4306311386509411e+17,0.010356623549245762,0.0,1.2217766168353703,1.2217766168353703,-0.05252112328346367
n21_vd_1_vg_2p5,n21,1.0,2.5,394,0.0038005600738759316,-0.08340976,0.6222629145049563,0.6153244232052855,-6.938491299670835,0.06574974517763424,0.06920403040026363,3.4542852226293883,-0.5565131693273221,-0.5461203928050218,3.954568015620529e+19,2.645511715127663e+19,-0.1745893604226284,0.00983162243338339,1.373480279792076e+17,0.009831622433383386,-3.469446951953614e-15,1.209433499590715,1.209433499590715,-0.07414288287957972
n21_vd_1_vg_2p5,n21,1.0,2.5,395,0.0038005600738759316,-0.06602039,0.6521554819185779,0.6459975296204722,-6.157952298105673,0.0969051124587092,0.10108050596913307,4.175393510423869,-0.5552503694598687,-0.5449170236513391,3.737727432187616e+19,2.5062054142572028e+19,-0.17359096409122907,0.00944144893365522,1.331377420955432e+17,0.00944144893365522,0.0,1.2003411108085666,1.2003411108085666,-0.10384036354333744
n21_vd_1_vg_2p5,n21,1.0,2.5,401,0.0038005600738759316,-0.04650150000000001,0.6923107676977598,0.6872185226454152,-5.092245052344624,0.13861505258327844,0.14376822267043438,5.153170087155933,-0.5536957151144813,-0.5434502999749808,3.501265616541632e+19,2.355652745164787e+19,-0.17211378890351622,0.009171732231853835,1.302416908960431e+17,0.009171732231853833,-1.734723475976807e-15,1.194095770418189,1.1940957704181887,-0.1438607909716185
n21_vd_1_vg_2p5,n21,1.0,2.5,402,0.0038005600738759316,-0.024592270000000003,0.74607694486761,0.742510736023106,-3.566208844503982,0.19430470621776685,0.20086962322655913,6.564917008792276,-0.5517722386498431,-0.5416411127965469,3.239958183617809e+19,2.1895032669122773e+19,-0.17019380750917518,0.009008312474156961,1.2849149033925086e+17,0.009008312474156961,0.0,1.1903275748804667,1.1903275748804667,-0.19754525826262076
n21_vd_1_vg_2p5,n21,1.0,2.5,404,0.0038005600738759316,0.0,0.8186691787685606,0.8154310980047677,-3.23808076379295,0.2693317958333508,0.2756735363432411,6.341740509890281,-0.5493373829352097,-0.5397575616615266,2.945435466048344e+19,2.0333737884193042e+19,-0.16093229095987985,0.008950439662547964,1.2787235437934882e+17,0.008950439662547962,-1.734723475976807e-15,1.188995974517899,1.188995974517899,-0.2701085557577662
n21_vd_1_vg_2p5,n21,1.0,2.5,1102,0.0038005600738759316,0.125000012,1.5082979623070125,1.4971979176412327,-11.100044665779851,0.9774185043334772,0.9757861893844603,-1.6323149490169442,-0.5308794579735353,-0.5214117282567724,1.5150980692225841e+19,1.0504891219385913e+19,-0.15904918520443714,0.011494691548784672,1.5571409966950314e+17,0.011494691548784672,0.0,1.2489675632530428,1.2489675632530428,-0.9610094652393371
n21_vd_1_vg_2p5,n21,1.0,2.5,1122,0.0038005600738759316,0.12346298750000002,1.497909798555345,1.4909987474101631,-6.911051145181757,0.9755756658378683,0.9739103784685699,-1.665287369298385,-0.5223341327174766,-0.5170883689415933,1.1819939115497816e+19,9.64921491157065e+18,-0.08812326019203094,0.015748409668554054,2.0793182574866336e+17,0.015748409668554054,0.0,1.3560659747868258,1.3560659747868258,-0.9527481605475542
n21_vd_1_vg_2p5,n21,1.0,2.5,1138,0.0038005600738759316,0.121925975,1.4951133355359094,1.4876933613388514,-7.419974197057977,0.9731665371853636,0.971527732122249,-1.6388050631146456,-0.5219467983505458,-0.5161656292166025,1.1632578130031745e+19,9.301613826538314e+18,-0.09711767312497754,0.015696939645764525,2.0724099554720272e+17,0.015696939645764525,0.0,1.3547167171224221,1.3547167171224221,-0.9499259625167235
n21_vd_1_vg_2p5,n21,1.0,2.5,1139,0.0038005600738759316,0.11885195000000003,1.4906916323221981,1.482463945694798,-8.227686627400255,0.9668283987004209,0.9648535426929139,-1.9748560075070198,-0.5238632336217772,-0.517610403001884,1.2140921725892946e+19,9.532579119607556e+18,-0.10504124059858483,0.014075556643690281,1.86288020412684e+17,0.014075556643690278,-3.469446951953614e-15,1.312893421441877,1.312893421441877,-0.9446935678019752
n21_vd_1_vg_2p5,n21,1.0,2.5,1151,0.0038005600738759316,0.11270390000000001,1.471600286337871,1.4620455494651845,-9.554736872686487,0.9452380479413658,0.9421864735982036,-3.0515743431621667,-0.5263622383965052,-0.5198590758669809,1.2780648273781547e+19,9.938166023577913e+18,-0.10924663548856449,0.011732571094860561,1.5841305110437603e+17,0.011732571094860561,0.0,1.2547270469656016,1.2547270469656016,-0.9244307290432334
n21_vd_1_vg_2p5,n21,1.0,2.5,1152,0.0038005600738759316,0.09890192,1.367136730582738,1.3584273106613363,-8.709419921401729,0.835477714430655,0.834059429138075,-1.4182852925800349,-0.531659016152083,-0.5243678815232613,1.527486553800632e+19,1.1521085463361296e+19,-0.12248399768105114,0.010356623549245762,1.4306311386509411e+17,0.010356623549245762,0.0,1.2217766168353703,1.2217766168353703,-0.8192791995152922
n21_vd_1_vg_2p5,n21,1.0,2.5,1160,0.0038005600738759316,0.08340976,1.2415311380616243,1.2335427452973018,-7.988392764322505,0.7054296372753125,0.7054198263836712,-0.009810891641315322,-0.5361015007863118,-0.5281229189136306,1.7955522607007666e+19,1.3187589944113498e+19,-0.13403261536896946,0.00983162243338339,1.373480279792076e+17,0.009831622433383386,-3.469446951953614e-15,1.209433499590715,1.209433499590715,-0.6934111064362475
n21_vd_1_vg_2p5,n21,1.0,2.5,1161,0.0038005600738759316,0.06602039,1.1197732374429419,1.1119387625467019,-7.834474896240007,0.5798289083360473,0.5805197842524992,0.6908759164518941,-0.5399443291068946,-0.5314189782942027,2.067651886962841e+19,1.48682372378268e+19,-0.143217940003983,0.00944144893365522,1.331377420955432e+17,0.00944144893365522,0.0,1.2003411108085666,1.2003411108085666,-0.5714581190677014
n21_vd_1_vg_2p5,n21,1.0,2.5,1165,0.0038005600738759316,0.04650150000000001,1.0083979583672718,1.000599748782795,-7.798209584476856,0.46503633835631225,0.4662207308538606,1.18439249754837,-0.5433616200109594,-0.5343790179289343,2.3475771390346023e+19,1.658518952664458e+19,-0.15089943288639898,0.009171732231853835,1.302416908960431e+17,0.009171732231853833,-1.734723475976807e-15,1.194095770418189,1.1940957704181887,-0.45994798164113027
n21_vd_1_vg_2p5,n21,1.0,2.5,1166,0.0038005600738759316,0.024592270000000003,0.9083049383578773,0.9008819566120619,-7.422981745815349,0.3618387259979004,0.3637582691453087,1.9195431474082758,-0.5464662123599768,-0.5371236874667533,2.63877323847593e+19,1.8384684955610606e+19,-0.1569458788727575,0.009008312474156961,1.2849149033925086e+17,0.009008312474156961,0.0,1.1903275748804667,1.1903275748804667,-0.35977325175288827
