state,case,device,drain_voltage_V,gate_voltage_V,electron_default_source_A_per_um,electron_direct_source_A_per_um,electron_default_drain_A_per_um,electron_direct_drain_A_per_um,electron_default_common_mode_A_per_um,electron_direct_common_mode_A_per_um,electron_default_antisymmetric_A_per_um,electron_direct_antisymmetric_A_per_um,electron_delta_drain_A_per_um,electron_delta_common_mode_A_per_um,electron_delta_antisymmetric_A_per_um,electron_drain_identity_residual_A_per_um,electron_drain_identity_within_tolerance,electron_common_mode_fraction,electron_default_source_drain_sign_relation,electron_direct_source_drain_sign_relation,electron_default_four_terminal_sum_A_per_um,electron_direct_four_terminal_sum_A_per_um,hole_default_source_A_per_um,hole_direct_source_A_per_um,hole_default_drain_A_per_um,hole_direct_drain_A_per_um,hole_default_common_mode_A_per_um,hole_direct_common_mode_A_per_um,hole_default_antisymmetric_A_per_um,hole_direct_antisymmetric_A_per_um,hole_delta_drain_A_per_um,hole_delta_common_mode_A_per_um,hole_delta_antisymmetric_A_per_um,hole_drain_identity_residual_A_per_um,hole_drain_identity_within_tolerance,hole_common_mode_fraction,hole_default_source_drain_sign_relation,hole_direct_source_drain_sign_relation,hole_default_four_terminal_sum_A_per_um,hole_direct_four_terminal_sum_A_per_um,total_default_source_A_per_um,total_direct_source_A_per_um,total_default_drain_A_per_um,total_direct_drain_A_per_um,total_default_common_mode_A_per_um,total_direct_common_mode_A_per_um,total_default_antisymmetric_A_per_um,total_direct_antisymmetric_A_per_um,total_delta_drain_A_per_um,total_delta_common_mode_A_per_um,total_delta_antisymmetric_A_per_um,total_drain_identity_residual_A_per_um,total_drain_identity_within_tolerance,total_common_mode_fraction,total_default_source_drain_sign_relation,total_direct_source_drain_sign_relation,total_default_four_terminal_sum_A_per_um,total_direct_four_terminal_sum_A_per_um
n17_vd_0p05_vg_0,n17_vd_0p05,n17,0.05,0.0,-2.19153791785775e-15,-1.8769423077562e-14,2.21338043693179e-15,1.25935019213771e-14,1.092125953702e-17,-3.08796057809245e-15,2.20245917739477e-15,1.568146249946955e-14,1.038012148444531e-14,-3.09888183762947e-15,1.347900332207478e-14,0.0,True,0.18692865873880588,opposite_sign,opposite_sign,2.1439869443803707e-17,-6.176350031901625e-15,2.48632278849835e-28,-6.6814528767936e-32,3.3464372044758e-20,3.34643718149393e-20,1.673218614669514e-20,1.6732185907436244e-20,1.673218589806286e-20,1.6732185907503058e-20,-2.298187e-28,-2.3925889668930146e-28,9.440196689301468e-30,0.0,True,0.962041692387956,same_sign,opposite_sign,-2.143986944380991e-17,-2.1444726981253428e-17,-2.1915379178575e-15,-1.8769423077562e-14,2.21341390130383e-15,1.25935353857489e-14,1.0937991723165e-17,-3.08794384590655e-15,2.202475909580665e-15,1.568147923165545e-14,1.038012148444507e-14,-3.098881837629715e-15,1.3479003322074786e-14,0.0,True,0.1869286587388178,opposite_sign,opposite_sign,-9.32766390665626e-30,-6.197794758882894e-15
n17_vd_0p05_vg_0p05,n17_vd_0p05,n17,0.05,0.05,-7.857891927651e-15,-1.8777347253028e-14,7.85438218438605e-15,1.26013830625651e-14,-1.754871632475e-18,-3.08798209523145e-15,7.856137056018525e-15,1.568936515779655e-14,4.74700087817905e-15,-3.086227223598975e-15,7.833228101778025e-15,0.0,True,0.2826356381006047,opposite_sign,opposite_sign,2.1503794428015772e-17,-6.176393082954286e-15,1.41938199838109e-26,-1.55764978646946e-32,3.34638500119824e-20,3.34638453090178e-20,1.6731932102901192e-20,1.6731922654501113e-20,1.673191790908121e-20,1.673192265451669e-20,-4.7029646e-27,-9.448400080154382e-27,4.745435480154383e-27,0.0,True,0.6656692646613166,same_sign,opposite_sign,-2.15037944280225e-17,-2.1506955265073497e-17,-7.8578919276368e-15,-1.8777347253028e-14,7.85441564823606e-15,1.26014165264104e-14,-1.73813970037e-18,-3.0879653633088e-15,7.85615378793643e-15,1.56893818897192e-14,4.74700087817434e-15,-3.08622722360843e-15,7.83322810178277e-15,0.0,True,0.2826356381011031,opposite_sign,opposite_sign,-3.887296999751197e-30,-6.197900038219367e-15
n17_vd_0p05_vg_0p1,n17_vd_0p05,n17,0.05,0.1,-2.86573013549758e-14,-3.80031741240489e-14,2.8671457860538e-14,3.18272510117582e-14,7.0782527811e-18,-3.08796155614535e-15,2.86643796077569e-14,3.491521256790355e-14,3.1557931512202e-15,-3.09503980892645e-15,6.25083296014665e-15,0.0,True,0.3311664822966992,opposite_sign,opposite_sign,2.1628188897818592e-17,-6.1763520235163434e-15,4.63833485428794e-28,-6.59891412297668e-32,3.34633141077193e-20,3.34633134835937e-20,1.6731657285776393e-20,1.6731656741763854e-20,1.6731656821942906e-20,1.6731656741829845e-20,-6.241256e-28,-5.440125372850119e-28,-8.011306271498812e-29,0.0,True,0.8716395182075721,same_sign,opposite_sign,-2.1628188897844948e-17,-2.1626994737842673e-17,-2.86573013549753e-14,-3.80031741240489e-14,2.86714913238521e-14,3.18272844750717e-14,7.0949844384e-18,-3.0879448244886e-15,2.86643963394137e-14,3.49152292995603e-14,3.1557931512196e-15,-3.095039808927e-15,6.2508329601466e-15,0.0,True,0.3311664822967404,opposite_sign,opposite_sign,3.463592411986005e-30,-6.197979018254166e-15
n17_vd_0p05_vg_0p15,n17_vd_0p05,n17,0.05,0.15000000000000002,-1.1375018451079e-13,-9.61821695397028e-14,1.03667485604877e-13,9.04862030127864e-14,-5.0413494529565e-15,-2.8479832634582e-15,1.087088350578335e-13,9.33341862762446e-14,-1.31812825920906e-14,2.1933661894983e-15,-1.53746487815889e-14,0.0,True,0.12484997269800045,opposite_sign,opposite_sign,2.1813411421804666e-17,-5.69639545901553e-15,2.7608216164022e-25,5.51119570486822e-31,3.34628727280287e-20,3.34627840365398e-20,1.673157440509517e-20,1.673139201854546e-20,1.673129832293353e-20,1.673139201799434e-20,-8.86914889e-26,-1.8238654971032475e-25,9.369506081032476e-26,0.0,True,0.6606254917390927,same_sign,same_sign,-2.1813411421783808e-17,-2.180969008576681e-17,-1.13750184510514e-13,-9.61821695397028e-14,1.03667519067749e-13,9.04862364755705e-14,-5.0413327213825e-15,-2.84796653206615e-15,1.087088517891315e-13,9.333420300763665e-14,-1.31812825921785e-14,2.19336618931635e-15,-1.537464878149485e-14,0.0,True,0.12484997268960499,opposite_sign,opposite_sign,-8.077935669463161e-28,-5.718205149101232e-15
n17_vd_0p05_vg_0p2,n17_vd_0p05,n17,0.05,0.2,-4.00443059990832e-13,-4.05315617013584e-13,4.0046556051835e-13,4.13327380813449e-13,1.1250263759e-17,4.0058818999325e-15,4.00454310254591e-13,4.093214989135165e-13,1.2861820295099e-14,3.9946316361735e-15,8.8671886589255e-15,0.0,True,0.3105805822598575,opposite_sign,opposite_sign,2.2020614329513527e-17,8.011334844607658e-15,-2.70539874256356e-28,-1.7846194154141e-31,3.34622652763419e-20,3.34622652752119e-20,1.6731132502901012e-20,1.6731132637516718e-20,1.6731132773440888e-20,1.6731132637695182e-20,-1.13e-30,1.346157061574073e-28,-1.357457061574073e-28,0.0,True,0.49791020473238945,opposite_sign,opposite_sign,-2.20206143296556e-17,-2.2022607459507268e-17,-4.00443059990832e-13,-4.05315617013584e-13,4.00465593980615e-13,4.13327414275714e-13,1.12669948915e-17,4.005898631065e-15,4.004543269857235e-13,4.09321515644649e-13,1.2861820295099e-14,3.9946316361735e-15,8.8671886589255e-15,0.0,True,0.3105805822598575,opposite_sign,opposite_sign,-1.1649565047609512e-28,7.989312237147907e-15
n17_vd_0p05_vg_0p25,n17_vd_0p05,n17,0.05,0.25,-1.52219178421138e-12,-1.53442689515089e-12,1.5222142989558e-12,1.52802170662895e-12,1.125737221e-17,-3.20259426097e-15,1.52220304158359e-12,1.53122430088992e-12,5.80740767315e-15,-3.21385163318e-15,9.02125930633e-15,0.0,True,0.2626744987494744,opposite_sign,opposite_sign,2.2170222986935834e-17,-6.405617502870918e-15,-1.11410824287594e-29,-3.73236727900785e-31,3.34617672230044e-20,3.34617673508691e-20,1.6730883605931658e-20,1.6730883675247932e-20,1.673088361707274e-20,1.6730883675621168e-20,1.278647e-28,6.931627285042931e-29,5.854842714957069e-29,0.0,True,0.5421064050549472,opposite_sign,opposite_sign,-2.2170222983390135e-17,-2.2160269574501703e-17,-1.52219178421138e-12,-1.53442689515089e-12,1.52221433241757e-12,1.52802174009072e-12,1.1274103095e-17,-3.202577530085e-15,1.522203058314475e-12,1.531224317620805e-12,5.80740767315e-15,-3.21385163318e-15,9.02125930633e-15,0.0,True,0.2626744987494744,opposite_sign,opposite_sign,6.238210349386698e-27,-6.427777772442866e-15
n17_vd_0p05_vg_0p3,n17_vd_0p05,n17,0.05,0.30000000000000004,-5.8340623054388e-12,-5.84197359038973e-12,5.83408518167515e-12,5.8357984144208e-12,1.1438118175e-17,-3.087587984465e-15,5.834073743556975e-12,5.838886002405265e-12,1.71323274565e-15,-3.09902610264e-15,4.81225884829e-15,0.0,True,0.3917222198241891,opposite_sign,opposite_sign,2.2218758479436923e-17,-6.1756049783550675e-15,1.03043869812427e-28,-8.2304028953086e-31,3.34612994009785e-20,3.34612995814623e-20,1.6730649752011186e-20,1.673064979031963e-20,1.6730649648967316e-20,1.673064979114267e-20,1.804838e-28,3.830844494902107e-29,1.4217535505097893e-28,0.0,True,0.21225420203376186,same_sign,opposite_sign,-2.2218758477672278e-17,-2.221816407098696e-17,-5.8340623054388e-12,-5.84197359038973e-12,5.83408521513645e-12,5.8357984478821e-12,1.1454848825e-17,-3.087571253815e-15,5.834073760287625e-12,5.838886019135915e-12,1.71323274565e-15,-3.09902610264e-15,4.81225884829e-15,0.0,True,0.3917222198241891,opposite_sign,opposite_sign,2.2310650403122164e-27,-6.197823142425665e-15
n17_vd_0p05_vg_0p35,n17_vd_0p05,n17,0.05,0.35000000000000003,-2.25058814192876e-11,-2.2523991891246e-11,2.2505904713783e-11,2.25178189577018e-11,1.16472477e-17,-3.0864667721e-15,2.25058930665353e-11,2.25209054244739e-11,1.19142439188e-14,-3.0981140198e-15,1.50123579386e-14,0.0,True,0.1710675473790197,opposite_sign,opposite_sign,2.220302168677499e-17,-6.1733625854061996e-15,5.07601667326353e-29,-2.31762909101328e-30,3.34608666359853e-20,3.34608668130229e-20,1.6730433343372734e-20,1.6730433405352635e-20,1.6730433292612566e-20,1.6730433407670266e-20,1.770376e-28,6.19799020881757e-29,1.150576979118243e-28,0.0,True,0.3500945679797721,same_sign,opposite_sign,-2.2203021630949255e-17,-2.2197912209779794e-17,-2.25058814192876e-11,-2.2523991891246e-11,2.25059047472438e-11,2.25178189911627e-11,1.16639781e-17,-3.08645004165e-15,2.25058930832657e-11,2.252090544120435e-11,1.19142439189e-14,-3.09811401975e-15,1.501235793865e-14,0.0,True,0.1710675473762589,opposite_sign,opposite_sign,-1.0914784255226894e-26,-6.195560497582677e-15
n17_vd_0p05_vg_0p4,n17_vd_0p05,n17,0.05,0.4,-8.72431739491206e-11,-8.72404755680827e-11,8.72431968824678e-11,8.72421118264766e-11,1.14666736e-17,8.1812919695e-16,8.72431854157942e-11,8.724129369727966e-11,-1.0850559912e-15,8.0666252335e-16,-1.89171851455e-15,0.0,True,0.2989431485101825,opposite_sign,opposite_sign,2.21456276396279e-17,1.6358293169052229e-15,3.76020236349848e-28,-7.69627809988379e-30,3.34604696997037e-20,3.34604696895637e-20,1.6730235037861968e-20,1.673023484093371e-20,1.6730234661841733e-20,1.673023484862999e-20,-1.014e-29,-1.969282572248659e-28,1.867882572248659e-28,0.0,True,0.5132128793238692,same_sign,opposite_sign,-2.2145627718972076e-17,-2.2141900322423433e-17,-8.72431739491206e-11,-8.72404755680827e-11,8.72431969159283e-11,8.72421118599371e-11,1.148340385e-17,8.181459272e-16,8.724318543252446e-11,8.72412937140099e-11,-1.0850559912e-15,8.0666252335e-16,-1.89171851455e-15,0.0,True,0.2989431485101825,opposite_sign,opposite_sign,-4.6741657230377345e-26,1.6136874166157957e-15
n17_vd_0p05_vg_0p45,n17_vd_0p05,n17,0.05,0.45,-3.39214255616184e-10,-3.3920226399446e-10,3.3921428001665e-10,3.39214616826408e-10,1.2200233e-17,6.176415974e-15,3.39214267816417e-10,3.39208440410434e-10,3.36809758e-16,6.164215741e-15,-5.827405983e-15,0.0,True,0.5140435449746513,opposite_sign,opposite_sign,2.209199415221003e-17,1.2352402829901379e-14,2.7812786303913e-30,-2.85377852889008e-29,3.34601238301201e-20,3.34601236543481e-20,1.673006191645069e-20,1.6730061812905158e-20,1.673006191366941e-20,1.673006184144294e-20,-1.75772e-28,-1.0354553195964606e-28,-7.222646804035395e-29,0.0,True,0.5890900254855498,same_sign,opposite_sign,-2.20919945578055e-17,-2.210407592481299e-17,-3.39214255616184e-10,-3.3920226399446e-10,3.3921428005011e-10,3.39214616859868e-10,1.2216963e-17,6.176432704e-15,3.39214267833147e-10,3.39208440427164e-10,3.36809758e-16,6.164215741e-15,-5.827405983e-15,0.0,True,0.5140435449746513,opposite_sign,opposite_sign,-5.56662674486529e-25,1.2330298753825705e-14
n17_vd_0p05_vg_0p5,n17_vd_0p05,n17,0.05,0.5,-1.31948522198787e-09,-1.31949034236654e-09,1.31948525266962e-09,1.31949478000053e-09,1.5340875e-17,2.218816995e-15,1.319485237328745e-09,1.319492561183535e-09,9.52733091e-15,2.20347612e-15,7.32385479e-15,0.0,True,0.2312794780421876,opposite_sign,opposite_sign,2.2088874542526426e-17,4.4372048228994964e-15,3.33247970253787e-28,-1.09574492915086e-28,3.34598358241559e-20,3.34598357714935e-20,1.6729918078701935e-20,1.6729917830959504e-20,1.6729917745453965e-20,1.6729917940533997e-20,-5.26624e-29,-2.477424315844365e-28,1.950800315844365e-28,0.0,True,0.5594622048113184,same_sign,opposite_sign,-2.2088872965794596e-17,-2.209531106175148e-17,-1.31948522198787e-09,-1.31949034236654e-09,1.31948525270308e-09,1.31949478003399e-09,1.5357605e-17,2.218833725e-15,1.319485237345475e-09,1.319492561200265e-09,9.52733091e-15,2.20347612e-15,7.32385479e-15,0.0,True,0.2312794780421876,opposite_sign,opposite_sign,1.6099425259669847e-24,4.415109512078246e-15
n17_vd_0p05_vg_0p55,n17_vd_0p05,n17,0.05,0.55,-5.11217241633222e-09,-5.11216078650114e-09,5.11217285458496e-09,5.11216454417383e-09,2.1912637e-16,1.878836345e-15,5.11217263545859e-09,5.112162665337485e-09,-8.31041113e-15,1.659709975e-15,-9.970121105e-15,0.0,True,0.14271144297652172,opposite_sign,opposite_sign,2.2088049488264832e-17,3.7572434609509786e-15,-2.28290623525122e-28,-4.22894360184549e-28,3.34594833063361e-20,3.34594832134489e-20,1.6729741539022738e-20,1.672974139527727e-20,1.6729741767313362e-20,1.672974181817163e-20,-9.28872e-29,-1.437454683297135e-28,5.08582683297135e-29,0.0,True,0.738657287867397,opposite_sign,opposite_sign,-2.2088062825770855e-17,-2.2104272283704446e-17,-5.11217241633222e-09,-5.11216078650114e-09,5.11217285461842e-09,5.11216454420729e-09,2.191431e-16,1.878853075e-15,5.11217263547532e-09,5.112162665354215e-09,-8.31041113e-15,1.659709975e-15,-9.970121105e-15,0.0,True,0.14271144297652172,opposite_sign,opposite_sign,-1.2537625803307745e-23,3.735139188640261e-15
n17_vd_0p05_vg_0p6,n17_vd_0p05,n17,0.05,0.6000000000000001,-1.95518733029295e-08,-1.95518736879976e-08,1.95518786943721e-08,1.95518792431802e-08,2.6957213e-15,2.7775913e-15,1.95518759986508e-08,1.95518764655889e-08,5.488081e-16,8.187e-17,4.669381e-16,0.0,True,0.14917782736807275,opposite_sign,opposite_sign,2.2043807338712225e-17,5.554753284245533e-15,-1.77428542439761e-27,-1.61646673874978e-27,3.34591569237732e-20,3.34591567104031e-20,1.6729577574743888e-20,1.672957754696818e-20,1.6729579349029314e-20,1.672957916343492e-20,-2.133701e-28,-2.7775707176085e-29,-1.85594392823915e-28,0.0,True,0.13017619233475075,opposite_sign,opposite_sign,-2.204378999006471e-17,-2.2037244790371363e-17,-1.95518733029295e-08,-1.95518736879976e-08,1.95518786944055e-08,1.95518792432137e-08,2.695738e-15,2.77760805e-15,1.95518759986675e-08,1.955187646560565e-08,5.488082e-16,8.187005e-17,4.6693815e-16,0.0,True,0.1491778912924406,opposite_sign,opposite_sign,-4.0253363182893614e-23,5.532716077806153e-15
n17_vd_0p05_vg_0p65,n17_vd_0p05,n17,0.05,0.65,-7.23422420142813e-08,-7.23422554355231e-08,7.23422572223506e-08,7.23422607797032e-08,7.60403465e-15,2.67209005e-15,7.234224961831595e-08,7.234225810761315e-08,3.5573526e-15,-4.9319446e-15,8.4892972e-15,0.0,True,0.3674730456014882,opposite_sign,opposite_sign,2.2005616701909557e-17,5.343750642208544e-15,-3.06520020086093e-27,-5.98211794481886e-27,3.34588866505046e-20,3.34588864915777e-20,1.67294417926522e-20,1.6729440254729878e-20,1.67294448578524e-20,1.672944623684782e-20,-1.589269e-28,-1.537922321978965e-27,1.378995421978965e-27,0.0,True,0.5272422663150511,opposite_sign,opposite_sign,-2.2005549668960394e-17,-2.201233648600854e-17,-7.23422420142813e-08,-7.23422554355231e-08,7.2342257222384e-08,7.23422607797367e-08,7.60405135e-15,2.6721068e-15,7.234224961833265e-08,7.23422581076299e-08,3.5573527e-15,-4.93194455e-15,8.48929725e-15,0.0,True,0.3674730418760505,opposite_sign,opposite_sign,1.3011266666880011e-23,5.321738344348112e-15
n17_vd_0p05_vg_0p7,n17_vd_0p05,n17,0.05,0.7000000000000001,-2.47718154908142e-07,-2.47718164784702e-07,2.47718163414034e-07,2.4771816915805e-07,4.252946e-15,2.186674e-15,2.47718159161088e-07,2.47718166971376e-07,5.744016e-15,-2.066272e-15,7.810288e-15,0.0,True,0.2092096843435366,opposite_sign,opposite_sign,2.2021756444226814e-17,4.372918275880654e-15,1.48438508100442e-26,-2.04919206551491e-26,3.34588488395524e-20,3.34588481492964e-20,1.6729431841701606e-20,1.6729413828687872e-20,1.6729416997850795e-20,1.6729434320608528e-20,-6.90256e-28,-1.801301373259665e-26,1.732275773259665e-26,0.0,True,0.5097670996185822,same_sign,opposite_sign,-2.20217904684269e-17,-2.2032412028320326e-17,-2.47718154908142e-07,-2.47718164784702e-07,2.47718163414068e-07,2.47718169158083e-07,4.252963e-15,2.1866905e-15,2.47718159161105e-07,2.477181669713925e-07,5.744015e-15,-2.0662725e-15,7.8102875e-15,0.0,True,0.20920973496845052,opposite_sign,opposite_sign,4.943091257852788e-22,4.35088538637006e-15
n17_vd_0p05_vg_0p75,n17_vd_0p05,n17,0.05,0.75,-7.27661197714764e-07,-7.27661202059645e-07,7.27661197736181e-07,7.27661199624147e-07,1.07085e-17,-1.217749e-15,7.276611977254725e-07,7.27661200841896e-07,1.887966e-15,-1.2284575e-15,3.1164235e-15,0.0,True,0.28273674238719076,opposite_sign,opposite_sign,2.2069590440762288e-17,-2.4359281394015765e-15,-6.0149458472468e-26,-6.02167871468606e-26,3.34593036558982e-20,3.34593038159156e-20,1.6729621753219862e-20,1.6729621799564228e-20,1.6729681902678337e-20,1.6729682016351375e-20,1.600174e-28,4.63443628037e-29,1.136730371963e-28,0.0,True,0.28962077126425,opposite_sign,opposite_sign,-2.206977988842426e-17,-2.2066300235734273e-17,-7.27661197714764e-07,-7.27661202059645e-07,7.27661197736215e-07,7.2766119962418e-07,1.07255e-17,-1.2177325e-15,7.276611977254895e-07,7.276612008419125e-07,1.887965e-15,-1.228458e-15,3.116423e-15,0.0,True,0.28273685746514116,opposite_sign,opposite_sign,3.385058401487409e-22,-2.457994970475085e-15
n17_vd_0p05_vg_0p8,n17_vd_0p05,n17,0.05,0.8,-1.70824406041416e-06,-1.70824406716284e-06,1.70824405481334e-06,1.70824407415107e-06,-2.80041e-15,3.494115e-15,1.70824405761375e-06,1.708244070656955e-06,1.933773e-14,6.294525e-15,1.3043205e-14,0.0,True,0.32550485501659193,opposite_sign,opposite_sign,2.2108759696407773e-17,6.9877991997985926e-15,-4.48385311472256e-27,-1.4141601237245e-25,3.34605336144927e-20,3.34605337240241e-20,1.6730264565319792e-20,1.6730196154005865e-20,1.6730269049172906e-20,1.6730337570018236e-20,1.095314e-28,-6.841131392886372e-26,6.852084532886372e-26,0.0,True,0.4996000523157097,opposite_sign,opposite_sign,-2.211283985421876e-17,-2.2115122542003487e-17,-1.70824406041416e-06,-1.70824406716284e-06,1.70824405481338e-06,1.7082440741511e-06,-2.80039e-15,3.49413e-15,1.70824405761377e-06,1.70824407065697e-06,1.933772e-14,6.29452e-15,1.30432e-14,0.0,True,0.32550476478095663,opposite_sign,opposite_sign,2.4816198157707032e-21,6.965680686533908e-15
n17_vd_0p05_vg_0p85,n17_vd_0p05,n17,0.05,0.8500000000000001,-3.19155981830883e-06,-3.19155982888418e-06,3.19155982068896e-06,3.19155982538602e-06,1.190065e-15,-1.74908e-15,3.191559819498895e-06,3.1915598271351e-06,4.69706e-15,-2.939145e-15,7.636205e-15,0.0,True,0.27792413489860857,opposite_sign,opposite_sign,2.213460249012483e-17,-3.4985915177729684e-15,-2.82724958044845e-25,-2.6430850292474e-25,3.34625361976346e-20,3.34625234504853e-20,1.6731126736338277e-20,1.6731129570991188e-20,1.673140946129632e-20,1.6731393879494113e-20,-1.27471493e-26,2.8346529100525e-27,-1.55818022100525e-26,0.0,True,0.1539195730973192,opposite_sign,opposite_sign,-2.2138781346744223e-17,-2.2148530915875516e-17,-3.19155981830883e-06,-3.19155982888418e-06,3.19155982068899e-06,3.19155982538605e-06,1.19008e-15,-1.749065e-15,3.19155981949891e-06,3.191559827135115e-06,4.69706e-15,-2.939145e-15,7.636205e-15,0.0,True,0.27792413489860857,opposite_sign,opposite_sign,-7.571440467721922e-21,-3.5207434412783584e-15
n17_vd_0p05_vg_0p9,n17_vd_0p05,n17,0.05,0.9,-5.00514464221086e-06,-5.0051446486529e-06,5.00514464275944e-06,5.00514465315693e-06,2.7429e-16,2.252015e-15,5.00514464248515e-06,5.005144650904915e-06,1.039749e-14,1.977725e-15,8.419765e-15,0.0,True,0.19021177226426764,opposite_sign,opposite_sign,2.2148478423356318e-17,4.503597921802242e-15,-4.06095051376558e-25,-4.14641364622034e-25,3.34650039070978e-20,3.34650044173976e-20,1.6732298906023213e-20,1.673229488801649e-20,1.6732705001074587e-20,1.673270952938111e-20,5.102998e-28,-4.018006722738e-27,4.528306522738e-27,0.0,True,0.47014503299009497,opposite_sign,opposite_sign,-2.2151372736821054e-17,-2.2152469491785667e-17,-5.00514464221086e-06,-5.0051446486529e-06,5.00514464275948e-06,5.00514465315696e-06,2.7431e-16,2.25203e-15,5.00514464248517e-06,5.00514465090493e-06,1.039748e-14,1.97772e-15,8.41976e-15,0.0,True,0.19021147431877727,opposite_sign,opposite_sign,3.451637244294473e-21,4.4814424809067815e-15
n17_vd_0p05_vg_0p95,n17_vd_0p05,n17,0.05,0.9500000000000001,-6.98315508214703e-06,-6.98315509830538e-06,6.9831550822054e-06,6.98315508554316e-06,2.9185e-17,-6.38111e-15,6.983155082176215e-06,6.98315509192427e-06,3.33776e-15,-6.410295e-15,9.748055e-15,0.0,True,0.3967171771870272,opposite_sign,opposite_sign,2.2159989272241593e-17,-1.276265254047203e-14,-5.78016710084676e-25,-5.78688572648934e-25,3.34677462500356e-20,3.34677466437724e-20,1.6733584116662758e-20,1.6733583977599876e-20,1.6734162133372843e-20,1.6734162666172524e-20,3.937368e-28,-1.39062882129e-28,5.32799682129e-28,0.0,True,0.20698114395252845,opposite_sign,opposite_sign,-2.2157005234242674e-17,-2.21613650538283e-17,-6.98315508214703e-06,-6.98315509830538e-06,6.98315508220543e-06,6.98315508554319e-06,2.92e-17,-6.381095e-15,6.98315508217623e-06,6.983155091924285e-06,3.33776e-15,-6.410295e-15,9.748055e-15,0.0,True,0.3967171771870272,opposite_sign,opposite_sign,-8.369770805088975e-22,-1.2784816879507712e-14
n17_vd_0p05_vg_1,n17_vd_0p05,n17,0.05,1.0,-9.02696869288572e-06,-9.02696868166919e-06,9.02696869291507e-06,9.02696869320456e-06,1.4675e-17,5.767685e-15,9.026968692900396e-06,9.026968687436876e-06,2.8949e-16,5.75301e-15,-5.46352e-15,0.0,True,0.5129046148853522,opposite_sign,opposite_sign,2.2158950736429077e-17,1.1534937709904147e-14,-7.48437953509944e-25,-7.48271769040937e-25,3.34706003328595e-20,3.34706002636717e-20,1.6734925947452994e-20,1.673492599595133e-20,1.6735674385406506e-20,1.673567426772037e-20,-6.91878e-29,4.84983345035e-29,-1.176861345035e-28,0.0,True,0.2918343380298502,opposite_sign,opposite_sign,-2.2159638773374293e-17,-2.2167567440944697e-17,-9.02696869288572e-06,-9.02696868166919e-06,9.0269686929151e-06,9.0269686932046e-06,1.469e-17,5.767705e-15,9.02696869290041e-06,9.026968687436894e-06,2.895e-16,5.753015e-15,-5.463515e-15,0.0,True,0.5129050606560139,opposite_sign,opposite_sign,-3.664702738937277e-21,1.1512777330192679e-14
n17_vd_0p05_vg_1p05,n17_vd_0p05,n17,0.05,1.05,-1.10853376900754e-05,-1.10853376927986e-05,1.10853376900944e-05,1.10853376941503e-05,9.5e-18,6.7585e-16,1.10853376900849e-05,1.108533769347445e-05,4.0559e-15,6.6635e-16,3.38955e-15,0.0,True,0.1642915259251954,opposite_sign,opposite_sign,2.2207847649435684e-17,1.3512668434977759e-15,-9.1896724956603e-25,-9.19133724696456e-25,3.34734898588691e-20,3.34734898924867e-20,1.6736285445809766e-20,1.6736285379381002e-20,1.6737204413059334e-20,1.6737204513105698e-20,3.36176e-29,-6.6428765213e-29,1.00046365213e-28,0.0,True,0.39903116485334905,opposite_sign,opposite_sign,-2.216116674132958e-17,-2.2150000030901038e-17,-1.10853376900754e-05,-1.10853376927986e-05,1.10853376900944e-05,1.10853376941503e-05,9.5e-18,6.7585e-16,1.10853376900849e-05,1.108533769347445e-05,4.0559e-15,6.6635e-16,3.38955e-15,0.0,True,0.1642915259251954,opposite_sign,opposite_sign,1.3208337214563747e-20,1.329083370896116e-15
n17_vd_0p05_vg_1p1,n17_vd_0p05,n17,0.05,1.1,-1.31316646300989e-05,-1.31316646306286e-05,1.31316646301225e-05,1.31316646358175e-05,1.18e-17,2.59445e-15,1.31316646301107e-05,1.313166463322305e-05,5.695e-15,2.58265e-15,3.11235e-15,0.0,True,0.45349429323968393,opposite_sign,opposite_sign,2.2179764357321266e-17,5.188464625309016e-15,-1.08909384655789e-24,-1.08905941326868e-24,3.34763745826043e-20,3.34763744477771e-20,1.673764274437887e-20,1.6737642694181916e-20,1.673873183822543e-20,1.6738731753595183e-20,-1.348272e-28,-5.0196955395e-29,-8.4630244605e-29,0.0,True,0.3723058507111325,opposite_sign,opposite_sign,-2.216238466704424e-17,-2.2164941908280535e-17,-1.31316646300989e-05,-1.31316646306286e-05,1.31316646301225e-05,1.31316646358175e-05,1.18e-17,2.59445e-15,1.31316646301107e-05,1.313166463322305e-05,5.695e-15,2.58265e-15,3.11235e-15,0.0,True,0.45349429323968393,opposite_sign,opposite_sign,-1.6095595211683413e-20,5.166266208115347e-15
n17_vd_0p05_vg_1p15,n17_vd_0p05,n17,0.05,1.1500000000000001,-1.51517748239399e-05,-1.51517748213219e-05,1.51517748239547e-05,1.51517748342241e-05,7.4e-18,6.4511e-15,1.51517748239473e-05,1.5151774827773e-05,1.02694e-14,6.4437e-15,3.8257e-15,0.0,True,0.6274660642296531,opposite_sign,opposite_sign,2.2172415086813996e-17,1.2901766516452158e-14,-1.25691240341433e-24,-1.25686964004896e-24,3.3479231020092e-20,3.34792309612377e-20,1.6738987053844294e-20,1.6738987045798827e-20,1.6740243966247708e-20,1.6740243915438875e-20,-5.88543e-29,-8.045467315e-30,-5.0808832685e-29,0.0,True,0.13670143583391528,opposite_sign,opposite_sign,-2.2163608914220912e-17,-2.21659742299619e-17,-1.51517748239399e-05,-1.51517748213219e-05,1.51517748239547e-05,1.51517748342242e-05,7.4e-18,6.45115e-15,1.51517748239473e-05,1.515177482777305e-05,1.02695e-14,6.44375e-15,3.82575e-15,0.0,True,0.6274648230196211,opposite_sign,opposite_sign,-2.4671801514665408e-20,1.2879667014135879e-14
n17_vd_0p05_vg_1p2,n17_vd_0p05,n17,0.05,1.2000000000000002,-1.71380003457616e-05,-1.71380003320696e-05,1.71380003457811e-05,1.7138000353777e-05,9.75e-18,1.08537e-14,1.713800034577135e-05,1.71380003429233e-05,7.9959e-15,1.084395e-14,-2.84805e-15,0.0,True,0.7919916739702016,opposite_sign,opposite_sign,2.2172027343992374e-17,2.1706963355671978e-14,-1.42234702091231e-24,-1.42192007498483e-24,3.34820448934072e-20,3.34820449675569e-20,1.6740311273193144e-20,1.6740311523740957e-20,1.6741733620214055e-20,1.6741733443815943e-20,7.41497e-29,2.5054781374e-28,-1.7639811374e-28,0.0,True,0.5868373431240581,opposite_sign,opposite_sign,-2.2164949390384515e-17,-2.2173474729972017e-17,-1.71380003457616e-05,-1.71380003320696e-05,1.71380003457811e-05,1.7138000353777e-05,9.75e-18,1.08537e-14,1.713800034577135e-05,1.71380003429233e-05,7.9959e-15,1.084395e-14,-2.84805e-15,0.0,True,0.7919916739702016,opposite_sign,opposite_sign,-2.6402668938505273e-20,2.168475640031896e-14
n17_vd_0p05_vg_1p25,n17_vd_0p05,n17,0.05,1.25,-1.90862785120132e-05,-1.90862794367994e-05,1.90862781356123e-05,1.90862794212372e-05,-1.8820045e-13,-7.7811e-15,1.908627832381275e-05,1.90862794290183e-05,1.2856249e-12,1.8041935e-13,1.10520555e-12,0.0,True,0.1403359175759586,opposite_sign,opposite_sign,2.2172241944746954e-17,-1.556263571539844e-14,-9.92719045435757e-26,-1.58386362362757e-24,3.34853209610174e-20,3.34848091911844e-20,1.674261084455643e-20,1.6741612663780385e-20,1.674271011646097e-20,1.6743196527404013e-20,-5.11769833e-25,-9.981807760419972e-25,4.864109430419971e-25,0.0,True,0.6723604632914719,opposite_sign,opposite_sign,-2.2166430816682187e-17,-2.217062883279564e-17,-1.90862785120132e-05,-1.90862794367994e-05,1.90862781356124e-05,1.90862794212373e-05,-1.882004e-13,-7.78105e-15,1.90862783238128e-05,1.908627942901835e-05,1.2856249e-12,1.8041935e-13,1.10520555e-12,0.0,True,0.1403359175759586,opposite_sign,opposite_sign,7.396986038827884e-20,-1.558473818350289e-14
n17_vd_0p05_vg_1p3,n17_vd_0p05,n17,0.05,1.3,-2.09946321320441e-05,-2.09946327861696e-05,2.09946318842439e-05,2.09946327790639e-05,-1.239001e-13,-3.55285e-15,2.0994632008144e-05,2.099463278261675e-05,8.9482e-13,1.2034725e-13,7.7447275e-13,0.0,True,0.134493250039114,opposite_sign,opposite_sign,2.207646164073405e-17,-7.106133506826166e-15,-1.09694928941958e-24,-1.74252934109026e-24,3.34877345623279e-20,3.34875211564538e-20,1.674331880651924e-20,1.6742889313556355e-20,1.674441575580866e-20,1.6744631842897444e-20,-2.134058741e-25,-4.2949296288534e-25,2.1608708878534e-25,0.0,True,0.6652822709962402,opposite_sign,opposite_sign,-2.216804652229576e-17,-2.2179302267685988e-17,-2.09946321320441e-05,-2.09946327861696e-05,2.0994631884244e-05,2.09946327790639e-05,-1.2390005e-13,-3.55285e-15,2.099463200814405e-05,2.099463278261675e-05,8.948199e-13,1.203472e-13,7.744727e-13,0.0,True,0.13449320919215144,opposite_sign,opposite_sign,-2.3427565566294956e-20,-7.12834629487248e-15
n17_vd_0p05_vg_1p35,n17_vd_0p05,n17,0.05,1.35,-2.28623212508442e-05,-2.28623217285684e-05,2.2862321081095e-05,2.28623217245236e-05,-8.48746e-14,-2.0224e-15,2.28623211659696e-05,2.2862321726546e-05,6.434286e-13,8.28522e-14,5.605764e-13,0.0,True,0.12876673495707217,opposite_sign,opposite_sign,2.2255986025733376e-17,-4.045234546520629e-15,-1.59724896115721e-24,-1.89785106000503e-24,3.3490275205817e-20,3.34901791105594e-20,1.6744338978427922e-20,1.6744140629749696e-20,1.6745936227389078e-20,1.6746038480809704e-20,-9.60952576e-26,-1.9834867822391e-25,1.0225342062391e-25,0.0,True,0.6598379684778055,opposite_sign,opposite_sign,-2.2169776984477542e-17,-2.2162434697194002e-17,-2.28623212508442e-05,-2.28623217285684e-05,2.2862321081095e-05,2.28623217245237e-05,-8.48746e-14,-2.02235e-15,2.28623211659696e-05,2.286232172654605e-05,6.434287e-13,8.285225e-14,5.6057645e-13,0.0,True,0.12876679265317198,opposite_sign,opposite_sign,5.272036371218352e-20,-4.067332213677201e-15
n17_vd_0p05_vg_1p4,n17_vd_0p05,n17,0.05,1.4000000000000001,-2.46893679003026e-05,-2.46893682482663e-05,2.46893677803941e-05,2.46893682652421e-05,-5.995425e-14,8.4879e-15,2.468936784034835e-05,2.46893682567542e-05,4.84848e-13,6.844215e-14,4.1640585e-13,0.0,True,0.14116207553707552,opposite_sign,opposite_sign,2.2076203714797722e-17,1.69753649930537e-14,-1.9018065894524e-24,-2.04982590978547e-24,3.34928283845921e-20,3.34927824626785e-20,1.6745463289001324e-20,1.6745366318384358e-20,1.6747365095590777e-20,1.6747416144294144e-20,-4.59219136e-26,-9.6970616966535e-26,5.1048703366535e-26,0.0,True,0.6551213500260218,opposite_sign,opposite_sign,-2.2171600097384398e-17,-2.2182014159529733e-17,-2.46893679003026e-05,-2.46893682482663e-05,2.46893677803942e-05,2.46893682652421e-05,-5.99542e-14,8.4879e-15,2.46893678403484e-05,2.46893682567542e-05,4.848479e-13,6.84421e-14,4.164058e-13,0.0,True,0.14116200152666433,opposite_sign,opposite_sign,-3.063148631729358e-20,1.6953149488161534e-14
n17_vd_0p05_vg_1p45,n17_vd_0p05,n17,0.05,1.4500000000000002,-2.64762668483558e-05,-2.64762671256825e-05,2.6476266761604e-05,2.64762671279933e-05,-4.33759e-14,1.1554e-15,2.64762668049799e-05,2.64762671268379e-05,3.663893e-13,4.45313e-14,3.21858e-13,0.0,True,0.12154094019667058,opposite_sign,opposite_sign,2.2189330693192385e-17,2.310364831827859e-15,-2.12173841257438e-24,-2.19849103556058e-24,3.34953547105919e-20,3.3495331351217e-20,1.6746616486089662e-20,1.674656643009072e-20,1.6748738224502238e-20,1.6748764921126282e-20,-2.33593749e-26,-5.00559989431e-26,2.66966240431e-26,0.0,True,0.6521731374848256,opposite_sign,opposite_sign,-2.217349494986682e-17,-2.2164148831623017e-17,-2.64762668483558e-05,-2.64762671256825e-05,2.6476266761604e-05,2.64762671279933e-05,-4.33759e-14,1.1554e-15,2.64762668049799e-05,2.64762671268379e-05,3.663893e-13,4.45313e-14,3.21858e-13,0.0,True,0.12154094019667058,opposite_sign,opposite_sign,-1.7657489604761787e-20,2.2881671898633756e-15
n17_vd_0p05_vg_1p5,n17_vd_0p05,n17,0.05,1.5,-2.82238048373654e-05,-2.82238050405594e-05,2.82238047733386e-05,2.82238050358985e-05,-3.20134e-14,-2.33045e-15,2.8223804805352e-05,2.822380503822895e-05,2.625599e-13,2.968295e-14,2.3287695e-13,0.0,True,0.11305210734769473,opposite_sign,opposite_sign,2.2195892838981218e-17,-4.661336603288301e-15,-2.3023254143572e-24,-2.34390826899757e-24,3.34978387270257e-20,3.34978264460953e-20,1.674776820080567e-20,1.674774126891315e-20,1.675007052622003e-20,1.675008517718215e-20,-1.22809304e-26,-2.6931892520185e-26,1.4650962120185e-26,0.0,True,0.6476681977008533,opposite_sign,opposite_sign,-2.217544314941219e-17,-2.2165597415669576e-17,-2.82238048373654e-05,-2.82238050405594e-05,2.82238047733386e-05,2.82238050358986e-05,-3.20134e-14,-2.3304e-15,2.8223804805352e-05,2.8223805038229e-05,2.6256e-13,2.9683e-14,2.32877e-13,0.0,True,0.11305225472273005,opposite_sign,opposite_sign,-1.3045846820111594e-20,-4.683434052232837e-15
n17_vd_0p05_vg_1p55,n17_vd_0p05,n17,0.05,1.55,-2.99329453252689e-05,-2.99329454766688e-05,2.99329452772455e-05,2.99329454878028e-05,-2.40117e-14,5.567e-15,2.99329453012572e-05,2.99329454822358e-05,2.105573e-13,2.95787e-14,1.809786e-13,0.0,True,0.14047815012825488,opposite_sign,opposite_sign,2.2168256892456448e-17,1.1133564348930236e-14,-2.46299370910375e-24,-2.486154425485e-24,3.35002753316505e-20,3.35002687572993e-20,1.67489061689707e-20,1.6748891301436908e-20,1.67513691626798e-20,1.6751377455862393e-20,-6.5743512e-27,-1.4867533790625e-26,8.293182590625e-27,0.0,True,0.6419289259403551,opposite_sign,opposite_sign,-2.217742909285586e-17,-2.2182102774189326e-17,-2.99329453252689e-05,-2.99329454766688e-05,2.99329452772456e-05,2.99329454878028e-05,-2.401165e-14,5.567e-15,2.993294530125725e-05,2.99329454822358e-05,2.105572e-13,2.957865e-14,1.8097855e-13,0.0,True,0.1404779793804249,opposite_sign,opposite_sign,5.558580913330036e-20,1.1111348748373444e-14
n17_vd_0p05_vg_1p6,n17_vd_0p05,n17,0.05,1.6,-3.16047536784669e-05,-3.160475379162e-05,3.16047536419798e-05,3.16047537996291e-05,-1.824355e-14,4.00455e-15,3.160475366022335e-05,3.160475379562455e-05,1.576493e-13,2.22481e-14,1.354012e-13,0.0,True,0.14112400118490853,opposite_sign,opposite_sign,2.2171599296667228e-17,8.008659673015954e-15,-2.61215313571727e-24,-2.62531532249817e-24,3.35026635051946e-20,3.35026595091079e-20,1.6750025676029442e-20,1.67500170968927e-20,1.675263782916516e-20,1.67526424122152e-20,-3.9960867e-27,-8.57913674045e-27,4.58305004045e-27,0.0,True,0.651801777566279,opposite_sign,opposite_sign,-2.2179439803799242e-17,-2.2179347716869916e-17,-3.16047536784669e-05,-3.160475379162e-05,3.16047536419798e-05,3.16047537996291e-05,-1.824355e-14,4.00455e-15,3.160475366022335e-05,3.160475379562455e-05,1.576493e-13,2.22481e-14,1.354012e-13,0.0,True,0.14112400118490853,opposite_sign,opposite_sign,-4.1340558528166096e-20,7.98644682526489e-15
n17_vd_0p05_vg_1p65,n17_vd_0p05,n17,0.05,1.6500000000000001,-3.32403480519555e-05,-3.32403481487728e-05,3.32403480238958e-05,3.3240348147003e-05,-1.402985e-14,-8.849e-16,3.324034803792565e-05,3.32403481478879e-05,1.231072e-13,1.314495e-14,1.0996225e-13,0.0,True,0.10677645174287125,opposite_sign,opposite_sign,2.2157383944325853e-17,-1.7702342851065284e-15,-2.75407682096458e-24,-2.76148142252068e-24,3.3505002324613e-20,3.35050000571118e-20,1.675112412389602e-20,1.6751119287844638e-20,1.6753878200716983e-20,1.675388076926716e-20,-2.2675012e-27,-4.83605137805e-27,2.56855017805e-27,0.0,True,0.6531143291654907,opposite_sign,opposite_sign,-2.2181464616116607e-17,-2.219092509498601e-17,-3.32403480519555e-05,-3.32403481487728e-05,3.32403480238959e-05,3.32403481470031e-05,-1.40298e-14,-8.8485e-16,3.32403480379257e-05,3.324034814788795e-05,1.231072e-13,1.314495e-14,1.0996225e-13,0.0,True,0.10677645174287125,opposite_sign,opposite_sign,4.4061033595490726e-20,-1.7923570684864196e-15
n17_vd_0p05_vg_1p7,n17_vd_0p05,n17,0.05,1.7000000000000002,-3.48408669650963e-05,-3.4840867040057e-05,3.48408669432892e-05,3.48408670374673e-05,-1.090355e-14,-1.29485e-15,3.484086695419275e-05,3.484086703876215e-05,9.41781e-14,9.6087e-15,8.45694e-14,0.0,True,0.10202690434400355,opposite_sign,opposite_sign,2.215167813630691e-17,-2.5901352918720367e-15,-2.88964575993694e-24,-2.89474491110094e-24,3.35072930582974e-20,3.35072918328496e-20,1.675220170626873e-20,1.675219854396925e-20,1.675509135202867e-20,1.675509328888035e-20,-1.2254478e-27,-3.162299482e-27,1.936851682e-27,0.0,True,0.6201619407413982,opposite_sign,opposite_sign,-2.2183494826431462e-17,-2.2173480021216562e-17,-3.48408669650963e-05,-3.4840867040057e-05,3.48408669432893e-05,3.48408670374673e-05,-1.09035e-14,-1.29485e-15,3.48408669541928e-05,3.484086703876215e-05,9.4178e-14,9.60865e-15,8.456935e-14,0.0,True,0.1020264817685659,opposite_sign,opposite_sign,2.954659650005814e-20,-2.612342276290341e-15
n17_vd_0p05_vg_1p75,n17_vd_0p05,n17,0.05,1.75,-3.6407447984957e-05,-3.64074480496527e-05,3.64074479678294e-05,3.6407448029803e-05,-8.5638e-15,-9.92485e-15,3.64074479763932e-05,3.640744803972785e-05,6.19736e-14,-1.36105e-15,6.333465e-14,0.0,True,0.02103771966297606,opposite_sign,opposite_sign,2.2083510844259367e-17,-1.985013942280671e-14,-3.02243114850063e-24,-3.02519862338719e-24,3.35095373099608e-20,3.35095363087726e-20,1.675325743940615e-20,1.6753255555074607e-20,1.675627987055465e-20,1.6756280753697994e-20,-1.0011882e-27,-1.88433154328e-27,8.8314334328e-28,0.0,True,0.6808847850548135,opposite_sign,opposite_sign,-2.2185523364222986e-17,-2.217450851316355e-17,-3.6407447984957e-05,-3.64074480496527e-05,3.64074479678295e-05,3.6407448029803e-05,-8.56375e-15,-9.92485e-15,3.640744797639325e-05,3.640744803972785e-05,6.19735e-14,-1.3611e-15,6.33346e-14,0.0,True,0.021038492511867096,opposite_sign,opposite_sign,-4.065134474966696e-20,-1.9872347437830984e-14
n17_vd_0p05_vg_1p8,n17_vd_0p05,n17,0.05,1.8,-3.79412098629142e-05,-3.79412099077065e-05,3.79412098493815e-05,3.79412099033896e-05,-6.76635e-15,-2.15845e-15,3.794120985614785e-05,3.794120990554805e-05,5.40081e-14,4.6079e-15,4.94002e-14,0.0,True,0.08531868367892964,opposite_sign,opposite_sign,2.2227584244122956e-17,-4.317337533444998e-15,-3.15087752467656e-24,-3.15293822581844e-24,3.35117355196709e-20,3.35117349751504e-20,1.6754292321073113e-20,1.675429101846229e-20,1.6757443198597788e-20,1.675744395668811e-20,-5.445205e-28,-1.30261082094e-27,7.5809032094e-28,0.0,True,0.6321202014531879,opposite_sign,opposite_sign,-2.2187544790852554e-17,-2.2192990293478275e-17,-3.79412098629142e-05,-3.79412099077065e-05,3.79412098493815e-05,3.79412099033897e-05,-6.76635e-15,-2.1584e-15,3.794120985614785e-05,3.79412099055481e-05,5.40082e-14,4.60795e-15,4.940025e-14,0.0,True,0.08531945149069955,opposite_sign,opposite_sign,6.5308686230334e-21,-4.339462388366843e-15
n17_vd_0p05_vg_1p85,n17_vd_0p05,n17,0.05,1.85,-3.94432329900425e-05,-3.94432330350151e-05,3.94432329793002e-05,3.94432330298362e-05,-5.37115e-15,-2.58945e-15,3.944323298467135e-05,3.944323303242565e-05,5.0536e-14,2.7817e-15,4.77543e-14,0.0,True,0.05504392908025962,opposite_sign,opposite_sign,2.2241918709109387e-17,-5.179339447053051e-15,-3.27679612515189e-24,-3.27807165939487e-24,3.35138895185874e-20,3.3513889099639e-20,1.6755306361231125e-20,1.6755305513989803e-20,1.6758583157356277e-20,1.6758583585649198e-20,-4.189484e-28,-8.4724132149e-28,4.2829292149e-28,0.0,True,0.6642246777402153,opposite_sign,opposite_sign,-2.218955565856414e-17,-2.217609527392862e-17,-3.94432329900425e-05,-3.94432330350151e-05,3.94432329793002e-05,3.94432330298363e-05,-5.37115e-15,-2.5894e-15,3.944323298467135e-05,3.94432330324257e-05,5.05361e-14,2.78175e-15,4.775435e-14,0.0,True,0.05504480955198363,opposite_sign,opposite_sign,1.8852437810306183e-20,-5.201447408984337e-15
n17_vd_0p05_vg_1p9,n17_vd_0p05,n17,0.05,1.9000000000000001,-4.0914579285759e-05,-4.09145793148672e-05,4.09145792771564e-05,4.09145793178309e-05,-4.3013e-15,1.48185e-15,4.09145792814577e-05,4.091457931634905e-05,4.06745e-14,5.78315e-15,3.489135e-14,0.0,True,0.14218121919138527,opposite_sign,opposite_sign,2.2281634664023885e-17,2.9632626192396228e-15,-3.39985968991113e-24,-3.40066237730683e-24,3.35159939044244e-20,3.35159938241404e-20,1.6756297022367243e-20,1.6756296580881546e-20,1.6759696882057155e-20,1.6759697243258852e-20,-8.0284e-29,-4.4148569785e-28,3.6120169785e-28,0.0,True,0.5500095058363205,opposite_sign,opposite_sign,-2.2191549710524765e-17,-2.2186531238818737e-17,-4.0914579285759e-05,-4.09145793148672e-05,4.09145792771564e-05,4.09145793178309e-05,-4.3013e-15,1.48185e-15,4.09145792814577e-05,4.091457931634905e-05,4.06745e-14,5.78315e-15,3.489135e-14,0.0,True,0.14218121919138527,opposite_sign,opposite_sign,5.657235945384992e-20,2.9410425754076424e-15
n17_vd_0p05_vg_1p95,n17_vd_0p05,n17,0.05,1.9500000000000002,-4.23562420745768e-05,-4.23562421162258e-05,4.23562420676538e-05,4.23562421091441e-05,-3.4615e-15,-3.54085e-15,4.23562420711153e-05,4.235624211268495e-05,4.14903e-14,-7.935e-17,4.156965e-14,0.0,True,0.0019052078081106389,opposite_sign,opposite_sign,2.2150788715100627e-17,-7.082141748733802e-15,-3.52077159343674e-24,-3.52080965567572e-24,3.35180572117844e-20,3.3518057120501e-20,1.675726822009548e-20,1.6757268155422663e-20,1.6760788991688917e-20,1.6760788965078337e-20,-9.12834e-29,-6.467281949e-29,-2.661058051e-29,0.0,True,0.70848390276874,opposite_sign,opposite_sign,-2.219352785587801e-17,-2.2200367609974055e-17,-4.23562420745768e-05,-4.23562421162258e-05,4.23562420676539e-05,4.23562421091441e-05,-3.46145e-15,-3.54085e-15,4.235624207111535e-05,4.235624211268495e-05,4.14902e-14,-7.94e-17,4.15696e-14,0.0,True,0.0019064083171264617,opposite_sign,opposite_sign,1.8614012872909724e-20,-7.104375630880087e-15
n17_vd_0p05_vg_2,n17_vd_0p05,n17,0.05,2.0,-4.3769241870849e-05,-4.37692418902382e-05,4.3769241865204e-05,4.37692418960859e-05,-2.8225e-15,2.92385e-15,4.37692418680265e-05,4.376924189316205e-05,3.08819e-14,5.74635e-15,2.513555e-14,0.0,True,0.18607501481450298,opposite_sign,opposite_sign,2.2162406359670312e-17,5.847260353083287e-15,-3.63836026123282e-24,-3.63858873212215e-24,3.3520080275238e-20,3.35200802850656e-20,1.6758220957488382e-20,1.675822084816674e-20,1.6761859317749616e-20,1.676185943689886e-20,9.8276e-30,-1.09321644665e-28,1.19149244665e-28,0.0,True,0.4784926648011486,opposite_sign,opposite_sign,-2.2195486640346222e-17,-2.2188226331650766e-17,-4.3769241870849e-05,-4.37692418902382e-05,4.37692418652041e-05,4.3769241896086e-05,-2.82245e-15,2.9239e-15,4.376924186802655e-05,4.37692418931621e-05,3.08819e-14,5.74635e-15,2.513555e-14,0.0,True,0.18607501481450298,opposite_sign,opposite_sign,3.5047231080868176e-20,5.82514025426361e-15
n17_vd_0p05_vg_2p05,n17_vd_0p05,n17,0.05,2.0500000000000003,-4.51544978841698e-05,-4.51544978892184e-05,4.51544978796046e-05,4.51544978870107e-05,-2.2826e-15,-1.10385e-15,4.51544978818872e-05,4.515449788811455e-05,7.4061e-15,1.17875e-15,6.22735e-15,0.0,True,0.1591593416237966,opposite_sign,opposite_sign,2.2231535745562784e-17,-2.2081383514670785e-15,-3.75355834065836e-24,-3.75406658684904e-24,3.35220613849019e-20,3.35220615677881e-20,1.675915391328062e-20,1.6759153750600625e-20,1.676290747162128e-20,1.6762907817187473e-20,1.828862e-28,-1.6267999534e-28,3.4556619534e-28,0.0,True,0.32008109125686685,opposite_sign,opposite_sign,-2.2197420754310136e-17,-2.21920948640281e-17,-4.51544978841698e-05,-4.51544978892184e-05,4.51544978796047e-05,4.51544978870107e-05,-2.28255e-15,-1.10385e-15,4.515449788188725e-05,4.515449788811455e-05,7.406e-15,1.1787e-15,6.2273e-15,0.0,True,0.15915473940048608,opposite_sign,opposite_sign,1.0224063709326977e-19,-2.2303639646386077e-15
n17_vd_0p05_vg_2p1,n17_vd_0p05,n17,0.05,2.1,-4.6512967146424e-05,-4.65129671748555e-05,4.6512967142647e-05,4.65129671632777e-05,-1.8885e-15,-5.7889e-15,4.65129671445355e-05,4.65129671690666e-05,2.06307e-14,-3.9004e-15,2.45311e-14,0.0,True,0.13718586778748923,opposite_sign,opposite_sign,2.2182977568208615e-17,-1.1578240605891195e-14,-3.86738382010131e-24,-3.86732187772037e-24,3.35240042117765e-20,3.35240042481988e-20,1.67600684139782e-20,1.676006846316054e-20,1.67639357977983e-20,1.676393578503826e-20,3.64223e-29,4.918234047e-29,-1.276004047e-29,0.0,True,0.7940014530219639,opposite_sign,opposite_sign,-2.2199330307404744e-17,-2.220349409179448e-17,-4.6512967146424e-05,-4.65129671748555e-05,4.6512967142647e-05,4.65129671632777e-05,-1.8885e-15,-5.7889e-15,4.65129671445355e-05,4.65129671690666e-05,2.06307e-14,-3.9004e-15,2.45311e-14,0.0,True,0.13718586778748923,opposite_sign,opposite_sign,-4.987287603194251e-20,-1.1600477620119916e-14
n17_vd_0p05_vg_2p15,n17_vd_0p05,n17,0.05,2.15,-4.78455580982788e-05,-4.78455581164868e-05,4.7845558095204e-05,4.784555810877e-05,-1.5374e-15,-3.8584e-15,4.78455580967414e-05,4.78455581126284e-05,1.3566e-14,-2.321e-15,1.5887e-14,0.0,True,0.12747144112478032,opposite_sign,opposite_sign,2.224134372561956e-17,-7.717240986544482e-15,-3.97839391283731e-24,-3.97842978454421e-24,3.35259106006392e-20,3.35259105961229e-20,1.676096610336318e-20,1.6760966083169176e-20,1.6764944497276018e-20,1.6764944512953723e-20,-4.5163e-30,-2.019400345e-29,1.567770345e-29,0.0,True,0.5629507262170454,opposite_sign,opposite_sign,-2.220121511844737e-17,-2.2190652955348762e-17,-4.78455580982788e-05,-4.78455581164868e-05,4.7845558095204e-05,4.784555810877e-05,-1.5374e-15,-3.8584e-15,4.78455580967414e-05,4.78455581126284e-05,1.3566e-14,-2.321e-15,1.5887e-14,0.0,True,0.12747144112478032,opposite_sign,opposite_sign,6.606674969421513e-21,-7.739465161431998e-15
n17_vd_0p05_vg_2p2,n17_vd_0p05,n17,0.05,2.2,-4.91531210372677e-05,-4.91531210470444e-05,4.91531210347436e-05,4.9153121032769e-05,-1.26205e-15,-7.1377e-15,4.915312103600565e-05,4.91531210399067e-05,-1.9746e-15,-5.87565e-15,3.90105e-15,0.0,True,0.6009849949369419,opposite_sign,opposite_sign,2.218039992891912e-17,-1.4275837592795316e-14,-4.08720578417094e-24,-4.08746031045082e-24,3.35277817179683e-20,3.35277817180483e-20,1.6761847256092066e-20,1.6761847128868925e-20,1.6765934461876235e-20,1.6765934589179377e-20,8e-32,-1.2722313994e-28,1.2730313994e-28,0.0,True,0.4998428453045443,opposite_sign,opposite_sign,-2.2203074438496216e-17,-2.2197354688263464e-17,-4.91531210372677e-05,-4.91531210470444e-05,4.91531210347437e-05,4.91531210327691e-05,-1.262e-15,-7.13765e-15,4.91531210360057e-05,4.915312103990675e-05,-1.9746e-15,-5.87565e-15,3.90105e-15,0.0,True,0.6009849949369419,opposite_sign,opposite_sign,4.544574957967751e-20,-1.4297966827224167e-14
n17_vd_0p05_vg_2p25,n17_vd_0p05,n17,0.05,2.25,-5.04364728164948e-05,-5.04364728208758e-05,5.04364728143894e-05,5.04364728191432e-05,-1.0527e-15,-8.663e-16,5.04364728154421e-05,5.04364728200095e-05,4.7538e-15,1.864e-16,4.5674e-15,0.0,True,0.039210736673818844,opposite_sign,opposite_sign,2.2197554018574886e-17,-1.7330348592113955e-15,-4.19429607087828e-24,-4.19448074357429e-24,3.3529618848821e-20,3.35296186991117e-20,1.6762712276375062e-20,1.6762712109184063e-20,1.6766906572445938e-20,1.6766906589927638e-20,-1.497093e-28,-1.67190998005e-28,1.7481698005e-29,0.0,True,0.9053368560555732,opposite_sign,opposite_sign,-2.220490776472125e-17,-2.221040494257543e-17,-5.04364728164948e-05,-5.04364728208758e-05,5.04364728143894e-05,5.04364728191432e-05,-1.0527e-15,-8.663e-16,5.04364728154421e-05,5.04364728200095e-05,4.7538e-15,1.864e-16,4.5674e-15,0.0,True,0.039210736673818844,opposite_sign,opposite_sign,-4.087917070497988e-20,-1.7552787895781892e-15
n17_vd_0p05_vg_2p3,n17_vd_0p05,n17,0.05,2.3000000000000003,-5.16963977232469e-05,-5.16963977328892e-05,5.16963977215491e-05,5.16963977342942e-05,-8.489e-16,7.025e-16,5.1696397722398e-05,5.16963977335917e-05,1.27451e-14,1.5514e-15,1.11937e-14,0.0,True,0.12172521204227506,opposite_sign,opposite_sign,2.2225700487622293e-17,1.4045579772649187e-15,-4.29945779258539e-24,-4.29955567947905e-24,3.35314224669185e-20,3.35314225924817e-20,1.6763561504562957e-20,1.676356151840111e-20,1.6767860962355542e-20,1.676786107408059e-20,1.255632e-28,1.383815317e-29,1.1172504683e-28,0.0,True,0.11020866918014194,opposite_sign,opposite_sign,-2.2206714789330373e-17,-2.2196963459722797e-17,-5.16963977232469e-05,-5.16963977328892e-05,5.16963977215492e-05,5.16963977342943e-05,-8.4885e-16,7.0255e-16,5.169639772239805e-05,5.169639773359175e-05,1.27451e-14,1.5514e-15,1.11937e-14,0.0,True,0.12172521204227506,opposite_sign,opposite_sign,8.032626537483372e-20,1.3824291306358296e-15
n17_vd_0p05_vg_2p35,n17_vd_0p05,n17,0.05,2.35,-5.29336486294032e-05,-5.29336486266724e-05,5.29336486279604e-05,5.29336486341263e-05,-7.214e-16,3.72695e-15,5.29336486286818e-05,5.293364863039935e-05,6.1659e-15,4.44835e-15,1.71755e-15,0.0,True,0.7214437470604453,opposite_sign,opposite_sign,2.2155760230835022e-17,7.45345726712046e-15,-4.40278786815639e-24,-4.40274718082369e-24,3.35331943578817e-20,3.35331944165601e-20,1.6764395785006773e-20,1.6764395834689638e-20,1.676879857287493e-20,1.676879858187046e-20,5.86784e-29,4.968286635e-29,8.99553365e-30,0.0,True,0.8466977005167149,opposite_sign,opposite_sign,-2.2208495363646186e-17,-2.2205702599164618e-17,-5.29336486294032e-05,-5.29336486266724e-05,5.29336486279605e-05,5.29336486341263e-05,-7.2135e-16,3.72695e-15,5.293364862868185e-05,5.293364863039935e-05,6.1658e-15,4.4483e-15,1.7175e-15,0.0,True,0.7214473385448766,opposite_sign,opposite_sign,1.5380029295524985e-20,7.431218035729627e-15
n17_vd_0p05_vg_2p4,n17_vd_0p05,n17,0.05,2.4000000000000004,-5.41489482322185e-05,-5.41489482245432e-05,5.41489482309791e-05,5.41489482329505e-05,-6.197e-16,4.20365e-15,5.41489482315988e-05,5.414894822874685e-05,1.9714e-15,4.82335e-15,-2.85195e-15,0.0,True,0.6284249475590531,opposite_sign,opposite_sign,2.227044871838362e-17,8.406857071456625e-15,-4.50381495291183e-24,-4.50411491101714e-24,3.3534935107905e-20,3.35349351559496e-20,1.6765215646476044e-20,1.6765215520519292e-20,1.6769719461428954e-20,1.676971963543031e-20,4.80446e-29,-1.25956752655e-28,1.74001352655e-28,0.0,True,0.41991448280694565,opposite_sign,opposite_sign,-2.221024946832145e-17,-2.2220826370246064e-17,-5.41489482322185e-05,-5.41489482245432e-05,5.41489482309791e-05,5.41489482329505e-05,-6.197e-16,4.20365e-15,5.41489482315988e-05,5.414894822874685e-05,1.9714e-15,4.82335e-15,-2.85195e-15,0.0,True,0.6284249475590531,opposite_sign,opposite_sign,2.6668818763556292e-20,8.384602714655339e-15
n17_vd_0p05_vg_2p45,n17_vd_0p05,n17,0.05,2.45,-5.5342990306126e-05,-5.53429903255679e-05,5.53429903050866e-05,5.53429903075562e-05,-5.197e-16,-9.00585e-15,5.53429903056063e-05,5.534299031656205e-05,2.4696e-15,-8.48615e-15,1.095575e-14,0.0,True,0.4364876889604411,opposite_sign,opposite_sign,2.225441919550102e-17,-1.8012141360017112e-14,-4.6035353621216e-24,-4.603716261925e-24,3.35366458378696e-20,3.35366457604642e-20,1.676602115125374e-20,1.6766021022101136e-20,1.677062468661586e-20,1.6770624738363063e-20,-7.74054e-29,-1.291526017e-28,5.17472017e-29,0.0,True,0.7139455061453096,opposite_sign,opposite_sign,-2.2211977190973693e-17,-2.2215573490027597e-17,-5.5342990306126e-05,-5.53429903255679e-05,5.53429903050866e-05,5.53429903075562e-05,-5.197e-16,-9.00585e-15,5.53429903056063e-05,5.534299031656205e-05,2.4696e-15,-8.48615e-15,1.095575e-14,0.0,True,0.4364876889604411,opposite_sign,opposite_sign,8.90996223108835e-21,-1.8034390465549184e-14
n17_vd_0p05_vg_2p5,n17_vd_0p05,n17,0.05,2.5,-5.65164409892125e-05,-5.65164409888552e-05,5.6516440988337e-05,5.65164410004114e-05,-4.3775e-16,5.7781e-15,5.651644098877475e-05,5.65164409946333e-05,1.20744e-14,6.21585e-15,5.85855e-15,0.0,True,0.5147957662492547,opposite_sign,opposite_sign,2.2252711293071038e-17,1.15557593561958e-14,-4.70118236527452e-24,-4.70160597262877e-24,3.35383271344744e-20,3.3538327146209e-20,1.6766812976054563e-20,1.6766812770118185e-20,1.6771514158419837e-20,1.6771514376090814e-20,1.17346e-29,-2.05936377125e-28,2.17670977125e-28,0.0,True,0.48614920175220255,opposite_sign,opposite_sign,-2.2213678703400093e-17,-2.2209847728009664e-17,-5.65164409892125e-05,-5.65164409888552e-05,5.6516440988337e-05,5.65164410004114e-05,-4.3775e-16,5.7781e-15,5.651644098877475e-05,5.65164409946333e-05,1.20744e-14,6.21585e-15,5.85855e-15,0.0,True,0.5147957662492547,opposite_sign,opposite_sign,5.498963719178593e-21,1.1533515974842251e-14
n17_vd_1_vg_0,n17_vd_1,n17,1.0,0.0,-1.69398924164771e-14,-2.83884268414636e-14,1.70609205878355e-14,5.05410829677404e-14,6.05140856792e-17,1.10763280631384e-14,1.70004065021563e-14,3.9464754904602e-14,3.34801623799049e-14,1.10158139774592e-14,2.24643484024457e-14,0.0,True,0.3290251060452142,opposite_sign,opposite_sign,1.205240275791764e-16,2.2152128004225537e-14,-5.63017179649133e-28,-2.71223041580046e-31,3.50379072295559e-20,3.78166104242862e-20,1.751895333326936e-20,1.8908305212007488e-20,1.751895389628654e-20,1.890830521227871e-20,2.7787031947303e-21,1.3893518787381283e-21,1.3893513159921717e-21,0.0,True,0.5000001012605372,opposite_sign,opposite_sign,-1.2052402757918144e-16,-1.20542755913461e-16,-1.69398924164777e-14,-2.83884268414636e-14,1.70609556257428e-14,5.05411207843508e-14,6.053160463255e-17,1.10763469714436e-14,1.700042402111025e-14,3.94647738129072e-14,3.3480165158608e-14,1.101581536681105e-14,2.246434979179695e-14,0.0,True,0.3290251202353702,opposite_sign,opposite_sign,2.9187853493177437e-29,2.2031585248312054e-14
n17_vd_1_vg_0p05,n17_vd_1,n17,1.0,0.05,-6.20435164311352e-14,-6.73249254716691e-14,6.21394882467994e-14,7.02809221868974e-14,4.79859078321e-17,1.47799835761415e-15,6.20915023389673e-14,6.880292382928325e-14,8.141433940098e-15,1.43001244978205e-15,6.71142149031595e-15,0.0,True,0.17564626333685351,opposite_sign,opposite_sign,1.2088909842362667e-16,2.955468459029722e-15,3.81416616689299e-27,-3.32277731508824e-31,3.93055888772962e-20,3.78163538332072e-20,1.9652796345731184e-20,1.890817691643746e-20,1.9652792531565015e-20,1.890817691676974e-20,-1.489235044089e-21,-7.446194292937223e-22,-7.446156147952777e-22,0.0,True,0.500001280690533,same_sign,opposite_sign,-1.2088909842352355e-16,-1.2089640535774411e-16,-6.20435164311314e-14,-6.73249254716691e-14,6.21395275523882e-14,7.02809600032512e-14,4.80055606284e-17,1.47801726579105e-15,6.20915219917598e-14,6.880294273746015e-14,8.141432450863e-15,1.43001170516265e-15,6.71142074570035e-15,0.0,True,0.1756462040056682,opposite_sign,opposite_sign,8.246061649888389e-30,2.8345720536719505e-15
n17_vd_1_vg_0p1,n17_vd_1,n17,1.0,0.1,-2.30866261897223e-13,-2.24656605957721e-13,2.30963880524026e-13,2.05854611184979e-13,4.88093134015e-17,-9.400997386371e-15,2.309150712106245e-13,2.1525560857135e-13,-2.5109269339047e-14,-9.4498066997725e-15,-1.56594626392745e-14,0.0,True,0.3763473389915518,opposite_sign,opposite_sign,1.2135514501379821e-16,-1.8802523170749996e-14,7.43151652566147e-28,-5.46415669914427e-31,5.64596019987319e-20,3.78114694032993e-20,2.8229801370941776e-20,1.8905734701376443e-20,2.822980062779012e-20,1.890573470192286e-20,-1.86481325954326e-20,-9.324066669565334e-21,-9.324065925867266e-21,0.0,True,0.5000000199402826,same_sign,opposite_sign,-1.2135514501405112e-16,-1.2138138630548225e-16,-2.30866261897222e-13,-2.24656605957721e-13,2.30963936983628e-13,2.05854648996448e-13,4.8837543203e-17,-9.4009784806365e-15,2.30915099440425e-13,2.152556274770845e-13,-2.510928798718e-14,-9.4498160238395e-15,-1.56594719633405e-14,0.0,True,0.37634743082576744,opposite_sign,opposite_sign,3.077790125526354e-29,-1.8923904557055893e-14
n17_vd_1_vg_0p15,n17_vd_1,n17,1.0,0.15000000000000002,-8.70243797942147e-13,-8.63739704885476e-13,8.70365528384913e-13,8.6210837678327e-13,6.0865221383e-17,-8.15664051103e-16,8.7030466316353e-13,8.62924040834373e-13,-8.257151601643e-15,-8.76529272486e-16,-7.380622329157e-15,0.0,True,0.10615395172247884,opposite_sign,opposite_sign,1.218341801287367e-16,-1.6318566503733837e-15,4.87662743833201e-28,-1.11285196492101e-30,2.33165321601134e-20,3.78162000490715e-20,1.1658266323888071e-20,1.8908100023979324e-20,1.1658265836225329e-20,1.8908100025092177e-20,1.44996678889581e-20,7.249833700091252e-21,7.249834188866848e-21,0.0,True,0.499999983145283,same_sign,opposite_sign,-1.2183418012960522e-16,-1.2183993151457903e-16,-8.70243797942147e-13,-8.63739704885476e-13,8.70365551701445e-13,8.6210841459947e-13,6.0876879649e-17,-8.15645143003e-16,8.70304674821796e-13,8.62924059742473e-13,-8.257137101975e-15,-8.76522022652e-16,-7.380615079323e-15,0.0,True,0.10615326012236702,opposite_sign,opposite_sign,-1.5481641783995238e-27,-1.7536965818880014e-15
n17_vd_1_vg_0p2,n17_vd_1,n17,1.0,0.2,-3.31328365142861e-12,-3.31762225245348e-12,3.31339349501946e-12,3.33978231827136e-12,5.4921795425e-17,1.108003290894e-14,3.313338573224035e-12,3.32870228536242e-12,2.63888232519e-14,1.1025111113515e-14,1.5363712138385e-14,0.0,True,0.4177947234809415,opposite_sign,opposite_sign,1.2210244402202035e-16,2.215953711032715e-14,2.90825997867177e-28,-2.22354967715599e-30,1.0245888506505e-19,3.78154324760224e-20,5.1229442677938e-20,1.8907716236899426e-20,5.1229442387112e-20,1.8907716239122976e-20,-6.46434525890276e-20,-3.232172644103857e-20,-3.2321726147989024e-20,0.0,True,0.5000000022666607,same_sign,opposite_sign,-1.221024440203481e-16,-1.2209607870941618e-16,-3.31328365142861e-12,-3.31762225245348e-12,3.31339359747834e-12,3.33978235608679e-12,5.4973024865e-17,1.1080051816655e-14,3.313338624453475e-12,3.328702304270135e-12,2.638875860845e-14,1.102507879179e-14,1.536367981666e-14,0.0,True,0.41779452210607726,opposite_sign,opposite_sign,-4.033076029845711e-27,2.203744103161494e-14
n17_vd_1_vg_0p25,n17_vd_1,n17,1.0,0.25,-1.27130562008616e-11,-1.27080694700714e-11,1.27131785127427e-11,1.27261414407561e-11,6.115594055e-17,9.03598534235e-15,1.271311735680215e-11,1.271710545541375e-11,1.29629280134e-14,8.9748294018e-15,3.9880986116e-15,0.0,True,0.6923458490645451,opposite_sign,opposite_sign,1.2185440754181273e-16,1.8071441807674848e-14,-2.52990904172445e-28,-4.05366233835571e-30,3.74606675606263e-20,3.78152892352126e-20,1.87303336538177e-20,1.8907644615579468e-20,1.8730333906808603e-20,1.8907644619633132e-20,3.546216745863e-22,1.7731096176177093e-22,1.7731071282452908e-22,0.0,True,0.5000003509898854,opposite_sign,opposite_sign,-1.2185440750529737e-16,-1.2185319102273483e-16,-1.27130562008616e-11,-1.27080694700714e-11,1.27131785502033e-11,1.27261414785714e-11,6.117467085e-17,9.03600425e-15,1.271311737553245e-11,1.27171054743214e-11,1.29629283681e-14,8.97482957915e-15,3.98809878895e-15,0.0,True,0.692345843801454,opposite_sign,opposite_sign,-2.969011137077034e-26,1.794958861666291e-14
n17_vd_1_vg_0p3,n17_vd_1,n17,1.0,0.30000000000000004,-4.90678485369839e-11,-4.90736433722841e-11,4.90672215309138e-11,4.90752775058766e-11,-3.1350303505e-16,8.1706679625e-16,4.906753503394885e-11,4.907446043908035e-11,8.0559749628e-15,1.1305698313e-15,6.9254051315e-15,0.0,True,0.1403392930738516,opposite_sign,opposite_sign,1.2102772492452103e-16,1.6336045347546723e-15,-4.61199954557734e-28,-7.97045611935531e-30,4.00068010240476e-20,3.78150134792578e-20,2.0003400281423824e-20,1.8907506735643673e-20,2.0003400742623776e-20,1.8907506743614128e-20,-2.1917875447898e-21,-1.0958935457801508e-21,-1.0958939990096491e-21,0.0,True,0.49999989660733785,opposite_sign,opposite_sign,-1.2102772489284915e-16,-1.210335902142177e-16,-4.90678485369839e-11,-4.90736433722841e-11,4.90672215709206e-11,4.90752775436916e-11,-3.1348303165e-16,8.1708570375e-16,4.906753505395225e-11,4.907446045798785e-11,8.055972771e-15,1.1305687354e-15,6.9254040356e-15,0.0,True,0.14033919522045019,opposite_sign,opposite_sign,2.8230373569465434e-26,1.512570944528126e-15
n17_vd_1_vg_0p35,n17_vd_1,n17,1.0,0.35000000000000003,-1.90159713533524e-10,-1.90167135334461e-10,1.90159833704665e-10,1.90133868471008e-10,6.00855705e-17,-1.66334317265e-14,1.901597736190945e-10,1.901505019027345e-10,-2.5965233657e-14,-1.6693517297e-14,-9.27171636e-15,0.0,True,0.6429180463969972,opposite_sign,opposite_sign,1.200263147040353e-16,-3.3267392704287275e-14,2.05116946698458e-28,-2.01671795290263e-29,3.7796925421895e-20,3.78147396667365e-20,1.8898462813505974e-20,1.890736982328466e-20,1.8898462608389027e-20,1.890736984345184e-20,1.78142448415e-23,8.907009778686886e-24,8.907235062813114e-24,0.0,True,0.49999367685444346,same_sign,opposite_sign,-1.2002631586411998e-16,-1.2002639647889744e-16,-1.90159713533524e-10,-1.90167135334461e-10,1.90159833742462e-10,1.90133868508823e-10,6.0104469e-17,-1.6633412819e-14,1.90159773637993e-10,1.90150501921642e-10,-2.5965233639e-14,-1.6693517288e-14,-9.271716351e-15,0.0,True,0.642918046496073,opposite_sign,opposite_sign,-1.0757464929646095e-24,-3.338741910050468e-14
n17_vd_1_vg_0p4,n17_vd_1,n17,1.0,0.4,-7.38497165552993e-10,-7.38494880758981e-10,7.38497284709632e-10,7.38506706190608e-10,5.95783195e-17,5.9127158135e-15,7.384972251313125e-10,7.385007934747945e-10,9.421480976e-15,5.853137494e-15,3.568343482e-15,0.0,True,0.6212545043512913,opposite_sign,opposite_sign,1.191895093817132e-16,1.1824902167114875e-14,-4.10767496328678e-28,-6.58314480474685e-29,3.78143739344397e-20,3.78144611108296e-20,1.8907186761836102e-20,1.8907230522499077e-20,1.89071871726036e-20,1.8907230588330525e-20,8.71763899e-26,4.3760662974140603e-26,4.3415726925859396e-26,0.0,True,0.501978379975799,opposite_sign,opposite_sign,-1.1918950943606433e-16,-1.1919662731054e-16,-7.38497165552993e-10,-7.38494880758981e-10,7.38497284747447e-10,7.38506706228422e-10,5.9597227e-17,5.9127347205e-15,7.3849722515022e-10,7.385007934937015e-10,9.421480975e-15,5.8531374935e-15,3.5683434815e-15,0.0,True,0.6212545043641613,opposite_sign,opposite_sign,5.474186113468987e-25,1.1705705539388005e-14
n17_vd_1_vg_0p45,n17_vd_1,n17,1.0,0.45,-2.86606991421695e-09,-2.86606763912823e-09,2.86607002977608e-09,2.86605200882075e-09,5.7779565e-17,-7.81515374e-15,2.866069971996515e-09,2.86605982397449e-09,-1.802095533e-14,-7.872933305e-15,-1.0148022025e-14,0.0,True,0.4368765784516264,opposite_sign,opposite_sign,1.1852790772677008e-16,-1.563083716667514e-14,-5.80316162679608e-28,-2.41863592062679e-28,3.77975129413058e-20,3.78141804400846e-20,1.889875618049482e-20,1.8907090099110503e-20,1.889875676081098e-20,1.8907090340974097e-20,1.66674987788e-23,8.333918615685308e-24,8.333580163114691e-24,0.0,True,0.5000101530702089,opposite_sign,opposite_sign,-1.1852790748019802e-16,-1.185236495147628e-16,-2.86606991421695e-09,-2.86606763912823e-09,2.86607002981387e-09,2.86605200885856e-09,5.779846e-17,-7.815134835e-15,2.86606997201541e-09,2.866059823993395e-09,-1.802095531e-14,-7.872933295e-15,-1.0148022015e-14,0.0,True,0.4368765783815708,opposite_sign,opposite_sign,-7.10591430290667e-24,-1.574936082035789e-14
n17_vd_1_vg_0p5,n17_vd_1,n17,1.0,0.5,-1.10618479455768e-08,-1.10618317003897e-08,1.10618480608003e-08,1.10618551639961e-08,5.761175e-17,1.17318032e-14,1.106184800318855e-08,1.10618434321929e-08,7.1031958e-15,1.167419145e-14,-4.57099565e-15,0.0,True,0.7186246226736287,opposite_sign,opposite_sign,1.1797989657382212e-16,2.3463076461563125e-14,-1.0533295105627e-27,-9.18890573286443e-28,3.78134676093337e-20,3.78139031952682e-20,1.8906733278002094e-20,1.8906951138188815e-20,1.8906734331331606e-20,1.8906952057079386e-20,4.355859345e-25,2.178601867186381e-25,2.1772574778136185e-25,0.0,True,0.500154319649268,opposite_sign,opposite_sign,-1.1797992576295798e-16,-1.1797275703888062e-16,-1.10618479455768e-08,-1.10618317003897e-08,1.10618480608381e-08,1.1061855164034e-08,5.763065e-17,1.173182215e-14,1.106184800320745e-08,1.106184343221185e-08,7.1031959e-15,1.16741915e-14,-4.5709956e-15,0.0,True,0.7186246257514634,opposite_sign,opposite_sign,-4.3810421264740595e-23,2.3345103790383272e-14
n17_vd_1_vg_0p55,n17_vd_1,n17,1.0,0.55,-4.20320660800728e-08,-4.20320715563772e-08,4.20320661508678e-08,4.2032054879188e-08,3.53975e-17,-8.3385946e-15,4.20320661154703e-08,4.20320632177826e-08,-1.12716798e-14,-8.3739921e-15,-2.8976877e-15,0.0,True,0.742923171043237,opposite_sign,opposite_sign,1.1754180375365462e-16,-1.6677719428017274e-14,-3.1062812061345e-27,-3.47804745621526e-27,3.76812711068144e-20,3.78136544191695e-20,1.8840634000266598e-20,1.8906825470561023e-20,1.8840637106547802e-20,1.8906828948608478e-20,1.323833123551e-22,6.619147029442496e-23,6.619184206067504e-23,0.0,True,0.49999859587192874,opposite_sign,opposite_sign,-1.1754185840080445e-16,-1.1754876794271888e-16,-4.20320660800728e-08,-4.20320715563772e-08,4.20320661509055e-08,4.20320548792259e-08,3.541635e-17,-8.33857565e-15,4.203206611548915e-08,4.203206321780155e-08,-1.12716796e-14,-8.373992e-15,-2.8976876e-15,0.0,True,0.7429231753535649,opposite_sign,opposite_sign,-3.6331552963871174e-23,-1.6795268104886544e-14
n17_vd_1_vg_0p6,n17_vd_1,n17,1.0,0.6000000000000001,-1.53675207021478e-07,-1.5367521015434e-07,1.53675219873894e-07,1.53675205549278e-07,6.426208e-15,-2.302531e-15,1.53675213447686e-07,1.53675207851809e-07,-1.4324616e-14,-8.728739e-15,-5.595877e-15,0.0,True,0.6093523903188749,opposite_sign,opposite_sign,1.1716025514932473e-16,-4.605592565168073e-15,-1.16205612595543e-26,-1.2708479487603e-26,3.78130913815395e-20,3.78135252972422e-20,1.890653988048912e-20,1.8906756294381355e-20,1.890655150105038e-20,1.8906769002860844e-20,4.339157027e-25,2.1641389223597565e-25,2.1750181046402435e-25,0.0,True,0.4987463944940466,opposite_sign,opposite_sign,-1.1716036056662503e-16,-1.1716343263450324e-16,-1.53675207021478e-07,-1.5367521015434e-07,1.53675219873932e-07,1.53675205549316e-07,6.426227e-15,-2.302512e-15,1.53675213447705e-07,1.53675207851828e-07,-1.4324616e-14,-8.728739e-15,-5.595877e-15,0.0,True,0.6093523903188749,opposite_sign,opposite_sign,6.563665254843865e-23,-4.722755827181436e-15
n17_vd_1_vg_0p65,n17_vd_1,n17,1.0,0.65,-5.15440241469226e-07,-5.15440262543499e-07,5.15440267375716e-07,5.15440237043386e-07,1.2953245e-14,-1.27500565e-14,5.15440254422471e-07,5.154402497934425e-07,-3.033233e-14,-2.57033015e-14,-4.6290285e-15,0.0,True,0.8473896169532641,opposite_sign,opposite_sign,1.1684157420216684e-16,-2.5500644058588525e-14,-2.62319361298041e-26,-4.26345372114713e-26,3.78137892750823e-20,3.78137897444583e-20,1.8906881521573085e-20,1.8906873554960544e-20,1.8906907753509215e-20,1.8906916189497755e-20,4.69376e-28,-7.9666125408336e-27,8.4359885408336e-27,0.0,True,0.485692025378688,opposite_sign,opposite_sign,-1.1684170135615187e-16,-1.1684883514175806e-16,-5.15440241469226e-07,-5.15440262543499e-07,5.15440267375754e-07,5.15440237043424e-07,1.2953264e-14,-1.27500375e-14,5.1544025442249e-07,5.154402497934615e-07,-3.033233e-14,-2.57033015e-14,-4.6290285e-15,0.0,True,0.8473896169532641,opposite_sign,opposite_sign,6.968647353150426e-23,-2.5617492696873882e-14
n17_vd_1_vg_0p7,n17_vd_1,n17,1.0,0.7000000000000001,-1.47794411314527e-06,-1.47794410643769e-06,1.47794411326251e-06,1.47794409023859e-06,5.862e-17,-8.09955e-15,1.47794411320389e-06,1.47794409833814e-06,-2.302392e-14,-8.15817e-15,-1.486575e-14,0.0,True,0.35433453556127714,opposite_sign,opposite_sign,1.1666563953510886e-16,-1.619963171289469e-14,-1.22566857565864e-25,-1.222977226308e-25,3.78150168678825e-20,3.78150168678326e-20,1.8907447150512466e-20,1.8907447285054986e-20,1.8907569717370032e-20,1.8907569582777616e-20,-4.99e-32,1.34542517532e-28,-1.34592417532e-28,0.0,True,0.49990729557277996,opposite_sign,opposite_sign,-1.1667138202569e-16,-1.1666961391849389e-16,-1.47794411314527e-06,-1.47794410643769e-06,1.47794411326255e-06,1.47794409023862e-06,5.864e-17,-8.099535e-15,1.47794411320391e-06,1.477944098338155e-06,-2.302393e-14,-8.158175e-15,-1.4865755e-14,0.0,True,0.35433459882826257,opposite_sign,opposite_sign,-3.535078124400518e-21,-1.6316309283796364e-14
n17_vd_1_vg_0p75,n17_vd_1,n17,1.0,0.75,-3.4503447625693e-06,-3.45034476161592e-06,3.45034476268646e-06,3.45034477359572e-06,5.858e-17,5.9899e-15,3.45034476262788e-06,3.45034476760582e-06,1.090926e-14,5.93132e-15,4.97794e-15,0.0,True,0.5436959060467896,opposite_sign,opposite_sign,1.1666521454329561e-16,1.1979267471441021e-14,-2.86007069947358e-25,-2.85640161881837e-25,3.78178721866383e-20,3.78178721866621e-20,1.8908793089784177e-20,1.8908793273250108e-20,1.8909079096854122e-20,1.890907891341199e-20,2.38e-32,1.834659327605e-28,-1.834421327605e-28,0.0,True,0.5000324331927212,opposite_sign,opposite_sign,-1.1666772244079542e-16,-1.166708350897255e-16,-3.4503447625693e-06,-3.45034476161592e-06,3.4503447626865e-06,3.45034477359576e-06,5.86e-17,5.98992e-15,3.4503447626279e-06,3.45034476760584e-06,1.090926e-14,5.93132e-15,4.97794e-15,0.0,True,0.5436959060467896,opposite_sign,opposite_sign,-9.141868511846685e-23,1.1862599052829744e-14
n17_vd_1_vg_0p8,n17_vd_1,n17,1.0,0.8,-6.62955965647832e-06,-6.62955965138401e-06,6.6295596565e-06,6.6295596623363e-06,1.084e-17,5.476145e-15,6.62955965648916e-06,6.629559656860155e-06,5.8363e-15,5.465305e-15,3.70995e-16,0.0,True,0.9364331854085637,opposite_sign,opposite_sign,1.1677134896401868e-16,1.0951755796873862e-14,-4.99887877155837e-25,-5.49102468065007e-25,3.7822676096911e-20,3.78226760989449e-20,1.8911088104516922e-20,1.8911063498238418e-20,1.8911587992394077e-20,1.8911612600706484e-20,2.0339e-30,-2.4606278504585e-26,2.4608312404585e-26,0.0,True,0.49997933641261233,opposite_sign,opposite_sign,-1.1677491185207597e-16,-1.1677710890983752e-16,-6.62955965647832e-06,-6.62955965138401e-06,6.62955965650004e-06,6.62955966233634e-06,1.086e-17,5.476165e-15,6.62955965648918e-06,6.629559656860175e-06,5.8363e-15,5.465305e-15,3.70995e-16,0.0,True,0.9364331854085637,opposite_sign,opposite_sign,-1.5745157456753998e-21,1.0834981523418496e-14
n17_vd_1_vg_0p85,n17_vd_1,n17,1.0,0.8500000000000001,-1.0962133887793e-05,-1.09621338850561e-05,1.09621338879337e-05,1.09621339020298e-05,7.035e-17,8.48685e-15,1.096213388786335e-05,1.096213389354295e-05,1.40961e-14,8.4165e-15,5.6796e-15,0.0,True,0.5970800434162641,opposite_sign,opposite_sign,1.1687721899738182e-16,1.6973165389159752e-14,-9.05625787620293e-25,-9.0843186483463e-25,3.78293418141161e-20,3.78293418143355e-20,1.891421809416424e-20,1.8914216691235333e-20,1.891512371995186e-20,1.8915125123100166e-20,2.194e-31,-1.4029289071685e-27,1.4031483071685e-27,0.0,True,0.49996090627890083,opposite_sign,opposite_sign,-1.1693778816797365e-16,-1.1693573966198554e-16,-1.0962133887793e-05,-1.09621338850561e-05,1.09621338879337e-05,1.09621339020299e-05,7.035e-17,8.4869e-15,1.096213388786335e-05,1.0962133893543e-05,1.40962e-14,8.41655e-15,5.67965e-15,0.0,True,0.5970793547197116,opposite_sign,opposite_sign,-9.839760678017194e-20,1.685629177095216e-14
n17_vd_1_vg_0p9,n17_vd_1,n17,1.0,0.9,-1.62876610006475e-05,-1.62876609972281e-05,1.62876610007661e-05,1.62876610046186e-05,5.93e-17,3.69525e-15,1.62876610007068e-05,1.628766100092335e-05,3.8525e-15,3.63595e-15,2.1655e-16,0.0,True,0.943789746917586,opposite_sign,opposite_sign,1.1714496325255233e-16,7.389962216404449e-15,-1.35065796900683e-24,-1.35048593760916e-24,3.78376095724515e-20,3.78376095724788e-20,1.8918129457241246e-20,1.8918129543270596e-20,1.8919480115210255e-20,1.8919480029208205e-20,2.73e-32,8.6029348835e-29,-8.6002048835e-29,0.0,True,0.5000793459809364,opposite_sign,opposite_sign,-1.1712432393607452e-16,-1.1713296330806447e-16,-1.62876610006475e-05,-1.62876609972281e-05,1.62876610007661e-05,1.62876610046187e-05,5.93e-17,3.6953e-15,1.62876610007068e-05,1.62876610009234e-05,3.8526e-15,3.636e-15,2.166e-16,0.0,True,0.943778227690391,opposite_sign,opposite_sign,-1.719694243585843e-20,7.27289306079097e-15
n17_vd_1_vg_0p95,n17_vd_1,n17,1.0,0.9500000000000001,-2.24384664457653e-05,-2.24384664425631e-05,2.24384664458864e-05,2.24384664719351e-05,6.055e-17,1.4686e-14,2.243846644582585e-05,2.24384664572491e-05,2.60487e-14,1.462545e-14,1.142325e-14,0.0,True,0.5614656393601215,opposite_sign,opposite_sign,1.1738111488939092e-16,2.9371462107968774e-14,-1.86201983843497e-24,-1.86150119379304e-24,3.78472096548344e-20,3.78472096548805e-20,1.8922673817497984e-20,1.8922674076843352e-20,1.8924535837336417e-20,1.8924535578037148e-20,4.61e-32,2.59345370965e-28,-2.59299270965e-28,0.0,True,0.5000444427612598,opposite_sign,opposite_sign,-1.1731957476345e-16,-1.173194057787563e-16,-2.24384664457653e-05,-2.24384664425631e-05,2.24384664458864e-05,2.24384664719351e-05,6.055e-17,1.4686e-14,2.243846644582585e-05,2.24384664572491e-05,2.60487e-14,1.462545e-14,1.142325e-14,0.0,True,0.5614656393601215,opposite_sign,opposite_sign,2.369477830580221e-20,2.9254104856841866e-14
n17_vd_1_vg_1,n17_vd_1,n17,1.0,1.0,-2.92721675557353e-05,-2.9272167543267e-05,2.92721675558554e-05,2.92721675530493e-05,6.005e-17,4.89115e-15,2.927216755579535e-05,2.927216754815815e-05,-2.8061e-15,4.8311e-15,-7.6372e-15,0.0,True,0.38747062550628397,opposite_sign,opposite_sign,1.1751707195735513e-16,9.781760596950067e-15,-2.42995653868677e-24,-2.42976694156848e-24,3.78579157934179e-20,3.7857915793414e-20,1.8927742918439606e-20,1.8927743013236216e-20,1.8930172874978294e-20,1.8930172780177784e-20,-3.9e-33,9.4796609145e-29,-9.4800509145e-29,0.0,True,0.49998971503355333,opposite_sign,opposite_sign,-1.175172505901451e-16,-1.1751980677223854e-16,-2.92721675557353e-05,-2.9272167543267e-05,2.92721675558555e-05,2.92721675530494e-05,6.01e-17,4.8912e-15,2.92721675557954e-05,2.92721675481582e-05,-2.8061e-15,4.8311e-15,-7.6372e-15,0.0,True,0.38747062550628397,opposite_sign,opposite_sign,6.022170325426177e-20,9.664304578645473e-15
n17_vd_1_vg_1p05,n17_vd_1,n17,1.0,1.05,-3.66739001757773e-05,-3.66739001746082e-05,3.66739001759022e-05,3.66739001921983e-05,6.245e-17,8.79505e-15,3.667390017583975e-05,3.667390018340325e-05,1.62961e-14,8.7326e-15,7.5635e-15,0.0,True,0.5358705457133915,opposite_sign,opposite_sign,1.1768171694477298e-16,1.7589563355348362e-14,-3.04561190887493e-24,-3.04583435891864e-24,3.78695487541024e-20,3.78695487541333e-20,1.8933251571096763e-20,1.893325145988719e-20,1.8936297183005638e-20,1.8936297294246108e-20,3.09e-32,-1.11209571855e-28,1.11240471855e-28,0.0,True,0.4999305462038023,opposite_sign,opposite_sign,-1.177146056347778e-16,-1.1770791928469024e-16,-3.66739001757773e-05,-3.66739001746082e-05,3.66739001759023e-05,3.66739001921983e-05,6.25e-17,8.79505e-15,3.66739001758398e-05,3.667390018340325e-05,1.6296e-14,8.73255e-15,7.56345e-15,0.0,True,0.535870765832106,opposite_sign,opposite_sign,2.411249694560202e-20,1.7471817569560752e-14
n17_vd_1_vg_1p1,n17_vd_1,n17,1.0,1.1,-4.45524447674837e-05,-4.45524447764803e-05,4.45524447676018e-05,4.4552444788045e-05,5.905e-17,5.78235e-15,4.455244476754275e-05,4.455244478226265e-05,2.04432e-14,5.7233e-15,1.47199e-14,0.0,True,0.27996106284730377,opposite_sign,opposite_sign,1.1784786838935074e-16,1.1564162710788432e-14,-3.70267245968271e-24,-3.70220041243311e-24,3.78819697438366e-20,3.78819697438775e-20,1.8939133535688458e-20,1.8939133771732532e-20,1.894283620814814e-20,1.8942835972144968e-20,4.09e-32,2.360440748e-28,-2.360031748e-28,0.0,True,0.5000433219344406,opposite_sign,opposite_sign,-1.1791060705537363e-16,-1.1791067658999952e-16,-4.45524447674837e-05,-4.45524447764803e-05,4.45524447676018e-05,4.4552444788045e-05,5.905e-17,5.78235e-15,4.455244476754275e-05,4.455244478226265e-05,2.04432e-14,5.7233e-15,1.47199e-14,0.0,True,0.27996106284730377,opposite_sign,opposite_sign,-1.00616933093422e-19,1.1446214155930888e-14
n17_vd_1_vg_1p15,n17_vd_1,n17,1.0,1.1500000000000001,-5.28347151880155e-05,-5.28347151857641e-05,5.28347151881345e-05,5.28347152018781e-05,5.95e-17,8.057e-15,5.2834715188075e-05,5.28347151938211e-05,1.37436e-14,7.9975e-15,5.7461e-15,0.0,True,0.5819072149946157,opposite_sign,opposite_sign,1.1810744646928899e-16,1.6113453399234786e-14,-4.39285561618126e-24,-4.39287107916505e-24,3.7895069655244e-20,3.78950696552745e-20,1.894533839981391e-20,1.8945338392097668e-20,1.894973125543009e-20,1.8949731263176833e-20,3.05e-32,-7.716241895e-30,7.746741895e-30,0.0,True,0.49901377378343614,opposite_sign,opposite_sign,-1.1810482132201638e-16,-1.181037627697828e-16,-5.28347151880155e-05,-5.28347151857641e-05,5.28347151881346e-05,5.28347152018781e-05,5.955e-17,8.057e-15,5.283471518807505e-05,5.28347151938211e-05,1.37435e-14,7.99745e-15,5.74605e-15,0.0,True,0.5819078109651835,opposite_sign,opposite_sign,6.637842414266734e-20,1.5995311745788222e-14
n17_vd_1_vg_1p2,n17_vd_1,n17,1.0,1.2000000000000002,-6.14612957471367e-05,-6.14612957457647e-05,6.14612957472496e-05,6.14612957590842e-05,5.645e-17,6.65975e-15,6.146129574719315e-05,6.146129575242445e-05,1.18346e-14,6.6033e-15,5.2313e-15,0.0,True,0.5579656262146587,opposite_sign,opposite_sign,1.1829368846082035e-16,1.3318961644775175e-14,-5.11283727377441e-24,-5.11294959300984e-24,3.79087627672597e-20,3.79087627672759e-20,1.8951824964992962e-20,1.8951824908841445e-20,1.8956937802266738e-20,1.8956937858434454e-20,1.62e-32,-5.6151517715e-29,5.6167717715e-29,0.0,True,0.4999278841244869,opposite_sign,opposite_sign,-1.18296910955965e-16,-1.1829775466303432e-16,-6.14612957471367e-05,-6.14612957457647e-05,6.14612957472496e-05,6.14612957590842e-05,5.645e-17,6.65975e-15,6.146129574719315e-05,6.146129575242445e-05,1.18346e-14,6.6033e-15,5.2313e-15,0.0,True,0.5579656262146587,opposite_sign,opposite_sign,-4.112614507478544e-20,1.3200625986462323e-14
n17_vd_1_vg_1p25,n17_vd_1,n17,1.0,1.25,-7.03848626023568e-05,-7.03848626102785e-05,7.03848626024741e-05,7.03848626141504e-05,5.865e-17,1.93595e-15,7.038486260241545e-05,7.038486261221446e-05,1.16763e-14,1.8773e-15,9.799e-15,0.0,True,0.16077867132567678,opposite_sign,opposite_sign,1.1841347122492307e-16,3.871344562635189e-15,-5.85858309507178e-24,-5.85853071983904e-24,3.79229808844089e-20,3.7922980884434e-20,1.8958561150656915e-20,1.895856117685708e-20,1.8964419733751986e-20,1.896441970757692e-20,2.51e-32,2.620016637e-29,-2.617506637e-29,0.0,True,0.5002396170736328,opposite_sign,opposite_sign,-1.184870316106077e-16,-1.1850065890621227e-16,-7.03848626023568e-05,-7.03848626102785e-05,7.03848626024741e-05,7.03848626141504e-05,5.865e-17,1.93595e-15,7.038486260241545e-05,7.038486261221446e-05,1.16763e-14,1.8773e-15,9.799e-15,0.0,True,0.16077867132567678,opposite_sign,opposite_sign,-1.1147750798541318e-19,3.7528059866066236e-15
n17_vd_1_vg_1p3,n17_vd_1,n17,1.0,1.3,-7.95663220514736e-05,-7.95663220408235e-05,7.95663220515875e-05,7.95663220605894e-05,5.695e-17,9.88295e-15,7.956632205153055e-05,7.956632205070645e-05,9.0019e-15,9.826e-15,-8.241e-16,0.0,True,0.9226204448784519,opposite_sign,opposite_sign,1.1856390969481053e-16,1.976535405505841e-14,-6.62658542051196e-24,-6.62639408930495e-24,3.79376630491959e-20,3.79376630492223e-20,1.8965518231887693e-20,1.8965518327566497e-20,1.8972144817308205e-20,1.8972144721655802e-20,2.64e-32,9.5678803505e-29,-9.5652403505e-29,0.0,True,0.5000689903137407,opposite_sign,opposite_sign,-1.186752550699052e-16,-1.1866362059038286e-16,-7.95663220514736e-05,-7.95663220408235e-05,7.95663220515876e-05,7.95663220605895e-05,5.7e-17,9.883e-15,7.95663220515306e-05,7.95663220507065e-05,9.0019e-15,9.826e-15,-8.241e-16,0.0,True,0.9226204448784519,opposite_sign,opposite_sign,-4.085619431020694e-20,1.9646760923648617e-14
n17_vd_1_vg_1p35,n17_vd_1,n17,1.0,1.35,-8.89733473557502e-05,-8.89733473543291e-05,8.89733473558631e-05,8.89733473652771e-05,5.645e-17,5.474e-15,8.897334735580665e-05,8.89733473598031e-05,9.414e-15,5.41755e-15,3.99645e-15,0.0,True,0.5754780114722753,opposite_sign,opposite_sign,1.1886815664622633e-16,1.0947455131038609e-14,-7.4140482646922e-24,-7.41387421626642e-24,3.79527653269497e-20,3.79527653269632e-20,1.8972675639342503e-20,1.8972675726373468e-20,1.8980089687607197e-20,1.8980089600589734e-20,1.35e-32,8.703096289e-29,-8.701746289e-29,0.0,True,0.5000387823099792,opposite_sign,opposite_sign,-1.1886167396321734e-16,-1.1884899608637527e-16,-8.89733473557502e-05,-8.89733473543291e-05,8.89733473558631e-05,8.89733473652771e-05,5.645e-17,5.474e-15,8.897334735580665e-05,8.89733473598031e-05,9.414e-15,5.41755e-15,3.99645e-15,0.0,True,0.5754780114722753,opposite_sign,opposite_sign,-3.146266826985432e-20,1.0828568189600781e-14
n17_vd_1_vg_1p4,n17_vd_1,n17,1.0,1.4000000000000001,-9.85780935675887e-05,-9.85780935630609e-05,9.85780935677181e-05,9.85780935404461e-05,6.47e-17,-1.13074e-14,9.85780935676534e-05,9.85780935517535e-05,-2.7272e-14,-1.13721e-14,-1.58999e-14,0.0,True,0.41698811968319155,opposite_sign,opposite_sign,1.1905527930293775e-16,-2.261533905855085e-14,-8.21864204377946e-24,-8.21867282411688e-24,3.7968247193287e-20,3.79682471932262e-20,1.898001427562161e-20,1.898001426020104e-20,1.898823291766539e-20,1.898823293302516e-20,-6.08e-32,-1.542056871e-29,1.535976871e-29,0.0,True,0.5009876434941303,opposite_sign,opposite_sign,-1.1904613304522877e-16,-1.190396501822896e-16,-9.85780935675887e-05,-9.85780935630609e-05,9.85780935677181e-05,9.85780935404462e-05,6.47e-17,-1.130735e-14,9.85780935676534e-05,9.857809355175355e-05,-2.72719e-14,-1.137205e-14,-1.589985e-14,0.0,True,0.416987815297064,opposite_sign,opposite_sign,-2.881377084203948e-20,-2.2734321801071566e-14
n17_vd_1_vg_1p45,n17_vd_1,n17,1.0,1.4500000000000002,-0.00010835744419703,-0.000108357444195103,0.000108357444197157,0.000108357444195924,6.35e-17,4.105e-16,0.0001083574441970935,0.0001083574441955135,-1.233e-15,3.47e-16,-1.58e-15,0.0,True,0.1800726517903477,opposite_sign,opposite_sign,1.191154461406022e-16,8.204484925114774e-16,-9.03910769813868e-24,-9.03888192542951e-24,3.79840749605362e-20,3.79840749605393e-20,1.898751792641903e-20,1.8987518039306934e-20,1.899655703411717e-20,1.8996556921232365e-20,3.1e-33,1.12887904585e-28,-1.12884804585e-28,0.0,True,0.5000068653116034,opposite_sign,opposite_sign,-1.1922862436803817e-16,-1.1922158462793538e-16,-0.00010835744419703,-0.000108357444195103,0.000108357444197157,0.000108357444195924,6.35e-17,4.105e-16,0.0001083574441970935,0.0001083574441955135,-1.233e-15,3.47e-16,-1.58e-15,0.0,True,0.1800726517903477,opposite_sign,opposite_sign,-1.5115326328921679e-19,7.011889328474631e-16
n17_vd_1_vg_1p5,n17_vd_1,n17,1.0,1.5,-0.000118291582812306,-0.000118291582973139,0.000118291582914183,0.00011829158297345,5.09385e-14,1.555e-16,0.0001182915828632445,0.0001182915829732945,5.9267e-14,-5.0783e-14,1.1005e-13,0.0,True,0.3157498772018181,opposite_sign,opposite_sign,1.1917394291779849e-16,3.10451992223728e-16,-9.84891921316102e-24,-9.87286153658284e-24,3.80001158977054e-20,3.80001158984245e-20,1.899513348924612e-20,1.899512151844396e-20,1.900498240845928e-20,1.900499437998054e-20,7.191e-31,-1.197080216091e-26,1.197152126091e-26,0.0,True,0.4999849826604684,opposite_sign,opposite_sign,-1.194091130035315e-16,-1.193953836090161e-16,-0.000118291582812306,-0.000118291582973139,0.000118291582914183,0.00011829158297345,5.09385e-14,1.555e-16,0.0001182915828632445,0.0001182915829732945,5.9267e-14,-5.0783e-14,1.1005e-13,0.0,True,0.3157498772018181,opposite_sign,opposite_sign,-2.731603532027333e-19,1.9101861837167495e-16
n17_vd_1_vg_1p55,n17_vd_1,n17,1.0,1.55,-0.000128363547815993,-0.000128363547917265,0.000128363547662519,0.000128363547913993,-7.6737e-14,-1.636e-15,0.000128363547739256,0.000128363547915629,2.51474e-13,7.5101e-14,1.76373e-13,0.0,True,0.2986431996946006,opposite_sign,opposite_sign,1.1950329799022367e-16,-3.272539384050209e-15,-1.07041747015061e-23,-1.0719207646397e-23,3.80164006364145e-20,3.80164006365867e-20,1.9002848230856497e-20,1.9002840714470153e-20,1.9013552405558004e-20,1.9013559922116548e-20,1.722e-31,-7.51638634545e-27,7.51655854545e-27,0.0,True,0.49999427257928347,opposite_sign,opposite_sign,-1.1958756796955528e-16,-1.1958679777891407e-16,-0.000128363547815993,-0.000128363547917265,0.000128363547662519,0.000128363547913993,-7.6737e-14,-1.636e-15,0.000128363547739256,0.000128363547915629,2.51474e-13,7.5101e-14,1.76373e-13,0.0,True,0.2986431996946006,opposite_sign,opposite_sign,-1.2227567577697916e-19,-3.3921641875105517e-15
n17_vd_1_vg_1p6,n17_vd_1,n17,1.0,1.6,-0.000138558623675774,-0.000138558623769684,0.000138558623741475,0.00013855862375862,3.28505e-14,-5.532e-15,0.0001385586237086245,0.000138558623764152,1.7145e-14,-3.83825e-14,5.55275e-14,0.0,True,0.4087157917154723,opposite_sign,opposite_sign,1.2037722323623117e-16,-1.10645391190291e-14,-1.15670840001632e-23,-1.15767008361783e-23,3.80328826110833e-20,3.8032882611268e-20,1.901065776354157e-20,1.901065295521591e-20,1.9022224847541733e-20,1.902222965605209e-20,1.847e-31,-4.80832565755e-27,4.80851035755e-27,0.0,True,0.4999903970495228,opposite_sign,opposite_sign,-1.1976393770206892e-16,-1.1977413109475357e-16,-0.000138558623675774,-0.000138558623769684,0.000138558623741475,0.00013855862375862,3.28505e-14,-5.532e-15,0.0001385586237086245,0.000138558623764152,1.7145e-14,-3.83825e-14,5.55275e-14,0.0,True,0.4087157917154723,opposite_sign,opposite_sign,5.752642186267318e-19,-1.1184351271429765e-14
n17_vd_1_vg_1p65,n17_vd_1,n17,1.0,1.6500000000000001,-0.000148863985273203,-0.000148863985341285,0.000148863985320544,0.000148863985372223,2.36705e-14,1.5469e-14,0.0001488639852968735,0.000148863985356754,5.1679e-14,-8.2015e-15,5.98805e-14,0.0,True,0.12046502746687818,opposite_sign,opposite_sign,1.1932715337373724e-16,3.0937451692518954e-14,-1.24379055188309e-23,-1.24442750947889e-23,3.80495815172532e-20,3.80495815172294e-20,1.9018571805867183e-20,1.9018568621067304e-20,1.9031009711386016e-20,1.9031012896162094e-20,-2.38e-32,-3.184799879e-27,3.184776079e-27,0.0,True,0.5000018682562354,opposite_sign,opposite_sign,-1.1993816699818928e-16,-1.1994105183323585e-16,-0.000148863985273203,-0.000148863985341285,0.000148863985320544,0.000148863985372223,2.36705e-14,1.5469e-14,0.0001488639852968735,0.000148863985356754,5.1679e-14,-8.2015e-15,5.98805e-14,0.0,True,0.12046502746687818,opposite_sign,opposite_sign,-6.490507680616942e-19,3.0817472603548475e-14
n17_vd_1_vg_1p7,n17_vd_1,n17,1.0,1.7000000000000002,-0.000159268382568496,-0.000159268382610195,0.000159268382482235,0.000159268382645684,-4.31305e-14,1.77445e-14,0.0001592683825253655,0.0001592683826279395,1.63449e-13,6.0875e-14,1.02574e-13,0.0,True,0.37244033307025437,opposite_sign,opposite_sign,1.2000906196393423e-16,3.548844317305271e-14,-1.33169192097453e-23,-1.33209940982515e-23,3.80664836466422e-20,3.80664836467226e-20,1.9026583363716227e-20,1.9026581326312173e-20,1.9039900282925973e-20,1.9039902320410426e-20,8.04e-32,-2.0374040531e-27,2.0374844531e-27,0.0,True,0.49999013469940623,opposite_sign,opposite_sign,-1.2011017961926556e-16,-1.2011424135400036e-16,-0.000159268382568496,-0.000159268382610195,0.000159268382482235,0.000159268382645684,-4.31305e-14,1.77445e-14,0.0001592683825253655,0.0001592683826279395,1.63449e-13,6.0875e-14,1.02574e-13,0.0,True,0.37244033307025437,opposite_sign,opposite_sign,-1.3917082196642918e-19,3.5368290878536054e-14
n17_vd_1_vg_1p75,n17_vd_1,n17,1.0,1.75,-0.000169761610673199,-0.000169761610714854,0.000169761610494955,0.00016976161071076,-8.9122e-14,-2.047e-15,0.000169761610584077,0.000169761610712807,2.15805e-13,8.7075e-14,1.2873e-13,0.0,True,0.4034892611385278,opposite_sign,opposite_sign,1.2026226249864798e-16,-4.09455976275188e-15,-1.42033428216542e-23,-1.42060054934678e-23,3.80835675021112e-20,3.80835675021073e-20,1.9034682079644773e-20,1.9034680748306916e-20,1.9048885422466426e-20,1.9048886753800384e-20,-3.9e-33,-1.3313378568e-27,1.3313339568e-27,0.0,True,0.5000007323471072,opposite_sign,opposite_sign,-1.202798069057477e-16,-1.2028481252926738e-16,-0.000169761610673199,-0.000169761610714854,0.000169761610494955,0.00016976161071076,-8.9122e-14,-2.047e-15,0.000169761610584077,0.000169761610712807,2.15805e-13,8.7075e-14,1.2873e-13,0.0,True,0.4034892611385278,opposite_sign,opposite_sign,-5.561377134307143e-20,-4.214882644642644e-15
n17_vd_1_vg_1p8,n17_vd_1,n17,1.0,1.8,-0.000180334593008853,-0.000180334593037936,0.000180334592728496,0.000180334593057763,-1.401785e-13,9.9135e-15,0.0001803345928686745,0.0001803345930478495,3.29267e-13,1.50092e-13,1.79175e-13,0.0,True,0.4558367525442878,opposite_sign,opposite_sign,1.21383508897061e-16,1.9826462477006915e-14,-1.50965636799714e-23,-1.50986010236993e-23,3.81008047878883e-20,3.8100804787917e-20,1.9042854112104166e-20,1.904285309344665e-20,1.9057950675784134e-20,1.905795169447035e-20,2.87e-32,-1.01865751395e-27,1.01868621395e-27,0.0,True,0.4999929565149938,opposite_sign,opposite_sign,-1.204468744258628e-16,-1.204407299171601e-16,-0.000180334593008853,-0.000180334593037936,0.000180334592728496,0.000180334593057763,-1.401785e-13,9.9135e-15,0.0001803345928686745,0.0001803345930478495,3.29267e-13,1.50092e-13,1.79175e-13,0.0,True,0.4558367525442878,opposite_sign,opposite_sign,8.985487630762962e-19,1.9705983661383567e-14
n17_vd_1_vg_1p85,n17_vd_1,n17,1.0,1.85,-0.000190979411378037,-0.000190979411415027,0.000190979411044009,0.000190979411447276,-1.67014e-13,1.61245e-14,0.000190979411211023,0.0001909794114311515,4.03267e-13,1.831385e-13,2.201285e-13,0.0,True,0.45413708535536007,opposite_sign,opposite_sign,1.2103480523428167e-16,3.224843647941162e-14,-1.59966928578448e-23,-1.599817168631e-23,3.81181658730259e-20,3.81181658730575e-20,1.9051084590084028e-20,1.9051083850685596e-20,1.9067081282941873e-20,1.9067082022371905e-20,3.16e-32,-7.393984326e-28,7.394300326e-28,0.0,True,0.4999893158670043,opposite_sign,opposite_sign,-1.2061125993637383e-16,-1.2060710655845263e-16,-0.000190979411378037,-0.000190979411415027,0.000190979411044009,0.000190979411447276,-1.67014e-13,1.61245e-14,0.000190979411211023,0.0001909794114311515,4.03267e-13,1.831385e-13,2.201285e-13,0.0,True,0.45413708535536007,opposite_sign,opposite_sign,3.8544312823741064e-19,3.212779127068547e-14
n17_vd_1_vg_1p9,n17_vd_1,n17,1.0,1.9000000000000001,-0.000201688669141038,-0.000201688669162621,0.000201688668778324,0.000201688669136832,-1.81357e-13,-1.28945e-14,0.000201688668959681,0.0002016886691497265,3.58508e-13,1.684625e-13,1.900455e-13,0.0,True,0.46989885860287633,opposite_sign,opposite_sign,1.2090117540089895e-16,-2.5789584773809403e-14,-1.6902902010318e-23,-1.69041158622164e-23,3.81356565355219e-20,3.81356565353786e-20,1.905937681675579e-20,1.9059376209758192e-20,1.9076279718766108e-20,1.9076280325620407e-20,-1.433e-31,-6.069975992e-28,6.068542992e-28,0.0,True,0.5000590269703368,opposite_sign,opposite_sign,-1.207727753301625e-16,-1.2075674716348247e-16,-0.000201688669141038,-0.000201688669162621,0.000201688668778324,0.000201688669136832,-1.81357e-13,-1.28945e-14,0.000201688668959681,0.0002016886691497265,3.58508e-13,1.684625e-13,1.900455e-13,0.0,True,0.46989885860287633,opposite_sign,opposite_sign,9.028131690814105e-20,-2.5910379639725304e-14
n17_vd_1_vg_1p95,n17_vd_1,n17,1.0,1.9500000000000002,-0.000212455959351563,-0.000212455959368134,0.000212455958919819,0.000212455959378044,-2.15872e-13,4.955e-15,0.000212455959135691,0.000212455959373089,4.58225e-13,2.20827e-13,2.37398e-13,0.0,True,0.48191827159146705,opposite_sign,opposite_sign,1.2072835593396338e-16,9.909450940098205e-15,-1.78151868836246e-23,-1.78157869184236e-23,3.8153263811402e-20,3.81532638113899e-20,1.9067724312259187e-20,1.9067724012235737e-20,1.9085539499142813e-20,1.9085539799154162e-20,-1.21e-32,-3.000234495e-28,3.000113495e-28,0.0,True,0.5000100827485507,opposite_sign,opposite_sign,-1.2093121372464648e-16,-1.2092911119345153e-16,-0.000212455959351563,-0.000212455959368134,0.000212455958919819,0.000212455959378044,-2.15872e-13,4.955e-15,0.000212455959135691,0.000212455959373089,4.58225e-13,2.20827e-13,2.37398e-13,0.0,True,0.48191827159146705,opposite_sign,opposite_sign,-2.4099323904630997e-19,9.78848369345673e-15
n17_vd_1_vg_2,n17_vd_1,n17,1.0,2.0,-0.000223275264459867,-0.000223275264481156,0.000223275264012005,0.00022327526446745,-2.23931e-13,-6.853e-15,0.000223275264235936,0.000223275264474303,4.55445e-13,2.17078e-13,2.38367e-13,0.0,True,0.47662835249042146,opposite_sign,opposite_sign,1.2124426049364115e-16,-1.370656078872908e-14,-1.87316081486415e-23,-1.87326785621311e-23,3.81709763764995e-20,3.81709763764552e-20,1.907612238417543e-20,1.9076121848946533e-20,1.909485399232407e-20,1.9094854527508667e-20,-4.43e-32,-5.352288948e-28,5.351845948e-28,0.0,True,0.5000206929380236,opposite_sign,opposite_sign,-1.2108637148782265e-16,-1.210852057221561e-16,-0.000223275264459867,-0.000223275264481156,0.000223275264012005,0.00022327526446745,-2.23931e-13,-6.853e-15,0.000223275264235936,0.000223275264474303,4.55445e-13,2.17078e-13,2.38367e-13,0.0,True,0.47662835249042146,opposite_sign,opposite_sign,1.197367606536632e-19,-1.3827684146694935e-14
n17_vd_1_vg_2p05,n17_vd_1,n17,1.0,2.0500000000000003,-0.000234141047093457,-0.000234141047105921,0.000234141046664186,0.00023414104710246,-2.146355e-13,-1.7305e-15,0.0002341410468788215,0.0002341410471041905,4.38274e-13,2.12905e-13,2.25369e-13,0.0,True,0.4857805847483537,opposite_sign,opposite_sign,1.218265549164317e-16,-3.4615563070013563e-15,-1.96539406502615e-23,-1.96543229574438e-23,3.81887831161737e-20,3.81887831161462e-20,1.9084564587761718e-20,1.9084564396594378e-20,1.910421852841198e-20,1.9104218719551822e-20,-2.75e-32,-1.9116734115e-28,1.9113984115e-28,0.0,True,0.5000359658427479,opposite_sign,opposite_sign,-1.2123804472962348e-16,-1.212484780808228e-16,-0.000234141047093457,-0.000234141047105921,0.000234141046664186,0.00023414104710246,-2.146355e-13,-1.7305e-15,0.0002341410468788215,0.0002341410471041905,4.38274e-13,2.12905e-13,2.25369e-13,0.0,True,0.4857805847483537,opposite_sign,opposite_sign,5.503410574762446e-19,-3.5828429542109726e-15
n17_vd_1_vg_2p1,n17_vd_1,n17,1.0,2.1,-0.000245048200595569,-0.000245048200600577,0.000245048200197179,0.000245048200589236,-1.99195e-13,-5.6705e-15,0.000245048200396374,0.0002450482005949065,3.92057e-13,1.935245e-13,1.985325e-13,0.0,True,0.4936131735946559,opposite_sign,opposite_sign,1.2209670150300875e-16,-1.1341539007020251e-14,-2.05803911907026e-23,-2.05802862828758e-23,3.82066752347128e-20,3.82066752346584e-20,1.909304742176105e-20,1.909304747418776e-20,1.911362781295175e-20,1.9113627760470638e-20,-5.44e-32,5.24267134e-29,-5.24811134e-29,0.0,True,0.4997407247787922,opposite_sign,opposite_sign,-1.2138603842574248e-16,-1.213816348449756e-16,-0.000245048200595569,-0.000245048200600577,0.000245048200197179,0.000245048200589236,-1.99195e-13,-5.6705e-15,0.000245048200396374,0.0002450482005949065,3.92057e-13,1.935245e-13,1.985325e-13,0.0,True,0.4936131735946559,opposite_sign,opposite_sign,6.724769820378904e-19,-1.1462958827960174e-14
n17_vd_1_vg_2p15,n17_vd_1,n17,1.0,2.15,-0.000255991974190059,-0.000255991974211485,0.000255991973835072,0.00025599197421321,-1.774935e-13,8.625e-16,0.0002559919740125655,0.0002559919742123475,3.78138e-13,1.78356e-13,1.99782e-13,0.0,True,0.47166907319550005,opposite_sign,opposite_sign,1.2177821161684665e-16,1.7244511205665515e-15,-2.15097246735224e-23,-2.15101632491211e-23,3.82246435381626e-20,3.8224643538193e-20,1.910156690674454e-20,1.910156668747194e-20,1.912307663141806e-20,1.912307685072106e-20,3.04e-32,-2.1927259935e-28,2.1930299935e-28,0.0,True,0.499965342349084,opposite_sign,opposite_sign,-1.215301680894985e-16,-1.2152636312614805e-16,-0.000255991974190059,-0.000255991974211485,0.000255991973835072,0.00025599197421321,-1.774935e-13,8.625e-16,0.0002559919740125655,0.0002559919742123475,3.78138e-13,1.78356e-13,1.99782e-13,0.0,True,0.47166907319550005,opposite_sign,opposite_sign,2.0984039387518e-19,1.6028865543070278e-15
n17_vd_1_vg_2p2,n17_vd_1,n17,1.0,2.2,-0.00026696792897537,-0.00026696792898032,0.000266967928667548,0.00026696792899843,-1.53911e-13,9.055e-15,0.000266967928821459,0.000266967928989375,3.30882e-13,1.62966e-13,1.67916e-13,0.0,True,0.49251999202132485,opposite_sign,opposite_sign,1.209610464262701e-16,1.810945515582342e-14,-2.24429602191688e-23,-2.244357516961e-23,3.82426796644856e-20,3.82426796645179e-20,1.9110118352133215e-20,1.9110118044674144e-20,1.9132561312352385e-20,1.9132561619843754e-20,3.23e-32,-3.074590706e-28,3.074913706e-28,0.0,True,0.49997373772109427,opposite_sign,opposite_sign,-1.2167026776140774e-16,-1.2166432772431765e-16,-0.00026696792897537,-0.00026696792898032,0.000266967928667548,0.00026696792899843,-1.53911e-13,9.055e-15,0.000266967928821459,0.000266967928989375,3.30882e-13,1.62966e-13,1.67916e-13,0.0,True,0.49251999202132485,opposite_sign,opposite_sign,-7.474415717433588e-19,1.798775260786301e-14
n17_vd_1_vg_2p25,n17_vd_1,n17,1.0,2.25,-0.000277971882531971,-0.000277971882550361,0.000277971882272471,0.000277971882577405,-1.2975e-13,1.3522e-14,0.000277971882402221,0.000277971882563883,3.04934e-13,1.43272e-13,1.61662e-13,0.0,True,0.4698459338742154,opposite_sign,opposite_sign,1.2225832957320026e-16,2.7043442398460758e-14,-2.3380210468597e-23,-2.33801622717517e-23,3.82607743835444e-20,3.82607743836161e-20,1.91186970865379e-20,1.9118697110672174e-20,1.91420772970065e-20,1.9142077272943927e-20,7.17e-32,2.413427265e-29,-2.406257265e-29,0.0,True,0.5007438246170854,opposite_sign,opposite_sign,-1.2180619735316993e-16,-1.2181482319276966e-16,-0.000277971882531971,-0.000277971882550361,0.000277971882272471,0.000277971882577405,-1.2975e-13,1.3522e-14,0.000277971882402221,0.000277971882563883,3.04934e-13,1.43272e-13,1.61662e-13,0.0,True,0.4698459338742154,opposite_sign,opposite_sign,4.1389482622541024e-19,2.692158933787377e-14
n17_vd_1_vg_2p3,n17_vd_1,n17,1.0,2.3000000000000003,-0.000288999890306024,-0.000288999890311493,0.00028899989009014,0.000288999890300451,-1.07942e-13,-5.521e-15,0.000288999890198082,0.000288999890305972,2.10311e-13,1.02421e-13,1.0789e-13,0.0,True,0.4869978270275925,opposite_sign,opposite_sign,1.211299884751986e-16,-1.1042575428155012e-14,-2.43194949889048e-23,-2.43195853297791e-23,3.8278921035604e-20,3.82789210355742e-20,1.9127300770307548e-20,1.912730072512221e-20,1.9151620265296454e-20,1.915162031045199e-20,-2.98e-32,-4.518533715e-29,4.515553715e-29,0.0,True,0.5001649308811261,opposite_sign,opposite_sign,-1.219378555369014e-16,-1.2194746640736375e-16,-0.000288999890306024,-0.000288999890311493,0.00028899989009014,0.000288999890300451,-1.07942e-13,-5.521e-15,0.000288999890198082,0.000288999890305972,2.10311e-13,1.02421e-13,1.0789e-13,0.0,True,0.4869978270275925,opposite_sign,opposite_sign,-8.461216637951263e-19,-1.1164561149163827e-14
n17_vd_1_vg_2p35,n17_vd_1,n17,1.0,2.35,-0.000300048206199108,-0.000300048206196598,0.000300048206021691,0.000300048206227234,-8.87085e-14,1.5318e-14,0.0003000482061103995,0.000300048206211916,2.05543e-13,1.040265e-13,1.015165e-13,0.0,True,0.506105778352948,opposite_sign,opposite_sign,1.224341189172923e-16,3.0635401641487e-14,-2.52617501725402e-23,-2.52615199339649e-23,3.82971137295462e-20,3.82971137295949e-20,1.913592598968683e-20,1.913592610483047e-20,1.916118773985937e-20,1.9161187624764433e-20,4.87e-32,1.1514363765e-28,-1.1509493765e-28,0.0,True,0.5001057598622137,opposite_sign,opposite_sign,-1.2206518621307863e-16,-1.2206219935314032e-16,-0.000300048206199108,-0.000300048206196598,0.000300048206021691,0.000300048206227234,-8.87085e-14,1.5318e-14,0.0003000482061103995,0.000300048206211916,2.05543e-13,1.040265e-13,1.015165e-13,0.0,True,0.506105778352948,opposite_sign,opposite_sign,3.30660852285743e-19,3.051330117028165e-14
n17_vd_1_vg_2p4,n17_vd_1,n17,1.0,2.4000000000000004,-0.000311113238870813,-0.000311113238881226,0.000311113238727151,0.00031111323886339,-7.1831e-14,-8.918e-15,0.000311113238798982,0.000311113238872308,1.36239e-13,6.2913e-14,7.3326e-14,0.0,True,0.4617840706405654,opposite_sign,opposite_sign,1.2239039537773178e-16,-1.783656824983153e-14,-2.62056437303719e-23,-2.62056541124351e-23,3.83153459498691e-20,3.83153459498495e-20,1.9144570153069365e-20,1.9144570147868533e-20,1.9170775796799737e-20,1.9170775801980967e-20,-1.96e-32,-5.2008316e-30,5.1812316e-30,0.0,True,0.5009439356909328,opposite_sign,opposite_sign,-1.2218818005435984e-16,-1.2218851719943726e-16,-0.000311113238870813,-0.000311113238881226,0.000311113238727151,0.00031111323886339,-7.1831e-14,-8.918e-15,0.000311113238798982,0.000311113238872308,1.36239e-13,6.2913e-14,7.3326e-14,0.0,True,0.4617840706405654,opposite_sign,opposite_sign,1.6392618273409662e-19,-1.7958795056171263e-14
n17_vd_1_vg_2p45,n17_vd_1,n17,1.0,2.45,-0.000322191532367564,-0.000322191532374969,0.00032219153225211,0.000322191532361447,-5.7727e-14,-6.761e-15,0.000322191532309837,0.000322191532368208,1.09337e-13,5.0966e-14,5.8371e-14,0.0,True,0.46613680638759064,opposite_sign,opposite_sign,1.2266026641585096e-16,-1.3522583272023011e-14,-2.71517017225975e-23,-2.71516863706849e-23,3.83336116570464e-20,3.83336116570224e-20,1.9153229977661903e-20,1.9153229985325858e-20,1.91803816793845e-20,1.918038167169654e-20,-2.4e-32,7.6639563e-30,-7.6879563e-30,0.0,True,0.49921833843686686,opposite_sign,opposite_sign,-1.2230687387696266e-16,-1.2230975655505735e-16,-0.000322191532367564,-0.000322191532374969,0.00032219153225211,0.000322191532361447,-5.7727e-14,-6.761e-15,0.000322191532309837,0.000322191532368208,1.09337e-13,5.0966e-14,5.8371e-14,0.0,True,0.46613680638759064,opposite_sign,opposite_sign,3.1508607883598848e-19,-1.3644931335038038e-14
n17_vd_1_vg_2p5,n17_vd_1,n17,1.0,2.5,-0.000333279743129247,-0.000333279743124894,0.000333279743036906,0.000333279743129981,-4.61705e-14,2.5435e-15,0.0003332797430830765,0.0003332797431274375,9.3075e-14,4.8714e-14,4.4361e-14,0.0,True,0.5233843674456083,opposite_sign,opposite_sign,1.2294763186270076e-16,5.086444728431784e-15,-2.8099590639268e-23,-2.80993235745423e-23,3.83519050064544e-20,3.83519050064423e-20,1.9161902707907567e-20,1.916190284143388e-20,1.9190002298546833e-20,1.919000216500842e-20,-1.21e-32,1.3352631285e-28,-1.3353841285e-28,0.0,True,0.4999773463156389,opposite_sign,opposite_sign,-1.224213441725262e-16,-1.2241589893835013e-16,-0.000333279743129247,-0.000333279743124894,0.000333279743036906,0.000333279743129981,-4.61705e-14,2.5435e-15,0.0003332797430830765,0.0003332797431274375,9.3075e-14,4.8714e-14,4.4361e-14,0.0,True,0.5233843674456083,opposite_sign,opposite_sign,4.879638847113174e-19,4.963990505687751e-15
n18_vd_0p05_vg_0,n18_vd_0p05,n18,0.05,0.0,-2.40036713589152e-15,-6.48230792917844e-15,2.41685117982242e-15,-6.47575718753887e-15,8.24202196545e-18,-6.479032558358655e-15,2.40860915785697e-15,3.275370819785e-18,-8.89260836736129e-15,-6.487274580324105e-15,-2.405333787037185e-15,0.0,True,0.7295131318426743,opposite_sign,same_sign,1.6054900700470038e-17,-1.2958490849694204e-14,-2.49911832238926e-28,-3.34082242688832e-32,3.22805634598829e-20,3.22805638760171e-20,1.6140281604985535e-20,1.6140281937991847e-20,1.6140281854897367e-20,1.6140281938025255e-20,4.161342e-28,3.3300631200732856e-28,8.312788799267144e-29,0.0,True,0.8002377886925145,opposite_sign,opposite_sign,-1.605490070047353e-17,-1.6065220375076317e-17,-2.40036713589177e-15,-6.48230792917844e-15,2.41688346038588e-15,-6.47572490697499e-15,8.258162247055e-18,-6.479016418076715e-15,2.408625298138825e-15,3.291511101725e-18,-8.89260836736087e-15,-6.48727458032377e-15,-2.4053337870371e-15,0.0,True,0.7295131318426711,opposite_sign,same_sign,-3.4019626537656134e-30,-1.2974556070069277e-14
n18_vd_0p05_vg_0p05,n18_vd_0p05,n18,0.05,0.05,-8.55192434640775e-15,-6.02401633872558e-15,8.56156427726401e-15,2.55289516463143e-14,4.81996542813e-18,9.75246765379436e-15,8.55674431183588e-15,1.577648399251994e-14,1.696738736905029e-14,9.74764768836623e-15,7.21973968068406e-15,0.0,True,0.5744931424237196,opposite_sign,opposite_sign,1.613232622295332e-17,1.9504509556764318e-14,7.26278007124367e-26,6.97725722261405e-33,3.22801482846329e-20,3.22801192737527e-20,1.6140110456216805e-20,1.6140059636879838e-20,1.6140037828416095e-20,1.6140059636872862e-20,-2.90108802e-26,-5.081933696758974e-26,2.180845676758974e-26,0.0,True,0.6997229896985546,same_sign,same_sign,-1.6132326222951368e-17,-1.612561919422184e-17,-8.55192434633512e-15,-6.02401633872558e-15,8.56159655741229e-15,2.55289839264336e-14,4.836105538585e-18,9.75248379385401e-15,8.556760451873705e-15,1.577650013257959e-14,1.696738736902131e-14,9.747647688315426e-15,7.219739680705885e-15,0.0,True,0.5744931424217066,opposite_sign,opposite_sign,-2.1262266586035084e-30,1.948838393757012e-14
n18_vd_0p05_vg_0p1,n18_vd_0p05,n18,0.05,0.1,-3.10802569096739e-14,-2.56533800731411e-14,3.10946715862908e-14,4.51582735229537e-14,7.20733830845e-18,9.7524467249063e-15,3.108746424798235e-14,3.54058267980474e-14,1.40636019366629e-14,9.74523938659785e-15,4.31836255006505e-15,0.0,True,0.6929405020482442,opposite_sign,opposite_sign,1.62749571691506e-17,1.9504467678900434e-14,4.01030214359121e-27,-2.66404879268303e-32,3.22796866964915e-20,3.22796841734348e-20,1.613984535339682e-20,1.613984208670408e-20,1.6139841343094678e-20,1.613984208673072e-20,-2.5230567e-27,-3.2666927420395686e-27,7.436360420395684e-28,0.0,True,0.8145698065974597,same_sign,opposite_sign,-1.6274957169166107e-17,-1.628430354947129e-17,-3.10802569096699e-14,-2.56533800731411e-14,3.10947038659775e-14,4.51583058026379e-14,7.2234781538e-18,9.7524628647484e-15,3.10874803878237e-14,3.54058429378895e-14,1.40636019366604e-14,9.7452393865946e-15,4.3183625500658e-15,0.0,True,0.6929405020481364,opposite_sign,opposite_sign,-1.8414971756252994e-29,1.9488183375350993e-14
n18_vd_0p05_vg_0p15,n18_vd_0p05,n18,0.05,0.15000000000000002,-1.18395675494139e-13,-1.09989068163846e-13,1.1434726471739e-13,1.14334278555241e-13,-2.0242053883745e-15,2.1726051956975e-15,1.163714701057645e-13,1.121616733595435e-13,-1.2986162149e-17,4.196810584072e-15,-4.209796746221e-15,0.0,True,0.49922762170048046,opposite_sign,opposite_sign,1.64686090966315e-17,4.344784597978049e-15,1.61139517010902e-24,3.47844179390092e-31,3.22798207483487e-20,3.22792641382929e-20,1.6140716071759403e-20,1.6139632069320372e-20,1.6139104676589295e-20,1.6139632068972528e-20,-5.566100558e-25,-1.0840024390324202e-24,5.273923832324203e-25,0.0,True,0.6727106380476251,same_sign,same_sign,-1.6468609096738982e-17,-1.646815634872176e-17,-1.18395675492527e-13,-1.09989068163846e-13,1.1434729699721e-13,1.14334310834505e-13,-2.0241892476585e-15,2.1726213353295e-15,1.163714862448685e-13,1.121616894991755e-13,-1.2986162705e-17,4.196810582988e-15,-4.209796745693e-15,0.0,True,0.4992276216672632,opposite_sign,opposite_sign,-2.5716865510204985e-28,4.328316441629188e-15
n18_vd_0p05_vg_0p2,n18_vd_0p05,n18,0.05,0.2,-4.29834578972443e-13,-4.32848495895734e-13,4.29851694158213e-13,4.26337423455346e-13,8.557592885e-18,-3.255536220194e-15,4.29843136565328e-13,4.2959295967554e-13,-3.514270702867e-15,-3.264093813079e-15,-2.50176889788e-16,0.0,True,0.9288111500392097,opposite_sign,opposite_sign,1.6676054936661174e-17,-6.511498258928446e-15,1.16570632527339e-28,-1.51046887623828e-31,3.22788635257077e-20,3.22788644938139e-20,1.6139431821139166e-20,1.6139432246831427e-20,1.6139431704568533e-20,1.6139432246982475e-20,9.681062e-28,4.256922602925186e-28,5.424139397074815e-28,0.0,True,0.4397164900839583,same_sign,opposite_sign,-1.667605493628762e-17,-1.6676054278847836e-17,-4.29834578972443e-13,-4.32848495895734e-13,4.29851726437077e-13,4.2633745573421e-13,8.573732317e-18,-3.255520080762e-15,4.2984315270476e-13,4.29592975814972e-13,-3.514270702867e-15,-3.264093813079e-15,-2.50176889788e-16,0.0,True,0.9288111500392097,opposite_sign,opposite_sign,7.468355730905268e-28,-6.5281743132077725e-15
n18_vd_0p05_vg_0p25,n18_vd_0p05,n18,0.05,0.25,-1.62531647663793e-12,-1.63803638418471e-12,1.62533371751451e-12,1.61912779343439e-12,8.62043829e-18,-9.45429537516e-15,1.62532509707622e-12,1.62858208880955e-12,-6.20592408012e-15,-9.46291581345e-15,3.25699173333e-15,0.0,True,0.7439453296848454,opposite_sign,opposite_sign,1.6824607207134496e-17,-1.890901659684122e-14,-2.09553617676703e-27,-3.50212249092276e-31,3.22784876146758e-20,3.22784895020007e-20,1.6139242759569812e-20,1.6139244750825245e-20,1.6139244855105988e-20,1.6139244751175457e-20,1.8873249e-27,1.991255432258969e-27,-1.0393053225896887e-28,0.0,True,0.9503955572349964,opposite_sign,opposite_sign,-1.682460720394576e-17,-1.682196086183045e-17,-1.62531647663793e-12,-1.63803638418471e-12,1.62533374979299e-12,1.61912782571288e-12,8.63657753e-18,-9.454279235915e-15,1.62532511321546e-12,1.628582104948795e-12,-6.20592408011e-15,-9.462915813445e-15,3.256991733335e-15,0.0,True,0.7439453296844523,opposite_sign,opposite_sign,-2.3702496862771487e-27,-1.8925838557702492e-14
n18_vd_0p05_vg_0p3,n18_vd_0p05,n18,0.05,0.30000000000000004,-6.19659735164064e-12,-6.19270001470303e-12,6.19661471039132e-12,6.18724669928301e-12,8.67937534e-18,-2.72665771001e-15,6.19660603101598e-12,6.18997335699302e-12,-9.36801110831e-15,-2.73533708535e-15,-6.63267402296e-15,0.0,True,0.2919869600628023,opposite_sign,opposite_sign,1.6875707791139427e-17,-5.45374129774361e-15,-3.26197665194161e-27,-7.96256858840151e-31,3.22781445384749e-20,3.2278143647081e-20,1.6139070638249125e-20,1.6139071823142372e-20,1.6139073900225775e-20,1.6139071823938627e-20,-8.913939e-28,1.1848932475413849e-27,-2.076287147541385e-27,0.0,True,0.3633326292921345,opposite_sign,opposite_sign,-1.68757077964823e-17,-1.6870499047552016e-17,-6.19659735164064e-12,-6.19270001470303e-12,6.19661474266946e-12,6.18724673156116e-12,8.69551441e-18,-2.726641570935e-15,6.19660604715505e-12,6.189973373132095e-12,-9.3680111083e-15,-2.735337085345e-15,-6.632674022955e-15,0.0,True,0.29198696006258024,opposite_sign,opposite_sign,-6.538310294065072e-27,-5.470611796785033e-15
n18_vd_0p05_vg_0p35,n18_vd_0p05,n18,0.05,0.35000000000000003,-2.37788255253577e-11,-2.37845677600992e-11,2.37788434023121e-11,2.37873924511369e-11,8.9384772e-18,1.41234551885e-15,2.37788344638349e-11,2.378598010561805e-11,8.5490488248e-15,1.40340704165e-15,7.14564178315e-15,0.0,True,0.1641594369631913,opposite_sign,opposite_sign,1.6864163909081768e-17,2.8242651250018776e-15,-5.40416151139604e-29,-2.40378262966734e-30,3.22778291829453e-20,3.22778302775783e-20,1.6138914564451843e-20,1.613891513758726e-20,1.6138914618493458e-20,1.6138915139991042e-20,1.094633e-27,5.731354162421466e-28,5.214975837578535e-28,0.0,True,0.5235868242983234,opposite_sign,opposite_sign,-1.6864163877912896e-17,-1.6867946821286424e-17,-2.37788255253577e-11,-2.37845677600992e-11,2.37788434345899e-11,2.37873924834147e-11,8.9546161e-18,1.41236165775e-15,2.37788344799738e-11,2.378598012175695e-11,8.5490488248e-15,1.40340704165e-15,7.14564178315e-15,0.0,True,0.1641594369631913,opposite_sign,opposite_sign,1.232145267172822e-27,2.807397178149508e-15
n18_vd_0p05_vg_0p4,n18_vd_0p05,n18,0.05,0.4,-9.16867917253458e-11,-9.16767291914094e-11,9.16868086404591e-11,9.16817755602052e-11,8.45755665e-18,2.5231843979e-15,9.168680018290245e-11,9.16792523758073e-11,-5.0330802539e-15,2.51472684125e-15,-7.54780709515e-15,0.0,True,0.24990989915107564,opposite_sign,opposite_sign,1.68129909140788e-17,5.045942843441044e-15,-3.51779650751989e-28,-8.24585824549905e-30,3.2277543151583e-20,3.22775434021312e-20,1.6138771399901675e-20,1.613877169694267e-20,1.6138771751681325e-20,1.6138771705188528e-20,2.505482e-28,2.97040996253245e-28,-4.6492796253244973e-29,0.0,True,0.8646631066072877,opposite_sign,opposite_sign,-1.6812990953601397e-17,-1.6808313411740515e-17,-9.16867917253458e-11,-9.16767291914094e-11,9.16868086727366e-11,9.16817755924828e-11,8.4736954e-18,2.5232005367e-15,9.16868001990412e-11,9.16792523919461e-11,-5.0330802538e-15,2.5147268413e-15,-7.5478070951e-15,0.0,True,0.24990989915604456,opposite_sign,opposite_sign,-9.009179496951952e-26,5.029134530081538e-15
n18_vd_0p05_vg_0p45,n18_vd_0p05,n18,0.05,0.45,-3.5452699288637e-10,-3.54543106785081e-10,3.54527010911313e-10,3.54519572420721e-10,9.0124715e-18,-1.176718218e-14,3.545270018988415e-10,3.54531339602901e-10,-7.438490592e-15,-1.17761946515e-14,4.3377040595e-15,0.0,True,0.7308097725264397,opposite_sign,opposite_sign,1.6770763531208975e-17,-2.3534790358277384e-14,-2.09717554762722e-27,-3.08240868050024e-29,3.22772844958429e-20,3.22772859607798e-20,1.6138641199333675e-20,1.6138642964977856e-20,1.6138643296509224e-20,1.6138642995801944e-20,1.4649369e-27,1.7656441804111086e-27,-3.007072804111088e-28,0.0,True,0.8544742817896742,opposite_sign,opposite_sign,-1.6770764063490834e-17,-1.6763497334445043e-17,-3.5452699288637e-10,-3.54543106785081e-10,3.5452701094359e-10,3.54519572452998e-10,9.02861e-18,-1.17671660415e-14,3.5452700191498e-10,3.545313396190395e-10,-7.438490592e-15,-1.17761946515e-14,4.3377040595e-15,0.0,True,0.7308097725264397,opposite_sign,opposite_sign,-8.135884097335774e-25,-2.3551553855896667e-14
n18_vd_0p05_vg_0p5,n18_vd_0p05,n18,0.05,0.5,-1.37099871961676e-09,-1.37099278202469e-09,1.37099874011251e-09,1.3709903519517e-09,1.0247875e-17,-1.215036495e-15,1.370998729864635e-09,1.370991566988195e-09,-8.38816081e-15,-1.22528437e-15,-7.16287644e-15,0.0,True,0.14607306628400224,opposite_sign,opposite_sign,1.677910233122835e-17,-2.4304990434105827e-15,7.53052186037937e-28,-1.17743198113053e-28,3.22770710769112e-20,3.22770716919164e-20,1.6138535914981694e-20,1.6138535787086602e-20,1.6138535161929508e-20,1.6138535904829798e-20,6.150052e-28,-1.27895092075495e-28,7.42900292075495e-28,0.0,True,0.14687157787381985,same_sign,opposite_sign,-1.6779103331395438e-17,-1.679242672615333e-17,-1.37099871961676e-09,-1.37099278202469e-09,1.37099874014478e-09,1.37099035198398e-09,1.026401e-17,-1.215020355e-15,1.37099872988077e-09,1.370991567004335e-09,-8.3881608e-15,-1.225284365e-15,-7.162876435e-15,0.0,True,0.146073065862066,opposite_sign,opposite_sign,-8.101940152141212e-24,-2.4472914671052904e-15
n18_vd_0p05_vg_0p55,n18_vd_0p05,n18,0.05,0.55,-5.2784889710078e-09,-5.27848281444691e-09,5.27848968437499e-09,5.27849451815535e-09,3.56683595e-16,5.85185422e-15,5.278489327691395e-09,5.27848866630113e-09,4.83378036e-15,5.495170625e-15,-6.61390265e-16,0.0,True,0.8925714734545571,opposite_sign,opposite_sign,1.6788314447735668e-17,1.170328231681663e-14,-3.91292428032255e-27,-4.52071809527908e-28,3.22768267554051e-20,3.22768266341816e-20,1.613841142124041e-20,1.6138413091054896e-20,1.613841533416469e-20,1.6138413543126704e-20,-1.212235e-28,1.669814485397321e-27,-1.791037985397321e-27,0.0,True,0.4824864681428958,opposite_sign,opposite_sign,-1.678833749056852e-17,-1.678852671913729e-17,-5.2784889710078e-09,-5.27848281444691e-09,5.27848968440727e-09,5.27849451818763e-09,3.56699735e-16,5.85187036e-15,5.278489327707535e-09,5.27848866631727e-09,4.83378036e-15,5.495170625e-15,-6.61390265e-16,0.0,True,0.8925714734545571,opposite_sign,opposite_sign,-1.9969451062021652e-23,1.1686493793167534e-14
n18_vd_0p05_vg_0p6,n18_vd_0p05,n18,0.05,0.6000000000000001,-2.00538630238324e-08,-2.0053872418537e-08,2.00538686900984e-08,2.00538703218172e-08,2.833133e-15,-1.0483599e-15,2.00538658569654e-08,2.00538713701771e-08,1.6317188e-15,-3.8814929e-15,5.5132117e-15,0.0,True,0.4131575249316514,opposite_sign,opposite_sign,1.6756151846008477e-17,-2.0971460243657394e-15,-6.20501034767134e-29,-1.71676131197233e-27,3.22765719737587e-20,3.22765708154262e-20,1.6138285955854298e-20,1.6138284549332445e-20,1.6138286017904403e-20,1.6138286266093755e-20,-1.1583325e-27,-1.4065218542478083e-27,2.481893542478083e-28,0.0,True,0.8500104713296467,opposite_sign,opposite_sign,-1.675615639874859e-17,-1.6760903461421135e-17,-2.00538630238324e-08,-2.0053872418537e-08,2.00538686901306e-08,2.00538703218494e-08,2.8331491e-15,-1.0483438e-15,2.00538658569815e-08,2.00538713701932e-08,1.6317188e-15,-3.8814929e-15,5.5132117e-15,0.0,True,0.4131575249316514,opposite_sign,opposite_sign,-8.394648807868741e-23,-2.113907003909374e-15
n18_vd_0p05_vg_0p65,n18_vd_0p05,n18,0.05,0.65,-7.37028475791006e-08,-7.37028581271635e-08,7.37028566924924e-08,7.37028615888025e-08,4.5566959e-15,1.7308195e-15,7.37028521357965e-08,7.3702859857983e-08,4.8963101e-15,-2.8258764e-15,7.7221865e-15,0.0,True,0.26790477330202495,opposite_sign,opposite_sign,1.6730285373464626e-17,3.4612126173954448e-15,1.14524749378745e-26,-6.31087729587079e-27,3.2276388914481e-20,3.22763874277046e-20,1.613820018347797e-20,1.6138190558413653e-20,1.613818873100303e-20,1.613819686929095e-20,-1.4867764e-27,-9.625064316872645e-27,8.138287916872646e-27,0.0,True,0.5418495445126497,same_sign,opposite_sign,-1.6730400675265143e-17,-1.6724190150678674e-17,-7.37028475791006e-08,-7.37028581271635e-08,7.37028566925247e-08,7.37028615888347e-08,4.55671205e-15,1.7308356e-15,7.370285213581265e-08,7.37028598579991e-08,4.89631e-15,-2.82587645e-15,7.72218645e-15,0.0,True,0.2679047780422318,opposite_sign,opposite_sign,-8.533616122654285e-23,3.4444883381156448e-15
n18_vd_0p05_vg_0p7,n18_vd_0p05,n18,0.05,0.7000000000000001,-2.50903971215582e-07,-2.50903961569012e-07,2.50903974357745e-07,2.5090397323147e-07,1.5710815e-15,5.831229e-15,2.509039727866635e-07,2.50903967400241e-07,-1.126275e-15,4.2601475e-15,-5.3864225e-15,0.0,True,0.44162303285001814,opposite_sign,opposite_sign,1.6756559699078485e-17,1.1662031322901189e-14,1.74140512805681e-25,-2.14925569306347e-26,3.22763989030807e-20,3.22763943563079e-20,1.6138286521796754e-20,1.6138186431875484e-20,1.6138112381283946e-20,1.6138207924432416e-20,-4.5467728e-27,-1.0008992126815785e-25,9.554314846815785e-26,0.0,True,0.5116206651721213,same_sign,opposite_sign,-1.6756803558609506e-17,-1.6753369907756348e-17,-2.50903971215582e-07,-2.50903961569012e-07,2.50903974357777e-07,2.50903973231502e-07,1.5710975e-15,5.831245e-15,2.509039727866795e-07,2.50903967400257e-07,-1.126275e-15,4.2601475e-15,-5.3864225e-15,0.0,True,0.44162303285001814,opposite_sign,opposite_sign,-5.44938812694625e-22,1.1645277705053886e-14
n18_vd_0p05_vg_0p75,n18_vd_0p05,n18,0.05,0.75,-7.34496140633578e-07,-7.34496147989569e-07,7.3449614064864e-07,7.34496137126875e-07,7.531e-18,-5.431347e-15,7.34496140641109e-07,7.34496142558222e-07,-3.521765e-15,-5.438878e-15,1.917113e-15,0.0,True,0.7393807306180771,opposite_sign,opposite_sign,1.6812638170930356e-17,-1.086312114863176e-14,-5.90943036625985e-26,-6.29416406921114e-26,3.22768226363076e-20,3.22768234466598e-20,1.613838177100197e-20,1.6138380252509555e-20,1.613844086530563e-20,1.6138443194150246e-20,8.103522e-28,-1.51849241475645e-27,2.32884461475645e-27,0.0,True,0.39468661131273486,opposite_sign,opposite_sign,-1.6813010528128697e-17,-1.680871936541588e-17,-7.34496140633578e-07,-7.34496147989569e-07,7.34496140648672e-07,7.34496137126907e-07,7.547e-18,-5.431331e-15,7.34496140641125e-07,7.34496142558238e-07,-3.521765e-15,-5.438878e-15,1.917113e-15,0.0,True,0.7393807306180771,opposite_sign,opposite_sign,-6.73626981473278e-22,-1.0879930169263923e-14
n18_vd_0p05_vg_0p8,n18_vd_0p05,n18,0.05,0.8,-1.72399325650453e-06,-1.72399324399966e-06,1.72399325271379e-06,1.72399326167199e-06,-1.89537e-15,8.836165e-15,1.72399325460916e-06,1.723993252835825e-06,8.9582e-15,1.0731535e-14,-1.773335e-15,0.0,True,0.8581884497799657,opposite_sign,opposite_sign,1.6860921249660468e-17,1.7671902207904936e-14,8.00526225998622e-25,-1.4778606164585e-25,3.22779770919929e-20,3.2277978979951e-20,1.6139388809109448e-20,1.6138915596944677e-20,1.613858828288345e-20,1.6139063383006324e-20,1.8879581e-27,-4.73212164772236e-25,4.75100122872236e-25,0.0,True,0.4990045694205389,same_sign,opposite_sign,-1.6862583563733782e-17,-1.686945497671791e-17,-1.72399325650453e-06,-1.72399324399966e-06,1.72399325271383e-06,1.72399326167202e-06,-1.89535e-15,8.83618e-15,1.72399325460918e-06,1.72399325283584e-06,8.95819e-15,1.073153e-14,-1.77334e-15,0.0,True,0.858188049935745,opposite_sign,opposite_sign,6.081215067947026e-21,1.765503054476665e-14
n18_vd_0p05_vg_0p85,n18_vd_0p05,n18,0.05,0.8500000000000001,-3.22737116787609e-06,-3.22737117288086e-06,3.2273711698555e-06,3.22737115745295e-06,9.89705e-16,-7.713955e-15,3.227371168865795e-06,3.227371165166905e-06,-1.240255e-14,-8.70366e-15,-3.69889e-15,0.0,True,0.7017637501965321,opposite_sign,opposite_sign,1.6890102592873132e-17,-1.5428338282291344e-14,-4.58086128042001e-25,-2.76747976042986e-25,3.22799740904276e-20,3.22798634901248e-20,1.613975800214978e-20,1.613979337107438e-20,1.6140216088277822e-20,1.614007011905042e-20,-1.106003028e-25,3.53689245995075e-26,-1.459692273995075e-25,0.0,True,0.1950440335340994,opposite_sign,opposite_sign,-1.6893100977856403e-17,-1.688049816433145e-17,-3.22737116787609e-06,-3.22737117288086e-06,3.22737116985553e-06,3.22737115745298e-06,9.8972e-16,-7.71394e-15,3.22737116886581e-06,3.22737116516692e-06,-1.240255e-14,-8.70366e-15,-3.69889e-15,0.0,True,0.7017637501965321,opposite_sign,opposite_sign,-5.208231359501844e-21,-1.544522099037279e-14
n18_vd_0p05_vg_0p9,n18_vd_0p05,n18,0.05,0.9,-5.0743767797822e-06,-5.07437679422708e-06,5.07437678019067e-06,5.07437677933989e-06,2.04235e-16,-7.443595e-15,5.074376779986435e-06,5.074376786783485e-06,-8.5078e-16,-7.64783e-15,6.79705e-15,0.0,True,0.529449188916765,opposite_sign,opposite_sign,1.6906742671259787e-17,-1.4887618484340432e-14,-4.3317230650875e-25,-4.35255277436361e-25,3.22822417081452e-20,3.22822349448872e-20,1.6140904267919347e-20,1.614089984480488e-20,1.6141337440225854e-20,1.614133510008232e-20,-6.763258e-27,-4.4231144638055e-27,-2.3401435361945e-27,0.0,True,0.6539916803122844,opposite_sign,opposite_sign,-1.690856518561086e-17,-1.6911010137178092e-17,-5.0743767797822e-06,-5.07437679422708e-06,5.0743767801907e-06,5.07437677933992e-06,2.0425e-16,-7.44358e-15,5.07437677998645e-06,5.0743767867835e-06,-8.5078e-16,-7.64783e-15,6.79705e-15,0.0,True,0.529449188916765,opposite_sign,opposite_sign,-3.611136786075621e-21,-1.4904532130124146e-14
n18_vd_0p05_vg_0p95,n18_vd_0p05,n18,0.05,0.9500000000000001,-7.0970447048356e-06,-7.09704470548886e-06,7.09704470488248e-06,7.09704469577811e-06,2.344e-17,-4.855375e-15,7.09704470485904e-06,7.097044700633485e-06,-9.10437e-15,-4.878815e-15,-4.225555e-15,0.0,True,0.5358761781430237,opposite_sign,opposite_sign,1.6915592471133605e-17,-9.711179609000721e-15,-6.13519265278374e-25,-6.08906139910223e-25,3.22848604527878e-20,3.22848616699428e-20,1.614212346676126e-20,1.6142126381901444e-20,1.614273698602654e-20,1.6142735288041356e-20,1.217155e-27,2.9151401840755e-27,-1.6979851840755e-27,0.0,True,0.6319230351296362,opposite_sign,opposite_sign,-1.6915859897582077e-17,-1.6916583435824297e-17,-7.0970447048356e-06,-7.09704470548886e-06,7.09704470488251e-06,7.09704469577814e-06,2.3455e-17,-4.85536e-15,7.097044704859055e-06,7.0970447006335e-06,-9.10437e-15,-4.878815e-15,-4.225555e-15,0.0,True,0.5358761781430237,opposite_sign,opposite_sign,-2.9055202281914767e-21,-9.728097983503208e-15
n18_vd_0p05_vg_1,n18_vd_0p05,n18,0.05,1.0,-9.19383775155924e-06,-9.19383775470003e-06,9.19383775157841e-06,9.1938377459472e-06,9.585e-18,-4.376415e-15,9.193837751568825e-06,9.193837750323616e-06,-5.63121e-15,-4.386e-15,-1.24521e-15,0.0,True,0.7788734570367647,opposite_sign,opposite_sign,1.6913238963371436e-17,-8.753260356857191e-15,-7.8822740099988e-25,-7.88984430611896e-25,3.22876039443122e-20,3.2287604974297e-20,1.61434078584556e-20,1.6143407994933193e-20,1.61441960858566e-20,1.6144196979363805e-20,1.0299848e-27,1.36477593992e-28,8.93507206008e-28,0.0,True,0.13250447384466255,opposite_sign,opposite_sign,-1.691941839709479e-17,-1.6929944411731535e-17,-9.19383775155924e-06,-9.19383775470003e-06,9.19383775157844e-06,9.19383774594723e-06,9.6e-18,-4.3764e-15,9.19383775156884e-06,9.19383775032363e-06,-5.63121e-15,-4.386e-15,-1.24521e-15,0.0,True,0.7788734570367647,opposite_sign,opposite_sign,-7.973063339119234e-21,-8.77019209489881e-15
n18_vd_0p05_vg_1p05,n18_vd_0p05,n18,0.05,1.05,-1.13111766154833e-05,-1.13111766145877e-05,1.13111766155137e-05,1.13111765976868e-05,1.52e-17,-8.45045e-15,1.13111766154985e-05,1.131117660613725e-05,-1.78269e-14,-8.46565e-15,-9.36125e-15,0.0,True,0.47488065788218925,opposite_sign,opposite_sign,1.687812597185544e-17,-1.690132978907328e-14,-9.68383290912129e-25,-9.70889935299252e-25,3.22903894037866e-20,3.22903893824172e-20,1.6144710510247844e-20,1.6144709246240952e-20,1.6145678893538757e-20,1.614568013617625e-20,-2.13694e-29,-1.2640068935615e-27,1.2426374935615e-27,0.0,True,0.5042625511839209,opposite_sign,opposite_sign,-1.6921411163024506e-17,-1.6914448456005417e-17,-1.13111766154833e-05,-1.13111766145877e-05,1.13111766155137e-05,1.13111765976869e-05,1.52e-17,-8.4504e-15,1.13111766154985e-05,1.13111766061373e-05,-1.78268e-14,-8.4656e-15,-9.3612e-15,0.0,True,0.47488051697444295,opposite_sign,opposite_sign,-7.55746121895584e-20,-1.691817657706e-14
n18_vd_0p05_vg_1p1,n18_vd_0p05,n18,0.05,1.1,-1.34208906126532e-05,-1.34208906009139e-05,1.34208906126641e-05,1.34208906154558e-05,5.45e-18,7.27095e-15,1.342089061265865e-05,1.342089060818485e-05,2.7917e-15,7.2655e-15,-4.4738e-15,0.0,True,0.6189040232381828,opposite_sign,opposite_sign,1.6852112697138806e-17,1.4541467955487367e-14,-1.15555842421592e-24,-1.15221451007283e-24,3.22931702787215e-20,3.22931710129846e-20,1.6146007360148642e-20,1.6146009399237262e-20,1.6147162918572857e-20,1.6147161613747337e-20,7.342631e-28,2.039088621545e-27,-1.304825521545e-27,0.0,True,0.609790961816007,opposite_sign,opposite_sign,-1.6922810125021304e-17,-1.6916189101999524e-17,-1.34208906126532e-05,-1.34208906009139e-05,1.34208906126642e-05,1.34208906154559e-05,5.5e-18,7.271e-15,1.34208906126587e-05,1.34208906081849e-05,2.7917e-15,7.2655e-15,-4.4738e-15,0.0,True,0.6189040232381828,opposite_sign,opposite_sign,-1.345488932247871e-21,1.4524619424254345e-14
n18_vd_0p05_vg_1p15,n18_vd_0p05,n18,0.05,1.1500000000000001,-1.55077031213582e-05,-1.55077031142475e-05,1.5507703121379e-05,1.55077031163025e-05,1.04e-17,1.0275e-15,1.55077031213686e-05,1.5507703115275e-05,-5.0765e-15,1.0171e-15,-6.0936e-15,0.0,True,0.1430379568818822,opposite_sign,opposite_sign,1.686068626943342e-17,2.0545688815491145e-15,-1.33028818330534e-24,-1.33164738142845e-24,3.22959179343217e-20,3.22959182845746e-20,1.6147293823069196e-20,1.6147293318596587e-20,1.6148624111252502e-20,1.6148624965978015e-20,3.502529e-28,-5.04472611555e-28,8.54725511555e-28,0.0,True,0.3711545822331694,opposite_sign,opposite_sign,-1.692403776281556e-17,-1.6922270302064304e-17,-1.55077031213582e-05,-1.55077031142475e-05,1.55077031213791e-05,1.55077031163025e-05,1.045e-17,1.0275e-15,1.550770312136865e-05,1.5507703115275e-05,-5.0766e-15,1.01705e-15,-6.09365e-15,0.0,True,0.14303092522536462,opposite_sign,opposite_sign,2.6097408532993085e-21,2.037614316660413e-15
n18_vd_0p05_vg_1p2,n18_vd_0p05,n18,0.05,1.2000000000000002,-1.75631795881094e-05,-1.75631795814585e-05,1.75631795881316e-05,1.7563179588801e-05,1.11e-17,3.67125e-15,1.75631795881205e-05,1.756317958512975e-05,6.694e-16,3.66015e-15,-2.99075e-15,0.0,True,0.5503240162985461,opposite_sign,opposite_sign,1.6986162370817815e-17,7.342070082914948e-15,-1.50668138654615e-24,-1.50843460006914e-24,3.2298617851205e-20,3.229861847435e-20,1.6148555584909226e-20,1.6148555019874966e-20,1.6150062266295774e-20,1.6150063454475034e-20,6.23145e-28,-5.65034261495e-28,1.188179261495e-27,0.0,True,0.3222849094452387,opposite_sign,opposite_sign,-1.6925264800992282e-17,-1.693562860112245e-17,-1.75631795881094e-05,-1.75631795814585e-05,1.75631795881316e-05,1.75631795888011e-05,1.11e-17,3.6713e-15,1.75631795881205e-05,1.75631795851298e-05,6.695e-16,3.6602e-15,-2.9907e-15,0.0,True,0.5503315340780948,opposite_sign,opposite_sign,2.860045865570186e-20,7.325200413025666e-15
n18_vd_0p05_vg_1p25,n18_vd_0p05,n18,0.05,1.25,-1.9582696099773e-05,-1.95826973042792e-05,1.95826956935964e-05,1.95826973043736e-05,-2.030883e-13,4.72e-17,1.95826958966847e-05,1.95826973043264e-05,1.6107772e-12,2.031355e-13,1.4076417e-12,0.0,True,0.12611024044790303,opposite_sign,opposite_sign,1.6965756272360787e-17,9.396479929885701e-17,7.76020228297915e-24,-1.68217301967466e-24,3.23049388919815e-20,3.23012776245946e-20,1.615634954713224e-20,1.6149797725787462e-20,1.6148589344849262e-20,1.6151479898807138e-20,-3.6612673869e-24,-6.551821344776905e-24,2.890553957876905e-24,0.0,True,0.6938742778986443,same_sign,opposite_sign,-1.6926559644199833e-17,-1.6923641411081826e-17,-1.9582696099773e-05,-1.95826973042792e-05,1.95826956935964e-05,1.95826973043736e-05,-2.030883e-13,4.72e-17,1.95826958966847e-05,1.95826973043264e-05,1.6107772e-12,2.031355e-13,1.4076417e-12,0.0,True,0.12611024044790303,opposite_sign,opposite_sign,6.883929384349982e-21,7.700885829232365e-17
n18_vd_0p05_vg_1p3,n18_vd_0p05,n18,0.05,1.3,-2.15638278600669e-05,-2.15638287326931e-05,2.15638275908973e-05,2.15638287407244e-05,-1.345848e-13,4.01565e-15,2.15638277254821e-05,2.156382873670875e-05,1.1498271e-12,1.3860045e-13,1.01122665e-12,0.0,True,0.12054025339983723,opposite_sign,opposite_sign,1.699849779332605e-17,8.030866511278665e-15,2.24399553909143e-24,-1.85264824565761e-24,3.23054240115637e-20,3.23038910903353e-20,1.6153834003551395e-20,1.615101922104482e-20,1.6151590008012304e-20,1.615287186929048e-20,-1.5329212284e-24,-2.81478250657452e-24,1.28186127817452e-24,0.0,True,0.6870947669537134,same_sign,opposite_sign,-1.6927940826948897e-17,-1.691992338404721e-17,-2.15638278600669e-05,-2.15638287326931e-05,2.15638275908973e-05,2.15638287407244e-05,-1.345848e-13,4.01565e-15,2.15638277254821e-05,2.156382873670875e-05,1.1498271e-12,1.3860045e-13,1.01122665e-12,0.0,True,0.12054025339983723,opposite_sign,opposite_sign,3.82492983281595e-20,8.013914285856176e-15
n18_vd_0p05_vg_1p35,n18_vd_0p05,n18,0.05,1.35,-2.35054892509333e-05,-2.35054898866181e-05,2.35054890652098e-05,2.35054898965618e-05,-9.286175e-14,4.97185e-15,2.350548915807155e-05,2.350548989158995e-05,8.31352e-13,9.78336e-14,7.335184e-13,0.0,True,0.11768011624438264,opposite_sign,opposite_sign,1.6918443571408962e-17,9.943266728915837e-15,-1.16957568396702e-25,-2.019762319082e-24,3.2307147848488e-20,3.2306456544236e-20,1.6153515445459803e-20,1.615221839095846e-20,1.61536324030282e-20,1.6154238153277542e-20,-6.91304252e-25,-1.297054501342649e-24,6.05750249342649e-25,0.0,True,0.6816540167221639,opposite_sign,opposite_sign,-1.692940598786818e-17,-1.6945403725598482e-17,-2.35054892509333e-05,-2.35054898866181e-05,2.35054890652098e-05,2.35054898965618e-05,-9.286175e-14,4.97185e-15,2.350548915807155e-05,2.350548989158995e-05,8.31352e-13,9.78336e-14,7.335184e-13,0.0,True,0.11768011624438264,opposite_sign,opposite_sign,-4.326944658577422e-20,9.926289020753456e-15
n18_vd_0p05_vg_1p4,n18_vd_0p05,n18,0.05,1.4000000000000001,-2.54074255835119e-05,-2.54074260524874e-05,2.54074254512388e-05,2.5407426060098e-05,-6.613655e-14,3.8053e-15,2.540742551737535e-05,2.54074260562927e-05,6.088592e-13,6.994185e-14,5.3891735e-13,0.0,True,0.1148736029610787,opposite_sign,opposite_sign,1.693995348245471e-17,7.610165032611712e-15,-1.25042647232909e-24,-2.18348932340275e-24,3.23093055349939e-20,3.2308972853406e-20,1.6154027554260787e-20,1.6153394682041297e-20,1.6155277980733114e-20,1.6155578171364703e-20,-3.326815879e-25,-6.3287221948683e-25,3.0019063158683e-25,0.0,True,0.6782739434525706,opposite_sign,opposite_sign,-1.693094455908808e-17,-1.6938723274904017e-17,-2.54074255835119e-05,-2.54074260524874e-05,2.54074254512388e-05,2.5407426060098e-05,-6.613655e-14,3.8053e-15,2.540742551737535e-05,2.54074260562927e-05,6.088592e-13,6.994185e-14,5.3891735e-13,0.0,True,0.1148736029610787,opposite_sign,opposite_sign,-2.329913153883448e-20,7.593194002547443e-15
n18_vd_0p05_vg_1p45,n18_vd_0p05,n18,0.05,1.4500000000000002,-2.72699061166326e-05,-2.72699064674787e-05,2.72699060199949e-05,2.72699064637848e-05,-4.831885e-14,-1.84695e-15,2.726990606831375e-05,2.726990646563175e-05,4.437899e-13,4.64719e-14,3.97318e-13,0.0,True,0.10471599286058561,opposite_sign,opposite_sign,1.689993773783323e-17,-3.69433354737598e-15,-1.86091786308285e-24,-2.343848507237e-24,3.23116065060163e-20,3.23114397664769e-20,1.615487279407661e-20,1.6154547958984832e-20,1.615673371193969e-20,1.6156891807492068e-20,-1.667395394e-25,-3.24835091777075e-25,1.58095552377075e-25,0.0,True,0.672633007884645,opposite_sign,opposite_sign,-1.6932543513595048e-17,-1.691987320177663e-17,-2.72699061166326e-05,-2.72699064674787e-05,2.72699060199949e-05,2.72699064637849e-05,-4.831885e-14,-1.8469e-15,2.726990606831375e-05,2.72699064656318e-05,4.4379e-13,4.647195e-14,3.9731805e-13,0.0,True,0.10471608193064287,opposite_sign,opposite_sign,-6.491552137251729e-20,-3.711187473851793e-15
n18_vd_0p05_vg_1p5,n18_vd_0p05,n18,0.05,1.5,-2.90935314394991e-05,-2.90935317134301e-05,2.90935313674461e-05,2.90935317187783e-05,-3.60265e-14,2.6741e-15,2.90935314034726e-05,2.90935317161042e-05,3.513322e-13,3.87006e-14,3.126316e-13,0.0,True,0.1101538657714835,opposite_sign,opposite_sign,1.6964085456204018e-17,5.347766637291162e-15,-2.24308512219508e-24,-2.50088822279319e-24,3.23139460616529e-20,3.23138576017585e-20,1.6155851488265352e-20,1.6155678356767853e-20,1.6158094573387548e-20,1.6158179244990648e-20,-8.84598944e-26,-1.73131497499055e-25,8.4671603099055e-26,0.0,True,0.671564838038741,opposite_sign,opposite_sign,-1.693418990430397e-17,-1.6934942632219466e-17,-2.90935314394991e-05,-2.90935317134301e-05,2.90935313674461e-05,2.90935317187784e-05,-3.60265e-14,2.67415e-15,2.90935314034726e-05,2.909353171610425e-05,3.513323e-13,3.870065e-14,3.1263165e-13,0.0,True,0.11015397673370766,opposite_sign,opposite_sign,-2.4161510998760725e-21,5.33089763912411e-15
n18_vd_0p05_vg_1p55,n18_vd_0p05,n18,0.05,1.55,-3.08790920851436e-05,-3.08790922875985e-05,3.08790920305071e-05,3.08790922834149e-05,-2.731825e-14,-2.0918e-15,3.087909205782535e-05,3.08790922855067e-05,2.529078e-13,2.522645e-14,2.2768135e-13,0.0,True,0.09974563852913985,opposite_sign,opposite_sign,1.694745838564356e-17,-4.184037654960825e-15,-2.51280053526534e-24,-2.65467677939544e-24,3.23162752734343e-20,3.23162270249723e-20,1.6156881236449516e-20,1.6156786174096454e-20,1.6159394036984783e-20,1.615944085087585e-20,-4.8248462e-26,-9.506235306505e-26,4.681389106505e-26,0.0,True,0.6700371415095975,opposite_sign,opposite_sign,-1.6935872732469702e-17,-1.6934240681816507e-17,-3.08790920851436e-05,-3.08790922875985e-05,3.08790920305072e-05,3.08790922834149e-05,-2.73182e-14,-2.0918e-15,3.08790920578254e-05,3.08790922855067e-05,2.529077e-13,2.52264e-14,2.276813e-13,0.0,True,0.09974548026809783,opposite_sign,opposite_sign,7.413958073232417e-20,-4.20100420921499e-15
n18_vd_0p05_vg_1p6,n18_vd_0p05,n18,0.05,1.6,-3.26275184640811e-05,-3.26275186172578e-05,3.26275184220532e-05,3.2627518617541e-05,-2.101395e-14,1.416e-16,3.262751844306715e-05,3.26275186173994e-05,1.954878e-13,2.115555e-14,1.7433225e-13,0.0,True,0.10821928529555298,opposite_sign,opposite_sign,1.6898957010431077e-17,2.827666483518417e-16,-2.72136945241497e-24,-2.80529179698245e-24,3.23185766685074e-20,3.2318548964993e-20,1.615792764952749e-20,1.6157871836598008e-20,1.6160649018979907e-20,1.616067712839499e-20,-2.77035144e-26,-5.581292948374e-26,2.810941508374e-26,0.0,True,0.6650544592312019,opposite_sign,opposite_sign,-1.6937581748648246e-17,-1.6926074053214903e-17,-3.26275184640811e-05,-3.26275186172578e-05,3.26275184220533e-05,3.2627518617541e-05,-2.10139e-14,1.416e-16,3.26275184430672e-05,3.26275186173994e-05,1.954877e-13,2.11555e-14,1.743322e-13,0.0,True,0.10821908488360137,opposite_sign,opposite_sign,2.3927096626262105e-20,2.658082585549536e-16
n18_vd_0p05_vg_1p65,n18_vd_0p05,n18,0.05,1.6500000000000001,-3.43397984548485e-05,-3.43397985949232e-05,3.43397984221752e-05,3.43397985770282e-05,-1.633665e-14,-8.9475e-15,3.433979843851185e-05,3.43397985859757e-05,1.54853e-13,7.38915e-15,1.4746385e-13,0.0,True,0.047717189851020005,opposite_sign,opposite_sign,1.7025391852034232e-17,-1.7895434757324736e-14,-2.90471334446937e-24,-2.95281339822252e-24,3.23208413252688e-20,3.23208237403247e-20,1.6158968305962167e-20,1.6158935463463238e-20,1.6161873019306634e-20,1.616188827686146e-20,-1.75849441e-26,-3.2842498926575e-26,1.5257554826575e-26,0.0,True,0.6827954724359159,opposite_sign,opposite_sign,-1.6939306234351775e-17,-1.6935378600781673e-17,-3.43397984548485e-05,-3.43397985949232e-05,3.43397984221752e-05,3.43397985770282e-05,-1.633665e-14,-8.9475e-15,3.433979843851185e-05,3.43397985859757e-05,1.54853e-13,7.38915e-15,1.4746385e-13,0.0,True,0.047717189851020005,opposite_sign,opposite_sign,5.3767681135266007e-20,-1.7912402453796444e-14
n18_vd_0p05_vg_1p7,n18_vd_0p05,n18,0.05,1.7000000000000002,-3.60169944960021e-05,-3.60169945858256e-05,3.60169944702913e-05,3.60169945938903e-05,-1.28554e-14,4.03235e-15,3.60169944831467e-05,3.601699458985795e-05,1.23599e-13,1.688775e-14,1.0671125e-13,0.0,True,0.13663338700151295,opposite_sign,opposite_sign,1.6948297660636062e-17,8.064268167142218e-15,-3.0661909080686e-24,-3.09733038204136e-24,3.23230634044805e-20,3.23230532199286e-20,1.6159998606786217e-20,1.6159977944773278e-20,1.6163064797694284e-20,1.6163075275155322e-20,-1.01845519e-26,-2.066201293638e-26,1.047746103638e-26,0.0,True,0.6635312129695765,opposite_sign,opposite_sign,-1.6941039864480027e-17,-1.6945768195571454e-17,-3.60169944960021e-05,-3.60169945858256e-05,3.60169944702913e-05,3.60169945938903e-05,-1.28554e-14,4.03235e-15,3.60169944831467e-05,3.601699458985795e-05,1.23599e-13,1.688775e-14,1.0671125e-13,0.0,True,0.13663338700151295,opposite_sign,opposite_sign,-2.5062201065719583e-20,8.047290078990758e-15
n18_vd_0p05_vg_1p75,n18_vd_0p05,n18,0.05,1.75,-3.76601611877433e-05,-3.76601612741506e-05,3.76601611673945e-05,3.76601612745933e-05,-1.01744e-14,2.2135e-16,3.76601611775689e-05,3.766016127437195e-05,1.071988e-13,1.039575e-14,9.680305e-14,0.0,True,0.09697636540707545,opposite_sign,opposite_sign,1.6873768288256172e-17,4.422657019916158e-16,-3.22095058948754e-24,-3.23893220479405e-24,3.23252448979334e-20,3.2325238697368e-20,1.6161011973671955e-20,1.6160999882581602e-20,1.6164232924261443e-20,1.6164238814786398e-20,-6.2005654e-27,-1.2091090353255e-26,5.890524953255e-27,0.0,True,0.6724140266129253,opposite_sign,opposite_sign,-1.6942776649437957e-17,-1.6953761874421137e-17,-3.76601611877433e-05,-3.76601612741506e-05,3.76601611673946e-05,3.76601612745934e-05,-1.017435e-14,2.214e-16,3.766016117756895e-05,3.7660161274372e-05,1.071988e-13,1.039575e-14,9.680305e-14,0.0,True,0.09697636540707545,opposite_sign,opposite_sign,-6.462695050611756e-21,4.2538126207110006e-16
n18_vd_0p05_vg_1p8,n18_vd_0p05,n18,0.05,1.8,-3.92703449070377e-05,-3.92703449605404e-05,3.92703448907619e-05,3.92703449709127e-05,-8.1379e-15,5.18615e-15,3.92703448988998e-05,3.927034496572655e-05,8.01508e-14,1.332405e-14,6.682675e-14,0.0,True,0.1662372677502907,opposite_sign,opposite_sign,1.6911260064415505e-17,1.0371863335883823e-14,-3.36504453276391e-24,-3.37770712290624e-24,3.23273853343866e-20,3.23273813566946e-20,1.6162010144926917e-20,1.6162001824785847e-20,1.616537518945968e-20,1.6165379531908752e-20,-3.977692e-27,-8.320141071165e-27,4.342449071165e-27,0.0,True,0.6570647061655617,opposite_sign,opposite_sign,-1.6944511512248647e-17,-1.695188804133593e-17,-3.92703449070377e-05,-3.92703449605404e-05,3.92703448907619e-05,3.92703449709127e-05,-8.1379e-15,5.18615e-15,3.92703448988998e-05,3.927034496572655e-05,8.01508e-14,1.332405e-14,6.682675e-14,0.0,True,0.1662372677502907,opposite_sign,opposite_sign,-6.55754680832666e-20,1.0354879123838839e-14
n18_vd_0p05_vg_1p85,n18_vd_0p05,n18,0.05,1.85,-4.08485767866148e-05,-4.08485768290841e-05,4.08485767735374e-05,4.08485768364198e-05,-6.5387e-15,3.66785e-15,4.08485767800761e-05,4.084857683275195e-05,6.28824e-14,1.020655e-14,5.267585e-14,0.0,True,0.16231171202116965,opposite_sign,opposite_sign,1.6925439077655244e-17,7.335270354235205e-15,-3.50574266791113e-24,-3.51374273534195e-24,3.23294847695024e-20,3.23294824827724e-20,1.6162989513417244e-20,1.616298437001853e-20,1.6166495256085154e-20,1.616649811275387e-20,-2.28673e-27,-5.14339871541e-27,2.85666871541e-27,0.0,True,0.6429194203532865,opposite_sign,opposite_sign,-1.6946240286181066e-17,-1.6955955631955464e-17,-4.08485767866148e-05,-4.08485768290841e-05,4.08485767735375e-05,4.08485768364198e-05,-6.53865e-15,3.66785e-15,4.084857678007615e-05,4.084857683275195e-05,6.28823e-14,1.02065e-14,5.26758e-14,0.0,True,0.16231117500473108,opposite_sign,opposite_sign,4.851676602600673e-20,7.318282072634509e-15
n18_vd_0p05_vg_1p9,n18_vd_0p05,n18,0.05,1.9000000000000001,-4.23958654917876e-05,-4.2395865535968e-05,4.23958654812206e-05,4.23958655319434e-05,-5.2835e-15,-2.0123e-15,4.23958654865041e-05,4.23958655339557e-05,5.07228e-14,3.2712e-15,4.74516e-14,0.0,True,0.06449170787101659,opposite_sign,opposite_sign,1.700894494136007e-17,-4.025034079606223e-15,-3.64325275411529e-24,-3.64712427812599e-24,3.23315447236895e-20,3.23315432874311e-20,1.616395073546769e-20,1.6163948081576486e-20,1.6167593988221808e-20,1.6167595205854612e-20,-1.4362584e-27,-2.65389120535e-27,1.21763280535e-27,0.0,True,0.6854900545664334,opposite_sign,opposite_sign,-1.6947959567340464e-17,-1.6951117713968446e-17,-4.23958654917876e-05,-4.2395865535968e-05,4.23958654812206e-05,4.23958655319435e-05,-5.2835e-15,-2.01225e-15,4.23958654865041e-05,4.239586553395575e-05,5.07229e-14,3.27125e-15,4.745165e-14,0.0,True,0.06449256647392007,opposite_sign,opposite_sign,2.865747245925614e-20,-4.041922657526262e-15
n18_vd_0p05_vg_1p95,n18_vd_0p05,n18,0.05,1.9500000000000002,-4.39131926701164e-05,-4.39131927184075e-05,4.39131926615201e-05,4.3913192711207e-05,-4.29815e-15,-3.60025e-15,4.391319266581825e-05,4.391319271480725e-05,4.96869e-14,6.979e-16,4.8989e-14,0.0,True,0.014045955775063448,opposite_sign,opposite_sign,1.691189650257745e-17,-7.200933477568344e-15,-3.77434191170746e-24,-3.7779348838107e-24,3.2333565843246e-20,3.23335649717236e-20,1.6164895750667148e-20,1.6164893518419893e-20,1.6168670092578854e-20,1.6168671453303706e-20,-8.715224e-28,-2.23224725162e-27,1.36072485162e-27,0.0,True,0.6212815428227366,opposite_sign,opposite_sign,-1.6949666590000463e-17,-1.694699462740066e-17,-4.39131926701164e-05,-4.39131927184075e-05,4.39131926615202e-05,4.3913192711207e-05,-4.2981e-15,-3.60025e-15,4.39131926658183e-05,4.391319271480725e-05,4.96868e-14,6.9785e-16,4.898895e-14,0.0,True,0.01404497774056691,opposite_sign,opposite_sign,3.1544074748042335e-20,-7.217912801982781e-15
n18_vd_0p05_vg_2,n18_vd_0p05,n18,0.05,2.0,-4.54015102251017e-05,-4.54015102449746e-05,4.54015102181103e-05,4.54015102522027e-05,-3.4957e-15,3.61405e-15,4.5401510221606e-05,4.540151024858865e-05,3.40924e-14,7.10975e-15,2.698265e-14,0.0,True,0.2085435463622391,opposite_sign,opposite_sign,1.6905977887451447e-17,7.227662735717784e-15,-3.90422286481106e-24,-3.90625596309942e-24,3.23355489796496e-20,3.23355487114502e-20,1.6165822378392394e-20,1.616582122774355e-20,1.6169726601257206e-20,1.616972748370665e-20,-2.681994e-28,-1.15064884418e-27,8.8244944418e-28,0.0,True,0.5659582966390531,opposite_sign,opposite_sign,-1.6951359121040214e-17,-1.6953070012471212e-17,-4.54015102251017e-05,-4.54015102449746e-05,4.54015102181104e-05,4.54015102522027e-05,-3.49565e-15,3.61405e-15,4.540151022160605e-05,4.540151024858865e-05,3.40923e-14,7.1097e-15,2.69826e-14,0.0,True,0.2085426914581885,opposite_sign,opposite_sign,1.7154811753400162e-20,7.210677334062857e-15
n18_vd_0p05_vg_2p05,n18_vd_0p05,n18,0.05,2.0500000000000003,-4.68617388562102e-05,-4.68617388855149e-05,4.68617388504858e-05,4.68617388850335e-05,-2.8622e-15,-2.407e-16,4.6861738853348e-05,4.68617388852742e-05,3.45477e-14,2.6215e-15,3.19262e-14,0.0,True,0.07588059407717446,opposite_sign,opposite_sign,1.690490786682135e-17,-4.818348135220509e-16,-4.0346919639393e-24,-4.03216577940813e-24,3.23374970965225e-20,3.23374956528119e-20,1.616673120227928e-20,1.6166731743516247e-20,1.617076589424322e-20,1.6170763909295653e-20,-1.4437106e-27,5.41236965585e-28,-1.984947565585e-27,0.0,True,0.21425076391166348,opposite_sign,opposite_sign,-1.6953035371218743e-17,-1.6944900092885268e-17,-4.68617388562102e-05,-4.68617388855149e-05,4.68617388504859e-05,4.68617388850335e-05,-2.86215e-15,-2.407e-16,4.686173885334805e-05,4.68617388852742e-05,3.45476e-14,2.62145e-15,3.192615e-14,0.0,True,0.07587936643934744,opposite_sign,opposite_sign,1.4406723294030675e-20,-4.988120470784231e-16
n18_vd_0p05_vg_2p1,n18_vd_0p05,n18,0.05,2.1,-4.82947674817506e-05,-4.82947674967376e-05,4.82947674770327e-05,4.82947675098417e-05,-2.35895e-15,6.55205e-15,4.829476747939165e-05,4.829476750328965e-05,3.2809e-14,8.911e-15,2.3898e-14,0.0,True,0.2716023042457862,opposite_sign,opposite_sign,1.698174279231538e-17,1.310366547041188e-14,-4.15292291287696e-24,-4.1557398906066e-24,3.23394071760859e-20,3.23394069089392e-20,1.6167627126586512e-20,1.6167625584524297e-20,1.617178004949939e-20,1.6171781324414905e-20,-2.671467e-28,-1.54206221482e-27,1.27491551482e-27,0.0,True,0.5474172545258532,opposite_sign,opposite_sign,-1.695469392077643e-17,-1.695586916174105e-17,-4.82947674817506e-05,-4.82947674967376e-05,4.82947674770327e-05,4.82947675098418e-05,-2.35895e-15,6.5521e-15,4.829476747939165e-05,4.82947675032897e-05,3.28091e-14,8.91105e-15,2.389805e-14,0.0,True,0.27160300038708773,opposite_sign,opposite_sign,-5.286382714443153e-21,1.3086778909952642e-14
n18_vd_0p05_vg_2p15,n18_vd_0p05,n18,0.05,2.15,-4.97014532859048e-05,-4.9701453292771e-05,4.97014532820282e-05,4.97014533056588e-05,-1.9383e-15,6.4439e-15,4.97014532839665e-05,4.97014532992149e-05,2.36306e-14,8.3822e-15,1.52484e-14,0.0,True,0.35471803509009503,opposite_sign,opposite_sign,1.6880954496138975e-17,1.2887366970359074e-14,-4.27741058156741e-24,-4.27705133643029e-24,3.23412834385561e-20,3.2341283561469e-20,1.6168503013987265e-20,1.6168503255066286e-20,1.6172780424568834e-20,1.6172780306402716e-20,1.229129e-28,2.4107901856e-28,-1.1816611856e-28,0.0,True,0.671071070001628,opposite_sign,opposite_sign,-1.6956333657104627e-17,-1.694968532395287e-17,-4.97014532859048e-05,-4.9701453292771e-05,4.97014532820282e-05,4.97014533056589e-05,-1.9383e-15,6.44395e-15,4.97014532839665e-05,4.970145329921495e-05,2.36307e-14,8.38225e-15,1.524845e-14,0.0,True,0.35471864989187796,opposite_sign,opposite_sign,-1.0771616699145333e-19,1.2870486591982282e-14
n18_vd_0p05_vg_2p2,n18_vd_0p05,n18,0.05,2.2,-5.10826222362214e-05,-5.10826222590732e-05,5.10826222329933e-05,5.10826222614693e-05,-1.61405e-15,1.19805e-15,5.108262223460735e-05,5.108262226027125e-05,2.8476e-14,2.8121e-15,2.56639e-14,0.0,True,0.09875333614271668,opposite_sign,opposite_sign,1.6928737962577278e-17,2.3956643571937022e-15,-4.39888349291629e-24,-4.39617053692288e-24,3.2343126592092e-20,3.2343126656225e-20,1.6169363854299543e-20,1.6169365242844038e-20,1.617376273779246e-20,1.6173761413380962e-20,6.4133e-29,1.388544496705e-27,-1.324411496705e-27,0.0,True,0.511819764153157,opposite_sign,opposite_sign,-1.69579537204202e-17,-1.6964751994605812e-17,-5.10826222362214e-05,-5.10826222590732e-05,5.10826222329933e-05,5.10826222614693e-05,-1.61405e-15,1.19805e-15,5.108262223460735e-05,5.108262226027125e-05,2.8476e-14,2.8121e-15,2.56639e-14,0.0,True,0.09875333614271668,opposite_sign,opposite_sign,-6.155448555299974e-20,2.378667266468611e-15
n18_vd_0p05_vg_2p25,n18_vd_0p05,n18,0.05,2.25,-5.24390701041224e-05,-5.24390701235896e-05,5.24390701014419e-05,5.24390701181986e-05,-1.34025e-15,-2.6955e-15,5.243907010278215e-05,5.24390701208941e-05,1.67567e-14,-1.35525e-15,1.811195e-14,0.0,True,0.06961709953151969,opposite_sign,opposite_sign,1.6947384272455366e-17,-5.3914349466347715e-15,-4.50976807837081e-24,-4.51316534508886e-24,3.23449361643509e-20,3.23449372050424e-20,1.6170213198136263e-20,1.6170212019848655e-20,1.6174722966214634e-20,1.6174725185193745e-20,1.0406915e-27,-1.178287609025e-27,2.218979109025e-27,0.0,True,0.3468340012176984,opposite_sign,opposite_sign,-1.6959553455833327e-17,-1.6966073858680803e-17,-5.24390701041224e-05,-5.24390701235896e-05,5.2439070101442e-05,5.24390701181986e-05,-1.3402e-15,-2.6955e-15,5.24390701027822e-05,5.24390701208941e-05,1.67566e-14,-1.3553e-15,1.81119e-14,0.0,True,0.06961966795430262,opposite_sign,opposite_sign,5.713434389567619e-20,-5.408433360917491e-15
n18_vd_0p05_vg_2p3,n18_vd_0p05,n18,0.05,2.3000000000000003,-5.37714353063273e-05,-5.3771435311213e-05,5.37714353041063e-05,5.37714353076222e-05,-1.1105e-15,-1.7954e-15,5.37714353052168e-05,5.37714353094176e-05,3.5159e-15,-6.849e-16,4.2008e-15,0.0,True,0.14018462042286675,opposite_sign,opposite_sign,1.6947841257866327e-17,-3.591232591240419e-15,-4.62635875241747e-24,-4.62809227737187e-24,3.2346716315091e-20,3.23467160138707e-20,1.617104497816929e-20,1.6171043960796663e-20,1.6175671336921708e-20,1.6175672053074036e-20,-3.012203e-28,-1.0173726272e-27,7.161523272e-28,0.0,True,0.5868808664205982,opposite_sign,opposite_sign,-1.6961135096795262e-17,-1.6958758999967807e-17,-5.37714353063273e-05,-5.3771435311213e-05,5.37714353041063e-05,5.37714353076222e-05,-1.1105e-15,-1.7954e-15,5.37714353052168e-05,5.37714353094176e-05,3.5159e-15,-6.849e-16,4.2008e-15,0.0,True,0.14018462042286675,opposite_sign,opposite_sign,-4.5635928894037946e-20,-3.608223692328308e-15
n18_vd_0p05_vg_2p35,n18_vd_0p05,n18,0.05,2.35,-5.50804476658282e-05,-5.50804476788932e-05,5.50804476639848e-05,5.50804476879168e-05,-9.217e-16,4.5118e-15,5.50804476649065e-05,5.5080447683405e-05,2.3932e-14,5.4335e-15,1.84985e-14,0.0,True,0.22703911081397293,opposite_sign,opposite_sign,1.698986112817713e-17,9.023168154139636e-15,-4.73887085491026e-24,-4.74101377547295e-24,3.23484637808472e-20,3.23484640179436e-20,1.6171862454996146e-20,1.6171861502084064e-20,1.6176601325851056e-20,1.6176602515859537e-20,2.370964e-28,-9.52912081345e-28,1.190008481345e-27,0.0,True,0.44467914393840763,opposite_sign,opposite_sign,-1.6962698225819807e-17,-1.6966556721463933e-17,-5.50804476658282e-05,-5.50804476788932e-05,5.50804476639848e-05,5.50804476879168e-05,-9.217e-16,4.5118e-15,5.50804476649065e-05,5.5080447683405e-05,2.3932e-14,5.4335e-15,1.84985e-14,0.0,True,0.22703911081397293,opposite_sign,opposite_sign,-5.18082255301073e-21,9.006169253695168e-15
n18_vd_0p05_vg_2p4,n18_vd_0p05,n18,0.05,2.4000000000000004,-5.63669460092642e-05,-5.63669460221615e-05,5.63669460076933e-05,5.63669460237598e-05,-7.8545e-16,7.9915e-16,5.636694600847875e-05,5.636694602296065e-05,1.60665e-14,1.5846e-15,1.44819e-14,0.0,True,0.09862757912426477,opposite_sign,opposite_sign,1.6927771418572543e-17,1.5978603491679675e-15,-4.85223488571381e-24,-4.85199933258073e-24,3.23501823232989e-20,3.23501823026968e-20,1.6172665044206592e-20,1.617266515168211e-20,1.6177517279092306e-20,1.617751715101469e-20,-2.06021e-29,1.0747551654e-28,-1.2807761654e-28,0.0,True,0.45626867762144563,opposite_sign,opposite_sign,-1.6964239826999987e-17,-1.6963568606646635e-17,-5.63669460092642e-05,-5.63669460221615e-05,5.63669460076934e-05,5.63669460237598e-05,-7.854e-16,7.9915e-16,5.63669460084788e-05,5.636694602296065e-05,1.60664e-14,1.58455e-15,1.448185e-14,0.0,True,0.09862508091420605,opposite_sign,opposite_sign,3.283021515314013e-20,1.5808644352310175e-15
n18_vd_0p05_vg_2p45,n18_vd_0p05,n18,0.05,2.45,-5.76316107312334e-05,-5.76316107453235e-05,5.76316107299322e-05,5.76316107393063e-05,-6.506e-16,-3.0086e-15,5.76316107305828e-05,5.76316107423149e-05,9.3741e-15,-2.358e-15,1.17321e-14,0.0,True,0.167351544701599,opposite_sign,opposite_sign,1.6954946275829975e-17,-6.017636842531021e-15,-4.96116444000043e-24,-4.96110697079698e-24,3.23518720743156e-20,3.23518717454691e-20,1.61734554549378e-20,1.617345531924915e-20,1.61784166193778e-20,1.617841642621995e-20,-3.288465e-28,-1.35688648275e-28,-1.93157851725e-28,0.0,True,0.41262001655787733,opposite_sign,opposite_sign,-1.6965759867055423e-17,-1.6960547647976802e-17,-5.76316107312334e-05,-5.76316107453235e-05,5.76316107299322e-05,5.76316107393063e-05,-6.506e-16,-3.0086e-15,5.76316107305828e-05,5.76316107423149e-05,9.3741e-15,-2.358e-15,1.17321e-14,0.0,True,0.167351544701599,opposite_sign,opposite_sign,-4.3160502140060916e-20,-6.034629737089636e-15
n18_vd_0p05_vg_2p5,n18_vd_0p05,n18,0.05,2.5,-5.88750858008017e-05,-5.88750858084632e-05,5.88750857997066e-05,5.88750857952584e-05,-5.4755e-16,-6.6024e-15,5.887508580025415e-05,5.88750858018608e-05,-4.4482e-15,-6.05485e-15,1.60665e-15,0.0,True,0.790295634014227,opposite_sign,opposite_sign,1.6977313635106178e-17,-1.3205240091338388e-14,-5.07120488944406e-24,-5.06839349987359e-24,3.23535330284087e-20,3.23535331778368e-20,1.617423091175963e-20,1.6174232392168463e-20,1.617930211664907e-20,1.6179300785668338e-20,1.494281e-28,1.480408835235e-27,-1.330980735235e-27,0.0,True,0.5265754880735044,opposite_sign,opposite_sign,-1.6967258632790183e-17,-1.696560432378426e-17,-5.88750858008017e-05,-5.88750858084632e-05,5.88750857997066e-05,5.88750857952585e-05,-5.4755e-16,-6.60235e-15,5.887508580025415e-05,5.887508580186085e-05,-4.4481e-15,-6.0548e-15,1.6067e-15,0.0,True,0.7902891078770475,opposite_sign,opposite_sign,-2.22934595036771e-20,-1.3222136400173286e-14
n18_vd_1_vg_0,n18_vd_1,n18,1.0,0.0,-1.99860239064847e-14,-1.63055563703716e-14,2.00998638218798e-14,2.97443578618103e-14,5.691995769755e-17,6.71940074571935e-15,2.004294386418225e-14,2.302495711609095e-14,9.6444940399305e-15,6.6624807880218e-15,2.9820132519087e-15,0.0,True,0.690806667559495,opposite_sign,opposite_sign,1.1332185862602451e-16,1.3438275314379379e-14,-3.53819933107133e-27,-2.23095690842058e-31,3.64587892993914e-20,3.64587892994083e-20,1.8229392880596034e-20,1.8229394649592603e-20,1.8229396418795367e-20,1.8229394649815698e-20,1.69e-32,1.768996567690244e-27,-1.768979667690244e-27,0.0,True,0.5000023883710454,opposite_sign,opposite_sign,-1.133218586260378e-16,-1.1332023961412281e-16,-1.99860239064882e-14,-1.63055563703716e-14,2.00999002806691e-14,2.97443943205996e-14,5.693818709045e-17,6.719418975114e-15,2.004296209357865e-14,2.30249753454856e-14,9.6444940399305e-15,6.66248078802355e-15,2.98201325190695e-15,0.0,True,0.6908066675596765,opposite_sign,opposite_sign,2.674731506764993e-29,1.3324955074765259e-14
n18_vd_1_vg_0p05,n18_vd_1,n18,1.0,0.05,-7.23559631476253e-14,-8.05332272317493e-14,7.24648766325687e-14,6.90130627018691e-14,5.44567424717e-17,-5.7600822649401e-15,7.2410419890097e-14,7.47731449668092e-14,-3.4518139306996e-15,-5.8145390074118e-15,2.3627250767122e-15,0.0,True,0.7110616640962611,opposite_sign,opposite_sign,1.1374903593810328e-16,-1.152069084307545e-14,1.82594155390713e-26,-3.28138146839119e-31,3.64585298932291e-20,3.64585299491476e-20,1.822927407632232e-20,1.822926497440973e-20,1.822925581690678e-20,1.822926497473787e-20,5.59185e-29,-9.10191258860907e-27,9.15783108860907e-27,0.0,True,0.49846880380720326,same_sign,opposite_sign,-1.1374903593809034e-16,-1.1374613758370717e-16,-7.23559631476071e-14,-8.05332272317493e-14,7.24649130910985e-14,6.90130991603991e-14,5.44749717457e-17,-5.7600640356751e-15,7.24104381193528e-14,7.47731631960742e-14,-3.4518139306994e-15,-5.8145390074208e-15,2.3627250767214e-15,0.0,True,0.7110616640957791,opposite_sign,opposite_sign,-1.3901208264191517e-28,-1.1634436980659104e-14
n18_vd_1_vg_0p1,n18_vd_1,n18,1.0,0.1,-2.66339316718316e-13,-2.73238229758034e-13,2.66452273891151e-13,2.70460871544651e-13,5.64785864175e-17,-1.3886791066915e-15,2.663957953047335e-13,2.718495506513425e-13,4.0085976535e-15,-1.445157693109e-15,5.453755346609e-15,0.0,True,0.20947614280525448,opposite_sign,opposite_sign,1.1426462814549585e-16,-2.777884671339296e-15,1.75594089540434e-27,-5.51464177070968e-31,3.64582685206366e-20,3.64582685205212e-20,1.8229135138288747e-20,1.8229134259984868e-20,1.8229133382347852e-20,1.822913426053633e-20,-1.154e-31,-8.783038797907054e-28,8.781884797907056e-28,0.0,True,0.500032849559342,same_sign,opposite_sign,-1.1426462814494343e-16,-1.1426259695100402e-16,-2.66339316718314e-13,-2.73238229758034e-13,2.66452310349419e-13,2.7046090800292e-13,5.64968155525e-17,-1.388660877557e-15,2.663958135338665e-13,2.71849568880477e-13,4.008597653501e-15,-1.4451576931095e-15,5.4537553466105e-15,0.0,True,0.20947614280526622,opposite_sign,opposite_sign,2.688536572606361e-28,-2.8921472682898363e-15
n18_vd_1_vg_0p15,n18_vd_1,n18,1.0,0.15000000000000002,-9.97422499661808e-13,-9.88700527827099e-13,9.93515305011412e-13,9.94117676871702e-13,-1.953597325198e-15,2.7085745223015e-15,9.9546890233661e-13,9.914091023494005e-13,6.0237186029e-16,4.6621718474995e-15,-4.0597999872095e-15,0.0,True,0.534531862272982,opposite_sign,opposite_sign,1.147618748986921e-16,5.416622432490827e-15,4.30295919083077e-25,-9.81033088405018e-31,3.64580046922687e-20,3.645800499184e-20,1.822921749409389e-20,1.8229002495429485e-20,1.8228787198174808e-20,1.8229002496410517e-20,2.995713e-28,-2.149986644080827e-25,2.152982357080827e-25,0.0,True,0.499651901628946,same_sign,opposite_sign,-1.147618748982238e-16,-1.1476296649113414e-16,-9.97422499661377e-13,-9.88700527827099e-13,9.93515341469416e-13,9.94117713329707e-13,-1.9535790959805e-15,2.708592751304e-15,9.954689205653965e-13,9.91409120578403e-13,6.02371860291e-16,4.6621718472845e-15,-4.0597999869935e-15,0.0,True,0.5345318622747458,opposite_sign,opposite_sign,3.155443620884047e-28,5.30185946599979e-15
n18_vd_1_vg_0p2,n18_vd_1,n18,1.0,0.2,-3.74393907894873e-12,-3.73850488160376e-12,3.74405461722866e-12,3.74382910733803e-12,5.7769139965e-17,2.662112867135e-15,3.743996848088695e-12,3.741166994470895e-12,-2.2550989063e-16,2.60434372717e-15,-2.8298536178e-15,0.0,True,0.4792508556172756,opposite_sign,opposite_sign,1.1501522074596607e-16,5.323698957575349e-15,-1.57694541452036e-27,-2.13316629074928e-30,3.64577390420784e-20,3.64577390420849e-20,1.8228868732566494e-20,1.8228869519975868e-20,1.8228870309511908e-20,1.8228869522109034e-20,6.5e-33,7.874093741148053e-28,-7.8740287411480535e-28,0.0,True,0.5000020637380765,opposite_sign,opposite_sign,-1.1501522074540287e-16,-1.1501741838850204e-16,-3.74393907894874e-12,-3.73850488160376e-12,3.7440546536864e-12,3.74382914379577e-12,5.778736883e-17,2.662131096005e-15,3.74399686631757e-12,3.741167012699765e-12,-2.2550989063e-16,2.604343727175e-15,-2.829853617805e-15,0.0,True,0.4792508556173138,opposite_sign,opposite_sign,-7.474037994613188e-27,5.208681539187736e-15
n18_vd_1_vg_0p25,n18_vd_1,n18,1.0,0.25,-1.42264979319203e-11,-1.42085738787921e-11,1.42266130876951e-11,1.42620921255045e-11,5.75778874e-17,2.67591233562e-14,1.42265555098077e-11,1.42353330021483e-11,3.54790378094e-14,2.67015454688e-14,8.7774923406e-15,0.0,True,0.752600609189169,opposite_sign,opposite_sign,1.147408560499516e-16,5.3517719759587295e-14,-1.21431587301803e-27,-3.96754788052807e-30,3.64574700171307e-20,3.64574700172835e-20,1.8228734401407413e-20,1.8228735006657976e-20,1.8228735615723288e-20,1.8228735010625524e-20,1.528e-31,6.05250562568751e-28,-6.05097762568751e-28,0.0,True,0.5000631223247171,opposite_sign,opposite_sign,-1.1474085605386819e-16,-1.1473567902187069e-16,-1.42264979319203e-11,-1.42085738787921e-11,1.42266131241526e-11,1.42620921619619e-11,5.759611615e-17,2.67591415849e-14,1.422655552803645e-11,1.4235333020377e-11,3.54790378093e-14,2.670154546875e-14,8.77749234055e-15,0.0,True,0.7526006091898809,opposite_sign,opposite_sign,2.648738539937961e-26,5.340298408049445e-14
n18_vd_1_vg_0p3,n18_vd_1,n18,1.0,0.30000000000000004,-5.43985898451257e-11,-5.44016092412893e-11,5.43987016460256e-11,5.43972702632942e-11,5.590044995e-17,-2.16948899755e-15,5.439864574557565e-11,5.439943975229175e-11,-1.4313827314e-15,-2.2253894475e-15,7.940067161e-16,0.0,True,0.7370312893445182,opposite_sign,opposite_sign,1.1393455703590157e-16,-4.339505136856679e-15,2.21790255943739e-27,-8.22354923991967e-30,3.64571969434546e-20,3.64571969478058e-20,1.822859958067858e-20,1.8228598469791124e-20,1.822859736277602e-20,1.8228598478014673e-20,4.3512e-30,-1.1108874543386548e-27,1.115238654338655e-27,0.0,True,0.4990226968761924,same_sign,opposite_sign,-1.1393455703336565e-16,-1.1394778053332543e-16,-5.43985898451257e-11,-5.44016092412893e-11,5.43987016824828e-11,5.43972702997514e-11,5.591867855e-17,-2.16947076895e-15,5.439864576380425e-11,5.439943977052035e-11,-1.4313827314e-15,-2.2253894475e-15,7.940067161e-16,0.0,True,0.7370312893445182,opposite_sign,opposite_sign,6.928146248200248e-27,-4.453452917389853e-15
n18_vd_1_vg_0p35,n18_vd_1,n18,1.0,0.35000000000000003,-2.0892238979039e-10,-2.08910872677022e-10,2.08922502979206e-10,2.08912306869245e-10,5.6594408e-17,7.170961115e-16,2.08922446384798e-10,2.089115897731335e-10,-1.0196109961e-14,6.605017035e-16,-1.08566116645e-14,0.0,True,0.05734958773048,opposite_sign,opposite_sign,1.129965528854599e-16,1.4336648776596035e-15,6.32400058092276e-28,-2.18661808841939e-29,3.64569185822272e-20,3.6456918693773e-20,1.8228459607313628e-20,1.822845933595341e-20,1.822845897491357e-20,1.822845935781959e-20,1.115458e-28,-2.7136021948823497e-28,3.8290601948823496e-28,0.0,True,0.4147550390384643,same_sign,opposite_sign,-1.1299655374439035e-16,-1.129937169376921e-16,-2.0892238979039e-10,-2.08910872677022e-10,2.08922503015663e-10,2.08912306905702e-10,5.66126365e-17,7.1711434e-16,2.089224464030265e-10,2.08911589791362e-10,-1.0196109961e-14,6.605017035e-16,-1.08566116645e-14,0.0,True,0.05734958773048,opposite_sign,opposite_sign,-7.749233600513735e-25,1.320671160806461e-15
n18_vd_1_vg_0p4,n18_vd_1,n18,1.0,0.4,-8.04182712526234e-10,-8.04170520607582e-10,8.04182823818982e-10,8.04166943953896e-10,5.5646374e-17,-1.788326843e-15,8.04182768172608e-10,8.04168732280739e-10,-1.5879865086e-14,-1.843973217e-15,-1.4035891869e-14,0.0,True,0.11612020675324772,opposite_sign,opposite_sign,1.122608572267875e-16,-3.577181252271867e-15,-1.77691247715578e-27,-7.30539571558926e-29,3.64566335593534e-20,3.64566342123896e-20,1.8228315891220463e-20,1.822831706966782e-20,1.8228317668132938e-20,1.822831714272178e-20,6.530362e-28,1.1784473599999436e-27,-5.254111599999437e-28,0.0,True,0.691634514349244,opposite_sign,opposite_sign,-1.1226085673839455e-16,-1.1226641063455866e-16,-8.04182712526234e-10,-8.04170520607582e-10,8.04182823855438e-10,8.04166943990353e-10,5.5664602e-17,-1.7883086145e-15,8.04182768190836e-10,8.041687322989675e-10,-1.5879865085e-14,-1.8439732165e-15,-1.40358918685e-14,0.0,True,0.11612020672907375,opposite_sign,opposite_sign,-1.2244516546756213e-25,-3.689447662485645e-15
n18_vd_1_vg_0p45,n18_vd_1,n18,1.0,0.45,-3.09324629928347e-09,-3.09323557531511e-09,3.0932464088999e-09,3.09324785249003e-09,5.4808215e-17,6.13858746e-15,3.093246354091685e-09,3.09324171390257e-09,1.44359013e-15,6.083779245e-15,-4.640189115e-15,0.0,True,0.5673067134077222,opposite_sign,opposite_sign,1.1170623865063652e-16,1.2276647111369598e-14,-8.31117443349046e-28,-2.69041520642858e-28,3.64563402538189e-20,3.6456343679014e-20,1.8228169711350728e-20,1.822817170498624e-20,1.8228170542468173e-20,1.822817197402776e-20,3.4251951e-27,1.993635511353094e-27,1.431559588646906e-27,0.0,True,0.5820502053600083,opposite_sign,opposite_sign,-1.117062418993763e-16,-1.1170112884622901e-16,-3.09324629928347e-09,-3.09323557531511e-09,3.09324640893636e-09,3.09324785252649e-09,5.4826445e-17,6.13860569e-15,3.093246354109915e-09,3.0932417139208e-09,1.44359013e-15,6.083779245e-15,-4.640189115e-15,0.0,True,0.5673067134077222,opposite_sign,opposite_sign,4.652870854309601e-25,1.216494598623341e-14
n18_vd_1_vg_0p5,n18_vd_1,n18,1.0,0.5,-1.18295641647335e-08,-1.18295536045422e-08,1.18295643616898e-08,1.1829561682472e-08,9.847815e-17,4.0389649e-15,1.182956426321165e-08,1.18295576435071e-08,-2.6792178e-15,3.94048675e-15,-6.61970455e-15,0.0,True,0.37314539462935675,opposite_sign,opposite_sign,1.1125559476151365e-16,8.077401720580303e-15,-1.30401334517929e-27,-1.01633691253358e-27,3.64560524656662e-20,3.6456052443499e-20,1.8228025580826427e-20,1.8228025713581042e-20,1.8228026884839774e-20,1.8228026729917957e-20,-2.21672e-29,1.32754616322855e-28,-1.54921816322855e-28,0.0,True,0.46147199164677455,opposite_sign,opposite_sign,-1.1125563566405234e-16,-1.1125768012280184e-16,-1.18295641647335e-08,-1.18295536045422e-08,1.18295643617263e-08,1.18295616825084e-08,9.84964e-17,4.0389831e-15,1.18295642632299e-08,1.18295576435253e-08,-2.6792179e-15,3.9404867e-15,-6.6197046e-15,0.0,True,0.37314538989459406,opposite_sign,opposite_sign,1.5636477430319755e-24,7.96614398531611e-15
n18_vd_1_vg_0p55,n18_vd_1,n18,1.0,0.55,-4.45206017486752e-08,-4.452061116549e-08,4.45206037835419e-08,4.4520594252295e-08,1.01743335e-15,-8.4565975e-15,4.452060276610855e-08,4.45206027088925e-08,-9.5312469e-15,-9.47403085e-15,-5.721605e-17,0.0,True,0.9939970026377136,opposite_sign,opposite_sign,1.1089156189790214e-16,-1.6913723392831895e-14,-3.06110643124303e-27,-3.81373302957444e-27,3.64557848770175e-20,3.64557848769737e-20,1.8227890907955533e-20,1.8227890531620336e-20,1.8227893969061966e-20,1.8227894345353366e-20,-4.38e-32,-3.76335199165705e-28,3.76291399165705e-28,0.0,True,0.5000290980946576,opposite_sign,opposite_sign,-1.1089159866390008e-16,-1.1089955554606476e-16,-4.45206017486752e-08,-4.452061116549e-08,4.45206037835783e-08,4.45205942523314e-08,1.01745155e-15,-8.4565793e-15,4.452060276612675e-08,4.45206027089107e-08,-9.5312469e-15,-9.47403085e-15,-5.721605e-17,0.0,True,0.9939970026377136,opposite_sign,opposite_sign,-8.998341063338994e-23,-1.7024623001594626e-14
n18_vd_1_vg_0p6,n18_vd_1,n18,1.0,0.6000000000000001,-1.61159706064513e-07,-1.61159707087691e-07,1.6115970617334e-07,1.61159706690664e-07,5.44135e-17,-1.985135e-16,1.611597061189265e-07,1.611597068891775e-07,5.17324e-16,-2.52927e-16,7.70251e-16,0.0,True,0.24719745733391454,opposite_sign,opposite_sign,1.1059621437703393e-16,-3.975557780114317e-16,-1.35244947895494e-26,-1.37995203866201e-26,3.6455629644624e-20,3.64556296446308e-20,1.8227808060064606e-20,1.8227807922555206e-20,1.8227821584559393e-20,1.8227821722075594e-20,6.8e-33,-1.3750939853535e-28,1.3751619853535e-28,0.0,True,0.4999876375143397,opposite_sign,opposite_sign,-1.1059629714879987e-16,-1.1061570379854689e-16,-1.61159706064513e-07,-1.61159707087691e-07,1.61159706173376e-07,1.61159706690701e-07,5.44315e-17,-1.98495e-16,1.611597061189445e-07,1.61159706889196e-07,5.17325e-16,-2.529265e-16,7.702515e-16,0.0,True,0.24719696866038948,opposite_sign,opposite_sign,-5.394876283723197e-22,-5.0817095914372e-16
n18_vd_1_vg_0p65,n18_vd_1,n18,1.0,0.65,-5.35230574164734e-07,-5.35230566079527e-07,5.35230574279497e-07,5.35230578988032e-07,5.73815e-17,6.4542525e-15,5.352305742221155e-07,5.352305725337795e-07,4.708535e-15,6.396871e-15,-1.688336e-15,0.0,True,0.7911820934207374,opposite_sign,opposite_sign,1.1035938221180837e-16,1.2907975743691489e-14,-4.23416452846912e-26,-4.58410564864372e-26,3.6455847474237e-20,3.64558474742478e-20,1.8227902566295858e-20,1.8227900816595657e-20,1.8227944907941143e-20,1.8227946657652144e-20,1.08e-32,-1.749700200873e-27,1.749711000873e-27,0.0,True,0.4999984568832616,opposite_sign,opposite_sign,-1.103605257671364e-16,-1.1037090779160482e-16,-5.35230574164734e-07,-5.35230566079527e-07,5.35230574279534e-07,5.35230578988069e-07,5.74e-17,6.454271e-15,5.35230574222134e-07,5.35230572533798e-07,4.708535e-15,6.396871e-15,-1.688336e-15,0.0,True,0.7911820934207374,opposite_sign,opposite_sign,-5.416690181635028e-22,1.2797605331910574e-14
n18_vd_1_vg_0p7,n18_vd_1,n18,1.0,0.7000000000000001,-1.52174400587097e-06,-1.5217440076211e-06,1.52174400598244e-06,1.52174400538923e-06,5.5735e-17,-1.115935e-15,1.521744005926705e-06,1.521744006505165e-06,-5.9321e-16,-1.17167e-15,5.7846e-16,0.0,True,0.6694759817842103,opposite_sign,opposite_sign,1.1023840251390372e-16,-2.232399962380648e-15,-1.29777122344621e-25,-1.30389838398335e-25,3.64569748436235e-20,3.64569748436168e-20,1.8228422533250577e-20,1.82284222268892e-20,1.822855231037292e-20,1.82285526167276e-20,-6.7e-33,-3.06361376857e-28,3.06354676857e-28,0.0,True,0.5000054674591595,opposite_sign,opposite_sign,-1.1023653049289749e-16,-1.1024017147957122e-16,-1.52174400587097e-06,-1.5217440076211e-06,1.52174400598248e-06,1.52174400538926e-06,5.5755e-17,-1.11592e-15,1.521744005926725e-06,1.52174400650518e-06,-5.9322e-16,-1.171675e-15,5.78455e-16,0.0,True,0.6694788387148383,opposite_sign,opposite_sign,5.2257244603184316e-21,-2.342646732793282e-15
n18_vd_1_vg_0p75,n18_vd_1,n18,1.0,0.75,-3.53166516818036e-06,-3.53166517313953e-06,3.531665168289e-06,3.53166517587113e-06,5.432e-17,1.3658e-15,3.53166516823468e-06,3.53166517450533e-06,7.58213e-15,1.31148e-15,6.27065e-15,0.0,True,0.17296986466863531,opposite_sign,opposite_sign,1.1024843479691455e-16,2.7310694987262185e-15,-3.04088420698719e-25,-3.02742766535973e-25,3.64596343716758e-20,3.64596343716956e-20,1.822966514162755e-20,1.822966581446453e-20,1.822996923004825e-20,1.822996855723107e-20,1.98e-32,6.72836981373e-28,-6.72817181373e-28,0.0,True,0.5000073570165902,opposite_sign,opposite_sign,-1.1025349395462175e-16,-1.1026206732804607e-16,-3.53166516818036e-06,-3.53166517313953e-06,3.53166516828904e-06,3.53166517587116e-06,5.434e-17,1.365815e-15,3.5316651682347e-06,3.531665174505345e-06,7.58212e-15,1.311475e-15,6.270645e-15,0.0,True,0.1729694333510944,opposite_sign,opposite_sign,-1.2844229964821197e-21,2.6208006182196977e-15
n18_vd_1_vg_0p8,n18_vd_1,n18,1.0,0.8,-6.76151984056689e-06,-6.76151984915413e-06,6.76151984062994e-06,6.76151983333352e-06,3.1525e-17,-7.910305e-15,6.761519840598415e-06,6.761519841243825e-06,-7.29642e-15,-7.94183e-15,6.4541e-16,0.0,True,0.9248408103185657,opposite_sign,opposite_sign,1.103706040932142e-16,-1.5821142225425162e-14,-2.41338242251436e-25,-5.79865620084712e-25,3.64641254829665e-20,3.64641254844023e-20,1.8231942072362124e-20,1.8231772809391108e-20,1.8232183410604377e-20,1.8232352675011192e-20,1.4358e-30,-1.69262971016638e-25,1.69264406816638e-25,0.0,True,0.49999787934433954,opposite_sign,opposite_sign,-1.1037272011241027e-16,-1.1037195183289422e-16,-6.76151984056689e-06,-6.76151984915413e-06,6.76151984062998e-06,6.76151983333356e-06,3.1545e-17,-7.910285e-15,6.761519840598435e-06,6.761519841243845e-06,-7.29642e-15,-7.94183e-15,6.4541e-16,0.0,True,0.9248408103185657,opposite_sign,opposite_sign,2.0776781276107847e-21,-1.5931510830255155e-14
n18_vd_1_vg_0p85,n18_vd_1,n18,1.0,0.8500000000000001,-1.1156330166555e-05,-1.11563301648272e-05,1.11563301666834e-05,1.11563301807401e-05,6.42e-17,7.95645e-15,1.11563301666192e-05,1.115633017278365e-05,1.40567e-14,7.89225e-15,6.16445e-15,0.0,True,0.5614582369973038,opposite_sign,opposite_sign,1.1055609578820198e-16,1.5912366671633674e-14,-9.37297131932347e-25,-9.57182454607918e-25,3.64703683262311e-20,3.64703683264086e-20,1.8234715514549585e-20,1.8234705571976996e-20,1.8235652811681516e-20,1.8235662754431604e-20,1.775e-31,-9.9425725877855e-27,9.9427500877855e-27,0.0,True,0.49999553690923465,opposite_sign,opposite_sign,-1.1054384857568091e-16,-1.1055188149998204e-16,-1.1156330166555e-05,-1.11563301648272e-05,1.11563301666834e-05,1.11563301807401e-05,6.42e-17,7.95645e-15,1.11563301666192e-05,1.115633017278365e-05,1.40567e-14,7.89225e-15,6.16445e-15,0.0,True,0.5614582369973038,opposite_sign,opposite_sign,-2.4222218508127774e-20,1.5801778320722547e-14
n18_vd_1_vg_0p9,n18_vd_1,n18,1.0,0.9,-1.65540470554895e-05,-1.65540470404123e-05,1.65540470555959e-05,1.65540470574643e-05,5.32e-17,8.526e-15,1.65540470555427e-05,1.65540470489383e-05,1.8684e-15,8.4728e-15,-6.6044e-15,0.0,True,0.5619611068368132,opposite_sign,opposite_sign,1.1068000615601679e-16,1.7051465598676678e-14,-1.41837444879247e-24,-1.42091738163741e-24,3.64781226373948e-20,3.64781226374078e-20,1.8238352131473003e-20,1.823835086001308e-20,1.8239770505921798e-20,1.823977177739472e-20,1.3e-32,-1.27145992247e-27,1.27147292247e-27,0.0,True,0.4999974438963212,opposite_sign,opposite_sign,-1.1073602674695206e-16,-1.1073942486558798e-16,-1.65540470554895e-05,-1.65540470404123e-05,1.6554047055596e-05,1.65540470574643e-05,5.325e-17,8.526e-15,1.655404705554275e-05,1.65540470489383e-05,1.8683e-15,8.47275e-15,-6.60445e-15,0.0,True,0.5619577905711935,opposite_sign,opposite_sign,5.758526683694513e-21,1.694068969710937e-14
n18_vd_1_vg_0p95,n18_vd_1,n18,1.0,0.9500000000000001,-2.27844201382653e-05,-2.27844201295337e-05,2.27844201383721e-05,2.27844201196218e-05,5.34e-17,-4.95595e-15,2.27844201383187e-05,2.278442012457775e-05,-1.87503e-14,-5.00935e-15,-1.374095e-14,0.0,True,0.26716105875639323,opposite_sign,opposite_sign,1.1097136726232265e-16,-9.912433537953872e-15,-1.95690174199409e-24,-1.95655258497644e-24,3.64871374990764e-20,3.64871374990415e-20,1.8242590298667203e-20,1.8242590473228263e-20,1.8244547200409198e-20,1.824454702581324e-20,-3.49e-32,1.74561058825e-28,-1.74595958825e-28,0.0,True,0.49995002248524906,opposite_sign,opposite_sign,-1.1093338907423267e-16,-1.1092831190738254e-16,-2.27844201382653e-05,-2.27844201295337e-05,2.27844201383721e-05,2.27844201196219e-05,5.34e-17,-4.9559e-15,2.27844201383187e-05,2.27844201245778e-05,-1.87502e-14,-5.0093e-15,-1.37409e-14,0.0,True,0.2671598169619524,opposite_sign,opposite_sign,1.4930074922186774e-21,-1.002330007922032e-14
n18_vd_1_vg_1,n18_vd_1,n18,1.0,1.0,-2.97032975682783e-05,-2.97032975529153e-05,2.97032975683926e-05,2.97032975841175e-05,5.715e-17,1.56011e-14,2.970329756833545e-05,2.97032975685164e-05,1.57249e-14,1.554395e-14,1.8095e-16,0.0,True,0.9884927726090467,opposite_sign,opposite_sign,1.1114444658909108e-16,3.1201663617592e-14,-2.55408011061113e-24,-2.55178980086293e-24,3.64972028433667e-20,3.64972028433961e-20,1.8247324381628045e-20,1.8247325526797618e-20,1.8249878461738655e-20,1.8249877316598483e-20,2.94e-32,1.1451695741e-27,-1.1451401741e-27,0.0,True,0.5000064183458205,opposite_sign,opposite_sign,-1.1113075267098773e-16,-1.111286697774524e-16,-2.97032975682783e-05,-2.97032975529153e-05,2.97032975683926e-05,2.97032975841175e-05,5.715e-17,1.56011e-14,2.970329756833545e-05,2.97032975685164e-05,1.57249e-14,1.554395e-14,1.8095e-16,0.0,True,0.9884927726090467,opposite_sign,opposite_sign,-2.2800730659720985e-20,3.1090498453163496e-14
n18_vd_1_vg_1p05,n18_vd_1,n18,1.0,1.05,-3.71942927730819e-05,-3.71942927800331e-05,3.71942927731997e-05,3.71942928064506e-05,5.89e-17,1.320875e-14,3.71942927731408e-05,3.719429279324185e-05,3.32509e-14,1.314985e-14,2.010105e-14,0.0,True,0.39547350598028924,opposite_sign,opposite_sign,1.112719550423426e-16,2.64169630292729e-14,-3.19762044214874e-24,-3.1967160579502e-24,3.65081513058794e-20,3.65081513059476e-20,1.8252476842718626e-20,1.8252477294944825e-20,1.8255674463160776e-20,1.8255674011002776e-20,6.82e-32,4.5222619927e-28,-4.5215799927e-28,0.0,True,0.5000377052142829,opposite_sign,opposite_sign,-1.1132577288404455e-16,-1.113233674243941e-16,-3.71942927730819e-05,-3.71942927800331e-05,3.71942927731998e-05,3.71942928064507e-05,5.895e-17,1.32088e-14,3.719429277314085e-05,3.71942927932419e-05,3.32509e-14,1.314985e-14,2.010105e-14,0.0,True,0.39547350598028924,opposite_sign,opposite_sign,4.544894705577958e-21,2.6305704800847584e-14
n18_vd_1_vg_1p1,n18_vd_1,n18,1.0,1.1,-4.51649919521176e-05,-4.51649919303228e-05,4.51649919522312e-05,4.51649919824388e-05,5.68e-17,2.6058e-14,4.51649919521744e-05,4.51649919563808e-05,3.02076e-14,2.60012e-14,4.2064e-15,0.0,True,0.8607502747652909,opposite_sign,opposite_sign,1.1156518841609183e-16,5.211546031740741e-14,-3.88336933574534e-24,-3.8835056672272e-24,3.65198512259698e-20,3.65198512260255e-20,1.8257983928317028e-20,1.8257983860179137e-20,1.8261867297652772e-20,1.8261867365846364e-20,5.57e-32,-6.813789093e-29,6.819359093e-29,0.0,True,0.4997957184971509,opposite_sign,opposite_sign,-1.1151782035748436e-16,-1.1150631203572966e-16,-4.51649919521176e-05,-4.51649919303228e-05,4.51649919522312e-05,4.51649919824388e-05,5.68e-17,2.6058e-14,4.51649919521744e-05,4.51649919563808e-05,3.02076e-14,2.60012e-14,4.2064e-15,0.0,True,0.8607502747652909,opposite_sign,opposite_sign,1.0852090750764236e-20,5.200391748940396e-14
n18_vd_1_vg_1p15,n18_vd_1,n18,1.0,1.1500000000000001,-5.35418698105537e-05,-5.35418698033582e-05,5.35418698106647e-05,5.35418698326708e-05,5.55e-17,1.46563e-14,5.35418698106092e-05,5.35418698180145e-05,2.20061e-14,1.46008e-14,7.4053e-15,0.0,True,0.6634887599347453,opposite_sign,opposite_sign,1.117174232128221e-16,2.9312058212650816e-14,-4.60769086737525e-24,-4.60591317006883e-24,3.65321990748185e-20,3.6532199074865e-20,1.826379569197556e-20,1.8263796580847466e-20,1.8268403382842938e-20,1.8268402494017533e-20,4.65e-32,8.8887190321e-28,-8.8882540321e-28,0.0,True,0.5000130787170098,opposite_sign,opposite_sign,-1.1170698583849406e-16,-1.117085155933513e-16,-5.35418698105537e-05,-5.35418698033582e-05,5.35418698106647e-05,5.35418698326709e-05,5.55e-17,1.465635e-14,5.35418698106092e-05,5.354186981801455e-05,2.20062e-14,1.460085e-14,7.40535e-15,0.0,True,0.6634880170133871,opposite_sign,opposite_sign,-2.609021705648214e-20,2.920041481341797e-14
n18_vd_1_vg_1p2,n18_vd_1,n18,1.0,1.2000000000000002,-6.2264941172081e-05,-6.22649411661931e-05,6.22649411721923e-05,6.22649411495749e-05,5.565e-17,-8.3091e-15,6.226494117213664e-05,6.2264941157884e-05,-2.26174e-14,-8.36475e-15,-1.425265e-14,0.0,True,0.369836939701292,opposite_sign,opposite_sign,1.1186655580855295e-16,-1.6618745044670954e-14,-5.36067646366909e-24,-5.35874534541943e-24,3.65451096159926e-20,3.65451096159451e-20,1.8269874469764466e-20,1.8269875435299842e-20,1.8275235146228134e-20,1.827523418064526e-20,-4.75e-32,9.6553537483e-28,-9.6558287483e-28,0.0,True,0.49998770142636045,opposite_sign,opposite_sign,-1.1189308628475047e-16,-1.118777120100694e-16,-6.2264941172081e-05,-6.22649411661931e-05,6.22649411721923e-05,6.2264941149575e-05,5.565e-17,-8.30905e-15,6.226494117213664e-05,6.226494115788405e-05,-2.26173e-14,-8.3647e-15,-1.42526e-14,0.0,True,0.3698363641990865,opposite_sign,opposite_sign,-6.307022513689342e-20,-1.6730550876214645e-14
n18_vd_1_vg_1p25,n18_vd_1,n18,1.0,1.25,-7.12859968508379e-05,-7.12859968367669e-05,7.12859968509501e-05,7.12859968561985e-05,5.61e-17,9.7158e-15,7.1285996850894e-05,7.12859968464827e-05,5.2484e-15,9.6597e-15,-4.4113e-15,0.0,True,0.6864970506715941,opposite_sign,opposite_sign,1.1200653088068922e-16,1.943105726363298e-14,-6.1373989827527e-24,-6.13788503877586e-24,3.65585146367562e-20,3.65585146367607e-20,1.8276188618886723e-20,1.8276188375860963e-20,1.8282326017869478e-20,1.8282326260899737e-20,4.5e-33,-2.4302576158e-28,2.4303026158e-28,0.0,True,0.4999953709039847,opposite_sign,opposite_sign,-1.1207637078209623e-16,-1.1207669427449026e-16,-7.12859968508379e-05,-7.12859968367669e-05,7.12859968509501e-05,7.12859968561985e-05,5.61e-17,9.7158e-15,7.1285996850894e-05,7.12859968464827e-05,5.2484e-15,9.6597e-15,-4.4113e-15,0.0,True,0.6864970506715941,opposite_sign,opposite_sign,-1.0639227864434759e-19,1.931894401698174e-14
n18_vd_1_vg_1p3,n18_vd_1,n18,1.0,1.3,-8.05657292472739e-05,-8.05657292497579e-05,8.05657292473877e-05,8.05657292305183e-05,5.69e-17,-9.6198e-15,8.05657292473308e-05,8.05657292401381e-05,-1.68694e-14,-9.6767e-15,-7.1927e-15,0.0,True,0.5736244324042349,opposite_sign,opposite_sign,1.1223456914210015e-16,-1.9240145099210023e-14,-6.94064903874885e-24,-6.93997303533417e-24,3.65723570804116e-20,3.65723570803793e-20,1.8282708215686426e-20,1.8282708553671983e-20,1.8289648864725173e-20,1.8289648526707318e-20,-3.23e-32,3.3798555734e-28,-3.3801785734e-28,0.0,True,0.4999761095881333,opposite_sign,opposite_sign,-1.1225715447137363e-16,-1.1226603243641367e-16,-8.05657292472739e-05,-8.05657292497579e-05,8.05657292473877e-05,8.05657292305183e-05,5.69e-17,-9.6198e-15,8.05657292473308e-05,8.05657292401381e-05,-1.68694e-14,-9.6767e-15,-7.1927e-15,0.0,True,0.5736244324042349,opposite_sign,opposite_sign,-5.915074570424813e-20,-1.9352447697063543e-14
n18_vd_1_vg_1p35,n18_vd_1,n18,1.0,1.35,-9.00714377484555e-05,-9.00714381891728e-05,9.00714381812949e-05,9.00714382205712e-05,2.164197e-13,1.56992e-14,9.00714379648752e-05,9.0071438204872e-05,3.92763e-14,-2.007205e-13,2.399968e-13,0.0,True,0.4554404830488841,opposite_sign,opposite_sign,1.1241414333859487e-16,3.139785492840021e-14,-6.86959079499609e-24,-7.76221229428998e-24,3.65865856471084e-20,3.65865856503791e-20,1.8289858028156703e-20,1.8289411719042404e-20,1.8296727618951697e-20,1.8297173931336694e-20,3.2707e-30,-4.46309114296945e-25,4.46312384996945e-25,0.0,True,0.49999816792447715,opposite_sign,opposite_sign,-1.124356207623957e-16,-1.124365690410139e-16,-9.00714377484555e-05,-9.00714381891728e-05,9.0071438181295e-05,9.00714382205712e-05,2.1641975e-13,1.56992e-14,9.007143796487525e-05,9.0071438204872e-05,3.92762e-14,-2.0072055e-13,2.3999675e-13,0.0,True,0.4554405965002962,opposite_sign,opposite_sign,3.6810550686126564e-20,3.128538178053576e-14
n18_vd_1_vg_1p4,n18_vd_1,n18,1.0,1.4000000000000001,-9.97759108181896e-05,-9.97759111610168e-05,9.97759111396836e-05,9.97759111575741e-05,1.60747e-13,-1.72135e-15,9.97759109789366e-05,9.977591115929545e-05,1.78905e-14,-1.6246835e-13,1.8035885e-13,0.0,True,0.47390740874703063,opposite_sign,opposite_sign,1.125454579081348e-16,-3.443240636984487e-15,-8.09692293901957e-24,-8.60227546951153e-24,3.66011641603143e-20,3.66011641621021e-20,1.8296533618687642e-20,1.8296280943316294e-20,1.830463054162666e-20,1.8304883218785806e-20,1.7878e-30,-2.5267537134598e-25,2.5267715914598e-25,0.0,True,0.4999982311357991,opposite_sign,opposite_sign,-1.1261194681835963e-16,-1.1260631425212638e-16,-9.97759108181896e-05,-9.97759111610168e-05,9.97759111396836e-05,9.97759111575741e-05,1.60747e-13,-1.72135e-15,9.97759109789366e-05,9.977591115929545e-05,1.78905e-14,-1.6246835e-13,1.8035885e-13,0.0,True,0.47390740874703063,opposite_sign,opposite_sign,-1.0308197687318072e-19,-3.5558835437985e-15
n18_vd_1_vg_1p45,n18_vd_1,n18,1.0,1.4500000000000002,-0.000109655507228649,-0.000109655507495417,0.000109655507441531,0.000109655507483459,1.06441e-13,-5.979e-15,0.00010965550733509,0.000109655507489438,4.1928e-14,-1.1242e-13,1.54348e-13,0.0,True,0.42141486235230613,opposite_sign,opposite_sign,1.1278900221116626e-16,-1.1958538651030621e-14,-9.00949863637657e-24,-9.45813741374019e-24,3.66160605976009e-20,3.66160606017334e-20,1.8303525549482262e-20,1.830330123215983e-20,1.8312535048118637e-20,1.831275936957357e-20,4.1325e-30,-2.2431732243181e-25,2.2432145493181e-25,0.0,True,0.49999539440167845,opposite_sign,opposite_sign,-1.1278600565673603e-16,-1.1277999986745668e-16,-0.000109655507228649,-0.000109655507495417,0.000109655507441531,0.000109655507483459,1.06441e-13,-5.979e-15,0.00010965550733509,0.000109655507489438,4.1928e-14,-1.1242e-13,1.54348e-13,0.0,True,0.42141486235230613,opposite_sign,opposite_sign,-3.361049684221275e-20,-1.2071355257500541e-14
n18_vd_1_vg_1p5,n18_vd_1,n18,1.0,1.5,-0.000119690149220512,-0.000119690149408698,0.000119690149396558,0.000119690149402076,8.8023e-14,-3.311e-15,0.000119690149308535,0.000119690149405387,5.518e-15,-9.1334e-14,9.6852e-14,0.0,True,0.485338973143592,opposite_sign,opposite_sign,1.122642120534933e-16,-6.622557601209313e-15,-1.01503821947596e-23,-1.03280856098563e-23,3.66311806139067e-20,3.66311806145856e-20,1.831051511585597e-20,1.831042626448787e-20,1.832066549805073e-20,1.832075435009773e-20,6.789e-31,-8.885136809835e-26,8.885204699835e-26,0.0,True,0.49999808979473004,opposite_sign,opposite_sign,-1.1295766678812927e-16,-1.1295990925033504e-16,-0.000119690149220512,-0.000119690149408698,0.000119690149396558,0.000119690149402076,8.8023e-14,-3.311e-15,0.000119690149308535,0.000119690149405387,5.518e-15,-9.1334e-14,9.6852e-14,0.0,True,0.485338973143592,opposite_sign,opposite_sign,-7.300757645059098e-19,-6.7355541313121774e-15
n18_vd_1_vg_1p55,n18_vd_1,n18,1.0,1.55,-0.000129862853995265,-0.000129862854154178,0.000129862854107703,0.000129862854155775,5.6219e-14,7.985e-16,0.000129862854051484,0.0001298628541549765,4.8072e-14,-5.54205e-14,1.034925e-13,0.0,True,0.34874742783787355,opposite_sign,opposite_sign,1.1315914948060116e-16,1.59645255053311e-15,-1.10979858267441e-23,-1.12106737465274e-23,3.66464962663408e-20,3.66464962667211e-20,1.8317699140257027e-20,1.8317642796487285e-20,1.8328797126083773e-20,1.8328853470233813e-20,3.803e-31,-5.634376974165e-26,5.634415004165e-26,0.0,True,0.4999983125964135,opposite_sign,opposite_sign,-1.1312690232804947e-16,-1.1312520804809301e-16,-0.000129862853995265,-0.000129862854154178,0.000129862854107703,0.000129862854155775,5.6219e-14,7.985e-16,0.000129862854051484,0.0001298628541549765,4.8072e-14,-5.54205e-14,1.034925e-13,0.0,True,0.34874742783787355,opposite_sign,opposite_sign,-4.388245403740174e-21,1.4832907071994238e-15
n18_vd_1_vg_1p6,n18_vd_1,n18,1.0,1.6,-0.000140159051970608,-0.00014015905209917,0.000140159052077625,0.000140159052095941,5.35085e-14,-1.6145e-15,0.0001401590520241165,0.0001401590520975555,1.8316e-14,-5.5123e-14,7.3439e-14,0.0,True,0.42876588727617804,opposite_sign,opposite_sign,1.130028341553938e-16,-3.229549416092482e-15,-1.20309763362765e-23,-1.21046337409607e-23,3.66620172458189e-20,3.66620172460742e-20,1.832499313474131e-20,1.832495630616662e-20,1.8337024111077587e-20,1.833706093990758e-20,2.553e-31,-3.68285746921e-26,3.68288299921e-26,0.0,True,0.49999826697668015,opposite_sign,opposite_sign,-1.1329364911974352e-16,-1.1327558214036667e-16,-0.000140159051970608,-0.00014015905209917,0.000140159052077625,0.000140159052095941,5.35085e-14,-1.6145e-15,0.0001401590520241165,0.0001401590520975555,1.8316e-14,-5.5123e-14,7.3439e-14,0.0,True,0.42876588727617804,opposite_sign,opposite_sign,-3.2746495061435925e-19,-3.3428616481454603e-15
n18_vd_1_vg_1p65,n18_vd_1,n18,1.0,1.6500000000000001,-0.000150565801871253,-0.000150565801958112,0.000150565801942214,0.000150565801976305,3.54805e-14,9.0965e-15,0.0001505658019067335,0.0001505658019672085,3.4091e-14,-2.6384e-14,6.0475e-14,0.0,True,0.303756663097664,opposite_sign,opposite_sign,1.1312694939044332e-16,1.819244111355901e-14,-1.29619150813566e-23,-1.30088524126764e-23,3.66777272908239e-20,3.66777272909792e-20,1.8332382687871272e-20,1.8332359219283262e-20,1.8345344602952627e-20,1.834536807169594e-20,1.553e-31,-2.34685880099e-26,2.34687433099e-26,0.0,True,0.49999834566649154,opposite_sign,opposite_sign,-1.1345774029384826e-16,-1.1343984880004443e-16,-0.000150565801871253,-0.000150565801958112,0.000150565801942214,0.000150565801976305,3.54805e-14,9.0965e-15,0.0001505658019067335,0.0001505658019672085,3.4091e-14,-2.6384e-14,6.0475e-14,0.0,True,0.303756663097664,opposite_sign,opposite_sign,-3.674556687561508e-19,1.807896460004053e-14
n18_vd_1_vg_1p7,n18_vd_1,n18,1.0,1.7000000000000002,-0.000161070925480628,-0.000161070925555259,0.000161070925516445,0.000161070925550686,1.79085e-14,-2.2865e-15,0.0001610709254985365,0.0001610709255529725,3.4241e-14,-2.0195e-14,5.4436e-14,0.0,True,0.27059800887030855,opposite_sign,opposite_sign,1.1425658202340873e-16,-4.57355604190744e-15,-1.38899133813209e-23,-1.39223180097597e-23,3.6693587386678e-20,3.66935873867674e-20,1.8339848736648338e-20,1.833983253437882e-20,1.835373865002966e-20,1.835375485238858e-20,8.94e-32,-1.62022695194e-26,1.62023589194e-26,0.0,True,0.49999862056742655,opposite_sign,opposite_sign,-1.136191110199067e-16,-1.1362500295470223e-16,-0.000161070925480628,-0.000161070925555259,0.000161070925516445,0.000161070925550686,1.79085e-14,-2.2865e-15,0.0001610709254985365,0.0001610709255529725,3.4241e-14,-2.0195e-14,5.4436e-14,0.0,True,0.27059800887030855,opposite_sign,opposite_sign,6.007913060072561e-19,-4.6872177245272105e-15
n18_vd_1_vg_1p75,n18_vd_1,n18,1.0,1.75,-0.000171665124600071,-0.000171665124664003,0.000171665124604071,0.000171665124665081,2e-15,5.39e-16,0.000171665124602071,0.000171665124664542,6.101e-14,-1.461e-15,6.2471e-14,0.0,True,0.022852405681036105,opposite_sign,opposite_sign,1.1397134996937594e-16,1.0774670613587514e-15,-1.48220025574279e-23,-1.48442035683995e-23,3.6709618036092e-20,3.67096180361663e-20,1.8347398016767286e-20,1.834738691629895e-20,1.8362220019324713e-20,1.836223111986735e-20,7.43e-32,-1.11004683358e-26,1.11005426358e-26,0.0,True,0.49999832665277955,opposite_sign,opposite_sign,-1.1377755083539948e-16,-1.1378877621834742e-16,-0.000171665124600071,-0.000171665124664003,0.000171665124604071,0.000171665124665081,2e-15,5.39e-16,0.000171665124602071,0.000171665124664542,6.101e-14,-1.461e-15,6.2471e-14,0.0,True,0.022852405681036105,opposite_sign,opposite_sign,1.5710433794544346e-19,9.636415903665712e-16
n18_vd_1_vg_1p8,n18_vd_1,n18,1.0,1.8,-0.000182339675710156,-0.000182339675756053,0.000182339675690734,0.000182339675764524,-9.711e-15,4.2355e-15,0.000182339675700445,0.0001823396757602885,7.379e-14,1.39465e-14,5.98435e-14,0.0,True,0.18900257487464425,opposite_sign,opposite_sign,1.1325720704005613e-16,8.470450693345401e-15,-1.57566714266507e-23,-1.57737493454356e-23,3.67258024287454e-20,3.67258024287908e-20,1.8355022878659373e-20,1.8355014339722682e-20,1.8370779550086027e-20,1.837078808906812e-20,4.54e-32,-8.53893669245e-27,8.53898209245e-27,0.0,True,0.4999986707982228,opposite_sign,opposite_sign,-1.139328829615167e-16,-1.1393817268857554e-16,-0.000182339675710156,-0.000182339675756053,0.000182339675690734,0.000182339675764524,-9.711e-15,4.2355e-15,0.000182339675700445,0.0001823396757602885,7.379e-14,1.39465e-14,5.98435e-14,0.0,True,0.18900257487464425,opposite_sign,opposite_sign,-7.123859672447696e-19,8.356475810628145e-15
n18_vd_1_vg_1p85,n18_vd_1,n18,1.0,1.85,-0.000193086358774433,-0.000193086358816788,0.000193086358760901,0.000193086358806744,-6.766e-15,-5.022e-15,0.000193086358767667,0.000193086358811766,4.5843e-14,1.744e-15,4.4099e-14,0.0,True,0.038042885500512616,opposite_sign,opposite_sign,1.1362231482469542e-16,-1.0044552364382518e-14,-1.66971853829044e-23,-1.6710244006419e-23,3.6742118597277e-20,3.67421185972889e-20,1.8362710705947048e-20,1.836270417664124e-20,1.8379407891329953e-20,1.837941442064766e-20,1.19e-32,-6.5293058073e-27,6.5293177073e-27,0.0,True,0.49999954436239064,opposite_sign,opposite_sign,-1.140848871749531e-16,-1.1406665213282273e-16,-0.000193086358774433,-0.000193086358816788,0.000193086358760901,0.000193086358806744,-6.766e-15,-5.022e-15,0.000193086358767667,0.000193086358811766,4.5843e-14,1.744e-15,4.4099e-14,0.0,True,0.038042885500512616,opposite_sign,opposite_sign,-4.992977717046366e-19,-1.0158655741923694e-14
n18_vd_1_vg_1p9,n18_vd_1,n18,1.0,1.9000000000000001,-0.00020389801132074,-0.000203898011352183,0.000203898011284048,0.000203898011358518,-1.8346e-14,3.1675e-15,0.000203898011302394,0.0002038980113553505,7.447e-14,2.15135e-14,5.29565e-14,0.0,True,0.288888142876326,opposite_sign,opposite_sign,1.137427807339661e-16,6.334461511487065e-15,-1.76452174569921e-23,-1.76530670758447e-23,3.67585576908576e-20,3.6758557690874e-20,1.8370456236700303e-20,1.8370452311899077e-20,1.8388101454157296e-20,1.8388105378974923e-20,1.64e-32,-3.9248012263e-27,3.9248176263e-27,0.0,True,0.4999989553632917,opposite_sign,opposite_sign,-1.142334350300676e-16,-1.142260845128002e-16,-0.00020389801132074,-0.000203898011352183,0.000203898011284048,0.000203898011358518,-1.8346e-14,3.1675e-15,0.000203898011302394,0.0002038980113553505,7.447e-14,2.15135e-14,5.29565e-14,0.0,True,0.288888142876326,opposite_sign,opposite_sign,-5.273952085343019e-19,6.220198686069641e-15
n18_vd_1_vg_1p95,n18_vd_1,n18,1.0,1.9500000000000002,-0.000214768229279955,-0.000214768229298234,0.000214768229218316,0.000214768229295388,-3.08195e-14,-1.423e-15,0.0002147682292491355,0.000214768229296811,7.7072e-14,2.93965e-14,4.76755e-14,0.0,True,0.38141607847207804,opposite_sign,opposite_sign,1.15319217206824e-16,-2.8465637193390556e-15,-1.85932548822153e-23,-1.86016628621195e-23,3.67751075333593e-20,3.67751075333468e-20,1.837825713923854e-20,1.837825293524234e-20,1.839685039412076e-20,1.839685459810446e-20,-1.25e-32,-4.2039962021e-27,4.2039837021e-27,0.0,True,0.5000007433414532,opposite_sign,opposite_sign,-1.1437843166542252e-16,-1.1439161639253252e-16,-0.000214768229279955,-0.000214768229298234,0.000214768229218316,0.000214768229295388,-3.08195e-14,-1.423e-15,0.0002147682292491355,0.000214768229296811,7.7072e-14,2.93965e-14,4.76755e-14,0.0,True,0.38141607847207804,opposite_sign,opposite_sign,9.040290271291427e-19,-2.960992092237459e-15
n18_vd_1_vg_2,n18_vd_1,n18,1.0,2.0,-0.000225691056060557,-0.00022569105608277,0.000225691055991411,0.000225691056078613,-3.4573e-14,-2.0785e-15,0.000225691056025984,0.0002256910560806915,8.7202e-14,3.24945e-14,5.47075e-14,0.0,True,0.37263480195408366,opposite_sign,opposite_sign,1.1424815850260727e-16,-4.1575551105005186e-15,-1.95502820217171e-23,-1.95555128750298e-23,3.67917574315533e-20,3.67917574315485e-20,1.8386103574765793e-20,1.8386100959336736e-20,1.840565385678751e-20,1.8405656472211764e-20,-4.8e-33,-2.61542905635e-27,2.61542425635e-27,0.0,True,0.5000004588161542,opposite_sign,opposite_sign,-1.1451976911634947e-16,-1.1452450908919334e-16,-0.000225691056060557,-0.00022569105608277,0.000225691055991411,0.000225691056078613,-3.4573e-14,-2.0785e-15,0.000225691056025984,0.0002256910560806915,8.7202e-14,3.24945e-14,5.47075e-14,0.0,True,0.37263480195408366,opposite_sign,opposite_sign,-3.0838282088898784e-19,-4.2721163917916305e-15
n18_vd_1_vg_2p05,n18_vd_1,n18,1.0,2.0500000000000003,-0.000236661023655621,-0.000236661023685444,0.000236661023582234,0.000236661023655704,-3.66935e-14,-1.487e-14,0.0002366610236189275,0.000236661023670574,7.347e-14,2.18235e-14,5.16465e-14,0.0,True,0.2970396080032666,opposite_sign,opposite_sign,1.1459369502759069e-16,-2.9740553426719315e-14,-2.05081338529336e-23,-2.05141396653193e-23,3.68084944996524e-20,3.68084944996308e-20,1.8393993182899732e-20,1.839399017998274e-20,1.8414501316752666e-20,1.841450431964806e-20,-2.16e-32,-3.00291699285e-27,3.00289539285e-27,0.0,True,0.5000017982579719,opposite_sign,opposite_sign,-1.1465736818776222e-16,-1.1465555938453904e-16,-0.000236661023655621,-0.000236661023685444,0.000236661023582234,0.000236661023655704,-3.66935e-14,-1.487e-14,0.0002366610236189275,0.000236661023670574,7.347e-14,2.18235e-14,5.16465e-14,0.0,True,0.2970396080032666,opposite_sign,opposite_sign,-1.0046114650919726e-19,-2.985524577408421e-14
n18_vd_1_vg_2p1,n18_vd_1,n18,1.0,2.1,-0.000247673063894424,-0.000247673063910881,0.000247673063822264,0.000247673063929012,-3.608e-14,9.0655e-15,0.000247673063858344,0.0002476730639199465,1.06748e-13,4.51455e-14,6.16025e-14,0.0,True,0.4229165886011915,opposite_sign,opposite_sign,1.15475715933243e-16,1.8130440717192653e-14,-2.14747870671281e-23,-2.14771006488828e-23,3.68252950905045e-20,3.6825295090546e-20,1.8401910151718687e-20,1.840190899494856e-20,1.8423384938785814e-20,1.842338609559744e-20,4.15e-32,-1.15677012735e-27,1.15681162735e-27,0.0,True,0.4999910312224939,opposite_sign,opposite_sign,-1.1479118074432556e-16,-1.147974529653331e-16,-0.000247673063894424,-0.000247673063910881,0.000247673063822264,0.000247673063929012,-3.608e-14,9.0655e-15,0.000247673063858344,0.0002476730639199465,1.06748e-13,4.51455e-14,6.16025e-14,0.0,True,0.4229165886011915,opposite_sign,opposite_sign,6.4773136863751625e-19,1.801560646040933e-14
n18_vd_1_vg_2p15,n18_vd_1,n18,1.0,2.15,-0.000258722572248353,-0.000258722572260667,0.000258722572172765,0.000258722572240251,-3.7794e-14,-1.0208e-14,0.000258722572210559,0.000258722572250459,6.7486e-14,2.7586e-14,3.99e-14,0.0,True,0.40876626263224963,opposite_sign,opposite_sign,1.1403637092360115e-16,-2.0416579804284998e-14,-2.24421273274832e-23,-2.24439915333435e-23,3.68421574771889e-20,3.68421574771536e-20,1.8409857674930708e-20,1.840985674281013e-20,1.843229980225819e-20,1.8432300734343473e-20,-3.53e-32,-9.3212058015e-28,9.3208528015e-28,0.0,True,0.5000094678384914,opposite_sign,opposite_sign,-1.1492121231634012e-16,-1.1493039647072937e-16,-0.000258722572248353,-0.000258722572260667,0.000258722572172765,0.000258722572240251,-3.7794e-14,-1.0208e-14,0.000258722572210559,0.000258722572250459,6.7486e-14,2.7586e-14,3.99e-14,0.0,True,0.40876626263224963,opposite_sign,opposite_sign,-9.21661108104749e-19,-2.0531547020469212e-14
n18_vd_1_vg_2p2,n18_vd_1,n18,1.0,2.2,-0.000269805208774332,-0.000269805208769615,0.000269805208701517,0.000269805208774641,-3.64075e-14,2.513e-15,0.0002698052087379245,0.000269805208772128,7.3124e-14,3.89205e-14,3.42035e-14,0.0,True,0.5322534325255729,opposite_sign,opposite_sign,1.1433515019971699e-16,5.025415589346536e-15,-2.34112397732923e-23,-2.34144312954965e-23,3.68590865221273e-20,3.68590865221088e-20,1.8417837641177004e-20,1.841783604540665e-20,1.8441248880950296e-20,1.8441250476702148e-20,-1.85e-32,-1.5957703521e-27,1.5957518521e-27,0.0,True,0.5000028983035079,opposite_sign,opposite_sign,-1.1504749303882064e-16,-1.150581446468322e-16,-0.000269805208774332,-0.000269805208769615,0.000269805208701518,0.000269805208774641,-3.6407e-14,2.513e-15,0.000269805208737925,0.000269805208772128,7.3123e-14,3.892e-14,3.4203e-14,0.0,True,0.5322538736102184,opposite_sign,opposite_sign,2.8081354948746136e-19,4.9103206090276126e-15
n18_vd_1_vg_2p25,n18_vd_1,n18,1.0,2.25,-0.000280916839271212,-0.000280916839286904,0.000280916839202808,0.000280916839271077,-3.4202e-14,-7.9135e-15,0.00028091683923701,0.0002809168392789905,6.8269e-14,2.62885e-14,4.19805e-14,0.0,True,0.385072287568296,opposite_sign,opposite_sign,1.1476003695567247e-16,-1.5827588094814545e-14,-2.43861578084285e-23,-2.43880818610866e-23,3.68760744519263e-20,3.68760744519042e-20,1.8425844147058936e-20,1.8425843185021558e-20,1.8450230304867364e-20,1.8450231266882642e-20,-2.21e-32,-9.6203737905e-28,9.6201527905e-28,0.0,True,0.5000057430860603,opposite_sign,opposite_sign,-1.1517008182797387e-16,-1.1517064745001495e-16,-0.000280916839271212,-0.000280916839286904,0.000280916839202808,0.000280916839271077,-3.4202e-14,-7.9135e-15,0.00028091683923701,0.0002809168392789905,6.8269e-14,2.62885e-14,4.19805e-14,0.0,True,0.385072287568296,opposite_sign,opposite_sign,-4.468965606216769e-19,-1.594279559395093e-14
n18_vd_1_vg_2p3,n18_vd_1,n18,1.0,2.3000000000000003,-0.000292053686430918,-0.000292053686440449,0.000292053686368007,0.000292053686456073,-3.14555e-14,7.812e-15,0.0002920536863994625,0.000292053686448261,8.8066e-14,3.92675e-14,4.87985e-14,0.0,True,0.4458871755274453,opposite_sign,opposite_sign,1.153364167874372e-16,1.5623435222673977e-14,-2.5362621454548e-23,-2.53645837503526e-23,3.68931143434873e-20,3.68931143435299e-20,1.8433875861016375e-20,1.8433874879889775e-20,1.8459238482470925e-20,1.8459239463640127e-20,4.26e-32,-9.811266023e-28,9.811692023e-28,0.0,True,0.49998914536740574,opposite_sign,opposite_sign,-1.1528904785910397e-16,-1.152929983791412e-16,-0.000292053686430918,-0.000292053686440449,0.000292053686368007,0.000292053686456073,-3.14555e-14,7.812e-15,0.0002920536863994625,0.000292053686448261,8.8066e-14,3.92675e-14,4.87985e-14,0.0,True,0.4458871755274453,opposite_sign,opposite_sign,1.0501176533662606e-20,1.5508105356545075e-14
n18_vd_1_vg_2p35,n18_vd_1,n18,1.0,2.35,-0.000303212093960278,-0.000303212093958102,0.000303212093903892,0.000303212093966277,-2.8193e-14,4.0875e-15,0.000303212093932085,0.0003032120939621895,6.2385e-14,3.22805e-14,3.01045e-14,0.0,True,0.5174400897651679,opposite_sign,opposite_sign,1.1471344099031943e-16,8.174423010607302e-15,-2.63430019641073e-23,-2.63436132080484e-23,3.69101992230937e-20,3.69101992230979e-20,1.8441928110564796e-20,1.8441927804944925e-20,1.8468271112528903e-20,1.8468271418152974e-20,4.2e-33,-3.0561987055e-28,3.0562407055e-28,0.0,True,0.499996564383123,opposite_sign,opposite_sign,-1.1540447172430587e-16,-1.154108790691261e-16,-0.000303212093960278,-0.000303212093958102,0.000303212093903892,0.000303212093966277,-2.8193e-14,4.0875e-15,0.000303212093932085,0.0003032120939621895,6.2385e-14,3.22805e-14,3.01045e-14,0.0,True,0.5174400897651679,opposite_sign,opposite_sign,-7.279145901827116e-19,8.058975247682566e-15
n18_vd_1_vg_2p4,n18_vd_1,n18,1.0,2.4000000000000004,-0.000314388581674665,-0.000314388581675321,0.000314388581624577,0.000314388581699985,-2.5044e-14,1.2332e-14,0.000314388581649621,0.000314388581687653,7.5408e-14,3.7376e-14,3.8032e-14,0.0,True,0.4956503288775726,opposite_sign,opposite_sign,1.1538904792064377e-16,2.4663402151794435e-14,-2.73235447867123e-23,-2.73248605696839e-23,3.69273235692844e-20,3.69273235693288e-20,1.8450000012248844e-20,1.8449999354379558e-20,1.8477323557035555e-20,1.8477324214949243e-20,4.44e-32,-6.578692858e-28,6.579136858e-28,0.0,True,0.49998312791662514,opposite_sign,opposite_sign,-1.155164376878595e-16,-1.1550654352675824e-16,-0.000314388581674665,-0.000314388581675321,0.000314388581624577,0.000314388581699985,-2.5044e-14,1.2332e-14,0.000314388581649621,0.000314388581687653,7.5408e-14,3.7376e-14,3.8032e-14,0.0,True,0.4956503288775726,opposite_sign,opposite_sign,-1.6428976726118715e-19,2.4547858708268967e-14
n18_vd_1_vg_2p45,n18_vd_1,n18,1.0,2.45,-0.000325579816473473,-0.000325579816483742,0.000325579816429365,0.000325579816467363,-2.2054e-14,-8.1895e-15,0.000325579816451419,0.0003255798164755525,3.7998e-14,1.38645e-14,2.41335e-14,0.0,True,0.36487446707721455,opposite_sign,opposite_sign,1.153025594857925e-16,-1.637956015009135e-14,-2.83088177589182e-23,-2.83080293384313e-23,3.69444822271221e-20,3.69444822271112e-20,1.845808670468159e-20,1.8458087098886384e-20,1.848639552244051e-20,1.8486395128224815e-20,-1.09e-32,3.9420479345e-28,-3.9421569345e-28,0.0,True,0.4999930874449731,opposite_sign,opposite_sign,-1.1562502902058065e-16,-1.1561462718898523e-16,-0.000325579816473473,-0.000325579816483742,0.000325579816429365,0.000325579816467363,-2.2054e-14,-8.1895e-15,0.000325579816451419,0.0003255798164755525,3.7998e-14,1.38645e-14,2.41335e-14,0.0,True,0.36487446707721455,opposite_sign,opposite_sign,-3.5938570821169304e-19,-1.6495211693454534e-14
n18_vd_1_vg_2p5,n18_vd_1,n18,1.0,2.5,-0.000336782573323178,-0.00033678257332048,0.000336782573284881,0.000336782573316658,-1.91485e-14,-1.911e-15,0.0003367825733040295,0.000336782573318569,3.1777e-14,1.72375e-14,1.45395e-14,0.0,True,0.5424520879881675,opposite_sign,opposite_sign,1.160646457359454e-16,-3.8225485926943316e-15,-2.92921724112104e-23,-2.9292830752728e-23,3.69616698186591e-20,3.69616698186516e-20,1.8466188823123945e-20,1.8466188493949437e-20,1.8495480995535156e-20,1.8495481324702165e-20,-7.5e-33,-3.291745088e-28,3.291670088e-28,0.0,True,0.5000056961317184,opposite_sign,opposite_sign,-1.1573032433283876e-16,-1.157283148262421e-16,-0.000336782573323178,-0.00033678257332048,0.000336782573284881,0.000336782573316658,-1.91485e-14,-1.911e-15,0.0003367825733040295,0.000336782573318569,3.1777e-14,1.72375e-14,1.45395e-14,0.0,True,0.5424520879881675,opposite_sign,opposite_sign,2.9738902544607093e-19,-3.938313839897562e-15
n19_vd_0p05_vg_0,n19_vd_0p05,n19,0.05,0.0,-1.70869021507461e-15,-2.54836195569925e-15,1.72904946312208e-15,-2.54067577486322e-15,1.0179624023735e-17,-2.544518865281235e-15,1.718869839098345e-15,3.843090418015e-18,-4.2697252379853e-15,-2.55469848930497e-15,-1.71502674868033e-15,0.0,True,0.5983285450261017,opposite_sign,same_sign,1.9891786741096322e-17,-5.089468569139545e-15,-2.0801656425725e-28,-2.95868513892332e-32,3.29025237633457e-20,3.29025238327285e-20,1.6451261777664566e-20,1.6451261916349458e-20,1.6451261985681133e-20,1.6451261916379045e-20,6.93828e-29,1.3868488870293038e-28,-6.930208870293038e-29,0.0,True,0.6667960197926434,opposite_sign,opposite_sign,-1.989178674109327e-17,-1.9907011362210402e-17,-1.70869021507482e-15,-2.54836195569925e-15,1.72908236564584e-15,-2.54064287233939e-15,1.019607528551e-17,-2.54450241401932e-15,1.71888629036033e-15,3.85954167993e-18,-4.26972523798523e-15,-2.55469848930483e-15,-1.7150267486804e-15,0.0,True,0.5983285450260787,opposite_sign,same_sign,-2.1477970739806454e-30,-5.109375580501758e-15
n19_vd_0p05_vg_0p05,n19_vd_0p05,n19,0.05,0.05,-5.52826171961355e-15,-8.5560058009361e-15,5.53165546544872e-15,3.46691499763822e-15,1.696872917585e-18,-2.54454540164894e-15,5.529958592531135e-15,6.01146039928716e-15,-2.0647404678105e-15,-2.546242274566525e-15,4.81501806756025e-16,0.0,True,0.8409701104772038,opposite_sign,opposite_sign,1.994851438297435e-17,-5.089521656985309e-15,3.72993974547763e-27,-1.42514068604673e-32,3.29020058367195e-20,3.29020046747393e-20,1.6451004783329624e-20,1.6451002337362525e-20,1.645100105338988e-20,1.6451002337376774e-20,-1.1619802e-27,-2.4459670984422454e-27,1.2839868984422453e-27,0.0,True,0.6557633419836496,same_sign,opposite_sign,-1.994851438296904e-17,-1.9956972608464475e-17,-5.52826171960982e-15,-8.5560058009361e-15,5.53168836745455e-15,3.46694789964289e-15,1.713323922365e-18,-2.544528950646605e-15,5.529975043532185e-15,6.011476850289495e-15,-2.06474046781166e-15,-2.54624227456897e-15,4.8150180675731e-16,0.0,True,0.8409701104769753,opposite_sign,opposite_sign,-1.7352628798928995e-30,-5.109478629593778e-15
n19_vd_0p05_vg_0p1,n19_vd_0p05,n19,0.05,0.1,-1.81962728173809e-14,-1.45835019710863e-14,1.82121193594814e-14,9.79442762646535e-15,7.92327105025e-18,-2.394537172310475e-15,1.820419608843115e-14,1.2188964798775825e-14,-8.41769173301605e-15,-2.402460443360725e-15,-6.015231289655325e-15,0.0,True,0.28540608513112253,opposite_sign,opposite_sign,2.0054897594744574e-17,-4.789505215198541e-15,6.05219460035704e-28,-2.88435646093964e-32,3.29014909593137e-20,3.29014908372051e-20,1.645074578226658e-20,1.6450745418588128e-20,1.645074517704712e-20,1.6450745418616972e-20,-1.221086e-28,-3.636784518001567e-28,2.415698518001567e-28,0.0,True,0.6008747973960755,same_sign,opposite_sign,-2.0054897594723767e-17,-2.0051590299710824e-17,-1.81962728173803e-14,-1.45835019710863e-14,1.82121522609723e-14,9.79446052795619e-15,7.939721796e-18,-2.394520721565055e-15,1.82042125391763e-14,1.2188981249521245e-14,-8.41769173301611e-15,-2.402460443361055e-15,-6.015231289655055e-15,0.0,True,0.28540608513115967,opposite_sign,opposite_sign,-4.397591397816039e-29,-4.809556805498251e-15
n19_vd_0p05_vg_0p15,n19_vd_0p05,n19,0.05,0.15000000000000002,-6.31293284398637e-14,-6.45613866832555e-14,5.99891668731072e-14,6.04516835428478e-14,-1.57008078337825e-15,-2.05485157020385e-15,6.155924765648545e-14,6.250653511305165e-14,4.625166697406e-16,-4.847707868256e-16,9.472874565662e-16,0.0,True,0.33851331750127045,opposite_sign,opposite_sign,2.0204092250578615e-17,-4.110134029792633e-15,6.98406321106866e-26,3.42240164238302e-31,3.29010100631923e-20,3.29009888937172e-20,1.6450539951912206e-20,1.645049444702972e-20,1.6450470111280096e-20,1.645049444668748e-20,-2.11694751e-26,-4.5504882485261183e-26,2.433540738526118e-26,0.0,True,0.6515563232859307,same_sign,same_sign,-2.0204092250590877e-17,-2.020045365169284e-17,-6.31293284397938e-14,-6.45613866832555e-14,5.99891997741173e-14,6.04517164438367e-14,-1.57006433283825e-15,-2.0548351197094e-15,6.155926410695555e-14,6.25065515635461e-14,4.625166697194e-16,-4.8477078687115e-16,9.4728745659055e-16,0.0,True,0.33851331751655467,opposite_sign,opposite_sign,8.71691300269218e-29,-4.130334483444313e-15
n19_vd_0p05_vg_0p2,n19_vd_0p05,n19,0.05,0.2,-2.07093838324134e-13,-2.07925826914491e-13,2.07115095074683e-13,2.12137999695082e-13,1.06283752745e-17,2.1060863902955e-15,2.071044666994085e-13,2.100319133047865e-13,5.022904620399e-15,2.095458015021e-15,2.927446605378e-15,0.0,True,0.41718053066565,opposite_sign,opposite_sign,2.0382051664933858e-17,4.211741870352331e-15,-2.49679688160616e-28,-1.10627727599937e-31,3.29005047031149e-20,3.29005047592663e-20,1.6450252226717605e-20,1.6450252379577837e-20,1.6450252476397294e-20,1.6450252379688464e-20,5.61514e-29,1.5286023021650802e-28,-9.670883021650803e-29,0.0,True,0.6124967171462965,opposite_sign,opposite_sign,-2.0382051664804466e-17,-2.0390474913405547e-17,-2.07093838324134e-13,-2.07925826914491e-13,2.07115127975187e-13,2.12138032595586e-13,1.06448255265e-17,2.1061028405475e-15,2.071044831496605e-13,2.100319297550385e-13,5.022904620399e-15,2.095458015021e-15,2.927446605378e-15,0.0,True,0.41718053066565,opposite_sign,opposite_sign,-3.2047166125812503e-28,4.191351395438145e-15
n19_vd_0p05_vg_0p25,n19_vd_0p05,n19,0.05,0.25,-7.1059247000945e-13,-7.15493292234492e-13,7.10613154147491e-13,7.12269545772252e-13,1.03420690205e-17,-1.61187323112e-15,7.106028120784705e-13,7.13881419003372e-13,1.656391624761e-15,-1.6222153001405e-15,3.2786069249015e-15,0.0,True,0.3310088033496456,opposite_sign,opposite_sign,2.0551354091536095e-17,-3.2241773955526743e-15,1.51738596832586e-28,-2.33509535517121e-31,3.29000425863481e-20,3.29000425607026e-20,1.6450021369043348e-20,1.6450021280234545e-20,1.645002121730475e-20,1.6450021280468055e-20,-2.56455e-29,-8.880880318405156e-29,6.316330318405156e-29,0.0,True,0.5843756812117945,same_sign,opposite_sign,-2.0551354090601113e-17,-2.056055048125283e-17,-7.1059247000945e-13,-7.15493292234492e-13,7.10613187047533e-13,7.12269578672294e-13,1.03585190415e-17,-1.611856781099e-15,7.106028285284915e-13,7.13881435453393e-13,1.656391624761e-15,-1.6222153001405e-15,3.2786069249015e-15,0.0,True,0.3310088033496456,opposite_sign,opposite_sign,1.6786097246488046e-28,-3.2447379460345165e-15
n19_vd_0p05_vg_0p3,n19_vd_0p05,n19,0.05,0.30000000000000004,-2.45886298323053e-12,-2.46824693112366e-12,2.45888390482759e-12,2.46360138215203e-12,1.046079853e-17,-2.322774485815e-15,2.45887344402906e-12,2.465924156637845e-12,4.71747732444e-15,-2.333235284345e-15,7.050712608785e-15,0.0,True,0.24864111682175521,opposite_sign,opposite_sign,2.065155455624109e-17,-4.645979930460932e-15,-1.6983200443072e-28,-4.88636994642671e-31,3.28996108011577e-20,3.28996108057933e-20,1.644980531566285e-20,1.6449805402652332e-20,1.644980548549485e-20,1.6449805403140967e-20,4.6356e-30,8.698948371803866e-29,-8.235388371803866e-29,0.0,True,0.5136869842326415,opposite_sign,opposite_sign,-2.0651554561900174e-17,-2.0659281052131994e-17,-2.45886298323053e-12,-2.46824693112366e-12,2.4588839377272e-12,2.46360141505164e-12,1.0477248335e-17,-2.32275803601e-15,2.458873460478865e-12,2.46592417308765e-12,4.71747732444e-15,-2.333235284345e-15,7.050712608785e-15,0.0,True,0.24864111682175521,opposite_sign,opposite_sign,-6.287085829143379e-27,-4.6666392115138665e-15
n19_vd_0p05_vg_0p35,n19_vd_0p05,n19,0.05,0.35000000000000003,-8.56621566354693e-12,-8.55789877291671e-12,8.56623895598703e-12,8.56023289377865e-12,1.164622005e-17,1.16706043097e-15,8.56622730976698e-12,8.55906583334768e-12,-6.00606220838e-15,1.15541421092e-15,-7.1614764193e-15,0.0,True,0.13892381928430345,opposite_sign,opposite_sign,2.0667788613712916e-17,2.3336898748290454e-15,-2.51898642591922e-30,-1.08312852583008e-30,3.28992145644435e-20,3.28992145423114e-20,1.6449607280962257e-20,1.6449607270614136e-20,1.6449607283481244e-20,1.6449607271697264e-20,-2.21321e-29,-1.034812104995543e-29,-1.178397895004457e-29,0.0,True,0.4675616434931809,opposite_sign,opposite_sign,-2.0667788603806275e-17,-2.0673057684213572e-17,-8.56621566354693e-12,-8.55789877291671e-12,8.56623898888624e-12,8.56023292667787e-12,1.1662669655e-17,1.16707688058e-15,8.566227326216586e-12,8.55906584979729e-12,-6.00606220837e-15,1.155414210925e-15,-7.161476419295e-15,0.0,True,0.13892381928490463,opposite_sign,opposite_sign,5.894140653705985e-27,2.3130168171505335e-15
n19_vd_0p05_vg_0p4,n19_vd_0p05,n19,0.05,0.4,-3.00003947215646e-11,-2.99958770774773e-11,3.00004158588831e-11,2.99975361707187e-11,1.056865925e-17,8.295466207e-16,3.000040529022385e-11,2.9996706624098e-11,-2.8796881644e-15,8.1897796145e-16,-3.69866612585e-15,0.0,True,0.18128430341653315,opposite_sign,opposite_sign,2.0625854157397853e-17,1.658662222779637e-15,1.30794913272035e-28,-3.04101334290696e-30,3.28988492765753e-20,3.289884923815e-20,1.6449424703685105e-20,1.6449424617554494e-20,1.6449424572890192e-20,1.6449424620595507e-20,-3.84253e-29,-8.613061330747098e-29,4.770531330747098e-29,0.0,True,0.6435537563488205,same_sign,opposite_sign,-2.062585422299263e-17,-2.063992438530389e-17,-3.00003947215646e-11,-2.99958770774773e-11,3.0000415891782e-11,2.99975362036175e-11,1.05851087e-17,8.295630701e-16,3.00004053066733e-11,2.99967066405474e-11,-2.8796881645e-15,8.189779614e-16,-3.6986661259e-15,0.0,True,0.1812843034054654,opposite_sign,opposite_sign,-1.6261054847281064e-26,1.6380222983469038e-15
n19_vd_0p05_vg_0p45,n19_vd_0p05,n19,0.05,0.45,-1.05455576174473e-10,-1.05460401608746e-10,1.05455596411981e-10,1.05462075548421e-10,1.0118754e-17,8.369698375e-16,1.05455586293227e-10,1.054612385785835e-10,6.47913644e-15,8.268510835e-16,5.6522853565e-15,0.0,True,0.1276174828477605,opposite_sign,opposite_sign,2.0566837880282106e-17,1.6735086208946764e-15,-1.20017354552035e-29,-9.67822033558973e-30,3.28985273310564e-20,3.28985273031236e-20,1.6449263659527333e-20,1.644926364672269e-20,1.6449263671529067e-20,1.644926365640091e-20,-2.79328e-29,-1.2804642440193116e-29,-1.5128157559806884e-29,0.0,True,0.4584088397938307,opposite_sign,opposite_sign,-2.0566838068161844e-17,-2.0569846345800554e-17,-1.05455576174473e-10,-1.05460401608746e-10,1.05455596444879e-10,1.05462075581319e-10,1.0135203e-17,8.369862865e-16,1.05455586309676e-10,1.054612385950325e-10,6.47913644e-15,8.268510835e-16,5.6522853565e-15,0.0,True,0.1276174828477605,opposite_sign,opposite_sign,-7.082617570209045e-25,1.6529387740285196e-15
n19_vd_0p05_vg_0p5,n19_vd_0p05,n19,0.05,0.5,-3.71366633278968e-10,-3.71369358127101e-10,3.71366655063294e-10,3.71359898966933e-10,1.0892163e-17,-4.729580084e-15,3.71366644171131e-10,3.71364628547017e-10,-6.756096361e-15,-4.740472247e-15,-2.015624114e-15,0.0,True,0.7016584716530511,opposite_sign,opposite_sign,2.053869856971369e-17,-9.459591262822219e-15,-2.78030528331161e-28,-3.27786573533193e-29,3.28982554165507e-20,3.28982554388554e-20,1.6449127569260085e-20,1.6449127703038372e-20,1.6449127847290615e-20,1.644912773581703e-20,2.23047e-29,1.3377828548892085e-28,-1.1147358548892085e-28,0.0,True,0.5454730475879126,opposite_sign,opposite_sign,-2.053869839096148e-17,-2.0527192576248723e-17,-3.71366633278968e-10,-3.71369358127101e-10,3.71366655096192e-10,3.71359898999831e-10,1.0908612e-17,-4.729563635e-15,3.7136664418758e-10,3.71364628563466e-10,-6.756096361e-15,-4.740472247e-15,-2.015624114e-15,0.0,True,0.7016584716530511,opposite_sign,opposite_sign,-1.2114808092415248e-25,-9.480118455646936e-15
n19_vd_0p05_vg_0p55,n19_vd_0p05,n19,0.05,0.55,-1.30672616731421e-09,-1.30672117149815e-09,1.30672619004518e-09,1.30672454030363e-09,1.1365485e-17,1.68440274e-15,1.306726178679695e-09,1.30672285590089e-09,-1.64974155e-15,1.673037255e-15,-3.322778805e-15,0.0,True,0.3348876809928026,opposite_sign,opposite_sign,2.053017926841331e-17,3.3683743367805486e-15,-4.43437572699979e-28,-1.13895154422608e-28,3.2897917892862e-20,3.28979179665969e-20,1.6448958724712213e-20,1.6448958926350873e-20,1.6448959168149785e-20,1.6448959040246027e-20,7.37349e-29,2.016386591386855e-28,-1.279037591386855e-28,0.0,True,0.6118746721369545,opposite_sign,opposite_sign,-2.0530178409184075e-17,-2.0519062880106496e-17,-1.30672616731421e-09,-1.30672117149815e-09,1.30672619007808e-09,1.30672454033652e-09,1.1381935e-17,1.684419185e-15,1.306726178696145e-09,1.306722855917335e-09,-1.64974156e-15,1.67303725e-15,-3.32277881e-15,0.0,True,0.3348876799919651,opposite_sign,opposite_sign,2.8098731882053733e-24,3.3478552659245154e-15
n19_vd_0p05_vg_0p6,n19_vd_0p05,n19,0.05,0.6000000000000001,-4.57471061232114e-09,-4.57471433209579e-09,4.57471076299539e-09,4.57470747522574e-09,7.5337125e-17,-3.428435025e-15,4.574710687658265e-09,4.574710903660765e-09,-3.28776965e-15,-3.50377215e-15,2.160025e-16,0.0,True,0.9419312941443913,opposite_sign,opposite_sign,2.049601662738168e-17,-6.8573012535799236e-15,-4.07868405155503e-28,-3.97305252687679e-28,3.28975687018251e-20,3.289756875108e-20,1.6448784146978346e-20,1.6448784176887373e-20,1.6448784554846752e-20,1.6448784574192625e-20,4.92549e-29,2.9909026233912e-29,1.9345873766088e-29,0.0,True,0.6072294580622841,opposite_sign,opposite_sign,-2.0496035612883943e-17,-2.0479565747735026e-17,-4.57471061232114e-09,-4.57471433209579e-09,4.57471076302829e-09,4.57470747525864e-09,7.5353575e-17,-3.428418575e-15,4.574710687674715e-09,4.574710903677215e-09,-3.28776965e-15,-3.50377215e-15,2.160025e-16,0.0,True,0.9419312941443913,opposite_sign,opposite_sign,-1.627211263106429e-23,-6.87778081744151e-15
n19_vd_0p05_vg_0p65,n19_vd_0p05,n19,0.05,0.65,-1.58098247445919e-08,-1.58098279659445e-08,1.58098255207472e-08,1.58098229146944e-08,3.8807765e-16,-2.52562505e-15,1.580982513266955e-08,1.580982544031945e-08,-2.6060528e-15,-2.9137027e-15,3.076499e-16,0.0,True,0.9044966701254623,opposite_sign,opposite_sign,2.0447757970755286e-17,-5.051681386858039e-15,-1.41574676487064e-27,-1.37185897151017e-27,3.28972357605706e-20,3.28972357908091e-20,1.6448617172411918e-20,1.6448617209475065e-20,1.6448618588158684e-20,1.6448618581334037e-20,3.02385e-29,3.7063146680235e-29,-6.824646680235e-30,0.0,True,0.8444978396571198,opposite_sign,opposite_sign,-2.0447798607958476e-17,-2.0456040805492948e-17,-1.58098247445919e-08,-1.58098279659445e-08,1.58098255207801e-08,1.58098229147273e-08,3.880941e-16,-2.5256086e-15,1.5809825132686e-08,1.58098254403359e-08,-2.6060528e-15,-2.9137027e-15,3.076499e-16,0.0,True,0.9044966701254623,opposite_sign,opposite_sign,-3.924422519584128e-23,-5.072137422961905e-15
n19_vd_0p05_vg_0p7,n19_vd_0p05,n19,0.05,0.7000000000000001,-5.3084728667942e-08,-5.30847246208807e-08,5.3084729946804e-08,5.30847319318785e-08,6.39431e-16,3.6554989e-15,5.3084729307373e-08,5.30847282763796e-08,1.9850745e-15,3.0160679e-15,-1.0309934e-15,0.0,True,0.7452488797241594,opposite_sign,opposite_sign,2.043045810193236e-17,7.310566388538383e-15,-3.98152355111118e-27,-4.60639715671776e-27,3.2896971761881e-20,3.28969718380605e-20,1.6448483890178726e-20,1.6448483615831672e-20,1.6448487871702275e-20,1.644848822222883e-20,7.61795e-29,-2.7434705280329e-28,3.5052655280329e-28,0.0,True,0.43904407282009406,opposite_sign,opposite_sign,-2.0430470539229845e-17,-2.0426323943983238e-17,-5.3084728667942e-08,-5.30847246208807e-08,5.30847299468369e-08,5.30847319319114e-08,6.3944745e-16,3.65551535e-15,5.308472930738945e-08,5.308472827639605e-08,1.9850745e-15,3.0160679e-15,-1.0309934e-15,0.0,True,0.7452488797241594,opposite_sign,opposite_sign,-7.469032869384787e-24,7.290140062945767e-15
n19_vd_0p05_vg_0p75,n19_vd_0p05,n19,0.05,0.75,-1.67707184678007e-07,-1.67707191180042e-07,1.67707185341562e-07,1.6770718364137e-07,3.317775e-16,-3.769336e-15,1.677071850097845e-07,1.67707187410706e-07,-1.700192e-15,-4.1011135e-15,2.4009215e-15,0.0,True,0.6307430673627564,opposite_sign,opposite_sign,2.044496736157659e-17,-7.539103626155523e-15,-1.20329699753252e-26,-1.45567612786474e-26,3.28968707688435e-20,3.28968707534332e-20,1.644842936793676e-20,1.644842809833596e-20,1.6448441400906737e-20,1.644844265509724e-20,-1.54103e-29,-1.2696008016611e-27,1.2541905016611e-27,0.0,True,0.5030530060032529,opposite_sign,opposite_sign,-2.0444746081045526e-17,-2.0433017750993528e-17,-1.67707184678007e-07,-1.67707191180042e-07,1.67707185341595e-07,1.67707183641403e-07,3.31794e-16,-3.7693195e-15,1.67707185009801e-07,1.677071874107225e-07,-1.700192e-15,-4.1011135e-15,2.4009215e-15,0.0,True,0.6307430673627564,opposite_sign,opposite_sign,3.3223695791977202e-22,-7.55953653294755e-15
n19_vd_0p05_vg_0p8,n19_vd_0p05,n19,0.05,0.8,-4.7200175239932e-07,-4.72001750196726e-07,4.72001750466623e-07,4.72001741414155e-07,-9.663485e-16,-4.3912855e-15,4.720017514329715e-07,4.720017458054405e-07,-9.052468e-15,-3.424937e-15,-5.627531e-15,0.0,True,0.3783429005217141,opposite_sign,opposite_sign,2.0461683253002872e-17,-8.783002931376324e-15,-2.85245788993898e-26,-4.09822586983727e-26,3.28970977847676e-20,3.28970977671585e-20,1.644853463009435e-20,1.64485283924499e-20,1.644856315467325e-20,1.64485693747086e-20,-1.76091e-29,-6.23764444949145e-27,6.22003534949145e-27,0.0,True,0.5007067568072121,opposite_sign,opposite_sign,-2.046120606150201e-17,-2.0455942167163798e-17,-4.7200175239932e-07,-4.72001750196726e-07,4.72001750466656e-07,4.72001741414188e-07,-9.66332e-16,-4.391269e-15,4.72001751432988e-07,4.72001745805457e-07,-9.052468e-15,-3.424937e-15,-5.627531e-15,0.0,True,0.3783429005217141,opposite_sign,opposite_sign,5.61467626309534e-22,-8.80345878925489e-15
n19_vd_0p05_vg_0p85,n19_vd_0p05,n19,0.05,0.8500000000000001,-1.1140243854722e-06,-1.11402438882727e-06,1.11402438419429e-06,1.11402438915304e-06,-6.38955e-16,1.62885e-16,1.114024384833245e-06,1.114024388990155e-06,4.95875e-15,8.0184e-16,4.15691e-15,0.0,True,0.1617020418452231,opposite_sign,opposite_sign,2.0467289830656423e-17,3.253374687561183e-16,-7.54119724157258e-26,-9.67595271825233e-26,3.2897875133185e-20,3.28978751824209e-20,1.6448899860606292e-20,1.6448889211446858e-20,1.6448975272578708e-20,1.6448985970974042e-20,4.92359e-29,-1.064915943339875e-26,1.069839533339875e-26,0.0,True,0.4988468023495464,opposite_sign,opposite_sign,-2.0469483009557886e-17,-2.0474924575333406e-17,-1.1140243854722e-06,-1.11402438882727e-06,1.11402438419432e-06,1.11402438915308e-06,-6.3894e-16,1.62905e-16,1.11402438483326e-06,1.114024388990175e-06,4.95876e-15,8.01845e-16,4.156915e-15,0.0,True,0.1617027240681138,opposite_sign,opposite_sign,-5.233067232844492e-21,3.048696687091197e-16
n19_vd_0p05_vg_0p9,n19_vd_0p05,n19,0.05,0.9,-2.15432747186621e-06,-2.15432746639838e-06,2.15432747189856e-06,2.1543274692711e-06,1.6175e-17,1.43636e-15,2.154327471882385e-06,2.15432746783474e-06,-2.62746e-15,1.420185e-15,-4.047645e-15,0.0,True,0.25973466622042013,opposite_sign,opposite_sign,2.0478009189822467e-17,2.872286837501877e-15,-1.86855612286352e-25,-1.87176586682155e-25,3.28992773883643e-20,3.28992762099318e-20,1.6449545266376006e-20,1.644954451667256e-20,1.6449732121988295e-20,1.644973169325924e-20,-1.1784325e-27,-7.497034479015e-28,-4.287290520985e-28,0.0,True,0.6361870093547997,opposite_sign,opposite_sign,-2.047421870518795e-17,-2.0477347375211655e-17,-2.15432747186621e-06,-2.15432746639838e-06,2.15432747189859e-06,2.15432746927113e-06,1.619e-17,1.436375e-15,2.1543274718824e-06,2.154327467834755e-06,-2.62746e-15,1.420185e-15,-4.047645e-15,0.0,True,0.25973466622042013,opposite_sign,opposite_sign,5.375472556666568e-22,2.8518066607072595e-15
n19_vd_0p05_vg_0p95,n19_vd_0p05,n19,0.05,0.9500000000000001,-3.50969239702581e-06,-3.50969240367025e-06,3.50969239719567e-06,3.50969240609958e-06,8.493e-17,1.214665e-15,3.50969239711074e-06,3.509692404884915e-06,8.90391e-15,1.129735e-15,7.774175e-15,0.0,True,0.12688077485059934,opposite_sign,opposite_sign,2.047589014851474e-17,2.4288963072448062e-15,-3.04432398018086e-25,-3.05026790061177e-25,3.29011787916279e-20,3.29011782113459e-20,1.645043717961494e-20,1.645043659227792e-20,1.6450741612012958e-20,1.645074161906798e-20,-5.80282e-28,-5.873370215455e-28,7.0550215455e-30,0.0,True,0.9881306931552919,opposite_sign,opposite_sign,-2.047848610415317e-17,-2.0483212264545545e-17,-3.50969239702581e-06,-3.50969240367025e-06,3.5096923971957e-06,3.50969240609961e-06,8.4945e-17,1.21468e-15,3.509692397110755e-06,3.50969240488493e-06,8.90391e-15,1.129735e-15,7.774175e-15,0.0,True,0.12688077485059934,opposite_sign,opposite_sign,-5.427160369726573e-21,2.408410263776704e-15
n19_vd_0p05_vg_1,n19_vd_0p05,n19,0.05,1.0,-5.05082061494791e-06,-5.05082060814803e-06,5.05082061498528e-06,5.05082061586262e-06,1.8685e-17,3.857295e-15,5.050820614966595e-06,5.050820612005325e-06,8.7734e-16,3.83861e-15,-2.96127e-15,0.0,True,0.5645114325546922,opposite_sign,opposite_sign,2.0485468768105076e-17,7.714155674746875e-15,-4.38989420430028e-25,-4.39090306620074e-25,3.29033876688898e-20,3.29033877400219e-20,1.6451474339734685e-20,1.645147432485764e-20,1.6451913329155115e-20,1.645191341516426e-20,7.11321e-29,-1.4877045023e-29,8.6009145023e-29,0.0,True,0.1474636421121332,opposite_sign,opposite_sign,-2.048298807991573e-17,-2.0472672120843986e-17,-5.05082061494791e-06,-5.05082060814803e-06,5.05082061498531e-06,5.05082061586265e-06,1.87e-17,3.85731e-15,5.05082061496661e-06,5.05082061200534e-06,8.7734e-16,3.83861e-15,-2.96127e-15,0.0,True,0.5645114325546922,opposite_sign,opposite_sign,-7.761073361219819e-22,7.693679745830536e-15
n19_vd_0p05_vg_1p05,n19_vd_0p05,n19,0.05,1.05,-6.6826977737551e-06,-6.68269776608433e-06,6.68269777377071e-06,6.6826977680459e-06,7.805e-18,9.80785e-16,6.682697773762905e-06,6.682697767065115e-06,-5.72481e-15,9.7298e-16,-6.69779e-15,0.0,True,0.12684254644579357,opposite_sign,opposite_sign,2.047916300230806e-17,1.9611354170447624e-15,-5.80899853227645e-25,-5.81118828745692e-25,3.29057467344131e-20,3.29057467972541e-20,1.6452582917279935e-20,1.6452582839212677e-20,1.6453163817133164e-20,1.6453163958041424e-20,6.2841e-29,-7.80672590235e-29,1.409082590235e-28,0.0,True,0.35651135670218603,opposite_sign,opposite_sign,-2.048783388358324e-17,-2.0502244910449474e-17,-6.6826977737551e-06,-6.68269776608433e-06,6.68269777377075e-06,6.68269776804593e-06,7.825e-18,9.808e-16,6.682697773762925e-06,6.68269776706513e-06,-5.72482e-15,9.72975e-16,-6.697795e-15,0.0,True,0.12684189462074863,opposite_sign,opposite_sign,-1.7654985887464762e-21,1.940630760154736e-15
n19_vd_0p05_vg_1p1,n19_vd_0p05,n19,0.05,1.1,-8.35101790489164e-06,-8.35101791316874e-06,8.35101790492245e-06,8.35101791166292e-06,1.5405e-17,-7.5291e-16,8.351017904907044e-06,8.35101791241583e-06,6.74047e-15,-7.68315e-16,7.508785e-15,0.0,True,0.09282417755010813,opposite_sign,opposite_sign,2.0478994209815618e-17,-1.506254477657448e-15,-7.2636013995339e-25,-7.26377965605529e-25,3.29081634182363e-20,3.29081634357562e-20,1.6453718529048172e-20,1.6453718528895298e-20,1.6454444889188125e-20,1.6454444906860904e-20,1.75199e-29,-1.528760695e-31,1.76727760695e-29,0.0,True,0.008576183822499759,opposite_sign,opposite_sign,-2.0492952235842305e-17,-2.048421232338701e-17,-8.35101790489164e-06,-8.35101791316874e-06,8.35101790492249e-06,8.35101791166296e-06,1.5425e-17,-7.5289e-16,8.351017904907065e-06,8.35101791241585e-06,6.74047e-15,-7.68315e-16,7.508785e-15,0.0,True,0.09282417755010813,opposite_sign,opposite_sign,-6.207881616674671e-21,-1.5267309398364247e-15
n19_vd_0p05_vg_1p15,n19_vd_0p05,n19,0.05,1.1500000000000001,-1.00266639816644e-05,-1.0026663984e-05,1.00266639816663e-05,1.00266639848484e-05,9.5e-19,4.242e-16,1.002666398166535e-05,1.00266639844242e-05,3.1821e-15,4.2325e-16,2.75885e-15,0.0,True,0.1330096477169165,opposite_sign,opposite_sign,2.053525455930175e-17,8.479648290331207e-16,-8.72431123976386e-25,-8.72329141109189e-25,3.29106049313053e-20,3.29106049307047e-20,1.645486625009066e-20,1.6454866300781796e-20,1.6455738681214638e-20,1.6455738629922905e-20,-6.006e-31,5.06911335985e-29,-5.12917335985e-29,0.0,True,0.4970553877503766,opposite_sign,opposite_sign,-2.0498224368045118e-17,-2.0490533034041235e-17,-1.00266639816644e-05,-1.0026663984e-05,1.00266639816663e-05,1.00266639848484e-05,9.5e-19,4.242e-16,1.002666398166535e-05,1.00266639844242e-05,3.1821e-15,4.2325e-16,2.75885e-15,0.0,True,0.1330096477169165,opposite_sign,opposite_sign,4.120458756450066e-21,8.274413862664779e-16
n19_vd_0p05_vg_1p2,n19_vd_0p05,n19,0.05,1.2000000000000002,-1.16938630300144e-05,-1.16938630382199e-05,1.16938630300287e-05,1.16938630308901e-05,7.15e-18,-3.6649e-15,1.169386303002155e-05,1.1693863034555e-05,8.614e-16,-3.67205e-15,4.53345e-15,0.0,True,0.4475108159161538,opposite_sign,opposite_sign,2.05774865467085e-17,-7.330236854656145e-15,-1.0177329239876e-24,-1.01759371422206e-24,3.29130441625262e-20,3.29130441991536e-20,1.6456013214801106e-20,1.645601330271969e-20,1.6457030947725093e-20,1.645703089643391e-20,3.66274e-29,8.791858277e-29,-5.129118277e-29,0.0,True,0.6315547075951207,opposite_sign,opposite_sign,-2.05035415348014e-17,-2.049984842838366e-17,-1.16938630300144e-05,-1.16938630382199e-05,1.16938630300287e-05,1.16938630308901e-05,7.15e-18,-3.6649e-15,1.169386303002155e-05,1.1693863034555e-05,8.614e-16,-3.67205e-15,4.53345e-15,0.0,True,0.4475108159161538,opposite_sign,opposite_sign,4.1032985477507616e-20,-7.350769615111134e-15
n19_vd_0p05_vg_1p25,n19_vd_0p05,n19,0.05,1.25,-1.33438284143045e-05,-1.33438284166398e-05,1.3343828414326e-05,1.33438284239514e-05,1.075e-17,3.6558e-15,1.334382841431525e-05,1.33438284202956e-05,9.6254e-15,3.64505e-15,5.98035e-15,0.0,True,0.3786907557088537,opposite_sign,opposite_sign,2.054861458949652e-17,7.31116440767664e-15,-1.16128527507945e-24,-1.16140101150272e-24,3.29154660750474e-20,3.29154660297747e-20,1.645715239488616e-20,1.64571523143816e-20,1.645831368016124e-20,1.64583137153931e-20,-4.52727e-29,-8.0504561635e-29,3.5231861635e-29,0.0,True,0.6955853599103539,opposite_sign,opposite_sign,-2.0508823495787027e-17,-2.0509928836611236e-17,-1.33438284143045e-05,-1.33438284166398e-05,1.3343828414326e-05,1.33438284239515e-05,1.075e-17,3.65585e-15,1.334382841431525e-05,1.334382842029565e-05,9.6255e-15,3.6451e-15,5.9804e-15,0.0,True,0.37869201599916885,opposite_sign,opposite_sign,6.876788919751341e-21,7.290721514423175e-15
n19_vd_0p05_vg_1p3,n19_vd_0p05,n19,0.05,1.3,-1.49715653583682e-05,-1.49715656745995e-05,1.49715652509549e-05,1.49715656673602e-05,-5.370665e-14,-3.61965e-15,1.497156530466155e-05,1.497156567097985e-05,4.164053e-13,5.0087e-14,3.663183e-13,0.0,True,0.12028425190553532,opposite_sign,opposite_sign,2.0425253808690152e-17,-7.239737048264721e-15,-3.22538887816902e-25,-1.30331117639708e-24,3.29181939915356e-20,3.29178615223644e-20,1.6458935726323892e-20,1.6458279105594e-20,1.645925826521171e-20,1.64595824167704e-20,-3.324691712e-25,-6.56620729890089e-25,3.24151558690089e-25,0.0,True,0.6694935588368333,opposite_sign,opposite_sign,-2.0514017034741052e-17,-2.0507487404173013e-17,-1.49715653583682e-05,-1.49715656745995e-05,1.4971565250955e-05,1.49715656673602e-05,-5.37066e-14,-3.61965e-15,1.49715653046616e-05,1.497156567097985e-05,4.164052e-13,5.008695e-14,3.6631825e-13,0.0,True,0.12028416071653283,opposite_sign,opposite_sign,-2.1731210536278923e-20,-7.260277452227105e-15
n19_vd_0p05_vg_1p35,n19_vd_0p05,n19,0.05,1.35,-1.65742359341915e-05,-1.65742361754534e-05,1.65742358697391e-05,1.65742361827574e-05,-3.22262e-14,3.652e-15,1.65742359019653e-05,1.65742361791054e-05,3.130183e-13,3.58782e-14,2.771401e-13,0.0,True,0.11462013562785309,opposite_sign,opposite_sign,2.0456343497783428e-17,7.30356258539674e-15,-1.01917274488138e-24,-1.44307177304012e-24,3.29203623449756e-20,3.29202252410912e-20,1.645967158611536e-20,1.645939108465908e-20,1.646069075886024e-20,1.646083415643212e-20,-1.371038844e-25,-2.8050145627937e-25,1.4339757187937e-25,0.0,True,0.6617176205799862,opposite_sign,opposite_sign,-2.0519089462198967e-17,-2.052963029485938e-17,-1.65742359341915e-05,-1.65742361754534e-05,1.65742358697392e-05,1.65742361827574e-05,-3.222615e-14,3.652e-15,1.657423590196535e-05,1.65742361791054e-05,3.130182e-13,3.587815e-14,2.7714005e-13,0.0,True,0.11462001251045467,opposite_sign,opposite_sign,5.9786460517081735e-21,7.283000036319711e-15
n19_vd_0p05_vg_1p4,n19_vd_0p05,n19,0.05,1.4000000000000001,-1.81502905327863e-05,-1.81502907138285e-05,1.81502904918633e-05,1.81502907231128e-05,-2.04615e-14,4.64215e-15,1.81502905123248e-05,1.815029071847065e-05,2.312495e-13,2.510365e-14,2.0614585e-13,0.0,True,0.10855655904120876,opposite_sign,opposite_sign,2.0497075076455582e-17,9.283864375865679e-15,-1.38422566148474e-24,-1.58054410265522e-24,3.29226149048268e-20,3.29225539431716e-20,1.646061533958266e-20,1.6460486699534473e-20,1.6461999565244143e-20,1.6462067243637126e-20,-6.09616552e-26,-1.2864004818524e-25,6.767839298524e-26,0.0,True,0.6552621721029809,opposite_sign,opposite_sign,-2.0524022465848336e-17,-2.051503196727333e-17,-1.81502905327863e-05,-1.81502907138285e-05,1.81502904918633e-05,1.81502907231128e-05,-2.04615e-14,4.64215e-15,1.81502905123248e-05,1.815029071847065e-05,2.312495e-13,2.510365e-14,2.0614585e-13,0.0,True,0.10855655904120876,opposite_sign,opposite_sign,-5.986862004588348e-20,9.263316422925007e-15
n19_vd_0p05_vg_1p45,n19_vd_0p05,n19,0.05,1.4500000000000002,-1.96989743592963e-05,-1.96989745088584e-05,1.96989743322452e-05,1.96989745015975e-05,-1.352555e-14,-3.63045e-15,1.969897434577075e-05,1.969897450522795e-05,1.693523e-13,9.8951e-15,1.594572e-13,0.0,True,0.0584290854036231,opposite_sign,opposite_sign,2.0494458807297975e-17,-7.261335457565173e-15,-1.61914807308495e-24,-1.71565869595244e-24,3.29248746823689e-20,3.29248457637597e-20,1.6461627767147907e-20,1.6461565052531874e-20,1.6463246915220994e-20,1.6463280711227826e-20,-2.89186092e-26,-6.2714616033745e-26,3.3796006833745e-26,0.0,True,0.6498208608585271,opposite_sign,opposite_sign,-2.0528807252106106e-17,-2.0516560334441237e-17,-1.96989743592963e-05,-1.96989745088584e-05,1.96989743322452e-05,1.96989745015975e-05,-1.352555e-14,-3.63045e-15,1.969897434577075e-05,1.969897450522795e-05,1.693523e-13,9.8951e-15,1.594572e-13,0.0,True,0.0584290854036231,opposite_sign,opposite_sign,-6.727170030026146e-20,-7.281884941029719e-15
n19_vd_0p05_vg_1p5,n19_vd_0p05,n19,0.05,1.5,-2.12200389637218e-05,-2.12200390803946e-05,2.12200389453427e-05,2.12200390840516e-05,-9.18955e-15,1.8285e-15,2.122003895453225e-05,2.12200390822231e-05,1.387089e-13,1.101805e-14,1.2769085e-13,0.0,True,0.07943289868206005,opposite_sign,opposite_sign,2.049055715797354e-17,3.656563245966362e-15,-1.79883648253327e-24,-1.84839066714448e-24,3.29271142232746e-20,3.29270997357109e-20,1.6462657693396034e-20,1.646262567252188e-20,1.6464456529878565e-20,1.6464474063189023e-20,-1.44875637e-26,-3.2020874155605e-26,1.7533310455605e-26,0.0,True,0.6461790140798993,opposite_sign,opposite_sign,-2.053344120221971e-17,-2.0536738018660855e-17,-2.12200389637218e-05,-2.12200390803946e-05,2.12200389453427e-05,2.12200390840516e-05,-9.18955e-15,1.8285e-15,2.122003895453225e-05,2.12200390822231e-05,1.387089e-13,1.101805e-14,1.2769085e-13,0.0,True,0.07943289868206005,opposite_sign,opposite_sign,-7.580935962535582e-20,3.635993582696356e-15
n19_vd_0p05_vg_1p55,n19_vd_0p05,n19,0.05,1.55,-2.27135641319837e-05,-2.27135642316301e-05,2.27135641191574e-05,2.27135642222704e-05,-6.41315e-15,-4.67985e-15,2.271356412557055e-05,2.271356422695025e-05,1.03113e-13,1.7333e-15,1.013797e-13,0.0,True,0.01680971361516007,opposite_sign,opposite_sign,2.057595020758714e-17,-9.360137867839688e-15,-1.95181028294891e-24,-1.97874418319546e-24,3.29293231450024e-20,3.29293154901098e-20,1.6463685667359725e-20,1.64636683729633e-20,1.6465637477642673e-20,1.6465647117146497e-20,-7.6548926e-27,-1.7294396423275e-26,9.639503823275e-27,0.0,True,0.6421051635657655,opposite_sign,opposite_sign,-2.0537925591449882e-17,-2.0533972076375473e-17,-2.27135641319837e-05,-2.27135642316301e-05,2.27135641191574e-05,2.27135642222704e-05,-6.41315e-15,-4.67985e-15,2.271356412557055e-05,2.271356422695025e-05,1.03113e-13,1.7333e-15,1.013797e-13,0.0,True,0.01680971361516007,opposite_sign,opposite_sign,5.097244787196613e-21,-9.38070476725281e-15
n19_vd_0p05_vg_1p6,n19_vd_0p05,n19,0.05,1.6,-2.41798443655886e-05,-2.41798444382766e-05,2.41798443564832e-05,2.41798444350686e-05,-4.5527e-15,-1.604e-15,2.41798443610359e-05,2.41798444366726e-05,7.85854e-14,2.9487e-15,7.56367e-14,0.0,True,0.03752223695495601,opposite_sign,opposite_sign,2.050389353858264e-17,-3.2084393315956675e-15,-2.0914453603702e-24,-2.10674211726319e-24,3.29314972200786e-20,3.29314930628735e-20,1.6464702887359114e-20,1.646469316037812e-20,1.6466794332719485e-20,1.646679990249538e-20,-4.1572051e-27,-9.726980996495e-27,5.569775896495e-27,0.0,True,0.6358851790965283,opposite_sign,opposite_sign,-2.0542264075357683e-17,-2.0548222016438645e-17,-2.41798443655886e-05,-2.41798444382766e-05,2.41798443564833e-05,2.41798444350686e-05,-4.55265e-15,-1.604e-15,2.417984436103595e-05,2.41798444366726e-05,7.85853e-14,2.94865e-15,7.563665e-14,0.0,True,0.03752164845079168,opposite_sign,opposite_sign,3.0344011123470935e-20,-3.229020482998427e-15
n19_vd_0p05_vg_1p65,n19_vd_0p05,n19,0.05,1.6500000000000001,-2.56193144444695e-05,-2.56193145074988e-05,2.56193144378878e-05,2.56193145028777e-05,-3.29085e-15,-2.31055e-15,2.561931444117865e-05,2.561931450518825e-05,6.49899e-14,9.803e-16,6.40096e-14,0.0,True,0.01508388226478268,opposite_sign,opposite_sign,2.0587495038099874e-17,-4.621537829910666e-15,-2.2237076295799e-24,-2.23242048236536e-24,3.29336351884278e-20,3.29336327657893e-20,1.646570574039911e-20,1.6465700172653468e-20,1.646792944802869e-20,1.6467932593135833e-20,-2.4226385e-27,-5.56774564273e-27,3.14510714273e-27,0.0,True,0.6390267091418609,opposite_sign,opposite_sign,-2.0546461697079302e-17,-2.055732538893659e-17,-2.56193144444695e-05,-2.56193145074988e-05,2.56193144378878e-05,2.56193145028777e-05,-3.29085e-15,-2.31055e-15,2.561931444117865e-05,2.561931450518825e-05,6.49899e-14,9.803e-16,6.40096e-14,0.0,True,0.01508388226478268,opposite_sign,opposite_sign,8.101929539694062e-21,-4.642128086699948e-15
n19_vd_0p05_vg_1p7,n19_vd_0p05,n19,0.05,1.7000000000000002,-2.70324995293634e-05,-2.70324995743527e-05,2.70324995246196e-05,2.70324995808019e-05,-2.3719e-15,3.2246e-15,2.70324995269915e-05,2.70324995775773e-05,5.61823e-14,5.5965e-15,5.05858e-14,0.0,True,0.09961322338174122,opposite_sign,opposite_sign,2.0595433018108867e-17,6.4487624603498636e-15,-2.35043463462348e-24,-2.35582284959589e-24,3.29357364443417e-20,3.29357350785912e-20,1.646669300485354e-20,1.6466689627870802e-20,1.6469043439488163e-20,1.6469045450720397e-20,-1.3657505e-27,-3.376982736205e-27,2.011232236205e-27,0.0,True,0.6267349676092393,opposite_sign,opposite_sign,-2.0550524239866094e-17,-2.0554109482089257e-17,-2.70324995293634e-05,-2.70324995743527e-05,2.70324995246196e-05,2.7032499580802e-05,-2.3719e-15,3.22465e-15,2.70324995269915e-05,2.703249957757735e-05,5.61824e-14,5.59655e-15,5.058585e-14,0.0,True,0.09961393603690835,opposite_sign,opposite_sign,1.1975392228952413e-20,6.428277061442189e-15
n19_vd_0p05_vg_1p75,n19_vd_0p05,n19,0.05,1.75,-2.84199811519256e-05,-2.841998119408e-05,2.84199811484666e-05,2.84199811850243e-05,-1.7295e-15,-4.52785e-15,2.84199811501961e-05,2.841998118955215e-05,3.65577e-14,-2.79835e-15,3.935605e-14,0.0,True,0.0663833431385573,opposite_sign,opposite_sign,2.0562031809684892e-17,-9.056138565547562e-15,-2.47371588345035e-24,-2.47699813960186e-24,3.2937801460347e-20,3.29378006235456e-20,1.6467663872231774e-20,1.6467661812703e-20,1.6470137588115224e-20,1.64701388108426e-20,-8.368014e-28,-2.059528775755e-27,1.222727375755e-27,0.0,True,0.627473506236713,opposite_sign,opposite_sign,-2.0554457809830835e-17,-2.0553784172803193e-17,-2.84199811519256e-05,-2.841998119408e-05,2.84199811484666e-05,2.84199811850243e-05,-1.7295e-15,-4.52785e-15,2.84199811501961e-05,2.841998118955215e-05,3.65577e-14,-2.79835e-15,3.935605e-14,0.0,True,0.0663833431385573,opposite_sign,opposite_sign,-2.5361327884995912e-20,-9.076725285043991e-15
n19_vd_0p05_vg_1p8,n19_vd_0p05,n19,0.05,1.8,-2.97823737560722e-05,-2.97823737815651e-05,2.97823737534633e-05,2.97823737909266e-05,-1.30445e-15,4.68075e-15,2.978237375476775e-05,2.978237378624585e-05,3.74633e-14,5.9852e-15,3.14781e-14,0.0,True,0.15976168677078637,opposite_sign,opposite_sign,2.05824961512269e-17,9.361061246787511e-15,-2.59410830865662e-24,-2.59599822786508e-24,3.29398307063463e-20,3.29398301374426e-20,1.6468618299018823e-20,1.6468617069607368e-20,1.647121240732748e-20,1.647121306783523e-20,-5.689037e-28,-1.22941145423e-27,6.6050775423e-28,0.0,True,0.6505100581689868,opposite_sign,opposite_sign,-2.055826857022486e-17,-2.0555451315537486e-17,-2.97823737560722e-05,-2.97823737815651e-05,2.97823737534633e-05,2.97823737909267e-05,-1.30445e-15,4.6808e-15,2.978237375476775e-05,2.97823737862459e-05,3.74634e-14,5.98525e-15,3.147815e-14,0.0,True,0.159762594959347,opposite_sign,opposite_sign,-8.709655593199104e-21,9.340571114059716e-15
n19_vd_0p05_vg_1p85,n19_vd_0p05,n19,0.05,1.85,-3.11203083940628e-05,-3.11203084250403e-05,3.11203083920568e-05,3.11203084188652e-05,-1.003e-15,-3.08755e-15,3.11203083930598e-05,3.112030842195275e-05,2.68084e-14,-2.08455e-15,2.889295e-14,0.0,True,0.06729238963764023,opposite_sign,opposite_sign,2.0549194352053768e-17,-6.175539129077082e-15,-2.71137362037289e-24,-2.71287694241322e-24,3.29418246832236e-20,3.29418243857229e-20,1.6469556654801613e-20,1.6469555754390244e-20,1.6472268028421986e-20,1.6472268631332658e-20,-2.975007e-28,-9.00411370165e-28,6.02910670165e-28,0.0,True,0.5989477610315267,opposite_sign,opposite_sign,-2.0561962575216297e-17,-2.056686735403142e-17,-3.11203083940628e-05,-3.11203084250403e-05,3.11203083920569e-05,3.11203084188653e-05,-1.00295e-15,-3.0875e-15,3.112030839305985e-05,3.11203084219528e-05,2.68084e-14,-2.08455e-15,2.889295e-14,0.0,True,0.06729238963764023,opposite_sign,opposite_sign,5.593661719422814e-20,-6.196037291588951e-15
n19_vd_0p05_vg_1p9,n19_vd_0p05,n19,0.05,1.9000000000000001,-3.2434421399071e-05,-3.24344214190679e-05,3.24344213975674e-05,3.24344214196853e-05,-7.518e-16,3.087e-16,3.24344213983192e-05,3.24344214193766e-05,2.21179e-14,1.0605e-15,2.10574e-14,0.0,True,0.047947589961072255,opposite_sign,opposite_sign,2.0567170686850317e-17,6.169669729474713e-16,-2.8266156940427e-24,-2.82768839149315e-24,3.29437843938582e-20,3.29437841660652e-20,1.647047888908208e-20,1.6470478238836852e-20,1.647330550477612e-20,1.6473305927228348e-20,-2.27793e-28,-6.50245225225e-28,4.22452225225e-28,0.0,True,0.6061776551740847,opposite_sign,opposite_sign,-2.0565545668671936e-17,-2.0579775344537626e-17,-3.2434421399071e-05,-3.24344214190679e-05,3.24344213975674e-05,3.24344214196853e-05,-7.518e-16,3.087e-16,3.24344213983192e-05,3.24344214193766e-05,2.21179e-14,1.0605e-15,2.10574e-14,0.0,True,0.047947589961072255,opposite_sign,opposite_sign,-3.1315939599683684e-20,5.963542566464559e-16
n19_vd_0p05_vg_1p95,n19_vd_0p05,n19,0.05,1.9500000000000002,-3.37253444170931e-05,-3.37253444274452e-05,3.37253444159824e-05,3.37253444380103e-05,-5.5535e-16,5.28255e-15,3.372534441653775e-05,3.372534443272775e-05,2.20279e-14,5.8379e-15,1.619e-14,0.0,True,0.2650229935672488,opposite_sign,opposite_sign,2.057718286548098e-17,1.0564657255670142e-14,-2.93998397964965e-24,-2.94048640722137e-24,3.29457104657227e-20,3.29457102893696e-20,1.6471385240871524e-20,1.6471384901481188e-20,1.6474325224851176e-20,1.647432538788841e-20,-1.763531e-28,-3.3939033586e-28,1.6303723586e-28,0.0,True,0.6755010173867216,opposite_sign,opposite_sign,-2.0569023511489857e-17,-2.0564672036044738e-17,-3.37253444170931e-05,-3.37253444274452e-05,3.37253444159825e-05,3.37253444380103e-05,-5.553e-16,5.28255e-15,3.37253444165378e-05,3.372534443272775e-05,2.20278e-14,5.83785e-15,1.618995e-14,0.0,True,0.2650219268379048,opposite_sign,opposite_sign,7.686053718150582e-20,1.0544059640864295e-14
n19_vd_0p05_vg_2,n19_vd_0p05,n19,0.05,2.0,-3.4993704788778e-05,-3.49937048035152e-05,3.49937047879207e-05,3.499370480958e-05,-4.2865e-16,3.0324e-15,3.499370478834935e-05,3.49937048065476e-05,2.16593e-14,3.46105e-15,1.819825e-14,0.0,True,0.1597950995646212,opposite_sign,opposite_sign,2.0493141513794584e-17,6.064357483715998e-15,-3.05105628619252e-24,-3.05132494167136e-24,3.29476036530471e-20,3.29476035773259e-20,1.6472276298380454e-20,1.6472276126192116e-20,1.6475327354666648e-20,1.6475327451133785e-20,-7.57212e-29,-1.7218833942e-28,9.646713942e-29,0.0,True,0.6409262158489171,opposite_sign,opposite_sign,-2.0572401308507838e-17,-2.0556614766048517e-17,-3.4993704788778e-05,-3.49937048035152e-05,3.49937047879208e-05,3.499370480958e-05,-4.286e-16,3.0324e-15,3.49937047883494e-05,3.49937048065476e-05,2.16592e-14,3.461e-15,1.81982e-14,0.0,True,0.15979352884686415,opposite_sign,opposite_sign,-1.0560393638901609e-20,6.043767924397697e-15
n19_vd_0p05_vg_2p05,n19_vd_0p05,n19,0.05,2.0500000000000003,-3.62401162140378e-05,-3.62401162243414e-05,3.62401162133793e-05,3.62401162307446e-05,-3.2925e-16,3.2016e-15,3.624011621370855e-05,3.6240116227543e-05,1.73653e-14,3.53085e-15,1.383445e-14,0.0,True,0.2033279010440361,opposite_sign,opposite_sign,2.0534249738312833e-17,6.4027571440752685e-15,-3.1598142259242e-24,-3.16025639958596e-24,3.29494648759809e-20,3.294946484574e-20,1.6473152530877487e-20,1.6473152294670208e-20,1.6476312345103412e-20,1.6476312551069794e-20,-3.02409e-29,-2.3620728088e-28,2.0596638088e-28,0.0,True,0.5341957273977276,opposite_sign,opposite_sign,-2.0575684041094747e-17,-2.058505348372066e-17,-3.62401162140378e-05,-3.62401162243414e-05,3.62401162133793e-05,3.62401162307446e-05,-3.2925e-16,3.2016e-15,3.624011621370855e-05,3.6240116227543e-05,1.73653e-14,3.53085e-15,1.383445e-14,0.0,True,0.2033279010440361,opposite_sign,opposite_sign,-7.438060784318183e-20,6.382139144286958e-15
n19_vd_0p05_vg_2p1,n19_vd_0p05,n19,0.05,2.1,-3.74651780459642e-05,-3.74651780556502e-05,3.74651780454582e-05,3.74651780541047e-05,-2.53e-16,-7.7275e-16,3.74651780457112e-05,3.746517805487745e-05,8.6465e-15,-5.1975e-16,9.16625e-15,0.0,True,0.05365992153623787,opposite_sign,opposite_sign,2.0604707646942127e-17,-1.5459424969726242e-15,-3.26715957955825e-24,-3.26733216071987e-24,3.29512949320888e-20,3.29512949013941e-20,1.6474013886254622e-20,1.647401378461669e-20,1.647728104583418e-20,1.647728111677741e-20,-3.06947e-29,-1.0163793081e-28,7.094323081e-29,0.0,True,0.5889283039697737,opposite_sign,opposite_sign,-2.0578876389664192e-17,-2.0576829640453966e-17,-3.74651780459642e-05,-3.74651780556502e-05,3.74651780454583e-05,3.74651780541047e-05,-2.5295e-16,-7.7275e-16,3.746517804571125e-05,3.746517805487745e-05,8.6464e-15,-5.198e-16,9.1662e-15,0.0,True,0.05366508362585174,opposite_sign,opposite_sign,9.452718317555415e-20,-1.5665522746406474e-15
n19_vd_0p05_vg_2p15,n19_vd_0p05,n19,0.05,2.15,-3.8669473757881e-05,-3.86694737722829e-05,3.86694737574888e-05,3.86694737749783e-05,-1.961e-16,1.3477e-15,3.86694737576849e-05,3.86694737736306e-05,1.74895e-14,1.5438e-15,1.59457e-14,0.0,True,0.08827010492009492,opposite_sign,opposite_sign,2.062099273192382e-17,2.6949615758615935e-15,-3.37243622131394e-24,-3.37260245353424e-24,3.29530946470999e-20,3.29530945380109e-20,1.6474861105439294e-20,1.6474860967778684e-20,1.6478233541660606e-20,1.6478233570232217e-20,-1.09089e-28,-1.3766061015e-28,2.857161015e-29,0.0,True,0.828122309270509,opposite_sign,opposite_sign,-2.058198274094862e-17,-2.0574736044253842e-17,-3.8669473757881e-05,-3.86694737722829e-05,3.86694737574888e-05,3.86694737749783e-05,-1.961e-16,1.3477e-15,3.86694737576849e-05,3.86694737736306e-05,1.74895e-14,1.5438e-15,1.59457e-14,0.0,True,0.08827010492009492,opposite_sign,opposite_sign,6.060268764805435e-21,2.6743538900954043e-15
n19_vd_0p05_vg_2p2,n19_vd_0p05,n19,0.05,2.2,-3.98535700410841e-05,-3.98535700432975e-05,3.98535700408194e-05,3.98535700550953e-05,-1.3235e-16,5.8989e-15,3.985357004095175e-05,3.98535700491964e-05,1.42759e-14,6.03125e-15,8.24465e-15,0.0,True,0.42247774220889756,opposite_sign,opposite_sign,2.0594078033589126e-17,1.1797360431097253e-14,-3.47599522787172e-24,-3.47611583424059e-24,3.29548645695169e-20,3.29548645332907e-20,1.6475694287144515e-20,1.647569420872823e-20,1.6479170282372385e-20,1.6479170324562472e-20,-3.62262e-29,-7.8416284435e-29,4.2190084435e-29,0.0,True,0.6501836111119792,opposite_sign,opposite_sign,-2.058500720048511e-17,-2.0587216224030142e-17,-3.98535700410841e-05,-3.98535700432975e-05,3.98535700408194e-05,3.98535700550953e-05,-1.3235e-16,5.8989e-15,3.985357004095175e-05,3.98535700491964e-05,1.42759e-14,6.03125e-15,8.24465e-15,0.0,True,0.42247774220889756,opposite_sign,opposite_sign,-2.388055547087443e-20,1.1776740263484805e-14
n19_vd_0p05_vg_2p25,n19_vd_0p05,n19,0.05,2.25,-4.10180164071195e-05,-4.1018016409643e-05,4.101801640692e-05,4.10180164134264e-05,-9.975e-17,1.8917e-15,4.101801640701975e-05,4.10180164115347e-05,6.5064e-15,1.99145e-15,4.51495e-15,0.0,True,0.3060755563752613,opposite_sign,opposite_sign,2.060435507555114e-17,3.782958149248162e-15,-3.57797115586832e-24,-3.57791961531154e-24,3.29566056145028e-20,3.29566056475823e-20,1.6476513821673465e-20,1.6476513863983494e-20,1.6480091792829334e-20,1.6480091783598806e-20,3.30795e-29,4.231002839e-29,-9.23052839e-30,0.0,True,0.8209074762346795,opposite_sign,opposite_sign,-2.0587953606510254e-17,-2.0586328925973532e-17,-4.10180164071195e-05,-4.1018016409643e-05,4.101801640692e-05,4.10180164134265e-05,-9.975e-17,1.89175e-15,4.101801640701975e-05,4.101801641153475e-05,6.5065e-15,1.9915e-15,4.515e-15,0.0,True,0.30607853684776765,opposite_sign,opposite_sign,-1.655155860285748e-20,3.762440511248131e-15
n19_vd_0p05_vg_2p3,n19_vd_0p05,n19,0.05,2.3000000000000003,-4.21633452762812e-05,-4.21633452803449e-05,4.21633452760542e-05,4.21633452895152e-05,-1.135e-16,4.58515e-15,4.21633452761677e-05,4.216334528493005e-05,1.3461e-14,4.69865e-15,8.76235e-15,0.0,True,0.349056533689919,opposite_sign,opposite_sign,2.0544438109544513e-17,9.169857152494993e-15,-3.67802196322611e-24,-3.67805928187042e-24,3.29583186199177e-20,3.29583186220198e-20,1.6477320298977237e-20,1.6477320281368965e-20,1.6480998320940464e-20,1.6480998340650834e-20,2.1021e-30,-1.7608272155e-29,1.9710372155e-29,0.0,True,0.4718357936245192,opposite_sign,opposite_sign,-2.0590825540295846e-17,-2.059686125466196e-17,-4.21633452762812e-05,-4.21633452803449e-05,4.21633452760542e-05,4.21633452895152e-05,-1.135e-16,4.58515e-15,4.21633452761677e-05,4.216334528493005e-05,1.3461e-14,4.69865e-15,8.76235e-15,0.0,True,0.349056533689919,opposite_sign,opposite_sign,-7.934207134951406e-20,9.149227336599768e-15
n19_vd_0p05_vg_2p35,n19_vd_0p05,n19,0.05,2.35,-4.3290015922788e-05,-4.32900159315962e-05,4.32900159226703e-05,4.32900159235724e-05,-5.885e-17,-4.0119e-15,4.329001592272915e-05,4.32900159275843e-05,9.021e-16,-3.95305e-15,4.85515e-15,0.0,True,0.44879203469494333,opposite_sign,opposite_sign,2.0539769787118466e-17,-8.024240971847568e-15,-3.77662026680554e-24,-3.77657707886004e-24,3.29600040754372e-20,3.29600040926569e-20,1.6478113727585197e-20,1.647811375778902e-20,1.6481890347852003e-20,1.648189033486788e-20,1.72197e-29,3.020382275e-29,-1.298412275e-29,0.0,True,0.6993577119800709,opposite_sign,opposite_sign,-2.059362792365113e-17,-2.0602990024771624e-17,-4.3290015922788e-05,-4.32900159315962e-05,4.32900159226703e-05,4.32900159235724e-05,-5.885e-17,-4.0119e-15,4.329001592272915e-05,4.32900159275843e-05,9.021e-16,-3.95305e-15,4.85515e-15,0.0,True,0.44879203469494333,opposite_sign,opposite_sign,-8.68143639875502e-20,-8.044876918099855e-15
n19_vd_0p05_vg_2p4,n19_vd_0p05,n19,0.05,2.4000000000000004,-4.43985281385587e-05,-4.43985281387584e-05,4.43985281384096e-05,4.43985281374085e-05,-7.455e-17,-6.7495e-16,4.439852813848415e-05,4.439852813808345e-05,-1.0011e-15,-6.004e-16,-4.007e-16,0.0,True,0.5997402856857457,opposite_sign,opposite_sign,2.0603653609772e-17,-1.350339773570909e-15,-3.87335718896285e-24,-3.87351527910771e-24,3.29616628316662e-20,3.29616627637895e-20,1.647889473723862e-20,1.6478894624255197e-20,1.6482768094427582e-20,1.6482768139534303e-20,-6.78767e-29,-1.1298342243e-28,4.510672243e-29,0.0,True,0.7146772022383483,opposite_sign,opposite_sign,-2.0596363706932924e-17,-2.060294055180779e-17,-4.43985281385587e-05,-4.43985281387584e-05,4.43985281384097e-05,4.43985281374085e-05,-7.45e-17,-6.7495e-16,4.43985281384842e-05,4.439852813808345e-05,-1.0012e-15,-6.0045e-16,-4.0075e-16,0.0,True,0.599730323611666,opposite_sign,opposite_sign,7.597606703552424e-20,-1.3709756719119654e-15
n19_vd_0p05_vg_2p45,n19_vd_0p05,n19,0.05,2.45,-4.54894124546478e-05,-4.54894124613072e-05,4.54894124546324e-05,4.54894124583151e-05,-7.7e-18,-1.49605e-15,4.54894124546401e-05,4.548941245981115e-05,3.6827e-15,-1.48835e-15,5.17105e-15,0.0,True,0.2234961107607292,opposite_sign,opposite_sign,2.0596938619870535e-17,-2.992540285890541e-15,-3.96903318011616e-24,-3.96891818138544e-24,3.29632954720102e-20,3.29632953914189e-20,1.6479663219415043e-20,1.6479663236618758e-20,1.6483632252595158e-20,1.6483632154800143e-20,-8.05913e-29,1.720371536e-29,-9.779501536e-29,0.0,True,0.1495991760281926,opposite_sign,opposite_sign,-2.059903441134017e-17,-2.0599738786451462e-17,-4.54894124546478e-05,-4.54894124613072e-05,4.54894124546325e-05,4.54894124583152e-05,-7.65e-18,-1.496e-15,4.548941245464015e-05,4.54894124598112e-05,3.6827e-15,-1.48835e-15,5.17105e-15,0.0,True,0.2234961107607292,opposite_sign,opposite_sign,5.981257218401872e-20,-3.0130713400497953e-15
n19_vd_0p05_vg_2p5,n19_vd_0p05,n19,0.05,2.5,-4.65631326111979e-05,-4.65631326189935e-05,4.65631326111704e-05,4.65631326169166e-05,-1.375e-17,-1.03845e-15,4.656313261118415e-05,4.656313261795505e-05,5.7462e-15,-1.0247e-15,6.7709e-15,0.0,True,0.13144594386577046,opposite_sign,opposite_sign,2.0606117380974257e-17,-2.0773382634801497e-15,-4.06303597309533e-24,-4.06282589522003e-24,3.29649026105154e-20,3.29649026336149e-20,1.6480419787271153e-20,1.648041990385984e-20,1.6484482823244248e-20,1.648448272975506e-20,2.30995e-29,1.1658868765e-28,-9.348918765e-29,0.0,True,0.5549784216139204,opposite_sign,opposite_sign,-2.0601642837789058e-17,-2.0607819893934883e-17,-4.65631326111979e-05,-4.65631326189935e-05,4.65631326111705e-05,4.65631326169166e-05,-1.37e-17,-1.03845e-15,4.65631326111842e-05,4.656313261795505e-05,5.7461e-15,-1.02475e-15,6.77085e-15,0.0,True,0.13145235774026376,opposite_sign,opposite_sign,7.315765728117567e-20,-2.0979790442138922e-15
n19_vd_1_vg_0,n19_vd_1,n19,1.0,0.0,-2.20433520963772e-14,-2.05912113767611e-14,2.21518504637407e-14,2.11631773183431e-15,5.424918368175e-17,-9.237446822463396e-15,2.209760128005895e-14,1.1353764554297706e-14,-2.003553273190639e-14,-9.291696006145144e-15,-1.0743836725761246e-14,0.0,True,0.4637608657816325,opposite_sign,opposite_sign,1.0799083627928879e-16,-1.8475424903654632e-14,1.25392199850392e-29,-2.91544674965825e-31,3.71334752793207e-20,3.713347527928e-20,1.856673764592996e-20,1.8566737639494228e-20,1.856673763339074e-20,1.856673763978577e-20,-4.07e-32,-6.435732330002513e-30,6.395032330002512e-30,0.0,True,0.5015860317400593,same_sign,opposite_sign,-1.0799083627933015e-16,-1.0799033171578902e-16,-2.20433520963771e-14,-2.05912113767611e-14,2.2151887597216e-14,2.11635486530959e-15,5.426775041945e-17,-9.237428255725755e-15,2.209761984679655e-14,1.1353783121035344e-14,-2.003553273190641e-14,-9.291696006145206e-15,-1.0743836725761205e-14,0.0,True,0.46376086578163517,opposite_sign,opposite_sign,6.773110428421031e-29,-1.858341523537042e-14
n19_vd_1_vg_0p05,n19_vd_1,n19,1.0,0.05,-7.26402644161848e-14,-7.68855851984537e-14,7.2736271934719e-14,7.79975051119007e-14,4.80037592671e-17,5.559599567235e-16,7.26882681754519e-14,7.74415451551772e-14,5.2612331771817e-15,5.079561974564e-16,4.7532769797253e-15,0.0,True,0.09654698439511065,opposite_sign,opposite_sign,1.0835502124183758e-16,1.1113885263412564e-15,6.38311757799961e-28,-4.39425734795977e-31,3.71332221382473e-20,3.71332221390338e-20,1.8566611388279528e-20,1.8566611069297186e-20,1.8566610749967772e-20,1.8566611069736614e-20,7.865e-31,-3.189823417673785e-28,3.1976884176737847e-28,0.0,True,0.49938434556344174,same_sign,opposite_sign,-1.0835502124181045e-16,-1.0835207836289541e-16,-7.26402644161842e-14,-7.68855851984537e-14,7.27363090679411e-14,7.79975422451229e-14,4.802232587845e-17,5.559785233346e-16,7.268828674206264e-14,7.74415637217883e-14,5.2612331771818e-15,5.0795619745615e-16,4.75327697972565e-15,0.0,True,0.09654698439506128,opposite_sign,opposite_sign,-5.933713121459298e-29,1.0030364479784205e-15
n19_vd_1_vg_0p1,n19_vd_1,n19,1.0,0.1,-2.43163464768584e-13,-2.3830195653235e-13,2.43269228475505e-13,2.5757399502534e-13,5.28818534605e-17,9.636019246495e-15,2.432163466220445e-13,2.47937975778845e-13,1.4304766549835e-14,9.5831373930345e-15,4.7216291568005e-15,0.0,True,0.6699261647961,opposite_sign,opposite_sign,1.0879187164433042e-16,1.9271506970606774e-14,-1.58913430407935e-28,-7.51768471215637e-31,3.71329672112133e-20,3.71329672116343e-20,1.8566483526149935e-20,1.8566483605441265e-20,1.8566483685063365e-20,1.8566483606193034e-20,4.21e-31,7.929133096835968e-29,-7.887033096835968e-29,0.0,True,0.5013309167178847,opposite_sign,opposite_sign,-1.0879187164431869e-16,-1.0879692865879013e-16,-2.43163464768584e-13,-2.3830195653235e-13,2.43269265608472e-13,2.57574032158307e-13,5.2900419944e-17,9.6360378129785e-15,2.43216365188528e-13,2.479379943453285e-13,1.4304766549835e-14,9.5831373930345e-15,4.7216291568005e-15,0.0,True,0.6699261647961,opposite_sign,opposite_sign,-4.257383697864648e-29,1.9162710041947772e-14
n19_vd_1_vg_0p15,n19_vd_1,n19,1.0,0.15000000000000002,-8.26867017526172e-13,-8.34788835448176e-13,8.24595807152598e-13,8.30047660422575e-13,-1.135605186787e-15,-2.3705875128005e-15,8.25731412339385e-13,8.324182479353755e-13,5.451853269977e-15,-1.2349823260135e-15,6.6868355959905e-15,0.0,True,0.15589632811215684,opposite_sign,opposite_sign,1.0922057769261826e-16,-4.741706690786923e-15,1.08310723148033e-26,-1.4746824967474e-30,3.71327097427374e-20,3.71327104473368e-20,1.8566360286904858e-20,1.856635522293106e-20,1.8566349455832544e-20,1.856635522440574e-20,7.045994e-28,-5.0639737986500235e-27,5.768573198650024e-27,0.0,True,0.4674776670631746,same_sign,opposite_sign,-1.0922057769222919e-16,-1.0921852636584513e-16,-8.26867017526162e-13,-8.34788835448176e-13,8.24595844285308e-13,8.30047697555286e-13,-1.135586620427e-15,-2.370568946445e-15,8.25731430905735e-13,8.32418266501731e-13,5.451853269978e-15,-1.234982326018e-15,6.686835595996e-15,0.0,True,0.15589632811252807,opposite_sign,opposite_sign,-1.6605522054902299e-28,-4.850925217152185e-15
n19_vd_1_vg_0p2,n19_vd_1,n19,1.0,0.2,-2.82385512468955e-12,-2.82390781061355e-12,2.82396521690974e-12,2.8197649561083e-12,5.5046110095e-17,-2.071427252625e-15,2.823910170799645e-12,2.821836383360925e-12,-4.20026080144e-15,-2.12647336272e-15,-2.07378743872e-15,0.0,True,0.5062717443619141,opposite_sign,opposite_sign,1.0948035555875064e-16,-4.143386321498097e-15,1.1223088535259e-29,-2.95484006045929e-30,3.71324514920198e-20,3.71324514920123e-20,1.8566225751621443e-20,1.856622574452873e-20,1.8566225740398357e-20,1.856622574748357e-20,-7.5e-33,-7.092714297859144e-30,7.085214297859145e-30,0.0,True,0.5002644956189957,same_sign,opposite_sign,-1.0948035556367976e-16,-1.0948256177147495e-16,-2.82385512468955e-12,-2.82390781061355e-12,2.82396525404219e-12,2.81976499324075e-12,5.506467632e-17,-2.0714086864e-15,2.82391018936587e-12,2.82183640192715e-12,-4.20026080144e-15,-2.12647336272e-15,-2.07378743872e-15,0.0,True,0.5062717443619141,opposite_sign,opposite_sign,-6.522129401044309e-27,-4.252868883271152e-15
n19_vd_1_vg_0p25,n19_vd_1,n19,1.0,0.25,-9.7490353120349e-12,-9.73993128087174e-12,9.74914503105804e-12,9.76305993065211e-12,5.485951157e-17,1.1564324890185e-14,9.74909017154647e-12,9.751495605761925e-12,1.391489959407e-14,1.1509465378615e-14,2.405434215455e-15,0.0,True,0.8271324777305541,opposite_sign,opposite_sign,1.0933134050862148e-16,2.3128117803961303e-14,3.53156713057364e-33,-5.14069392157247e-30,3.71321896643919e-20,3.71321896644264e-20,1.8566094832197714e-20,1.8566094829642854e-20,1.8566094832194185e-20,1.8566094834783546e-20,3.45e-32,-2.5548627443515217e-30,2.589362744351522e-30,0.0,True,0.49664672552984274,same_sign,opposite_sign,-1.093313405259076e-16,-1.0934250700005672e-16,-9.7490353120349e-12,-9.73993128087174e-12,9.74914506819024e-12,9.7630599677843e-12,5.487807767e-17,1.156434345628e-14,9.74909019011257e-12,9.75149562432802e-12,1.391489959406e-14,1.150946537861e-14,2.40543421545e-15,0.0,True,0.8271324777307891,opposite_sign,opposite_sign,-6.2449310745206314e-27,2.3018775296960982e-14
n19_vd_1_vg_0p3,n19_vd_1,n19,1.0,0.30000000000000004,-3.38642482180376e-11,-3.38616185418665e-11,3.38643572808908e-11,3.38790336002645e-11,5.45314266e-17,8.707529199e-15,3.38643027494642e-11,3.38703260710655e-11,1.46763193737e-14,8.6529977724e-15,6.0233216013e-15,0.0,True,0.5895890892035365,opposite_sign,opposite_sign,1.0868164388228292e-16,1.741452625136699e-14,1.71453630461541e-28,-8.64340304637467e-30,3.71319239462187e-20,3.71319239462518e-20,1.8565962058836167e-20,1.85659619688042e-20,1.8565961887382534e-20,1.85659619774476e-20,3.31e-32,-9.003196675395784e-29,9.006506675395784e-29,0.0,True,0.4999081050938062,same_sign,opposite_sign,-1.0868164389041533e-16,-1.0867495790465339e-16,-3.38642482180376e-11,-3.38616185418665e-11,3.38643573180227e-11,3.38790336373964e-11,5.454999255e-17,8.70754776495e-15,3.386430276803015e-11,3.387032608963145e-11,1.46763193737e-14,8.6529977724e-15,6.0233216013e-15,0.0,True,0.5895890892035365,opposite_sign,opposite_sign,-3.3659400600857946e-26,1.730585129343699e-14
n19_vd_1_vg_0p35,n19_vd_1,n19,1.0,0.35000000000000003,-1.181493184228e-10,-1.18158842639712e-10,1.18149426550842e-10,1.18148429252666e-10,5.4064021e-17,-5.206693523e-15,1.18149372486821e-10,1.18153635946189e-10,-9.97298176e-16,-5.260757544e-15,4.263459368e-15,0.0,True,0.5523559146759592,opposite_sign,opposite_sign,1.0779674792042684e-16,-1.0413919374158259e-14,3.13010568059564e-28,-1.68134536427308e-29,3.71316530162573e-20,3.71316530162552e-20,1.8565826664633933e-20,1.8565826499720873e-20,1.8565826351623366e-20,1.8565826516534326e-20,-2.1e-33,-1.649130608511474e-28,1.649109608511474e-28,0.0,True,0.5000031835158476,same_sign,opposite_sign,-1.0779674744047774e-16,-1.0778851412239956e-16,-1.181493184228e-10,-1.18158842639712e-10,1.18149426587974e-10,1.18148429289797e-10,5.4082587e-17,-5.2066749575e-15,1.18149372505387e-10,1.181536359647545e-10,-9.97298177e-16,-5.2607575445e-15,4.2634593675e-15,0.0,True,0.552355914728457,opposite_sign,opposite_sign,8.350708609568065e-25,-1.0521707888933335e-14
n19_vd_1_vg_0p4,n19_vd_1,n19,1.0,0.4,-4.1327503406331e-10,-4.13279923014955e-10,4.13275140936617e-10,4.13286134652974e-10,5.34366535e-17,3.1058190095e-15,4.132750874999635e-10,4.132830288339645e-10,1.0993716357e-14,3.052382356e-15,7.941334001e-15,0.0,True,0.2776479087580302,opposite_sign,opposite_sign,1.0700791672447018e-16,6.211105496285782e-15,-1.41827365303849e-28,-4.28749550014624e-29,3.71313754196751e-20,3.71313754197081e-20,1.8565687638923868e-20,1.8565687688416572e-20,1.8565687780751233e-20,1.8565687731291528e-20,3.3e-32,4.94927051511933e-29,-4.94597051511933e-29,0.0,True,0.5001667468225339,opposite_sign,opposite_sign,-1.0700791728877216e-16,-1.0699927501874916e-16,-4.1327503406331e-10,-4.13279923014955e-10,4.13275140973748e-10,4.13286134690106e-10,5.3455219e-17,3.1058375755e-15,4.13275087518529e-10,4.132830288525305e-10,1.0993716358e-14,3.0523823565e-15,7.9413340015e-15,0.0,True,0.27764790877825557,opposite_sign,opposite_sign,-9.392556590795873e-25,6.104106221925956e-15
n19_vd_1_vg_0p45,n19_vd_1,n19,1.0,0.45,-1.44604726683084e-09,-1.44605264298113e-09,1.44604737225529e-09,1.44605777333238e-09,5.2712225e-17,2.565175625e-15,1.446047319543065e-09,1.446055208156755e-09,1.040107709e-14,2.5124634e-15,7.88861369e-15,0.0,True,0.24155800195112292,opposite_sign,opposite_sign,1.0636875831356119e-16,5.1298185175678855e-15,-2.31010180126841e-28,-1.32767947561059e-28,3.71310900443045e-20,3.71310900443246e-20,1.856554490664716e-20,1.8565544955778327e-20,1.856554513765734e-20,1.8565545088546274e-20,2.01e-32,4.9131166282891e-29,-4.9111066282891e-29,0.0,True,0.5001022981638092,opposite_sign,opposite_sign,-1.063687588611207e-16,-1.0638157388967944e-16,-1.44604726683084e-09,-1.44605264298113e-09,1.44604737229243e-09,1.44605777336951e-09,5.2730795e-17,2.56519419e-15,1.446047319561635e-09,1.44605520817532e-09,1.040107708e-14,2.512463395e-15,7.888613685e-15,0.0,True,0.24155800170264674,opposite_sign,opposite_sign,8.358540815065551e-24,5.023436942451245e-15
n19_vd_1_vg_0p5,n19_vd_1,n19,1.0,0.5,-5.04421945723923e-09,-5.04422455339554e-09,5.04421956480972e-09,5.04422856059275e-09,5.3785245e-17,2.003598605e-15,5.044219511024475e-09,5.044226556994145e-09,8.99578303e-15,1.94981336e-15,7.04596967e-15,0.0,True,0.21674748640530517,opposite_sign,opposite_sign,1.0584061691667487e-16,4.006664248018119e-15,-5.1454066650556e-28,-4.44832400969135e-28,3.71307974922762e-20,3.71307974923253e-20,1.8565398488867767e-20,1.856539852374645e-20,1.8565399003408435e-20,1.856539896857885e-20,4.91e-32,3.48786827682125e-29,-3.48295827682125e-29,0.0,True,0.500352182052029,opposite_sign,opposite_sign,-1.0584063619506026e-16,-1.0584269113584651e-16,-5.04421945723923e-09,-5.04422455339554e-09,5.04421956484686e-09,5.04422856062988e-09,5.3803815e-17,2.00361717e-15,5.044219511043045e-09,5.04422655701271e-09,8.99578302e-15,1.949813355e-15,7.045969665e-15,0.0,True,0.2167474860904326,opposite_sign,opposite_sign,-1.0493039925181418e-23,3.9008215565685614e-15
n19_vd_1_vg_0p55,n19_vd_1,n19,1.0,0.55,-1.74380529652193e-08,-1.74380552142391e-08,1.74380531293618e-08,1.74380709745406e-08,8.207125e-17,7.88015075e-15,1.743805304729055e-08,1.743806309438985e-08,1.78451788e-14,7.7980795e-15,1.00470993e-14,0.0,True,0.4369852265083497,opposite_sign,opposite_sign,1.0540399291254565e-16,1.5759768286701794e-14,-1.57033523787952e-27,-1.51942630059637e-27,3.71305055346792e-20,3.71305055347218e-20,1.8565251982171982e-20,1.856525200764775e-20,1.856525355250722e-20,1.856525352707405e-20,4.26e-32,2.5475768641575e-29,-2.5433168641575e-29,0.0,True,0.5004183941197109,opposite_sign,opposite_sign,-1.0540400425284266e-16,-1.054069712590697e-16,-1.74380529652193e-08,-1.74380552142391e-08,1.74380531293989e-08,1.74380709745777e-08,8.20898e-17,7.8801693e-15,1.74380530473091e-08,1.74380630944084e-08,1.78451788e-14,7.7980795e-15,1.00470993e-14,0.0,True,0.4369852265083497,opposite_sign,opposite_sign,-4.113942701116599e-23,1.5654361282334822e-14
n19_vd_1_vg_0p6,n19_vd_1,n19,1.0,0.6000000000000001,-5.90470467362377e-08,-5.90470459688303e-08,5.90470467288426e-08,5.90470538528617e-08,-3.69755e-18,3.9420157e-15,5.904704673254015e-08,5.9047049910846e-08,7.1240191e-15,3.94571325e-15,3.17830585e-15,0.0,True,0.5538605658707456,opposite_sign,opposite_sign,1.0504339888935253e-16,7.883497888629561e-15,-5.06917970242649e-27,-5.12816222083085e-27,3.71302460489601e-20,3.71302460489811e-20,1.8565120489890198e-20,1.8565120460409438e-20,1.85651255590699e-20,1.856512558857166e-20,2.1e-32,-2.948075920218e-29,2.950175920218e-29,0.0,True,0.4998219811516352,opposite_sign,opposite_sign,-1.0504350802177422e-16,-1.0504628363910819e-16,-5.90470467362377e-08,-5.90470459688303e-08,5.90470467288797e-08,5.90470538528988e-08,-3.679e-18,3.94203425e-15,5.90470467325587e-08,5.904704991086455e-08,7.1240191e-15,3.94571325e-15,3.17830585e-15,0.0,True,0.5538605658707456,opposite_sign,opposite_sign,-1.4197729003653716e-22,7.778451578763089e-15
n19_vd_1_vg_0p65,n19_vd_1,n19,1.0,0.65,-1.91192036448492e-07,-1.91192041775105e-07,1.91192038197564e-07,1.9119204853305e-07,8.74536e-16,3.3789725e-15,1.91192037323028e-07,1.911920451540775e-07,1.0335486e-14,2.5044365e-15,7.8310495e-15,0.0,True,0.24231434303137753,opposite_sign,opposite_sign,1.0473311568035808e-16,6.7574111425194214e-15,-1.6598202213534e-26,-1.6593969251852e-26,3.71301208299315e-20,3.71301208301039e-20,1.8565052115864644e-20,1.8565052118067324e-20,1.8565068714066856e-20,1.8565068712036576e-20,1.724e-31,2.202680841e-30,-2.030280841e-30,0.0,True,0.5203639925129848,opposite_sign,opposite_sign,-1.0473346468992627e-16,-1.0474277019719286e-16,-1.91192036448492e-07,-1.91192041775105e-07,1.91192038197602e-07,1.91192048533087e-07,8.74555e-16,3.378991e-15,1.91192037323047e-07,1.91192045154096e-07,1.0335485e-14,2.504436e-15,7.831049e-15,0.0,True,0.2423143180992474,opposite_sign,opposite_sign,5.314897061372419e-22,6.652668246969876e-15
n19_vd_1_vg_0p7,n19_vd_1,n19,1.0,0.7000000000000001,-5.66799579237814e-07,-5.66799582263862e-07,5.66799581264268e-07,5.66799576971024e-07,1.013227e-15,-2.646419e-15,5.66799580251041e-07,5.66799579617443e-07,-4.293244e-15,-3.659646e-15,-6.33598e-16,0.0,True,0.8524197553178902,opposite_sign,opposite_sign,1.0449971520442154e-16,-5.293372267121172e-15,-4.71273452136628e-26,-4.9199060604952e-26,3.71303888789219e-20,3.71303888794104e-20,1.8565170875788344e-20,1.8565169840174896e-20,1.8565218003133557e-20,1.8565219039235502e-20,4.885e-31,-1.0356134456446e-27,1.0361019456446e-27,0.0,True,0.4998821025315412,opposite_sign,opposite_sign,-1.0449968742593043e-16,-1.0451412438772166e-16,-5.66799579237814e-07,-5.66799582263862e-07,5.66799581264305e-07,5.66799576971061e-07,1.0132455e-15,-2.6464005e-15,5.667995802510595e-07,5.667995796174615e-07,-4.293244e-15,-3.659646e-15,-6.33598e-16,0.0,True,0.8524197553178902,opposite_sign,opposite_sign,-1.5075094427880538e-22,-5.39788657003625e-15
n19_vd_1_vg_0p75,n19_vd_1,n19,1.0,0.75,-1.45602396109945e-06,-1.45602396694016e-06,1.45602396077065e-06,1.45602396860619e-06,-1.644e-16,8.33015e-16,1.45602396093505e-06,1.456023967773175e-06,7.83554e-15,9.97415e-16,6.838125e-15,0.0,True,0.12729371555757485,opposite_sign,opposite_sign,1.0439313523969759e-16,1.665495026008035e-15,-1.11411494006964e-25,-1.26427046790453e-25,3.71315109425136e-20,3.71315109431985e-20,1.8565699765509795e-20,1.8565692258075854e-20,1.8565811177003804e-20,1.8565818685122645e-20,6.849e-31,-7.5074339417445e-27,7.5081188417445e-27,0.0,True,0.4999771936468182,opposite_sign,opposite_sign,-1.0439242821245098e-16,-1.0439669339321185e-16,-1.45602396109945e-06,-1.45602396694016e-06,1.45602396077069e-06,1.45602396860623e-06,-1.6438e-16,8.33035e-16,1.45602396093507e-06,1.456023967773195e-06,7.83554e-15,9.97415e-16,6.838125e-15,0.0,True,0.12729371555757485,opposite_sign,opposite_sign,3.5979344733212334e-21,1.5611012235370644e-15
n19_vd_1_vg_0p8,n19_vd_1,n19,1.0,0.8,-3.13765876789417e-06,-3.13765876285062e-06,3.13765876746742e-06,3.1376587714965e-06,-2.13375e-16,4.32294e-15,3.137658767680795e-06,3.13765876717356e-06,4.02908e-15,4.536315e-15,-5.07235e-16,0.0,True,0.8994289736395991,opposite_sign,opposite_sign,1.0441051068912351e-16,8.645344343817782e-15,-2.50657439258562e-25,-2.72552365085701e-25,3.71339644763135e-20,3.71339644776834e-20,1.856685690943712e-20,1.8566845962659157e-20,1.856710756687638e-20,1.8567118515024242e-20,1.3699e-30,-1.09467779635695e-26,1.09481478635695e-26,0.0,True,0.49996871649598595,opposite_sign,opposite_sign,-1.0441330386300012e-16,-1.0441757958686269e-16,-3.13765876789417e-06,-3.13765876285062e-06,3.13765876746746e-06,3.13765877149654e-06,-2.13355e-16,4.32296e-15,3.137658767680815e-06,3.13765876717358e-06,4.02908e-15,4.536315e-15,-5.07235e-16,0.0,True,0.8994289736395991,opposite_sign,opposite_sign,3.071772980996444e-22,8.540929864603988e-15
n19_vd_1_vg_0p85,n19_vd_1,n19,1.0,0.8500000000000001,-5.73494493886761e-06,-5.73494493875258e-06,5.73494493893976e-06,5.73494493694364e-06,3.6075e-17,-9.0447e-16,5.734944938903685e-06,5.73494493784811e-06,-1.99612e-15,-9.40545e-16,-1.055575e-15,0.0,True,0.47118660200789536,opposite_sign,opposite_sign,1.045240869671726e-16,-1.809477032953145e-15,-4.93055469403855e-25,-4.98387056063022e-25,3.71379629960957e-20,3.71379629966077e-20,1.8568734970313147e-20,1.856873230477582e-20,1.8569228025782552e-20,1.8569230691831883e-20,5.12e-31,-2.6655373295835e-27,2.6660493295835e-27,0.0,True,0.4999519842747825,opposite_sign,opposite_sign,-1.0452467836249038e-16,-1.0453006585560645e-16,-5.73494493886761e-06,-5.73494493875258e-06,5.73494493893979e-06,5.73494493694367e-06,3.609e-17,-9.04455e-16,5.7349449389037e-06,5.734944937848125e-06,-1.99612e-15,-9.40545e-16,-1.055575e-15,0.0,True,0.47118660200789536,opposite_sign,opposite_sign,-8.08271210439585e-21,-1.91401374308726e-15
n19_vd_1_vg_0p9,n19_vd_1,n19,1.0,0.9,-9.20619182703212e-06,-9.2061918307235e-06,9.20619182713702e-06,9.206191833739e-06,5.245e-17,1.50775e-15,9.20619182708457e-06,9.20619183223125e-06,6.60198e-15,1.4553e-15,5.14668e-15,0.0,True,0.22043386983904828,opposite_sign,opposite_sign,1.046957843316495e-16,3.0149625125413733e-15,-7.99785525636908e-25,-8.0041995331987e-25,3.7143440269133e-20,3.71434402692119e-20,1.8571320241803682e-20,1.857131992462929e-20,1.857212002732932e-20,1.857212034458261e-20,7.89e-32,-3.17174391481e-28,3.17253291481e-28,0.0,True,0.4999378179719148,opposite_sign,opposite_sign,-1.0468871002841639e-16,-1.0468342900548174e-16,-9.20619182703212e-06,-9.2061918307235e-06,9.20619182713706e-06,9.20619183373904e-06,5.247e-17,1.50777e-15,9.20619182708459e-06,9.20619183223127e-06,6.60198e-15,1.4553e-15,5.14668e-15,0.0,True,0.22043386983904828,opposite_sign,opposite_sign,1.058924421777438e-20,2.910282598477511e-15
n19_vd_1_vg_0p95,n19_vd_1,n19,1.0,0.9500000000000001,-1.34368392763186e-05,-1.34368392750822e-05,1.34368392764216e-05,1.34368392870939e-05,5.15e-17,6.00585e-15,1.34368392763701e-05,1.343683928108805e-05,1.06723e-14,5.95435e-15,4.71795e-15,0.0,True,0.5579256580118626,opposite_sign,opposite_sign,1.0492462545881047e-16,1.2011161251784548e-14,-1.16853481854344e-24,-1.16878816421646e-24,3.71502067773898e-20,3.71502067774228e-20,1.8574519121285628e-20,1.8574518994629292e-20,1.857568765610417e-20,1.857568778279351e-20,3.3e-32,-1.2665633651e-28,1.2668933651e-28,0.0,True,0.4999348715934111,opposite_sign,opposite_sign,-1.0488045486751844e-16,-1.0486156060211674e-16,-1.34368392763186e-05,-1.34368392750822e-05,1.34368392764216e-05,1.34368392870939e-05,5.15e-17,6.00585e-15,1.34368392763701e-05,1.343683928108805e-05,1.06723e-14,5.95435e-15,4.71795e-15,0.0,True,0.5579256580118626,opposite_sign,opposite_sign,7.021553048921742e-21,1.1906262542144442e-14
n19_vd_1_vg_1,n19_vd_1,n19,1.0,1.0,-1.83054055892546e-05,-1.83054055888925e-05,1.8305405589359e-05,1.83054056031321e-05,5.22e-17,7.1198e-15,1.83054055893068e-05,1.83054055960123e-05,1.37731e-14,7.0676e-15,6.7055e-15,0.0,True,0.5131451888100718,opposite_sign,opposite_sign,1.0507098259092118e-16,1.4239060187453543e-14,-1.59301578638104e-24,-1.59303154562126e-24,3.71580630441769e-20,3.71580630442144e-20,1.857823501419526e-20,1.857823500633439e-20,1.857982802998164e-20,1.857982803788001e-20,3.75e-32,-7.86087011e-30,7.89837011e-30,0.0,True,0.49881022182933643,opposite_sign,opposite_sign,-1.0508598183857862e-16,-1.0509255917796134e-16,-1.83054055892546e-05,-1.83054055888925e-05,1.83054055893591e-05,1.83054056031321e-05,5.225e-17,7.1198e-15,1.830540558930685e-05,1.83054055960123e-05,1.3773e-14,7.06755e-15,6.70545e-15,0.0,True,0.513145284251797,opposite_sign,opposite_sign,4.948823598454669e-20,1.4133930471805568e-14
n19_vd_1_vg_1p05,n19_vd_1,n19,1.0,1.05,-2.3706280214776e-05,-2.37062802154818e-05,2.37062802148764e-05,2.37062802110177e-05,5.02e-17,-2.23205e-15,2.37062802148262e-05,2.370628021324975e-05,-3.8587e-15,-2.28225e-15,-1.57645e-15,0.0,True,0.5914556715992433,opposite_sign,opposite_sign,1.053440224507359e-16,-4.464641263830346e-15,-2.06394446499598e-24,-2.06406522916535e-24,3.71668378808916e-20,3.71668378808829e-20,1.8582386968213303e-20,1.8582386907826868e-20,1.8584450912678298e-20,1.8584450973056033e-20,-8.7e-33,-6.0386434685e-29,6.0377734685e-29,0.0,True,0.5000360206178927,opposite_sign,opposite_sign,-1.0529725281207957e-16,-1.0528833677728534e-16,-2.3706280214776e-05,-2.37062802154818e-05,2.37062802148764e-05,2.37062802110177e-05,5.02e-17,-2.23205e-15,2.37062802148262e-05,2.370628021324975e-05,-3.8587e-15,-2.28225e-15,-1.57645e-15,0.0,True,0.5914556715992433,opposite_sign,opposite_sign,9.604864719731141e-21,-4.569966765381448e-15
n19_vd_1_vg_1p1,n19_vd_1,n19,1.0,1.1,-2.95533635422473e-05,-2.95533635382537e-05,2.95533635423532e-05,2.95533635354142e-05,5.295e-17,-1.41975e-15,2.955336354230025e-05,2.955336353683395e-05,-6.939e-15,-1.4727e-15,-5.4663e-15,0.0,True,0.2122351923908344,opposite_sign,opposite_sign,1.0545026728769445e-16,-2.840039888433679e-15,-2.57442373241464e-24,-2.57442439672288e-24,3.71763933477791e-20,3.71763933477598e-20,1.8586909462023342e-20,1.8586909461681538e-20,1.8589483885755758e-20,1.858948388607826e-20,-1.93e-32,-3.4180412e-31,3.2250412e-31,0.0,True,0.5145263891352605,opposite_sign,opposite_sign,-1.0550969220345395e-16,-1.0550351078481063e-16,-2.95533635422473e-05,-2.95533635382537e-05,2.95533635423533e-05,2.95533635354142e-05,5.3e-17,-1.41975e-15,2.95533635423003e-05,2.955336353683395e-05,-6.9391e-15,-1.47275e-15,-5.46635e-15,0.0,True,0.21223933939559883,opposite_sign,opposite_sign,5.045218987162478e-21,-2.945580573037413e-15
n19_vd_1_vg_1p15,n19_vd_1,n19,1.0,1.1500000000000001,-3.57775799216087e-05,-3.57775799214459e-05,3.57775799217028e-05,3.57775799141465e-05,4.705e-17,-3.6497e-15,3.577757992165575e-05,3.57775799177962e-05,-7.5563e-15,-3.69675e-15,-3.85955e-15,0.0,True,0.48922753199317126,opposite_sign,opposite_sign,1.0563387041242575e-16,-7.299940460793003e-15,-3.11807157227649e-24,-3.1181424893269e-24,3.71866191707335e-20,3.71866191707206e-20,1.859175054958061e-20,1.8591750514115637e-20,1.8594868621152888e-20,1.8594868656604964e-20,-1.29e-32,-3.5464975205e-29,3.5452075205e-29,0.0,True,0.500090951329232,opposite_sign,opposite_sign,-1.0572066682875484e-16,-1.0572579298822376e-16,-3.57775799216087e-05,-3.57775799214459e-05,3.57775799217028e-05,3.57775799141465e-05,4.705e-17,-3.6497e-15,3.577757992165575e-05,3.57775799177962e-05,-7.5563e-15,-3.69675e-15,-3.85955e-15,0.0,True,0.48922753199317126,opposite_sign,opposite_sign,-1.2397991742794536e-19,-7.405703437282255e-15
n19_vd_1_vg_1p2,n19_vd_1,n19,1.0,1.2000000000000002,-4.23228298111692e-05,-4.23228298095742e-05,4.23228298112822e-05,4.2322829822023e-05,5.65e-17,6.2244e-15,4.23228298112257e-05,4.23228298157986e-05,1.07408e-14,6.1679e-15,4.5729e-15,0.0,True,0.5742495903470878,opposite_sign,opposite_sign,1.0589892668251948e-16,1.2448252168344784e-14,-3.69033800560817e-24,-3.69037188942936e-24,3.71974244498601e-20,3.71974244498925e-20,1.8596867055927247e-20,1.8596867039001534e-20,1.8600557393932853e-20,1.8600557410890964e-20,3.24e-32,-1.6925710595e-29,1.6958110595e-29,0.0,True,0.49952189571804306,opposite_sign,opposite_sign,-1.0592835870762514e-16,-1.05934568700066e-16,-4.23228298111692e-05,-4.23228298095742e-05,4.23228298112822e-05,4.23228298220231e-05,5.65e-17,6.22445e-15,4.23228298112257e-05,4.232282981579865e-05,1.07409e-14,6.16795e-15,4.57295e-15,0.0,True,0.5742488990680483,opposite_sign,opposite_sign,-6.662575921729757e-20,1.2342382049864311e-14
n19_vd_1_vg_1p25,n19_vd_1,n19,1.0,1.25,-4.91440003511209e-05,-4.91440003579444e-05,4.91440003512102e-05,4.91440003374358e-05,4.465e-17,-1.02543e-14,4.914400035116555e-05,4.91440003476901e-05,-1.37744e-14,-1.029895e-14,-3.47545e-15,0.0,True,0.7476877395748636,opposite_sign,opposite_sign,1.0609940186046316e-16,-2.050915036230838e-14,-4.28721082204436e-24,-4.28721203986799e-24,3.72087407592173e-20,3.72087407591905e-20,1.8602226774197627e-20,1.8602226773575317e-20,1.8606513985019673e-20,1.8606513985615185e-20,-2.68e-32,-6.22311815e-31,5.95511815e-31,0.0,True,0.5110032353371234,opposite_sign,opposite_sign,-1.0613187099433061e-16,-1.0612642332107486e-16,-4.91440003511209e-05,-4.91440003579444e-05,4.91440003512102e-05,4.91440003374358e-05,4.465e-17,-1.02543e-14,4.914400035116555e-05,4.91440003476901e-05,-1.37744e-14,-1.029895e-14,-3.47545e-15,0.0,True,0.7476877395748636,opposite_sign,opposite_sign,-6.967358741563552e-20,-2.0615313990083005e-14
n19_vd_1_vg_1p3,n19_vd_1,n19,1.0,1.3,-5.62045017110637e-05,-5.62045017050265e-05,5.62045017111692e-05,5.62045017134872e-05,5.275e-17,4.23035e-15,5.620450171111645e-05,5.620450170925685e-05,2.318e-15,4.1776e-15,-1.8596e-15,0.0,True,0.6919764129066455,opposite_sign,opposite_sign,1.0631105888862848e-16,8.46015462230047e-15,-4.90539028524386e-24,-4.90550039020688e-24,3.72205095834434e-20,3.72205095834467e-20,1.8607802096579078e-20,1.8607802041528246e-20,1.861270748686432e-20,1.8612707541918452e-20,3.3e-33,-5.505083151e-29,5.505413151e-29,0.0,True,0.4999850142994943,opposite_sign,opposite_sign,-1.0633084531441785e-16,-1.0634109280187494e-16,-5.62045017110637e-05,-5.62045017050265e-05,5.62045017111692e-05,5.62045017134873e-05,5.275e-17,4.2304e-15,5.620450171111645e-05,5.62045017092569e-05,2.3181e-15,4.17765e-15,-1.85955e-15,0.0,True,0.6919846948916717,opposite_sign,opposite_sign,-5.700202998237928e-20,8.353877957848183e-15
n19_vd_1_vg_1p35,n19_vd_1,n19,1.0,1.35,-6.34737043882897e-05,-6.34737045521805e-05,6.34737045384782e-05,6.34737045419056e-05,7.509425e-14,-5.13745e-15,6.347370446338396e-05,6.347370454704306e-05,3.4274e-15,-8.02317e-14,8.36591e-14,0.0,True,0.4895436473554342,opposite_sign,opposite_sign,1.0652241755247736e-16,-1.0275449541056738e-14,-5.43543636011494e-24,-5.54258558588625e-24,3.72326818136049e-20,3.72326818205162e-20,1.861362318862239e-20,1.8613569617465156e-20,1.8619058624982506e-20,1.8619112203051043e-20,6.9113e-30,-5.3571157235655e-26,5.3578068535655e-26,0.0,True,0.49996774918367237,opposite_sign,opposite_sign,-1.0652495085107976e-16,-1.0651912998366008e-16,-6.34737043882897e-05,-6.34737045521805e-05,6.34737045384782e-05,6.34737045419057e-05,7.509425e-14,-5.1374e-15,6.347370446338396e-05,6.34737045470431e-05,3.4275e-15,-8.023165e-14,8.365915e-14,0.0,True,0.48954334227424606,opposite_sign,opposite_sign,-3.9760544508814554e-20,-1.038191103048954e-14
n19_vd_1_vg_1p4,n19_vd_1,n19,1.0,1.4000000000000001,-7.09261734785717e-05,-7.09261735987587e-05,7.09261735894229e-05,7.09261736007383e-05,5.54256e-14,9.898e-16,7.09261735339973e-05,7.09261735997485e-05,1.13154e-14,-5.44358e-14,6.57512e-14,0.0,True,0.4529258572058542,opposite_sign,opposite_sign,1.0663403023828725e-16,1.9790425763093697e-15,-6.1369048186556e-24,-6.19626588011129e-24,3.72452176406949e-20,3.724521764435e-20,1.861954036793812e-20,1.8619510689234945e-20,1.8625677272756777e-20,1.8625706955115055e-20,3.6551e-30,-2.9678703177845e-26,2.9682358277845e-26,0.0,True,0.4999692129831376,opposite_sign,opposite_sign,-1.0671409499805112e-16,-1.0670959698458554e-16,-7.09261734785717e-05,-7.09261735987587e-05,7.0926173589423e-05,7.09261736007383e-05,5.542565e-14,9.898e-16,7.092617353399734e-05,7.09261735997485e-05,1.13153e-14,-5.443585e-14,6.575115e-14,0.0,True,0.4529262732242256,opposite_sign,opposite_sign,-8.883623470041742e-21,1.8722957403034062e-15
n19_vd_1_vg_1p45,n19_vd_1,n19,1.0,1.4500000000000002,-7.85403521228256e-05,-7.85403522317544e-05,7.85403521946109e-05,7.8540352230918e-05,3.589265e-14,-4.182e-16,7.854035215871825e-05,7.85403522313362e-05,3.63071e-14,-3.631085e-14,7.261795e-14,0.0,True,0.3333448087190899,opposite_sign,opposite_sign,1.0689990930927047e-16,-8.369432702640409e-16,-6.83070028057777e-24,-6.86467397615822e-24,3.72580851609466e-20,3.72580851629497e-20,1.8625627230333013e-20,1.862561024448677e-20,1.8632457930613587e-20,1.8632474918462928e-20,2.0031e-30,-1.6985846240225e-26,1.6987849340225e-26,0.0,True,0.4999705198394555,opposite_sign,opposite_sign,-1.0689823673299834e-16,-1.0689930258178102e-16,-7.85403521228256e-05,-7.85403522317544e-05,7.8540352194611e-05,7.85403522309181e-05,3.58927e-14,-4.1815e-16,7.85403521587183e-05,7.854035223133625e-05,3.63071e-14,-3.631085e-14,7.261795e-14,0.0,True,0.3333448087190899,opposite_sign,opposite_sign,7.284153901664656e-20,-9.437849563762188e-16
n19_vd_1_vg_1p5,n19_vd_1,n19,1.0,1.5,-8.62978910592245e-05,-8.62978911448549e-05,8.62978910910547e-05,8.6297891126375e-05,1.59151e-14,-9.23995e-15,8.62978910751396e-05,8.629789113561496e-05,3.53203e-14,-2.515505e-14,6.047535e-14,0.0,True,0.29376307946710517,opposite_sign,opposite_sign,1.0700536048912708e-16,-1.8480437372914408e-14,-7.52590060602493e-24,-7.54621940591184e-24,3.72711602891396e-20,3.72711602904376e-20,1.8631817194266787e-20,1.8631807035515844e-20,1.8639343094872813e-20,1.8639353254921755e-20,1.298e-30,-1.0158750943455e-26,1.0160048943455e-26,0.0,True,0.4999680591371729,opposite_sign,opposite_sign,-1.0707738878066747e-16,-1.0707687067457397e-16,-8.62978910592245e-05,-8.62978911448549e-05,8.62978910910548e-05,8.62978911263751e-05,1.591515e-14,-9.2399e-15,8.629789107513965e-05,8.6297891135615e-05,3.53203e-14,-2.515505e-14,6.047535e-14,0.0,True,0.29376307946710517,opposite_sign,opposite_sign,-8.71708629965584e-22,-1.858745663951296e-14
n19_vd_1_vg_1p55,n19_vd_1,n19,1.0,1.55,-9.41832163169018e-05,-9.41832163893704e-05,9.41832163533634e-05,9.41832163916367e-05,1.82308e-14,1.13315e-15,9.41832163351326e-05,9.418321639050355e-05,3.82733e-14,-1.709765e-14,5.537095e-14,0.0,True,0.2359318380650378,opposite_sign,opposite_sign,1.0727370384560934e-16,2.2657429913900686e-15,-8.2269953595021e-24,-8.23955013264306e-24,3.72844506338964e-20,3.72844506346022e-20,1.863811181926845e-20,1.863810554223478e-20,1.8646338814627952e-20,1.864634509236742e-20,7.058e-31,-6.27703367048e-27,6.27773947048e-27,0.0,True,0.49997189116871826,opposite_sign,opposite_sign,-1.0725165503434346e-16,-1.0724501044187452e-16,-9.41832163169018e-05,-9.41832163893704e-05,9.41832163533634e-05,9.41832163916368e-05,1.82308e-14,1.1332e-15,9.41832163351326e-05,9.41832163905036e-05,3.82734e-14,-1.70976e-14,5.5371e-14,0.0,True,0.235931148111044,opposite_sign,opposite_sign,-1.5227412288941966e-20,2.1585691249543585e-15
n19_vd_1_vg_1p6,n19_vd_1,n19,1.0,1.6,-0.000102182876706574,-0.000102182876764501,0.000102182876733479,0.000102182876757371,1.34525e-14,-3.565e-15,0.0001021828767200265,0.000102182876760936,2.3892e-14,-1.70175e-14,4.09095e-14,0.0,True,0.29377492361075147,opposite_sign,opposite_sign,1.0701954875012325e-16,-7.130550448847525e-15,-8.93545776870957e-24,-8.94349840760036e-24,3.72979280819578e-20,3.72979280823868e-20,1.8644496312094545e-20,1.86444922919896e-20,1.8653431769863256e-20,1.86534357903972e-20,4.29e-31,-4.020104945395e-27,4.020533945395e-27,0.0,True,0.49997332301538305,opposite_sign,opposite_sign,-1.0742115526250481e-16,-1.0741044879383802e-16,-0.000102182876706574,-0.000102182876764501,0.000102182876733479,0.000102182876757371,1.34525e-14,-3.565e-15,0.0001021828767200265,0.000102182876760936,2.3892e-14,-1.70175e-14,4.09095e-14,0.0,True,0.29377492361075147,opposite_sign,opposite_sign,-4.388955049757647e-19,-7.237998186625947e-15
n19_vd_1_vg_1p65,n19_vd_1,n19,1.0,1.6500000000000001,-0.000110284971551213,-0.000110284971591233,0.000110284971551818,0.000110284971590612,3.025e-16,-3.105e-16,0.0001102849715515155,0.0001102849715909225,3.8794e-14,-6.13e-16,3.9407e-14,0.0,True,0.015317341329335332,opposite_sign,opposite_sign,1.0700609117859354e-16,-6.215438089948853e-16,-9.65175494058517e-24,-9.65703010827273e-24,3.73116083848104e-20,3.73116083850956e-20,1.865097831493491e-20,1.8650975677493664e-20,1.8660630069875493e-20,1.8660632707601935e-20,2.852e-31,-2.63744124378e-27,2.63772644378e-27,0.0,True,0.4999729676839778,opposite_sign,opposite_sign,-1.0758594162208013e-16,-1.0758484754695501e-16,-0.000110284971551213,-0.000110284971591233,0.000110284971551818,0.000110284971590612,3.025e-16,-3.105e-16,0.0001102849715515155,0.0001102849715909225,3.8794e-14,-6.13e-16,3.9407e-14,0.0,True,0.015317341329335332,opposite_sign,opposite_sign,-6.171524001164222e-19,-7.291659584931947e-16
n19_vd_1_vg_1p7,n19_vd_1,n19,1.0,1.7000000000000002,-0.000118479273956073,-0.000118479273979037,0.000118479273882801,0.000118479273979812,-3.6636e-14,3.875e-16,0.000118479273919437,0.0001184792739794245,9.7011e-14,3.70235e-14,5.99875e-14,0.0,True,0.38164228798796007,opposite_sign,opposite_sign,1.0748992643183827e-16,7.74446700816557e-16,-1.03754975828141e-23,-1.03792549350681e-23,3.73254908741858e-20,3.73254908745644e-20,1.8657557688301492e-20,1.8657555809814665e-20,1.8667933185884306e-20,1.8667935064749735e-20,3.786e-31,-1.878486827e-27,1.878865427e-27,0.0,True,0.49994961877747857,opposite_sign,opposite_sign,-1.0774614586244139e-16,-1.0774792297753538e-16,-0.000118479273956073,-0.000118479273979037,0.000118479273882801,0.000118479273979812,-3.6636e-14,3.875e-16,0.000118479273919437,0.0001184792739794245,9.7011e-14,3.70235e-14,5.99875e-14,0.0,True,0.38164228798796007,opposite_sign,opposite_sign,-2.9353454596164494e-19,6.666614627274016e-16
n19_vd_1_vg_1p75,n19_vd_1,n19,1.0,1.75,-0.000126756696778142,-0.000126756696799549,0.000126756696758009,0.000126756696799964,-1.00665e-14,2.075e-16,0.0001267566967680755,0.0001267566967997565,4.1955e-14,1.0274e-14,3.1681e-14,0.0,True,0.24488142056965798,opposite_sign,opposite_sign,1.0837381077207387e-16,4.1444982036838364e-16,-1.11069447026085e-23,-1.11093803097763e-23,3.73395401297415e-20,3.73395401297825e-20,1.8664216592519447e-20,1.8664215374736363e-20,1.8675323537222054e-20,1.867532475504614e-20,4.1e-32,-1.2177830839e-27,1.2178240839e-27,0.0,True,0.4999915832075586,opposite_sign,opposite_sign,-1.0790187630307996e-16,-1.0789769951207753e-16,-0.000126756696778142,-0.000126756696799549,0.000126756696758009,0.000126756696799964,-1.00665e-14,2.075e-16,0.0001267566967680755,0.0001267566967997565,4.1955e-14,1.0274e-14,3.1681e-14,0.0,True,0.24488142056965798,opposite_sign,opposite_sign,4.34606035774219e-19,3.0651479242555697e-16
n19_vd_1_vg_1p8,n19_vd_1,n19,1.0,1.8,-0.000135109307521067,-0.000135109307538802,0.000135109307480263,0.000135109307544117,-2.0402e-14,2.6575e-15,0.000135109307500665,0.0001351093075414595,6.3854e-14,2.30595e-14,4.07945e-14,0.0,True,0.36112851191781253,opposite_sign,opposite_sign,1.0795701861031505e-16,5.3144462285260095e-15,-1.18450457239147e-23,-1.18467136038504e-23,3.73537463498632e-20,3.73537463499287e-20,1.8670950652069643e-20,1.8670949818162425e-20,1.8682795697793558e-20,1.8682796531766276e-20,6.55e-32,-8.3390721785e-28,8.3397271785e-28,0.0,True,0.4999803642940364,opposite_sign,opposite_sign,-1.0805326697301386e-16,-1.0805384933292467e-16,-0.000135109307521067,-0.000135109307538802,0.000135109307480263,0.000135109307544117,-2.0402e-14,2.6575e-15,0.000135109307500665,0.0001351093075414595,6.3854e-14,2.30595e-14,4.07945e-14,0.0,True,0.36112851191781253,opposite_sign,opposite_sign,-1.33590263980872e-19,5.206355037293448e-15
n19_vd_1_vg_1p85,n19_vd_1,n19,1.0,1.85,-0.000143529938476921,-0.000143529938493599,0.000143529938424131,0.000143529938505935,-2.6395e-14,6.168e-15,0.000143529938450526,0.000143529938499767,8.1804e-14,3.2563e-14,4.9241e-14,0.0,True,0.3980612195002689,opposite_sign,opposite_sign,1.0773882076690441e-16,1.2335440243462948e-14,-1.25894428444204e-23,-1.25906289314494e-23,3.73680779150533e-20,3.73680779151198e-20,1.867774423610444e-20,1.8677743643094176e-20,1.869033367894886e-20,1.8690334272025623e-20,6.65e-32,-5.930102645e-28,5.930767645e-28,0.0,True,0.49997196664394183,opposite_sign,opposite_sign,-1.0820041615906879e-16,-1.0820070286861181e-16,-0.000143529938476921,-0.000143529938493599,0.000143529938424131,0.000143529938505935,-2.6395e-14,6.168e-15,0.000143529938450526,0.000143529938499767,8.1804e-14,3.2563e-14,4.9241e-14,0.0,True,0.3980612195002689,opposite_sign,opposite_sign,-4.989508806970349e-19,1.2227202185107048e-14
n19_vd_1_vg_1p9,n19_vd_1,n19,1.0,1.9000000000000001,-0.000152012189723269,-0.000152012189747373,0.000152012189656018,0.00015201218973245,-3.36255e-14,-7.4615e-15,0.0001520121896896435,0.0001520121897399115,7.6432e-14,2.6164e-14,5.0268e-14,0.0,True,0.3423173539878585,opposite_sign,opposite_sign,1.0825964180097889e-16,-1.492354476836521e-14,-1.33398266780754e-23,-1.33405655576681e-23,3.73825320436059e-20,3.73825320436172e-20,1.8684596108463912e-20,1.8684595739029767e-20,1.8697935935141987e-20,1.8697936304587435e-20,1.13e-32,-3.6943414635e-28,3.6944544635e-28,0.0,True,0.499992353287253,opposite_sign,opposite_sign,-1.0834342166607808e-16,-1.0834622834544994e-16,-0.000152012189723269,-0.000152012189747373,0.000152012189656018,0.00015201218973245,-3.36255e-14,-7.4615e-15,0.0001520121896896435,0.0001520121897399115,7.6432e-14,2.6164e-14,5.0268e-14,0.0,True,0.3423173539878585,opposite_sign,opposite_sign,-1.2114905732253842e-19,-1.5031928365902137e-14
n19_vd_1_vg_1p95,n19_vd_1,n19,1.0,1.9500000000000002,-0.000160549973445574,-0.000160549973448765,0.000160549973365846,0.000160549973473757,-3.9864e-14,1.2496e-14,0.00016054997340571,0.000160549973461261,1.07911e-13,5.236e-14,5.5551e-14,0.0,True,0.4852146676427797,opposite_sign,opposite_sign,1.0794267844939947e-16,2.4991438433244706e-14,-1.40954338207704e-23,-1.40960134063245e-23,3.73971053509517e-20,3.73971053509906e-20,1.8691504958565463e-20,1.8691504668792138e-20,1.8705600392386236e-20,1.870560068219846e-20,3.89e-32,-2.8977332705e-28,2.8981222705e-28,0.0,True,0.4999664415376429,opposite_sign,opposite_sign,-1.0848239393328287e-16,-1.0849489731548942e-16,-0.000160549973445574,-0.000160549973448765,0.000160549973365846,0.000160549973473757,-3.9864e-14,1.2496e-14,0.00016054997340571,0.000160549973461261,1.07911e-13,5.236e-14,5.5551e-14,0.0,True,0.4852146676427797,opposite_sign,opposite_sign,-5.770984938060134e-19,2.4882906152919877e-14
n19_vd_1_vg_2,n19_vd_1,n19,1.0,2.0,-0.000169138290256683,-0.000169138290266708,0.000169138290167445,0.000169138290270366,-4.4619e-14,1.829e-15,0.000169138290212064,0.000169138290268537,1.02921e-13,4.6448e-14,5.6473e-14,0.0,True,0.45129759718619133,opposite_sign,opposite_sign,1.0864620302943709e-16,3.6574556693635865e-15,-1.48559579557707e-23,-1.48565148390003e-23,3.74117817713325e-20,3.74117817713473e-20,1.8698462906688365e-20,1.869846262825415e-20,1.8713318864644134e-20,1.871331914309315e-20,1.48e-32,-2.784342148e-28,2.784490148e-28,0.0,True,0.499986711756421,opposite_sign,opposite_sign,-1.0861739226208663e-16,-1.0860855524599149e-16,-0.000169138290256683,-0.000169138290266708,0.000169138290167445,0.000169138290270366,-4.4619e-14,1.829e-15,0.000169138290212064,0.000169138290268537,1.02921e-13,4.6448e-14,5.6473e-14,0.0,True,0.45129759718619133,opposite_sign,opposite_sign,-8.586158474614682e-21,3.5488097171923374e-15
n19_vd_1_vg_2p05,n19_vd_1,n19,1.0,2.0500000000000003,-0.000177772409091906,-0.000177772409102536,0.000177772408996955,0.000177772409112268,-4.74755e-14,4.866e-15,0.0001777724090444305,0.000177772409107402,1.15313e-13,5.23415e-14,6.29715e-14,0.0,True,0.45390805893524583,opposite_sign,opposite_sign,1.0844953201415014e-16,9.731426202886034e-15,-1.56213736922671e-23,-1.56216494317969e-23,3.74265379522169e-20,3.74265379522534e-20,1.8705458289262318e-20,1.87054581514108e-20,1.8721079662954582e-20,1.87210798008426e-20,3.65e-32,-1.378515149e-28,1.378880149e-28,0.0,True,0.49993381435003803,opposite_sign,opposite_sign,-1.0874847705770347e-16,-1.0874999950051418e-16,-0.000177772409091906,-0.000177772409102536,0.000177772408996955,0.000177772409112268,-4.74755e-14,4.866e-15,0.0001777724090444305,0.000177772409107402,1.15313e-13,5.23415e-14,6.29715e-14,0.0,True,0.45390805893524583,opposite_sign,opposite_sign,-3.3635596014488036e-19,9.622638792469216e-15
n19_vd_1_vg_2p1,n19_vd_1,n19,1.0,2.1,-0.000186447991067239,-0.000186447991071146,0.000186447990968762,0.000186447991072155,-4.92385e-14,5.045e-16,0.0001864479910180005,0.0001864479910716505,1.03393e-13,4.9743e-14,5.365e-14,0.0,True,0.48110607101061004,opposite_sign,opposite_sign,1.0869820961651726e-16,1.0084223303854403e-15,-1.63908633880745e-23,-1.63910340714706e-23,3.74413834740263e-20,3.74413834740307e-20,1.8712496305319113e-20,1.8712496219979614e-20,1.872888716870719e-20,1.8728887254051085e-20,4.4e-33,-8.533949805e-29,8.534389805e-29,0.0,True,0.49998711063846707,opposite_sign,opposite_sign,-1.0887570974029136e-16,-1.0888148936643705e-16,-0.000186447991067239,-0.000186447991071146,0.000186447990968762,0.000186447991072155,-4.92385e-14,5.045e-16,0.0001864479910180005,0.0001864479910716505,1.03393e-13,4.9743e-14,5.365e-14,0.0,True,0.48110607101061004,opposite_sign,opposite_sign,-2.1492511638060817e-19,8.995034160265625e-16
n19_vd_1_vg_2p15,n19_vd_1,n19,1.0,2.15,-0.00019516103337306,-0.000195161033382245,0.000195161033275072,0.000195161033373726,-4.8994e-14,-4.2595e-15,0.000195161033324066,0.0001951610333779855,9.8654e-14,4.47345e-14,5.39195e-14,0.0,True,0.4534484156749853,opposite_sign,opposite_sign,1.090125721102898e-16,-8.519574546226877e-15,-1.71642478564331e-23,-1.71643147948662e-23,3.74563091158206e-20,3.745630911581e-20,1.8719572433982083e-20,1.8719572400507567e-20,1.8736736681838518e-20,1.8736736715302432e-20,-1.06e-32,-3.347451655e-29,3.346391655e-29,0.0,True,0.5000791772342815,opposite_sign,opposite_sign,-1.0899913879356303e-16,-1.08991176402933e-16,-0.00019516103337306,-0.000195161033382245,0.000195161033275072,0.000195161033373726,-4.8994e-14,-4.2595e-15,0.000195161033324066,0.0001951610333779855,9.8654e-14,4.47345e-14,5.39195e-14,0.0,True,0.4534484156749853,opposite_sign,opposite_sign,-2.4005828112668557e-20,-8.628603161774611e-15
n19_vd_1_vg_2p2,n19_vd_1,n19,1.0,2.2,-0.000203907841839393,-0.000203907841846896,0.000203907841744706,0.000203907841850768,-4.73435e-14,1.936e-15,0.0002039078417920495,0.000203907841848832,1.06062e-13,4.92795e-14,5.67825e-14,0.0,True,0.46462917915935964,opposite_sign,opposite_sign,1.0883303635627759e-16,3.8714186418111966e-15,-1.79410377876397e-23,-1.79411640056548e-23,3.74713069360991e-20,3.74713069361159e-20,1.872668294915573e-20,1.8726682886055124e-20,1.874462398694337e-20,1.8744624050060778e-20,1.68e-32,-6.310060755e-29,6.311740755e-29,0.0,True,0.49993344848599186,opposite_sign,opposite_sign,-1.091188095709917e-16,-1.0911968737062789e-16,-0.000203907841839393,-0.000203907841846896,0.000203907841744706,0.000203907841850768,-4.73435e-14,1.936e-15,0.0002039078417920495,0.000203907841848832,1.06062e-13,4.92795e-14,5.67825e-14,0.0,True,0.46462917915935964,opposite_sign,opposite_sign,-3.2322658062894475e-19,3.762261501074798e-15
n19_vd_1_vg_2p25,n19_vd_1,n19,1.0,2.25,-0.000212684990407196,-0.000212684990412069,0.000212684990318,0.000212684990413925,-4.4598e-14,9.28e-16,0.000212684990362598,0.000212684990412997,9.5925e-14,4.5526e-14,5.0399e-14,0.0,True,0.4745999478759447,opposite_sign,opposite_sign,1.0924339393054478e-16,1.855452051100935e-15,-1.87211311474938e-23,-1.87212764962246e-23,3.74863695435405e-20,3.748636954355e-20,1.8733824206196503e-20,1.8733824133526887e-20,1.8752545337343998e-20,1.8752545410023112e-20,9.5e-33,-7.26696154e-29,7.26791154e-29,0.0,True,0.4999673199760751,opposite_sign,opposite_sign,-1.092347707296956e-16,-1.0924154075592294e-16,-0.000212684990407196,-0.000212684990412069,0.000212684990318,0.000212684990413926,-4.4598e-14,9.285e-16,0.000212684990362598,0.0002126849904129975,9.5926e-14,4.55265e-14,5.03995e-14,0.0,True,0.47460021266392843,opposite_sign,opposite_sign,-2.884444756103681e-20,1.7471488246519818e-15
n19_vd_1_vg_2p3,n19_vd_1,n19,1.0,2.3000000000000003,-0.000221489285797474,-0.000221489285803344,0.000221489285715277,0.000221489285810712,-4.10985e-14,3.684e-15,0.0002214892857563755,0.000221489285807028,9.5435e-14,4.47825e-14,5.06525e-14,0.0,True,0.46924608372190496,opposite_sign,opposite_sign,1.0888658118517901e-16,7.3674264092339e-15,-1.95042781077198e-23,-1.9504368565236e-23,3.75014906505268e-20,3.75014906505432e-20,1.874099318620954e-20,1.8740993140988982e-20,1.876049746431726e-20,1.876049750955422e-20,1.64e-32,-4.52205581e-29,4.52369581e-29,0.0,True,0.49990934971084255,opposite_sign,opposite_sign,-1.0934708101294858e-16,-1.0933912634693903e-16,-0.000221489285797474,-0.000221489285803344,0.000221489285715277,0.000221489285810712,-4.10985e-14,3.684e-15,0.0002214892857563755,0.000221489285807028,9.5435e-14,4.47825e-14,5.06525e-14,0.0,True,0.46924608372190496,opposite_sign,opposite_sign,-4.979818141168757e-19,7.25804980090068e-15
n19_vd_1_vg_2p35,n19_vd_1,n19,1.0,2.35,-0.000230317736565064,-0.000230317736567102,0.000230317736490828,0.000230317736584625,-3.7118e-14,8.7615e-15,0.000230317736527946,0.0002303177365758635,9.3797e-14,4.58795e-14,4.79175e-14,0.0,True,0.48913611309530153,opposite_sign,opposite_sign,1.09429466220311e-16,1.752244236576015e-14,-2.02901214212074e-23,-2.02901750348478e-23,3.75166644408653e-20,3.75166644409016e-20,1.8748187159722048e-20,1.8748187132933376e-20,1.8768477281143255e-20,1.8768477307968224e-20,3.63e-32,-2.67886702e-29,2.68249702e-29,0.0,True,0.4996614667486746,opposite_sign,opposite_sign,-1.0945581479297456e-16,-1.0946145958978713e-16,-0.000230317736565064,-0.000230317736567102,0.000230317736490828,0.000230317736584625,-3.7118e-14,8.7615e-15,0.000230317736527946,0.0002303177365758635,9.3797e-14,4.58795e-14,4.79175e-14,0.0,True,0.48913611309530153,opposite_sign,opposite_sign,-6.384494699204079e-20,1.7412943409796096e-14
n19_vd_1_vg_2p4,n19_vd_1,n19,1.0,2.4000000000000004,-0.000239167532264068,-0.000239167532268508,0.000239167532198122,0.000239167532267905,-3.2973e-14,-3.015e-16,0.000239167532231095,0.0002391675322682065,6.9783e-14,3.26715e-14,3.71115e-14,0.0,True,0.46818709427797606,opposite_sign,opposite_sign,1.0998000181896441e-16,-6.035758712102723e-16,-2.10784850038053e-23,-2.10784404436082e-23,3.75318854222814e-20,3.75318854222831e-20,1.8755403468638797e-20,1.8755403490919746e-20,1.8776481953642604e-20,1.8776481931363353e-20,1.7e-33,2.228094855e-29,-2.227924855e-29,0.0,True,0.5000190753195748,opposite_sign,opposite_sign,-1.0956106476993273e-16,-1.0955722334816416e-16,-0.000239167532264068,-0.000239167532268508,0.000239167532198122,0.000239167532267905,-3.2973e-14,-3.015e-16,0.000239167532231095,0.0002391675322682065,6.9783e-14,3.26715e-14,3.71115e-14,0.0,True,0.46818709427797606,opposite_sign,opposite_sign,3.814262420582985e-19,-7.131706053654184e-16
n19_vd_1_vg_2p45,n19_vd_1,n19,1.0,2.45,-0.000248036013653404,-0.000248036013660118,0.00024803601359564,0.000248036013676107,-2.8882e-14,7.9945e-15,0.000248036013624522,0.0002480360136681125,8.0467e-14,3.68765e-14,4.35905e-14,0.0,True,0.458281034461332,opposite_sign,opposite_sign,1.1046372148633774e-16,1.5988429708763713e-14,-2.18688480054377e-23,-2.18689244747524e-23,3.75471484648483e-20,3.75471484648935e-20,1.876263980842143e-20,1.8762639770209373e-20,1.8784508656426868e-20,1.8784508694684127e-20,4.52e-32,-3.821205735e-29,3.825725735e-29,0.0,True,0.4997044566165048,opposite_sign,opposite_sign,-1.0966294267165016e-16,-1.0965753760340159e-16,-0.000248036013653404,-0.000248036013660118,0.00024803601359564,0.000248036013676107,-2.8882e-14,7.9945e-15,0.000248036013624522,0.0002480360136681125,8.0467e-14,3.68765e-14,4.35905e-14,0.0,True,0.458281034461332,opposite_sign,opposite_sign,7.632535350433338e-19,1.587873464588077e-14
n19_vd_1_vg_2p5,n19_vd_1,n19,1.0,2.5,-0.000256920654775432,-0.00025692065477908,0.000256920654725457,0.0002569206547864,-2.49875e-14,3.66e-15,0.0002569206547504445,0.00025692065478274,6.0943e-14,2.86475e-14,3.22955e-14,0.0,True,0.4700703936465221,opposite_sign,opposite_sign,1.0972380315765701e-16,7.319419142002597e-15,-2.26612873029909e-23,-2.26614001646815e-23,3.75624487484774e-20,3.75624487485001e-20,1.8769893730587205e-20,1.876989367416771e-20,1.8792555017890195e-20,1.8792555074332392e-20,2.27e-32,-5.64194953e-29,5.64421953e-29,0.0,True,0.4998994344321827,opposite_sign,opposite_sign,-1.0976157653093482e-16,-1.0976246110779866e-16,-0.000256920654775432,-0.00025692065477908,0.000256920654725457,0.0002569206547864,-2.49875e-14,3.66e-15,0.0002569206547504445,0.00025692065478274,6.0943e-14,2.86475e-14,3.22955e-14,0.0,True,0.4700703936465221,opposite_sign,opposite_sign,-7.531316074540676e-20,7.20961914110745e-15
n20_vd_0p05_vg_0,n20_vd_0p05,n20,0.05,0.0,-1.91290892933218e-15,-1.03068712720694e-14,1.93235227556705e-15,-4.18228059276583e-15,9.721673117435e-18,-7.244575932417615e-15,1.922630602449615e-15,3.062295339651785e-15,-6.11463286833288e-15,-7.25429760553505e-15,1.13966473720217e-15,0.0,True,0.8642280378838902,opposite_sign,same_sign,1.9029007187482893e-17,-1.4489579943075128e-14,1.42264986316265e-27,-4.33312123228342e-32,3.17106011051349e-20,3.17106009657912e-20,1.585530126389238e-20,1.5855300482873934e-20,1.585529984124252e-20,1.5855300482917264e-20,-1.393437e-28,-7.810184471874864e-28,6.4167474718748645e-28,0.0,True,0.5489718024064975,same_sign,opposite_sign,-1.9029007187485814e-17,-1.9026276480284852e-17,-1.91290892933076e-15,-1.03068712720694e-14,1.93238398616816e-15,-4.18224888216486e-15,9.7375284187e-18,-7.24456007711713e-15,1.92264645774946e-15,3.06231119495227e-15,-6.11463286833302e-15,-7.25429760553583e-15,1.13966473720281e-15,0.0,True,0.8642280378838368,opposite_sign,same_sign,-8.936314941956774e-31,-1.450860621955541e-14
n20_vd_0p05_vg_0p05,n20_vd_0p05,n20,0.05,0.05,-6.15034970775956e-15,-1.03161332438283e-14,6.16399627303072e-15,-4.17308230843557e-15,6.82328263558e-18,-7.244607776131935e-15,6.15717299039514e-15,3.071525467696365e-15,-1.033707858146629e-14,-7.251431058767515e-15,-3.085647522698775e-15,0.0,True,0.701497139798169,opposite_sign,same_sign,1.911248646227579e-17,-1.448964364639502e-14,1.56334286126055e-26,-2.16679091254709e-32,3.1710200499627e-20,3.17101943702535e-20,1.5855108066527806e-20,1.5855097185115917e-20,1.5855092433099195e-20,1.5855097185137584e-20,-6.1293735e-27,-1.0881411890257312e-26,4.7520383902573124e-27,0.0,True,0.6960339333294707,same_sign,opposite_sign,-1.9112486462277746e-17,-1.911287249126257e-17,-6.15034970774392e-15,-1.03161332438283e-14,6.16402798323122e-15,-4.1730505982412e-15,6.83913774365e-18,-7.24459192103475e-15,6.15718884548757e-15,3.07154132279355e-15,-1.033707858147242e-14,-7.2514310587784e-15,-3.08564752269402e-15,0.0,True,0.7014971397988058,opposite_sign,same_sign,5.562085679390337e-30,-1.450875651888628e-14
n20_vd_0p05_vg_0p1,n20_vd_0p05,n20,0.05,0.1,-2.01652073514827e-14,-2.25791165780333e-14,2.0183301606178e-14,2.25881450363889e-14,9.04712734765e-18,4.5142291778e-18,2.017425447883035e-14,2.25836308072111e-14,2.4048434302109e-15,-4.53289816985e-18,2.40937632838075e-15,0.0,True,0.0018778246174266328,opposite_sign,opposite_sign,1.924003379680861e-17,8.600346315355603e-18,4.47514356184193e-28,-3.98178460335612e-32,3.17098031778608e-20,3.17098025278233e-20,1.585490181268758e-20,1.585490126389174e-20,1.5854901365173222e-20,1.585490126393156e-20,-6.500375e-28,-5.487958370151133e-28,-1.0124166298488672e-28,0.0,True,0.8442525808358953,same_sign,opposite_sign,-1.9240033796735025e-17,-1.9229935570177815e-17,-2.01652073514823e-14,-2.25791165780333e-14,2.01833333159812e-14,2.25881767461914e-14,9.06298224945e-18,4.53008407905e-18,2.017427033373175e-14,2.258364666211235e-14,2.4048434302102e-15,-4.5328981704e-18,2.4093763283806e-15,0.0,True,0.0018778246176541682,opposite_sign,opposite_sign,4.935002889497853e-29,-1.0629589254850222e-17
n20_vd_0p05_vg_0p15,n20_vd_0p05,n20,0.05,0.15000000000000002,-6.79703073262768e-14,-7.35095265998219e-14,6.69114130294518e-14,6.91288215911675e-14,-5.294471484125e-16,-2.1903525043272e-15,6.74408601778643e-14,7.13191740954947e-14,2.2174085617157e-15,-1.6609053559147e-15,3.8783139176304e-15,0.0,True,0.29984466653036485,opposite_sign,opposite_sign,1.9399940560507062e-17,-4.381133140763119e-15,3.52331513120752e-25,1.94488206599264e-31,3.17095432191093e-20,3.17094287142155e-20,1.585494777531121e-20,1.5854714357204993e-20,1.585459544379809e-20,1.5854714357010504e-20,-1.145048938e-25,-2.334181062162727e-25,1.189132124162727e-25,0.0,True,0.6624960481009918,same_sign,same_sign,-1.9399940560367877e-17,-1.9384747258742292e-17,-6.79703073259245e-14,-7.35095265998219e-14,6.6911444738995e-14,6.91288533005962e-14,-5.2943129346475e-16,-2.19033664961285e-15,6.744087603245975e-14,7.131918995020906e-14,2.2174085616012e-15,-1.6609053561481e-15,3.8783139177493e-15,0.0,True,0.2998446665534303,opposite_sign,opposite_sign,8.71691300269218e-29,-4.400517888021879e-15
n20_vd_0p05_vg_0p2,n20_vd_0p05,n20,0.05,0.2,-2.42262560972703e-13,-2.30927209901397e-13,2.1847549967857e-13,2.25887554180225e-13,-1.18935306470665e-14,-2.519827860586e-15,2.303690303256365e-13,2.28407382040811e-13,7.412054501655e-15,9.3737027864805e-15,-1.9616482848255e-15,0.0,True,0.8269441967447163,opposite_sign,opposite_sign,1.9582048032878146e-17,-5.04008387567021e-15,1.37243215513949e-24,6.10828543452528e-31,3.17095214144959e-20,3.17090755441712e-20,1.585544692332552e-20,1.5854537772391014e-20,1.585407449117038e-20,1.5854537771780187e-20,-4.458703247e-25,-9.091509345054733e-25,4.632806098054733e-25,0.0,True,0.662438092649589,same_sign,same_sign,-1.958204803343245e-17,-1.958557523627072e-17,-2.4226256097133e-13,-2.30927209901397e-13,2.18475531388091e-13,2.258875858893e-13,-1.18935147916195e-14,-2.5198120060485e-15,2.303690461797105e-13,2.284073978953485e-13,7.412054501209e-15,9.373702785571e-15,-1.961648284362e-15,0.0,True,0.8269441967646446,opposite_sign,opposite_sign,-3.1238891846752067e-28,-5.059669450907016e-15
n20_vd_0p05_vg_0p25,n20_vd_0p05,n20,0.05,0.25,-7.90942873023422e-13,-7.8369366279334e-13,7.59957498033971e-13,7.70293303042118e-13,-1.54926874947255e-14,-6.700179875611e-15,7.754501855286965e-13,7.76993482917729e-13,1.0335805008147e-14,8.7925076191145e-15,1.5432973890325e-15,0.0,True,0.8506843552276745,opposite_sign,opposite_sign,1.9752721249665995e-17,-1.3400787930617233e-14,9.44962710889512e-25,2.38700786798905e-31,3.17090523093588e-20,3.17087442450659e-20,1.5854998636034845e-20,1.58543721226523e-20,1.5854053673323955e-20,1.58543721224136e-20,-3.080642929e-25,-6.265133825443626e-25,3.184490896443626e-25,0.0,True,0.6630034535585633,same_sign,same_sign,-1.975272125002033e-17,-1.9747500633183095e-17,-7.90942873022477e-13,-7.8369366279334e-13,7.59957529743023e-13,7.70293334750862e-13,-1.5492671639727e-14,-6.700164021239e-15,7.7545020138275e-13,7.76993498772101e-13,1.0335805007839e-14,8.792507618488e-15,1.543297389351e-15,0.0,True,0.8506843551924098,opposite_sign,opposite_sign,-5.742907390008966e-28,-1.3420535431250697e-14
n20_vd_0p05_vg_0p3,n20_vd_0p05,n20,0.05,0.30000000000000004,-2.63827350564604e-12,-2.65998357523906e-12,2.64906837061961e-12,2.66915156364046e-12,5.397432486785e-15,4.5839942007e-15,2.643670938132825e-12,2.66456756943976e-12,2.008319302085e-14,-8.13438286085e-16,2.0896631306935e-14,0.0,True,0.037468248666808895,opposite_sign,opposite_sign,1.9853484280705465e-17,9.167560194335633e-15,6.4940155200163e-25,-6.50107226678617e-32,3.17086495068092e-20,3.17084362068045e-20,1.5854649454180602e-20,1.5854218103369745e-20,1.58540000526286e-20,1.5854218103434754e-20,-2.133000047e-25,-4.313508108561763e-25,2.1805080615617633e-25,0.0,True,0.6642281133217003,same_sign,opposite_sign,-1.985348427696844e-17,-1.9854862202233658e-17,-2.63827350564539e-12,-2.65998357523906e-12,2.64906840232826e-12,2.6691515953489e-12,5.397448341435e-15,4.58401005492e-15,2.643670953986825e-12,2.66456758529398e-12,2.008319302064e-14,-8.13438286515e-16,2.0896631307155e-14,0.0,True,0.037468248685493574,opposite_sign,opposite_sign,4.330846369663355e-27,9.147705332137225e-15
n20_vd_0p05_vg_0p35,n20_vd_0p05,n20,0.05,0.35000000000000003,-9.23401183073785e-12,-9.23327435997132e-12,9.23403217766215e-12,9.22860439231988e-12,1.017346215e-17,-2.33498382572e-15,9.2340220042e-12,9.2309393761456e-12,-5.42778534227e-15,-2.34515728787e-15,-3.0826280544e-15,0.0,True,0.4320652236569864,opposite_sign,opposite_sign,1.9871775715474128e-17,-4.670395889319771e-15,-1.78442099618098e-28,-1.14764743570965e-30,3.17081548796826e-20,3.17081549815037e-20,1.585407735062025e-20,1.5854077490178027e-20,1.585407752906235e-20,1.5854077491325674e-20,1.018211e-28,1.3955777609119418e-28,-3.7736676091194176e-29,0.0,True,0.7871525271847013,opposite_sign,opposite_sign,-1.987177573198426e-17,-1.9861925662663645e-17,-9.23401183073785e-12,-9.23327435997132e-12,9.23403220937031e-12,9.22860442402804e-12,1.018931623e-17,-2.33496797164e-15,9.23402202005408e-12,9.23093939199968e-12,-5.42778534227e-15,-2.34515728787e-15,-3.0826280544e-15,0.0,True,0.4320652236569864,opposite_sign,opposite_sign,-1.1886774905511888e-26,-4.69025781497809e-15
n20_vd_0p05_vg_0p4,n20_vd_0p05,n20,0.05,0.4,-3.21546855104665e-11,-3.21515716902912e-11,3.21547059686295e-11,3.21515877461066e-11,1.02290815e-17,8.0279077e-18,3.2154695739548e-11,3.21515797181989e-11,-3.1182225229e-15,-2.2011738e-18,-3.1160213491e-15,0.0,True,0.0007059065810200328,opposite_sign,opposite_sign,1.9834825059449014e-17,1.5627542982471828e-17,-6.18552747373989e-28,-3.28954564163921e-30,3.17078982281267e-20,3.17078979947427e-20,1.5853948804786977e-20,1.5853948995726576e-20,1.5853949423339724e-20,1.5853948999016124e-20,-2.33384e-28,1.909396008661749e-28,-4.243236008661749e-28,0.0,True,0.31033808023714204,opposite_sign,opposite_sign,-1.9834825028260828e-17,-1.9835117822699247e-17,-3.21546855104665e-11,-3.21515716902912e-11,3.21547060003374e-11,3.21515877778145e-11,1.024493545e-17,8.04376165e-18,3.215469575540195e-11,3.215157973405285e-11,-3.1182225229e-15,-2.2011738e-18,-3.1160213491e-15,0.0,True,0.0007059065810200328,opposite_sign,opposite_sign,3.440936388417816e-26,-4.207574837388115e-18
n20_vd_0p05_vg_0p45,n20_vd_0p05,n20,0.05,0.45,-1.12361344223304e-10,-1.12355808184636e-10,1.12361363634118e-10,1.12362386878133e-10,9.705407e-18,3.2893467485e-15,1.12361353928711e-10,1.123590975313845e-10,1.023244015e-15,3.2796413415e-15,-2.2563973265e-15,0.0,True,0.5924166246267989,opposite_sign,opposite_sign,1.97860304327602e-17,6.578265185428787e-15,-1.4899566297814e-27,-1.05742516986517e-29,3.17076616378954e-20,3.17076620414811e-20,1.5853830073969386e-20,1.5853831015453424e-20,1.5853831563926016e-20,1.5853831026027676e-20,4.035857e-28,9.414840390413742e-28,-5.378983390413742e-28,0.0,True,0.6364034430784012,opposite_sign,opposite_sign,-1.9786030361140563e-17,-1.9788867322411193e-17,-1.12361344223304e-10,-1.12355808184636e-10,1.12361363665826e-10,1.1236238690984e-10,9.721261e-18,3.289362602e-15,1.12361353944565e-10,1.12359097547238e-10,1.023244014e-15,3.279641341e-15,-2.256397327e-15,0.0,True,0.5924166245364816,opposite_sign,opposite_sign,4.157000099969385e-25,6.5584763174533715e-15
n20_vd_0p05_vg_0p5,n20_vd_0p05,n20,0.05,0.5,-3.93221080054411e-10,-3.93225364515759e-10,3.93221098165697e-10,3.93222244863552e-10,9.055643e-18,-1.5598261035e-15,3.93221089110054e-10,3.932238046896555e-10,1.146697855e-15,-1.5688817465e-15,2.7155796015e-15,0.0,True,0.36617946086323283,opposite_sign,opposite_sign,1.9768531521149675e-17,-3.120080563804667e-15,7.9985755473131e-28,-3.59340015302199e-29,3.17074623718893e-20,3.17074621549503e-20,1.5853731585873428e-20,1.585373105950815e-20,1.5853730786015872e-20,1.585373109544215e-20,-2.16939e-28,-5.263652781307649e-28,3.0942627813076497e-28,0.0,True,0.6297805645287692,same_sign,opposite_sign,-1.9768532232923752e-17,-1.977286637876688e-17,-3.93221080054411e-10,-3.93225364515759e-10,3.93221098197404e-10,3.93222244895259e-10,9.0714965e-18,-1.55981025e-15,3.932210891259075e-10,3.93223804705509e-10,1.146697855e-15,-1.5688817465e-15,2.7155796015e-15,0.0,True,0.36617946086323283,opposite_sign,opposite_sign,-1.2046932959386077e-24,-3.1398534306236017e-15
n20_vd_0p05_vg_0p55,n20_vd_0p05,n20,0.05,0.55,-1.37438894363115e-09,-1.37438743279171e-09,1.37438896541868e-09,1.37438961707848e-09,1.0893765e-17,1.092143385e-15,1.374388954524915e-09,1.374388524935095e-09,6.516598e-16,1.08124962e-15,-4.2958982e-16,0.0,True,0.7156615000730985,opposite_sign,opposite_sign,1.9766859378453948e-17,2.183858359265327e-15,2.03363588038893e-28,-1.24328619278836e-28,3.17072331261102e-20,3.17072334219862e-20,1.5853616664736894e-20,1.585361664882879e-20,1.5853616461373305e-20,1.585361677315741e-20,2.95876e-28,-1.59081036588645e-29,3.117841036588645e-28,0.0,True,0.048545871105931025,same_sign,opposite_sign,-1.9766854503539028e-17,-1.9785269974100644e-17,-1.37438894363115e-09,-1.37438743279171e-09,1.37438896545039e-09,1.37438961711018e-09,1.090962e-17,1.092159235e-15,1.37438895454077e-09,1.374388524950945e-09,6.5165979e-16,1.081249615e-15,-4.29589825e-16,0.0,True,0.71566149676368,opposite_sign,opposite_sign,7.61036768825088e-24,2.1640730821005436e-15
n20_vd_0p05_vg_0p6,n20_vd_0p05,n20,0.05,0.6000000000000001,-4.77709637356227e-09,-4.77709003401372e-09,4.77709661221588e-09,4.77709615350008e-09,1.19326805e-16,3.05974318e-15,4.777096492889075e-09,4.7770930937569e-09,-4.587158e-16,2.940416375e-15,-3.399132175e-15,0.0,True,0.46382109890143514,opposite_sign,opposite_sign,1.9739198521339247e-17,6.1190578820093345e-15,9.12480886135657e-28,-4.30872107725856e-28,3.17069649779627e-20,3.17069645728098e-20,1.5853482945221792e-20,1.5853482070968846e-20,1.5853482032740906e-20,1.5853482501840953e-20,-4.051529e-28,-8.742529469307565e-28,4.691000469307565e-28,0.0,True,0.6507991205034556,same_sign,opposite_sign,-1.9739214601852457e-17,-1.9733774849368964e-17,-4.77709637356227e-09,-4.77709003401372e-09,4.77709661224758e-09,4.77709615353179e-09,1.19342655e-16,3.059759035e-15,4.777096492904925e-09,4.777093093772755e-09,-4.5871579e-16,2.94041638e-15,-3.39913217e-15,0.0,True,0.46382109969013485,opposite_sign,opposite_sign,-2.300378890464759e-23,6.099324110164606e-15
n20_vd_0p05_vg_0p65,n20_vd_0p05,n20,0.05,0.65,-1.63838600510339e-08,-1.63838648677503e-08,1.63838656692352e-08,1.6383869030574e-08,2.80910065e-15,2.08141185e-15,1.638386286013455e-08,1.638386694916215e-08,3.3613388e-15,-7.276888e-16,4.0890276e-15,0.0,True,0.15107569961976589,opposite_sign,opposite_sign,1.969886495975795e-17,4.162395128152141e-15,-2.89318504099047e-27,-1.47685849868525e-27,3.17067150514424e-20,3.17067145324323e-20,1.585335607912868e-20,1.58533565277869e-20,1.585335897231372e-20,1.5853358004645398e-20,-5.190101e-28,4.4865822115261e-28,-9.6766832115261e-28,0.0,True,0.316775974855609,opposite_sign,opposite_sign,-1.9698844253644843e-17,-1.9705698535585025e-17,-1.63838600510339e-08,-1.63838648677503e-08,1.63838656692669e-08,1.63838690306057e-08,2.8091165e-15,2.0814277e-15,1.63838628601504e-08,1.6383866949178e-08,3.3613388e-15,-7.276888e-16,4.0890276e-15,0.0,True,0.15107569961976589,opposite_sign,opposite_sign,1.4863753463775945e-23,4.142689423773296e-15
n20_vd_0p05_vg_0p7,n20_vd_0p05,n20,0.05,0.7000000000000001,-5.45845217197715e-08,-5.45845192765982e-08,5.4584522529678e-08,5.45845277250898e-08,4.0495325e-16,4.2242458e-15,5.458452212472475e-08,5.4584523500844e-08,5.1954118e-15,3.81929255e-15,1.37611925e-15,0.0,True,0.7351279738787982,opposite_sign,opposite_sign,1.9687767968831315e-17,8.448062889633686e-15,-3.87986131876275e-27,-4.92071416965143e-27,3.17065178955957e-20,3.17065182814558e-20,1.5853257007867192e-20,1.5853256680370816e-20,1.585326088772851e-20,1.5853261601084984e-20,3.858601e-28,-3.2749637544434e-28,7.1335647544434e-28,0.0,True,0.3146423388903856,opposite_sign,opposite_sign,-1.9687804898342466e-17,-1.969421129011696e-17,-5.45845217197715e-08,-5.45845192765982e-08,5.45845225297097e-08,5.45845277251215e-08,4.049691e-16,4.22426165e-15,5.45845221247406e-08,5.458452350085985e-08,5.1954118e-15,3.81929255e-15,1.37611925e-15,0.0,True,0.7351279738787982,opposite_sign,opposite_sign,-4.5882454707573423e-23,8.42836866939128e-15
n20_vd_0p05_vg_0p75,n20_vd_0p05,n20,0.05,0.75,-1.71182358439801e-07,-1.71182357972144e-07,1.71182358796613e-07,1.71182361698911e-07,1.78406e-16,1.8633835e-15,1.71182358618207e-07,1.711823598355275e-07,2.902298e-15,1.6849775e-15,1.2173205e-15,0.0,True,0.5805666750967682,opposite_sign,opposite_sign,1.9706397927563583e-17,3.726338043677172e-15,-2.98976222434692e-27,-1.54366379528887e-26,3.17064542092995e-20,3.17064535811542e-20,1.5853225609768638e-20,1.5853219072258123e-20,1.5853228599530862e-20,1.5853234508896076e-20,-6.281453e-28,-6.53751051427089e-27,5.90936521427089e-27,0.0,True,0.5252330509960667,opposite_sign,opposite_sign,-1.970567654538556e-17,-1.9712553460743784e-17,-1.71182358439801e-07,-1.71182357972144e-07,1.71182358796644e-07,1.71182361698943e-07,1.784215e-16,1.8633995e-15,1.711823586182225e-07,1.711823598355435e-07,2.902299e-15,1.684978e-15,1.217321e-15,0.0,True,0.5805666473371627,opposite_sign,opposite_sign,1.1042872142749502e-23,3.706625785741822e-15
n20_vd_0p05_vg_0p8,n20_vd_0p05,n20,0.05,0.8,-4.79055414780227e-07,-4.79055416923363e-07,4.79055413304376e-07,4.79055405643196e-07,-7.379255e-16,-5.6400835e-15,4.790554140423015e-07,4.790554112832795e-07,-7.66118e-15,-4.902158e-15,-2.759022e-15,0.0,True,0.6398698372835515,opposite_sign,opposite_sign,1.9723718856977204e-17,-1.128059630618736e-14,1.61420173136415e-26,-4.32134280644436e-26,3.17066729475108e-20,3.17066730154329e-20,1.5853344544764056e-20,1.5853314901002416e-20,1.5853328402746744e-20,1.5853358114430483e-20,6.79221e-29,-2.964376163904255e-26,2.971168373904255e-26,0.0,True,0.4994278359839831,same_sign,opposite_sign,-1.9724189410873173e-17,-1.9728619337411093e-17,-4.79055414780227e-07,-4.79055416923363e-07,4.79055413304408e-07,4.79055405643227e-07,-7.379095e-16,-5.640068e-15,4.790554140423175e-07,4.79055411283295e-07,-7.661181e-15,-4.9021585e-15,-2.7590225e-15,0.0,True,0.6398698190265965,opposite_sign,opposite_sign,-2.0174923394029466e-22,-1.130032560957288e-14
n20_vd_0p05_vg_0p85,n20_vd_0p05,n20,0.05,0.8500000000000001,-1.12751105830441e-06,-1.12751106659787e-06,1.12751105729557e-06,1.12751106148772e-06,-5.0442e-16,-2.555075e-15,1.12751105779999e-06,1.127511064042795e-06,4.19215e-15,-2.050655e-15,6.242805e-15,0.0,True,0.24726169777149706,opposite_sign,opposite_sign,1.9738457728385175e-17,-5.110579834068779e-15,8.83011471564118e-27,-1.01738829511501e-25,3.17074113260485e-20,3.17074118097123e-20,1.5853710078081607e-20,1.5853655035441394e-20,1.5853701247966892e-20,1.5853756774270905e-20,4.836638e-28,-5.504264021357109e-26,5.552630401357109e-26,0.0,True,0.4978128406516825,same_sign,opposite_sign,-1.9733223042544337e-17,-1.9726888174967816e-17,-1.12751105830441e-06,-1.12751106659787e-06,1.1275110572956e-06,1.12751106148775e-06,-5.04405e-16,-2.55506e-15,1.127511057800005e-06,1.12751106404281e-06,4.19215e-15,-2.050655e-15,6.242805e-15,0.0,True,0.24726169777149706,opposite_sign,opposite_sign,3.5969353127976065e-21,-5.130308571642427e-15
n20_vd_0p05_vg_0p9,n20_vd_0p05,n20,0.05,0.9,-2.18028521555984e-06,-2.18028522067655e-06,2.18028521561582e-06,2.18028522424599e-06,2.799e-17,1.78472e-15,2.18028521558783e-06,2.18028522246127e-06,8.63017e-15,1.75673e-15,6.87344e-15,0.0,True,0.203556824488973,opposite_sign,opposite_sign,1.973239903141858e-17,3.569009583548301e-15,-1.91846071018781e-25,-1.96789300289996e-25,3.17087562964385e-20,3.17087489952011e-20,1.585428222518374e-20,1.5854276102950404e-20,1.585447407125476e-20,1.5854472892250694e-20,-7.3012374e-27,-6.1222333356075e-27,-1.1790040643925e-27,0.0,True,0.8385199658906448,opposite_sign,opposite_sign,-1.9737416939170135e-17,-1.97280118920506e-17,-2.18028521555984e-06,-2.18028522067655e-06,2.18028521561586e-06,2.18028522424602e-06,2.801e-17,1.784735e-15,2.18028521558785e-06,2.180285222461285e-06,8.63016e-15,1.756725e-15,6.873435e-15,0.0,True,0.20355648099224116,opposite_sign,opposite_sign,3.084076319030554e-21,3.5492799327736724e-15
n20_vd_0p05_vg_0p95,n20_vd_0p05,n20,0.05,0.9500000000000001,-3.55709581539263e-06,-3.55709581549731e-06,3.55709581555057e-06,3.55709581899731e-06,7.897e-17,1.75e-15,3.5570958154716e-06,3.55709581724731e-06,3.44674e-15,1.67103e-15,1.77571e-15,0.0,True,0.48481463643906997,opposite_sign,opposite_sign,1.9733384319975605e-17,3.499568822291442e-15,-3.20431920849592e-25,-3.21142289116629e-25,3.17105724578299e-20,3.17105677225389e-20,1.5855126012954525e-20,1.5855123290124892e-20,1.5855446444875375e-20,1.585544443241401e-20,-4.735291e-27,-2.7228296335185e-27,-2.0124613664815e-27,0.0,True,0.5750078788227587,opposite_sign,opposite_sign,-1.974033174261669e-17,-1.974791602993175e-17,-3.55709581539263e-06,-3.55709581549731e-06,3.55709581555061e-06,3.55709581899734e-06,7.899e-17,1.750015e-15,3.55709581547162e-06,3.557095817247325e-06,3.44673e-15,1.671025e-15,1.775705e-15,0.0,True,0.4848145923817648,opposite_sign,opposite_sign,1.1528738535479574e-21,3.4798192656845577e-15
n20_vd_0p05_vg_1,n20_vd_0p05,n20,0.05,1.0,-5.1286467892924e-06,-5.12864678380119e-06,5.12864678933074e-06,5.12864679290619e-06,1.917e-17,4.5525e-15,5.12864678931157e-06,5.12864678835369e-06,3.57545e-15,4.53333e-15,-9.5788e-16,0.0,True,0.825561215105596,opposite_sign,opposite_sign,1.974274503261595e-17,9.104568707041374e-15,-4.63288023553051e-25,-4.63136277871223e-25,3.17126781984033e-20,3.17126781915416e-20,1.5856107455189875e-20,1.5856107527631864e-20,1.5856570743213426e-20,1.5856570663909737e-20,-6.8617e-30,7.2441990914e-29,-7.9303690914e-29,0.0,True,0.47739078991461,opposite_sign,opposite_sign,-1.974315109621592e-17,-1.9735699074665538e-17,-5.1286467892924e-06,-5.12864678380119e-06,5.12864678933077e-06,5.12864679290622e-06,1.9185e-17,4.552515e-15,5.128646789311585e-06,5.128646788353705e-06,3.57545e-15,4.53333e-15,-9.5788e-16,0.0,True,0.825561215105596,opposite_sign,opposite_sign,-1.6250924091973124e-21,9.084830941904808e-15
n20_vd_0p05_vg_1p05,n20_vd_0p05,n20,0.05,1.05,-6.79816168009531e-06,-6.79816168112575e-06,6.79816168010402e-06,6.79816167610224e-06,4.355e-18,-2.511755e-15,6.798161680099665e-06,6.798161678613995e-06,-4.00178e-15,-2.51611e-15,-1.48567e-15,0.0,True,0.6287477072702647,opposite_sign,opposite_sign,1.974804400882687e-17,-5.0239421447817685e-15,-6.15291215270176e-25,-6.1403594929617e-25,3.17149412963787e-20,3.17149411331714e-20,1.5857163002581715e-20,1.585716354861105e-20,1.5857778293796984e-20,1.5857777584560348e-20,-1.632073e-28,5.46029337003e-28,-7.09236637003e-28,0.0,True,0.4349909487791072,opposite_sign,opposite_sign,-1.9746248543511037e-17,-1.974626427451968e-17,-6.79816168009531e-06,-6.79816168112575e-06,6.79816168010405e-06,6.79816167610227e-06,4.37e-18,-2.51174e-15,6.79816168009968e-06,6.79816167861401e-06,-4.00178e-15,-2.51611e-15,-1.48567e-15,0.0,True,0.6287477072702647,opposite_sign,opposite_sign,-2.7270753543925136e-22,-5.043690477230232e-15
n20_vd_0p05_vg_1p1,n20_vd_0p05,n20,0.05,1.1,-8.50951416217524e-06,-8.50951415742825e-06,8.50951416219873e-06,8.50951416499949e-06,1.1745e-17,3.78562e-15,8.509514162186986e-06,8.50951416121387e-06,2.80076e-15,3.773875e-15,-9.73115e-16,0.0,True,0.7950037813435462,opposite_sign,opposite_sign,1.9744564837704465e-17,7.570807195969843e-15,-7.69176430603147e-25,-7.68765453231245e-25,3.17172730867244e-20,3.17172730688054e-20,1.58582519551469e-20,1.5858252151676085e-20,1.5859021131577502e-20,1.5859020917129317e-20,-1.7919e-29,1.96529185951e-28,-2.14448185951e-28,0.0,True,0.4781995296759637,opposite_sign,opposite_sign,-1.9749668668363008e-17,-1.9750120533146848e-17,-8.50951416217524e-06,-8.50951415742825e-06,8.50951416219877e-06,8.50951416499952e-06,1.1765e-17,3.785635e-15,8.509514162187004e-06,8.509514161213886e-06,2.80075e-15,3.77387e-15,-9.7312e-16,0.0,True,0.7950027280445083,opposite_sign,opposite_sign,2.143181004861908e-21,7.551055852118495e-15
n20_vd_0p05_vg_1p15,n20_vd_0p05,n20,0.05,1.1500000000000001,-1.02322196758114e-05,-1.0232219677567e-05,1.02322196758352e-05,1.02322196758473e-05,1.19e-17,-8.5985e-16,1.02322196758233e-05,1.023221967670715e-05,1.21e-17,-8.7175e-16,8.8385e-16,0.0,True,0.49655388471177947,opposite_sign,opposite_sign,1.969946107633486e-17,-1.7201332306217157e-15,-9.23256066405476e-25,-9.24564567502907e-25,3.17196314084062e-20,3.17196313167449e-20,1.5859354076169897e-20,1.58593533760887e-20,1.5860277332236302e-20,1.5860277940656202e-20,-9.16613e-29,-7.000811987155e-28,6.084198987155e-28,0.0,True,0.5350253049768013,opposite_sign,opposite_sign,-1.975333302109706e-17,-1.9752846795301324e-17,-1.02322196758114e-05,-1.0232219677567e-05,1.02322196758353e-05,1.02322196758474e-05,1.195e-17,-8.598e-16,1.023221967582335e-05,1.02322196767072e-05,1.21e-17,-8.7175e-16,8.8385e-16,0.0,True,0.49655388471177947,opposite_sign,opposite_sign,1.435923486143948e-20,-1.7398178462359933e-15
n20_vd_0p05_vg_1p2,n20_vd_0p05,n20,0.05,1.2000000000000002,-1.19495521924299e-05,-1.19495521867351e-05,1.19495521924503e-05,1.19495521874637e-05,1.02e-17,3.643e-16,1.19495521924401e-05,1.19495521870994e-05,-4.9866e-15,3.541e-16,-5.3407e-15,0.0,True,0.06217953220481842,opposite_sign,opposite_sign,1.9775783143471267e-17,7.281677476352979e-16,-1.08056798315264e-24,-1.07992655388384e-24,3.17219909428653e-20,3.17219910554553e-20,1.5860455187441075e-20,1.586045556445071e-20,1.5861535755424225e-20,1.586153549100459e-20,1.1259e-28,3.770096344e-28,-2.644196344e-28,0.0,True,0.5877649379881245,opposite_sign,opposite_sign,-1.975714155794692e-17,-1.9753934393470196e-17,-1.19495521924299e-05,-1.19495521867351e-05,1.19495521924503e-05,1.19495521874637e-05,1.02e-17,3.643e-16,1.19495521924401e-05,1.19495521870994e-05,-4.9866e-15,3.541e-16,-5.3407e-15,0.0,True,0.06217953220481842,opposite_sign,opposite_sign,-1.3079324850530882e-20,7.083820923306989e-16
n20_vd_0p05_vg_1p25,n20_vd_0p05,n20,0.05,1.25,-1.36517661177005e-05,-1.36517661211639e-05,1.36517661177142e-05,1.36517661184494e-05,6.85e-18,-1.35725e-15,1.365176611770735e-05,1.365176611980665e-05,7.352e-16,-1.3641e-15,2.0993e-15,0.0,True,0.3938615233585494,opposite_sign,opposite_sign,1.9724088919372344e-17,-2.714933389651732e-15,-1.23330242157479e-24,-1.23398514775717e-24,3.17243291778529e-20,3.17243287295809e-20,1.5861547937715663e-20,1.586154737221657e-20,1.586278124013724e-20,1.5862781357364327e-20,-4.48272e-28,-5.6549909119e-28,1.1722709119e-28,0.0,True,0.8282955975390551,opposite_sign,opposite_sign,-1.9761037953541767e-17,-1.9756706020415667e-17,-1.36517661177005e-05,-1.36517661211639e-05,1.36517661177142e-05,1.36517661184494e-05,6.85e-18,-1.35725e-15,1.365176611770735e-05,1.365176611980665e-05,7.352e-16,-1.3641e-15,2.0993e-15,0.0,True,0.3938615233585494,opposite_sign,opposite_sign,-6.867213004484657e-20,-2.734721818766892e-15
n20_vd_0p05_vg_1p3,n20_vd_0p05,n20,0.05,1.3,-1.53334505571019e-05,-1.53334509522121e-05,1.53334504201612e-05,1.53334509500887e-05,-6.847035e-14,-1.0617e-15,1.533345048863155e-05,1.53334509511504e-05,5.299275e-13,6.740865e-14,4.6251885e-13,0.0,True,0.12720353255869907,opposite_sign,opposite_sign,1.9743550810109616e-17,-2.1238334202225067e-15,3.99639073086251e-24,-1.38622748836762e-24,3.17286571298072e-20,3.17266326667284e-20,1.586632676026903e-20,1.5862623219620017e-20,1.586233036953817e-20,1.5864009447108384e-20,-2.0244630788e-24,-3.703540649015065e-24,1.679077570215065e-24,0.0,True,0.68805560754498,same_sign,opposite_sign,-1.9764931835074162e-17,-1.976911099427636e-17,-1.53334505571019e-05,-1.53334509522121e-05,1.53334504201612e-05,1.53334509500887e-05,-6.847035e-14,-1.0617e-15,1.533345048863155e-05,1.53334509511504e-05,5.299275e-13,6.740865e-14,4.6251885e-13,0.0,True,0.12720353255869907,opposite_sign,opposite_sign,-5.311367887955711e-20,-2.1436342564632223e-15
n20_vd_0p05_vg_1p35,n20_vd_0p05,n20,0.05,1.35,-1.69912287172468e-05,-1.69912290063773e-05,1.69912286305042e-05,1.69912290055344e-05,-4.33713e-14,-4.2145e-16,1.69912286738755e-05,1.699122900595585e-05,3.750302e-13,4.294985e-14,3.3208035e-13,0.0,True,0.11452371035719257,opposite_sign,opposite_sign,1.975082192986954e-17,-8.433333189075159e-16,7.86643863313333e-25,-1.53633912734767e-24,3.17297439047655e-20,3.17289062885782e-20,1.5865265274314408e-20,1.5863684974725428e-20,1.5864478630451092e-20,1.5865221313852774e-20,-8.376161873e-25,-1.5802995889805015e-24,7.426834016805015e-25,0.0,True,0.6802889196062639,same_sign,opposite_sign,-1.976876683215137e-17,-1.9762755091066047e-17,-1.69912287172468e-05,-1.69912290063773e-05,1.69912286305042e-05,1.69912290055345e-05,-4.33713e-14,-4.214e-16,1.69912286738755e-05,1.69912290059559e-05,3.750303e-13,4.29499e-14,3.320804e-13,0.0,True,0.11452381314256474,opposite_sign,opposite_sign,-4.967543282720223e-20,-8.6302954554665e-16
n20_vd_0p05_vg_1p4,n20_vd_0p05,n20,0.05,1.4000000000000001,-1.86234470161175e-05,-1.86234472430433e-05,1.86234469585712e-05,1.86234472275082e-05,-2.877315e-14,-7.76755e-15,1.862344698734435e-05,1.862344723527575e-05,2.68937e-13,2.10056e-14,2.479314e-13,0.0,True,0.07810602483109427,opposite_sign,opposite_sign,1.9799011031305695e-17,-1.553553677838515e-14,-6.11722616711565e-25,-1.68416705033242e-24,3.17315222940855e-20,3.1731149507298e-20,1.5865455285734394e-20,1.5864732670123833e-20,1.5866067008351105e-20,1.5866416837174166e-20,-3.727867875e-25,-7.226156105604275e-25,3.498288230604275e-25,0.0,True,0.6738023788521023,opposite_sign,opposite_sign,-1.977253329030003e-17,-1.9769467661552753e-17,-1.86234470161175e-05,-1.86234472430433e-05,1.86234469585712e-05,1.86234472275083e-05,-2.877315e-14,-7.7675e-15,1.862344698734435e-05,1.86234472352758e-05,2.689371e-13,2.100565e-14,2.4793145e-13,0.0,True,0.07810618170568509,opposite_sign,opposite_sign,-5.253169590107142e-21,-1.5555236331558372e-14
n20_vd_0p05_vg_1p45,n20_vd_0p05,n20,0.05,1.4500000000000002,-2.02291176765205e-05,-2.02291178470899e-05,2.02291176363463e-05,2.02291178414648e-05,-2.00871e-14,-2.81255e-15,2.02291176564334e-05,2.022911784427735e-05,2.051185e-13,1.727455e-14,1.8784395e-13,0.0,True,0.08421741578648441,opposite_sign,opposite_sign,1.980291864777912e-17,-5.625536136127082e-15,-1.30412416351312e-24,-1.82961831889465e-24,3.17335374441415e-20,3.17333600462502e-20,1.5866116659988992e-20,1.5865765213965652e-20,1.5867420784152508e-20,1.5867594832284546e-20,-1.773978913e-25,-3.51446023340765e-25,1.74048132040765e-25,0.0,True,0.6687914979484425,opposite_sign,opposite_sign,-1.9776214571964623e-17,-1.9774346258900966e-17,-2.02291176765205e-05,-2.02291178470899e-05,2.02291176363463e-05,2.02291178414648e-05,-2.00871e-14,-2.81255e-15,2.02291176564334e-05,2.022911784427735e-05,2.051185e-13,1.727455e-14,1.8784395e-13,0.0,True,0.08421741578648441,opposite_sign,opposite_sign,-5.0281575182092184e-21,-5.645342213916411e-15
n20_vd_0p05_vg_1p5,n20_vd_0p05,n20,0.05,1.5,-2.18078068619597e-05,-2.18078069830466e-05,2.18078068329293e-05,2.18078069882811e-05,-1.45152e-14,2.61725e-15,2.18078068474445e-05,2.180780698566385e-05,1.553518e-13,1.713245e-14,1.3821935e-13,0.0,True,0.11028163175450816,opposite_sign,opposite_sign,1.9774236500183046e-17,5.234066377160512e-15,-1.70118491289015e-24,-1.97265047931438e-24,3.1735625462732e-20,3.1735536637895e-20,1.5866962138909554e-20,1.5866781993707843e-20,1.5868663323822446e-20,1.5868754644187158e-20,-8.8824837e-26,-1.80145201712115e-25,9.1320364712115e-26,0.0,True,0.6636024011627131,opposite_sign,opposite_sign,-1.977980134433648e-17,-1.9766116957880486e-17,-2.18078068619597e-05,-2.18078069830466e-05,2.18078068329294e-05,2.18078069882811e-05,-1.451515e-14,2.61725e-15,2.180780684744455e-05,2.180780698566385e-05,1.553517e-13,1.71324e-14,1.382193e-13,0.0,True,0.1102813808925168,opposite_sign,opposite_sign,6.095705336635174e-20,5.2142685266386444e-15
n20_vd_0p05_vg_1p55,n20_vd_0p05,n20,0.05,1.55,-2.33594438133567e-05,-2.33594439142083e-05,2.33594437917789e-05,2.33594439176275e-05,-1.07889e-14,1.7096e-15,2.33594438025678e-05,2.33594439159179e-05,1.258486e-13,1.24985e-14,1.133501e-13,0.0,True,0.09931377861970656,opposite_sign,opposite_sign,1.9749944259713585e-17,3.4187627443893426e-15,-1.96788388526756e-24,-2.11325463332133e-24,3.17377259188035e-20,3.17376786544671e-20,1.5867879017459115e-20,1.586778269991689e-20,1.5869846901344383e-20,1.586989595455021e-20,-4.72643364e-26,-9.6317542226885e-26,4.9053205826885e-26,0.0,True,0.6625648111218282,opposite_sign,opposite_sign,-1.9783289113978182e-17,-1.9792639148424267e-17,-2.33594438133567e-05,-2.33594439142083e-05,2.33594437917789e-05,2.33594439176275e-05,-1.07889e-14,1.7096e-15,2.33594438025678e-05,2.33594439159179e-05,1.258486e-13,1.24985e-14,1.133501e-13,0.0,True,0.09931377861970656,opposite_sign,opposite_sign,-6.508061228634033e-20,3.3989383696755185e-15
n20_vd_0p05_vg_1p6,n20_vd_0p05,n20,0.05,1.6,-2.48841990479478e-05,-2.48841991270246e-05,2.48841990315199e-05,2.48841991254628e-05,-8.21395e-15,-7.809e-16,2.488419903973385e-05,2.48841991262437e-05,9.39429e-14,7.43305e-15,8.650985e-14,0.0,True,0.07912306305213058,opposite_sign,opposite_sign,1.9762717757657802e-17,-1.5622350411585632e-15,-2.16964708700558e-24,-2.25144358200105e-24,3.17398116662254e-20,3.17397859021893e-20,1.5868821009569196e-20,1.586876722930365e-20,1.5870990656656204e-20,1.587101867288565e-20,-2.57640361e-26,-5.3780265547735e-26,2.8016229447735e-26,0.0,True,0.6574886313981232,opposite_sign,opposite_sign,-1.978667658032986e-17,-1.9790226791782092e-17,-2.48841990479478e-05,-2.48841991270246e-05,2.48841990315199e-05,2.48841991254628e-05,-8.21395e-15,-7.809e-16,2.488419903973385e-05,2.48841991262437e-05,9.39429e-14,7.43305e-15,8.650985e-14,0.0,True,0.07912306305213058,opposite_sign,opposite_sign,-5.569646474453483e-20,-1.5820570054848038e-15
n20_vd_0p05_vg_1p65,n20_vd_0p05,n20,0.05,1.6500000000000001,-2.63824040576113e-05,-2.63824041220145e-05,2.63824040448867e-05,2.63824041256229e-05,-6.3623e-15,1.8042e-15,2.6382404051249e-05,2.63824041238187e-05,8.07362e-14,8.1665e-15,7.25697e-14,0.0,True,0.10115041332140973,opposite_sign,opposite_sign,1.9758856558727182e-17,3.6079623861551676e-15,-2.33919355225297e-24,-2.3872450907268e-24,3.1741873357057e-20,3.17418585288184e-20,1.5869767081752373e-20,1.5869735641863836e-20,1.5872106275304627e-20,1.5872122886954564e-20,-1.48282386e-26,-3.1439888536915e-26,1.6611649936915e-26,0.0,True,0.6542951492393507,opposite_sign,opposite_sign,-1.9789964519462795e-17,-1.9790902651388174e-17,-2.63824040576113e-05,-2.63824041220145e-05,2.63824040448867e-05,2.63824041256229e-05,-6.3623e-15,1.8042e-15,2.6382404051249e-05,2.63824041238187e-05,8.07362e-14,8.1665e-15,7.25697e-14,0.0,True,0.10115041332140973,opposite_sign,opposite_sign,-6.284749487252746e-20,3.588139744032496e-15
n20_vd_0p05_vg_1p7,n20_vd_0p05,n20,0.05,1.7000000000000002,-2.7854497104668e-05,-2.78544971594642e-05,2.78544970946609e-05,2.78544971456518e-05,-5.00355e-15,-6.9062e-15,2.785449709966445e-05,2.7854497152558e-05,5.09909e-14,-1.90265e-15,5.289355e-14,0.0,True,0.03472229826155828,opposite_sign,opposite_sign,1.9839127339719737e-17,-1.3812835687563326e-14,-2.49206860329024e-24,-2.5206968711783e-24,3.17439054788223e-20,3.17438968622458e-20,1.5870706705109504e-20,1.587068808268731e-20,1.5873198773712796e-20,1.5873208779558488e-20,-8.6165765e-27,-1.862242219403e-26,1.000584569403e-26,0.0,True,0.6504907061386295,opposite_sign,opposite_sign,-1.9793155027703383e-17,-1.9793149981685627e-17,-2.7854497104668e-05,-2.78544971594642e-05,2.78544970946609e-05,2.78544971456519e-05,-5.00355e-15,-6.90615e-15,2.785449709966445e-05,2.785449715255805e-05,5.0991e-14,-1.9026e-15,5.28936e-14,0.0,True,0.034721385789525556,opposite_sign,opposite_sign,1.4230898618871865e-20,-1.3832558934967507e-14
n20_vd_0p05_vg_1p75,n20_vd_0p05,n20,0.05,1.75,-2.93009859869435e-05,-2.93009860245934e-05,2.93009859789764e-05,2.93009860283561e-05,-3.98355e-15,1.88135e-15,2.930098598295995e-05,2.930098602647475e-05,4.93797e-14,5.8649e-15,4.35148e-14,0.0,True,0.11877147896807798,opposite_sign,opposite_sign,1.9837010634145253e-17,3.762264297077794e-15,-2.63501951514255e-24,-2.65184320148332e-24,3.17459067559248e-20,3.17459013738339e-20,1.587163586820483e-20,1.587162476531621e-20,1.5874270887719972e-20,1.5874276608517692e-20,-5.3820909e-27,-1.1102888620385e-26,5.720797720385e-27,0.0,True,0.6599557549690286,opposite_sign,opposite_sign,-1.979625101082409e-17,-1.9794808836072068e-17,-2.93009859869435e-05,-2.93009860245934e-05,2.93009859789764e-05,2.93009860283562e-05,-3.98355e-15,1.8814e-15,2.930098598295995e-05,2.93009860264748e-05,4.93798e-14,5.86495e-15,4.351485e-14,0.0,True,0.11877225100142164,opposite_sign,opposite_sign,9.016351584531419e-21,3.742539388945861e-15
n20_vd_0p05_vg_1p8,n20_vd_0p05,n20,0.05,1.8,-3.07224221326931e-05,-3.07224221609586e-05,3.07224221262668e-05,3.07224221572607e-05,-3.21315e-15,-1.84895e-15,3.072242212947995e-05,3.072242215910965e-05,3.09939e-14,1.3642e-15,2.96297e-14,0.0,True,0.044015112651199104,opposite_sign,opposite_sign,1.9810233318393666e-17,-3.698330936414616e-15,-2.76897440231267e-24,-2.78073234407903e-24,3.17478757113299e-20,3.17478726335992e-20,1.5872553368463794e-20,1.5872545950627562e-20,1.5875322342866105e-20,1.587532668297164e-20,-3.0777307e-27,-7.41783623318e-27,4.34010553318e-27,0.0,True,0.6308788034996705,opposite_sign,opposite_sign,-1.9799255839508174e-17,-1.9814572259925244e-17,-3.07224221326931e-05,-3.07224221609586e-05,3.07224221262669e-05,3.07224221572608e-05,-3.2131e-15,-1.8489e-15,3.072242212948e-05,3.07224221591097e-05,3.09939e-14,1.3642e-15,2.96297e-14,0.0,True,0.044015112651199104,opposite_sign,opposite_sign,8.087632582475143e-20,-3.7180823860763504e-15
n20_vd_0p05_vg_1p85,n20_vd_0p05,n20,0.05,1.85,-3.21193824389641e-05,-3.21193824711262e-05,3.21193824337761e-05,3.21193824537054e-05,-2.594e-15,-8.7104e-15,3.21193824363701e-05,3.21193824624158e-05,1.99293e-14,-6.1164e-15,2.60457e-14,0.0,True,0.19017414907608646,opposite_sign,opposite_sign,1.980915643485671e-17,-1.7421233867245942e-14,-2.90023460199128e-24,-2.90741497046154e-24,3.17498136396153e-20,3.17498112794084e-20,1.5873456702506655e-20,1.587345193221897e-20,1.5876356937108647e-20,1.5876359347189432e-20,-2.3602069e-27,-4.77028768513e-27,2.41008078513e-27,0.0,True,0.6643513776330296,opposite_sign,opposite_sign,-1.9802173117595387e-17,-1.978952190385296e-17,-3.21193824389641e-05,-3.21193824711262e-05,3.21193824337761e-05,3.21193824537054e-05,-2.594e-15,-8.7104e-15,3.21193824363701e-05,3.21193824624158e-05,1.99293e-14,-6.1164e-15,2.60457e-14,0.0,True,0.19017414907608646,opposite_sign,opposite_sign,-2.4763596143407513e-20,-1.744105513605366e-14
n20_vd_0p05_vg_1p9,n20_vd_0p05,n20,0.05,1.9000000000000001,-3.34924565266488e-05,-3.34924565487249e-05,3.34924565223806e-05,3.34924565356897e-05,-2.1341e-15,-6.5176e-15,3.34924565245147e-05,3.34924565422073e-05,1.33091e-14,-4.3835e-15,1.76926e-14,0.0,True,0.19856315200601557,opposite_sign,opposite_sign,1.974666548924067e-17,-1.3035636254284159e-14,-3.02682300393328e-24,-3.0319432295508e-24,3.1751719653376e-20,3.17517179954318e-20,1.5874346415186034e-20,1.5874343026101126e-20,1.5877373238189966e-20,1.5877374969330676e-20,-1.6579442e-27,-3.38908490876e-27,1.73114070876e-27,0.0,True,0.6619014789433274,opposite_sign,opposite_sign,-1.9805006526037328e-17,-1.9797132142425697e-17,-3.34924565266488e-05,-3.34924565487249e-05,3.34924565223807e-05,3.34924565356897e-05,-2.13405e-15,-6.5176e-15,3.349245652451475e-05,3.34924565422073e-05,1.3309e-14,-4.38355e-15,1.769255e-14,0.0,True,0.19856541689881818,opposite_sign,opposite_sign,1.155422404120109e-20,-1.3055465135112637e-14
n20_vd_0p05_vg_1p95,n20_vd_0p05,n20,0.05,1.9500000000000002,-3.48422379452555e-05,-3.48422379593455e-05,3.48422379417294e-05,3.48422379755366e-05,-1.76305e-15,8.09555e-15,3.484223794349245e-05,3.484223796744105e-05,3.38072e-14,9.8586e-15,2.39486e-14,0.0,True,0.29161243758725947,opposite_sign,opposite_sign,1.9852261634850037e-17,1.619065943815304e-14,-3.15113069558586e-24,-3.15436948961766e-24,3.17535945362837e-20,3.17535934991787e-20,1.5875221702794057e-20,1.587521956484454e-20,1.5878372833489642e-20,1.587837393433416e-20,-1.037105e-27,-2.1379495159e-27,1.1008445159e-27,0.0,True,0.6601066615871859,opposite_sign,opposite_sign,-1.9807759714097914e-17,-1.980803204400691e-17,-3.48422379452555e-05,-3.48422379593455e-05,3.48422379417294e-05,3.48422379755366e-05,-1.76305e-15,8.09555e-15,3.484223794349245e-05,3.484223796744105e-05,3.38072e-14,9.8586e-15,2.39486e-14,0.0,True,0.29161243758725947,opposite_sign,opposite_sign,1.275147734012017e-20,1.61708196556699e-14
n20_vd_0p05_vg_2,n20_vd_0p05,n20,0.05,2.0,-3.61693114696029e-05,-3.61693114790379e-05,3.61693114667117e-05,3.616931148048e-05,-1.4456e-15,7.2105e-16,3.61693114681573e-05,3.616931147975895e-05,1.37683e-14,2.16665e-15,1.160165e-14,0.0,True,0.15736510680330903,opposite_sign,opposite_sign,1.9836493892363344e-17,1.4416608087695463e-15,-3.27194041025257e-24,-3.27475055656389e-24,3.17554390670897e-20,3.17554385284723e-20,1.5876083563339725e-20,1.5876081888957868e-20,1.5879355503749978e-20,1.587935663951443e-20,-5.386174e-28,-1.67438185566e-27,1.13576445566e-27,0.0,True,0.5958344051038035,opposite_sign,opposite_sign,-1.9810436575163818e-17,-1.9815045194671285e-17,-3.61693114696029e-05,-3.61693114790379e-05,3.61693114667117e-05,3.616931148048e-05,-1.4456e-15,7.2105e-16,3.61693114681573e-05,3.616931147975895e-05,1.37683e-14,2.16665e-15,1.160165e-14,0.0,True,0.15736510680330903,opposite_sign,opposite_sign,-5.694849926470486e-21,1.421814011411097e-15
n20_vd_0p05_vg_2p05,n20_vd_0p05,n20,0.05,2.0500000000000003,-3.74742226953293e-05,-3.74742226975823e-05,3.74742226929048e-05,3.74742227050469e-05,-1.21225e-15,3.7323e-15,3.747422269411705e-05,3.74742227013146e-05,1.21421e-14,4.94455e-15,7.19755e-15,0.0,True,0.4072236268849705,opposite_sign,opposite_sign,1.9789336478956813e-17,7.4641665458675e-15,-3.39305658244665e-24,-3.39316345064656e-24,3.17572542845896e-20,3.17572538313801e-20,1.5876930614003577e-20,1.5876930333964726e-20,1.5880323670586025e-20,1.5880323497415375e-20,-4.532095e-28,-2.80038849955e-28,-1.73170650045e-28,0.0,True,0.6179015443299402,opposite_sign,opposite_sign,-1.9813042474577995e-17,-1.980603613561697e-17,-3.74742226953293e-05,-3.74742226975823e-05,3.74742226929048e-05,3.74742227050469e-05,-1.21225e-15,3.7323e-15,3.747422269411705e-05,3.74742227013146e-05,1.21421e-14,4.94455e-15,7.19755e-15,0.0,True,0.4072236268849705,opposite_sign,opposite_sign,-5.545985685317581e-20,7.444328755871215e-15
n20_vd_0p05_vg_2p1,n20_vd_0p05,n20,0.05,2.1,-3.87575358844827e-05,-3.87575358971028e-05,3.87575358824411e-05,3.87575359007995e-05,-1.0208e-15,1.84835e-15,3.87575358834619e-05,3.875753589895115e-05,1.83584e-14,2.86915e-15,1.548925e-14,0.0,True,0.15628540613561095,opposite_sign,opposite_sign,1.9907629889148866e-17,3.6962656829114186e-15,-3.50903650615292e-24,-3.50962553807458e-24,3.17590348067773e-20,3.17590340484558e-20,1.5877762885135572e-20,1.587776221145886e-20,1.5881271921641727e-20,1.5881271836996937e-20,-7.583215e-28,-6.7367671083e-28,-8.464478917e-29,0.0,True,0.8883787560157532,opposite_sign,opposite_sign,-1.981557685279353e-17,-1.9819053988586083e-17,-3.87575358844827e-05,-3.87575358971028e-05,3.87575358824411e-05,3.87575359007996e-05,-1.0208e-15,1.8484e-15,3.87575358834619e-05,3.87575358989512e-05,1.83585e-14,2.8692e-15,1.54893e-14,0.0,True,0.15628727837241607,opposite_sign,opposite_sign,6.029751058906795e-20,3.676516517352079e-15
n20_vd_0p05_vg_2p15,n20_vd_0p05,n20,0.05,2.15,-4.00198411943008e-05,-4.00198412055837e-05,4.00198411925825e-05,4.00198412098219e-05,-8.5915e-16,2.1191e-15,4.001984119344165e-05,4.00198412077028e-05,1.72394e-14,2.97825e-15,1.426115e-14,0.0,True,0.172758332656589,opposite_sign,opposite_sign,1.9884146671128348e-17,4.237763527377099e-15,-3.62370219123879e-24,-3.62418990891028e-24,3.1760785225569e-20,3.1760785384575e-20,1.587858076168888e-20,1.5878580597333045e-20,1.588220446388012e-20,1.5882204787241955e-20,1.59006e-28,-1.64355835745e-28,3.23361835745e-28,0.0,True,0.336989708088463,opposite_sign,opposite_sign,-1.981804442740922e-17,-1.9833070102311832e-17,-4.00198411943008e-05,-4.00198412055837e-05,4.00198411925825e-05,4.00198412098219e-05,-8.5915e-16,2.1191e-15,4.001984119344165e-05,4.00198412077028e-05,1.72394e-14,2.97825e-15,1.426115e-14,0.0,True,0.172758332656589,opposite_sign,opposite_sign,3.4345082198250403e-20,4.2178987001135924e-15
n20_vd_0p05_vg_2p2,n20_vd_0p05,n20,0.05,2.2,-4.12616863533721e-05,-4.1261686367665e-05,4.1261686351941e-05,4.12616863599067e-05,-7.1555e-16,-3.87915e-15,4.126168635265655e-05,4.126168636378585e-05,7.9657e-15,-3.1636e-15,1.11293e-14,0.0,True,0.22134066564518048,opposite_sign,opposite_sign,1.9868989211342276e-17,-7.758737150376418e-15,-3.73681747421728e-24,-3.73690584753906e-24,3.17625092987364e-20,3.17625092356705e-20,1.5879386240631092e-20,1.587938616491148e-20,1.588312305810531e-20,1.588312307075902e-20,-6.30659e-29,-7.571961089e-29,1.265371089e-29,0.0,True,0.8568152623989778,opposite_sign,opposite_sign,-1.9820448409981937e-17,-1.9813629117695477e-17,-4.12616863533721e-05,-4.1261686367665e-05,4.1261686351941e-05,4.12616863599067e-05,-7.1555e-16,-3.87915e-15,4.126168635265655e-05,4.126168636378585e-05,7.9657e-15,-3.1636e-15,1.11293e-14,0.0,True,0.22134066564518048,opposite_sign,opposite_sign,1.6782028882343327e-20,-7.778582538266442e-15
n20_vd_0p05_vg_2p25,n20_vd_0p05,n20,0.05,2.25,-4.24835992393293e-05,-4.24835992454e-05,4.24835992381085e-05,4.2483599242458e-05,-6.104e-16,-1.471e-15,4.24835992387189e-05,4.2483599243929e-05,4.3495e-15,-8.606e-16,5.2101e-15,0.0,True,0.1417628939002092,opposite_sign,opposite_sign,1.9823640433018106e-17,-2.9424334209226878e-15,-3.8484744261209e-24,-3.84782043056965e-24,3.17642066046599e-20,3.17642061958734e-20,1.588017906511689e-20,1.5880179187721417e-20,1.588402753954301e-20,1.5884027008151985e-20,-4.087865e-28,1.22604525625e-28,-5.31391025625e-28,0.0,True,0.18746996885630574,opposite_sign,opposite_sign,-1.9822791624597566e-17,-1.9813053350175058e-17,-4.24835992393293e-05,-4.24835992454e-05,4.24835992381085e-05,4.2483599242458e-05,-6.104e-16,-1.471e-15,4.24835992387189e-05,4.2483599243929e-05,4.3495e-15,-8.606e-16,5.2101e-15,0.0,True,0.1417628939002092,opposite_sign,opposite_sign,-3.0911549711880447e-20,-2.9622782346312383e-15
n20_vd_0p05_vg_2p3,n20_vd_0p05,n20,0.05,2.3000000000000003,-4.36860927492735e-05,-4.36860927597193e-05,4.36860927482483e-05,4.36860927584518e-05,-5.126e-16,-6.3375e-16,4.36860927487609e-05,4.368609275908555e-05,1.02035e-14,-1.2115e-16,1.032465e-14,0.0,True,0.01159796281759176,opposite_sign,opposite_sign,1.976193340880109e-17,-1.2679375199978228e-15,-3.95670224590157e-24,-3.95697997817145e-24,3.17658770760505e-20,3.17658768727448e-20,1.58809601869023e-20,1.5880959946383313e-20,1.58849168891482e-20,1.5884916926361486e-20,-2.033057e-28,-2.4051898494e-28,3.721328494e-29,0.0,True,0.8660102228809106,opposite_sign,opposite_sign,-1.9825076743523895e-17,-1.9823818159054534e-17,-4.36860927492735e-05,-4.36860927597193e-05,4.36860927482484e-05,4.36860927584518e-05,-5.1255e-16,-6.3375e-16,4.368609274876095e-05,4.368609275908555e-05,1.02034e-14,-1.212e-16,1.03246e-14,0.0,True,0.011602749430393076,opposite_sign,opposite_sign,6.7386985816218056e-21,-1.2877931000767702e-15
n20_vd_0p05_vg_2p35,n20_vd_0p05,n20,0.05,2.35,-4.48696644660445e-05,-4.48696644659077e-05,4.48696644651909e-05,4.48696644730617e-05,-4.268e-16,3.577e-15,4.48696644656177e-05,4.48696644694847e-05,7.8708e-15,4.0038e-15,3.867e-15,0.0,True,0.5086903491385882,opposite_sign,opposite_sign,1.9858338811584295e-17,7.153562055858102e-15,-4.06480133343004e-24,-4.06442894784036e-24,3.17675218524104e-20,3.17675218739167e-20,1.5881728525538485e-20,1.588172872248443e-20,1.5885793326871916e-20,1.588579315143227e-20,2.15063e-29,1.9694594484e-28,-1.7543964484e-28,0.0,True,0.5288763859236348,opposite_sign,opposite_sign,-1.9827306289323124e-17,-1.9812135252090033e-17,-4.48696644660445e-05,-4.48696644659077e-05,4.48696644651909e-05,4.48696644730617e-05,-4.268e-16,3.577e-15,4.48696644656177e-05,4.48696644694847e-05,7.8708e-15,4.0038e-15,3.867e-15,0.0,True,0.5086903491385882,opposite_sign,opposite_sign,-7.309347896874574e-22,7.133718157148567e-15
n20_vd_0p05_vg_2p4,n20_vd_0p05,n20,0.05,2.4000000000000004,-4.60347966563971e-05,-4.60347966533566e-05,4.6034796655677e-05,4.60347966607804e-05,-3.6005e-16,3.7119e-15,4.603479665603705e-05,4.60347966570685e-05,5.1034e-15,4.07195e-15,1.03145e-15,0.0,True,0.7978896421993181,opposite_sign,opposite_sign,1.9823275672072116e-17,7.423365628037795e-15,-4.17189082445481e-24,-4.17021052823523e-24,3.17691419220426e-20,3.17691417982194e-20,1.588248501560907e-20,1.5882485793845584e-20,1.5886656906433526e-20,1.5886656004373817e-20,-1.238232e-28,7.7823650979e-28,-9.0205970979e-28,0.0,True,0.4631543538106185,opposite_sign,opposite_sign,-1.982948263964408e-17,-1.9822348007441406e-17,-4.60347966563971e-05,-4.60347966533566e-05,4.6034796655677e-05,4.60347966607805e-05,-3.6005e-16,3.71195e-15,4.603479665603705e-05,4.603479665706855e-05,5.1035e-15,4.072e-15,1.0315e-15,0.0,True,0.7978838052317037,opposite_sign,opposite_sign,-3.797193760387025e-20,7.403613159012437e-15
n20_vd_0p05_vg_2p45,n20_vd_0p05,n20,0.05,2.45,-4.71819564515637e-05,-4.71819564534771e-05,4.71819564509478e-05,4.71819564523109e-05,-3.0795e-16,-5.831e-16,4.718195645125575e-05,4.7181956452894e-05,1.3631e-15,-2.7515e-16,1.63825e-15,0.0,True,0.14380160970001046,opposite_sign,opposite_sign,1.9769179502108146e-17,-1.166639571216749e-15,-4.2743700634282e-24,-4.27436681019896e-24,3.17707373748522e-20,3.17707372349126e-20,1.5883231502394386e-20,1.58832314340512e-20,1.5887505872457813e-20,1.58875058008614e-20,-1.399396e-28,-6.834318538e-29,-7.159641462e-29,0.0,True,0.48837630935060555,opposite_sign,opposite_sign,-1.983160803556571e-17,-1.9830980824956495e-17,-4.71819564515637e-05,-4.71819564534771e-05,4.71819564509478e-05,4.71819564523109e-05,-3.0795e-16,-5.831e-16,4.718195645125575e-05,4.7181956452894e-05,1.3631e-15,-2.7515e-16,1.63825e-15,0.0,True,0.14380160970001046,opposite_sign,opposite_sign,-9.419499646186176e-20,-1.1865023185045734e-15
n20_vd_0p05_vg_2p5,n20_vd_0p05,n20,0.05,2.5,-4.83115961463017e-05,-4.83115961411859e-05,4.83115961457606e-05,4.83115961513149e-05,-2.7055e-16,5.0645e-15,4.831159614603115e-05,4.83115961462504e-05,5.5543e-15,5.33505e-15,2.1925e-16,0.0,True,0.96052607889383,opposite_sign,opposite_sign,1.9826859137369893e-17,1.0128564976224885e-14,-4.37670363482397e-24,-4.37693815474285e-24,3.17723088688774e-20,3.17723087595635e-20,1.5883966082621288e-20,1.588396591070438e-20,1.588834278625611e-20,1.5888342848859123e-20,-1.093139e-28,-1.7191690944e-28,6.260300944e-29,0.0,True,0.7330588815697445,opposite_sign,opposite_sign,-1.9833684588277657e-17,-1.9838476705262092e-17,-4.83115961463017e-05,-4.83115961411859e-05,4.83115961457607e-05,4.83115961513149e-05,-2.705e-16,5.0645e-15,4.83115961460312e-05,4.83115961462504e-05,5.5542e-15,5.335e-15,2.192e-16,0.0,True,0.9605343703863742,opposite_sign,opposite_sign,5.627430701934472e-20,1.0108694731587802e-14
n20_vd_1_vg_0,n20_vd_1,n20,1.0,0.0,-2.69698823437842e-14,-2.87101578840338e-14,2.70705547771164e-14,3.81688219919748e-14,5.03362166661e-17,4.7293320539705e-15,2.70202185604503e-14,3.34394899380043e-14,1.10982672148584e-14,4.6789958373044e-15,6.419271377554e-15,0.0,True,0.42159697065503554,opposite_sign,opposite_sign,1.0014539714267739e-16,9.458134256008048e-15,-2.52681917908631e-27,-2.92121943867201e-31,8.89215592968811e-20,1.8218340128888e-20,4.4460778385030963e-20,9.109170064297938e-21,4.446078091185014e-20,9.109170064590061e-21,-7.07032191679931e-20,-3.5351608320733023e-20,-3.535161084726008e-20,0.0,True,0.4999999821328711,opposite_sign,opposite_sign,-1.0014539714261094e-16,-1.0014136998917641e-16,-2.69698823437868e-14,-2.87101578840338e-14,2.70706436986756e-14,3.81688402103149e-14,5.03806774444e-17,4.72934116314055e-15,2.70202630212312e-14,3.343949904717435e-14,1.10981965116393e-14,4.67896048569615e-15,6.41923602594315e-15,0.0,True,0.4215964711734075,opposite_sign,opposite_sign,-1.0475826302302155e-28,9.357992886018847e-15
n20_vd_1_vg_0p05,n20_vd_1,n20,1.0,0.05,-8.78366319392279e-14,-9.1903102395296e-14,8.79304470605035e-14,8.75228462313678e-14,4.69075606378e-17,-2.1901280819641e-15,8.78835394998657e-14,8.97129743133319e-14,-4.076008291357e-16,-2.2370356426019e-15,1.8294348134662e-15,0.0,True,0.5501172741249684,opposite_sign,opposite_sign,1.0052409968255322e-16,-4.380786145596876e-15,3.09949405852739e-27,-4.41120343163332e-31,5.42499764618187e-20,2.89196705972253e-20,2.7124989780656376e-20,1.445983529839209e-20,2.712498668116232e-20,1.445983529883321e-20,-2.53303058645934e-20,-1.266515448226429e-20,-1.266515138232911e-20,0.0,True,0.5000000611902438,same_sign,opposite_sign,-1.0052409968272869e-16,-1.0051739525071721e-16,-8.78366319392248e-14,-9.1903102395296e-14,8.793050131048e-14,8.75228751510384e-14,4.69346856276e-17,-2.1901136221288e-15,8.78835666248524e-14,8.97129887731672e-14,-4.076261594416e-16,-2.2370483077564e-15,1.8294221483148e-15,0.0,True,0.5501203886570747,opposite_sign,opposite_sign,-1.2605750746398887e-28,-4.481303540847592e-15
n20_vd_1_vg_0p1,n20_vd_1,n20,1.0,0.1,-2.90750893932591e-13,-2.80287108547941e-13,2.90851202428008e-13,3.02927146371293e-13,5.01542477085e-17,1.1320018911676e-14,2.908010481802995e-13,2.91607127459617e-13,1.2075943943285e-14,1.12698646639675e-14,8.060792793175e-16,0.0,True,0.9332491701598423,opposite_sign,opposite_sign,1.009488027783254e-16,2.263950770436905e-14,-8.5940574627451e-28,-7.52760818963875e-31,3.73716611466864e-20,3.71313700535698e-20,1.8685830143640328e-20,1.856568502640852e-20,1.8685831003046073e-20,1.8565685027161282e-20,-2.402910931166e-22,-1.2014511723180727e-22,-1.2014597588479273e-22,0.0,True,0.4999982133066725,opposite_sign,opposite_sign,-1.0094880277834072e-16,-1.0096581078432918e-16,-2.90750893932592e-13,-2.80287108547941e-13,2.9085123979967e-13,3.02927183502663e-13,5.0172933539e-17,1.1320037477361e-14,2.90801066866131e-13,2.91607146025302e-13,1.2075943702993e-14,1.1269864543822e-14,8.06079159171e-16,0.0,True,0.9332491787808506,opposite_sign,opposite_sign,7.082861593236719e-28,2.253854189358466e-14
n20_vd_1_vg_0p15,n20_vd_1,n20,1.0,0.15000000000000002,-9.75915966307396e-13,-9.65956147394512e-13,9.74944508843181e-13,9.75418514469215e-13,-4.857287321075e-16,4.7311835373515e-15,9.754302375752885e-13,9.706873309318635e-13,4.74005626034e-16,5.216912269459e-15,-4.742906643425e-15,0.0,True,0.5237958957979059,opposite_sign,opposite_sign,1.013406118260336e-16,9.461836810139058e-15,6.31881572881419e-26,-1.50009075681736e-30,8.83249744008865e-21,3.18107754672886e-20,4.416280314122969e-21,1.5905387732894254e-20,4.4162171259656806e-21,1.5905387734394346e-20,2.297827802719995e-20,1.1489107418771286e-20,1.1489170608428664e-20,0.0,True,0.4999986250132124,same_sign,opposite_sign,-1.0134061182588675e-16,-1.013363508694942e-16,-9.75915966307333e-13,-9.65956147394512e-13,9.74944517675678e-13,9.7541854627999e-13,-4.857243158275e-16,4.731199442739e-15,9.754302419915055e-13,9.70687346837251e-13,4.74028604312e-16,5.2169237585665e-15,-4.7428951542545e-15,0.0,True,0.5237970493470416,opposite_sign,opposite_sign,-4.204628624827993e-28,9.360500459269055e-15
n20_vd_1_vg_0p2,n20_vd_1,n20,1.0,0.2,-3.3045393967449e-12,-3.30922389326466e-12,3.30463325533457e-12,3.31097219760311e-12,4.6929294835e-17,8.74152169225e-16,3.304586326039735e-12,3.310098045433885e-12,6.33894226854e-15,8.2722287439e-16,5.51171939415e-15,0.0,True,0.13049856574581614,opposite_sign,opposite_sign,1.0153471027710806e-16,1.7477739191900813e-15,-1.00376593708087e-27,-2.99381483574502e-30,8.17882472045898e-20,5.0526820851564e-20,4.0894123100411933e-20,2.5263410424285092e-20,4.089412410417787e-20,2.5263410427278908e-20,-3.12614263530258e-20,-1.5630712676126838e-20,-1.5630713676898962e-20,0.0,True,0.49999998399349865,opposite_sign,opposite_sign,-1.0153471028535317e-16,-1.0154422239458744e-16,-3.3045393967449e-12,-3.30922389326466e-12,3.30463333712282e-12,3.31097224812993e-12,4.697018896e-17,8.74177432635e-16,3.30458636693386e-12,3.310098070697295e-12,6.33891100711e-15,8.27207243675e-16,5.511703763435e-15,0.0,True,0.13049674348593443,opposite_sign,opposite_sign,-4.379312011527871e-27,1.6462296967946163e-15
n20_vd_1_vg_0p25,n20_vd_1,n20,1.0,0.25,-1.12921799947208e-11,-1.12961102252625e-11,1.12922816686472e-11,1.12887307367703e-11,5.08369632e-17,-3.6897442461e-15,1.1292230831684e-11,1.12924204810164e-11,-3.5509318769e-15,-3.7405812093e-15,1.896493324e-16,0.0,True,0.9517460030937605,opposite_sign,opposite_sign,1.0131004103991242e-16,-7.380019076215544e-15,-1.0255470507168e-27,-5.21429317018218e-30,3.27684298241124e-20,3.12353743625143e-20,1.6384214399282674e-20,1.5617687178650002e-20,1.6384215424829726e-20,1.5617687183864295e-20,-1.5330554615981e-21,-7.665272206326713e-22,-7.665282409654287e-22,0.0,True,0.4999996672224903,opposite_sign,opposite_sign,-1.0131004109861344e-16,-1.013076129068217e-16,-1.12921799947208e-11,-1.12961102252625e-11,1.12922817014157e-11,1.12887307680057e-11,5.085334745e-17,-3.6897286284e-15,1.129223084806825e-11,1.12924204966341e-11,-3.55093341e-15,-3.74058197585e-15,1.8964856585e-16,0.0,True,0.9517461981332097,opposite_sign,opposite_sign,1.2357530732190438e-26,-7.481326689095353e-15
n20_vd_1_vg_0p3,n20_vd_1,n20,1.0,0.30000000000000004,-3.8836337396413e-11,-3.88324948576172e-11,3.88364385318992e-11,3.88456924618721e-11,5.05677431e-17,6.59880212745e-15,3.88363879641561e-11,3.883909365974465e-11,9.2539299729e-15,6.54823438435e-15,2.70569558855e-15,0.0,True,0.7076165913861905,opposite_sign,opposite_sign,1.0062998941057638e-16,1.3197073494916345e-14,9.38160380678573e-28,-8.92880532923719e-30,8.62811157059973e-20,1.27315246838532e-20,4.314055832207884e-20,6.3657623374621974e-21,4.314055738391846e-20,6.365762346391003e-21,-7.35495910221441e-20,-3.677479598461664e-20,-3.6774795037527454e-20,0.0,True,0.5000000064384396,same_sign,opposite_sign,-1.0062998940208485e-16,-1.0063919130208508e-16,-3.8836337396413e-11,-3.88324948576172e-11,3.88364386181803e-11,3.88456924746036e-11,5.061088365e-17,6.5988084932e-15,3.883638800729665e-11,3.88390936661104e-11,9.2538564233e-15,6.54819760955e-15,2.70565881375e-15,0.0,True,0.7076182415217179,opposite_sign,opposite_sign,-5.1831242960931495e-27,1.3096434303594747e-14
n20_vd_1_vg_0p35,n20_vd_1,n20,1.0,0.35000000000000003,-1.34184988015973e-10,-1.34195484602155e-10,1.34185088517474e-10,1.34180993791088e-10,5.02507505e-17,-7.2454055335e-15,1.341850382667235e-10,1.341882391966215e-10,-4.094726386e-15,-7.295656284e-15,3.200929898e-15,0.0,True,0.6950503866210241,opposite_sign,opposite_sign,9.978824955551463e-17,-1.4491342015588543e-14,2.82458048768734e-28,-1.82790940510798e-29,6.28581676342776e-20,2.05241339604449e-20,3.1429083958367823e-20,1.0262066971082903e-20,3.1429083675909776e-20,1.0262066989361996e-20,-4.23340336738327e-20,-2.116701698728492e-20,-2.116701668654778e-20,0.0,True,0.5000000035519547,same_sign,opposite_sign,-9.978824881470427e-17,-9.978092636514613e-17,-1.34184988015973e-10,-1.34195484602155e-10,1.34185088580332e-10,1.34180993811612e-10,5.02821795e-17,-7.2453952715e-15,1.341850382981525e-10,1.341882392068835e-10,-4.09476872e-15,-7.295677451e-15,3.200908731e-15,0.0,True,0.6950524031814214,opposite_sign,opposite_sign,5.704790370625785e-25,-1.459112294208227e-14
n20_vd_1_vg_0p4,n20_vd_1,n20,1.0,0.4,-4.64858003865021e-10,-4.64865336487063e-10,4.64858103421523e-10,4.64853192843913e-10,4.9778251e-17,-6.071821575e-15,4.64858053643272e-10,4.64859264665488e-10,-4.91057761e-15,-6.121599826e-15,1.211022216e-15,0.0,True,0.8348445877799956,opposite_sign,opposite_sign,9.905834007889416e-17,-1.2144174301783921e-14,-1.55244278069107e-28,-4.8390350391287e-29,3.54413320608618e-20,3.5411552372661e-20,1.772066595280876e-20,1.7705776162135324e-20,1.772066610805304e-20,1.7705776210525674e-20,-2.97796882008e-23,-1.488979067343616e-23,-1.4889897527363838e-23,0.0,True,0.4999982059260164,opposite_sign,opposite_sign,-9.905833961700638e-17,-9.906351589132283e-17,-4.64858003865021e-10,-4.64865336487063e-10,4.64858103456964e-10,4.64853192879325e-10,4.97959715e-17,-6.071803869e-15,4.648580536609925e-10,4.64859264683194e-10,-4.910577639e-15,-6.1215998405e-15,1.2110222015e-15,0.0,True,0.8348445897574602,opposite_sign,opposite_sign,1.4861611903633496e-25,-1.2243237817263652e-14
n20_vd_1_vg_0p45,n20_vd_1,n20,1.0,0.45,-1.61075167593921e-09,-1.61074657837739e-09,1.61075177693116e-09,1.61073817875858e-09,5.0495975e-17,-4.199809405e-15,1.610751726435185e-09,1.610742378567985e-09,-1.359817258e-14,-4.25030538e-15,-9.3478672e-15,0.0,True,0.3125644534215788,opposite_sign,opposite_sign,9.849285657238008e-17,-8.400150182415783e-15,3.9302557371261e-28,-1.51767492351736e-28,3.56719017763153e-20,3.56647913795186e-20,1.7835951084670436e-20,1.7832395613875555e-20,1.7835950691644862e-20,1.7832395765643047e-20,-7.1103967967e-24,-3.555470794883032e-24,-3.554926001816968e-24,0.0,True,0.5000383096106759,same_sign,opposite_sign,-9.849285735810456e-17,-9.848701955932865e-17,-1.61075167593921e-09,-1.61074657837739e-09,1.61075177696683e-09,1.61073817879425e-09,5.051381e-17,-4.19979157e-15,1.61075172645302e-09,1.61074237858582e-09,-1.359817258e-14,-4.25030538e-15,-9.3478672e-15,0.0,True,0.3125644534215788,opposite_sign,opposite_sign,-2.7987242940690825e-24,-8.498637196877169e-15
n20_vd_1_vg_0p5,n20_vd_1,n20,1.0,0.5,-5.56256503304454e-09,-5.5625708365253e-09,5.56256513422014e-09,5.56255988972334e-09,5.05878e-17,-5.47340098e-15,5.56256508363234e-09,5.56256536312432e-09,-5.2444968e-15,-5.52398878e-15,2.7949198e-16,0.0,True,0.9518406295190337,opposite_sign,opposite_sign,9.805104211905524e-17,-1.094733357528958e-14,-1.32447711425194e-27,-5.07728061591439e-28,3.57508079113695e-20,3.57508086490788e-20,1.7875403293446193e-20,1.787540407067537e-20,1.7875404617923308e-20,1.787540457840343e-20,7.377093e-28,7.772291763302505e-28,-3.95198763302505e-29,0.0,True,0.9516131959975744,opposite_sign,opposite_sign,-9.80510561682597e-17,-9.804653872114585e-17,-5.56256503304454e-09,-5.5625708365253e-09,5.56256513425589e-09,5.5625598897591e-09,5.0605675e-17,-5.4733831e-15,5.562565083650215e-09,5.5625653631422e-09,-5.24449679e-15,-5.523988775e-15,2.79491985e-16,0.0,True,0.9518406286574818,opposite_sign,opposite_sign,-1.410971700810519e-23,-1.1045380104973805e-14
n20_vd_1_vg_0p55,n20_vd_1,n20,1.0,0.55,-1.90284697925257e-08,-1.90284678582357e-08,1.90284699779798e-08,1.90284628117745e-08,9.272705e-17,-2.5232306e-15,1.902846988525275e-08,1.90284653350051e-08,-7.1662053e-15,-2.61595765e-15,-4.55024765e-15,0.0,True,0.3650408466528304,opposite_sign,opposite_sign,9.769572197119127e-17,-5.046993084970346e-15,-1.0328627773457e-27,-1.72061951828695e-27,3.57504839186078e-20,3.57504839478082e-20,1.787524144287251e-20,1.787524111359434e-20,1.787524247573529e-20,1.787524283421386e-20,2.92004e-29,-3.29278170470625e-28,3.58478570470625e-28,0.0,True,0.47877127313936835,opposite_sign,opposite_sign,-9.769574494178055e-17,-9.77114749836941e-17,-1.90284697925257e-08,-1.90284678582357e-08,1.90284699780155e-08,1.90284628118103e-08,9.27449e-17,-2.5232127e-15,1.90284698852706e-08,1.9028465335023e-08,-7.1662052e-15,-2.6159576e-15,-4.5502476e-15,0.0,True,0.3650408447695581,opposite_sign,opposite_sign,-7.564695948275111e-23,-5.1447045100593556e-15
n20_vd_1_vg_0p6,n20_vd_1,n20,1.0,0.6000000000000001,-6.37162510154405e-08,-6.37162505241167e-08,6.37162517954012e-08,6.37162556971731e-08,3.8998035e-16,2.5865282e-15,6.371625140542086e-08,6.37162531106449e-08,3.9017719e-15,2.19654785e-15,1.70522405e-15,0.0,True,0.5629616252041797,opposite_sign,opposite_sign,9.738950753905057e-17,5.1725241909079765e-15,-5.87371606566227e-27,-5.74715071055915e-27,3.57501896973738e-20,3.57501896972314e-20,1.7875091911828866e-20,1.7875091975040346e-20,1.7875097785544934e-20,1.7875097722191056e-20,-1.424e-31,6.321147755156e-29,-6.335387755156e-29,0.0,True,0.4994374447893581,opposite_sign,opposite_sign,-9.738962709894804e-17,-9.739212713155432e-17,-6.37162510154405e-08,-6.37162505241167e-08,6.3716251795437e-08,6.37162556972089e-08,3.8999825e-16,2.5865461e-15,6.371625140543875e-08,6.37162531106628e-08,3.9017719e-15,2.19654785e-15,1.70522405e-15,0.0,True,0.5629616252041797,opposite_sign,opposite_sign,-6.936681013219925e-23,5.075132113969384e-15
n20_vd_1_vg_0p65,n20_vd_1,n20,1.0,0.65,-2.03872947638669e-07,-2.03872955421886e-07,2.03872949642771e-07,2.03872947860888e-07,1.002051e-15,-3.780499e-15,2.0387294864072e-07,2.03872951641387e-07,-1.781883e-15,-4.78255e-15,3.000667e-15,0.0,True,0.6144695695879994,opposite_sign,opposite_sign,9.712323061286298e-17,-7.56153058003616e-15,-1.78065196774168e-26,-1.83811826212514e-26,3.57500278275294e-20,3.57500278277072e-20,1.787500501050486e-20,1.7875004723262288e-20,1.7875022817024538e-20,1.787502310444491e-20,1.778e-31,-2.872425719173e-28,2.874203719173e-28,0.0,True,0.4998453006219493,opposite_sign,opposite_sign,-9.71231563734787e-17,-9.711894146179978e-17,-2.03872947638669e-07,-2.03872955421886e-07,2.03872949642807e-07,2.03872947860924e-07,1.002069e-15,-3.780481e-15,2.03872948640738e-07,2.03872951641405e-07,-1.781883e-15,-4.78255e-15,3.000667e-15,0.0,True,0.6144695695879994,opposite_sign,opposite_sign,3.2312962099039934e-22,-7.658649272607148e-15
n20_vd_1_vg_0p7,n20_vd_1,n20,1.0,0.7000000000000001,-5.97081379796597e-07,-5.97081371675109e-07,5.97081381114953e-07,5.97081368521417e-07,6.59178e-16,-1.576846e-15,5.97081380455775e-07,5.97081370098263e-07,-1.2593536e-14,-2.236024e-15,-1.0357512e-14,0.0,True,0.17755330988850154,opposite_sign,opposite_sign,9.691764496091158e-17,-3.154225102316767e-15,-4.17579668620558e-26,-5.38414715285165e-26,3.57502496247734e-20,3.57502496251645e-20,1.7875103933403268e-20,1.7875097891846486e-20,1.787514569137013e-20,1.7875151733318013e-20,3.911e-31,-6.04155678323035e-27,6.04194788323035e-27,0.0,True,0.49998381678119075,opposite_sign,opposite_sign,-9.69183326048699e-17,-9.691580733826251e-17,-5.97081379796597e-07,-5.97081371675109e-07,5.97081381114989e-07,5.97081368521453e-07,6.59196e-16,-1.576828e-15,5.97081380455793e-07,5.97081370098281e-07,-1.2593536e-14,-2.236024e-15,-1.0357512e-14,0.0,True,0.17755330988850154,opposite_sign,opposite_sign,-4.389515700539394e-22,-3.251140660950555e-15
n20_vd_1_vg_0p75,n20_vd_1,n20,1.0,0.75,-1.51689725623621e-06,-1.51689725944692e-06,1.51689725587502e-06,1.51689725150501e-06,-1.80595e-16,-3.970955e-15,1.516897256055615e-06,1.516897255475965e-06,-4.37001e-15,-3.79036e-15,-5.7965e-16,0.0,True,0.8673572829352794,opposite_sign,opposite_sign,9.680544397295972e-17,-7.942443593429004e-15,-6.03855029970878e-26,-1.36834218462082e-25,3.57512924859508e-20,3.57512924867188e-20,1.7875616050223903e-20,1.787557782625017e-20,1.7875676435726897e-20,1.787571466046863e-20,7.68e-31,-3.82239737324971e-26,3.82247417324971e-26,0.0,True,0.49999497702482426,opposite_sign,opposite_sign,-9.681181240428405e-17,-9.680782743833019e-17,-1.51689725623621e-06,-1.51689725944692e-06,1.51689725587506e-06,1.51689725150505e-06,-1.80575e-16,-3.970935e-15,1.516897256055635e-06,1.516897255475985e-06,-4.37001e-15,-3.79036e-15,-5.7965e-16,0.0,True,0.8673572829352794,opposite_sign,opposite_sign,-2.0973566664555056e-21,-8.039247149716229e-15
n20_vd_1_vg_0p8,n20_vd_1,n20,1.0,0.8,-3.2410138962824e-06,-3.24101389690908e-06,3.24101389599983e-06,3.24101388228801e-06,-1.41285e-16,-7.310535e-15,3.241013896141115e-06,3.241013889598545e-06,-1.371182e-14,-7.16925e-15,-6.54257e-15,0.0,True,0.5228518168995802,opposite_sign,opposite_sign,9.681381445682104e-17,-1.462160472873753e-14,-1.79627052409851e-25,-2.92471852631756e-25,3.57536025258069e-20,3.57536025268439e-20,1.7876711449377247e-20,1.7876655027495633e-20,1.7876891076429654e-20,1.7876947499348267e-20,1.037e-30,-5.64218816109525e-26,5.64229186109525e-26,0.0,True,0.49999540519369096,opposite_sign,opposite_sign,-9.681658739121416e-17,-9.682963497441621e-17,-3.2410138962824e-06,-3.24101389690908e-06,3.24101389599987e-06,3.24101388228804e-06,-1.41265e-16,-7.31052e-15,3.241013896141135e-06,3.24101388959856e-06,-1.371183e-14,-7.169255e-15,-6.542575e-15,0.0,True,0.5228518002338127,opposite_sign,opposite_sign,1.2841912290002543e-21,-1.4718440047352372e-14
n20_vd_1_vg_0p85,n20_vd_1,n20,1.0,0.8500000000000001,-5.88954004675546e-06,-5.88954003956006e-06,5.88954004683089e-06,5.88954004180888e-06,3.7715e-17,1.12441e-15,5.889540046793175e-06,5.88954004068447e-06,-5.02201e-15,1.086695e-15,-6.108705e-15,0.0,True,0.151026350168163,opposite_sign,opposite_sign,9.690632432348865e-17,2.2482845823103234e-15,-5.01974954631125e-25,-5.31683542993577e-25,3.57573769743469e-20,3.57573769747186e-20,1.7878437499696135e-20,1.7878422645587802e-20,1.7878939474650764e-20,1.7878954329130798e-20,3.717e-31,-1.4854108331226e-26,1.4854480031226e-26,0.0,True,0.4999937442332253,opposite_sign,opposite_sign,-9.6907158248324e-17,-9.689792192576383e-17,-5.88954004675546e-06,-5.88954003956006e-06,5.88954004683092e-06,5.88954004180892e-06,3.773e-17,1.12443e-15,5.88954004679319e-06,5.88954004068449e-06,-5.022e-15,1.0867e-15,-6.1087e-15,0.0,True,0.15102704505656392,opposite_sign,opposite_sign,-6.94464668084311e-21,2.1513907140877896e-15
n20_vd_1_vg_0p9,n20_vd_1,n20,1.0,0.9,-9.41848832928537e-06,-9.41848833893474e-06,9.41848832937971e-06,9.41848835024108e-06,4.717e-17,5.65317e-15,9.41848832933254e-06,9.41848834458791e-06,2.086137e-14,5.606e-15,1.525537e-14,0.0,True,0.26872635881536067,opposite_sign,opposite_sign,9.704508598727316e-17,1.1305803464141532e-14,-8.48875887355421e-25,-8.5059192986951e-25,3.57625529427693e-20,3.5762552942859e-20,1.788085203344097e-20,1.7880851175464564e-20,1.7881700909328327e-20,1.7881701767394434e-20,8.97e-32,-8.579764070445e-28,8.580661070445e-28,0.0,True,0.49997386428387885,opposite_sign,opposite_sign,-9.704974927677452e-17,-9.705898210849387e-17,-9.41848832928537e-06,-9.41848833893474e-06,9.41848832937975e-06,9.41848835024112e-06,4.719e-17,5.65319e-15,9.41848832933256e-06,9.41848834458793e-06,2.086137e-14,5.606e-15,1.525537e-14,0.0,True,0.26872635881536067,opposite_sign,opposite_sign,-1.4614779946394123e-21,1.1208749377912155e-14
n20_vd_1_vg_0p95,n20_vd_1,n20,1.0,0.9500000000000001,-1.37118154431795e-05,-1.37118154503464e-05,1.37118154432705e-05,1.37118154346055e-05,4.55e-17,-7.87045e-15,1.3711815443225e-05,1.371181544247595e-05,-8.665e-15,-7.91595e-15,-7.4905e-16,0.0,True,0.9135545297172533,opposite_sign,opposite_sign,9.720030093302836e-17,-1.5741438425800167e-14,-1.23852195146026e-24,-1.23880851795376e-24,3.57689533737415e-20,3.57689533737266e-20,1.7883857425895018e-20,1.7883857282604323e-20,1.788509594784648e-20,1.7885096091122276e-20,-1.49e-32,-1.4329069675e-28,1.4327579675e-28,0.0,True,0.5000259974566775,opposite_sign,opposite_sign,-9.722006056408551e-17,-9.721996743314639e-17,-1.37118154431795e-05,-1.37118154503464e-05,1.37118154432705e-05,1.37118154346055e-05,4.55e-17,-7.87045e-15,1.3711815443225e-05,1.371181544247595e-05,-8.665e-15,-7.91595e-15,-7.4905e-16,0.0,True,0.9135545297172533,opposite_sign,opposite_sign,-5.55273459090005e-20,-1.583869416094788e-14
n20_vd_1_vg_1,n20_vd_1,n20,1.0,1.0,-1.86467481536937e-05,-1.86467481529137e-05,1.86467481537923e-05,1.86467481647295e-05,4.93e-17,5.9079e-15,1.8646748153743e-05,1.86467481588216e-05,1.09372e-14,5.8586e-15,5.0786e-15,0.0,True,0.5356581209084592,opposite_sign,opposite_sign,9.746319959530517e-17,1.1815263036998455e-14,-1.68435131687453e-24,-1.6853137454868e-24,3.57763895139219e-20,3.57763895139408e-20,1.7887352581302512e-20,1.7887352100097655e-20,1.7889036932619388e-20,1.7889037413843143e-20,1.89e-32,-4.81204856135e-28,4.81223756135e-28,0.0,True,0.4999901810899224,opposite_sign,opposite_sign,-9.74043067126e-17,-9.741136761163171e-17,-1.86467481536937e-05,-1.86467481529137e-05,1.86467481537923e-05,1.86467481647295e-05,4.93e-17,5.9079e-15,1.8646748153743e-05,1.86467481588216e-05,1.09372e-14,5.8586e-15,5.0786e-15,0.0,True,0.5356581209084592,opposite_sign,opposite_sign,2.3118177542577586e-20,1.1717815894682623e-14
n20_vd_1_vg_1p05,n20_vd_1,n20,1.0,1.05,-2.41168328539809e-05,-2.41168328500152e-05,2.41168328540735e-05,2.4116832829044e-05,4.63e-17,-1.04856e-14,2.41168328540272e-05,2.41168328395296e-05,-2.50295e-14,-1.05319e-14,-1.44976e-14,0.0,True,0.4207794802133482,opposite_sign,opposite_sign,9.766117054077175e-17,-2.0971740099153063e-14,-2.18005174468616e-24,-2.18055325391437e-24,3.57846987973877e-20,3.57846987973354e-20,1.7891259372821508e-20,1.7891259122040744e-20,1.7893439424566194e-20,1.7893439675294656e-20,-5.23e-32,-2.50780764105e-28,2.50728464105e-28,0.0,True,0.5000521426098047,opposite_sign,opposite_sign,-9.759486453233065e-17,-9.758367379024882e-17,-2.41168328539809e-05,-2.41168328500152e-05,2.41168328540735e-05,2.4116832829044e-05,4.63e-17,-1.04856e-14,2.41168328540272e-05,2.41168328395296e-05,-2.50295e-14,-1.05319e-14,-1.44976e-14,0.0,True,0.4207794802133482,opposite_sign,opposite_sign,3.0523489695513706e-20,-2.1069359555461554e-14
n20_vd_1_vg_1p1,n20_vd_1,n20,1.0,1.1,-3.00352157658326e-05,-3.00352157705326e-05,3.00352157659352e-05,3.00352157673175e-05,5.13e-17,-1.60755e-15,3.00352157658839e-05,3.003521576892505e-05,1.3823e-15,-1.65885e-15,3.04115e-15,0.0,True,0.3529468085106383,opposite_sign,opposite_sign,9.778449132607791e-17,-3.2156401472545963e-15,-2.71687479989234e-24,-2.71671220921858e-24,3.57937484948653e-20,3.57937484948669e-20,1.7895515810032705e-20,1.789551589132884e-20,1.7898232684832595e-20,1.789823260353806e-20,1.6e-33,8.129613688e-29,-8.129453688e-29,0.0,True,0.5000049203314156,opposite_sign,opposite_sign,-9.778735758858084e-17,-9.779585418806793e-17,-3.00352157658326e-05,-3.00352157705326e-05,3.00352157659352e-05,3.00352157673176e-05,5.13e-17,-1.6075e-15,3.00352157658839e-05,3.00352157689251e-05,1.3824e-15,-1.6588e-15,3.0412e-15,0.0,True,0.35293617021276597,opposite_sign,opposite_sign,-3.8657294123109825e-20,-3.3133701485207766e-15
n20_vd_1_vg_1p15,n20_vd_1,n20,1.0,1.1500000000000001,-3.63322562007175e-05,-3.63322561931898e-05,3.63322562008104e-05,3.63322562085787e-05,4.645e-17,7.69445e-15,3.633225620076395e-05,3.633225620088425e-05,7.7683e-15,7.648e-15,1.203e-16,0.0,True,0.9845139863290553,opposite_sign,opposite_sign,9.80157075087369e-17,1.5388360107359927e-14,-3.28653453548062e-24,-3.2875273084697e-24,3.58034318413415e-20,3.58034318413518e-20,1.790007265340301e-20,1.7900072157021665e-20,1.790335918793849e-20,1.7903359684330134e-20,1.03e-32,-4.9638134454e-28,4.9639164454e-28,0.0,True,0.4999948125099528,opposite_sign,opposite_sign,-9.797929559012399e-17,-9.797099440394265e-17,-3.63322562007175e-05,-3.63322561931898e-05,3.63322562008104e-05,3.63322562085787e-05,4.645e-17,7.69445e-15,3.633225620076395e-05,3.633225620088425e-05,7.7683e-15,7.648e-15,1.203e-16,0.0,True,0.9845139863290553,opposite_sign,opposite_sign,6.117733061665417e-22,1.5290353312811672e-14
n20_vd_1_vg_1p2,n20_vd_1,n20,1.0,1.2000000000000002,-4.29514081635978e-05,-4.29514081661195e-05,4.29514081636916e-05,4.29514081872418e-05,4.69e-17,1.056115e-14,4.29514081636447e-05,4.295140817668065e-05,2.35502e-14,1.051425e-14,1.303595e-14,0.0,True,0.4464611765505176,opposite_sign,opposite_sign,9.807829846613387e-17,2.1121762485770155e-14,-3.88792008424832e-24,-3.88796524643359e-24,3.58136605602609e-20,3.58136605603027e-20,1.7904886320088327e-20,1.7904886297528134e-20,1.7908774240172574e-20,1.7908774262774565e-20,4.18e-32,-2.2560192635e-29,2.2601992635e-29,0.0,True,0.4995372234564149,opposite_sign,opposite_sign,-9.816920813510502e-17,-9.817169634284885e-17,-4.29514081635978e-05,-4.29514081661195e-05,4.29514081636917e-05,4.29514081872418e-05,4.695e-17,1.056115e-14,4.295140816364475e-05,4.295140817668065e-05,2.35501e-14,1.05142e-14,1.30359e-14,0.0,True,0.4464609492104068,opposite_sign,opposite_sign,-3.1851751518884517e-20,2.102355497965471e-14
n20_vd_1_vg_1p25,n20_vd_1,n20,1.0,1.25,-4.98466854007575e-05,-4.9846685404982e-05,4.98466854008538e-05,4.98466853984255e-05,4.815e-17,-3.27825e-15,4.984668540080565e-05,4.984668540170375e-05,-2.4283e-15,-3.3264e-15,8.981e-16,0.0,True,0.787406793703397,opposite_sign,opposite_sign,9.835917974832724e-17,-6.5570458553374134e-15,-4.5141647745973e-24,-4.51394055499538e-24,3.58243629227854e-20,3.58243629227743e-20,1.79099243790054e-20,1.7909924491109653e-20,1.791443854378e-20,1.7914438431664648e-20,-1.11e-32,1.1210425096e-28,-1.1211535096e-28,0.0,True,0.49997524748080685,opposite_sign,opposite_sign,-9.83559777154148e-17,-9.834490253850919e-17,-4.98466854007575e-05,-4.9846685404982e-05,4.98466854008538e-05,4.98466853984256e-05,4.815e-17,-3.2782e-15,4.984668540080565e-05,4.98466854017038e-05,-2.4282e-15,-3.32635e-15,8.9815e-16,0.0,True,0.7873949579831934,opposite_sign,opposite_sign,-3.2617815845603004e-20,-6.655324933771234e-15
n20_vd_1_vg_1p3,n20_vd_1,n20,1.0,1.3,-5.69813887896876e-05,-5.69813890525246e-05,5.69813890324781e-05,5.69813890384631e-05,1.2139525e-13,-7.03075e-15,5.698138891108285e-05,5.698138904549385e-05,5.985e-15,-1.28426e-13,1.34411e-13,0.0,True,0.48861461666355954,opposite_sign,opposite_sign,9.850272327084355e-17,-1.406204339019565e-14,-3.91471717944043e-24,-5.16208765526489e-24,3.58354833280181e-20,3.58354833385559e-20,1.791578430541933e-20,1.7915160625450316e-20,1.791969902259877e-20,1.7920322713105583e-20,1.05378e-29,-6.2367996901223e-25,6.2369050681223e-25,0.0,True,0.49999577599429995,opposite_sign,opposite_sign,-9.853905579280595e-17,-9.85415074944924e-17,-5.69813887896876e-05,-5.69813890525246e-05,5.69813890324781e-05,5.69813890384632e-05,1.2139525e-13,-7.0307e-15,5.698138891108285e-05,5.69813890454939e-05,5.9851e-15,-1.2842595e-13,1.3441105e-13,0.0,True,0.48861442643159064,opposite_sign,opposite_sign,-7.216409017400381e-20,-1.4160519084057723e-14
n20_vd_1_vg_1p35,n20_vd_1,n20,1.0,1.35,-6.43251943168981e-05,-6.43251945171369e-05,6.43251945016587e-05,6.43251945055191e-05,9.23803e-14,-5.8089e-15,6.43251944092784e-05,6.4325194511328e-05,3.8604e-15,-9.81892e-14,1.020496e-13,0.0,True,0.4903605095515954,opposite_sign,opposite_sign,9.867669417846769e-17,-1.1618340806976571e-14,-5.17033485089852e-24,-5.82966713057502e-24,3.58469742649121e-20,3.58469742703873e-20,1.79209019650306e-20,1.7920572301628362e-20,1.79260722998815e-20,1.7926401968758937e-20,5.4752e-30,-3.2966340223825e-25,3.2966887743825e-25,0.0,True,0.4999958479205639,opposite_sign,opposite_sign,-9.871829524073964e-17,-9.872425133412524e-17,-6.43251943168981e-05,-6.43251945171369e-05,6.43251945016587e-05,6.43251945055191e-05,9.23803e-14,-5.8089e-15,6.43251944092784e-05,6.4325194511328e-05,3.8604e-15,-9.81892e-14,1.020496e-13,0.0,True,0.4903605095515954,opposite_sign,opposite_sign,-7.744286553276215e-20,-1.17171008994553e-14
n20_vd_1_vg_1p4,n20_vd_1,n20,1.0,1.4000000000000001,-7.18524857081787e-05,-7.18524858528328e-05,7.18524858490298e-05,7.18524858536367e-05,7.042555e-14,4.0195e-16,7.185248577860425e-05,7.185248585323475e-05,4.6069e-15,-7.00236e-14,7.46305e-14,0.0,True,0.4840761513154484,opposite_sign,opposite_sign,9.89176229354935e-17,8.033624586823218e-16,-6.14926279499548e-24,-6.5143722755313e-24,3.58587967698095e-20,3.58587967726983e-20,1.7926323753507253e-20,1.7926141200211384e-20,1.7932473016302246e-20,1.7932655572486917e-20,2.8888e-30,-1.8255329586791e-25,1.8255618466791e-25,0.0,True,0.4999960439263372,opposite_sign,opposite_sign,-9.8893474562806e-17,-9.889366443253957e-17,-7.18524857081787e-05,-7.18524858528328e-05,7.18524858490299e-05,7.18524858536367e-05,7.04256e-14,4.0195e-16,7.18524857786043e-05,7.185248585323475e-05,4.6068e-15,-7.002365e-14,7.463045e-14,0.0,True,0.48407649696759375,opposite_sign,opposite_sign,8.316341458523324e-20,7.044329419673818e-16
n20_vd_1_vg_1p45,n20_vd_1,n20,1.0,1.4500000000000002,-7.95414980118885e-05,-7.95414981289538e-05,7.95414981197949e-05,7.95414981330445e-05,5.39532e-14,2.04535e-15,7.95414980658417e-05,7.954149813099915e-05,1.32496e-14,-5.190785e-14,6.515745e-14,0.0,True,0.44340936212524124,opposite_sign,opposite_sign,9.898425036040758e-17,4.090147423427532e-15,-7.00565543980558e-24,-7.21424193530442e-24,3.58709211772829e-20,3.58709211788391e-20,1.7931957760921547e-20,1.7931853468451898e-20,1.7938963416361353e-20,1.7939067710387202e-20,1.5562e-30,-1.0429246964942e-25,1.0429402584942e-25,0.0,True,0.499996269653037,opposite_sign,opposite_sign,-9.906437123556146e-17,-9.90681862117972e-17,-7.95414980118885e-05,-7.95414981289538e-05,7.9541498119795e-05,7.95414981330446e-05,5.395325e-14,2.0454e-15,7.954149806584175e-05,7.95414981309992e-05,1.32496e-14,-5.190785e-14,6.515745e-14,0.0,True,0.44340936212524124,opposite_sign,opposite_sign,-2.1117100496919622e-20,3.99113824119889e-15
n20_vd_1_vg_1p5,n20_vd_1,n20,1.0,1.5,-8.73738943471303e-05,-8.73738944464246e-05,8.73738944290269e-05,8.73738944408376e-05,4.09483e-14,-2.7935e-15,8.73738943880786e-05,8.73738944436311e-05,1.18107e-14,-4.37418e-14,5.55525e-14,0.0,True,0.440526797610739,opposite_sign,opposite_sign,9.922888269805028e-17,-5.5875506157044935e-15,-7.80378368246276e-24,-7.92762153393616e-24,3.58832670544166e-20,3.58832670553503e-20,1.7937731635367067e-20,1.793766971690818e-20,1.794553541904953e-20,1.7945597338442117e-20,9.337e-31,-6.19184588867e-26,6.19193925867e-26,0.0,True,0.49999623015100436,opposite_sign,opposite_sign,-9.923090694859877e-17,-9.923475744505658e-17,-8.73738943471303e-05,-8.73738944464246e-05,8.7373894429027e-05,8.73738944408376e-05,4.094835e-14,-2.7935e-15,8.737389438807865e-05,8.73738944436311e-05,1.18106e-14,-4.374185e-14,5.555245e-14,0.0,True,0.44052730116431654,opposite_sign,opposite_sign,5.696797634537327e-20,-5.686821248488984e-15
n20_vd_1_vg_1p55,n20_vd_1,n20,1.0,1.55,-9.53339992009426e-05,-9.53339992695511e-05,9.53339992413597e-05,9.53339992698532e-05,2.020855e-14,1.5105e-16,9.533399922115115e-05,9.533399926970214e-05,2.84935e-14,-2.00575e-14,4.8551e-14,0.0,True,0.29234715815095796,opposite_sign,opposite_sign,9.941052359642917e-17,3.015499542816945e-16,-8.57757774905421e-24,-8.65309663578112e-24,3.5895778092552e-20,3.58957780931468e-20,1.7943600257401473e-20,1.794356249825551e-20,1.7952177835150526e-20,1.795221559489129e-20,5.948e-31,-3.7759145963455e-26,3.7759740763455e-26,0.0,True,0.49999606191228585,opposite_sign,opposite_sign,-9.9393037997891e-17,-9.939194891840528e-17,-9.53339992009426e-05,-9.53339992695511e-05,9.53339992413598e-05,9.53339992698532e-05,2.02086e-14,1.5105e-16,9.53339992211512e-05,9.533399926970214e-05,2.84934e-14,-2.005755e-14,4.855095e-14,0.0,True,0.2923478869236319,opposite_sign,opposite_sign,7.646608812124428e-20,2.0212211823829273e-16
n20_vd_1_vg_1p6,n20_vd_1,n20,1.0,1.6,-0.000103408364394339,-0.000103408364452029,0.000103408364437447,0.000103408364456496,2.1554e-14,2.2335e-15,0.000103408364415893,0.0001034083644542625,1.9049e-14,-1.93205e-14,3.83695e-14,0.0,True,0.3349020627491766,opposite_sign,opposite_sign,9.952595532356096e-17,4.466443809263039e-15,-9.34133608054996e-24,-9.38945332771168e-24,3.59084880919876e-20,3.59084880923052e-20,1.7949573377953526e-20,1.7949549319488744e-20,1.7958914714034074e-20,1.7958938772816457e-20,3.176e-31,-2.405846478086e-26,2.405878238086e-26,0.0,True,0.49999669972807326,opposite_sign,opposite_sign,-9.955076173915879e-17,-9.954539127987961e-17,-0.000103408364394339,-0.000103408364452029,0.000103408364437447,0.000103408364456496,2.1554e-14,2.2335e-15,0.000103408364415893,0.0001034083644542625,1.9049e-14,-1.93205e-14,3.83695e-14,0.0,True,0.3349020627491766,opposite_sign,opposite_sign,-6.070556233882207e-20,4.36686251888452e-15
n20_vd_1_vg_1p65,n20_vd_1,n20,1.0,1.6500000000000001,-0.000111585297864667,-0.000111585297907416,0.000111585297892591,0.00011158529790038,1.3962e-14,-3.518e-15,0.000111585297878629,0.000111585297903898,7.789e-15,-1.748e-14,2.5269e-14,0.0,True,0.40889845376500034,opposite_sign,opposite_sign,9.940992477603508e-17,-7.036549245156391e-15,-1.01038967832847e-23,-1.0135634566958e-23,3.59213696856081e-20,3.59213696857991e-20,1.7955632894412407e-20,1.7955617025616072e-20,1.7965736791195693e-20,1.796575266018303e-20,1.91e-31,-1.586879633665e-26,1.586898733665e-26,0.0,True,0.49999699096821054,opposite_sign,opposite_sign,-9.970408124333418e-17,-9.970357854913207e-17,-0.000111585297864667,-0.000111585297907416,0.000111585297892591,0.00011158529790038,1.3962e-14,-3.518e-15,0.000111585297878629,0.000111585297903898,7.789e-15,-1.748e-14,2.5269e-14,0.0,True,0.40889845376500034,opposite_sign,opposite_sign,-3.3006773306198793e-19,-7.136288734939575e-15
n20_vd_1_vg_1p7,n20_vd_1,n20,1.0,1.7000000000000002,-0.00011985447261846,-0.00011985447266059,0.000119854472638814,0.000119854472653545,1.0177e-14,-3.5225e-15,0.000119854472628637,0.0001198544726570675,1.4731e-14,-1.36995e-14,2.84305e-14,0.0,True,0.3251720863992405,opposite_sign,opposite_sign,1.0000123813769565e-16,-7.045549150026101e-15,-1.08695098613035e-23,-1.08907050063976e-23,3.59344102091531e-20,3.59344102092569e-20,1.7961770349645898e-20,1.7961759752125252e-20,1.79726398595072e-20,1.7972650457131648e-20,1.038e-31,-1.059752064705e-26,1.059762444705e-26,0.0,True,0.49999755132603396,opposite_sign,opposite_sign,-9.98529652802304e-17,-9.985897887554285e-17,-0.00011985447261846,-0.00011985447266059,0.000119854472638814,0.000119854472653545,1.0177e-14,-3.5225e-15,0.000119854472628637,0.0001198544726570675,1.4731e-14,-1.36995e-14,2.84305e-14,0.0,True,0.3251720863992405,opposite_sign,opposite_sign,1.1234931679625173e-19,-7.145444052421146e-15
n20_vd_1_vg_1p75,n20_vd_1,n20,1.0,1.75,-0.000128206685905099,-0.000128206685928481,0.000128206685926832,0.000128206685930063,1.08665e-14,7.91e-16,0.0001282066859159655,0.000128206685929272,3.231e-15,-1.00755e-14,1.33065e-14,0.0,True,0.4309083910700539,opposite_sign,opposite_sign,9.998432576131044e-17,1.5814600633729715e-15,-1.16386282829076e-23,-1.16538310472628e-23,3.59475953239016e-20,3.59475953239436e-20,1.7967978347809345e-20,1.7967970746448167e-20,1.7979616976092254e-20,1.7979624577495432e-20,4.2e-32,-7.6013611776e-27,7.6014031776e-27,0.0,True,0.4999986186722685,opposite_sign,opposite_sign,-9.999736313715737e-17,-1.000066238625411e-16,-0.000128206685905099,-0.000128206685928481,0.000128206685926832,0.000128206685930063,1.08665e-14,7.91e-16,0.0001282066859159655,0.000128206685929272,3.231e-15,-1.00755e-14,1.33065e-14,0.0,True,0.4309083910700539,opposite_sign,opposite_sign,-4.897333258929775e-20,1.4814175035689369e-15
n20_vd_1_vg_1p8,n20_vd_1,n20,1.0,1.8,-0.000136634128826464,-0.000136634128844524,0.000136634128813695,0.000136634128847789,-6.3845e-15,1.6325e-15,0.0001366341288200795,0.0001366341288461565,3.4094e-14,8.017e-15,2.6077e-14,0.0,True,0.23514401360943274,opposite_sign,opposite_sign,1.0019029218525643e-16,3.264438966630359e-15,-1.24129742247127e-23,-1.24243045660894e-23,3.59609319666548e-20,3.5960931966685e-20,1.7974259496215045e-20,1.7974253831059454e-20,1.7986672470439757e-20,1.7986678135625546e-20,3.02e-32,-5.66515558835e-27,5.66518578835e-27,0.0,True,0.4999986672952298,opposite_sign,opposite_sign,-1.0013735761798858e-16,-1.0013270303294589e-16,-0.000136634128826464,-0.000136634128844524,0.000136634128813695,0.000136634128847789,-6.3845e-15,1.6325e-15,0.0001366341288200795,0.0001366341288461565,3.4094e-14,8.017e-15,2.6077e-14,0.0,True,0.23514401360943274,opposite_sign,opposite_sign,1.6986048356008576e-20,3.164270315089751e-15
n20_vd_1_vg_1p85,n20_vd_1,n20,1.0,1.85,-0.000145129620264242,-0.000145129620274484,0.000145129620264364,0.000145129620287693,6.1e-17,6.6045e-15,0.000145129620264303,0.0001451296202810885,2.3329e-14,6.5435e-15,1.67855e-14,0.0,True,0.28048780487804875,opposite_sign,opposite_sign,1.0060659730823469e-16,1.3208442114948841e-14,-1.31933650427373e-23,-1.32014731460632e-23,3.59744001651901e-20,3.59744001653467e-20,1.7980603400073682e-20,1.798059934610032e-20,1.799379676511642e-20,1.799380081924638e-20,1.566e-31,-4.05397336295e-27,4.05412996295e-27,0.0,True,0.4999903429943043,opposite_sign,opposite_sign,-1.0027295560634285e-16,-1.002631558686658e-16,-0.000145129620264242,-0.000145129620274484,0.000145129620264364,0.000145129620287693,6.1e-17,6.6045e-15,0.000145129620264303,0.0001451296202810885,2.3329e-14,6.5435e-15,1.67855e-14,0.0,True,0.28048780487804875,opposite_sign,opposite_sign,2.976804950913953e-19,1.3108142997881483e-14
n20_vd_1_vg_1p9,n20_vd_1,n20,1.0,1.9000000000000001,-0.000153686802861136,-0.000153686802875177,0.000153686802835265,0.000153686802874548,-1.29355e-14,-3.145e-16,0.0001536868028482005,0.0001536868028748625,3.9283e-14,1.2621e-14,2.6662e-14,0.0,True,0.3212840159865591,opposite_sign,opposite_sign,1.0027629792760087e-16,-6.295564930278036e-16,-1.39796652432887e-23,-1.39847568196898e-23,3.59879859075542e-20,3.59879859075671e-20,1.7987003121155455e-20,1.7987000575373706e-20,1.8000982786398743e-20,1.8000985332193396e-20,1.29e-32,-2.54578175055e-27,2.54579465055e-27,0.0,True,0.4999987332017647,opposite_sign,opposite_sign,-1.0040420009980069e-16,-1.0039649301254025e-16,-0.000153686802861136,-0.000153686802875177,0.000153686802835265,0.000153686802874548,-1.29355e-14,-3.145e-16,0.0001536868028482005,0.0001536868028748625,3.9283e-14,1.2621e-14,2.6662e-14,0.0,True,0.3212840159865591,opposite_sign,opposite_sign,-1.6387617839694837e-19,-7.299889600414954e-16
n20_vd_1_vg_1p95,n20_vd_1,n20,1.0,1.9500000000000002,-0.000162299942917127,-0.000162299942928743,0.000162299942885442,0.000162299942924426,-1.58425e-14,-2.1585e-15,0.0001622999429012845,0.0001622999429265845,3.8984e-14,1.3684e-14,2.53e-14,0.0,True,0.3510158013544018,opposite_sign,opposite_sign,9.998072576529641e-17,-4.317552515269644e-15,-1.4770413748155e-23,-1.47736314390522e-23,3.6001678167003e-20,3.60016781670049e-20,1.799345387662742e-20,1.7993452267782923e-20,1.8008224290375578e-20,1.8008225899221975e-20,1.9e-33,-1.6088444986e-27,1.6088463986e-27,0.0,True,0.4999997047572217,opposite_sign,opposite_sign,-1.0053114624474475e-16,-1.0052984543642944e-16,-0.000162299942917127,-0.000162299942928743,0.000162299942885442,0.000162299942924426,-1.58425e-14,-2.1585e-15,0.0001622999429012845,0.0001622999429265845,3.8984e-14,1.3684e-14,2.53e-14,0.0,True,0.3510158013544018,opposite_sign,opposite_sign,-5.864073872044589e-19,-4.418118347610609e-15
n20_vd_1_vg_2,n20_vd_1,n20,1.0,2.0,-0.000170963800792181,-0.000170963800804705,0.000170963800756332,0.000170963800791912,-1.79245e-14,-6.3965e-15,0.0001709638007742565,0.0001709638007983085,3.558e-14,1.1528e-14,2.4052e-14,0.0,True,0.32400224845418774,opposite_sign,opposite_sign,1.0015910316416586e-16,-1.2793547958784298e-14,-1.55650535833002e-23,-1.55677239251529e-23,3.60154680999895e-20,3.60154680999746e-20,1.79999515232031e-20,1.7999950188024724e-20,1.80155165767864e-20,1.8015517911949877e-20,-1.49e-32,-1.33517837635e-27,1.33516347635e-27,0.0,True,0.5000027899049676,opposite_sign,opposite_sign,-1.0065387529326059e-16,-1.0064110177543094e-16,-0.000170963800792181,-0.000170963800804705,0.000170963800756332,0.000170963800791912,-1.79245e-14,-6.3965e-15,0.0001709638007742565,0.0001709638007983085,3.558e-14,1.1528e-14,2.4052e-14,0.0,True,0.32400224845418774,opposite_sign,opposite_sign,-5.307720321284605e-19,-1.2894225060460104e-14
n20_vd_1_vg_2p05,n20_vd_1,n20,1.0,2.0500000000000003,-0.000179673661872888,-0.000179673661882543,0.000179673661834749,0.00017967366187979,-1.90695e-14,-1.3765e-15,0.0001796736618538185,0.0001796736618811665,4.5041e-14,1.7693e-14,2.7348e-14,0.0,True,0.3928198752247952,opposite_sign,opposite_sign,1.0074475878119656e-16,-2.753565802631932e-15,-1.63644624276428e-23,-1.63665788383797e-23,3.60293438195347e-20,3.60293438195367e-20,1.8006489678553528e-20,1.800648862034916e-20,1.8022854140981173e-20,1.802285519918754e-20,2e-33,-1.05820436845e-27,1.05820636845e-27,0.0,True,0.4999995275019246,opposite_sign,opposite_sign,-1.007724821247559e-16,-1.0076365195610631e-16,-0.000179673661872888,-0.000179673661882543,0.000179673661834749,0.00017967366187979,-1.90695e-14,-1.3765e-15,0.0001796736618538185,0.0001796736618811665,4.5041e-14,1.7693e-14,2.7348e-14,0.0,True,0.3928198752247952,opposite_sign,opposite_sign,-6.37363229027411e-20,-2.854365467565279e-15
n20_vd_1_vg_2p1,n20_vd_1,n20,1.0,2.1,-0.000188425257583297,-0.000188425257582825,0.000188425257544086,0.000188425257592368,-1.96055e-14,4.7715e-15,0.0001884252575636915,0.0001884252575875965,4.8282e-14,2.4377e-14,2.3905e-14,0.0,True,0.5048879499606478,opposite_sign,opposite_sign,1.0020680720636574e-16,9.542424237304658e-15,-1.71690112485748e-23,-1.71697363055266e-23,3.6043301215213e-20,3.60433012152252e-20,1.8013066101982213e-20,1.8013065739459836e-20,1.8030235113230788e-20,1.8030235475765364e-20,1.22e-32,-3.625223759e-28,3.625345759e-28,0.0,True,0.4999915868677835,opposite_sign,opposite_sign,-1.0088708316745804e-16,-1.0087685848042908e-16,-0.000188425257583297,-0.000188425257582825,0.000188425257544086,0.000188425257592368,-1.96055e-14,4.7715e-15,0.0001884252575636915,0.0001884252575875965,4.8282e-14,2.4377e-14,2.3905e-14,0.0,True,0.5048879499606478,opposite_sign,opposite_sign,-7.163020933343295e-19,9.44151135269275e-15
n20_vd_1_vg_2p15,n20_vd_1,n20,1.0,2.15,-0.000197214634336598,-0.000197214634337684,0.000197214634297795,0.000197214634337039,-1.94015e-14,-3.225e-16,0.0001972146343171965,0.0001972146343373615,3.9244e-14,1.9079e-14,2.0165e-14,0.0,True,0.4861634899602487,opposite_sign,opposite_sign,1.0099640171946249e-16,-6.455535318354807e-16,-1.7975502948851e-23,-1.79768363182297e-23,3.60573332603847e-20,3.60573332603722e-20,1.8019678878717925e-20,1.8019678212026984e-20,1.8037654381666774e-20,1.8037655048345215e-20,-1.25e-32,-6.6669093935e-28,6.6667843935e-28,0.0,True,0.5000046873732815,opposite_sign,opposite_sign,-1.0099781564893257e-16,-1.0099970872464494e-16,-0.000197214634336598,-0.000197214634337684,0.000197214634297795,0.000197214634337039,-1.94015e-14,-3.225e-16,0.0001972146343171965,0.0001972146343373615,3.9244e-14,1.9079e-14,2.0165e-14,0.0,True,0.4861634899602487,opposite_sign,opposite_sign,-3.745328723818066e-20,-7.465892799165496e-16
n20_vd_1_vg_2p2,n20_vd_1,n20,1.0,2.2,-0.000206038145613824,-0.000206038145609244,0.000206038145576573,0.000206038145610935,-1.86255e-14,8.455e-16,0.0002060381455951985,0.0002060381456100895,3.4362e-14,1.9471e-14,1.4891e-14,0.0,True,0.5666433851347419,opposite_sign,opposite_sign,1.0068254692015393e-16,1.6904403628077232e-15,-1.87860447139446e-23,-1.87875433896413e-23,3.60714222912973e-20,3.60714222912797e-20,1.802631812329168e-20,1.802631737394503e-20,1.804510416800562e-20,1.8045104917334672e-20,-1.76e-32,-7.4934664835e-28,7.4932904835e-28,0.0,True,0.5000058718507409,opposite_sign,opposite_sign,-1.0110482894576641e-16,-1.0109887811177211e-16,-0.000206038145613824,-0.000206038145609244,0.000206038145576574,0.000206038145610935,-1.8625e-14,8.455e-16,0.000206038145595199,0.0002060381456100895,3.4361e-14,1.94705e-14,1.48905e-14,0.0,True,0.5666453246413085,opposite_sign,opposite_sign,5.445523476987406e-19,1.589305432061203e-15
n20_vd_1_vg_2p25,n20_vd_1,n20,1.0,2.25,-0.000214892414893584,-0.000214892414899873,0.000214892414858628,0.000214892414905764,-1.7478e-14,2.9455e-15,0.000214892414876106,0.0002148924149028185,4.7136e-14,2.04235e-14,2.67125e-14,0.0,True,0.43328878139850646,opposite_sign,opposite_sign,1.0111830138004418e-16,5.890421741330407e-15,-1.96007394800873e-23,-1.96015488964655e-23,3.60855644471733e-20,3.60855644471943e-20,1.8032981853846605e-20,1.8032981449148918e-20,1.8052582593326694e-20,1.8052582998045383e-20,2.1e-32,-4.046976891e-28,4.047186891e-28,0.0,True,0.4999870276902188,opposite_sign,opposite_sign,-1.0120827997653831e-16,-1.0121377592074269e-16,-0.000214892414893584,-0.000214892414899873,0.000214892414858628,0.000214892414905764,-1.7478e-14,2.9455e-15,0.000214892414876106,0.0002148924149028185,4.7136e-14,2.04235e-14,2.67125e-14,0.0,True,0.43328878139850646,opposite_sign,opposite_sign,-1.2604456025598294e-19,5.789171899446766e-15
n20_vd_1_vg_2p3,n20_vd_1,n20,1.0,2.3000000000000003,-0.000223774290993614,-0.000223774290996869,0.000223774290961617,0.000223774291017251,-1.59985e-14,1.0191e-14,0.0002237742909776155,0.00022377429100706,5.5634e-14,2.61895e-14,2.94445e-14,0.0,True,0.4707463062156235,opposite_sign,opposite_sign,1.0116940285489248e-16,2.038143330472069e-14,-2.04186728701224e-23,-2.04185617481813e-23,3.60997583141173e-20,3.60997583141648e-20,1.8039669820623587e-20,1.803966987620831e-20,1.8060088493493712e-20,1.8060088437956492e-20,4.75e-32,5.558472055e-29,-5.553722055e-29,0.0,True,0.5002137291678393,opposite_sign,opposite_sign,-1.0130832636264175e-16,-1.0130386093540959e-16,-0.000223774290993614,-0.000223774290996869,0.000223774290961617,0.000223774291017251,-1.59985e-14,1.0191e-14,0.0002237742909776155,0.00022377429100706,5.5634e-14,2.61895e-14,2.94445e-14,0.0,True,0.4707463062156235,opposite_sign,opposite_sign,-1.7500284740926183e-19,2.028009336444553e-14
n20_vd_1_vg_2p35,n20_vd_1,n20,1.0,2.35,-0.000232680843546546,-0.000232680843542218,0.000232680843517594,0.000232680843541344,-1.4476e-14,-4.37e-16,0.00023268084353207,0.000232680843541781,2.375e-14,1.4039e-14,9.711e-15,0.0,True,0.5911157894736842,opposite_sign,opposite_sign,1.0099301725121924e-16,-8.745681162370382e-16,-2.1237655181852e-23,-2.12383115744375e-23,3.61140024635865e-20,3.61140024635761e-20,1.8046382404202325e-20,1.8046382076000833e-20,1.8067620059384177e-20,1.806762038757527e-20,-1.04e-32,-3.2820149275e-28,3.2819109275e-28,0.0,True,0.5000079220882667,opposite_sign,opposite_sign,-1.014051260631786e-16,-1.0141056682518399e-16,-0.000232680843546546,-0.000232680843542218,0.000232680843517594,0.000232680843541344,-1.4476e-14,-4.37e-16,0.00023268084353207,0.000232680843541781,2.375e-14,1.4039e-14,9.711e-15,0.0,True,0.5911157894736842,opposite_sign,opposite_sign,-4.482015767828353e-19,-9.760147758263732e-16
n20_vd_1_vg_2p4,n20_vd_1,n20,1.0,2.4000000000000004,-0.000241609309400299,-0.000241609309402984,0.000241609309374534,0.000241609309411039,-1.28825e-14,4.0275e-15,0.0002416093093874165,0.0002416093094070115,3.6505e-14,1.691e-14,1.9595e-14,0.0,True,0.46322421586084095,opposite_sign,opposite_sign,1.0138322775726164e-16,8.054432100829173e-15,-2.20607243382391e-23,-2.20605435216178e-23,3.61282922147396e-20,3.61282922147583e-20,1.805311574520068e-20,1.8053115835618342e-20,1.8075176469538918e-20,1.807517637913996e-20,1.87e-32,9.041766065e-29,-9.039896065e-29,0.0,True,0.5000517098479818,opposite_sign,opposite_sign,-1.0149883029215561e-16,-1.0150998373632376e-16,-0.000241609309400299,-0.000241609309402984,0.000241609309374534,0.000241609309411039,-1.28825e-14,4.0275e-15,0.0002416093093874165,0.0002416093094070115,3.6505e-14,1.691e-14,1.9595e-14,0.0,True,0.46322421586084095,opposite_sign,opposite_sign,-1.5170876643877706e-19,7.952886010861179e-15
n20_vd_1_vg_2p45,n20_vd_1,n20,1.0,2.45,-0.000250557079009802,-0.000250557079008426,0.000250557078987132,0.000250557079012788,-1.1335e-14,2.181e-15,0.000250557078998467,0.000250557079010607,2.5656e-14,1.3516e-14,1.214e-14,0.0,True,0.5268163392578734,opposite_sign,opposite_sign,1.0186673987849256e-16,4.361448785967216e-15,-2.28843086495379e-23,-2.28850191955333e-23,3.6142622755569e-20,3.61426227555769e-20,1.8059869223459732e-20,1.8059868868190684e-20,1.808275353210927e-20,1.8082753887386216e-20,7.9e-33,-3.552690477e-28,3.552769477e-28,0.0,True,0.49999444089471257,opposite_sign,opposite_sign,-1.0158958368933908e-16,-1.0157865414551262e-16,-0.000250557079009802,-0.000250557079008426,0.000250557078987132,0.000250557079012788,-1.1335e-14,2.181e-15,0.000250557078998467,0.000250557079010607,2.5656e-14,1.3516e-14,1.214e-14,0.0,True,0.5268163392578734,opposite_sign,opposite_sign,2.410364507925042e-19,4.259834012083967e-15
n20_vd_1_vg_2p5,n20_vd_1,n20,1.0,2.5,-0.000259521678571019,-0.000259521678570708,0.000259521678551251,0.000259521678566245,-9.884e-15,-2.2315e-15,0.000259521678561135,0.0002595216785684765,1.4994e-14,7.6525e-15,7.3415e-15,0.0,True,0.5103708149926638,opposite_sign,opposite_sign,1.0223472290021795e-16,-4.463578402602596e-15,-2.37120181226408e-23,-2.37115036606028e-23,3.61569895534662e-20,3.61569895534533e-20,1.8066638767671778e-20,1.8066639024896348e-20,1.809035078579442e-20,1.8090350528556953e-20,-1.29e-32,2.57224569e-28,-2.57237469e-28,0.0,True,0.4999874626317909,opposite_sign,opposite_sign,-1.0167752324910166e-16,-1.016812685503492e-16,-0.000259521678571019,-0.000259521678570708,0.000259521678551251,0.000259521678566245,-9.884e-15,-2.2315e-15,0.000259521678561135,0.0002595216785684765,1.4994e-14,7.6525e-15,7.3415e-15,0.0,True,0.5103708149926638,opposite_sign,opposite_sign,5.210663735204932e-19,-4.565295804430995e-15
n21_vd_0p05_vg_0,n21_vd_0p05,n21,0.05,0.0,-6.31695728194554e-17,4.08554867395102e-15,9.38712510280118e-17,4.08574620575894e-15,1.53508391042782e-17,4.08564743985498e-15,7.85204119237336e-17,9.876590396e-20,3.991874954730928e-15,4.070296600750702e-15,-7.84216460197736e-17,0.0,True,0.9810973796350667,opposite_sign,same_sign,3.04336138425345e-17,8.171058594214163e-15,-2.85440350817369e-29,-1.7447999687362e-32,3.38105287367171e-20,3.38105285678864e-20,1.690526435408653e-20,1.6905264283934476e-20,1.6905264382630567e-20,1.6905264283951923e-20,-1.688307e-28,-7.015205645897523e-29,-9.867864354102477e-29,0.0,True,0.4155171805777932,opposite_sign,opposite_sign,-3.049750574631612e-17,-3.052267405300753e-17,-6.31695728194839e-17,4.08554867395102e-15,9.39050615567485e-17,4.08578001628751e-15,1.53677443686323e-17,4.085664345119265e-15,7.85373171881162e-17,1.15671168245e-19,3.9918749547307616e-15,4.0702966007506324e-15,-7.84216460198712e-17,0.0,True,0.9810973796350435,opposite_sign,same_sign,-6.389190378159939e-20,8.140535920161158e-15
n21_vd_0p05_vg_0p05,n21_vd_0p05,n21,0.05,0.05,-2.28529963506365e-16,4.08539025735259e-15,1.95483943847124e-16,4.08594373756686e-15,-1.65230098296205e-17,4.085666997459725e-15,2.120069536767445e-16,2.76740107135e-19,3.890459793719736e-15,4.102190007289346e-15,-2.117302135696095e-16,0.0,True,0.9509193024604772,opposite_sign,same_sign,2.7584782206546897e-17,8.17109770444645e-15,8.73754467732376e-27,9.33376877175877e-32,3.38100833091381e-20,3.38100805791168e-20,1.690504602334139e-20,1.690504028960507e-20,1.690503728579671e-20,1.690504028951173e-20,-2.7300213e-27,-5.733736319818021e-27,3.003715019818021e-27,0.0,True,0.6562252648902145,same_sign,same_sign,-3.0700265165066815e-17,-3.069283731004029e-17,-2.28529963497628e-16,4.08539025735259e-15,1.95517753930434e-16,4.08597754764744e-15,-1.6506104783597e-17,4.085683902500015e-15,2.12023858714031e-16,2.93645147425e-19,3.890459793717006e-15,4.102190007283612e-15,-2.11730213566606e-16,0.0,True,0.9509193024610741,opposite_sign,same_sign,-3.115482958519616e-18,8.140404867136411e-15
n21_vd_0p05_vg_0p1,n21_vd_0p05,n21,0.05,0.1,-5.84373590749805e-16,4.08483873289879e-15,5.99176027153566e-16,4.08645614681117e-15,7.4012182018805e-18,4.08564743985498e-15,5.917748089516855e-16,8.0870695619e-19,3.487280119657604e-15,4.078246221653099e-15,-5.909661019954955e-16,0.0,True,0.873433448506427,opposite_sign,same_sign,3.001944262788904e-17,8.17105858364948e-15,7.87727748960997e-28,-8.921179735629e-33,3.38096285807681e-20,3.38096282897495e-20,1.6904814684247924e-20,1.690481414487029e-20,1.6904813896520176e-20,1.690481414487921e-20,-2.910186e-28,-5.393776350703663e-28,2.483590350703663e-28,0.0,True,0.6847182002762473,same_sign,opposite_sign,-3.0880189367395306e-17,-3.0915233713956157e-17,-5.84373590749018e-16,4.08483873289879e-15,5.99209836782147e-16,4.08648995643946e-15,7.4181230165645e-18,4.085664344669125e-15,5.917917137655825e-16,8.25611770335e-19,3.487280119657313e-15,4.0782462216525605e-15,-5.909661019952475e-16,0.0,True,0.8734334485064588,opposite_sign,same_sign,-8.607467395068298e-19,8.140143349935523e-15
n21_vd_0p05_vg_0p15,n21_vd_0p05,n21,0.05,0.15000000000000002,-1.83093750351894e-15,4.0830687696694e-15,1.86217154026393e-15,4.08822806580104e-15,1.5617018372495e-17,4.08564841773522e-15,1.846554521891435e-15,2.57964806582e-18,2.22605652553711e-15,4.070031399362725e-15,-1.843974873825615e-15,0.0,True,0.6882020767909166,opposite_sign,same_sign,3.0986091633615903e-17,8.171060533188806e-15,-2.19699537330908e-28,-1.59011443437344e-32,3.38091778378426e-20,3.3809177873305e-20,1.690458880907153e-20,1.690458893664455e-20,1.6904589028771068e-20,1.690458893666045e-20,3.54624e-29,1.2757301809328214e-28,-9.211061809328213e-29,0.0,True,0.5807124295090507,opposite_sign,opposite_sign,-3.102331595857656e-17,-3.1017940817236513e-17,-1.83093750351916e-15,4.0830687696694e-15,1.86220534944177e-15,4.08826187497891e-15,1.5633922961305e-17,4.085665322324155e-15,1.846571426480465e-15,2.596552654755e-18,2.22605652553714e-15,4.07003139936285e-15,-1.84397487382571e-15,0.0,True,0.6882020767909122,opposite_sign,same_sign,-3.7224324958993976e-20,8.140042592371566e-15
n21_vd_0p05_vg_0p2,n21_vd_0p05,n21,0.05,0.2,-6.003861758745e-15,4.07719953248554e-15,6.03483484563023e-15,1.36910796527721e-14,1.5486543442615e-17,8.88413959262882e-15,6.019348302187615e-15,4.80694006014328e-15,7.65624480714187e-15,8.868653049186205e-15,-1.212408242044335e-15,0.0,True,0.8797340669777494,opposite_sign,same_sign,3.1048672189837647e-17,1.776804287608123e-14,1.75006900880122e-28,-8.93641163588525e-33,3.38087361761501e-20,3.38087360235903e-20,1.69043681755785e-20,1.6904368011790682e-20,1.69043680005716e-20,1.6904368011799617e-20,-1.525598e-28,-1.6378781864587895e-28,1.1228018645878942e-29,0.0,True,0.9358456993399894,same_sign,opposite_sign,-3.1157561706494644e-17,-3.115967939283752e-17,-6.00386175874482e-15,4.07719953248554e-15,6.0348686543664e-15,1.36911134615081e-14,1.550344781079e-17,8.88415649699682e-15,6.01936520655561e-15,4.80695696451128e-15,7.6562448071417e-15,8.86865304918603e-15,-1.21240824204433e-15,0.0,True,0.8797340669777477,opposite_sign,same_sign,-1.0888951665815616e-19,1.773688319668837e-14
n21_vd_0p05_vg_0p25,n21_vd_0p05,n21,0.05,0.25,-2.01299147709719e-14,-1.97252477487352e-14,2.01608061899055e-14,2.33079168828956e-14,1.54457094668e-17,1.7913345670802e-15,2.01453604804387e-14,2.15165823158154e-14,3.1471106929901e-15,1.7758888576134e-15,1.3712218353767e-15,0.0,True,0.5642918317328429,opposite_sign,opposite_sign,3.1104089326130264e-17,3.5824328173612725e-15,8.38833793192783e-28,-3.34895074782649e-32,3.38083111197123e-20,3.380831114967e-20,1.6904155979273045e-20,1.6904155574818254e-20,1.6904155140439253e-20,1.6904155574851744e-20,2.99577e-29,-4.044547913501306e-28,4.3441249135013065e-28,0.0,True,0.48214395732328,same_sign,opposite_sign,-3.1323848451873255e-17,-3.1319810655139066e-17,-2.01299147709711e-14,-1.97252477487352e-14,2.01608399982166e-14,2.33079506912067e-14,1.546261362275e-17,1.79135147123575e-15,2.014537738459385e-14,2.151659921997095e-14,3.1471106929901e-15,1.775888857613e-15,1.3712218353771e-15,0.0,True,0.5642918317327158,opposite_sign,opposite_sign,-2.1975912579897e-19,3.551113006706085e-15
n21_vd_0p05_vg_0p3,n21_vd_0p05,n21,0.05,0.30000000000000004,-6.87504804196031e-14,-9.07229452516231e-14,6.87819589516092e-14,8.50871190053855e-14,1.573926600305e-17,-2.8179131231188e-15,6.876621968560616e-14,8.79050321285043e-14,1.63051600537763e-14,-2.83365238912185e-15,1.913881244289815e-14,0.0,True,0.12896379221836002,opposite_sign,opposite_sign,3.062025308116111e-17,-5.636062571451981e-15,2.70440152966919e-28,-8.77894612385726e-32,3.38079094524123e-20,3.38079095064277e-20,1.6903954861426226e-20,1.6903954753169954e-20,1.6903954590986072e-20,1.6903954753257746e-20,5.40154e-29,-1.082562712140788e-28,1.622716712140788e-28,0.0,True,0.400166689778553,same_sign,opposite_sign,-3.154711993849655e-17,-3.154696083297376e-17,-6.87504804196028e-14,-9.07229452516231e-14,6.87819927595187e-14,8.5087152813295e-14,1.575616995795e-17,-2.81789621916405e-15,6.876623658956075e-14,8.790504903245905e-14,1.63051600537763e-14,-2.833652389122e-15,1.91388124428983e-14,0.0,True,0.12896379221836507,opposite_sign,opposite_sign,-9.268668572443625e-19,-5.667609532284963e-15
n21_vd_0p05_vg_0p35,n21_vd_0p05,n21,0.05,0.35000000000000003,-2.38533142108651e-13,-2.48034356228188e-13,2.3856436516457e-13,2.42398571052784e-13,1.56115279595e-17,-2.817892587702e-15,2.385487536366105e-13,2.45216463640486e-13,3.834205888214e-15,-2.8335041156615e-15,6.6677100038755e-15,0.0,True,0.2982254772929566,opposite_sign,opposite_sign,3.321863854204611e-17,-5.63602150990498e-15,-4.94010551687106e-28,-8.17800609831584e-32,3.38075356015857e-20,3.38075358496234e-20,1.6903767553787575e-20,1.690376792477081e-20,1.6903768047798127e-20,1.690376792485259e-20,2.480377e-28,3.709832358130614e-28,-1.2294553581306143e-28,0.0,True,0.7510865070518213,opposite_sign,opposite_sign,-3.1797739818045726e-17,-3.177134183979306e-17,-2.38533142108651e-13,-2.48034356228188e-13,2.38564398972105e-13,2.4239860486032e-13,1.5628431727e-17,-2.817875683934e-15,2.38548770540378e-13,2.45216480544254e-13,3.834205888215e-15,-2.833504115661e-15,6.667710003876e-15,0.0,True,0.29822547729290394,opposite_sign,opposite_sign,1.4208987239283182e-18,-5.667792851744578e-15
n21_vd_0p05_vg_0p4,n21_vd_0p05,n21,0.05,0.4,-8.38790523793738e-13,-8.57703775151831e-13,8.38822511972896e-13,8.50980300830988e-13,1.5994089579e-17,-3.3617371604215e-15,8.38806517883317e-13,8.543420379914095e-13,1.2157788858092e-14,-3.3777312500005e-15,1.55355201080925e-14,0.0,True,0.17859072382893942,opposite_sign,opposite_sign,2.6506477384566444e-17,-6.7237106656037125e-15,1.23392392241574e-28,-1.59595964963768e-31,3.38071994709549e-20,3.38071993976041e-20,1.6903599797173646e-20,1.6903599698722253e-20,1.6903599673781252e-20,1.690359969888185e-20,-7.33508e-29,-9.845139410326889e-29,2.5100594103268883e-29,0.0,True,0.7968418439263879,same_sign,opposite_sign,-3.198694441805315e-17,-3.204230323352116e-17,-8.38790523793738e-13,-8.57703775151831e-13,8.38822545780096e-13,8.50980334638187e-13,1.6010993179e-17,-3.361720256822e-15,8.38806534786917e-13,8.54342054895009e-13,1.2157788858091e-14,-3.377731250001e-15,1.5535520108092e-14,0.0,True,0.17859072382896582,opposite_sign,opposite_sign,-5.48046703307789e-18,-6.755752968837638e-15
n21_vd_0p05_vg_0p45,n21_vd_0p05,n21,0.05,0.45,-2.98375692393536e-12,-2.96370499124226e-12,2.98378725248373e-12,2.98256138981546e-12,1.5164274185e-17,9.4281992866e-15,2.983772088209545e-12,2.97313319052886e-12,-1.22586266827e-15,9.413035012415e-15,-1.0638897680685e-14,0.0,True,0.46943280513075364,opposite_sign,opposite_sign,2.573252590461975e-17,1.8856162217062782e-14,2.82848066513853e-28,-2.56977589038508e-31,3.38069084380745e-20,3.38069085003798e-20,1.6903454360461283e-20,1.690345425006141e-20,1.6903454077613217e-20,1.6903454250318388e-20,6.23053e-29,-1.1039987205144575e-28,1.7270517205144575e-28,0.0,True,0.38996080907453595,same_sign,opposite_sign,-3.205686576343438e-17,-3.206920152876438e-17,-2.98375692393536e-12,-2.96370499124226e-12,2.98378728629064e-12,2.98256142362236e-12,1.518117764e-17,9.42821619005e-15,2.983772105113e-12,2.97313320743231e-12,-1.22586266828e-15,9.41303501241e-15,-1.063889768069e-14,0.0,True,0.4694328051305043,opposite_sign,opposite_sign,-6.324339857530332e-18,1.8824093015525424e-14
n21_vd_0p05_vg_0p5,n21_vd_0p05,n21,0.05,0.5,-1.07193581623629e-11,-1.07195909047558e-11,1.07193952808426e-11,1.07133485836501e-11,1.855923985e-17,-3.12116055285e-15,1.071937672160275e-11,1.071646974420295e-11,-6.0466971925e-15,-3.1397197927e-15,-2.9069773998e-15,0.0,True,0.519245414934014,opposite_sign,opposite_sign,3.884090403989186e-17,-6.242557474555011e-15,-7.02731990479658e-28,-9.33172650749164e-31,3.38066668495823e-20,3.38066670875005e-20,1.6903333073425154e-20,1.6903333543283663e-20,1.6903333776157145e-20,1.6903333544216836e-20,2.379182e-28,4.6985850891445445e-28,-2.3194030891445442e-28,0.0,True,0.6695059851596971,opposite_sign,opposite_sign,-3.2060296340253144e-17,-3.2069201770177936e-17,-1.07193581623629e-11,-1.07195909047558e-11,1.07193953146493e-11,1.07133486174568e-11,1.85761432e-17,-3.1211436495e-15,1.07193767385061e-11,1.07164697611063e-11,-6.0466971925e-15,-3.1397197927e-15,-2.9069773998e-15,0.0,True,0.519245414934014,opposite_sign,opposite_sign,6.7806077338746874e-18,-6.274626676291894e-15
n21_vd_0p05_vg_0p55,n21_vd_0p05,n21,0.05,0.55,-3.8832413736765e-11,-3.88151973563297e-11,3.88324526021625e-11,3.88186838227023e-11,1.943269875e-17,1.7432331863e-15,3.883243316946375e-11,3.8816940589516e-11,-1.37687794602e-14,1.72380048755e-15,-1.549257994775e-14,0.0,True,0.100125603870577,opposite_sign,opposite_sign,2.4276026205701554e-17,3.4862299892983073e-15,4.53537261792195e-29,-3.17695598759895e-30,3.38063703440225e-20,3.38063701045434e-20,1.6903185194688113e-20,1.6903185050683223e-20,1.6903185149334386e-20,1.6903185053860177e-20,-2.394791e-28,-1.4400489108340922e-28,-9.547420891659077e-29,0.0,True,0.6013255064154209,same_sign,opposite_sign,-3.2084315766227224e-17,-3.2076698393334937e-17,-3.8832413736765e-11,-3.88151973563297e-11,3.88324526359689e-11,3.88186838565087e-11,1.944960195e-17,1.7432500895e-15,3.883243318636695e-11,3.88169406064192e-11,-1.37687794602e-14,1.72380048755e-15,-1.549257994775e-14,0.0,True,0.100125603870577,opposite_sign,opposite_sign,-7.808289531031347e-18,3.4541532909347545e-15
n21_vd_0p05_vg_0p6,n21_vd_0p05,n21,0.05,0.6000000000000001,-1.41613957410931e-10,-1.41605864147344e-10,1.41613994452942e-10,1.41619441185e-10,1.85210055e-17,6.788518828e-15,1.416139759319365e-10,1.41612652666172e-10,5.446732058e-15,6.7699978225e-15,-1.3232657645e-15,0.0,True,0.8364978787265094,opposite_sign,opposite_sign,2.3804964234649072e-17,1.3576801255810337e-14,2.76374559283264e-28,-1.15125150015989e-29,3.38060790127305e-20,3.38060787752882e-20,1.690303964455253e-20,1.6903039381887842e-20,1.6903039368177972e-20,1.6903039393400356e-20,-2.374423e-28,-2.6266468714243143e-28,2.522238714243145e-29,0.0,True,0.9123879138892008,same_sign,opposite_sign,-3.2125339472382794e-17,-3.2117887942259024e-17,-1.41613957410931e-10,-1.41605864147344e-10,1.41613994486748e-10,1.41619441218806e-10,1.85379085e-17,6.788535731e-15,1.416139759488395e-10,1.41612652683075e-10,5.446732058e-15,6.7699978225e-15,-1.3232657645e-15,0.0,True,0.8364978787265094,opposite_sign,opposite_sign,-8.320375324267185e-18,1.354468336778207e-14
n21_vd_0p05_vg_0p65,n21_vd_0p05,n21,0.05,0.65,-5.18773880517215e-10,-5.18773273645727e-10,5.18773929637395e-10,5.18782791962446e-10,2.456009e-17,4.7591583595e-15,5.18773905077305e-10,5.187780328040865e-10,8.862325051e-15,4.7345982695e-15,4.1277267815e-15,0.0,True,0.5342388416418737,opposite_sign,opposite_sign,1.8875800244083822e-17,9.518080298050073e-15,-1.27993696709558e-29,-4.20322005646835e-29,3.38057843149734e-20,3.38057844749332e-20,1.6902892151087016e-20,1.69028922164505e-20,1.6902892163886386e-20,1.69028922584827e-20,1.599598e-28,6.536348455313615e-29,9.459631544686385e-29,0.0,True,0.40862444534899484,opposite_sign,opposite_sign,-3.213732977351203e-17,-3.2147129364568296e-17,-5.18773880517215e-10,-5.18773273645727e-10,5.18773929671201e-10,5.18782791996251e-10,2.4576993e-17,4.759175262e-15,5.18773905094208e-10,5.18778032820989e-10,8.86232505e-15,4.734598269e-15,4.127726781e-15,0.0,True,0.5342388416457372,opposite_sign,opposite_sign,-1.3261529372673527e-17,9.485933167911552e-15
n21_vd_0p05_vg_0p7,n21_vd_0p05,n21,0.05,0.7000000000000001,-1.90312260898441e-09,-1.90311557415824e-09,1.90312262659273e-09,1.9031212766427e-09,8.80416e-18,2.85124223e-15,1.90312261778857e-09,1.90311842540047e-09,-1.34995003e-15,2.84243807e-15,-4.1923881e-15,0.0,True,0.40405235343576373,opposite_sign,opposite_sign,4.3659788217675316e-17,5.7022480120491895e-15,2.22595590469422e-28,-1.53997728596936e-28,3.38055223596224e-20,3.38055223572893e-20,1.6902761291108996e-20,1.6902761101645785e-20,1.6902761068513405e-20,1.6902761255643514e-20,-2.3331e-30,-1.89463209533179e-28,1.87130109533179e-28,0.0,True,0.5030976385956397,same_sign,opposite_sign,-3.2077001663991984e-17,-3.207645873323511e-17,-1.90312260898441e-09,-1.90311557415824e-09,1.90312262662653e-09,1.90312127667651e-09,8.82106e-18,2.851259135e-15,1.90312261780547e-09,1.903118425417375e-09,-1.34995002e-15,2.842438075e-15,-4.192388095e-15,0.0,True,0.40405235414651336,opposite_sign,opposite_sign,1.158278087170101e-17,5.670171557974108e-15
n21_vd_0p05_vg_0p75,n21_vd_0p05,n21,0.05,0.75,-6.95536573682524e-09,-6.95535970285038e-09,6.95536682307642e-09,6.95536794768145e-09,5.4312559e-16,4.122415535e-15,6.95536627995083e-09,6.955363825265915e-09,1.12460503e-15,3.579289945e-15,-2.454684915e-15,0.0,True,0.5931894030131906,opposite_sign,opposite_sign,4.3112612393748864e-17,8.244594583675626e-15,1.73595653910049e-28,-5.62772465821414e-28,3.38053037146528e-20,3.38053035534971e-20,1.6902651944124228e-20,1.6902651495362317e-20,1.6902651770528574e-20,1.6902652058134782e-20,-1.611557e-28,-4.487619098657315e-28,2.876062098657315e-28,0.0,True,0.6094260436334274,same_sign,opposite_sign,-3.194623099767005e-17,-3.1930734580361576e-17,-6.95536573682524e-09,-6.95535970285038e-09,6.95536682311022e-09,6.95536794771526e-09,5.4314249e-16,4.12243244e-15,6.95536627996773e-09,6.95536382528282e-09,1.12460504e-15,3.57928995e-15,-2.45468491e-15,0.0,True,0.5931894038418317,opposite_sign,opposite_sign,1.1166375519198472e-17,8.21266385397263e-15
n21_vd_0p05_vg_0p8,n21_vd_0p05,n21,0.05,0.8,-2.50679455906375e-08,-2.50679451287363e-08,2.506794653614e-08,2.50679506393717e-08,4.7275125e-16,2.7553177e-15,2.506794606338875e-08,2.5067947884054e-08,4.1032317e-15,2.28256645e-15,1.82066525e-15,0.0,True,0.5562850496597597,opposite_sign,opposite_sign,2.7316635759275104e-17,5.510398850004676e-15,-1.75101796924847e-27,-2.02870637706527e-27,3.38051419514027e-20,3.38051417987532e-20,1.6902570100192366e-20,1.690256988502341e-20,1.6902571851210334e-20,1.6902571913729788e-20,-1.526495e-28,-2.151689539084e-28,6.25194539084e-29,0.0,True,0.7748575304243664,opposite_sign,opposite_sign,-3.185537387988601e-17,-3.1795569813557455e-17,-2.50679455906375e-08,-2.50679451287363e-08,2.50679465361738e-08,2.50679506394055e-08,4.7276815e-16,2.7553346e-15,2.506794606340565e-08,2.50679478840709e-08,4.1032317e-15,2.28256645e-15,1.82066525e-15,0.0,True,0.5562850496597597,opposite_sign,opposite_sign,-4.538741352259547e-18,5.478603273651178e-15
n21_vd_0p05_vg_0p85,n21_vd_0p05,n21,0.05,0.8500000000000001,-8.71569537539273e-08,-8.7156940889563e-08,8.71569524943228e-08,8.71569514836758e-08,-6.2980225e-16,5.2970564e-15,8.715695312412505e-08,8.71569461866194e-08,-1.010647e-15,5.92685865e-15,-6.93750565e-15,0.0,True,0.4607191239134918,opposite_sign,opposite_sign,5.982754977016604e-17,1.0593876135350907e-14,-2.52466291517811e-27,-7.05527978133687e-27,3.38050617229243e-20,3.38050614715509e-20,1.6902529599130693e-20,1.690252720813556e-20,1.690253212379361e-20,1.6902534263415342e-20,-2.513734e-28,-2.39099513307938e-27,2.13962173307938e-27,0.0,True,0.5277416307123234,opposite_sign,opposite_sign,-3.1901206552472434e-17,-3.186009987223263e-17,-8.71569537539273e-08,-8.7156940889563e-08,8.71569524943566e-08,8.71569514837096e-08,-6.2978535e-16,5.2970733e-15,8.715695312414195e-08,8.71569461866363e-08,-1.010647e-15,5.92685865e-15,-6.93750565e-15,0.0,True,0.4607191239134918,opposite_sign,opposite_sign,2.7926326832157766e-17,1.0562016032332808e-14
n21_vd_0p05_vg_0p9,n21_vd_0p05,n21,0.05,0.9,-2.79367493154155e-07,-2.79367495700179e-07,2.79367492386114e-07,2.79367496828852e-07,-3.840205e-16,5.643365e-16,2.793674927701345e-07,2.793674962645155e-07,4.442738e-15,9.48357e-16,3.494381e-15,0.0,True,0.21346228384388186,opposite_sign,opposite_sign,9.051698283153999e-20,1.1284361188701786e-15,-4.6422862390634e-27,-2.26205518339456e-26,3.38051806317206e-20,3.38051804562049e-20,1.690258799471718e-20,1.6902578917826534e-20,1.690259263700342e-20,1.6902601538378367e-20,-1.755157e-28,-9.0768906474411e-27,8.9013749474411e-27,0.0,True,0.5048813301559513,opposite_sign,opposite_sign,-3.2068727066675066e-17,-3.206658859306755e-17,-2.79367493154155e-07,-2.79367495700179e-07,2.79367492386148e-07,2.79367496828886e-07,-3.840035e-16,5.643535e-16,2.793674927701515e-07,2.793674962645325e-07,4.442738e-15,9.48357e-16,3.494381e-15,0.0,True,0.21346228384388186,opposite_sign,opposite_sign,-3.197802806282488e-17,1.0963697652558433e-15
n21_vd_0p05_vg_0p95,n21_vd_0p05,n21,0.05,0.9500000000000001,-7.6911612894119e-07,-7.69116138411168e-07,7.69116127691645e-07,7.69116122210461e-07,-6.247725e-16,-8.1003535e-15,7.691161283164176e-07,7.691161303108145e-07,-5.481184e-15,-7.475581e-15,1.994397e-15,0.0,True,0.789397926795606,opposite_sign,opposite_sign,4.000443436927637e-17,-1.620094416731904e-14,-2.38249442018029e-26,-6.22910944443882e-26,3.38057441140246e-20,3.38057430320015e-20,1.69028601445402e-20,1.6902840370453528e-20,1.69028839694844e-20,1.6902902661547973e-20,-1.0820231e-27,-1.977408667129265e-26,1.869206357129265e-26,0.0,True,0.5140646138640891,opposite_sign,opposite_sign,-3.228350685733162e-17,-3.225587908606809e-17,-7.6911612894119e-07,-7.69116138411168e-07,7.69116127691679e-07,7.69116122210494e-07,-6.247555e-16,-8.100337e-15,7.691161283164345e-07,7.69116130310831e-07,-5.481185e-15,-7.4755815e-15,1.9943965e-15,0.0,True,0.7893979795940392,opposite_sign,opposite_sign,7.72110898865493e-18,-1.6233200817800904e-14
n21_vd_0p05_vg_1,n21_vd_0p05,n21,0.05,1.0,-1.71524034694391e-06,-1.71524033992772e-06,1.71524034691088e-06,1.7152403412801e-06,-1.6515e-17,6.7619e-16,1.715240346927395e-06,1.71524034060391e-06,-5.63078e-15,6.92705e-16,-6.323485e-15,0.0,True,0.09872950989069566,opposite_sign,opposite_sign,5.851222660665528e-17,1.352142343262813e-15,-1.30326622000919e-25,-1.38951671464181e-25,3.38069839999179e-20,3.38069817383545e-20,1.690342683664795e-20,1.6903421393341518e-20,1.6903557163269952e-20,1.6903560345012983e-20,-2.2615634e-27,-5.443306431631e-27,3.181743031631e-27,0.0,True,0.6311043727710215,opposite_sign,opposite_sign,-3.24673245547641e-17,-3.246012035249622e-17,-1.71524034694391e-06,-1.71524033992772e-06,1.71524034691091e-06,1.71524034128013e-06,-1.65e-17,6.76205e-16,1.71524034692741e-06,1.715240340603925e-06,-5.63078e-15,6.92705e-16,-6.323485e-15,0.0,True,0.09872950989069566,opposite_sign,opposite_sign,2.6040953109608684e-17,1.3196782739789208e-15
n21_vd_0p05_vg_1p05,n21_vd_0p05,n21,0.05,1.05,-3.10558889690614e-06,-3.10558888459223e-06,3.10558889716375e-06,3.10558891078178e-06,1.28805e-16,1.3094775e-14,3.105588897034945e-06,3.105588897687005e-06,1.361803e-14,1.296597e-14,6.5206e-16,0.0,True,0.952117890766873,opposite_sign,opposite_sign,4.062137051301186e-17,2.61893116576183e-14,-2.6115356242808e-25,-2.51642696329313e-25,3.38088731375696e-20,3.38088743379612e-20,1.6904305992003587e-20,1.6904311347632435e-20,1.6904567145566013e-20,1.6904562990328765e-20,1.2003916e-27,5.3556288493835e-27,-4.1552372493835e-27,0.0,True,0.5631063242576625,opposite_sign,opposite_sign,-3.25844974417838e-17,-3.254975226368814e-17,-3.10558889690614e-06,-3.10558888459223e-06,3.10558889716378e-06,3.10558891078181e-06,1.2882e-16,1.309479e-14,3.10558889703496e-06,3.10558889768702e-06,1.361803e-14,1.296597e-14,6.5206e-16,0.0,True,0.952117890766873,opposite_sign,opposite_sign,8.033134128871386e-18,2.6156758166401542e-14
n21_vd_0p05_vg_1p1,n21_vd_0p05,n21,0.05,1.1,-4.79284959747295e-06,-4.79284961569734e-06,4.79284959749208e-06,4.79284958651355e-06,9.565e-18,-1.4591895e-14,4.792849597482515e-06,4.792849601105445e-06,-1.097853e-14,-1.460146e-14,3.62293e-15,0.0,True,0.8012043201445974,opposite_sign,opposite_sign,6.957138792922877e-17,-2.9184028551599315e-14,-3.90348880278268e-25,-3.88446612192854e-25,3.38112063416905e-20,3.38112075518355e-20,1.690540799640511e-20,1.6905409552611654e-20,1.6905798345285388e-20,1.6905797999223848e-20,1.210145e-27,1.556206542707e-27,-3.46061542707e-28,0.0,True,0.818079509738668,opposite_sign,opposite_sign,-3.264555157150259e-17,-3.2632555502601274e-17,-4.79284959747295e-06,-4.79284961569734e-06,4.79284959749211e-06,4.79284958651358e-06,9.58e-18,-1.459188e-14,4.79284959748253e-06,4.79284960110546e-06,-1.097853e-14,-1.460146e-14,3.62293e-15,0.0,True,0.8012043201445974,opposite_sign,opposite_sign,3.692251872783453e-17,-2.9216665271767866e-14
n21_vd_0p05_vg_1p15,n21_vd_0p05,n21,0.05,1.1500000000000001,-6.63704783681775e-06,-6.63704782427438e-06,6.63704783682531e-06,6.63704782526066e-06,3.78e-18,4.9314e-16,6.63704783682153e-06,6.63704782476752e-06,-1.156465e-14,4.8936e-16,-1.205401e-14,0.0,True,0.03901343897214226,opposite_sign,opposite_sign,1.1539066200918489e-16,9.860412515200562e-16,-5.37627659065484e-25,-5.38026769026233e-25,3.38137771563046e-20,3.38137773273568e-20,1.6906619764322768e-20,1.6906619650293888e-20,1.6907157391981832e-20,1.6907157677062912e-20,1.710522e-28,-1.140288803745e-28,2.850810803745e-28,0.0,True,0.2857079291143342,opposite_sign,opposite_sign,-3.2673116450061655e-17,-3.264586479060301e-17,-6.63704783681775e-06,-6.63704782427438e-06,6.63704783682535e-06,6.6370478252607e-06,3.8e-18,4.9316e-16,6.63704783682155e-06,6.63704782476754e-06,-1.156465e-14,4.8936e-16,-1.205401e-14,0.0,True,0.03901343897214226,opposite_sign,opposite_sign,8.272354286811564e-17,9.534013840386734e-16
n21_vd_0p05_vg_1p2,n21_vd_0p05,n21,0.05,1.2000000000000002,-8.55149423973462e-06,-8.55149423593295e-06,8.55149423975045e-06,8.55149425559471e-06,7.915e-18,9.83088e-15,8.551494239742535e-06,8.55149424576383e-06,1.584426e-14,9.822965e-15,6.021295e-15,0.0,True,0.6199699449516733,opposite_sign,opposite_sign,1.5611479079318543e-17,1.9661521640346328e-14,-6.92648825627256e-25,-6.93357580007733e-25,3.38164568208421e-20,3.38164568261766e-20,1.6907882086008237e-20,1.6907881734298296e-20,1.6908574734833862e-20,1.6908575091878304e-20,5.3345e-30,-3.517099402385e-28,3.570444402385e-28,0.0,True,0.4962367075626327,opposite_sign,opposite_sign,-3.268333267277298e-17,-3.2646143260997404e-17,-8.55149423973462e-06,-8.55149423593295e-06,8.55149423975048e-06,8.55149425559474e-06,7.93e-18,9.830895e-15,8.55149423974255e-06,8.551494245763845e-06,1.584426e-14,9.822965e-15,6.021295e-15,0.0,True,0.6199699449516733,opposite_sign,opposite_sign,-1.707517617152528e-17,1.9628870480442067e-14
n21_vd_0p05_vg_1p25,n21_vd_0p05,n21,0.05,1.25,-1.04885169881773e-05,-1.04885169737956e-05,1.04885169881791e-05,1.04885169932611e-05,9e-19,9.73275e-15,1.04885169881782e-05,1.048851698352835e-05,5.082e-15,9.73185e-15,-4.64985e-15,0.0,True,0.6766828678111766,opposite_sign,opposite_sign,1.1038686201754773e-17,1.9465260464073885e-14,-8.50497926815049e-25,-8.50573462310651e-25,3.38191752682163e-20,3.38191754084745e-20,1.690916238514474e-20,1.6909162417506094e-20,1.6910012883071556e-20,1.6910012990968405e-20,1.402582e-28,3.2361352199e-29,1.07896847801e-28,0.0,True,0.23072698921702975,opposite_sign,opposite_sign,-3.268506635773391e-17,-3.268744099142108e-17,-1.04885169881773e-05,-1.04885169737956e-05,1.04885169881792e-05,1.04885169932611e-05,9.5e-19,9.73275e-15,1.048851698817825e-05,1.048851698352835e-05,5.0819e-15,9.7318e-15,-4.6499e-15,0.0,True,0.6766793911707238,opposite_sign,opposite_sign,-2.158024859297335e-17,1.943253920475763e-14
n21_vd_0p05_vg_1p3,n21_vd_0p05,n21,0.05,1.3,-1.24220354750913e-05,-1.24220354836689e-05,1.24220354751068e-05,1.24220354686216e-05,7.75e-18,-7.52365e-15,1.242203547509905e-05,1.242203547614525e-05,-6.4852e-15,-7.5314e-15,1.0462e-15,0.0,True,0.8780311509046819,opposite_sign,opposite_sign,-8.914504582823303e-18,-1.5047539352051148e-14,-1.00730897374648e-24,-1.00755181578641e-24,3.38218923540108e-20,3.38218924292438e-20,1.6910442522518528e-20,1.6910442438714007e-20,1.6911449831492274e-20,1.6911449990529794e-20,7.5233e-29,-8.3804519965e-29,1.59037519965e-28,0.0,True,0.345098896340835,opposite_sign,opposite_sign,-3.268283704286646e-17,-3.268753805301277e-17,-1.24220354750913e-05,-1.24220354836689e-05,1.24220354751068e-05,1.24220354686216e-05,7.75e-18,-7.52365e-15,1.242203547509905e-05,1.242203547614525e-05,-6.4852e-15,-7.5314e-15,1.0462e-15,0.0,True,0.8780311509046819,opposite_sign,opposite_sign,-4.1631162510734805e-17,-1.5080260710989038e-14
n21_vd_0p05_vg_1p35,n21_vd_0p05,n21,0.05,1.35,-1.43374470432341e-05,-1.43374470365367e-05,1.43374470432274e-05,1.43374470414503e-05,-3.35e-18,2.4568e-15,1.433744704323075e-05,1.43374470389935e-05,-1.7771e-15,2.46015e-15,-4.23725e-15,0.0,True,0.3673291127900379,opposite_sign,opposite_sign,9.891895573227484e-18,4.91336104641699e-15,-1.16281026271728e-24,-1.16310302522661e-24,3.38245886368044e-20,3.38245886085949e-20,1.691171291327084e-20,1.6911712752784838e-20,1.691287572353356e-20,1.6912875855810063e-20,-2.82095e-29,-1.60486004665e-28,1.32276504665e-28,0.0,True,0.5481781292019916,opposite_sign,opposite_sign,-3.267892497458566e-17,-3.265473617109933e-17,-1.43374470432341e-05,-1.43374470365367e-05,1.43374470432274e-05,1.43374470414504e-05,-3.35e-18,2.45685e-15,1.433744704323075e-05,1.433744703899355e-05,-1.777e-15,2.4602e-15,-4.2372e-15,0.0,True,0.36733657837369726,opposite_sign,opposite_sign,-2.2820852827184714e-17,4.880772436708161e-15
n21_vd_0p05_vg_1p4,n21_vd_0p05,n21,0.05,1.4000000000000001,-1.62264138142023e-05,-1.62264147890553e-05,1.62264137681178e-05,1.62264147845215e-05,-2.304225e-14,-2.2669e-15,1.622641379116005e-05,1.62264147867884e-05,1.0164037e-12,2.077535e-14,9.9562835e-13,0.0,True,0.02044005742993655,opposite_sign,opposite_sign,-1.0274668215984798e-14,-4.534041453999567e-15,-5.70107890498196e-25,-1.31654623673554e-24,3.382751630175e-20,3.38272512736673e-20,1.6913473096929752e-20,1.6912967363715282e-20,1.691404320482025e-20,1.6914283909952018e-20,-2.650280827e-25,-5.05733214468672e-25,2.40705131768672e-25,0.0,True,0.6775284482877635,opposite_sign,opposite_sign,-3.267447863794204e-17,-3.266646652552837e-17,-1.62264138142023e-05,-1.62264147890553e-05,1.62264137681178e-05,1.62264147845215e-05,-2.304225e-14,-2.2669e-15,1.622641379116005e-05,1.62264147867884e-05,1.0164037e-12,2.077535e-14,9.9562835e-13,0.0,True,0.02044005742993655,opposite_sign,opposite_sign,-1.0307376521568995e-14,-4.566741746459823e-15
n21_vd_0p05_vg_1p45,n21_vd_0p05,n21,0.05,1.4500000000000002,-1.80841781444887e-05,-1.80841789254566e-05,1.80841781127882e-05,1.80841789457184e-05,-1.585025e-14,1.01309e-14,1.808417812863845e-05,1.80841789355875e-05,8.329302e-13,2.598115e-14,8.0694905e-13,0.0,True,0.03119246966912714,opposite_sign,opposite_sign,-7.062920740313034e-15,2.0261560404824345e-14,-1.1467778103827e-24,-1.46749019458606e-24,3.38299771262546e-20,3.38298729719321e-20,1.691441517422211e-20,1.6914202740868757e-20,1.6915561952032492e-20,1.6915670231063343e-20,-1.041543225e-25,-2.1243335335168e-25,1.0827903085168e-25,0.0,True,0.662379639250159,opposite_sign,opposite_sign,-3.2670072245671955e-17,-3.264687348101626e-17,-1.80841781444887e-05,-1.80841789254566e-05,1.80841781127883e-05,1.80841789457184e-05,-1.58502e-14,1.01309e-14,1.80841781286385e-05,1.80841789355875e-05,8.329301e-13,2.59811e-14,8.06949e-13,0.0,True,0.031192413384988727,opposite_sign,opposite_sign,-7.0955229974353635e-15,2.0228879702937847e-14
n21_vd_0p05_vg_1p5,n21_vd_0p05,n21,0.05,1.5,-1.99081157236665e-05,-1.99081163583931e-05,1.99081156984264e-05,1.99081163837126e-05,-1.262005e-14,1.265975e-14,1.990811571104645e-05,1.990811637105285e-05,6.852862e-13,2.52798e-14,6.600064e-13,0.0,True,0.036889404747972455,opposite_sign,opposite_sign,-4.450145223023759e-15,2.531925833582504e-14,-1.4683190921969e-24,-1.6157184127851e-24,3.3832494334645e-20,3.38324494442741e-20,1.69155130077764e-20,1.6915416862930658e-20,1.6916981326868597e-20,1.691703258134344e-20,-4.48903709e-26,-9.61448457441e-26,5.12544748441e-26,0.0,True,0.6522746872945685,opposite_sign,opposite_sign,-3.2665983374630644e-17,-3.2646871052772134e-17,-1.99081157236665e-05,-1.99081163583931e-05,1.99081156984265e-05,1.99081163837126e-05,-1.262e-14,1.265975e-14,1.99081157110465e-05,1.990811637105285e-05,6.852861e-13,2.527975e-14,6.6000635e-13,0.0,True,0.03688933716881168,opposite_sign,opposite_sign,-4.4827467816024805e-15,2.528657763393854e-14
n21_vd_0p05_vg_1p55,n21_vd_0p05,n21,0.05,1.55,-2.16969130554698e-05,-2.16969135767446e-05,2.16969130342254e-05,2.16969135805599e-05,-1.06222e-14,1.90765e-15,2.16969130448476e-05,2.169691357865225e-05,5.463345e-13,1.252985e-14,5.3380465e-13,0.0,True,0.02293439275755055,opposite_sign,opposite_sign,-2.7059953846543174e-15,3.815060146929209e-15,-1.68960194692609e-24,-1.76112048797151e-24,3.38349992391591e-20,3.38349784046381e-20,1.6916654818606087e-20,1.6916608642075064e-20,1.6918344420553013e-20,1.6918369762563036e-20,-2.0834521e-26,-4.617653102271e-26,2.534201002271e-26,0.0,True,0.6456581796514027,opposite_sign,opposite_sign,-3.266233397909649e-17,-3.2646868669213847e-17,-2.16969130554698e-05,-2.16969135767446e-05,2.16969130342255e-05,2.16969135805599e-05,-1.062215e-14,1.90765e-15,2.169691304484765e-05,2.169691357865225e-05,5.463344e-13,1.25298e-14,5.338046e-13,0.0,True,0.022934305436377422,opposite_sign,opposite_sign,-2.7385932961211366e-15,3.782379445042711e-15
n21_vd_0p05_vg_1p6,n21_vd_0p05,n21,0.05,1.6,-2.34500842422053e-05,-2.34500846639981e-05,2.34500842240181e-05,2.34500846490636e-05,-9.0936e-15,-7.46725e-15,2.34500842331117e-05,2.345008465653085e-05,4.250455e-13,1.62635e-15,4.2341915e-13,0.0,True,0.003826296243578629,opposite_sign,opposite_sign,-1.490262902670482e-15,-1.4934739355713157e-14,-1.8669470654235e-24,-1.90365374194403e-24,3.38374690170397e-20,3.3837458826351e-20,1.6917801034987137e-20,1.6917777586304528e-20,1.6919667982052563e-20,1.6919681240046472e-20,-1.01906887e-26,-2.3448682610265e-26,1.3257993910265e-26,0.0,True,0.6388124677305007,opposite_sign,opposite_sign,-3.2659164097508125e-17,-3.264686633132539e-17,-2.34500842422053e-05,-2.34500846639981e-05,2.34500842240182e-05,2.34500846490636e-05,-9.09355e-15,-7.46725e-15,2.345008423311175e-05,2.345008465653085e-05,4.250454e-13,1.6263e-15,4.234191e-13,0.0,True,0.0038261795092947716,opposite_sign,opposite_sign,-1.5228576465481002e-15,-1.4967420057599656e-14
n21_vd_0p05_vg_1p65,n21_vd_0p05,n21,0.05,1.6500000000000001,-2.51676742528025e-05,-2.51676745891601e-05,2.51676742372761e-05,2.51676746067742e-05,-7.7632e-15,8.80705e-15,2.51676742450393e-05,2.516767459796715e-05,3.694981e-13,1.657025e-14,3.5292785e-13,0.0,True,0.044845291491350026,opposite_sign,opposite_sign,-7.169293691446931e-16,1.7613856747082523e-14,-2.02378643949107e-24,-2.043318666355e-24,3.38398955533498e-20,3.38398905014373e-20,1.6918935883455153e-20,1.6918923591385474e-20,1.6920959669894646e-20,1.6920966910051828e-20,-5.0519125e-27,-1.2292069681965e-26,7.240157181965e-27,0.0,True,0.629322491879544,opposite_sign,opposite_sign,-3.2656471085079085e-17,-3.2646864039315226e-17,-2.51676742528025e-05,-2.51676745891601e-05,2.51676742372761e-05,2.51676746067742e-05,-7.7632e-15,8.80705e-15,2.51676742450393e-05,2.516767459796715e-05,3.694981e-13,1.657025e-14,3.5292785e-13,0.0,True,0.044845291491350026,opposite_sign,opposite_sign,-7.496196781014916e-16,1.7581176045196024e-14
n21_vd_0p05_vg_1p7,n21_vd_0p05,n21,0.05,1.7000000000000002,-2.68500713838987e-05,-2.6850071661113e-05,2.68500713708859e-05,2.68500716649454e-05,-6.5064e-15,1.9162e-15,2.68500713773923e-05,2.68500716630292e-05,2.940595e-13,8.4226e-15,2.856369e-13,0.0,True,0.028642502622768518,opposite_sign,opposite_sign,-2.558850060665656e-16,3.832159602838142e-15,-2.16894145910253e-24,-2.18014439349662e-24,3.38422764803629e-20,3.38422737609303e-20,1.69200537694519e-20,1.6920046808268403e-20,1.6922222710911e-20,1.69222269526619e-20,-2.7194326e-27,-6.961183497045e-27,4.241750897045e-27,0.0,True,0.6213714418177175,opposite_sign,opposite_sign,-3.26542308651158e-17,-3.264686179288146e-17,-2.68500713838987e-05,-2.6850071661113e-05,2.68500713708859e-05,2.68500716649454e-05,-6.5064e-15,1.9162e-15,2.68500713773923e-05,2.68500716630292e-05,2.940595e-13,8.4226e-15,2.856369e-13,0.0,True,0.028642502622768518,opposite_sign,opposite_sign,-2.885730770392655e-16,3.799478900951644e-15
n21_vd_0p05_vg_1p75,n21_vd_0p05,n21,0.05,1.75,-2.84978857287904e-05,-2.84978859715126e-05,2.84978857178818e-05,2.84978859492233e-05,-5.4543e-15,-1.114465e-14,2.84978857233361e-05,2.849788596036795e-05,2.313415e-13,-5.69035e-15,2.3703185e-13,0.0,True,0.02344387946384797,opposite_sign,opposite_sign,1.8609219350386793e-16,-2.2289540416140097e-14,-2.30735971787147e-24,-2.3141778302515e-24,3.38446110205814e-20,3.38446092945935e-20,1.6921151830431765e-20,1.6921147558381623e-20,1.6923459190149636e-20,1.6923461736211876e-20,-1.7259879e-27,-4.272050140015e-27,2.546062240015e-27,0.0,True,0.6265737350601139,opposite_sign,opposite_sign,-3.2652409543880836e-17,-3.2646859591381233e-17,-2.84978857287904e-05,-2.84978859715126e-05,2.84978857178819e-05,2.84978859492233e-05,-5.45425e-15,-1.114465e-14,2.849788572333615e-05,2.849788596036795e-05,2.313414e-13,-5.6904e-15,2.370318e-13,0.0,True,0.023444085460662442,opposite_sign,opposite_sign,1.5350419747814881e-16,-2.2322221118026596e-14
n21_vd_0p05_vg_1p8,n21_vd_0p05,n21,0.05,1.8,-3.01118689120014e-05,-3.01118690880144e-05,3.01118689030575e-05,3.01118690977937e-05,-4.47195e-15,4.88965e-15,3.011186890752945e-05,3.011186909290405e-05,1.947362e-13,9.3616e-15,1.853746e-13,0.0,True,0.048073239592844055,opposite_sign,opposite_sign,5.59954524521006e-16,9.779055684492257e-15,-2.44182140350333e-24,-2.44547749739094e-24,3.38468989883057e-20,3.38468980333448e-20,1.69222285834511e-20,1.6922226277923706e-20,1.6924670404854603e-20,1.6924671755421095e-20,-9.549609e-28,-2.305527393805e-27,1.350566493805e-27,0.0,True,0.6305985198077422,opposite_sign,opposite_sign,-3.2650969745508094e-17,-3.264685743394215e-17,-3.01118689120014e-05,-3.01118690880144e-05,3.01118689030575e-05,3.01118690977937e-05,-4.47195e-15,4.88965e-15,3.011186890752945e-05,3.011186909290405e-05,1.947362e-13,9.3616e-15,1.853746e-13,0.0,True,0.048073239592844055,opposite_sign,opposite_sign,5.27269710318335e-16,9.74637498260576e-15
n21_vd_0p05_vg_1p85,n21_vd_0p05,n21,0.05,1.85,-3.16928499980211e-05,-3.1692850164751e-05,3.16928499909332e-05,3.16928501479188e-05,-3.54395e-15,-8.4161e-15,3.169284999447715e-05,3.16928501563349e-05,1.569856e-13,-4.87215e-15,1.6185775e-13,0.0,True,0.02922181324405521,opposite_sign,opposite_sign,9.767445523971339e-16,-1.6832439432638197e-14,-2.57221686503391e-24,-2.57412207328448e-24,3.38491417874762e-20,3.38491410653881e-20,1.6923284785305583e-20,1.6923283471657407e-20,1.6925857002170616e-20,1.6925857593730693e-20,-7.220881e-28,-1.313648175285e-27,5.91560075285e-28,0.0,True,0.6895037195498093,opposite_sign,opposite_sign,-3.2649875411407986e-17,-3.264685531955468e-17,-3.16928499980211e-05,-3.1692850164751e-05,3.16928499909332e-05,3.16928501479188e-05,-3.54395e-15,-8.4161e-15,3.169284999447715e-05,3.16928501563349e-05,1.569856e-13,-4.87215e-15,1.6185775e-13,0.0,True,0.02922181324405521,opposite_sign,opposite_sign,9.440608304161538e-16,-1.6865120134524693e-14
n21_vd_0p05_vg_1p9,n21_vd_0p05,n21,0.05,1.9000000000000001,-3.3241710227648e-05,-3.32417103529248e-05,3.32417102219857e-05,3.3241710348474e-05,-2.83115e-15,-2.2254e-15,3.324171022481685e-05,3.32417103506994e-05,1.264883e-13,6.0575e-16,1.2588255e-13,0.0,True,0.00478898048277983,opposite_sign,opposite_sign,9.334377300520988e-16,-4.4510404811265925e-15,-2.69830698821134e-24,-2.70017951003004e-24,3.38513371415569e-20,3.38513368274189e-20,1.6924319417284344e-20,1.6924318323954435e-20,1.6927017724272555e-20,1.6927018503464464e-20,-3.14138e-28,-1.09332990935e-27,7.7919190935e-28,0.0,True,0.5838809985717791,opposite_sign,opposite_sign,-3.2649089971816035e-17,-3.2638974703751686e-17,-3.3241710227648e-05,-3.32417103529248e-05,3.32417102219857e-05,3.32417103484741e-05,-2.83115e-15,-2.22535e-15,3.324171022481685e-05,3.324171035069945e-05,1.264884e-13,6.058e-16,1.258826e-13,0.0,True,0.004789371989842546,opposite_sign,opposite_sign,9.007547914414487e-16,-4.483611660513321e-15
n21_vd_0p05_vg_1p95,n21_vd_0p05,n21,0.05,1.9500000000000002,-3.47593653268582e-05,-3.47593654380239e-05,3.47593653222334e-05,3.47593654394748e-05,-2.3124e-15,7.2545e-16,3.47593653245458e-05,3.475936543874935e-05,1.172414e-13,3.03785e-15,1.1420355e-13,0.0,True,0.025911068956870186,opposite_sign,opposite_sign,7.395565266455003e-16,1.45065807174642e-15,-2.8225239213026e-24,-2.82371292132145e-24,3.38534859655698e-20,3.3853485753908e-20,1.6925331720824248e-20,1.692533102049334e-20,1.692815424474555e-20,1.6928154733414662e-20,-2.116618e-28,-7.00330909425e-28,4.88669109425e-28,0.0,True,0.5890083249135349,opposite_sign,opposite_sign,-3.264857902864745e-17,-3.263897267835861e-17,-3.47593653268582e-05,-3.47593654380239e-05,3.47593653222335e-05,3.47593654394748e-05,-2.31235e-15,7.2545e-16,3.475936532454585e-05,3.475936543874935e-05,1.172413e-13,3.0378e-15,1.142035e-13,0.0,True,0.025910664586626043,opposite_sign,opposite_sign,7.069757409070909e-16,1.4179852484060206e-15
n21_vd_0p05_vg_2,n21_vd_0p05,n21,0.05,2.0,-3.62467457358834e-05,-3.62467458085986e-05,3.62467457322752e-05,3.62467458263975e-05,-1.8041e-15,8.89945e-15,3.62467457340793e-05,3.624674581749805e-05,9.41223e-14,1.070355e-14,8.341875e-14,0.0,True,0.11371959673743628,opposite_sign,opposite_sign,3.5537478424101564e-16,1.7798658112677117e-14,-2.94375843660322e-24,-2.94479671541676e-24,3.38555927788808e-20,3.38555926611969e-20,1.6926324510222097e-20,1.692632393224074e-20,1.6929268268658703e-20,1.6929268728956158e-20,-1.176839e-28,-5.7798135677e-28,4.6029745677e-28,0.0,True,0.5566725904763279,opposite_sign,opposite_sign,-3.2648313360024257e-17,-3.2638970692535115e-17,-3.62467457358834e-05,-3.62467458085986e-05,3.62467457322753e-05,3.62467458263975e-05,-1.80405e-15,8.89945e-15,3.624674573407935e-05,3.624674581749805e-05,9.41222e-14,1.07035e-14,8.34187e-14,0.0,True,0.1137191863343611,opposite_sign,opposite_sign,3.2279426218563606e-16,1.7765985289336718e-14
n21_vd_0p05_vg_2p05,n21_vd_0p05,n21,0.05,2.0500000000000003,-3.77047693463523e-05,-3.770476942098e-05,3.77047693435299e-05,3.77047694115091e-05,-1.4112e-15,-4.73545e-15,3.77047693449411e-05,3.770476941624455e-05,6.79792e-14,-3.32425e-15,7.130345e-14,0.0,True,0.04454445199302672,opposite_sign,opposite_sign,6.891234086991169e-16,-9.471140831528758e-15,-3.06256716952066e-24,-3.06350401892701e-24,3.38576588586122e-20,3.38576587093213e-20,1.692729814572134e-20,1.6927297602651187e-20,1.693036071289086e-20,1.6930361106670113e-20,-1.492909e-28,-5.43070153175e-28,3.93779253175e-28,0.0,True,0.579677106580898,opposite_sign,opposite_sign,-3.264826560419766e-17,-3.2638968745194296e-17,-3.77047693463523e-05,-3.770476942098e-05,3.770476934353e-05,3.77047694115091e-05,-1.41115e-15,-4.73545e-15,3.770476934494115e-05,3.770476941624455e-05,6.79791e-14,-3.3243e-15,7.13034e-14,0.0,True,0.0445451219855362,opposite_sign,opposite_sign,6.565429324523075e-16,-9.503813654869159e-15
n21_vd_0p05_vg_2p1,n21_vd_0p05,n21,0.05,2.1,-3.9134278018189e-05,-3.91342780889116e-05,3.91342780159673e-05,3.91342780765961e-05,-1.11085e-15,-6.15775e-15,3.913427801707815e-05,3.913427808275385e-05,6.06288e-14,-5.0469e-15,6.56757e-14,0.0,True,0.07136191259936711,opposite_sign,opposite_sign,6.633779838159305e-16,-1.2315741851476097e-14,-3.17945012161254e-24,-3.17991824593804e-24,3.38596851004767e-20,3.38596849942638e-20,1.6928252825177545e-20,1.6928252538008932e-20,1.6931432275299157e-20,1.693143245625487e-20,-1.062129e-28,-2.8716861275e-28,1.8095571275e-28,0.0,True,0.6134451834847022,opposite_sign,opposite_sign,-3.2648415467862846e-17,-3.263896683532358e-17,-3.9134278018189e-05,-3.91342780889116e-05,3.91342780159674e-05,3.91342780765961e-05,-1.1108e-15,-6.15775e-15,3.91342780170782e-05,3.913427808275385e-05,6.06287e-14,-5.04695e-15,6.567565e-14,0.0,True,0.07136261958694957,opposite_sign,opposite_sign,6.307973557960912e-16,-1.2348414674816498e-14
n21_vd_0p05_vg_2p15,n21_vd_0p05,n21,0.05,2.15,-4.05361950923921e-05,-4.05361951409392e-05,4.05361950908162e-05,4.05361951392805e-05,-7.8795e-16,-8.2935e-16,4.053619509160415e-05,4.053619514010985e-05,4.84643e-14,-4.14e-17,4.85057e-14,0.0,True,0.0008527800836713213,opposite_sign,opposite_sign,2.2697439050641144e-16,-1.6589426210543388e-15,-3.29425515432701e-24,-3.2941024534049e-24,3.3861672864682e-20,3.38616727618832e-20,1.6929189304763837e-20,1.6929189329714897e-20,1.6932483559918162e-20,1.6932483432168304e-20,-1.027988e-28,2.4951061055e-29,-1.27749861055e-28,0.0,True,0.1633982343408915,opposite_sign,opposite_sign,-3.2648738334639573e-17,-3.2638964961740166e-17,-4.05361950923921e-05,-4.05361951409392e-05,4.05361950908163e-05,4.05361951392805e-05,-7.879e-16,-8.2935e-16,4.05361950916042e-05,4.053619514010985e-05,4.84642e-14,-4.145e-17,4.850565e-14,0.0,True,0.0008538100113086054,opposite_sign,opposite_sign,1.9438666148325374e-16,-1.6916154443947385e-15
n21_vd_0p05_vg_2p2,n21_vd_0p05,n21,0.05,2.2,-4.19113499108945e-05,-4.1911349954941e-05,4.19113499097302e-05,4.19113499535781e-05,-5.8215e-16,-6.8145e-16,4.191134991031235e-05,4.191134995425955e-05,4.38479e-14,-9.93e-17,4.39472e-14,0.0,True,0.002254435653230109,opposite_sign,opposite_sign,3.060607845597408e-16,-1.3631452662930976e-15,-3.40645468435372e-24,-3.40611835270831e-24,3.38636210971376e-20,3.38636210617106e-20,1.6930107321226624e-20,1.6930107471678947e-20,1.6933513775910978e-20,1.6933513590031655e-20,-3.5427e-29,1.50452322705e-28,-1.85879322705e-28,0.0,True,0.44733323419981297,opposite_sign,opposite_sign,-3.264921067671265e-17,-3.263896312545624e-17,-4.19113499108945e-05,-4.1911349954941e-05,4.19113499097302e-05,4.19113499535781e-05,-5.8215e-16,-6.8145e-16,4.191134991031235e-05,4.191134995425955e-05,4.38479e-14,-9.93e-17,4.39472e-14,0.0,True,0.002254435653230109,opposite_sign,opposite_sign,2.733777136683909e-16,-1.395818089633497e-15
n21_vd_0p05_vg_2p25,n21_vd_0p05,n21,0.05,2.25,-4.32605948136391e-05,-4.32605948594935e-05,4.32605948128017e-05,4.32605948645482e-05,-4.187e-16,2.52735e-15,4.32605948132204e-05,4.326059486202085e-05,5.17465e-14,2.94605e-15,4.880045e-14,0.0,True,0.05693235291275738,opposite_sign,opposite_sign,2.480455341736865e-16,5.054457356560365e-15,-3.5166324393043e-24,-3.51603462672606e-24,3.38655321154972e-20,3.38655319885103e-20,1.693100774152895e-20,1.6931007976941788e-20,1.6934524373968253e-20,1.6934524011568513e-20,-1.269869e-28,2.3541283912e-28,-3.6239973912e-28,0.0,True,0.3937903745904294,opposite_sign,opposite_sign,-3.264981629437764e-17,-3.2638961324445717e-17,-4.32605948136391e-05,-4.32605948594935e-05,4.32605948128018e-05,4.32605948645483e-05,-4.1865e-16,2.5274e-15,4.326059481322045e-05,4.32605948620209e-05,5.17465e-14,2.94605e-15,4.880045e-14,0.0,True,0.05693235291275738,opposite_sign,opposite_sign,2.1546349981749714e-16,5.021886177173635e-15
n21_vd_0p05_vg_2p3,n21_vd_0p05,n21,0.05,2.3000000000000003,-4.45847702767158e-05,-4.45847703047152e-05,4.45847702760969e-05,4.45847702998776e-05,-3.0945e-16,-2.4188e-15,4.458477027640635e-05,4.45847703022964e-05,2.37807e-14,-2.10935e-15,2.589005e-14,0.0,True,0.07533554290449081,opposite_sign,opposite_sign,3.463232835711888e-16,-4.837844020494934e-15,-3.62363923655378e-24,-3.62391868934102e-24,3.38674076810718e-20,3.3867407893065e-20,1.6931892020917622e-20,1.693189198718783e-20,1.6935515660154176e-20,1.693551590587717e-20,2.119932e-28,-3.372979362e-29,2.4572299362e-28,0.0,True,0.12069943532548177,opposite_sign,opposite_sign,-3.2650541463235265e-17,-3.263895955642522e-17,-4.45847702767158e-05,-4.45847703047152e-05,4.45847702760969e-05,4.45847702998776e-05,-3.0945e-16,-2.4188e-15,4.458477027640635e-05,4.45847703022964e-05,2.37807e-14,-2.10935e-15,2.589005e-14,0.0,True,0.07533554290449081,opposite_sign,opposite_sign,3.136388783239119e-16,-4.8705168438353335e-15
n21_vd_0p05_vg_2p35,n21_vd_0p05,n21,0.05,2.35,-4.5884662053206e-05,-4.58846620870273e-05,4.58846620527644e-05,4.58846620743821e-05,-2.208e-16,-6.3226e-15,4.58846620529852e-05,4.58846620807047e-05,2.16177e-14,-6.1018e-15,2.77195e-14,0.0,True,0.18041293504389244,opposite_sign,opposite_sign,6.740535308037259e-16,-1.2645448234142193e-14,-3.72998678938619e-24,-3.72983369476693e-24,3.38692500192399e-20,3.38692498133142e-20,1.6932760016225256e-20,1.6932759989809718e-20,1.6936490003014642e-20,1.6936489823504483e-20,-2.059257e-28,-2.641554037e-29,-1.7951015963e-28,0.0,True,0.12827704541006782,opposite_sign,opposite_sign,-3.2651372425025745e-17,-3.263788089048298e-17,-4.5884662053206e-05,-4.58846620870273e-05,4.58846620527644e-05,4.58846620743821e-05,-2.208e-16,-6.3226e-15,4.58846620529852e-05,4.58846620807047e-05,2.16177e-14,-6.1018e-15,2.77195e-14,0.0,True,0.18041293504389244,opposite_sign,opposite_sign,6.41368292858676e-16,-1.2678119980552656e-14
n21_vd_0p05_vg_2p4,n21_vd_0p05,n21,0.05,2.4000000000000004,-4.71610297996407e-05,-4.71610298206131e-05,4.71610297994752e-05,4.7161029807894e-05,-8.275e-17,-6.35955e-15,4.716102979955795e-05,4.716102981425355e-05,8.4188e-15,-6.2768e-15,1.46956e-14,0.0,True,0.29928858881196235,opposite_sign,opposite_sign,4.953206338532928e-16,-1.27193434814601e-14,-3.83388672696704e-24,-3.83384051463392e-24,3.38710588214388e-20,3.38710587667294e-20,1.6933612467355916e-20,1.6933612463107383e-20,1.6937446354082882e-20,1.6937446303622016e-20,-5.47094e-29,-4.24853344e-30,-5.046086656e-29,0.0,True,0.0776563705688602,opposite_sign,opposite_sign,-3.265229695835919e-17,-3.2645757731634785e-17,-4.71610297996407e-05,-4.71610298206131e-05,4.71610297994752e-05,4.71610298078941e-05,-8.275e-17,-6.3595e-15,4.716102979955795e-05,4.71610298142536e-05,8.4189e-15,-6.27675e-15,1.469565e-14,0.0,True,0.2992862047262116,opposite_sign,opposite_sign,4.626344696699987e-16,-1.275192146246299e-14
n21_vd_0p05_vg_2p45,n21_vd_0p05,n21,0.05,2.45,-4.84146069271772e-05,-4.84146069588889e-05,4.84146069270284e-05,4.8414606940275e-05,-7.44e-17,-9.30695e-15,4.84146069271028e-05,4.841460694958195e-05,1.32466e-14,-9.23255e-15,2.247915e-14,0.0,True,0.29114017854608865,opposite_sign,opposite_sign,6.879797035420716e-16,-1.86141440078068e-14,-3.93614800125361e-24,-3.93599869207133e-24,3.38728356223379e-20,3.38728357443864e-20,1.6934449737168322e-20,1.6934449872847165e-20,1.6938385885169576e-20,1.6938385871539234e-20,1.220485e-28,1.3567884114e-28,-1.363034114e-29,0.0,True,0.9087106303051142,opposite_sign,opposite_sign,-3.2653304193598564e-17,-3.263787751071691e-17,-4.84146069271772e-05,-4.84146069588889e-05,4.84146069270285e-05,4.84146069402751e-05,-7.435e-17,-9.3069e-15,4.841460692710285e-05,4.8414606949582e-05,1.32466e-14,-9.23255e-15,2.247915e-14,0.0,True,0.29114017854608865,opposite_sign,opposite_sign,6.55394174402669e-16,-1.8646714110263588e-14
n21_vd_0p05_vg_2p5,n21_vd_0p05,n21,0.05,2.5,-4.96461008842407e-05,-4.96461009101947e-05,4.96461008841557e-05,4.96461008974535e-05,-4.25e-17,-6.3706e-15,4.96461008841982e-05,4.96461009038241e-05,1.32978e-14,-6.3281e-15,1.96259e-14,0.0,True,0.2438198350928566,opposite_sign,opposite_sign,-2.178680193485215e-16,-1.2741447832771269e-14,-4.03568800585989e-24,-4.03636512394858e-24,3.38745814124389e-20,3.38745817073617e-20,1.693527286221652e-20,1.6935272671118874e-20,1.693930855022238e-20,1.6939309036242824e-20,2.949228e-28,-1.91097644345e-28,4.86020444345e-28,0.0,True,0.2822220341428345,opposite_sign,opposite_sign,-3.265438445368077e-17,-3.263787586512036e-17,-4.96461008842407e-05,-4.96461009101947e-05,4.96461008841558e-05,4.96461008974535e-05,-4.245e-17,-6.3706e-15,4.964610088419825e-05,4.96461009038241e-05,1.32977e-14,-6.32815e-15,1.962585e-14,0.0,True,0.24382176157817678,opposite_sign,opposite_sign,-2.5046140665783406e-16,-1.277411957918173e-14
n21_vd_1_vg_0,n21_vd_1,n21,1.0,0.0,-1.43104897057502e-16,4.08542937256208e-15,3.32616117334116e-16,1.77923935351222e-14,9.4755610138307e-17,1.093891145384214e-14,2.37860507195809e-16,6.85348208128006e-15,1.7459777417788082e-14,1.0844155843703834e-14,6.615621574084251e-15,0.0,True,0.6210935903831035,opposite_sign,same_sign,1.89195685112124e-16,2.1877541426788604e-14,-1.90655963180249e-29,-1.68597579131452e-31,3.91101418549463e-20,3.8125112443095e-20,1.955507091794035e-20,1.90625562214632e-20,1.9555070937005947e-20,1.90625562216318e-20,-9.850294118513e-22,-4.9251469647715065e-22,-4.925147153741494e-22,0.0,True,0.4999999904079013,opposite_sign,opposite_sign,-1.8922734863664013e-16,-1.8924229983236509e-16,-1.43104897057521e-16,4.08542937256208e-15,3.32655227475971e-16,1.77924316602347e-14,9.4775165209225e-17,1.093893051639839e-14,2.37880062266746e-16,6.85350114383631e-15,1.7459776432758728e-14,1.0844155351189164e-14,6.615621081569564e-15,0.0,True,0.6210935972148491,opposite_sign,same_sign,-3.166352451601092e-20,2.1688299126956296e-14
n21_vd_1_vg_0p05,n21_vd_1,n21,1.0,0.05,-4.9125593993242e-16,4.08499714949722e-15,6.37895675640586e-16,1.85020690035049e-14,7.3319867854083e-17,1.129353307650106e-14,5.64575807786503e-16,7.20853592700384e-15,1.7864173327864314e-14,1.1220213208646977e-14,6.643960119217337e-15,0.0,True,0.6280846587592065,opposite_sign,same_sign,1.8716938511669196e-16,2.2586784632690654e-14,1.25756414988063e-26,-5.29538384756497e-32,3.81261099099477e-20,3.812488164915e-20,1.90630612427946e-20,1.9062440824548523e-20,1.90630486671531e-20,1.9062440824601477e-20,-1.2282607977e-24,-6.204182460763224e-25,-6.078425516236776e-25,0.0,True,0.5051193095457388,same_sign,opposite_sign,-1.8941707369297742e-16,-1.8947787938282992e-16,-4.91255939919844e-16,4.08499714949722e-15,6.37933801750496e-16,1.85021071283865e-14,7.3338930915326e-17,1.129355213894186e-14,5.6459487083517e-16,7.20855498944464e-15,1.7864173326636004e-14,1.1220213208026535e-14,6.64396011860947e-15,0.0,True,0.6280846587676615,opposite_sign,same_sign,-2.2476885762850476e-18,2.2397306753307777e-14
n21_vd_1_vg_0p1,n21_vd_1,n21,1.0,0.1,-1.47002939817793e-15,4.08357922315324e-15,1.64923176977057e-15,1.85034849740884e-14,8.960118579632e-17,1.129353209862082e-14,1.55963058397425e-15,7.20995287546758e-15,1.685425320431783e-14,1.12039309128245e-14,5.65032229149333e-15,0.0,True,0.6647539215771486,opposite_sign,same_sign,1.8881435015260537e-16,2.258678263415013e-14,6.88865974476097e-28,-1.56763329827526e-31,3.81246499246143e-20,3.81246499250408e-20,1.906232530674014e-20,1.906232496244202e-20,1.9062324617874163e-20,1.906232496259878e-20,4.265e-31,-3.4429811890296225e-28,3.447246189029623e-28,0.0,True,0.4996905036825358,same_sign,opposite_sign,-1.8966686278310853e-16,-1.896719535582221e-16,-1.47002939817725e-15,4.08357922315324e-15,1.64926989442049e-15,1.85035230987383e-14,8.962024812162e-17,1.129355116094577e-14,1.55964964629887e-15,7.20997193779253e-15,1.685425320431781e-14,1.120393091282415e-14,5.65032229149366e-15,0.0,True,0.6647539215771285,opposite_sign,same_sign,-8.525126305158981e-19,2.239711068059188e-14
n21_vd_1_vg_0p15,n21_vd_1,n21,1.0,0.15000000000000002,-4.89291324694801e-15,4.07877196390701e-15,5.08318462902877e-15,1.85083724195141e-14,9.513569104038e-17,1.1293572191710556e-14,4.98804893798839e-15,7.214800227803545e-15,1.342518779048533e-14,1.1198436500670175e-14,2.226751289815155e-15,0.0,True,0.8341363022576643,opposite_sign,same_sign,1.900860024074155e-16,2.2586862774034708e-14,4.12372309609946e-28,-1.60649754042914e-31,3.8124414659568e-20,3.81244146595933e-20,1.9062207535970154e-20,1.9062207329716325e-20,1.9062207123597844e-20,1.9062207329876975e-20,2.53e-32,-2.0625382968199447e-28,2.0627912968199447e-28,0.0,True,0.49996933578344993,same_sign,opposite_sign,-1.9001720035576206e-16,-1.9002253278437757e-16,-4.8929132469476e-15,4.07877196390701e-15,5.08322275344343e-15,1.85084105439287e-14,9.5154753247915e-17,1.1293591253917854e-14,4.988068000195515e-15,7.214819290010845e-15,1.342518779048527e-14,1.119843650066994e-14,2.22675128981533e-15,0.0,True,0.8341363022576506,opposite_sign,same_sign,6.880205165099109e-20,2.239684024125027e-14
n21_vd_1_vg_0p2,n21_vd_1,n21,1.0,0.2,-1.67903654094874e-14,-5.53495169554191e-15,1.69808631860355e-14,3.77190393135394e-14,9.524888827405e-17,1.6092043808998747e-14,1.688561429776145e-14,2.1626995504540655e-14,2.07381761275039e-14,1.5996794920724696e-14,4.741381206779205e-15,0.0,True,0.7713694214173941,opposite_sign,opposite_sign,1.9042138095222125e-16,3.218380595864975e-14,-3.04777993588938e-28,-1.61008713575292e-31,3.81241756712786e-20,3.81241756713329e-20,1.9062087683250304e-20,1.9062087835585946e-20,1.9062087988028297e-20,1.9062087835746954e-20,5.43e-32,1.5233564243768136e-28,-1.5228134243768135e-28,0.0,True,0.500089128319654,opposite_sign,opposite_sign,-1.904505961338935e-16,-1.9044136122018483e-16,-1.67903654094877e-14,-5.53495169554191e-15,1.69809013102112e-14,3.77190774377151e-14,9.526795036175e-17,1.6092062871086596e-14,1.688563335984945e-14,2.1627014566628504e-14,2.07381761275039e-14,1.5996794920724844e-14,4.741381206779055e-15,0.0,True,0.7713694214174012,opposite_sign,opposite_sign,-2.921518163629906e-20,3.199336459742959e-14
n21_vd_1_vg_0p25,n21_vd_1,n21,1.0,0.25,-5.87120043618356e-14,-5.93565535006373e-14,5.89029003417037e-14,5.69720190854282e-14,9.544798993405e-17,-1.19226720760455e-15,5.880745235176965e-14,5.816428629303275e-14,-1.9308812562755e-15,-1.2877151975386e-15,-6.431660587369e-16,0.0,True,0.6669054315760925,opposite_sign,opposite_sign,1.9132984423863595e-16,-2.3848161284525684e-15,1.97837359130615e-28,-1.97889208898139e-31,3.8123933458038e-20,3.81239334580541e-20,1.906196682793768e-20,1.9061966728928107e-20,1.906196663010032e-20,1.9061966729125996e-20,1.61e-32,-9.900957416975657e-29,9.902567416975657e-29,0.0,True,0.499959350670815,same_sign,opposite_sign,-1.909565750876611e-16,-1.9095689360177214e-16,-5.87120043618354e-14,-5.93565535006373e-14,5.89029384656372e-14,5.69720572093617e-14,9.54670519009e-17,-1.1922481456378e-15,5.88074714137363e-14,5.81643053549995e-14,-1.9308812562755e-15,-1.2877151975387e-15,-6.431660587368e-16,0.0,True,0.6669054315761443,opposite_sign,opposite_sign,3.732691510206186e-19,-2.575773022054299e-15
n21_vd_1_vg_0p3,n21_vd_1,n21,1.0,0.30000000000000004,-2.08529077476183e-13,-2.18721370494149e-13,2.08720554773256e-13,1.72597222136252e-13,9.57386485365e-17,-2.30620741789485e-14,2.086248161247195e-13,1.956592963152005e-13,-3.6123332637004e-14,-2.3157812827485e-14,-1.2965519809519e-14,0.0,True,0.6410763109869495,opposite_sign,opposite_sign,1.9142737104068958e-16,-4.6124430129239234e-14,-2.87144862619905e-28,-2.45223863575403e-31,3.81236886338588e-20,3.81236886337777e-20,1.906184417335697e-20,1.9061844316766238e-20,1.9061844460501833e-20,1.9061844317011463e-20,-8.11e-32,1.434092693781648e-28,-1.434903693781648e-28,0.0,True,0.49985866137658524,opposite_sign,opposite_sign,-1.915050822581073e-16,-1.9152426702661347e-16,-2.08529077476184e-13,-2.18721370494149e-13,2.08720592896945e-13,1.72597260259941e-13,9.57577103805e-17,-2.3062055117104e-14,2.086248351865645e-13,1.95659315377045e-13,-3.6123332637004e-14,-2.31578128274845e-14,-1.29655198095195e-14,0.0,True,0.6410763109869356,opposite_sign,opposite_sign,-7.77112177455594e-20,-4.6315954396265477e-14
n21_vd_1_vg_0p35,n21_vd_1,n21,1.0,0.35000000000000003,-7.50381056494597e-13,-7.42585779309344e-13,7.50574415633463e-13,7.35369681488748e-13,9.6679569433e-17,-3.608048910298e-15,7.5047773606403e-13,7.38977730399046e-13,-1.5204734144715e-14,-3.704728479731e-15,-1.1500005664984e-14,0.0,True,0.2436562484072583,opposite_sign,opposite_sign,1.9056971963961327e-16,-7.216379654549093e-15,8.21054124755584e-28,-2.72479594751904e-31,3.81234414428523e-20,3.81234414428152e-20,1.9061721131953214e-20,1.906172072127136e-20,1.9061720310899086e-20,1.906172072154384e-20,-3.71e-32,-4.10681852175168e-28,4.106447521751679e-28,0.0,True,0.5000225854123095,same_sign,opposite_sign,-1.9200157263426511e-16,-1.9199086649526645e-16,-7.50381056494596e-13,-7.42585779309344e-13,7.50574453756904e-13,7.35369719612189e-13,9.6698631154e-17,-3.6080298485775e-15,7.5047775512575e-13,7.389777494607665e-13,-1.5204734144715e-14,-3.7047284797315e-15,-1.15000056649835e-14,0.0,True,0.2436562484072912,opposite_sign,opposite_sign,-1.4318529948454125e-18,-7.408370521044739e-15
n21_vd_1_vg_0p4,n21_vd_1,n21,1.0,0.4,-2.73012661948747e-12,-2.71638159490003e-12,2.73031980645255e-12,2.72572863441004e-12,9.659348254e-17,4.673519755005e-15,2.73022321297001e-12,2.721055114655035e-12,-4.59117204251e-15,4.576926272465e-15,-9.168098314975e-15,0.0,True,0.3329878563220125,opposite_sign,opposite_sign,1.884883682864179e-16,9.346757608571857e-15,-1.72498042323253e-28,-4.4228765336431e-31,3.81231915684661e-20,3.81231915684574e-20,1.9061595697984028e-20,1.9061595784007558e-20,1.906159587048207e-20,1.9061595784449844e-20,-8.7e-33,8.602352733494435e-29,-8.603222733494435e-29,0.0,True,0.49997471749777656,opposite_sign,opposite_sign,-1.9224325345802503e-16,-1.9221818953569198e-16,-2.73012661948747e-12,-2.71638159490003e-12,2.73031984457574e-12,2.72572867253323e-12,9.6612544135e-17,4.6735388166e-15,2.730223232031605e-12,2.72105513371663e-12,-4.59117204251e-15,4.576926272465e-15,-9.168098314975e-15,0.0,True,0.3329878563220125,opposite_sign,opposite_sign,-3.754885172863011e-18,9.154539419034334e-15
n21_vd_1_vg_0p45,n21_vd_1,n21,1.0,0.45,-1.0025460024357e-11,-1.00313443648449e-11,1.00256514216591e-11,1.00415654194334e-11,9.569865105e-17,5.11052729425e-15,1.002555572300805e-11,1.003645489213915e-11,1.59139977743e-14,5.0148286432e-15,1.08991691311e-14,0.0,True,0.3151206072994807,opposite_sign,opposite_sign,1.9007223614684196e-16,1.0220772614257149e-14,7.44368747257229e-28,-1.10272835619768e-30,3.81229381314968e-20,3.81229381315434e-20,1.9061469437932774e-20,1.9061469065220335e-20,1.9061468693564025e-20,1.9061469066323065e-20,4.66e-32,-3.7271243780671334e-28,3.7275903780671336e-28,0.0,True,0.499968744612286,same_sign,opposite_sign,-1.9200956720337712e-16,-1.9198897410091455e-16,-1.0025460024357e-11,-1.00313443648449e-11,1.0025651459782e-11,1.00415654575563e-11,9.57177125e-17,5.1105463557e-15,1.00255557420695e-11,1.00364549112006e-11,1.59139977743e-14,5.0148286432e-15,1.08991691311e-14,0.0,True,0.3151206072994807,opposite_sign,opposite_sign,-1.937331094056867e-18,1.0028783640117842e-14
n21_vd_1_vg_0p5,n21_vd_1,n21,1.0,0.5,-3.70979967454558e-11,-3.71035042391217e-11,3.70981886755865e-11,3.71006651842251e-11,9.596506535e-17,-1.4195274483e-15,3.709809271052115e-11,3.71020847116734e-11,2.4765086386e-15,-1.51549251365e-15,3.99200115225e-15,0.0,True,0.2751691795913028,opposite_sign,opposite_sign,1.9474619172211787e-16,-2.8393369495673783e-15,-9.57764863906345e-29,-3.32053549295205e-30,3.81226797347274e-20,3.8122679734759e-20,1.9061339819475457e-20,1.9061339865719232e-20,1.9061339915251944e-20,1.9061339869039767e-20,3.16e-32,4.6243775448841225e-29,-4.621217544884123e-29,0.0,True,0.5001708921907848,opposite_sign,opposite_sign,-1.9132452290563304e-16,-1.9140008721358857e-16,-3.70979967454558e-11,-3.71035042391217e-11,3.70981887137092e-11,3.71006652223478e-11,9.59841267e-17,-1.41950838695e-15,3.70980927295825e-11,3.710208473073475e-11,2.4765086386e-15,-1.51549251365e-15,3.99200115225e-15,0.0,True,0.2751691795913028,opposite_sign,opposite_sign,3.4216688362519162e-18,-3.030737036761293e-15
n21_vd_1_vg_0p55,n21_vd_1,n21,1.0,0.55,-1.3811003236799e-10,-1.38117213413492e-10,1.38110225017987e-10,1.38121861319318e-10,9.63249985e-17,2.323952913e-15,1.381101286929885e-10,1.38119537366405e-10,1.1636301331e-14,2.2276279145e-15,9.4086734165e-15,0.0,True,0.1914377989306128,opposite_sign,opposite_sign,1.8323764503462594e-16,4.647623687493992e-15,-3.36393964222636e-28,-1.15193236505337e-29,3.81224145645094e-20,3.8122414564542e-20,1.9061207114057717e-20,1.9061207276511338e-20,1.9061207450451682e-20,1.9061207288030662e-20,3.26e-32,1.6245362028605114e-28,-1.6242102028605114e-28,0.0,True,0.5000501731990262,opposite_sign,opposite_sign,-1.905075232183839e-16,-1.9054416157639798e-16,-1.3811003236799e-10,-1.38117213413492e-10,1.3811022505611e-10,1.38121861357441e-10,9.634406e-17,2.3239719745e-15,1.3811012871205e-10,1.381195373854665e-10,1.1636301331e-14,2.2276279145e-15,9.4086734165e-15,0.0,True,0.1914377989306128,opposite_sign,opposite_sign,-7.269877601311967e-18,4.457079526499715e-15
n21_vd_1_vg_0p6,n21_vd_1,n21,1.0,0.6000000000000001,-5.16327044874576e-10,-5.16309260267066e-10,5.16327238162951e-10,5.16320024279396e-10,9.66441875e-17,5.382006165e-15,5.163271415187635e-10,5.16314642273231e-10,-7.213883555e-15,5.2853619775e-15,-1.24992455325e-14,0.0,True,0.29718744001115155,opposite_sign,opposite_sign,1.9598865082016937e-16,1.0763730097640601e-14,2.06935018286548e-28,-4.20679009493273e-29,3.81221406537195e-20,3.8122140653703e-20,1.906107043032726e-20,1.906107030581755e-20,1.9061070223392242e-20,1.9061070347885452e-20,-1.65e-32,-1.2450970961793764e-28,1.2449320961793765e-28,0.0,True,0.5000331321416847,same_sign,opposite_sign,-1.8979871246370935e-16,-1.8983045329950637e-16,-5.16327044874576e-10,-5.16309260267066e-10,5.16327238201073e-10,5.16320024317519e-10,9.66632485e-17,5.3820252265e-15,5.163271415378245e-10,5.163146422922925e-10,-7.213883554e-15,5.285361978e-15,-1.2499245532e-14,0.0,True,0.2971874400392657,opposite_sign,opposite_sign,6.189938178297163e-18,1.0573899645197155e-14
n21_vd_1_vg_0p65,n21_vd_1,n21,1.0,0.65,-1.93348678365156e-09,-1.93349951942279e-09,1.93348702472767e-09,1.93348130219774e-09,1.20538055e-16,-9.108612525e-15,1.933486904189615e-09,1.933490410810265e-09,-5.72252993e-15,-9.22915058e-15,3.50662065e-15,0.0,True,0.724663659022085,opposite_sign,opposite_sign,2.0470224778764271e-16,-1.8217507387008967e-14,5.15335384644178e-28,-1.56747544504205e-28,3.8121856673644e-20,3.81218566736589e-20,1.9060928594489693e-20,1.9060928258455678e-20,1.906092807915431e-20,1.9060928415203222e-20,1.49e-32,-3.360340145741915e-28,3.360489145741915e-28,0.0,True,0.49998891505842974,same_sign,opposite_sign,-1.89140965918487e-16,-1.891295862006911e-16,-1.93348678365156e-09,-1.93349951942279e-09,1.93348702476579e-09,1.93348130223587e-09,1.20557115e-16,-9.10859346e-15,1.933486904208675e-09,1.93349041082933e-09,-5.72252992e-15,-9.229150575e-15,3.506620655e-15,0.0,True,0.7246636586294899,opposite_sign,opposite_sign,1.5561280216906e-17,-1.840663696534866e-14
n21_vd_1_vg_0p7,n21_vd_1,n21,1.0,0.7000000000000001,-7.2220326083551e-09,-7.22203522406419e-09,7.2220330896329e-09,7.22205194963969e-09,2.406389e-16,8.36278775e-15,7.222032848994e-09,7.22204358685194e-09,1.886000679e-14,8.12214885e-15,1.073785794e-14,0.0,True,0.4306546090061084,opposite_sign,opposite_sign,2.1113005893121395e-16,1.672529304221736e-14,-9.45202133415766e-28,-5.8451547410301e-28,3.81215645125338e-20,3.81215645130832e-20,1.9060781783665832e-20,1.9060781964283864e-20,1.9060782728867968e-20,1.9060782548799338e-20,5.494e-31,1.80618029656378e-28,-1.80068629656378e-28,0.0,True,0.5007616028841305,opposite_sign,opposite_sign,-1.8849768691183165e-16,-1.8849198929735843e-16,-7.2220326083551e-09,-7.22203522406419e-09,7.22203308967102e-09,7.22205194967781e-09,2.4065796e-16,8.36280681e-15,7.22203284901306e-09,7.222043586871e-09,1.886000679e-14,8.12214885e-15,1.073785794e-14,0.0,True,0.4306546090061084,opposite_sign,opposite_sign,2.2632371074344443e-17,1.6536801051147422e-14
n21_vd_1_vg_0p75,n21_vd_1,n21,1.0,0.75,-2.66918924121635e-08,-2.66918813645734e-08,2.66918933727819e-08,2.66919011172332e-08,4.803092e-16,9.8763299e-15,2.66918928924727e-08,2.66918912409033e-08,7.7444513e-15,9.3960207e-15,-1.6515694e-15,0.0,True,0.8505041022476024,opposite_sign,opposite_sign,2.1293647259219152e-16,1.9752377196905184e-14,-2.77258553289353e-27,-2.15983625502751e-27,3.81212781044059e-20,3.8121278104495e-20,1.9060637665910185e-20,1.9060637972329374e-20,1.9060640438495716e-20,1.9060640132165628e-20,8.91e-32,3.0641918893301e-28,-3.0633008893301e-28,0.0,True,0.5000727051040438,opposite_sign,opposite_sign,-1.8806093425634918e-16,-1.8806548647592934e-16,-2.66918924121635e-08,-2.66918813645734e-08,2.66918933728201e-08,2.66919011172713e-08,4.803283e-16,9.87634895e-15,2.66918928924918e-08,2.669189124092235e-08,7.7444512e-15,9.39602065e-15,-1.65156945e-15,0.0,True,0.8505040977217285,opposite_sign,opposite_sign,2.4875616261197212e-17,1.9564311689092323e-14
n21_vd_1_vg_0p8,n21_vd_1,n21,1.0,0.8,-9.59235460925958e-08,-9.59235449134102e-08,9.59235490547692e-08,9.59235749010703e-08,1.4810867e-15,1.499383005e-14,9.59235475736825e-08,9.592355990724026e-08,2.58463011e-14,1.351274335e-14,1.233355775e-14,0.0,True,0.5228114962260499,opposite_sign,opposite_sign,1.8155661565934568e-16,2.998737729833317e-14,-6.09043605368334e-27,-7.76331634197092e-27,3.8121052386205e-20,3.81210523864591e-20,1.9060523147884472e-20,1.906052231157138e-20,1.9060529238320528e-20,1.906053007488772e-20,2.541e-31,-8.3631309414379e-28,8.3656719414379e-28,0.0,True,0.49992405314301946,opposite_sign,opposite_sign,-1.8787050134070822e-16,-1.8787391329127087e-16,-9.59235460925958e-08,-9.59235449134102e-08,9.59235490548074e-08,9.59235749011084e-08,1.4811058e-15,1.49938491e-14,9.59235475737016e-08,9.59235599072593e-08,2.5846301e-14,1.35127433e-14,1.23335577e-14,0.0,True,0.5228114963143081,opposite_sign,opposite_sign,-6.313810835688874e-18,2.9799503367245016e-14
n21_vd_1_vg_0p85,n21_vd_1,n21,1.0,0.8500000000000001,-3.23090343752553e-07,-3.230903302739e-07,3.23090344130994e-07,3.23090347136951e-07,1.892205e-16,8.4315255e-15,3.230903439417735e-07,3.230903387054255e-07,3.005957e-15,8.242305e-15,-5.236348e-15,0.0,True,0.6115080638992635,opposite_sign,opposite_sign,1.7871928909385333e-16,1.6862767903782806e-14,-1.81612979722967e-26,-2.61553258292945e-26,3.81210601484725e-20,3.81210601491516e-20,1.9060520993587264e-20,1.9060516996912887e-20,1.9060539154885236e-20,1.9060543152238714e-20,6.791e-31,-3.9966743784989e-27,3.9973534784989e-27,0.0,True,0.4999575245413108,opposite_sign,opposite_sign,-1.877885186135528e-16,-1.8778824839161818e-16,-3.23090343752553e-07,-3.230903302739e-07,3.23090344131032e-07,3.23090347136989e-07,1.892395e-16,8.4315445e-15,3.230903439417925e-07,3.230903387054445e-07,3.005957e-15,8.242305e-15,-5.236348e-15,0.0,True,0.6115080638992635,opposite_sign,opposite_sign,-9.06933995817764e-18,1.66749795449607e-14
n21_vd_1_vg_0p9,n21_vd_1,n21,1.0,0.9,-9.59787165050951e-07,-9.59787168994268e-07,9.59787165242768e-07,9.59787153225189e-07,9.59085e-17,-7.8845395e-15,9.597871651468595e-07,9.597871611097285e-07,-1.2017579e-14,-7.980448e-15,-4.037131e-15,0.0,True,0.6640645341295447,opposite_sign,opposite_sign,2.2157315210654743e-16,-1.5769362463865627e-14,-7.73420572958417e-26,-7.77202491648123e-26,3.81217071183134e-20,3.81217071182849e-20,1.9060814888128052e-20,1.9060814699017867e-20,1.9060892230185347e-20,1.906089241926703e-20,-2.85e-32,-1.891101844853e-28,1.890816844853e-28,0.0,True,0.5000376792870741,opposite_sign,opposite_sign,-1.8773074308245073e-16,-1.8773737577137597e-16,-9.59787165050951e-07,-9.59787168994268e-07,9.59787165242806e-07,9.59787153225227e-07,9.59275e-17,-7.8845205e-15,9.597871651468785e-07,9.597871611097475e-07,-1.2017579e-14,-7.980448e-15,-4.037131e-15,0.0,True,0.6640645341295447,opposite_sign,opposite_sign,3.3842403876947155e-17,-1.595710005654201e-14
n21_vd_1_vg_0p95,n21_vd_1,n21,1.0,0.9500000000000001,-2.37468676566292e-06,-2.37468677592045e-06,2.374686765869e-06,2.3746867605201e-06,1.0304e-16,-7.700175e-15,2.37468676576596e-06,2.374686768220275e-06,-5.3489e-15,-7.803215e-15,2.454315e-15,0.0,True,0.7607304097575147,opposite_sign,opposite_sign,2.0164776623086757e-16,-1.5400633922549604e-14,-1.92278638199372e-25,-1.92350345689423e-25,3.8123590348085e-20,3.81235903480793e-20,1.90616990347234e-20,1.9061698998866805e-20,1.90618913133616e-20,1.9061891349212496e-20,-5.7e-33,-3.58565950255e-29,3.58508950255e-29,0.0,True,0.5000397448020838,opposite_sign,opposite_sign,-1.8775607378115755e-16,-1.8776528389635828e-16,-2.37468676566292e-06,-2.37468677592045e-06,2.37468676586904e-06,2.37468676052014e-06,1.0306e-16,-7.700155e-15,2.37468676576598e-06,2.374686768220295e-06,-5.3489e-15,-7.803215e-15,2.454315e-15,0.0,True,0.7607304097575147,opposite_sign,opposite_sign,1.389380311663447e-17,-1.5588397519295438e-14
n21_vd_1_vg_1,n21_vd_1,n21,1.0,1.0,-4.84531031049377e-06,-4.84531029507563e-06,4.84531031051987e-06,4.84531029054618e-06,1.305e-17,-2.264725e-15,4.84531031050682e-06,4.845310292810905e-06,-1.997369e-14,-2.277775e-15,-1.7695915e-14,0.0,True,0.11403876799930307,opposite_sign,opposite_sign,1.6850454064712e-16,-4.5297341412563134e-15,-3.86075497156337e-25,-3.92597162754697e-25,3.81271625355411e-20,3.81271625378004e-20,1.906338823002197e-20,1.9063384970318822e-20,1.906377430551913e-20,1.9063777567481577e-20,2.2593e-30,-3.25970314918e-27,3.26196244918e-27,0.0,True,0.4998267850470156,opposite_sign,opposite_sign,-1.8790335311569097e-16,-1.8788461769643437e-16,-4.84531031049377e-06,-4.84531029507563e-06,4.84531031051991e-06,4.84531029054622e-06,1.307e-17,-2.264705e-15,4.84531031050684e-06,4.845310292810925e-06,-1.997369e-14,-2.277775e-15,-1.7695915e-14,0.0,True,0.11403876799930307,opposite_sign,opposite_sign,-1.9397128696509836e-17,-4.717617075174167e-15
n21_vd_1_vg_1p05,n21_vd_1,n21,1.0,1.05,-8.4264209156894e-06,-8.42642092880359e-06,8.42642091589638e-06,8.42642092614434e-06,1.0349e-16,-1.329625e-15,8.42642091579289e-06,8.426420927473965e-06,1.024796e-14,-1.433115e-15,1.1681075e-14,0.0,True,0.10927971914391968,opposite_sign,opposite_sign,2.6740598568478084e-16,-2.6595352628253226e-15,-6.83486561058852e-25,-6.82998223266467e-25,3.81325192054512e-20,3.81325192058179e-20,1.906591785944507e-20,1.9065918103797318e-20,1.906660134600613e-20,1.9066601102020583e-20,3.667e-31,2.443522461925e-28,-2.439855461925e-28,0.0,True,0.500375457322491,opposite_sign,opposite_sign,-1.8813648523537112e-16,-1.881530697437444e-16,-8.4264209156894e-06,-8.42642092880359e-06,8.42642091589642e-06,8.42642092614438e-06,1.0351e-16,-1.329605e-15,8.42642091579291e-06,8.426420927473985e-06,1.024796e-14,-1.433115e-15,1.1681075e-14,0.0,True,0.10927971914391968,opposite_sign,opposite_sign,7.927202619515953e-17,-2.8476858068238065e-15
n21_vd_1_vg_1p1,n21_vd_1,n21,1.0,1.1,-1.30238221057701e-05,-1.3023822101716e-05,1.3023822105969e-05,1.30238220986206e-05,9.945e-17,-1.5477e-15,1.302382210586955e-05,1.30238221001683e-05,-7.3484e-15,-1.64715e-15,-5.70125e-15,0.0,True,0.22415083555603943,opposite_sign,opposite_sign,1.3858709922227582e-16,-3.0956851471617866e-15,-1.05641267407135e-24,-1.056031813914e-24,3.81395178241978e-20,3.81395178242119e-20,1.9069230705761865e-20,1.9069230896198994e-20,1.9070287118435935e-20,1.9070286928012907e-20,1.41e-32,1.90437128675e-28,-1.90423028675e-28,0.0,True,0.5000185107312065,opposite_sign,opposite_sign,-1.8841295999183549e-16,-1.884401598544016e-16,-1.30238221057701e-05,-1.3023822101716e-05,1.3023822105969e-05,1.30238220986206e-05,9.945e-17,-1.5477e-15,1.302382210586955e-05,1.30238221001683e-05,-7.3484e-15,-1.64715e-15,-5.70125e-15,0.0,True,0.22415083555603943,opposite_sign,opposite_sign,-4.986399923097121e-17,-3.2841634454779806e-15
n21_vd_1_vg_1p15,n21_vd_1,n21,1.0,1.1500000000000001,-1.84977791761312e-05,-1.84977791727918e-05,1.84977791763176e-05,1.84977791547911e-05,9.32e-17,-9.00035e-15,1.84977791762244e-05,1.849777916379145e-05,-2.15265e-14,-9.09355e-15,-1.243295e-14,0.0,True,0.42243513808561545,opposite_sign,opposite_sign,1.1750273330352313e-16,-1.8000987366917068e-14,-1.49985437746794e-24,-1.50047906433103e-24,3.81479430279267e-20,3.81479430278896e-20,1.9073221586774616e-20,1.9073221274412634e-20,1.9074721441152085e-20,1.9074721753476966e-20,-3.71e-32,-3.12361981545e-28,3.12324881545e-28,0.0,True,0.5000296948776997,opposite_sign,opposite_sign,-1.8870981827248543e-16,-1.8870749308265017e-16,-1.84977791761312e-05,-1.84977791727918e-05,1.84977791763176e-05,1.84977791547911e-05,9.32e-17,-9.00035e-15,1.84977791762244e-05,1.849777916379145e-05,-2.15265e-14,-9.09355e-15,-1.243295e-14,0.0,True,0.42243513808561545,opposite_sign,opposite_sign,-7.124523141213566e-17,-1.8189733006442267e-14
n21_vd_1_vg_1p2,n21_vd_1,n21,1.0,1.2000000000000002,-2.47131244861146e-05,-2.47131244872414e-05,2.47131244863024e-05,2.47131245100402e-05,9.39e-17,1.13994e-14,2.47131244862085e-05,2.47131244986408e-05,2.37378e-14,1.13055e-14,1.24323e-14,0.0,True,0.47626570280312414,opposite_sign,opposite_sign,1.0826524570163415e-16,2.2798512010250444e-14,-2.00538464988669e-24,-2.00548165233198e-24,3.8157588274851e-20,3.81575882749085e-20,1.9077791445100558e-20,1.9077791396628085e-20,1.9079796829750442e-20,1.9079796878280416e-20,5.75e-32,-4.8472472645e-29,4.8529972645e-29,0.0,True,0.49970361571902594,opposite_sign,opposite_sign,-1.890182183579198e-16,-1.8896641284626674e-16,-2.47131244861146e-05,-2.47131244872414e-05,2.47131244863025e-05,2.47131245100403e-05,9.395e-17,1.139945e-14,2.471312448620855e-05,2.471312449864085e-05,2.37378e-14,1.13055e-14,1.24323e-14,0.0,True,0.47626570280312414,opposite_sign,opposite_sign,-8.068948428550603e-17,2.2609609085775054e-14
n21_vd_1_vg_1p25,n21_vd_1,n21,1.0,1.25,-3.15536368571082e-05,-3.15536368693054e-05,3.15536368572759e-05,3.15536368681667e-05,8.385e-17,-5.6935e-16,3.155363685719205e-05,3.155363686873605e-05,1.08908e-14,-6.532e-16,1.1544e-14,0.0,True,0.05355327452202145,opposite_sign,opposite_sign,1.256798058781692e-16,-1.1389922124609214e-15,-2.56158045382743e-24,-2.56170538375776e-24,3.81682763621905e-20,3.81682763622098e-20,1.9082857390868337e-20,1.9082857328413022e-20,1.9085418971322165e-20,1.9085419033796777e-20,1.93e-32,-6.2455315165e-29,6.2474615165e-29,0.0,True,0.4999227567007,opposite_sign,opposite_sign,-1.8933451034077525e-16,-1.8931795020581816e-16,-3.15536368571082e-05,-3.15536368693054e-05,3.15536368572759e-05,3.15536368681668e-05,8.385e-17,-5.693e-16,3.155363685719205e-05,3.15536368687361e-05,1.08909e-14,-6.5315e-16,1.154405e-14,0.0,True,0.053549175220542415,opposite_sign,opposite_sign,-6.369287017738758e-17,-1.3282466844277256e-15
n21_vd_1_vg_1p3,n21_vd_1,n21,1.0,1.3,-3.89233429695817e-05,-3.89233429715074e-05,3.89233429697512e-05,3.89233429879024e-05,8.475e-17,8.1975e-15,3.892334296966645e-05,3.89233429797049e-05,1.81512e-14,8.11275e-15,1.003845e-14,0.0,True,0.44695392040195686,opposite_sign,opposite_sign,2.8035356839002754e-16,1.6394711000003784e-14,-3.1611244925118e-24,-3.16142811263707e-24,3.81798576473388e-20,3.81798576473704e-20,1.9088348261423143e-20,1.908834810962888e-20,1.9091509385915655e-20,1.9091509537741518e-20,3.16e-32,-1.51794262635e-28,1.51825862635e-28,0.0,True,0.4999479612888443,opposite_sign,opposite_sign,-1.8965703148743816e-16,-1.8967582506003975e-16,-3.89233429695817e-05,-3.89233429715074e-05,3.89233429697513e-05,3.89233429879025e-05,8.48e-17,8.19755e-15,3.89233429696665e-05,3.892334297970495e-05,1.81512e-14,8.11275e-15,1.003845e-14,0.0,True,0.44695392040195686,opposite_sign,opposite_sign,9.076000415973733e-17,1.620509186593762e-14
n21_vd_1_vg_1p35,n21_vd_1,n21,1.0,1.35,-4.67438544182807e-05,-4.67438544062955e-05,4.67438544184402e-05,4.67438544066204e-05,7.975e-17,1.6245e-16,4.674385441836045e-05,4.674385440645795e-05,-1.18198e-14,8.27e-17,-1.19025e-14,0.0,True,0.006900176884824618,opposite_sign,opposite_sign,1.9900545849078507e-16,3.246114194532306e-16,-3.79847629108863e-24,-3.79834911250906e-24,3.81922146402428e-20,3.81922146402248e-20,1.9094208081975855e-20,1.9094208145556147e-20,1.9098006558266943e-20,1.9098006494668656e-20,-1.8e-32,6.3580289785e-29,-6.3598289785e-29,0.0,True,0.4999292333659455,opposite_sign,opposite_sign,-1.8998458390490104e-16,-1.8998747071571089e-16,-4.67438544182807e-05,-4.67438544062955e-05,4.67438544184402e-05,4.67438544066204e-05,7.975e-17,1.6245e-16,4.674385441836045e-05,4.674385440645795e-05,-1.18198e-14,8.27e-17,-1.19025e-14,0.0,True,0.006900176884824618,opposite_sign,opposite_sign,8.98268616971978e-18,1.345857603212285e-16
n21_vd_1_vg_1p4,n21_vd_1,n21,1.0,1.4000000000000001,-5.4950924690214e-05,-5.49509246823255e-05,5.49509246904153e-05,5.49509246803316e-05,1.0065e-16,-9.9695e-16,5.495092469031465e-05,5.495092468132855e-05,-1.00837e-14,-1.0976e-15,-8.9861e-15,0.0,True,0.10884893441891369,opposite_sign,opposite_sign,3.11715837802053e-16,-1.994192867202081e-15,-4.46756837678148e-24,-4.46730168739389e-24,3.82052501683679e-20,3.82052501683564e-20,1.9100391299995558e-20,1.9100391433334505e-20,1.9104858868372342e-20,1.9104858735021898e-20,-1.15e-32,1.33338943795e-28,-1.33350443795e-28,0.0,True,0.49997843933704317,opposite_sign,opposite_sign,-1.90315733626072e-16,-1.9036364764527032e-16,-5.4950924690214e-05,-5.49509246823255e-05,5.49509246904153e-05,5.49509246803316e-05,1.0065e-16,-9.9695e-16,5.495092469031465e-05,5.495092468132855e-05,-1.00837e-14,-1.0976e-15,-8.9861e-15,0.0,True,0.10884893441891369,opposite_sign,opposite_sign,1.213619033933811e-16,-2.184594715630218e-15
n21_vd_1_vg_1p45,n21_vd_1,n21,1.0,1.4500000000000002,-6.34918878505201e-05,-6.34918878456364e-05,6.34918878507008e-05,6.34918878476702e-05,9.035e-17,1.0169e-15,6.349188785061045e-05,6.34918878466533e-05,-3.0306e-15,9.2655e-16,-3.95715e-15,0.0,True,0.18972295595552552,opposite_sign,opposite_sign,2.2275358080257147e-16,2.033509010022552e-15,-5.16450245316395e-24,-5.16405219145036e-24,3.82188842450742e-20,3.82188842450679e-20,1.9106859871310518e-20,1.9106860096438223e-20,1.911202437376368e-20,1.9112024148629675e-20,-6.3e-33,2.25127706795e-28,-2.25134006795e-28,0.0,True,0.4999930040687339,opposite_sign,opposite_sign,-1.9064916946765438e-16,-1.906507112070621e-16,-6.34918878505201e-05,-6.34918878456364e-05,6.34918878507009e-05,6.34918878476703e-05,9.04e-17,1.01695e-15,6.34918878506105e-05,6.349188784665335e-05,-3.0306e-15,9.2655e-16,-3.95715e-15,0.0,True,0.18972295595552552,opposite_sign,opposite_sign,3.2161065305267866e-17,1.842914952785389e-15
n21_vd_1_vg_1p5,n21_vd_1,n21,1.0,1.5,-7.23230852586939e-05,-7.23230852620798e-05,7.23230852588873e-05,7.23230852460204e-05,9.67e-17,-8.0297e-15,7.23230852587906e-05,7.23230852540501e-05,-1.28669e-14,-8.1264e-15,-4.7405e-15,0.0,True,0.6315740388127677,opposite_sign,opposite_sign,6.375243908665993e-17,-1.605969827695213e-14,-5.88481134974514e-24,-5.88508850302921e-24,3.82329564682084e-20,3.82329564681769e-20,1.9113535828429327e-20,1.9113535689836935e-20,1.9119420639779074e-20,1.9119420778339965e-20,-3.15e-32,-1.38592392035e-28,1.38560892035e-28,0.0,True,0.5000568277588803,opposite_sign,opposite_sign,-1.9098355186863614e-16,-1.9096818591321233e-16,-7.23230852586939e-05,-7.23230852620798e-05,7.23230852588873e-05,7.23230852460204e-05,9.67e-17,-8.0297e-15,7.23230852587906e-05,7.23230852540501e-05,-1.28669e-14,-8.1264e-15,-4.7405e-15,0.0,True,0.6315740388127677,opposite_sign,opposite_sign,-1.2726933985363309e-16,-1.6250704689936722e-14
n21_vd_1_vg_1p55,n21_vd_1,n21,1.0,1.55,-8.14081471557525e-05,-8.14081471654661e-05,8.14081471559887e-05,8.14081471477733e-05,1.181e-16,-8.8464e-15,8.14081471558706e-05,8.14081471566197e-05,-8.2154e-15,-8.9645e-15,7.491e-16,0.0,True,0.922881321034426,opposite_sign,opposite_sign,2.593087405163994e-16,-1.7693090283666658e-14,-6.62776864319007e-24,-6.62748548225646e-24,3.82474550879869e-20,3.82474550879693e-20,1.9120413659671855e-20,1.9120413801243522e-20,1.9127041428315044e-20,1.9127041286725778e-20,-1.76e-32,1.41571666805e-28,-1.41589266805e-28,0.0,True,0.4999689222666142,opposite_sign,opposite_sign,-1.9131770510967066e-16,-1.913140384278045e-16,-8.14081471557525e-05,-8.14081471654661e-05,8.14081471559888e-05,8.14081471477734e-05,1.1815e-16,-8.84635e-15,8.140814715587065e-05,8.140814715661975e-05,-8.2154e-15,-8.9645e-15,7.491e-16,0.0,True,0.922881321034426,opposite_sign,opposite_sign,6.80476622695027e-17,-1.7884347695231972e-14
n21_vd_1_vg_1p6,n21_vd_1,n21,1.0,1.6,-9.0716550904768e-05,-9.07165512810565e-05,9.07165464322213e-05,9.07165513081375e-05,-2.23627335e-12,1.35405e-14,9.071654866849465e-05,9.0716551294597e-05,4.8759162e-12,2.24981385e-12,2.62610235e-12,0.0,True,0.4614135595685586,opposite_sign,opposite_sign,2.3783775482191573e-13,2.708071816524001e-14,-7.38603184835303e-24,-7.3887842367118e-24,3.82623157324364e-20,3.82623157351941e-20,1.9127464850294024e-20,1.9127463475478693e-20,1.9134850882142376e-20,1.9134852259715405e-20,2.7577e-30,-1.374815329385e-27,1.377573029385e-27,0.0,True,0.499499035085072,opposite_sign,opposite_sign,-1.9165068607774544e-16,-1.9167824166466805e-16,-9.0716550904768e-05,-9.07165512810565e-05,9.07165464322213e-05,9.07165513081375e-05,-2.23627335e-12,1.35405e-14,9.071654866849465e-05,9.0716551294597e-05,4.8759162e-12,2.24981385e-12,2.62610235e-12,0.0,True,0.4614135595685586,opposite_sign,opposite_sign,2.376460658809053e-13,2.688900166864839e-14
n21_vd_1_vg_1p65,n21_vd_1,n21,1.0,1.6500000000000001,-0.000100222384271963,-0.000100222384581014,0.00010022237826347,0.00010022238455772,-3.0042465e-12,-1.1647e-14,0.0001002223812677165,0.000100222384569367,6.29425e-12,2.9925995e-12,3.3016505e-12,0.0,True,0.47544973587004014,opposite_sign,opposite_sign,2.560918058407742e-13,-2.3294297102208174e-14,-8.16554949803822e-24,-8.16689811680102e-24,3.8277526686678e-20,3.82775266881252e-20,1.9134680568589982e-20,1.91346798950042e-20,1.914284611808802e-20,1.9142846793121e-20,1.4472e-30,-6.735857814e-28,6.750329814e-28,0.0,True,0.4994634510360084,opposite_sign,opposite_sign,-1.9198172458569782e-16,-1.9193637103594398e-16,-0.000100222384271963,-0.000100222384581014,0.00010022237826347,0.00010022238455772,-3.0042465e-12,-1.1647e-14,0.0001002223812677165,0.000100222384569367,6.29425e-12,2.9925995e-12,3.3016505e-12,0.0,True,0.47544973587004014,opposite_sign,opposite_sign,2.5589978584682424e-13,-2.3486271742603905e-14
n21_vd_1_vg_1p7,n21_vd_1,n21,1.0,1.7000000000000002,-0.000109903557924329,-0.000109903558170758,0.000109903551478725,0.000109903558167189,-3.222802e-12,-1.7845e-15,0.000109903554701527,0.0001099035581689735,6.688464e-12,3.2210175e-12,3.4674465e-12,0.0,True,0.4815780573835787,opposite_sign,opposite_sign,1.9442500935667203e-13,-3.569285783349294e-15,-8.95927719319921e-24,-8.96004701767097e-24,3.82930578246928e-20,3.82930578253503e-20,1.91420492737498e-20,1.9142048889166315e-20,1.9151008550943e-20,1.9151008936183985e-20,6.575e-31,-3.8458348588e-28,3.8524098588e-28,0.0,True,0.49957295459931483,opposite_sign,opposite_sign,-1.923102516038665e-16,-1.9231362896971667e-16,-0.000109903557924329,-0.000109903558170758,0.000109903551478725,0.000109903558167189,-3.222802e-12,-1.7845e-15,0.000109903554701527,0.0001099035581689735,6.688464e-12,3.2210175e-12,3.4674465e-12,0.0,True,0.4815780573835787,opposite_sign,opposite_sign,1.9423266082097198e-13,-3.761637696416789e-15
n21_vd_1_vg_1p75,n21_vd_1,n21,1.0,1.75,-0.000119740817952735,-0.000119740818155939,0.000119740810574214,0.000119740818139373,-3.6892605e-12,-8.283e-15,0.0001197408142634745,0.000119740818147656,7.565159e-12,3.6809775e-12,3.8841815e-12,0.0,True,0.48656974691477073,opposite_sign,opposite_sign,1.6826100883707957e-13,-1.656629562885569e-14,-9.76592861791918e-24,-9.76667511881103e-24,3.83088844506616e-20,3.83088844511099e-20,1.914955926102184e-20,1.9149558887995545e-20,1.915932518963976e-20,1.9159325563114356e-20,4.483e-31,-3.73026295925e-28,3.73474595925e-28,0.0,True,0.4996997324417865,opposite_sign,opposite_sign,-1.9263562542367095e-16,-1.92639543168859e-16,-0.000119740817952735,-0.000119740818155939,0.000119740810574214,0.000119740818139373,-3.6892605e-12,-8.283e-15,0.0001197408142634745,0.000119740818147656,7.565159e-12,3.6809775e-12,3.8841815e-12,0.0,True,0.48656974691477073,opposite_sign,opposite_sign,1.680683349125382e-13,-1.6758973471142324e-14
n21_vd_1_vg_1p8,n21_vd_1,n21,1.0,1.8,-0.000129717792945766,-0.000129717793121847,0.000129717786068934,0.000129717793127291,-3.438416e-12,2.722e-15,0.00012971778950735,0.000129717793124569,7.058357e-12,3.441138e-12,3.617219e-12,0.0,True,0.48752677145687023,opposite_sign,opposite_sign,7.742723148853722e-14,5.443698874677388e-15,-1.05848125059455e-23,-1.05854589092896e-23,3.83249591172657e-20,3.83249591174667e-20,1.9157187152379877e-20,1.9157186829278705e-20,1.9167771964885822e-20,1.9167772288187995e-20,2.01e-31,-3.2310117205e-28,3.2330217205e-28,0.0,True,0.4998445243191928,opposite_sign,opposite_sign,-1.9295766524510422e-16,-1.9296498244683445e-16,-0.000129717792945766,-0.000129717793121847,0.000129717786068934,0.000129717793127291,-3.438416e-12,2.722e-15,0.00012971778950735,0.000129717793124569,7.058357e-12,3.441138e-12,3.617219e-12,0.0,True,0.48752677145687023,opposite_sign,opposite_sign,7.723423550891698e-14,5.250695577856895e-15
n21_vd_1_vg_1p85,n21_vd_1,n21,1.0,1.85,-0.000139819976879163,-0.000139819977023167,0.000139819970240576,0.00013981997704101,-3.3192935e-12,8.9215e-15,0.0001398199735598695,0.0001398199770320885,6.800434e-12,3.328215e-12,3.472219e-12,0.0,True,0.48941214634242464,opposite_sign,opposite_sign,3.4879794187325736e-14,1.7842715458714734e-14,-1.14152853418076e-23,-1.14153022739767e-23,3.8341247290649e-20,3.83412472907771e-20,1.9164916002653595e-20,1.916491599425156e-20,1.9176331287995403e-20,1.917633129652554e-20,1.281e-31,-8.40203455e-30,8.53013455e-30,0.0,True,0.4962172596067446,opposite_sign,opposite_sign,-1.932760727389087e-16,-1.933090475433315e-16,-0.000139819976879163,-0.000139819977023167,0.000139819970240576,0.00013981997704101,-3.3192935e-12,8.9215e-15,0.0001398199735598695,0.0001398199770320885,6.800434e-12,3.328215e-12,3.472219e-12,0.0,True,0.48941214634242464,opposite_sign,opposite_sign,3.4686479784755684e-14,1.7649368081339413e-14
n21_vd_1_vg_1p9,n21_vd_1,n21,1.0,1.9000000000000001,-0.000150034662233768,-0.000150034662349146,0.000150034656072303,0.00015003466235171,-3.0807325e-12,1.282e-15,0.0001500346591530355,0.000150034662350428,6.279407e-12,3.0820145e-12,3.1973925e-12,0.0,True,0.49081298600329615,opposite_sign,opposite_sign,1.2549265048708621e-14,2.5637039890603064e-15,-1.22552312633415e-23,-1.22551315037508e-23,3.83577360437529e-20,3.8357736043749e-20,1.9172740406244778e-20,1.9172740456122626e-20,1.918499563750812e-20,1.9184995587626374e-20,-3.9e-33,4.987784535e-29,-4.988174535e-29,0.0,True,0.49998045300721145,opposite_sign,opposite_sign,-1.935905794777175e-16,-1.9362008586432377e-16,-0.000150034662233768,-0.000150034662349146,0.000150034656072303,0.00015003466235171,-3.0807325e-12,1.282e-15,0.0001500346591530355,0.000150034662350428,6.279407e-12,3.0820145e-12,3.1973925e-12,0.0,True,0.49081298600329615,opposite_sign,opposite_sign,1.2355636123748434e-14,2.3700455577150702e-15
n21_vd_1_vg_1p95,n21_vd_1,n21,1.0,1.9500000000000002,-0.000160350645971301,-0.000160350646062828,0.000160350640634251,0.000160350646087576,-2.668525e-12,1.2374e-14,0.000160350643302776,0.000160350646075202,5.453325e-12,2.680899e-12,2.772426e-12,0.0,True,0.49160814732296354,opposite_sign,opposite_sign,-1.758104484319593e-14,2.4747699393358914e-14,-1.31041257658863e-23,-1.31040153602787e-23,3.83744115504109e-20,3.83744115504178e-20,1.9180653712322507e-20,1.9180653767528762e-20,1.9193757838088394e-20,1.919375778288904e-20,6.9e-33,5.52062538e-29,-5.51993538e-29,0.0,True,0.5000312484127845,opposite_sign,opposite_sign,-1.9390095315185034e-16,-1.9388842977600195e-16,-0.000160350645971301,-0.000160350646062828,0.000160350640634251,0.000160350646087576,-2.668525e-12,1.2374e-14,0.000160350643302776,0.000160350646075202,5.453325e-12,2.680899e-12,2.772426e-12,0.0,True,0.49160814732296354,opposite_sign,opposite_sign,-1.7774984157656258e-14,2.4553772602275377e-14
n21_vd_1_vg_2,n21_vd_1,n21,1.0,2.0,-0.00017075783424304,-0.00017075783431241,0.000170757829673469,0.000170757834312816,-2.2847855e-12,2.03e-16,0.0001707578319582545,0.000170757834312613,4.639347e-12,2.2849885e-12,2.3543585e-12,0.0,True,0.4925237323269848,opposite_sign,opposite_sign,-2.9663994318874665e-14,4.05706442784451e-16,-1.39611376257567e-23,-1.39611858393421e-23,3.83912550528678e-20,3.83912550528144e-20,1.9188646957621023e-20,1.918864693348753e-20,1.9202608095246778e-20,1.920260811932687e-20,-5.34e-32,-2.41334927e-29,2.40800927e-29,0.0,True,0.5005537858215373,opposite_sign,opposite_sign,-1.9420695528189477e-16,-1.9420122898737202e-16,-0.00017075783424304,-0.00017075783431241,0.000170757829673469,0.000170757834312816,-2.2847855e-12,2.03e-16,0.0001707578319582545,0.000170757834312613,4.639347e-12,2.2849885e-12,2.3543585e-12,0.0,True,0.4925237323269848,opposite_sign,opposite_sign,-2.9858239651454595e-14,2.1146683650321128e-16
n21_vd_1_vg_2p05,n21_vd_1,n21,1.0,2.0500000000000003,-0.000181247239495579,-0.000181247239560416,0.000181247235675325,0.000181247239555286,-1.910127e-12,-2.565e-15,0.000181247237585452,0.000181247239557851,3.879961e-12,1.907562e-12,1.972399e-12,0.0,True,0.49164463251048135,opposite_sign,opposite_sign,-3.526963801514359e-14,-5.130284827446281e-15,-1.48252550799511e-23,-1.48259173126598e-23,3.84082496836362e-20,3.8408249683604e-20,1.9196712214278123e-20,1.919671188314567e-20,1.9211537469358074e-20,1.921153780045833e-20,-3.22e-32,-3.3113245435e-28,3.3110025435e-28,0.0,True,0.5000243116955543,opposite_sign,opposite_sign,-1.9450831927570843e-16,-1.945194548472677e-16,-0.000181247239495579,-0.000181247239560416,0.000181247235675325,0.000181247239555286,-1.910127e-12,-2.565e-15,0.000181247237585452,0.000181247239557851,3.879961e-12,1.907562e-12,1.972399e-12,0.0,True,0.49164463251048135,opposite_sign,opposite_sign,-3.546418472784385e-14,-5.324842675717315e-15
n21_vd_1_vg_2p1,n21_vd_1,n21,1.0,2.1,-0.000191810855248727,-0.000191810855300904,0.000191810852100315,0.0001918108553049,-1.574206e-12,1.998e-15,0.000191810853674521,0.000191810855302902,3.204585e-12,1.576204e-12,1.628381e-12,0.0,True,0.49185900826472073,opposite_sign,opposite_sign,-3.415135682519949e-14,3.995715144360772e-15,-1.56970357835196e-23,-1.56975069917135e-23,3.84253815110947e-20,3.8425381511077e-20,1.920484223765559e-20,1.9204842002042642e-20,1.922053927343911e-20,1.9220539509034356e-20,-1.77e-32,-2.3561294695e-28,2.3559524695e-28,0.0,True,0.5000187815070166,opposite_sign,opposite_sign,-1.9480474892611067e-16,-1.9484288547972293e-16,-0.000191810855248727,-0.000191810855300904,0.000191810852100315,0.0001918108553049,-1.574206e-12,1.998e-15,0.000191810853674521,0.000191810855302902,3.204585e-12,1.576204e-12,1.628381e-12,0.0,True,0.49185900826472073,opposite_sign,opposite_sign,-3.434619998380937e-14,3.8008338491970445e-15
n21_vd_1_vg_2p15,n21_vd_1,n21,1.0,2.15,-0.0002024413510129,-0.000202441351061625,0.000202441348452161,0.000202441351043507,-1.2803695e-12,-9.059e-15,0.0002024413497325305,0.000202441351052566,2.591346e-12,1.2713105e-12,1.3200355e-12,0.0,True,0.4905985152117857,opposite_sign,opposite_sign,-2.953795081374006e-14,-1.8118323648370336e-14,-1.65755752187463e-23,-1.65753559387671e-23,3.84426380696637e-20,3.84426380696183e-20,1.9213031247222477e-20,1.9213031356839765e-20,1.9229606822441223e-20,1.9229606712778535e-20,-4.54e-32,1.096172896e-28,-1.096626896e-28,0.0,True,0.4998964793772655,opposite_sign,opposite_sign,-1.9509595607301454e-16,-1.950877981016403e-16,-0.0002024413510129,-0.000202441351061625,0.000202441348452161,0.000202441351043507,-1.2803695e-12,-9.059e-15,0.0002024413497325305,0.000202441351052566,2.591346e-12,1.2713105e-12,1.3200355e-12,0.0,True,0.4905985152117857,opposite_sign,opposite_sign,-2.9733085195880205e-14,-1.831344987253469e-14
n21_vd_1_vg_2p2,n21_vd_1,n21,1.0,2.2,-0.000213132040190873,-0.000213132040215896,0.000213132038127084,0.000213132040223381,-1.0318945e-12,3.7425e-15,0.0002131320391589785,0.0002131320402196385,2.096297e-12,1.035637e-12,1.06066e-12,0.0,True,0.494031618611294,opposite_sign,opposite_sign,-2.3594237093184584e-14,7.484676215975469e-15,-1.74592646428149e-23,-1.74589161989985e-23,3.84600073615881e-20,3.84600073615533e-20,1.9221274048472644e-20,1.922127422267715e-20,1.9238733313115456e-20,1.923873313887615e-20,-3.48e-32,1.742045082e-28,-1.742393082e-28,0.0,True,0.4999500636855038,opposite_sign,opposite_sign,-1.9538165225107305e-16,-1.9537979335425365e-16,-0.000213132040190873,-0.000213132040215896,0.000213132038127085,0.000213132040223381,-1.031894e-12,3.7425e-15,0.000213132039158979,0.0002131320402196385,2.096296e-12,1.0356365e-12,1.0606595e-12,0.0,True,0.49403161576418597,opposite_sign,opposite_sign,-2.3788654300975144e-14,7.28925798007277e-15
n21_vd_1_vg_2p25,n21_vd_1,n21,1.0,2.25,-0.000223876788360104,-0.000223876788389329,0.00022387678670608,0.000223876788375418,-8.27012e-13,-6.9555e-15,0.000223876787533092,0.0002238767883823735,1.669338e-12,8.200565e-13,8.492815e-13,0.0,True,0.4912465300616172,opposite_sign,opposite_sign,-1.7692692502864514e-14,-1.3911295470921223e-14,-1.83469229919841e-23,-1.83476829417188e-23,3.84774785660265e-20,3.84774785659919e-20,1.9229565821517258e-20,1.922956544152509e-20,1.9247912744509243e-20,1.924791312446681e-20,-3.46e-32,-3.7999216735e-28,3.7995756735e-28,0.0,True,0.5000227646635167,opposite_sign,opposite_sign,-1.9566155866439594e-16,-1.9566910883759896e-16,-0.000223876788360104,-0.000223876788389329,0.00022387678670608,0.000223876788375418,-8.27012e-13,-6.9555e-15,0.000223876787533092,0.0002238767883823735,1.669338e-12,8.200565e-13,8.492815e-13,0.0,True,0.4912465300616172,opposite_sign,opposite_sign,-1.788839252066453e-14,-1.4107003038889706e-14
n21_vd_1_vg_2p3,n21_vd_1,n21,1.0,2.3000000000000003,-0.000234669930442238,-0.000234669930465041,0.000234669929122583,0.000234669930456574,-6.598275e-13,-4.2335e-15,0.0002346699297824105,0.0002346699304608075,1.333991e-12,6.55594e-13,6.78397e-13,0.0,True,0.49145309076298116,opposite_sign,opposite_sign,-1.2922569468286786e-14,-8.467300273022714e-15,-1.92406516958604e-23,-1.92411897724069e-23,3.84950416280114e-20,3.84950416279948e-20,1.923790048815777e-20,1.9237900219111195e-20,1.925714113985363e-20,1.9257141408883604e-20,-1.66e-32,-2.6904657325e-28,2.6902997325e-28,0.0,True,0.500015425314584,opposite_sign,opposite_sign,-1.9593541222563168e-16,-1.9591223342097877e-16,-0.000234669930442238,-0.000234669930465041,0.000234669929122583,0.000234669930456575,-6.598275e-13,-4.233e-15,0.0002346699297824105,0.000234669930460808,1.333992e-12,6.555945e-13,6.783975e-13,0.0,True,0.491453097169998,opposite_sign,opposite_sign,-1.3118543356316773e-14,-8.662248095234583e-15
n21_vd_1_vg_2p35,n21_vd_1,n21,1.0,2.35,-0.000245506188801169,-0.000245506188816011,0.000245506187754788,0.000245506188832444,-5.231905e-13,8.2165e-15,0.0002455061882779785,0.0002455061888242275,1.077656e-12,5.31407e-13,5.46249e-13,0.0,True,0.4931137580081213,opposite_sign,opposite_sign,-8.940303741385905e-15,1.6432675809107087e-14,-2.01389483833653e-23,-2.01389995091337e-23,3.85126850715259e-20,3.85126850715557e-20,1.9246273061571267e-20,1.9246273036023283e-20,1.9266412009954632e-20,1.9266412035532417e-20,2.98e-32,-2.55479842e-29,2.55777842e-29,0.0,True,0.4997085618374785,opposite_sign,opposite_sign,-1.9620296619585187e-16,-1.9622228107991096e-16,-0.000245506188801169,-0.000245506188816011,0.000245506187754788,0.000245506188832444,-5.231905e-13,8.2165e-15,0.0002455061882779785,0.0002455061888242275,1.077656e-12,5.31407e-13,5.46249e-13,0.0,True,0.4931137580081213,opposite_sign,opposite_sign,-9.136545200125893e-15,1.6236415035481102e-14
n21_vd_1_vg_2p4,n21_vd_1,n21,1.0,2.4000000000000004,-0.000256380644979136,-0.000256380645007997,0.000256380644139208,0.000256380645010091,-4.19964e-13,1.047e-15,0.000256380644559172,0.000256380645009044,8.70883e-13,4.21011e-13,4.49872e-13,0.0,True,0.4834300359520165,opposite_sign,opposite_sign,-4.999042800351958e-15,2.093667654786496e-15,-2.10411964465889e-23,-2.10407041189561e-23,3.85304029128478e-20,3.85304029129007e-20,1.9254680858200606e-20,1.925468110439087e-20,1.9275722054647195e-20,1.9275721808509828e-20,5.29e-32,2.461902664e-28,-2.461373664e-28,0.0,True,0.5000537243864407,opposite_sign,opposite_sign,-1.9646400672477062e-16,-1.9648163174291122e-16,-0.000256380644979136,-0.000256380645007997,0.000256380644139208,0.000256380645010091,-4.19964e-13,1.047e-15,0.000256380644559172,0.000256380645009044,8.70883e-13,4.21011e-13,4.49872e-13,0.0,True,0.4834300359520165,opposite_sign,opposite_sign,-5.195545316438924e-15,1.897147513681376e-15
n21_vd_1_vg_2p45,n21_vd_1,n21,1.0,2.45,-0.000267288652567207,-0.000267288652590181,0.000267288651898227,0.000267288652571493,-3.3449e-13,-9.344e-15,0.000267288652232717,0.000267288652580837,6.73266e-13,3.25146e-13,3.4812e-13,0.0,True,0.48293839284918594,opposite_sign,opposite_sign,-2.5349750257412856e-15,-1.8688320325345463e-14,-2.19455870196333e-23,-2.19459176449011e-23,3.85481871607762e-20,3.8548187160774e-20,1.9263120786878283e-20,1.926312062156455e-20,1.9285066373897918e-20,1.928506653920945e-20,-2.2e-33,-1.653137339e-28,1.653115339e-28,0.0,True,0.5000033270294412,opposite_sign,opposite_sign,-1.9671834404854426e-16,-1.967003386580849e-16,-0.000267288652567207,-0.000267288652590181,0.000267288651898227,0.000267288652571493,-3.3449e-13,-9.344e-15,0.000267288652232717,0.000267288652580837,6.73266e-13,3.25146e-13,3.4812e-13,0.0,True,0.48293839284918594,opposite_sign,opposite_sign,-2.731731896031208e-15,-1.8885059190244793e-14
n21_vd_1_vg_2p5,n21_vd_1,n21,1.0,2.5,-0.000278225802482148,-0.000278225802490934,0.00027822580194864,0.000278225802465341,-2.66754e-13,-1.27965e-14,0.000278225802215394,0.0002782258024781375,5.16701e-13,2.539575e-13,2.627435e-13,0.0,True,0.49149798432749303,opposite_sign,opposite_sign,-7.919260624648678e-16,-2.5593333644721093e-14,-2.28537905209098e-23,-2.28542719124086e-23,3.85660302278799e-20,3.85660302278339e-20,1.9271588218679496e-20,1.9271587977960745e-20,1.9294442009200405e-20,1.9294442249873154e-20,-4.6e-32,-2.407187494e-28,2.406727494e-28,0.0,True,0.5000477781598913,opposite_sign,opposite_sign,-1.9696582188331463e-16,-1.9699646153804208e-16,-0.000278225802482148,-0.000278225802490934,0.00027822580194864,0.000278225802465341,-2.66754e-13,-1.27965e-14,0.000278225802215394,0.0002782258024781375,5.16701e-13,2.539575e-13,2.627435e-13,0.0,True,0.49149798432749303,opposite_sign,opposite_sign,-9.889304275248535e-16,-2.5790368649435092e-14
n22_vd_0p05_vg_0,n22_vd_0p05,n22,0.05,0.0,-6.88554059651079e-17,1.00366608020544e-14,9.76120850336584e-17,1.00369023943774e-14,1.437833953427525e-17,1.00367815982159e-14,8.323374549938315e-17,1.207961615e-19,9.939290309343742e-15,1.0022403258681625e-14,-8.311294933788315e-17,0.0,True,0.9917754870085779,opposite_sign,same_sign,2.857182766100216e-17,2.0073328132728848e-14,5.21487392272465e-27,-3.18500255660468e-33,3.25734211845127e-20,3.25734198435732e-20,1.6286713199693312e-20,1.6286709921785006e-20,1.628670798481939e-20,1.6286709921788193e-20,-1.3409395e-27,-3.277908303863603e-27,1.9369688038636033e-27,0.0,True,0.628568657736253,same_sign,opposite_sign,-2.8571827661002115e-17,-2.859002437442133e-17,-6.8855405959893e-17,1.00366608020544e-14,9.76446584548429e-17,1.00369349677973e-14,1.439462624747495e-17,1.003679788492585e-14,8.325003220736795e-17,1.3708287145e-19,9.939290309342457e-15,1.0022403258678375e-14,-8.311294933591795e-17,0.0,True,0.9917754870087682,opposite_sign,same_sign,6.162975822039155e-33,2.0044738108354486e-14
n22_vd_0p05_vg_0p05,n22_vd_0p05,n22,0.05,0.05,-2.18775847606026e-16,1.00365029110086e-14,2.25304510244872e-16,1.0037062187725e-14,3.264331319423e-18,1.00367825493668e-14,2.22040178925449e-16,2.796383582e-19,9.811757677480128e-15,1.0033518218047377e-14,-2.21760540567249e-16,0.0,True,0.9783759617084063,opposite_sign,same_sign,2.8747936568487e-17,2.0073330029824947e-14,3.44250587769731e-26,8.31506865347439e-32,3.25730454723608e-20,3.25730315886228e-20,1.628653994870979e-20,1.6286515794352976e-20,1.6286505523651012e-20,1.6286515794269824e-20,-1.3883738e-26,-2.4154356813143282e-26,1.0270618813143283e-26,0.0,True,0.7016521108209371,same_sign,same_sign,-2.8747936568487085e-17,-2.879677780181859e-17,-2.18775847571601e-16,1.00365029110086e-14,2.25337083290344e-16,1.00370947607565e-14,3.2806178593715e-18,1.003679883588255e-14,2.220564654309725e-16,2.9592487395e-19,9.811757677466155e-15,1.0033518218023178e-14,-2.217605405570225e-16,0.0,True,0.978375961709331,opposite_sign,same_sign,-4.391120273202898e-31,2.004453325202304e-14
n22_vd_0p05_vg_0p1,n22_vd_0p05,n22,0.05,0.1,-6.33156887725424e-16,1.00359055882571e-14,6.56154492997837e-16,1.98356363472722e-14,1.14988026362065e-17,1.493577096776465e-14,6.446556903616305e-16,4.89986537950755e-15,1.9179481854274364e-14,1.4924272165128443e-14,4.255209689145919e-15,0.0,True,0.77813740113122,opposite_sign,same_sign,2.8865591918194245e-17,2.98713068607345e-14,-1.49772803991349e-28,3.72921170140247e-33,3.25726550297951e-20,3.25726520247584e-20,1.6286327440011147e-20,1.6286326012381065e-20,1.6286327589783953e-20,1.6286326012377337e-20,-3.0050367e-27,-1.4276300833984747e-27,-1.5774066166015253e-27,0.0,True,0.47507908419170874,opposite_sign,same_sign,-2.886559191819448e-17,-2.885011556234363e-17,-6.33156887725574e-16,1.00359055882571e-14,6.56187065652866e-16,1.98356689199243e-14,1.1515088963646e-17,1.49357872540907e-14,6.4467197668922e-16,4.8998816658336e-15,1.9179481854271433e-14,1.4924272165127055e-14,4.25520968914438e-15,0.0,True,0.7781374011312663,opposite_sign,same_sign,-1.3003878984502616e-30,2.9842456745172225e-14
n22_vd_0p05_vg_0p15,n22_vd_0p05,n22,0.05,0.15000000000000002,-2.00986545988021e-15,-1.21599496187701e-14,2.03878745225212e-15,1.98375139191057e-14,1.4460996185955e-17,3.8387821501678e-15,2.024326456066165e-15,1.59987317689379e-14,1.779872646685358e-14,3.824321153981845e-15,1.3974405312871734e-14,0.0,True,0.2148648759282776,opposite_sign,opposite_sign,2.894653480059795e-17,7.677329218949647e-15,2.00216436903174e-27,-4.6185757680614e-32,3.25722857433058e-20,3.25722860377577e-20,1.6286143872735084e-20,1.6286143018855756e-20,1.6286141870570715e-20,1.6286143018901942e-20,2.944519e-28,-8.538793273947103e-28,1.1483312273947103e-27,0.0,True,0.4264682979280947,same_sign,opposite_sign,-2.894653480059703e-17,-2.894189767093389e-17,-2.00986545987821e-15,-1.21599496187701e-14,2.03882002453786e-15,1.98375464913917e-14,1.4477282329825e-17,3.8387984363108e-15,2.024342742208035e-15,1.59987480550809e-14,1.779872646685384e-14,3.824321153980975e-15,1.3974405312872866e-14,0.0,True,0.21486487592822556,opposite_sign,opposite_sign,-4.5236242533767396e-30,7.648387321278677e-15
n22_vd_0p05_vg_0p2,n22_vd_0p05,n22,0.05,0.2,-6.593344644473e-15,-1.21662158007552e-14,6.62252026691144e-15,2.03103504266525e-14,1.458781121922e-17,4.07206731294865e-15,6.60793245569222e-15,1.623828311370385e-14,1.368783015974106e-14,4.05747950172943e-15,9.63035065801163e-15,0.0,True,0.296429708315886,opposite_sign,opposite_sign,2.9039823125503503e-17,8.143899537174496e-15,-1.60869454318336e-27,-3.92825929577789e-32,3.25719398694733e-20,3.25719384613253e-20,1.628596913038938e-20,1.628596923064301e-20,1.6285970739083923e-20,1.6285969230682293e-20,-1.408148e-27,1.0025363029520112e-28,-1.5084016302952012e-27,0.0,True,0.062321389020545286,opposite_sign,opposite_sign,-2.903982312550392e-17,-2.9003652955159416e-17,-6.59334464447461e-15,-1.21662158007552e-14,6.62255283885131e-15,2.03103829985909e-14,1.460409718835e-17,4.07208359891785e-15,6.60794874166296e-15,1.623829939967305e-14,1.368783015973959e-14,4.0574795017295e-15,9.63035065801009e-15,0.0,True,0.29642970831592297,opposite_sign,opposite_sign,-1.0477058897466563e-30,8.114895884219276e-15
n22_vd_0p05_vg_0p25,n22_vd_0p05,n22,0.05,0.25,-2.21030092504585e-14,-2.15187778098211e-14,2.21320685149664e-14,3.01294827612793e-14,1.452963225395e-17,4.3053524757291e-15,2.211753888271245e-14,2.58241302855502e-14,7.9974142463129e-15,4.29082284347515e-15,3.70659140283775e-15,0.0,True,0.5365262710323373,opposite_sign,opposite_sign,2.918617109002323e-17,8.610469854598571e-15,4.10044670465052e-28,-3.06217029013502e-32,3.25716133038528e-20,3.25716132782191e-20,1.6285806856948736e-20,1.628580663909424e-20,1.6285806446904065e-20,1.628580663912486e-20,-2.56337e-29,-2.1785449608397666e-28,1.9222079608397668e-28,0.0,True,0.5312548701294362,same_sign,opposite_sign,-2.91861710900804e-17,-2.921904642373261e-17,-2.21030092504581e-14,-2.15187778098211e-14,2.21321010865798e-14,3.01295153328926e-14,1.454591806085e-17,4.30536876153575e-15,2.211755516851895e-14,2.582414657135685e-14,7.9974142463128e-15,4.2908228434749e-15,3.7065914028379e-15,0.0,True,0.5365262710323127,opposite_sign,opposite_sign,2.894749743611791e-29,8.581250808174863e-15
n22_vd_0p05_vg_0p3,n22_vd_0p05,n22,0.05,0.30000000000000004,-7.54556020323671e-14,-7.05815068349597e-14,7.54863883222065e-14,7.91922136887054e-14,1.53931449197e-17,4.30535342687285e-15,7.54709951772868e-14,7.488686026183255e-14,3.7058253664989e-15,4.28996028195315e-15,-5.8413491545425e-16,0.0,True,0.8801552099833915,opposite_sign,opposite_sign,2.9396828050638e-17,8.610471747880908e-15,-7.31482991891254e-28,-2.95094554421871e-32,3.25713141976968e-20,3.25713144473406e-20,1.6285656733106905e-20,1.6285657223655544e-20,1.6285657464589894e-20,1.6285657223685056e-20,2.496438e-28,4.905486412179059e-28,-2.409048412179059e-28,0.0,True,0.6706491294351773,opposite_sign,opposite_sign,-2.939682805070429e-17,-2.937897606416309e-17,-7.54556020323678e-14,-7.05815068349597e-14,7.54864208935207e-14,7.91922462600199e-14,1.540943057645e-17,4.3053697125301e-15,7.547101146294425e-14,7.48868765474898e-14,3.7058253664992e-15,4.28996028195365e-15,-5.8413491545445e-16,0.0,True,0.8801552099833676,opposite_sign,opposite_sign,-2.340698217210471e-29,8.581092771816804e-15
n22_vd_0p05_vg_0p35,n22_vd_0p05,n22,0.05,0.35000000000000003,-2.61589645167872e-13,-2.76661938890463e-13,2.61619593842568e-13,2.70804005169322e-13,1.4974337348e-17,-2.9289668605705e-15,2.6160461950522e-13,2.737329720298925e-13,9.184411326754e-15,-2.9439411979185e-15,1.21283525246725e-14,0.0,True,0.19532137922086765,opposite_sign,opposite_sign,2.962820733641737e-17,-5.8581688369604855e-15,-7.1387461873566e-27,-9.24173724268045e-32,3.2571040459581e-20,3.25710409532773e-20,1.6285516660417405e-20,1.6285520476592442e-20,1.6285523799163593e-20,1.628552047668486e-20,4.936963e-28,3.8161750349920866e-27,-3.322478734992087e-27,0.0,True,0.5345790898331447,opposite_sign,opposite_sign,-2.9628207335781965e-17,-2.9604422608716017e-17,-2.61589645167879e-13,-2.76661938890463e-13,2.61619626413608e-13,2.70804037740363e-13,1.49906228645e-17,-2.92895057505e-15,2.616046357907435e-13,2.73732988315413e-13,9.184411326755e-15,-2.9439411979145e-15,1.21283525246695e-14,0.0,True,0.19532137922069298,opposite_sign,opposite_sign,2.6681987523936316e-28,-5.8877732595691755e-15
n22_vd_0p05_vg_0p4,n22_vd_0p05,n22,0.05,0.4,-9.18875030932738e-13,-9.33834523895215e-13,9.18905625003961e-13,9.2728768129624e-13,1.52970356115e-17,-3.2734212994875e-15,9.188903279683495e-13,9.305611025957276e-13,8.382056292279e-15,-3.288718335099e-15,1.1670774627378e-14,0.0,True,0.21984156437307834,opposite_sign,opposite_sign,2.978833036687067e-17,-6.5470777258107095e-15,-2.41952356223399e-27,-1.54222549831649e-31,3.25707958063736e-20,3.25707956604112e-20,1.6285396693425017e-20,1.6285397830128488e-20,1.628539911294858e-20,1.628539783028271e-20,-1.459624e-28,1.1367034698420793e-27,-1.2826658698420792e-27,0.0,True,0.4698346181366722,opposite_sign,opposite_sign,-2.978833036585945e-17,-2.9768175261789744e-17,-9.18875030932741e-13,-9.33834523895215e-13,9.18905657574756e-13,9.27287713867036e-13,1.53133210075e-17,-3.2734050140895e-15,9.188903442537485e-13,9.305611188811256e-13,8.38205629228e-15,-3.288718335097e-15,1.1670774627377e-14,0.0,True,0.21984156437298874,opposite_sign,opposite_sign,-3.9823300869270406e-28,-6.576845901072143e-15
n22_vd_0p05_vg_0p45,n22_vd_0p05,n22,0.05,0.45,-3.26438048280699e-12,-3.25498543464283e-12,3.26440982573731e-12,3.27085526203358e-12,1.467146516e-17,7.934913695375e-15,3.26439515427215e-12,3.262920348338205e-12,6.44543629627e-15,7.920242230215e-15,-1.474805933945e-15,0.0,True,0.8430230576601987,opposite_sign,opposite_sign,2.983164114053759e-17,1.586959225166831e-14,-3.40415205359555e-27,-3.07632638577425e-31,3.25705840449703e-20,3.25705840303392e-20,1.6285290320409122e-20,1.6285292015015784e-20,1.6285293724561176e-20,1.6285292015323418e-20,-1.46311e-29,1.6946066604784862e-27,-1.7092377604784864e-27,0.0,True,0.49785079777590324,opposite_sign,opposite_sign,-2.983164114131338e-17,-2.981727925434547e-17,-3.264380482807e-12,-3.25498543464283e-12,3.2644098583079e-12,3.27085529460417e-12,1.468775045e-17,7.93492998067e-15,3.26439517055745e-12,3.2629203646235e-12,6.44543629627e-15,7.92024223022e-15,-1.47480593395e-15,0.0,True,0.8430230576598337,opposite_sign,opposite_sign,-1.0812386411943713e-27,1.5839774972419963e-14
n22_vd_0p05_vg_0p5,n22_vd_0p05,n22,0.05,0.5,-1.17096389143964e-11,-1.17094032222482e-11,1.17096690148167e-11,1.17175488365295e-11,1.505021015e-17,4.07280714065e-15,1.170965396460655e-11,1.171347602938885e-11,7.8798217128e-15,4.0577569305e-15,3.8220647823e-15,0.0,True,0.5149554239163268,opposite_sign,opposite_sign,2.982453197984363e-17,8.145379128464532e-15,7.37885304681317e-27,-1.04206403764744e-30,3.25704118578765e-20,3.25704117315615e-20,1.6285209618364775e-20,1.6285205865259718e-20,1.6285202239511727e-20,1.6285205866301782e-20,-1.26315e-28,-3.7531050554254084e-27,3.626790055425409e-27,0.0,True,0.5085580484615747,same_sign,opposite_sign,-2.982453197143707e-17,-2.978927924213078e-17,-1.17096389143964e-11,-1.17094032222482e-11,1.17096690473871e-11,1.17175488690999e-11,1.506649535e-17,4.07282342585e-15,1.170965398089175e-11,1.171347604567405e-11,7.8798217128e-15,4.0577569305e-15,3.8220647823e-15,0.0,True,0.5149554239163268,opposite_sign,opposite_sign,-1.1036558494494566e-26,8.115589849210465e-15
n22_vd_0p05_vg_0p55,n22_vd_0p05,n22,0.05,0.55,-4.23437625925109e-11,-4.23512594290112e-11,4.23437937891225e-11,4.23457747854784e-11,1.55983058e-17,-2.7423217664e-15,4.23437781908167e-11,4.23485171072448e-11,1.9809963559e-15,-2.7579200722e-15,4.7389164281e-15,0.0,True,0.367877847154548,opposite_sign,opposite_sign,2.984572442359971e-17,-5.484878701381697e-15,6.45763055420968e-27,-3.63738075504028e-30,3.25702132403123e-20,3.25702121569343e-20,1.6285109848971427e-20,1.628510607664846e-20,1.6285103391340872e-20,1.628510608028584e-20,-1.083378e-27,-3.7723229674823604e-27,2.6889449674823603e-27,0.0,True,0.5838363314216837,same_sign,opposite_sign,-2.984572437075876e-17,-2.98168431112733e-17,-4.23437625925109e-11,-4.23512594290112e-11,4.23437938216927e-11,4.23457748180486e-11,1.56145909e-17,-2.7423054813e-15,4.23437782071018e-11,4.23485171235299e-11,1.9809963559e-15,-2.7579200722e-15,4.7389164281e-15,0.0,True,0.367877847154548,opposite_sign,opposite_sign,3.09882066422148e-26,-5.514695544500816e-15
n22_vd_0p05_vg_0p6,n22_vd_0p05,n22,0.05,0.6000000000000001,-1.54085185250312e-10,-1.54084691938835e-10,1.54085217093081e-10,1.54093690535628e-10,1.59213845e-17,4.4992983965e-15,1.540852011716965e-10,1.540891912372315e-10,8.473442547e-15,4.483377012e-15,3.990065535e-15,0.0,True,0.5291092713654296,opposite_sign,opposite_sign,2.9878401414602764e-17,8.998361605824682e-15,2.51210102582026e-28,-1.30067184276085e-29,3.25699870855508e-20,3.25699865610264e-20,1.628499366838045e-20,1.628499327400984e-20,1.628499341717035e-20,1.628499328701656e-20,-5.245244e-28,-3.9437061050481726e-28,-1.3015378949518274e-28,0.0,True,0.7518632317291956,same_sign,opposite_sign,-2.9878401437577943e-17,-2.991222251219858e-17,-1.54085185250312e-10,-1.54084691938835e-10,1.54085217125651e-10,1.54093690568198e-10,1.59376695e-17,4.4993146815e-15,1.540852011879815e-10,1.540891912535165e-10,8.473442547e-15,4.483377012e-15,3.990065535e-15,0.0,True,0.5291092713654296,opposite_sign,opposite_sign,-3.218664043164107e-26,8.96844938332991e-15
n22_vd_0p05_vg_0p65,n22_vd_0p05,n22,0.05,0.65,-5.62955507721473e-10,-5.62966371975606e-10,5.62955545462759e-10,5.62967097676925e-10,1.8870643e-17,3.628506595e-16,5.62955526592116e-10,5.629667348262655e-10,1.1552214166e-14,3.439800165e-16,1.12082341495e-14,0.0,True,0.029776111449906092,opposite_sign,opposite_sign,2.987291997070794e-17,7.254661088329317e-16,-5.56992387769047e-27,-4.73565462620616e-29,3.25697738017912e-20,3.25697721834714e-20,1.628488411593366e-20,1.6284886068057426e-20,1.6284889685857538e-20,1.6284886115413973e-20,-1.6183198e-27,1.9521237657142043e-27,-3.570443565714204e-27,0.0,True,0.35348120693881857,opposite_sign,opposite_sign,-2.9872919711777235e-17,-2.991271663886369e-17,-5.62955507721473e-10,-5.62966371975606e-10,5.62955545495329e-10,5.62967097709495e-10,1.8886928e-17,3.628669445e-16,5.62955526608401e-10,5.629667348425505e-10,1.1552214166e-14,3.439800165e-16,1.12082341495e-14,0.0,True,0.029776111449906092,opposite_sign,opposite_sign,5.205229719401398e-25,6.95553392451756e-16
n22_vd_0p05_vg_0p7,n22_vd_0p05,n22,0.05,0.7000000000000001,-2.05841980351914e-09,-2.05840544439769e-09,2.05841979929525e-09,2.05842426210166e-09,-2.111945e-18,9.408851985e-15,2.058419801407195e-09,2.058414853249675e-09,4.46280641e-15,9.41096393e-15,-4.94815752e-15,0.0,True,0.6553997027443486,opposite_sign,opposite_sign,2.978868218665969e-17,1.881746872981331e-14,4.83494829431962e-27,-1.72872541765867e-28,3.25695725896335e-20,3.25695731636184e-20,1.6284788712290898e-20,1.628478649537293e-20,1.6284783877342603e-20,1.628478666824547e-20,5.739849e-28,-2.2169179680427436e-27,2.7909028680427436e-27,0.0,True,0.4426911506234444,same_sign,opposite_sign,-2.9788685126641014e-17,-2.975421113856035e-17,-2.05841980351914e-09,-2.05840544439769e-09,2.05841979932782e-09,2.05842426213423e-09,-2.09566e-18,9.40886827e-15,2.05841980142348e-09,2.05841485326596e-09,4.46280641e-15,9.41096393e-15,-4.94815752e-15,0.0,True,0.6553997027443486,opposite_sign,opposite_sign,-2.280786688175172e-24,1.878771451933838e-14
n22_vd_0p05_vg_0p75,n22_vd_0p05,n22,0.05,0.75,-7.49272001660125e-09,-7.49272820428409e-09,7.49272254853748e-09,7.49272228282865e-09,1.265968115e-15,-2.96072772e-15,7.492721282569366e-09,7.49272524355637e-09,-2.6570883e-16,-4.226695835e-15,3.960987005e-15,0.0,True,0.5162261310795961,opposite_sign,opposite_sign,2.964353917730128e-17,-5.921690721851881e-15,1.20222738929765e-27,-6.29355211265022e-28,3.25693784742798e-20,3.2569379216155e-20,1.6284689838253595e-20,1.6284689293399895e-20,1.6284688636026205e-20,1.6284689922755104e-20,7.418752e-28,-5.44853700281336e-28,1.286728900281336e-27,0.0,True,0.29747700164543717,same_sign,opposite_sign,-2.9643562500916495e-17,-2.96411280373314e-17,-7.49272001660125e-09,-7.49272820428409e-09,7.49272254857005e-09,7.49272228286122e-09,1.2659844e-15,-2.960711435e-15,7.49272128258565e-09,7.492725243572655e-09,-2.6570883e-16,-4.226695835e-15,3.960987005e-15,0.0,True,0.5162261310795961,opposite_sign,opposite_sign,-2.3293850051965154e-23,-5.95133184985836e-15
n22_vd_0p05_vg_0p8,n22_vd_0p05,n22,0.05,0.8,-2.68707207095873e-08,-2.68707256590098e-08,2.68707207030457e-08,2.68707159308586e-08,-3.2708e-18,-4.8640756e-15,2.68707207063165e-08,2.68707207949342e-08,-4.7721871e-15,-4.8608048e-15,8.86177e-17,0.0,True,0.9820953454670722,opposite_sign,opposite_sign,2.955321774059629e-17,-9.72838654924554e-15,-1.17235601932919e-28,-2.25742408542589e-27,3.25692286033189e-20,3.25692307224745e-20,1.628461424304165e-20,1.6284614232525206e-20,1.6284614360277252e-20,1.628461648994929e-20,2.1191556e-27,-1.05164417464855e-29,2.1296720417464856e-27,0.0,True,0.004913792326048669,opposite_sign,opposite_sign,-2.955321116315802e-17,-2.9593130852797146e-17,-2.68707207095873e-08,-2.68707256590098e-08,2.68707207030782e-08,2.68707159308911e-08,-3.25455e-18,-4.86405935e-15,2.687072070633275e-08,2.687072079495045e-08,-4.7721871e-15,-4.8608048e-15,8.86177e-17,0.0,True,0.9820953454670722,opposite_sign,opposite_sign,-6.437914188564452e-23,-9.757979751054895e-15
n22_vd_0p05_vg_0p85,n22_vd_0p05,n22,0.05,0.8500000000000001,-9.28364292747395e-08,-9.28364143240616e-08,9.28364269136017e-08,9.28364340163225e-08,-1.1805689e-15,9.84613045e-15,9.28364280941706e-08,9.283642417019205e-08,7.1027208e-15,1.102669935e-14,-3.92397855e-15,0.0,True,0.7375384195789543,opposite_sign,opposite_sign,2.9604867371451407e-17,1.9692025417698505e-14,1.34372921066341e-26,-7.80104075318319e-27,3.2569172510267e-20,3.25691726774758e-20,1.6284592973779554e-20,1.6284582438217522e-20,1.6284579536487447e-20,1.6284590239258278e-20,1.672088e-28,-1.0535562029908645e-26,1.0702770829908644e-26,0.0,True,0.49606351399839965,same_sign,opposite_sign,-2.960497739095264e-17,-2.9592951494720266e-17,-9.28364292747395e-08,-9.28364143240616e-08,9.28364269136343e-08,9.2836434016355e-08,-1.1805526e-15,9.8461467e-15,9.28364280941869e-08,9.28364241702083e-08,7.1027207e-15,1.10266993e-14,-3.9239786e-15,0.0,True,0.7375384162346243,opposite_sign,opposite_sign,-8.167186918963323e-23,1.966243240192826e-14
n22_vd_0p05_vg_0p9,n22_vd_0p05,n22,0.05,0.9,-2.95190339799881e-07,-2.95190330136871e-07,2.95190338825179e-07,2.95190335275183e-07,-4.87351e-16,2.569156e-15,2.9519033931253e-07,2.95190332706027e-07,-3.549996e-15,3.056507e-15,-6.606503e-15,0.0,True,0.31631003176029,opposite_sign,opposite_sign,2.9777536349635215e-17,5.138076272287802e-15,6.06166850255882e-26,-2.4810537000633e-26,3.2569315686177e-20,3.25693167954481e-20,1.6284688151431013e-20,1.628464599245555e-20,1.6284627534745987e-20,1.628467080299255e-20,1.1092711e-27,-4.21589754631106e-26,4.32682465631106e-26,0.0,True,0.49350750806540616,same_sign,opposite_sign,-2.977748820061534e-17,-2.973921605859669e-17,-2.95190339799881e-07,-2.95190330136871e-07,2.95190338825212e-07,2.95190335275215e-07,-4.873345e-16,2.569172e-15,2.951903393125465e-07,2.95190332706043e-07,-3.549997e-15,3.0565065e-15,-6.6065035e-15,0.0,True,0.3163099800165787,opposite_sign,opposite_sign,4.601180998888712e-22,5.1083365153705385e-15
n22_vd_0p05_vg_0p95,n22_vd_0p05,n22,0.05,0.9500000000000001,-8.052879734963e-07,-8.05287978081588e-07,8.05287972141261e-07,8.0528796504277e-07,-6.775195e-16,-6.519409e-15,8.052879728187805e-07,8.05287971562179e-07,-7.098491e-15,-5.8418895e-15,-1.2566015e-15,0.0,True,0.8229762494592161,opposite_sign,opposite_sign,2.9991949588724373e-17,-1.3039054050951537e-14,1.15244801396232e-25,-6.76981967724547e-26,3.2569898529596e-20,3.25698915932208e-20,1.6285006887198697e-20,1.6284911947512013e-20,1.62848916423973e-20,1.6284979645708787e-20,-6.9363752e-27,-9.493968668434335e-26,8.800331148434335e-26,0.0,True,0.5189577498713674,same_sign,opposite_sign,-2.9992612871895907e-17,-2.999907311723358e-17,-8.052879734963e-07,-8.05287978081588e-07,8.05287972141294e-07,8.05287965042803e-07,-6.77503e-16,-6.5193925e-15,8.05287972818797e-07,8.052879715621955e-07,-7.098491e-15,-5.8418895e-15,-1.2566015e-15,0.0,True,0.8229762494592161,opposite_sign,opposite_sign,-1.9901200275894605e-22,-1.3069052659607723e-14
n22_vd_0p05_vg_1,n22_vd_0p05,n22,0.05,1.0,-1.78144184117543e-06,-1.78144183948164e-06,1.78144184112096e-06,1.78144184292228e-06,-2.7235e-17,1.72032e-15,1.781441841148195e-06,1.78144184120196e-06,1.80132e-15,1.747555e-15,5.3765e-17,0.0,True,0.9701524437634624,opposite_sign,opposite_sign,3.016659117784912e-17,3.440403458873843e-15,-9.54897852490079e-26,-1.4978992901961e-25,3.25711196832028e-20,3.2571105123766e-20,1.6285512096708775e-20,1.628547766691849e-20,1.6285607586494024e-20,1.628562745684751e-20,-1.45594368e-26,-3.442979028530105e-26,1.987035348530105e-26,0.0,True,0.6340644406164762,opposite_sign,opposite_sign,-3.017200900687478e-17,-3.0144485057198765e-17,-1.78144184117543e-06,-1.78144183948164e-06,1.78144184112099e-06,1.78144184292231e-06,-2.722e-17,1.720335e-15,1.78144184114821e-06,1.781441841201975e-06,1.80132e-15,1.747555e-15,5.3765e-17,0.0,True,0.9701524437634624,opposite_sign,opposite_sign,-7.919183591650607e-21,3.410256472530938e-15
n22_vd_0p05_vg_1p05,n22_vd_0p05,n22,0.05,1.05,-3.20811631780872e-06,-3.20811631686828e-06,3.20811631805742e-06,3.20811632447655e-06,1.2435e-16,3.804135e-15,3.20811631793307e-06,3.208116320672415e-06,6.41913e-15,3.679785e-15,2.739345e-15,0.0,True,0.5732529174514304,opposite_sign,opposite_sign,3.0287364102535876e-17,7.608032737721059e-15,-3.22729605758977e-25,-2.69799307895784e-25,3.25729331064592e-20,3.25729356559106e-20,1.6286305188426722e-20,1.6286332928301353e-20,1.6286627918032478e-20,1.6286602727609247e-20,2.5494514e-27,2.77398746315965e-26,-2.51904232315965e-26,0.0,True,0.5240831008224199,opposite_sign,opposite_sign,-3.0283724349893944e-17,-3.0346268940075397e-17,-3.20811631780872e-06,-3.20811631686828e-06,3.20811631805745e-06,3.20811632447658e-06,1.24365e-16,3.80415e-15,3.208116317933085e-06,3.20811632067243e-06,6.41913e-15,3.679785e-15,2.739345e-15,0.0,True,0.5732529174514304,opposite_sign,opposite_sign,1.1368118924020121e-21,7.577683965784753e-15
n22_vd_0p05_vg_1p1,n22_vd_0p05,n22,0.05,1.1,-4.93674230772912e-06,-4.93674232259174e-06,4.9367423077631e-06,4.93674232294327e-06,1.699e-17,1.75765e-16,4.93674230774611e-06,4.936742322767505e-06,1.518017e-14,1.58775e-16,1.5021395e-14,0.0,True,0.010459369032099115,opposite_sign,opposite_sign,3.0342467289675776e-17,3.5129228314083946e-16,-4.34505201277717e-25,-4.15252962968262e-25,3.25751750522355e-20,3.25751821307266e-20,1.6287370273517112e-20,1.6287383438881817e-20,1.628780477871839e-20,1.6287798691844783e-20,7.0784911e-27,1.31653647047275e-26,-6.0868736047275e-27,0.0,True,0.6838355360613749,opposite_sign,opposite_sign,-3.0340417315689363e-17,-3.0351902536796434e-17,-4.93674230772912e-06,-4.93674232259174e-06,4.93674230776313e-06,4.9367423229433e-06,1.7005e-17,1.7578e-16,4.936742307746125e-06,4.93674232276752e-06,1.518017e-14,1.58775e-16,1.5021395e-14,0.0,True,0.010459369032099115,opposite_sign,opposite_sign,-8.7861340673332e-22,3.2093745199031925e-16
n22_vd_0p05_vg_1p15,n22_vd_0p05,n22,0.05,1.1500000000000001,-6.82721178138392e-06,-6.82721178234246e-06,6.82721178141259e-06,6.82721177733469e-06,1.4335e-17,-2.503885e-15,6.827211781398255e-06,6.827211779838575e-06,-4.0779e-15,-2.51822e-15,-1.55968e-15,0.0,True,0.6175286299320729,opposite_sign,opposite_sign,3.0365420762707343e-17,-5.008007485954787e-15,-5.70338538138662e-25,-5.74384373814124e-25,3.25776450288149e-20,3.25776460331687e-20,1.628853734513838e-20,1.6288535824397443e-20,1.6289107683676518e-20,1.6289110208771258e-20,1.0043538e-27,-1.520740937731e-27,2.525094737731e-27,0.0,True,0.3758780780332469,opposite_sign,opposite_sign,-3.036474569442062e-17,-3.0363877417164206e-17,-6.82721178138392e-06,-6.82721178234246e-06,6.82721178141262e-06,6.82721177733472e-06,1.435e-17,-2.50387e-15,6.82721178139827e-06,6.82721177983859e-06,-4.0779e-15,-2.51822e-15,-1.55968e-15,0.0,True,0.6175286299320729,opposite_sign,opposite_sign,-1.4088203023399869e-21,-5.038374294290446e-15
n22_vd_0p05_vg_1p2,n22_vd_0p05,n22,0.05,1.2000000000000002,-8.79241588947911e-06,-8.79241590510596e-06,8.79241588949406e-06,8.79241590100065e-06,7.475e-18,-2.052655e-15,8.792415889486584e-06,8.792415903053304e-06,1.150659e-14,-2.06013e-15,1.356672e-14,0.0,True,0.13183271100701677,opposite_sign,opposite_sign,3.03674504540751e-17,-4.105547533721931e-15,-7.42369009556948e-25,-7.39858836472983e-25,3.25801987215242e-20,3.25801999090811e-20,1.628972817625732e-20,1.6289730025122313e-20,1.629047054526688e-20,1.6290469883958786e-20,1.1875569e-27,1.8488649919825e-27,-6.613080919825e-28,0.0,True,0.7365488076471938,opposite_sign,opposite_sign,-3.037241552714059e-17,-3.0377179529231055e-17,-8.79241588947911e-06,-8.79241590510596e-06,8.79241588949409e-06,8.79241590100068e-06,7.49e-18,-2.05264e-15,8.7924158894866e-06,8.79241590305332e-06,1.150659e-14,-2.06013e-15,1.356672e-14,0.0,True,0.13183271100701677,opposite_sign,opposite_sign,-7.051343316843296e-21,-4.1359284935910065e-15
n22_vd_0p05_vg_1p25,n22_vd_0p05,n22,0.05,1.25,-1.07840596229045e-05,-1.07840596272102e-05,1.07840596229271e-05,1.07840596286454e-05,1.13e-17,7.176e-16,1.07840596229158e-05,1.07840596279278e-05,5.7183e-15,7.063e-16,5.012e-15,0.0,True,0.12351573019953482,opposite_sign,opposite_sign,3.0457910101495756e-17,1.4349624829751044e-15,-9.06702200472998e-25,-9.07608147325421e-25,3.25827944545042e-20,3.25827961918899e-20,1.6290943876151865e-20,1.6290944291871288e-20,1.6291850578352337e-20,1.6291851900018614e-20,1.7373857e-27,4.157194237885e-28,1.3216662762115e-27,0.0,True,0.23927871847253027,opposite_sign,opposite_sign,-3.03719725321654e-17,-3.038515430771256e-17,-1.07840596229045e-05,-1.07840596272102e-05,1.07840596229271e-05,1.07840596286455e-05,1.13e-17,7.1765e-16,1.07840596229158e-05,1.078405962792785e-05,5.7184e-15,7.0635e-16,5.01205e-15,0.0,True,0.12352231393396755,opposite_sign,opposite_sign,5.3355681578033516e-20,1.404644696666584e-15
n22_vd_0p05_vg_1p3,n22_vd_0p05,n22,0.05,1.3,-1.27754450233919e-05,-1.27754450113254e-05,1.27754450234433e-05,1.27754450233352e-05,2.57e-17,6.0049e-15,1.27754450234176e-05,1.27754450173303e-05,-1.081e-16,5.9792e-15,-6.0873e-15,0.0,True,0.4955206563626569,opposite_sign,opposite_sign,3.0367878683046054e-17,1.2009562126596437e-14,-1.07590333104013e-24,-1.0753802574259e-24,3.25853976125291e-20,3.25853979942291e-20,1.629216085459903e-20,1.6292161306985837e-20,1.629323675793007e-20,1.6293236687243263e-20,3.817e-28,4.52386807115e-28,-7.0686807115e-29,0.0,True,0.8648626021424235,opposite_sign,opposite_sign,-3.03677653160915e-17,-3.0383978055218226e-17,-1.27754450233919e-05,-1.27754450113254e-05,1.27754450234433e-05,1.27754450233353e-05,2.57e-17,6.00495e-15,1.27754450234176e-05,1.277544501733035e-05,-1.08e-16,5.97925e-15,-6.08725e-15,0.0,True,0.4955248000662993,opposite_sign,opposite_sign,-3.24709547546462e-20,1.197924551410638e-14
n22_vd_0p05_vg_1p35,n22_vd_0p05,n22,0.05,1.35,-1.47514234102318e-05,-1.47514234129908e-05,1.47514234102851e-05,1.47514234246305e-05,2.665e-17,5.81985e-15,1.475142341025845e-05,1.475142341881065e-05,1.43454e-14,5.7932e-15,8.5522e-15,0.0,True,0.40383676997504425,opposite_sign,opposite_sign,3.0299158491575895e-17,1.1639461037697221e-14,-1.24612023898513e-24,-1.24189533448875e-24,3.2587982595053e-20,3.25879845197325e-20,1.6293368237407008e-20,1.6293371312199005e-20,1.6294614357645992e-20,1.6294613207533496e-20,1.9246795e-27,3.07479199819e-27,-1.15011249819e-27,0.0,True,0.7277778706772083,opposite_sign,opposite_sign,-3.036198358659759e-17,-3.03709857550891e-17,-1.47514234102318e-05,-1.47514234129908e-05,1.47514234102852e-05,1.47514234246306e-05,2.67e-17,5.8199e-15,1.47514234102585e-05,1.47514234188107e-05,1.43454e-14,5.7932e-15,8.5522e-15,0.0,True,0.40383676997504425,opposite_sign,opposite_sign,4.538056279500366e-21,1.1609157415087284e-14
n22_vd_0p05_vg_1p4,n22_vd_0p05,n22,0.05,1.4000000000000001,-1.67032016515644e-05,-1.67032020743019e-05,1.67032015445536e-05,1.67032020851053e-05,-5.35054e-14,5.4017e-15,1.6703201598059e-05,1.67032020797036e-05,5.405517e-13,5.89071e-14,4.816446e-13,0.0,True,0.10897588519285019,opposite_sign,opposite_sign,3.031126322545509e-17,1.0803158112710322e-14,2.31408258378781e-24,-1.40640858390737e-24,3.25920882344008e-20,3.25905431745526e-20,1.6297201158492293e-20,1.6294568382984346e-20,1.6294887075908506e-20,1.6295974791568255e-20,-1.5450598482e-24,-2.63277550794759e-24,1.08771565974759e-24,0.0,True,0.7076419185745783,same_sign,opposite_sign,-3.035573087459982e-17,-3.0370983360947535e-17,-1.67032016515644e-05,-1.67032020743019e-05,1.67032015445537e-05,1.67032020851053e-05,-5.350535e-14,5.4017e-15,1.670320159805905e-05,1.67032020797036e-05,5.405516e-13,5.890705e-14,4.8164455e-13,0.0,True,0.108975812854869,opposite_sign,opposite_sign,2.1193770342681933e-20,1.0772754540212608e-14
n22_vd_0p05_vg_1p45,n22_vd_0p05,n22,0.05,1.4500000000000002,-1.8625640672825e-05,-1.86256410020182e-05,1.86256406060322e-05,1.86256410056505e-05,-3.33964e-14,1.81615e-15,1.86256406394286e-05,1.862564100383435e-05,3.996183e-13,3.521255e-14,3.6440575e-13,0.0,True,0.08811545917691957,opposite_sign,opposite_sign,3.041362834710662e-17,3.632061806480285e-15,2.78082713502722e-26,-1.56848275399739e-24,3.25936773958698e-20,3.25930664497146e-20,1.6296852602070574e-20,1.62957489834803e-20,1.6296824793799224e-20,1.62973174662343e-20,-6.109461552e-25,-1.103618590273831e-24,4.926724350738311e-25,0.0,True,0.6913642767824681,same_sign,opposite_sign,-3.0349559158841156e-17,-3.035452919573074e-17,-1.8625640672825e-05,-1.86256410020182e-05,1.86256406060322e-05,1.86256410056506e-05,-3.33964e-14,1.8162e-15,1.86256406394286e-05,1.86256410038344e-05,3.996184e-13,3.52126e-14,3.644058e-13,0.0,True,0.08811556224638305,opposite_sign,opposite_sign,3.147548299572167e-20,3.601772941608468e-15
n22_vd_0p05_vg_1p5,n22_vd_0p05,n22,0.05,1.5,-2.05157983251785e-05,-2.05157985786672e-05,2.05157982806149e-05,2.05157985655527e-05,-2.22818e-14,-6.55725e-15,2.05157983028967e-05,2.051579857210995e-05,2.849378e-13,1.572455e-14,2.6921325e-13,0.0,True,0.055185903730568565,opposite_sign,opposite_sign,3.040028654173773e-17,-1.3114738569723953e-14,-9.96840268453484e-25,-1.72786656099477e-24,3.25958145166838e-20,3.25955499093077e-20,1.6297408838207673e-20,1.6296911021373353e-20,1.6298405678476125e-20,1.6298638887934348e-20,-2.646073761e-25,-4.97816834320643e-25,2.33209458220643e-25,0.0,True,0.6809834877348517,opposite_sign,opposite_sign,-3.034373534070389e-17,-3.0349563699106757e-17,-2.05157983251785e-05,-2.05157985786672e-05,2.05157982806149e-05,2.05157985655527e-05,-2.22818e-14,-6.55725e-15,2.05157983028967e-05,2.051579857210995e-05,2.849378e-13,1.572455e-14,2.6921325e-13,0.0,True,0.055185903730568565,opposite_sign,opposite_sign,2.3956383333493037e-20,-1.3145120727245103e-14
n22_vd_0p05_vg_1p55,n22_vd_0p05,n22,0.05,1.55,-2.23720922958607e-05,-2.2372092497853e-05,2.23720922648365e-05,2.23720925104596e-05,-1.55121e-14,6.3033e-15,2.23720922803486e-05,2.23720925041563e-05,2.456231e-13,2.18154e-14,2.238077e-13,0.0,True,0.08881656489149434,opposite_sign,opposite_sign,3.028622686330113e-17,1.2606362003699884e-14,-1.52700646557206e-24,-1.88442341162834e-24,3.25981124247736e-20,3.2597991030915e-20,1.6298292709154013e-20,1.6298053303751686e-20,1.6299819715619586e-20,1.6299937727163313e-20,-1.213938586e-25,-2.3940540232814e-25,1.1801154372814e-25,0.0,True,0.6698210730345239,opposite_sign,opposite_sign,-3.0338376599052696e-17,-3.0349561414542e-17,-2.23720922958607e-05,-2.2372092497853e-05,2.23720922648365e-05,2.23720925104596e-05,-1.55121e-14,6.3033e-15,2.23720922803486e-05,2.23720925041563e-05,2.456231e-13,2.18154e-14,2.238077e-13,0.0,True,0.08881656489149434,opposite_sign,opposite_sign,-8.474632119975204e-20,1.2575979846178734e-14
n22_vd_0p05_vg_1p6,n22_vd_0p05,n22,0.05,1.6,-2.41938081326814e-05,-2.41938082830089e-05,2.41938081104353e-05,2.41938082936297e-05,-1.112305e-14,5.3104e-15,2.419380812155835e-05,2.41938082883193e-05,1.831944e-13,1.643345e-14,1.6676095e-13,0.0,True,0.0897049800648928,opposite_sign,opposite_sign,3.0340334495347096e-17,1.0620560870502094e-14,-1.85624433744526e-24,-2.03808985479084e-24,3.26004482800384e-20,3.26003885240184e-20,1.629929601785048e-20,1.6299175217081806e-20,1.6301152262187923e-20,1.6301213306936596e-20,-5.975602e-26,-1.2080076867279e-25,6.104474867279e-26,0.0,True,0.6643043525962739,opposite_sign,opposite_sign,-3.03335211539456e-17,-3.034916548058863e-17,-2.41938081326814e-05,-2.41938082830089e-05,2.41938081104353e-05,2.41938082936297e-05,-1.112305e-14,5.3104e-15,2.419380812155835e-05,2.41938082883193e-05,1.831944e-13,1.643345e-14,1.6676095e-13,0.0,True,0.0897049800648928,opposite_sign,opposite_sign,-2.5785250653543688e-20,1.0590179106671071e-14
n22_vd_0p05_vg_1p65,n22_vd_0p05,n22,0.05,1.6500000000000001,-2.59807792725884e-05,-2.59807793903903e-05,2.59807792562562e-05,2.59807794042052e-05,-8.1661e-15,6.90745e-15,2.59807792644223e-05,2.598077939729775e-05,1.47949e-13,1.507355e-14,1.3287545e-13,0.0,True,0.1018834192863757,opposite_sign,opposite_sign,3.035454119243599e-17,1.3814660983985796e-14,-2.09260751345014e-24,-2.18885224559179e-24,3.26027726825171e-20,3.260274188713e-20,1.6300340037501826e-20,1.6300276517442203e-20,1.6302432645015276e-20,1.6302465369687797e-20,-3.07953871e-26,-6.3520059620825e-26,3.2724672520825e-26,0.0,True,0.6599847930101582,opposite_sign,opposite_sign,-3.032916727641129e-17,-3.034916327798791e-17,-2.59807792725884e-05,-2.59807793903903e-05,2.59807792562562e-05,2.59807794042053e-05,-8.1661e-15,6.9075e-15,2.59807792644223e-05,2.59807793972978e-05,1.479491e-13,1.50736e-14,1.328755e-13,0.0,True,0.10188368837661063,opposite_sign,opposite_sign,-7.226764064443814e-21,1.3784380864108444e-14
n22_vd_0p05_vg_1p7,n22_vd_0p05,n22,0.05,1.7000000000000002,-2.77332257323549e-05,-2.77332258353423e-05,2.77332257201095e-05,2.77332258408246e-05,-6.1227e-15,2.74115e-15,2.77332257262322e-05,2.773322583808345e-05,1.207151e-13,8.86385e-15,1.1185125e-13,0.0,True,0.07342784788315629,opposite_sign,opposite_sign,3.035628899367523e-17,5.482062318548424e-15,-2.28246455013794e-24,-2.3367258345909e-24,3.26050675619178e-20,3.26050511831994e-20,1.6301392548683832e-20,1.6301357228682405e-20,1.630367501323397e-20,1.6303693954516996e-20,-1.63787184e-26,-3.532000142648e-26,1.894128302648e-26,0.0,True,0.6509245363902045,opposite_sign,opposite_sign,-3.032529090678323e-17,-3.0350238046739035e-17,-2.77332257323549e-05,-2.77332258353423e-05,2.77332257201095e-05,2.77332258408246e-05,-6.1227e-15,2.74115e-15,2.77332257262322e-05,2.773322583808345e-05,1.207151e-13,8.86385e-15,1.1185125e-13,0.0,True,0.07342784788315629,opposite_sign,opposite_sign,-1.604698224916046e-21,5.451679477787227e-15
n22_vd_0p05_vg_1p75,n22_vd_0p05,n22,0.05,1.75,-2.94515936717621e-05,-2.94515937725561e-05,2.94515936624936e-05,2.94515937545853e-05,-4.63425e-15,-8.9854e-15,2.945159366712785e-05,2.94515937635707e-05,9.20917e-14,-4.35115e-15,9.644285e-14,0.0,True,0.04316874020278985,opposite_sign,opposite_sign,3.034387064558218e-17,-1.7971040067558468e-14,-2.44745220752536e-24,-2.48174432463064e-24,3.26073249829158e-20,3.26073161832008e-20,1.630243876535414e-20,1.6302417219438086e-20,1.6304886217561664e-20,1.6304898963762714e-20,-8.799715e-27,-2.154591605264e-26,1.274620105264e-26,0.0,True,0.6283052162248258,opposite_sign,opposite_sign,-3.032185620597509e-17,-3.0350235926757523e-17,-2.94515936717621e-05,-2.94515937725561e-05,2.94515936624936e-05,2.94515937545854e-05,-4.63425e-15,-8.98535e-15,2.945159366712785e-05,2.945159376357075e-05,9.20918e-14,-4.3511e-15,9.64429e-14,0.0,True,0.043168244141516356,opposite_sign,opposite_sign,-1.059043792791401e-20,-1.8001321264365996e-14
n22_vd_0p05_vg_1p8,n22_vd_0p05,n22,0.05,1.8,-3.11365213957228e-05,-3.11365214630125e-05,3.11365213885933e-05,3.11365214662351e-05,-3.56475e-15,1.6113e-15,3.113652139215805e-05,3.11365214646238e-05,7.76418e-14,5.17605e-15,7.246575e-14,0.0,True,0.06666576509045385,opposite_sign,opposite_sign,3.032861885005231e-17,3.2223611135139406e-15,-2.61063588605074e-24,-2.62395950877968e-24,3.26095433853054e-20,3.26095381486212e-20,1.6303466374709674e-20,1.630345709455621e-20,1.6306077010595725e-20,1.630608105406499e-20,-5.2366842e-27,-9.28015346447e-27,4.04346926447e-27,0.0,True,0.6965187812105147,opposite_sign,opposite_sign,-3.031882789168758e-17,-3.0344455438327686e-17,-3.11365213957228e-05,-3.11365214630125e-05,3.11365213885933e-05,3.11365214662351e-05,-3.56475e-15,1.6113e-15,3.113652139215805e-05,3.11365214646238e-05,7.76418e-14,5.17605e-15,7.246575e-14,0.0,True,0.06666576509045385,opposite_sign,opposite_sign,-2.2815974388205018e-20,3.1919840511614237e-15
n22_vd_0p05_vg_1p85,n22_vd_0p05,n22,0.05,1.85,-3.27887344994728e-05,-3.27887345399079e-05,3.27887344939368e-05,3.27887345523194e-05,-2.768e-15,6.20575e-15,3.27887344967048e-05,3.278873454611365e-05,5.83826e-14,8.97375e-15,4.940885e-14,0.0,True,0.15370589867529025,opposite_sign,opposite_sign,3.027343718781241e-17,1.2411259004828785e-14,-2.75260725388653e-24,-2.76343083062019e-24,3.2611719970991e-20,3.26117179581443e-20,1.6304483681868557e-20,1.630447726365684e-20,1.6307236289122445e-20,1.630724069448746e-20,-2.0128467e-27,-6.41821171683e-27,4.40536501683e-27,0.0,True,0.5929843594927495,opposite_sign,opposite_sign,-3.0316169247595166e-17,-3.0344453397989485e-17,-3.27887344994728e-05,-3.27887345399079e-05,3.27887344939368e-05,3.27887345523194e-05,-2.768e-15,6.20575e-15,3.27887344967048e-05,3.278873454611365e-05,5.83826e-14,8.97375e-15,4.940885e-14,0.0,True,0.15370589867529025,opposite_sign,opposite_sign,-7.534102714802088e-20,1.2380881942476267e-14
n22_vd_0p05_vg_1p9,n22_vd_0p05,n22,0.05,1.9000000000000001,-3.44090198153591e-05,-3.44090198607624e-05,3.44090198111046e-05,3.44090198653933e-05,-2.12725e-15,2.31545e-15,3.440901981323185e-05,3.440901986307785e-05,5.42887e-14,4.4427e-15,4.9846e-14,0.0,True,0.08183470961728685,opposite_sign,opposite_sign,3.027285082647604e-17,4.630658177344898e-15,-2.89498406401665e-24,-2.90022350231831e-24,3.26138585839159e-20,3.2613856520955e-20,1.6305481799925943e-20,1.6305478148726342e-20,1.6308376783989958e-20,1.6308378372228658e-20,-2.0629609e-27,-3.65119960083e-27,1.58823870083e-27,0.0,True,0.6968685173128574,opposite_sign,opposite_sign,-3.031384498284455e-17,-3.034445139621935e-17,-3.44090198153591e-05,-3.44090198607624e-05,3.44090198111047e-05,3.44090198653933e-05,-2.1272e-15,2.31545e-15,3.44090198132319e-05,3.440901986307785e-05,5.42886e-14,4.44265e-15,4.984595e-14,0.0,True,0.08183393935375013,opposite_sign,opposite_sign,2.126257012866736e-20,4.600281114992382e-15
n22_vd_0p05_vg_1p95,n22_vd_0p05,n22,0.05,1.9500000000000002,-3.59982008046249e-05,-3.59982008527919e-05,3.59982008012646e-05,3.59982008427134e-05,-1.68015e-15,-5.03925e-15,3.599820080294475e-05,3.599820084775265e-05,4.14488e-14,-3.3591e-15,4.48079e-14,0.0,True,0.06973861772582889,opposite_sign,opposite_sign,3.0243714070783775e-17,-1.007873991754895e-14,-3.03271435927728e-24,-3.03440486925488e-24,3.2615955696909e-20,3.26159548143618e-20,1.6306461491274863e-20,1.6306460204746272e-20,1.6309494205634138e-20,1.6309494609615527e-20,-8.825472e-28,-1.2865285888e-27,4.039813888e-28,0.0,True,0.7610298701853696,opposite_sign,opposite_sign,-3.0311822250835255e-17,-3.034444943210731e-17,-3.59982008046249e-05,-3.59982008527919e-05,3.59982008012647e-05,3.59982008427134e-05,-1.6801e-15,-5.03925e-15,3.59982008029448e-05,3.599820084775265e-05,4.14487e-14,-3.35915e-15,4.480785e-14,0.0,True,0.06973965578092885,opposite_sign,opposite_sign,-5.853412943727616e-21,-1.0109116979901467e-14
n22_vd_0p05_vg_2,n22_vd_0p05,n22,0.05,2.0,-3.75571185522002e-05,-3.75571185880065e-05,3.75571185495472e-05,3.75571185957739e-05,-1.3265e-15,3.8837e-15,3.75571185508737e-05,3.75571185918902e-05,4.62267e-14,5.2102e-15,4.10165e-14,0.0,True,0.11270975431947339,opposite_sign,opposite_sign,3.0364840286038874e-17,7.767159966695977e-15,-3.16241811081807e-24,-3.1660448621607e-24,3.2618014561951e-20,3.26180138454796e-20,1.630742607192009e-20,1.630742390030872e-20,1.631058849003091e-20,1.6310589945170882e-20,-7.164714e-28,-2.171611371315e-27,1.455139971315e-27,0.0,True,0.5987759198677843,opposite_sign,opposite_sign,-3.031007096829706e-17,-3.0344447504716184e-17,-3.75571185522002e-05,-3.75571185880065e-05,3.75571185495472e-05,3.75571185957739e-05,-1.3265e-15,3.8837e-15,3.75571185508737e-05,3.75571185918902e-05,4.62267e-14,5.2102e-15,4.10165e-14,0.0,True,0.11270975431947339,opposite_sign,opposite_sign,2.2154465598757023e-20,7.73678290434346e-15
n22_vd_0p05_vg_2p05,n22_vd_0p05,n22,0.05,2.0500000000000003,-3.90866184829441e-05,-3.90866185258455e-05,3.90866184808606e-05,3.90866184951433e-05,-1.04175e-15,-1.53511e-14,3.908661848190235e-05,3.90866185104944e-05,1.42827e-14,-1.430935e-14,2.859205e-14,0.0,True,0.3335403972830724,opposite_sign,opposite_sign,3.0253342871562004e-17,-3.0702440640029567e-14,-3.30008046284944e-24,-3.29521356951064e-24,3.26200346610474e-20,3.26200346133129e-20,1.6308367290292275e-20,1.6308369699871696e-20,1.6311667370755126e-20,1.6311664913441206e-20,-4.77345e-29,2.4095794194e-27,-2.4573139194e-27,0.0,True,0.4950959989589818,opposite_sign,opposite_sign,-3.0308563856745915e-17,-3.034444561311706e-17,-3.90866184829441e-05,-3.90866185258455e-05,3.90866184808607e-05,3.90866184951434e-05,-1.0417e-15,-1.535105e-14,3.90866184819024e-05,3.908661851049445e-05,1.42827e-14,-1.430935e-14,2.859205e-14,0.0,True,0.3335403972830724,opposite_sign,opposite_sign,1.380623390258247e-20,-3.073272283469199e-14
n22_vd_0p05_vg_2p1,n22_vd_0p05,n22,0.05,2.1,-4.05875410718551e-05,-4.05875410867175e-05,4.05875410701403e-05,4.05875410855941e-05,-8.574e-16,-5.617e-16,4.05875410709977e-05,4.05875410861558e-05,1.54538e-14,2.957e-16,1.51581e-14,0.0,True,0.01913445236770244,opposite_sign,opposite_sign,3.024405791258405e-17,-1.1236436520049345e-15,-3.42225644008738e-24,-3.42198092767161e-24,3.26220165565527e-20,3.26220182104207e-20,1.6309297150056306e-20,1.6309298114746514e-20,1.6312719406496394e-20,1.6312720095674186e-20,1.653868e-27,9.64690207885e-28,6.89177792115e-28,0.0,True,0.5832933510322468,opposite_sign,opposite_sign,-3.0307276334889985e-17,-3.0344443756287306e-17,-4.05875410718551e-05,-4.05875410867175e-05,4.05875410701403e-05,4.05875410855942e-05,-8.574e-16,-5.6165e-16,4.05875410709977e-05,4.058754108615585e-05,1.54539e-14,2.9575e-16,1.515815e-14,0.0,True,0.01913756398061331,opposite_sign,opposite_sign,-9.583701660585904e-20,-1.1539190704037808e-15
n22_vd_0p05_vg_2p15,n22_vd_0p05,n22,0.05,2.15,-4.20607153739317e-05,-4.20607153846244e-05,4.20607153726224e-05,4.20607153918021e-05,-6.5465e-16,3.58885e-15,4.206071537327705e-05,4.206071538821325e-05,1.91797e-14,4.2435e-15,1.49362e-14,0.0,True,0.22124955030579205,opposite_sign,opposite_sign,3.0331316836270777e-17,7.17745531090304e-15,-3.54620418265685e-24,-3.5464155848057e-24,3.26239662076565e-20,3.26239656610034e-20,1.631021000173692e-20,1.6310209622709297e-20,1.631375620591958e-20,1.6313756038294103e-20,-5.466531e-28,-3.79027624425e-28,-1.67625475575e-28,0.0,True,0.6933604225879264,opposite_sign,opposite_sign,-3.030618633546003e-17,-3.0344441933271385e-17,-4.20607153739317e-05,-4.20607153846244e-05,4.20607153726224e-05,4.20607153918021e-05,-6.5465e-16,3.58885e-15,4.206071537327705e-05,4.206071538821325e-05,1.91797e-14,4.2435e-15,1.49362e-14,0.0,True,0.22124955030579205,opposite_sign,opposite_sign,-7.489919189318082e-21,7.147078248550524e-15
n22_vd_0p05_vg_2p2,n22_vd_0p05,n22,0.05,2.2,-4.35069545742838e-05,-4.3506954584044e-05,4.35069545732143e-05,4.35069545792316e-05,-5.3475e-16,-2.4062e-15,4.350695457374905e-05,4.35069545816378e-05,6.0173e-15,-1.87145e-15,7.88875e-15,0.0,True,0.1917429970697322,opposite_sign,opposite_sign,3.0242076393420134e-17,-4.812641747252824e-15,-3.66688886209301e-24,-3.66858541747755e-24,3.26258774640533e-20,3.26258779840598e-20,1.6311105287595604e-20,1.631110469932116e-20,1.6314772176457695e-20,1.6314773284738638e-20,5.200065e-28,-5.8827444227e-28,1.10828094227e-27,0.0,True,0.3467463824822337,opposite_sign,opposite_sign,-3.030527409171301e-17,-3.034444014311816e-17,-4.35069545742838e-05,-4.3506954584044e-05,4.35069545732144e-05,4.35069545792316e-05,-5.347e-16,-2.4062e-15,4.35069545737491e-05,4.35069545816378e-05,6.0172e-15,-1.8715e-15,7.8887e-15,0.0,True,0.1917481199155755,opposite_sign,opposite_sign,-9.522187772266867e-22,-4.843018809605341e-15
n22_vd_0p05_vg_2p25,n22_vd_0p05,n22,0.05,2.25,-4.49270529861696e-05,-4.49270530095126e-05,4.49270529851915e-05,4.49270529892958e-05,-4.8905e-16,-1.01084e-14,4.492705298568055e-05,4.49270529994042e-05,4.1043e-15,-9.61935e-15,1.372365e-14,0.0,True,0.41208713532964913,opposite_sign,opposite_sign,3.032123915723824e-17,-2.0217040521804126e-14,-3.78918910797536e-24,-3.78855630920746e-24,3.26277575334383e-20,3.26277561803554e-20,1.6311984172165162e-20,1.6311983812023096e-20,1.6315773361273137e-20,1.6315772368332305e-20,-1.3530829e-27,-3.6014206605e-28,-9.9294083395e-28,0.0,True,0.2661640805969834,opposite_sign,opposite_sign,-3.030452191707677e-17,-3.034443838489276e-17,-4.49270529861696e-05,-4.49270530095126e-05,4.49270529851915e-05,4.49270529892959e-05,-4.8905e-16,-1.010835e-14,4.492705298568055e-05,4.492705299940425e-05,4.1044e-15,-9.6193e-15,1.37237e-14,0.0,True,0.4120849933598938,opposite_sign,opposite_sign,-1.590672818785367e-20,-2.024731594020297e-14
n22_vd_0p05_vg_2p3,n22_vd_0p05,n22,0.05,2.3000000000000003,-4.63217840980065e-05,-4.63217841122322e-05,4.63217840972885e-05,4.63217841134278e-05,-3.59e-16,5.978e-16,4.63217840976475e-05,4.632178411283e-05,1.61393e-14,9.568e-16,1.51825e-14,0.0,True,0.05928385989479098,opposite_sign,opposite_sign,3.0314362283467736e-17,1.1953559782468413e-15,-3.9055204000111e-24,-3.90639337869784e-24,3.26296021209825e-20,3.26296012287718e-20,1.6312848300291246e-20,1.6312847417696552e-20,1.6316753820691257e-20,1.6316753811075248e-20,-8.922107e-28,-8.8259469337e-28,-9.61600663e-30,0.0,True,0.9892222693249475,opposite_sign,opposite_sign,-3.0303913991767315e-17,-3.034443665768141e-17,-4.63217840980065e-05,-4.63217841122322e-05,4.63217840972885e-05,4.63217841134278e-05,-3.59e-16,5.978e-16,4.63217840976475e-05,4.632178411283e-05,1.61393e-14,9.568e-16,1.51825e-14,0.0,True,0.05928385989479098,opposite_sign,opposite_sign,-2.2177404900205517e-20,1.1649789158943246e-15
n22_vd_0p05_vg_2p35,n22_vd_0p05,n22,0.05,2.35,-4.76918993812134e-05,-4.76918994058086e-05,4.76918993807003e-05,4.76918993899698e-05,-2.5655e-16,-7.9194e-15,4.769189938095685e-05,4.76918993978892e-05,9.2695e-15,-7.66285e-15,1.693235e-14,0.0,True,0.31155875943273487,opposite_sign,opposite_sign,3.0299077533705056e-17,-1.5839039113953654e-14,-4.01833603052166e-24,-4.02215902212685e-24,3.26314157371289e-20,3.26314140829211e-20,1.6313698700549188e-20,1.6313695961949487e-20,1.631771703657971e-20,1.6317718120971613e-20,-1.6542078e-27,-2.738599702595e-27,1.084391902595e-27,0.0,True,0.7163499126906645,opposite_sign,opposite_sign,-3.0303436163254e-17,-3.0344434960592903e-17,-4.76918993812134e-05,-4.76918994058086e-05,4.76918993807004e-05,4.76918993899699e-05,-2.565e-16,-7.91935e-15,4.76918993809569e-05,4.769189939788925e-05,9.2695e-15,-7.66285e-15,1.693235e-14,0.0,True,0.31155875943273487,opposite_sign,opposite_sign,6.465792671951022e-20,-1.586932130861608e-14
n22_vd_0p05_vg_2p4,n22_vd_0p05,n22,0.05,2.4000000000000004,-4.90381276509048e-05,-4.9038127656979e-05,4.90381276504257e-05,4.90381276471441e-05,-2.3955e-16,-4.91745e-15,4.903812765066525e-05,4.903812765206155e-05,-3.2816e-15,-4.6779e-15,1.3963e-15,0.0,True,0.7701261071416812,opposite_sign,opposite_sign,3.0259338913250666e-17,-9.835140925655416e-15,-4.13306343662559e-24,-4.13591410796656e-24,3.26331938114404e-20,3.2633195672562e-20,1.6314530374001888e-20,1.6314529879227016e-20,1.6318663437438513e-20,1.6318665793334983e-20,1.8611216e-27,-4.94774870485e-28,2.355896470485e-27,0.0,True,0.17356433320603087,opposite_sign,opposite_sign,-3.0303075763624593e-17,-3.0344433292758347e-17,-4.90381276509048e-05,-4.9038127656979e-05,4.90381276504258e-05,4.90381276471441e-05,-2.395e-16,-4.91745e-15,4.90381276506653e-05,4.903812765206155e-05,-3.2817e-15,-4.67795e-15,1.39625e-15,0.0,True,0.7701343386783445,opposite_sign,opposite_sign,2.5278042548144424e-20,-9.865517988007933e-15
n22_vd_0p05_vg_2p45,n22_vd_0p05,n22,0.05,2.45,-5.03611748293044e-05,-5.03611748457098e-05,5.03611748289295e-05,5.03611748358699e-05,-1.8745e-16,-4.91995e-15,5.036117482911695e-05,5.036117484078985e-05,6.9404e-15,-4.7325e-15,1.16729e-14,0.0,True,0.2884720884586783,opposite_sign,opposite_sign,3.030252761596463e-17,-9.84014189693587e-15,-4.24903286950832e-24,-4.24771766969073e-24,3.26349469992812e-20,3.2634946900448e-20,1.6315348983205846e-20,1.6315349591389155e-20,1.6319598016075354e-20,1.6319597309058846e-20,-9.88332e-29,6.08183308795e-28,-7.07016508795e-28,0.0,True,0.46242654588368787,opposite_sign,opposite_sign,-3.030282144482069e-17,-3.0344431653334024e-17,-5.03611748293044e-05,-5.03611748457098e-05,5.03611748289295e-05,5.03611748358699e-05,-1.8745e-16,-4.91995e-15,5.036117482911695e-05,5.036117484078985e-05,6.9404e-15,-4.7325e-15,1.16729e-14,0.0,True,0.2884720884586783,opposite_sign,opposite_sign,-3.292452682238359e-20,-9.870518959288387e-15
n22_vd_0p05_vg_2p5,n22_vd_0p05,n22,0.05,2.5,-5.16617240047016e-05,-5.16617239963897e-05,5.16617240043719e-05,5.16617240261344e-05,-1.6485e-16,1.487235e-14,5.166172400453675e-05,5.166172401126205e-05,2.17625e-14,1.50372e-14,6.7253e-15,0.0,True,0.6909684089603676,opposite_sign,opposite_sign,3.023256098738114e-17,2.974445880450378e-14,-4.35605265624567e-24,-4.35762674358307e-24,3.26366683179644e-20,3.26366686417388e-20,1.6316156132654078e-20,1.631615550749761e-20,1.632051218531032e-20,1.6320513134241193e-20,3.237744e-28,-6.251564687e-28,9.489308687e-28,0.0,True,0.3971548807022377,opposite_sign,opposite_sign,-3.030266303039309e-17,-3.0344430041501807e-17,-5.16617240047016e-05,-5.16617239963897e-05,5.1661724004372e-05,5.16617240261344e-05,-1.648e-16,1.487235e-14,5.16617240045368e-05,5.166172401126205e-05,2.17624e-14,1.503715e-14,6.72525e-15,0.0,True,0.6909692864757564,opposite_sign,opposite_sign,-7.866665185396588e-21,2.9714081742151256e-14
n22_vd_1_vg_0,n22_vd_1,n22,1.0,0.0,-1.68676948005238e-16,1.00365447616472e-14,3.44835071561641e-16,-2.45598906547503e-14,8.80790617782015e-17,-7.26167294655155e-15,2.567560097834395e-16,-1.729821770819875e-14,-2.4904725726311942e-14,-7.349752008329752e-15,-1.755497371798219e-14,0.0,True,0.29511475408720156,opposite_sign,opposite_sign,1.7584054501285675e-16,-1.4523626794951367e-14,2.83764186592898e-29,-1.37979702142972e-31,3.67660225082848e-20,3.67658671687773e-20,1.838301126833061e-20,1.838293358431966e-20,1.8383011239954192e-20,1.838293358445764e-20,-1.553395075e-25,-7.768401094918071e-26,-7.765549655081928e-26,0.0,True,0.5000917808959882,same_sign,opposite_sign,-1.7584054501285635e-16,-1.7583562133721936e-16,-1.6867694800521e-16,1.00365447616472e-14,3.44871837584149e-16,-2.45598538888832e-14,8.80974447894695e-17,-7.261654563618e-15,2.567743927946795e-16,-1.72981993252652e-14,-2.4904725726467348e-14,-7.34975200840747e-15,-1.755497371805988e-14,0.0,True,0.29511475408848065,opposite_sign,opposite_sign,0.0,-1.4699462416288658e-14
n22_vd_1_vg_0p05,n22_vd_1,n22,1.0,0.05,-5.4573972626952e-16,1.00360653816047e-14,7.06643395088714e-16,-2.45594131770095e-14,8.0451834409597e-17,-7.2616738977024e-15,6.26191560679117e-16,-1.72977392793071e-14,-2.5266056572098213e-14,-7.342125732111998e-15,-1.7923930839986217e-14,0.0,True,0.2905924678495356,opposite_sign,opposite_sign,1.760320196427075e-16,-1.4523628735479575e-14,4.6785497379063e-26,-4.89379703956645e-32,3.67652834034014e-20,3.67652834050311e-20,1.838266509444939e-20,1.838264170249108e-20,1.838261830895201e-20,1.838264170254002e-20,1.6297e-30,-2.3391958308516697e-26,2.3393588008516697e-26,0.0,True,0.49998258329624967,same_sign,opposite_sign,-1.760320196427081e-16,-1.7600126107840902e-16,-5.45739726222735e-16,1.00360653816047e-14,7.06680160372117e-16,-2.45593764117261e-14,8.0470217074691e-17,-7.2616555150607e-15,6.26209943297426e-16,-1.72977208966654e-14,-2.5266056572098216e-14,-7.34212573213539e-15,-1.7923930839962826e-14,0.0,True,0.29059246785046144,opposite_sign,opposite_sign,-1.035379938102578e-30,-1.4699629996557985e-14
n22_vd_1_vg_0p1,n22_vd_1,n22,1.0,0.1,-1.73365883268597e-15,-1.21595900837382e-14,1.90616391221661e-15,-2.45578152435343e-14,8.625253976532e-17,-1.835870266363625e-14,1.81991137245129e-15,-6.19911257989805e-15,-2.646397915575091e-14,-1.844495520340157e-14,-8.01902395234934e-15,0.0,True,0.696983439068092,opposite_sign,same_sign,1.763368649038556e-16,-3.6717686309030845e-14,-1.27221748579228e-27,-1.74832864340944e-31,3.67650362973011e-20,3.6765036298053e-20,1.8382517512541808e-20,1.8382518148939084e-20,1.8382518784759294e-20,1.8382518149113916e-20,7.519e-31,6.363972764639695e-28,-6.356453764639695e-28,0.0,True,0.5002955482657242,opposite_sign,opposite_sign,-1.763368649038569e-16,-1.7633577973150214e-16,-1.73365883268724e-15,-1.21595900837382e-14,1.90620067725291e-15,-2.4557778478498e-14,8.6270922282835e-17,-1.83586842811181e-14,1.819929754970075e-15,-6.1990941973799e-15,-2.646397915575091e-14,-1.8444955203400936e-14,-8.019023952349975e-15,0.0,True,0.696983439068068,opposite_sign,same_sign,4.2401273655629385e-30,-3.689402208876235e-14
n22_vd_1_vg_0p15,n22_vd_1,n22,1.0,0.15000000000000002,-5.80022596591993e-15,-1.21651390979612e-14,5.97710744372601e-15,-2.45522243786726e-14,8.844073890304e-17,-1.83586817383169e-14,5.88866670482297e-15,-6.1935426403557e-15,-3.052933182239861e-14,-1.844712247721994e-14,-1.208220934517867e-14,0.0,True,0.6042425882274222,opposite_sign,same_sign,1.7673574591838066e-16,-3.671764450373209e-14,4.88814509634472e-27,-1.75611951173976e-31,3.67647874599628e-20,3.67647874599059e-20,1.838239617405395e-20,1.8382393729865143e-20,1.838239128590885e-20,1.8382393730040755e-20,-5.69e-32,-2.444188804147947e-27,2.444131904147947e-27,0.0,True,0.5000058199945744,same_sign,opposite_sign,-1.7673574591838789e-16,-1.7670974100699928e-16,-5.80022596591504e-15,-1.21651390979612e-14,5.97714420851347e-15,-2.45521876138851e-14,8.8459121299215e-17,-1.835866335592315e-14,5.888685087214255e-15,-6.19352425796195e-15,-3.052933182239857e-14,-1.8447122477222364e-14,-1.2082209345176204e-14,0.0,True,0.6042425882275024,opposite_sign,same_sign,-5.226203497089203e-30,-3.6894354244739053e-14
n22_vd_1_vg_0p2,n22_vd_1,n22,1.0,0.2,-1.98847913251867e-14,-2.19823158663833e-14,2.00622091730964e-14,4.05077786208328e-14,8.870892395485e-17,9.26273137722475e-15,1.997350024914155e-14,3.124504724360805e-14,2.04455694477364e-14,9.1740224532699e-15,1.12715469944665e-14,0.0,True,0.4487046681052744,opposite_sign,opposite_sign,1.771895098403651e-16,1.852518167813326e-14,2.70688040818686e-27,-1.72899997260426e-31,3.67645367273836e-20,3.67645367274355e-20,1.8382269717132005e-20,1.83822683636313e-20,1.8382267010251597e-20,1.83822683638042e-20,5.19e-32,-1.3535007040920601e-27,1.3535526040920602e-27,0.0,True,0.49999041393092575,same_sign,opposite_sign,-1.7718950984029973e-16,-1.7716372371282172e-16,-1.9884791325184e-14,-2.19823158663833e-14,2.00622459376331e-14,4.05078153853695e-14,8.872730622455e-17,9.2627497594931e-15,1.997351863140855e-14,3.12450656258764e-14,2.04455694477364e-14,9.17402245326855e-15,1.127154699446785e-14,0.0,True,0.44870466810520837,opposite_sign,opposite_sign,2.9853454881957666e-29,1.834801795442041e-14
n22_vd_1_vg_0p25,n22_vd_1,n22,1.0,0.25,-6.9405718319394e-14,-6.07752683016344e-14,6.9583578441926e-14,7.97673812783083e-14,8.8930061266e-17,9.49605648833695e-15,6.949464838066e-14,7.027132478997135e-14,1.01838028363823e-14,9.40712642707095e-15,7.7667640931135e-16,0.0,True,0.9237341470774922,opposite_sign,opposite_sign,1.776996079142e-16,1.8991831847040582e-14,7.37080501334886e-27,-1.63768939908102e-31,3.67642836044294e-20,3.6764283604468e-20,1.8382145487617208e-20,1.8382141802152117e-20,1.8382138116812194e-20,1.8382141802315884e-20,3.86e-32,-3.685465091144384e-27,3.685503691144384e-27,0.0,True,0.49999738161962565,same_sign,opposite_sign,-1.7769960791420476e-16,-1.777191523118457e-16,-6.94057183193866e-14,-6.07752683016344e-14,6.95836152062096e-14,7.97674180425919e-14,8.89484434115e-17,9.49607487047875e-15,6.94946667627981e-14,7.027134317211315e-14,1.01838028363823e-14,9.40712642706725e-15,7.7667640931505e-16,0.0,True,0.9237341470771289,opposite_sign,opposite_sign,5.7931972727168054e-30,1.881411269472872e-14
n22_vd_1_vg_0p3,n22_vd_1,n22,1.0,0.30000000000000004,-2.45885132799278e-13,-2.44648553086879e-13,2.46064002003479e-13,2.17180384896484e-13,8.94346021005e-17,-1.37340840951975e-14,2.459745674013785e-13,2.309144689916815e-13,-2.8883617106995e-14,-1.3823518697298e-14,-1.5060098409697e-14,0.0,True,0.47859375250997344,opposite_sign,opposite_sign,1.7825165040946324e-16,-2.746844937778092e-14,-1.69900967998106e-27,-2.07118608045582e-31,3.6764027243223e-20,3.67640272431681e-20,1.838201277210666e-20,1.838201362148049e-20,1.838201447111634e-20,1.838201362168761e-20,-5.49e-32,8.493738306865072e-28,-8.494287306865072e-28,0.0,True,0.49998384155956427,opposite_sign,opposite_sign,-1.7825165040942878e-16,-1.7822623252656805e-16,-2.4588513279928e-13,-2.44648553086879e-13,2.46064038767507e-13,2.17180421660512e-13,8.94529841135e-17,-1.37340657131835e-14,2.459745857833935e-13,2.309144873736955e-13,-2.8883617106995e-14,-1.3823518697297e-14,-1.5060098409698e-14,0.0,True,0.4785937525099388,opposite_sign,opposite_sign,4.568244198328303e-28,-2.764667561030672e-14
n22_vd_1_vg_0p35,n22_vd_1,n22,1.0,0.35000000000000003,-8.8207062768208e-13,-8.90388226277143e-13,8.82249636694977e-13,8.90703111747519e-13,8.95045064485e-17,1.57442735188e-16,8.821601321885285e-13,8.90545669012331e-13,8.453475052542e-15,6.79382287395e-17,8.3855368238025e-15,0.0,True,0.008036721977321108,opposite_sign,opposite_sign,1.7873837556151654e-16,3.146042204265921e-16,3.17057298374419e-27,-2.97238217000581e-31,3.67637664581535e-20,3.67637664581703e-20,1.8381884814363242e-20,1.8381883228936532e-20,1.8381881643790258e-20,1.838188322923377e-20,1.68e-32,-1.5854267109805953e-27,1.5854435109805953e-27,0.0,True,0.4999973508849584,same_sign,opposite_sign,-1.7873837556085429e-16,-1.7878995310968912e-16,-8.82070627682077e-13,-8.90388226277143e-13,8.82249673458743e-13,8.90703148511285e-13,8.9522888333e-17,1.57461117071e-16,8.8216015057041e-13,8.90545687394214e-13,8.453475052542e-15,6.7938228738e-17,8.385536823804e-15,0.0,True,0.008036721977143666,opposite_sign,opposite_sign,2.1126681117950222e-29,1.3581426731640355e-16
n22_vd_1_vg_0p4,n22_vd_1,n22,1.0,0.4,-3.19787231626507e-12,-3.20590462233672e-12,3.19805238667402e-12,3.18671679325897e-12,9.0035204475e-17,-9.593914538875e-15,3.197962351469545e-12,3.196310707797845e-12,-1.133559341505e-14,-9.68394974335e-15,-1.6516436717e-15,0.0,True,0.8542957910340052,opposite_sign,opposite_sign,1.7893843706656599e-16,-1.9188110395492238e-14,1.04145435549698e-27,-5.16745535574804e-31,3.67634997800027e-20,3.67634997799784e-20,1.8381750410728528e-20,1.8381749889730826e-20,1.838174936927417e-20,1.8381749890247574e-20,-2.43e-32,-5.209977005162774e-28,5.209734005162774e-28,0.0,True,0.5000116605921104,same_sign,opposite_sign,-1.7893843707519255e-16,-1.7891755433141053e-16,-3.19787231626507e-12,-3.20590462233672e-12,3.19805242343752e-12,3.18671683002247e-12,9.0053586225e-17,-9.593896157125e-15,3.197962369851295e-12,3.196310726179595e-12,-1.133559341505e-14,-9.68394974335e-15,-1.6516436717e-15,0.0,True,0.8542957910340052,opposite_sign,opposite_sign,-9.555989834911167e-27,-1.936702794982354e-14
n22_vd_1_vg_0p45,n22_vd_1,n22,1.0,0.45,-1.16970258983476e-11,-1.16995876852635e-11,1.16972052264662e-11,1.16948850255507e-11,8.96640593e-17,-2.3513298564e-15,1.16971155624069e-11,1.16972363554071e-11,-2.3202009155e-15,-2.4409939157e-15,1.207930002e-16,0.0,True,0.952848146951534,opposite_sign,opposite_sign,1.7865872104382175e-16,-4.702941104084124e-15,-7.44003754609206e-28,-1.24552972210161e-30,3.67632255348769e-20,3.67632255348743e-20,1.8381612395436574e-20,1.8381612766814386e-20,1.8381613139440326e-20,1.8381612768059915e-20,-2.6e-33,3.713778124435522e-28,-3.713804124435522e-28,0.0,True,0.49999824976694107,opposite_sign,opposite_sign,-1.7865872100051213e-16,-1.7865839017344137e-16,-1.16970258983476e-11,-1.16995876852635e-11,1.16972052632294e-11,1.16948850623139e-11,8.96824409e-17,-2.3513114748e-15,1.16971155807885e-11,1.16972363737887e-11,-2.3202009155e-15,-2.4409939157e-15,1.207930002e-16,0.0,True,0.952848146951534,opposite_sign,opposite_sign,1.7507042158150186e-26,-4.881599494284111e-15
n22_vd_1_vg_0p5,n22_vd_1,n22,1.0,0.5,-4.30987542333991e-11,-4.31084530599624e-11,4.30989329364078e-11,4.31347285866589e-11,8.935150435e-17,1.313776334825e-14,4.309884358490345e-11,4.312159082331065e-11,3.57956502511e-14,1.30484118439e-14,2.27472384072e-14,0.0,True,0.36452506805625134,opposite_sign,opposite_sign,1.7795990497930855e-16,2.6275245225204674e-14,-4.16632611691747e-27,-3.92428526496716e-30,3.67629419451362e-20,3.67629419452144e-20,1.8381468889405042e-20,1.8381470970645056e-20,1.8381473055731158e-20,1.8381470974569343e-20,7.82e-32,2.0812400158262513e-27,-2.0811618158262515e-27,0.0,True,0.5000093936149324,opposite_sign,opposite_sign,-1.7795990507414617e-16,-1.7797561789298571e-16,-4.30987542333991e-11,-4.31084530599624e-11,4.30989329731708e-11,4.31347286234219e-11,8.936988585e-17,1.313778172975e-14,4.309884360328495e-11,4.312159084169215e-11,3.57956502511e-14,1.30484118439e-14,2.27472384072e-14,0.0,True,0.36452506805625134,opposite_sign,opposite_sign,-3.0729558872915464e-26,2.609726960736517e-14
n22_vd_1_vg_0p55,n22_vd_1,n22,1.0,0.55,-1.5970674665886e-10,-1.59713723863621e-10,1.59706920711325e-10,1.59711177484227e-10,8.70262325e-17,-1.273189697e-15,1.597068336850925e-10,1.59712450673924e-10,4.256772902e-15,-1.3602159295e-15,5.6169888315e-15,0.0,True,0.1949514133658661,opposite_sign,opposite_sign,1.7713083348235505e-16,-2.5466609528755373e-15,-4.29814498044099e-27,-1.3732292312015e-29,3.67626472687006e-20,3.67626472687145e-20,1.838132148527781e-20,1.8381323627491104e-20,1.8381325783422792e-20,1.8381323641223397e-20,1.39e-32,2.1422132940644874e-27,-2.1421993940644876e-27,0.0,True,0.5000016221593263,opposite_sign,opposite_sign,-1.7713083345147046e-16,-1.7714827668788803e-16,-1.5970674665886e-10,-1.59713723863621e-10,1.59706920748087e-10,1.59711177520989e-10,8.70446135e-17,-1.273171316e-15,1.597068337034735e-10,1.59712450692305e-10,4.256772902e-15,-1.3602159295e-15,5.6169888315e-15,0.0,True,0.1949514133658661,opposite_sign,opposite_sign,-6.118636169227978e-25,-2.723809230210457e-15
n22_vd_1_vg_0p6,n22_vd_1,n22,1.0,0.6000000000000001,-5.94031778883611e-10,-5.94015181299567e-10,5.94031963094213e-10,5.94038605387554e-10,9.2105301e-17,1.17120439935e-14,5.94031870988912e-10,5.940268933435605e-10,6.642293341e-15,1.16199386925e-14,-4.9776453515e-15,0.0,True,0.7000981987315551,opposite_sign,opposite_sign,1.7638337796345608e-16,2.342380633113224e-14,5.05474857582797e-27,-5.01595198245888e-29,3.67623400531101e-20,3.67623400531359e-20,1.8381172553929337e-20,1.8381170001488192e-20,1.8381167499180763e-20,1.838117005164771e-20,2.58e-32,-2.5524411478262795e-27,2.5524669478262794e-27,0.0,True,0.49999747302012926,same_sign,opposite_sign,-1.7638337805262914e-16,-1.7637635339674302e-16,-5.94031778883611e-10,-5.94015181299567e-10,5.94031963130976e-10,5.94038605424316e-10,9.21236825e-17,1.17120623745e-14,5.940318710072935e-10,5.940268933619415e-10,6.64229334e-15,1.1619938692e-14,-4.977645352e-15,0.0,True,0.7000981987014303,opposite_sign,opposite_sign,5.740679597508815e-25,2.3247429977369866e-14
n22_vd_1_vg_0p65,n22_vd_1,n22,1.0,0.65,-2.21186536957079e-09,-2.21187878987457e-09,2.21186824981705e-09,2.21185207690982e-09,1.44012313e-15,-1.3356482375e-14,2.21186680969392e-09,2.211865433392195e-09,-1.617290723e-14,-1.4796605505e-14,-1.376301725e-15,0.0,True,0.9149007840441313,opposite_sign,opposite_sign,1.7570651149411566e-16,-2.671324651510536e-14,-2.62369081837745e-28,-1.86032290881564e-28,3.67620198461811e-20,3.67620198461508e-20,1.838100979190601e-20,1.8381009830059255e-20,1.8381010054275092e-20,1.8381010016091545e-20,-3.03e-32,3.81532454780905e-29,-3.81835454780905e-29,0.0,True,0.49980153737391586,opposite_sign,opposite_sign,-1.7570651307694117e-16,-1.7566011479913788e-16,-2.21186536957079e-09,-2.21187878987457e-09,2.21186824985381e-09,2.21185207694658e-09,1.44014151e-15,-1.3356463995e-14,2.2118668097123e-09,2.211865433410575e-09,-1.617290723e-14,-1.4796605505e-14,-1.376301725e-15,0.0,True,0.9149007840441313,opposite_sign,opposite_sign,-3.6959924123859255e-24,-2.6888906632017738e-14
n22_vd_1_vg_0p7,n22_vd_1,n22,1.0,0.7000000000000001,-8.20889905668543e-09,-8.20889971342702e-09,8.20890062113535e-09,8.20887076674221e-09,7.8222496e-16,-1.4473342405e-14,8.20889983891039e-09,8.208885240084616e-09,-2.985439314e-14,-1.5255567365e-14,-1.4598825775e-14,0.0,True,0.5109990778730664,opposite_sign,opposite_sign,1.750200599420215e-16,-2.894696670201757e-14,-2.24372694774512e-27,-6.89575438507501e-28,3.67616899899514e-20,3.67616899898939e-20,1.8380843873112227e-20,1.838084465015923e-20,1.8380846116839173e-20,1.8380845339734668e-20,-5.75e-32,7.770470046188095e-28,-7.771045046188095e-28,0.0,True,0.4999815011600676,opposite_sign,opposite_sign,-1.7502010254311277e-16,-1.7503254555913868e-16,-8.20889905668543e-09,-8.20889971342702e-09,8.20890062117211e-09,8.20887076677897e-09,7.8224334e-16,-1.4473324025e-14,8.20889983892877e-09,8.208885240102996e-09,-2.985439314e-14,-1.5255567365e-14,-1.4598825775e-14,0.0,True,0.5109990778730664,opposite_sign,opposite_sign,-4.4382416763633944e-23,-2.912199924935959e-14
n22_vd_1_vg_0p75,n22_vd_1,n22,1.0,0.75,-3.01117654301407e-08,-3.01117604173189e-08,3.01117700084239e-08,3.01117808350642e-08,2.2891416e-15,1.020887265e-14,3.01117677192823e-08,3.011177062619155e-08,1.08266403e-14,7.91973105e-15,2.90690925e-15,0.0,True,0.731504033619737,opposite_sign,opposite_sign,1.745368415078284e-16,2.0417463250674962e-14,-2.86036952894333e-27,-2.52929610054851e-27,3.67613667504483e-20,3.67613667504724e-20,1.8380681945039386e-20,1.838068211058815e-20,1.8380684805408915e-20,1.8380684639884252e-20,2.41e-32,1.6554876419741e-28,-1.6552466419741e-28,0.0,True,0.5000363967596506,opposite_sign,opposite_sign,-1.7453690997292692e-16,-1.7452244687048082e-16,-3.01117654301407e-08,-3.01117604173189e-08,3.01117700084607e-08,3.0111780835101e-08,2.28916e-15,1.020889105e-14,3.01117677193007e-08,3.011177062620995e-08,1.08266403e-14,7.91973105e-15,2.90690925e-15,0.0,True,0.731504033619737,opposite_sign,opposite_sign,-3.021790073156072e-23,2.0242940842051352e-14
n22_vd_1_vg_0p8,n22_vd_1,n22,1.0,0.8,-1.07200943202515e-07,-1.07200945039831e-07,1.07200946755543e-07,1.07200954253351e-07,1.776514e-15,4.60676e-15,1.07200944979029e-07,1.07200949646591e-07,7.497808e-15,2.830246e-15,4.667562e-15,0.0,True,0.37747645711920075,opposite_sign,opposite_sign,1.743520067953711e-16,9.213237733447804e-15,-2.32330947494677e-27,-9.00634724418316e-27,3.67611086443998e-20,3.67611086444139e-20,1.8380553160545163e-20,1.8380549819033327e-20,1.8380555483854637e-20,1.838055882538057e-20,1.41e-32,-3.341511834618195e-27,3.341525934618195e-27,0.0,True,0.49999894509050474,opposite_sign,opposite_sign,-1.7435235444874393e-16,-1.7436155824019694e-16,-1.07200943202515e-07,-1.07200945039831e-07,1.0720094675558e-07,1.07200954253388e-07,1.7765325e-15,4.6067785e-15,1.072009449790475e-07,1.072009496466095e-07,7.497808e-15,2.830246e-15,4.667562e-15,0.0,True,0.37747645711920075,opposite_sign,opposite_sign,-1.0400780544438851e-22,9.038876418859852e-15
n22_vd_1_vg_0p85,n22_vd_1,n22,1.0,0.8500000000000001,-3.5663043313019e-07,-3.56630420293137e-07,3.56630433302288e-07,3.56630444007005e-07,8.6049e-17,1.1856934e-14,3.56630433216239e-07,3.56630432150071e-07,1.0704717e-14,1.1770885e-14,-1.066168e-15,0.0,True,0.9169460467289494,opposite_sign,opposite_sign,1.7429973005536804e-16,2.3713585455169296e-14,-3.19295888001027e-26,-2.99691833274276e-26,3.67610923379364e-20,3.67610923379566e-20,1.83805302041738e-20,1.8380531184386637e-20,1.83805621337626e-20,1.8380561153569964e-20,2.02e-32,9.8021283633755e-28,-9.8019263633755e-28,0.0,True,0.5000051519954115,opposite_sign,opposite_sign,-1.7430047613436167e-16,-1.7427507496062923e-16,-3.5663043313019e-07,-3.56630420293137e-07,3.56630433302325e-07,3.56630444007042e-07,8.60675e-17,1.18569525e-14,3.566304332162575e-07,3.566304321500895e-07,1.0704717e-14,1.1770885e-14,-1.066168e-15,0.0,True,0.9169460467289494,opposite_sign,opposite_sign,-5.023875194131493e-22,2.3539310570958623e-14
n22_vd_1_vg_0p9,n22_vd_1,n22,1.0,0.9,-1.0431769838433e-06,-1.04317698752974e-06,1.04317698402306e-06,1.04317698161408e-06,8.988e-17,-2.95783e-15,1.04317698393318e-06,1.04317698457191e-06,-2.40898e-15,-3.04771e-15,6.3873e-16,0.0,True,0.8267352784800512,opposite_sign,opposite_sign,1.7425938738986918e-16,-5.915942899961741e-15,-8.33857043952439e-26,-8.76841502113719e-26,3.67617181685468e-20,3.6761718168537e-20,1.8380817391421204e-20,1.8380815242193395e-20,1.8380900777125597e-20,1.8380902926343607e-20,-9.8e-33,-2.149227808064e-27,2.149218008064e-27,0.0,True,0.500001139946904,opposite_sign,opposite_sign,-1.7425710154988715e-16,-1.742439405693836e-16,-1.0431769838433e-06,-1.04317698752974e-06,1.0431769840231e-06,1.04317698161412e-06,8.99e-17,-2.95781e-15,1.0431769839332e-06,1.04317698457193e-06,-2.40898e-15,-3.04771e-15,6.3873e-16,0.0,True,0.8267352784800512,opposite_sign,opposite_sign,5.546511956954363e-21,-6.090183791613088e-15
n22_vd_1_vg_0p95,n22_vd_1,n22,1.0,0.9500000000000001,-2.54043372678764e-06,-2.54043373065111e-06,2.54043372697056e-06,2.54043373601133e-06,9.146e-17,2.68011e-15,2.5404337268791e-06,2.54043373333122e-06,9.04077e-15,2.58865e-15,6.45212e-15,0.0,True,0.2863306997081001,opposite_sign,opposite_sign,1.742655153640181e-16,5.3599365458922134e-15,-2.15129068517373e-25,-2.13589011155893e-25,3.67635525110356e-20,3.67635525110546e-20,1.8381668690983542e-20,1.8381669461021723e-20,1.838188382005206e-20,1.838188305003288e-20,1.9e-32,7.7003818074e-28,-7.7001918074e-28,0.0,True,0.5000061686014026,opposite_sign,opposite_sign,-1.7426188758585102e-16,-1.7424333915922494e-16,-2.54043372678764e-06,-2.54043373065111e-06,2.5404337269706e-06,2.54043373601137e-06,9.148e-17,2.68013e-15,2.54043372687912e-06,2.54043373333124e-06,9.04077e-15,2.58865e-15,6.45212e-15,0.0,True,0.2863306997081001,opposite_sign,opposite_sign,6.674989306133781e-21,5.185696253942587e-15
n22_vd_1_vg_1,n22_vd_1,n22,1.0,1.0,-5.11621980413635e-06,-5.11621981777958e-06,5.11621980416042e-06,5.11621978199917e-06,1.2035e-17,-1.7890205e-14,5.116219804148385e-06,5.116219799889375e-06,-2.216125e-14,-1.790224e-14,-4.25901e-15,0.0,True,0.8078172485757797,opposite_sign,opposite_sign,1.7436458808312445e-16,-3.578069411993545e-14,-3.92349315647662e-25,-4.30261187696687e-25,3.67670053154869e-20,3.67670053165904e-20,1.8383306483085625e-20,1.838328752770135e-20,1.8383698832401274e-20,1.838371778888905e-20,1.1035e-30,-1.89553842745125e-26,1.89564877745125e-26,0.0,True,0.4999854465113386,opposite_sign,opposite_sign,-1.7436743517297782e-16,-1.744000113378706e-16,-5.11621980413635e-06,-5.11621981777958e-06,5.11621980416046e-06,5.11621978199921e-06,1.2055e-17,-1.7890185e-14,5.116219804148405e-06,5.116219799889395e-06,-2.216125e-14,-1.790224e-14,-4.25901e-15,0.0,True,0.8078172485757797,opposite_sign,opposite_sign,1.9684570180611994e-22,-3.595509108729985e-14
n22_vd_1_vg_1p05,n22_vd_1,n22,1.0,1.05,-8.81332873604125e-06,-8.81332874138877e-06,8.81332873620558e-06,8.81332869486094e-06,8.2165e-17,-2.3263915e-14,8.813328736123414e-06,8.813328718124855e-06,-4.134464e-14,-2.334608e-14,-1.799856e-14,0.0,True,0.5646700515471896,opposite_sign,opposite_sign,1.745566127432618e-16,-4.652811487529727e-14,-7.46242694074152e-25,-7.41380429493199e-25,3.67721500182225e-20,3.67721500182934e-20,1.8385701887764212e-20,1.8385704318931953e-20,1.8386448130458288e-20,1.8386445699361445e-20,7.09e-32,2.4311677404765e-27,-2.4310968404765e-27,0.0,True,0.5000072908414196,opposite_sign,opposite_sign,-1.7455342439051549e-16,-1.7454911971642914e-16,-8.81332873604125e-06,-8.81332874138877e-06,8.81332873620562e-06,8.81332869486098e-06,8.2185e-17,-2.3263895e-14,8.813328736123435e-06,8.813328718124876e-06,-4.134464e-14,-2.334608e-14,-1.799856e-14,0.0,True,0.5646700515471896,opposite_sign,opposite_sign,7.074530439009877e-21,-4.670266010884087e-14
n22_vd_1_vg_1p1,n22_vd_1,n22,1.0,1.1,-1.3530884385168e-05,-1.35308843832569e-05,1.35308843853488e-05,1.35308843773379e-05,9.04e-17,-2.9595e-15,1.35308843852584e-05,1.35308843802974e-05,-8.0109e-15,-3.0499e-15,-4.961e-15,0.0,True,0.38071877067495535,opposite_sign,opposite_sign,1.7472475596195727e-16,-5.919285996710627e-15,-1.13995246253813e-24,-1.13856866739454e-24,3.67788443922275e-20,3.67788443922309e-20,1.838885221988248e-20,1.8388852911781752e-20,1.8389992172345018e-20,1.8389991480449146e-20,3.4e-33,6.91899271795e-28,-6.91895871795e-28,0.0,True,0.5000012285055399,opposite_sign,opposite_sign,-1.7478463983136223e-16,-1.7481407959394544e-16,-1.3530884385168e-05,-1.35308843832569e-05,1.35308843853489e-05,1.3530884377338e-05,9.045e-17,-2.95945e-15,1.353088438525845e-05,1.353088438029745e-05,-8.0109e-15,-3.0499e-15,-4.961e-15,0.0,True,0.38071877067495535,opposite_sign,opposite_sign,3.288313931915277e-21,-6.09403690412262e-15
n22_vd_1_vg_1p15,n22_vd_1,n22,1.0,1.1500000000000001,-1.912625066022e-05,-1.91262506685025e-05,1.91262506603986e-05,1.91262506825616e-05,8.93e-17,7.02955e-15,1.91262506603093e-05,1.912625067553205e-05,2.2163e-14,6.94025e-15,1.522275e-14,0.0,True,0.3131457835130623,opposite_sign,opposite_sign,1.7499608689069619e-16,1.4058813705685476e-14,-1.61049226067357e-24,-1.60994736669929e-24,3.67868829584646e-20,3.6786882958507e-20,1.8392636233101964e-20,1.839263650557015e-20,1.8394246725362636e-20,1.839424645293685e-20,4.24e-32,2.7246818714e-28,-2.7242578714e-28,0.0,True,0.5000389066515701,opposite_sign,opposite_sign,-1.750394923543838e-16,-1.7500632926959586e-16,-1.912625066022e-05,-1.91262506685025e-05,1.91262506603986e-05,1.91262506825616e-05,8.93e-17,7.02955e-15,1.91262506603093e-05,1.912625067553205e-05,2.2163e-14,6.94025e-15,1.522275e-14,0.0,True,0.3131457835130623,opposite_sign,opposite_sign,-8.019073615425703e-20,1.388377059114287e-14
n22_vd_1_vg_1p2,n22_vd_1,n22,1.0,1.2000000000000002,-2.54628122184694e-05,-2.5462812228781e-05,2.54628122186517e-05,2.54628122060166e-05,9.115e-17,-1.13822e-14,2.546281221856055e-05,2.54628122173988e-05,-1.26351e-14,-1.147335e-14,-1.16175e-15,0.0,True,0.9080537550157893,opposite_sign,opposite_sign,1.7533061456602256e-16,-2.276468742878402e-14,-2.14311864036661e-24,-2.14408468099367e-24,3.67960674323604e-20,3.67960674323368e-20,1.8396962156860017e-20,1.8396961673827904e-20,1.8399105275500384e-20,1.8399105758508896e-20,-2.36e-32,-4.8303211353e-28,4.8300851353e-28,0.0,True,0.5000122148071928,opposite_sign,opposite_sign,-1.7530831342108629e-16,-1.7530552562734334e-16,-2.54628122184694e-05,-2.5462812228781e-05,2.54628122186517e-05,2.54628122060167e-05,9.115e-17,-1.138215e-14,2.546281221856055e-05,2.546281221739885e-05,-1.2635e-14,-1.14733e-14,-1.1617e-15,0.0,True,0.9080569845666798,opposite_sign,opposite_sign,-1.449277937746002e-20,-2.293992810438104e-14
n22_vd_1_vg_1p25,n22_vd_1,n22,1.0,1.25,-3.242391011525e-05,-3.24239101181135e-05,3.24239101154092e-05,3.24239101171412e-05,7.96e-17,-4.8615e-16,3.24239101153296e-05,3.242391011762735e-05,1.732e-15,-5.6575e-16,2.29775e-15,0.0,True,0.19757290029683952,opposite_sign,opposite_sign,1.7560888626548597e-16,-9.725870350133501e-16,-2.72837560827224e-24,-2.73122589772084e-24,3.68062284571846e-20,3.68062284571839e-20,1.8401750040788163e-20,1.840174861564309e-20,1.8404478416396435e-20,1.840447984154081e-20,-7e-34,-1.4251450743e-27,1.4251443743e-27,0.0,True,0.5000001227945464,opposite_sign,opposite_sign,-1.7558732369908142e-16,-1.7558309412351272e-16,-3.242391011525e-05,-3.24239101181135e-05,3.24239101154092e-05,3.24239101171413e-05,7.96e-17,-4.861e-16,3.24239101153296e-05,3.24239101176274e-05,1.7321e-15,-5.657e-16,2.2978e-15,0.0,True,0.19755543914789592,opposite_sign,opposite_sign,-1.5240933676753335e-20,-1.1481052886804228e-15
n22_vd_1_vg_1p3,n22_vd_1,n22,1.0,1.3,-3.99133118488266e-05,-3.9913311838082e-05,3.99133118490191e-05,3.99133118349548e-05,9.625e-17,-1.5636e-15,3.991331184892285e-05,3.99133118365184e-05,-1.40643e-14,-1.65985e-15,-1.240445e-14,0.0,True,0.11801867138784014,opposite_sign,opposite_sign,1.7580821946046042e-16,-3.127487025098076e-15,-3.35916361922908e-24,-3.36332621065129e-24,3.68172251525045e-20,3.681722515248e-20,1.8406932994442635e-20,1.8406930913134675e-20,1.8410292158061863e-20,1.8410294239345325e-20,-2.45e-32,-2.081307961105e-27,2.081283461105e-27,0.0,True,0.5000029428783076,opposite_sign,opposite_sign,-1.758740542536951e-16,-1.7591600125057773e-16,-3.99133118488266e-05,-3.9913311838082e-05,3.99133118490192e-05,3.99133118349549e-05,9.63e-17,-1.56355e-15,3.99133118489229e-05,3.991331183651845e-05,-1.40643e-14,-1.65985e-15,-1.240445e-14,0.0,True,0.11801867138784014,opposite_sign,opposite_sign,-1.0047055531721017e-21,-3.30333819625681e-15
n22_vd_1_vg_1p35,n22_vd_1,n22,1.0,1.35,-4.78524990566784e-05,-4.78524990620857e-05,4.78524990568378e-05,4.78524990658449e-05,7.97e-17,1.8796e-15,4.78524990567581e-05,4.78524990639653e-05,9.0071e-15,1.7999e-15,7.2072e-15,0.0,True,0.1998312442406546,opposite_sign,opposite_sign,1.7620187017041968e-16,3.758910429543397e-15,-4.03559007786528e-24,-4.03381957593573e-24,3.68289390275745e-20,3.68289390275913e-20,1.8412451718748318e-20,1.8412452604007683e-20,1.841648730882618e-20,1.8416486423583617e-20,1.68e-32,8.85259364775e-28,-8.85242564775e-28,0.0,True,0.5000047444173089,opposite_sign,opposite_sign,-1.7616662322714652e-16,-1.76175855686299e-16,-4.78524990566784e-05,-4.78524990620857e-05,4.78524990568378e-05,4.78524990658449e-05,7.97e-17,1.8796e-15,4.78524990567581e-05,4.78524990639653e-05,9.0071e-15,1.7999e-15,7.2072e-15,0.0,True,0.1998312442406546,opposite_sign,opposite_sign,-1.5779601637045043e-21,3.58269774895189e-15
n22_vd_1_vg_1p4,n22_vd_1,n22,1.0,1.4000000000000001,-5.61773970885916e-05,-5.61773970899077e-05,5.61773970887602e-05,5.61773970879011e-05,8.43e-17,-1.0033e-15,5.61773970886759e-05,5.61773970889044e-05,-8.591e-16,-1.0876e-15,2.285e-16,0.0,True,0.8263809740901147,opposite_sign,opposite_sign,1.7648103172986123e-16,-2.0068910096456066e-15,-4.74027824541388e-24,-4.73734899980897e-24,3.68412787877399e-20,3.68412787877463e-20,1.8418269254747245e-20,1.8418270719373246e-20,1.8423009532992657e-20,1.8423008068373053e-20,6.4e-33,1.464626002455e-27,-1.464619602455e-27,0.0,True,0.5000010924314419,opposite_sign,opposite_sign,-1.764633731941145e-16,-1.7643763342574925e-16,-5.61773970885916e-05,-5.61773970899077e-05,5.61773970887602e-05,5.61773970879011e-05,8.43e-17,-1.0033e-15,5.61773970886759e-05,5.61773970889044e-05,-8.591e-16,-1.0876e-15,2.285e-16,0.0,True,0.8263809740901147,opposite_sign,opposite_sign,-1.9178002763067572e-20,-2.1833654796127946e-15
n22_vd_1_vg_1p45,n22_vd_1,n22,1.0,1.4500000000000002,-6.48351809080598e-05,-6.48351809135521e-05,6.4835180908251e-05,6.48351809328344e-05,9.56e-17,9.64115e-15,6.48351809081554e-05,6.483518092319325e-05,2.45834e-14,9.54555e-15,1.503785e-14,0.0,True,0.3882925063254066,opposite_sign,opposite_sign,1.76761811172689e-16,1.9282014226152362e-14,-5.47080029009516e-24,-5.46949591496786e-24,3.68541696281629e-20,3.68541696282125e-20,1.84243494139364e-20,1.8424350066148767e-20,1.8429820214226497e-20,1.8429819562063733e-20,4.96e-32,6.5221236365e-28,-6.5216276365e-28,0.0,True,0.5000190129353749,opposite_sign,opposite_sign,-1.7676247445271713e-16,-1.767399405100107e-16,-6.48351809080598e-05,-6.48351809135521e-05,6.48351809082511e-05,6.48351809328344e-05,9.565e-17,9.64115e-15,6.483518090815545e-05,6.483518092319325e-05,2.45833e-14,9.5455e-15,1.50378e-14,0.0,True,0.38829205192142635,opposite_sign,opposite_sign,7.090823839326105e-20,1.910523743694222e-14
n22_vd_1_vg_1p5,n22_vd_1,n22,1.0,1.5,-7.37823412479366e-05,-7.37823414247112e-05,7.378234113805e-05,7.37823414157185e-05,-5.49433e-14,-4.49635e-15,7.37823411929933e-05,7.378234142021485e-05,2.776685e-13,5.044695e-14,2.2722155e-13,0.0,True,0.18168049310598788,opposite_sign,opposite_sign,1.770523613709136e-16,-8.992989829132969e-15,-6.11372611295625e-24,-6.22662089082577e-24,3.68674887189945e-20,3.68674887267637e-20,1.8430687496440772e-20,1.843063105293644e-20,1.843680122255373e-20,1.8436857673827264e-20,7.7692e-30,-5.644350433476e-26,5.645127353476e-26,0.0,True,0.4999655909682157,opposite_sign,opposite_sign,-1.770625544034011e-16,-1.7709037842146913e-16,-7.37823412479366e-05,-7.37823414247112e-05,7.378234113805e-05,7.37823414157186e-05,-5.49433e-14,-4.4963e-15,7.37823411929933e-05,7.37823414202149e-05,2.776686e-13,5.0447e-14,2.272216e-13,0.0,True,0.1816806077460685,opposite_sign,opposite_sign,-4.705440808789173e-20,-9.170008648599294e-15
n22_vd_1_vg_1p55,n22_vd_1,n22,1.0,1.55,-8.29825088023317e-05,-8.29825089527486e-05,8.29825085026126e-05,8.29825089636415e-05,-1.4985955e-13,5.44645e-15,8.298250865247215e-05,8.298250895819505e-05,4.610289e-13,1.55306e-13,3.057229e-13,0.0,True,0.33686825272775744,opposite_sign,opposite_sign,1.7737189793826037e-16,1.0892605431194425e-14,-6.93882535410097e-24,-7.00568010219302e-24,3.68811723716539e-20,3.68811723757207e-20,1.84371167731499e-20,1.8437083347809253e-20,1.8444055598504e-20,1.8444089027911446e-20,4.0668e-30,-3.3425340646025e-26,3.3429407446025e-26,0.0,True,0.49996958480799003,opposite_sign,opposite_sign,-1.7736229496689069e-16,-1.7740054167917537e-16,-8.29825088023317e-05,-8.29825089527486e-05,8.29825085026127e-05,8.29825089636416e-05,-1.498595e-13,5.4465e-15,8.29825086524722e-05,8.29825089581951e-05,4.610289e-13,1.55306e-13,3.057229e-13,0.0,True,0.33686825272775744,opposite_sign,opposite_sign,6.759642831595118e-20,1.0715276435565802e-14
n22_vd_1_vg_1p6,n22_vd_1,n22,1.0,1.6,-9.24052233760476e-05,-9.24052234938922e-05,9.24052229539916e-05,9.2405223491784e-05,-2.11028e-13,-1.0541e-15,9.24052231650196e-05,9.24052234928381e-05,5.377924e-13,2.099739e-13,3.278185e-13,0.0,True,0.3904367187040947,opposite_sign,opposite_sign,1.7759089258427246e-16,-2.1084836775494316e-15,-7.76562987188235e-24,-7.80413076455086e-24,3.68952103949866e-20,3.68952103970945e-20,1.844372238255736e-20,1.8443703133164974e-20,1.845148801242924e-20,1.8451507263929526e-20,2.1079e-30,-1.9249392384255e-26,1.9251500284255e-26,0.0,True,0.4999726253100396,opposite_sign,opposite_sign,-1.776607674077569e-16,-1.7767399710763267e-16,-9.24052233760476e-05,-9.24052234938922e-05,9.24052229539916e-05,9.2405223491784e-05,-2.11028e-13,-1.0541e-15,9.24052231650196e-05,9.24052234928381e-05,5.377924e-13,2.099739e-13,3.278185e-13,0.0,True,0.3904367187040947,opposite_sign,opposite_sign,-1.0676226871318778e-19,-2.28619456206333e-15
n22_vd_1_vg_1p65,n22_vd_1,n22,1.0,1.6500000000000001,-0.000102024581732571,-0.000102024581820208,0.000102024581104891,0.000102024581847996,-3.1384e-13,1.3894e-14,0.000102024581418731,0.000102024581834102,7.43105e-13,3.27734e-13,4.15371e-13,0.0,True,0.4410332321811857,opposite_sign,opposite_sign,1.7780315853125782e-16,2.7787699320407552e-14,-8.5913083297981e-24,-8.61980893181402e-24,3.69095637205784e-20,3.69095637218766e-20,1.84504862061243e-20,1.8450471956472394e-20,1.84590775144541e-20,1.8459091765404208e-20,1.2982e-30,-1.424965190796e-26,1.425095010796e-26,0.0,True,0.49997722504248726,opposite_sign,opposite_sign,-1.7795710644855273e-16,-1.7790807600187706e-16,-0.000102024581732571,-0.000102024581820208,0.000102024581104891,0.000102024581847997,-3.1384e-13,1.38945e-14,0.000102024581418731,0.0001020245818341025,7.43106e-13,3.277345e-13,4.153715e-13,0.0,True,0.44103331153294417,opposite_sign,opposite_sign,-1.9084888968966896e-19,2.7610757230471312e-14
n22_vd_1_vg_1p7,n22_vd_1,n22,1.0,1.7000000000000002,-0.000111818610683659,-0.000111818610766303,0.000111818609940537,0.000111818610737257,-3.71561e-13,-1.4523e-14,0.000111818610312098,0.00011181861075178,7.9672e-13,3.57038e-13,4.39682e-13,0.0,True,0.4481348528968772,opposite_sign,opposite_sign,1.7807883137297073e-16,-2.904630126263889e-14,-9.43010630291805e-24,-9.45086215351271e-24,3.69241842431558e-20,3.69241842438096e-20,1.845737706842644e-20,1.8457366690828043e-20,1.846680717472936e-20,1.8466817552981557e-20,6.538e-31,-1.037759839733e-26,1.037825219733e-26,0.0,True,0.4999842502238822,opposite_sign,opposite_sign,-1.7825076904922517e-16,-1.7824587862686033e-16,-0.000111818610683659,-0.000111818610766303,0.000111818609940537,0.000111818610737257,-3.71561e-13,-1.4523e-14,0.000111818610312098,0.00011181861075178,7.9672e-13,3.57038e-13,4.39682e-13,0.0,True,0.4481348528968772,opposite_sign,opposite_sign,-2.0885243008154908e-19,-2.9224584055999136e-14
n22_vd_1_vg_1p75,n22_vd_1,n22,1.0,1.75,-0.000121768333756766,-0.000121768333805178,0.000121768332865513,0.000121768333802544,-4.456265e-13,-1.317e-15,0.0001217683333111395,0.000121768333803861,9.37031e-13,4.443095e-13,4.927215e-13,0.0,True,0.4741673434496831,opposite_sign,opposite_sign,1.7903832389537164e-16,-2.634296811785445e-15,-1.0283624762242e-23,-1.02956995079013e-23,3.69390680601383e-20,3.69390680605154e-20,1.8464392217688028e-20,1.846438618050375e-20,1.847467584245027e-20,1.847468188001165e-20,3.771e-31,-6.03718427965e-27,6.03756137965e-27,0.0,True,0.49998438476425755,opposite_sign,opposite_sign,-1.7854128863053962e-16,-1.78569550004971e-16,-0.000121768333756766,-0.000121768333805178,0.000121768332865513,0.000121768333802544,-4.456265e-13,-1.317e-15,0.0001217683333111395,0.000121768333803861,9.37031e-13,4.443095e-13,4.927215e-13,0.0,True,0.4741673434496831,opposite_sign,opposite_sign,4.601064803621678e-19,-2.8129032905627775e-15
n22_vd_1_vg_1p8,n22_vd_1,n22,1.0,1.8,-0.000131857327426048,-0.000131857327478602,0.000131857326416715,0.00013185732749029,-5.046665e-13,5.844e-15,0.0001318573269213815,0.000131857327484446,1.073575e-12,5.105105e-13,5.630645e-13,0.0,True,0.4755238339193816,opposite_sign,opposite_sign,1.7905487308735579e-16,1.1687701452304268e-14,-1.11449382130181e-23,-1.11529436433563e-23,3.69541929474259e-20,3.69541929476964e-20,1.8471524004606442e-20,1.8471520002026523e-20,1.848266894281946e-20,1.848267294566988e-20,2.705e-31,-4.0025799191e-27,4.0028504191e-27,0.0,True,0.4999831052180475,opposite_sign,opposite_sign,-1.788283287011878e-16,-1.7882048889302995e-16,-0.000131857327426048,-0.000131857327478602,0.000131857326416715,0.00013185732749029,-5.046665e-13,5.844e-15,0.0001318573269213815,0.000131857327484446,1.073575e-12,5.105105e-13,5.630645e-13,0.0,True,0.4755238339193816,opposite_sign,opposite_sign,1.896013373438449e-19,1.1508844020371234e-14
n22_vd_1_vg_1p85,n22_vd_1,n22,1.0,1.85,-0.000142071088914548,-0.000142071088966915,0.000142071087732816,0.000142071088950653,-5.90866e-13,-8.131e-15,0.000142071088323682,0.000142071088958784,1.217837e-12,5.82735e-13,6.35102e-13,0.0,True,0.47849999630492424,opposite_sign,opposite_sign,1.7941507401740843e-16,-1.6262272337655678e-14,-1.20150358456772e-23,-1.20213745189019e-23,3.69695286483661e-20,3.69695286484871e-20,1.847875680626021e-20,1.84787536369841e-20,1.849077184210589e-20,1.8490775011503002e-20,1.21e-31,-3.16927611235e-27,3.16939711235e-27,0.0,True,0.4999904554158488,opposite_sign,opposite_sign,-1.791114470147475e-16,-1.7910091103901003e-16,-0.000142071088914548,-0.000142071088966915,0.000142071087732816,0.000142071088950653,-5.90866e-13,-8.131e-15,0.000142071088323682,0.000142071088958784,1.217837e-12,5.82735e-13,6.35102e-13,0.0,True,0.47849999630492424,opposite_sign,opposite_sign,2.6666948723184305e-19,-1.6441410206201964e-14
n22_vd_1_vg_1p9,n22_vd_1,n22,1.0,1.9000000000000001,-0.000152396303292939,-0.000152396303336702,0.000152396302162039,0.000152396303328764,-5.6545e-13,-3.969e-15,0.000152396302727489,0.000152396303332733,1.166725e-12,5.61481e-13,6.05244e-13,0.0,True,0.4812453663031134,opposite_sign,opposite_sign,1.7994918256650398e-16,-7.938310881416504e-15,-1.28988694104555e-23,-1.2899904426945e-23,3.69850550626359e-20,3.6985055062717e-20,1.848607809661272e-20,1.848607757914503e-20,1.8498976966023177e-20,1.8498977483571973e-20,8.11e-32,-5.1746769475e-28,5.1754879475e-28,0.0,True,0.49996082188021995,opposite_sign,opposite_sign,-1.793906280929518e-16,-1.7938052258996872e-16,-0.000152396303292939,-0.000152396303336702,0.000152396302162039,0.000152396303328764,-5.6545e-13,-3.969e-15,0.000152396302727489,0.000152396303332733,1.166725e-12,5.61481e-13,6.05244e-13,0.0,True,0.4812453663031134,opposite_sign,opposite_sign,5.215823165980907e-19,-8.117728376161631e-15
n22_vd_1_vg_1p95,n22_vd_1,n22,1.0,1.9500000000000002,-0.000162822502414217,-0.0001628225024378,0.00016282250132643,0.000162822502473359,-5.438935e-13,1.77795e-14,0.0001628225018703235,0.0001628225024555795,1.146929e-12,5.61673e-13,5.85256e-13,0.0,True,0.48971906717852626,opposite_sign,opposite_sign,1.7901225522516073e-16,3.55587140403381e-14,-1.37850988995591e-23,-1.37876270161414e-23,3.70007553869977e-20,3.70007553871056e-20,1.8493485144049072e-20,1.8493483880044728e-20,1.850727024294863e-20,1.850727150706087e-20,1.079e-31,-1.26400434115e-27,1.26411224115e-27,0.0,True,0.49997866000311153,opposite_sign,opposite_sign,-1.7966557980884088e-16,-1.7971529385322592e-16,-0.000162822502414217,-0.0001628225024378,0.00016282250132643,0.000162822502473359,-5.438935e-13,1.77795e-14,0.0001628225018703235,0.0001628225024555795,1.146929e-12,5.61673e-13,5.85256e-13,0.0,True,0.48971906717852626,opposite_sign,opposite_sign,-6.903115547852465e-19,3.5378961759517117e-14
n22_vd_1_vg_2,n22_vd_1,n22,1.0,2.0,-0.000173339848573573,-0.00017333984860026,0.000173339847561864,0.000173339848609296,-5.058545e-13,4.518e-15,0.0001733398480677185,0.000173339848604778,1.047432e-12,5.103725e-13,5.370595e-13,0.0,True,0.487260748191768,opposite_sign,opposite_sign,1.800045191697126e-16,9.035712945685077e-15,-1.46879952020032e-23,-1.46837101804299e-23,3.70166128334244e-20,3.70166128334834e-20,1.85009624191112e-20,1.8500964561651486e-20,1.85156504143132e-20,1.8515648271831914e-20,5.9e-32,2.14254028665e-27,-2.14248128665e-27,0.0,True,0.5000068844460863,opposite_sign,opposite_sign,-1.7993606689579976e-16,-1.798952171130257e-16,-0.000173339848573573,-0.00017333984860026,0.000173339847561864,0.000173339848609296,-5.058545e-13,4.518e-15,0.0001733398480677185,0.000173339848604778,1.047432e-12,5.103725e-13,5.370595e-13,0.0,True,0.487260748191768,opposite_sign,opposite_sign,3.145034978630713e-20,8.855780726642929e-15
n22_vd_1_vg_2p05,n22_vd_1,n22,1.0,2.0500000000000003,-0.000183939467827783,-0.000183939467849147,0.000183939466925266,0.000183939467863056,-4.512585e-13,6.9545e-15,0.0001839394673765245,0.0001839394678561015,9.3779e-13,4.58213e-13,4.79577e-13,0.0,True,0.4886093901619765,opposite_sign,opposite_sign,1.7964542249467766e-16,1.3908713103648676e-14,-1.55825065290434e-23,-1.55874052621981e-23,3.70326129263953e-20,3.70326129264407e-20,1.850851520993313e-20,1.8508512760589252e-20,1.852409771646217e-20,1.8524100165851448e-20,4.54e-32,-2.44934387735e-27,2.44938927735e-27,0.0,True,0.49999536614890355,opposite_sign,opposite_sign,-1.8020185179553914e-16,-1.802346701772258e-16,-0.000183939467827783,-0.000183939467849147,0.000183939466925266,0.000183939467863056,-4.512585e-13,6.9545e-15,0.0001839394673765245,0.0001839394678561015,9.3779e-13,4.58213e-13,4.79577e-13,0.0,True,0.4886093901619765,opposite_sign,opposite_sign,-5.934463313538905e-19,1.372844141644593e-14
n22_vd_1_vg_2p1,n22_vd_1,n22,1.0,2.1,-0.000194613339571124,-0.000194613339593221,0.000194613338777259,0.00019461333957249,-3.969325e-13,-1.03655e-14,0.0001946133391741915,0.0001946133395828555,7.95231e-13,3.86567e-13,4.08664e-13,0.0,True,0.48610655268720665,opposite_sign,opposite_sign,1.8014450487348306e-16,-2.0731303075509724e-14,-1.64957340548779e-23,-1.64980339720392e-23,3.70487315323717e-20,3.70487315323505e-20,1.851611789915841e-20,1.851611674918923e-20,1.853261363321329e-20,1.8532614783161268e-20,-2.12e-32,-1.14996918065e-27,1.14994798065e-27,0.0,True,0.5000046088616488,opposite_sign,opposite_sign,-1.804626592661087e-16,-1.8048071529825063e-16,-0.000194613339571124,-0.000194613339593221,0.000194613338777259,0.00019461333957249,-3.969325e-13,-1.03655e-14,0.0001946133391741915,0.0001946133395828555,7.95231e-13,3.86567e-13,4.08664e-13,0.0,True,0.48610655268720665,opposite_sign,opposite_sign,-3.551866285291357e-19,-2.0911820823041475e-14
n22_vd_1_vg_2p15,n22_vd_1,n22,1.0,2.15,-0.000205354245899498,-0.000205354245919982,0.000205354245212959,0.000205354245934924,-3.432695e-13,7.471e-15,0.0002053542455562285,0.000205354245927453,7.21965e-13,3.507405e-13,3.712245e-13,0.0,True,0.48581371673142054,opposite_sign,opposite_sign,1.8084193244921476e-16,1.4941685298856177e-14,-1.74127127259481e-23,-1.74149852500302e-23,3.70649458419127e-20,3.70649458419616e-20,1.8523766564593375e-20,1.8523765428355784e-20,1.8541179277319324e-20,1.8541180413605816e-20,4.89e-32,-1.13623759105e-27,1.13628649105e-27,0.0,True,0.4999892410381071,opposite_sign,opposite_sign,-1.8071821676648681e-16,-1.807052058508433e-16,-0.000205354245899498,-0.000205354245919982,0.000205354245212959,0.000205354245934924,-3.432695e-13,7.471e-15,0.0002053542455562285,0.000205354245927453,7.21965e-13,3.507405e-13,3.712245e-13,0.0,True,0.48581371673142054,opposite_sign,opposite_sign,8.666815029016653e-20,1.4760943045474476e-14
n22_vd_1_vg_2p2,n22_vd_1,n22,1.0,2.2,-0.000216155611827363,-0.000216155611830879,0.00021615561124842,0.000216155611845249,-2.894715e-13,7.185e-15,0.0002161556115378915,0.000216155611838064,5.96829e-13,2.966565e-13,3.001725e-13,0.0,True,0.49705443267669636,opposite_sign,opposite_sign,1.8075195829722408e-16,1.4369686629843257e-14,-1.83382872238065e-23,-1.83377015486485e-23,3.70812677945158e-20,3.70812677945342e-20,1.8531464753645998e-20,1.8531465046492776e-20,1.8549803040869804e-20,1.8549802748041425e-20,1.84e-32,2.92846779e-28,-2.92828379e-28,0.0,True,0.5000157083664457,opposite_sign,opposite_sign,-1.8096823982852871e-16,-1.80973807371055e-16,-0.000216155611827363,-0.000216155611830879,0.00021615561124842,0.000216155611845249,-2.894715e-13,7.185e-15,0.0002161556115378915,0.000216155611838064,5.96829e-13,2.966565e-13,3.001725e-13,0.0,True,0.49705443267669636,opposite_sign,opposite_sign,-2.5334446079556886e-19,1.4188675759542108e-14
n22_vd_1_vg_2p25,n22_vd_1,n22,1.0,2.25,-0.000227011395315488,-0.000227011395335381,0.000227011394837966,0.000227011395307212,-2.38761e-13,-1.40845e-14,0.000227011395076727,0.0002270113953212965,4.69246e-13,2.246765e-13,2.445695e-13,0.0,True,0.47880322900994365,opposite_sign,opposite_sign,1.8166192584866162e-16,-2.816928446787911e-14,-1.92669020524347e-23,-1.92656690260665e-23,3.70976866797338e-20,3.70976866796954e-20,1.853920988884068e-20,1.8539210505334666e-20,1.8558476790893118e-20,1.8558476174360734e-20,-3.84e-32,6.164939841e-28,-6.165323841e-28,0.0,True,0.4999844285568459,opposite_sign,opposite_sign,-1.8121243882375233e-16,-1.8119295445054832e-16,-0.000227011395315488,-0.000227011395335381,0.000227011394837966,0.000227011395307212,-2.38761e-13,-1.40845e-14,0.000227011395076727,0.0002270113953212965,4.69246e-13,2.246765e-13,2.445695e-13,0.0,True,0.47880322900994365,opposite_sign,opposite_sign,4.1240860566616403e-19,-2.8350514500750667e-14
n22_vd_1_vg_2p3,n22_vd_1,n22,1.0,2.3000000000000003,-0.000237916022072612,-0.000237916022091263,0.000237916021683319,0.000237916022098216,-1.946465e-13,3.4765e-15,0.0002379160218779655,0.0002379160220947395,4.14897e-13,1.98123e-13,2.16774e-13,0.0,True,0.477523337117405,opposite_sign,opposite_sign,1.8063316732894553e-16,6.952685266989405e-15,-2.01927122556457e-23,-2.01984113473001e-23,3.7114192705726e-20,3.71141927057717e-20,1.8546999996735177e-20,1.85469971472122e-20,1.8567192708990824e-20,1.85671955585595e-20,4.57e-32,-2.8495229772e-27,2.8495686772e-27,0.0,True,0.4999959905891349,opposite_sign,opposite_sign,-1.8145054335386652e-16,-1.8145263560626057e-16,-0.000237916022072612,-0.000237916022091263,0.000237916021683319,0.000237916022098216,-1.946465e-13,3.4765e-15,0.0002379160218779655,0.0002379160220947395,4.14897e-13,1.98123e-13,2.16774e-13,0.0,True,0.477523337117405,opposite_sign,opposite_sign,-8.544700240373687e-19,6.771195537388851e-15
n22_vd_1_vg_2p35,n22_vd_1,n22,1.0,2.35,-0.00024886431593583,-0.000248864315944826,0.00024886431562124,0.000248864315929806,-1.57295e-13,-7.51e-15,0.000248864315778535,0.000248864315937316,3.08566e-13,1.49785e-13,1.58781e-13,0.0,True,0.4854228916990207,opposite_sign,opposite_sign,1.8185594087574536e-16,-1.5020298759427178e-14,-2.11305873349782e-23,-2.11354873509335e-23,3.71307774773819e-20,3.71307774773485e-20,1.8554823445023462e-20,1.8554820994998784e-20,1.857595403235844e-20,1.8575956482349715e-20,-3.34e-32,-2.45002467765e-27,2.44999127765e-27,0.0,True,0.5000034081521677,opposite_sign,opposite_sign,-1.8168231886279594e-16,-1.81714109788725e-16,-0.00024886431593583,-0.000248864315944826,0.00024886431562124,0.000248864315929807,-1.57295e-13,-7.5095e-15,0.000248864315778535,0.0002488643159373165,3.08567e-13,1.497855e-13,1.587815e-13,0.0,True,0.4854229389403274,opposite_sign,opposite_sign,1.3651236576454416e-19,-1.5201019986794033e-14
n22_vd_1_vg_2p4,n22_vd_1,n22,1.0,2.4000000000000004,-0.000259851394010414,-0.000259851394022688,0.000259851393758511,0.000259851394005813,-1.259515e-13,-8.4375e-15,0.0002598513938844625,0.0002598513940142505,2.47302e-13,1.17514e-13,1.29788e-13,0.0,True,0.4751841877542438,opposite_sign,opposite_sign,1.8216406233015375e-16,-1.6875260950376027e-14,-2.20726952048586e-23,-2.20764930846407e-23,3.71474328606686e-20,3.7147432860655e-20,1.856268008273187e-20,1.856267818378518e-20,1.858475277793673e-20,1.858475467686982e-20,-1.36e-32,-1.89894669105e-27,1.89893309105e-27,0.0,True,0.5000017904726822,opposite_sign,opposite_sign,-1.8190758362541354e-16,-1.8187098811270442e-16,-0.000259851394010414,-0.000259851394022688,0.000259851393758511,0.000259851394005813,-1.259515e-13,-8.4375e-15,0.0002598513938844625,0.0002598513940142505,2.47302e-13,1.17514e-13,1.29788e-13,0.0,True,0.4751841877542438,opposite_sign,opposite_sign,2.1935334412016775e-19,-1.7057169063845098e-14
n22_vd_1_vg_2p45,n22_vd_1,n22,1.0,2.45,-0.000270872707756816,-0.000270872707763263,0.000270872707556057,0.000270872707753987,-1.003795e-13,-4.638e-15,0.0002708727076564365,0.000270872707758625,1.9793e-13,9.57415e-14,1.021885e-13,0.0,True,0.4837139392714596,opposite_sign,opposite_sign,1.8202865751936986e-16,-9.276305454058196e-15,-2.30195733210205e-23,-2.3021032916593e-23,3.71641511822205e-20,3.71641511822113e-20,1.857056580444974e-20,1.8570565074647355e-20,1.859358537777076e-20,1.8593586107563947e-20,-9.2e-33,-7.2980238625e-28,7.2979318625e-28,0.0,True,0.5000031515579293,opposite_sign,opposite_sign,-1.821262094794841e-16,-1.8211645761003472e-16,-0.000270872707756816,-0.000270872707763263,0.000270872707556057,0.000270872707753987,-1.003795e-13,-4.638e-15,0.0002708727076564365,0.000270872707758625,1.9793e-13,9.57415e-14,1.021885e-13,0.0,True,0.4837139392714596,opposite_sign,opposite_sign,-1.3469309163996694e-19,-9.45845905279838e-15
n22_vd_1_vg_2p5,n22_vd_1,n22,1.0,2.5,-0.000281923977182689,-0.00028192397719302,0.000281923977020936,0.000281923977183638,-8.08765e-14,-4.691e-15,0.0002819239771018125,0.000281923977188329,1.62702e-13,7.61855e-14,8.65165e-14,0.0,True,0.4682517731804158,opposite_sign,opposite_sign,1.829993350346051e-16,-9.382286902630795e-15,-2.39688042170593e-23,-2.39687313128942e-23,3.71809261752633e-20,3.71809261752609e-20,1.857847868552312e-20,1.8578478721974002e-20,1.860244748974018e-20,1.8602447453286898e-20,-2.4e-33,3.645088255e-29,-3.645328255e-29,0.0,True,0.49998354003508094,opposite_sign,opposite_sign,-1.8233813597147896e-16,-1.8234371033068906e-16,-0.000281923977182689,-0.00028192397719302,0.000281923977020936,0.000281923977183638,-8.08765e-14,-4.691e-15,0.0002819239771018125,0.000281923977188329,1.62702e-13,7.61855e-14,8.65165e-14,0.0,True,0.4682517731804158,opposite_sign,opposite_sign,6.240421066069588e-19,-9.564667769918928e-15
n23_vd_0p05_vg_0,n23_vd_0p05,n23,0.05,0.0,-3.35709131956377e-17,1.42192517282395e-15,5.06537236759602e-17,1.42211557873814e-15,8.54140524016125e-18,1.422020375781045e-15,4.211231843579895e-17,9.5202957095e-20,1.3714618550621799e-15,1.4134789705408837e-15,-4.201711547870395e-17,0.0,True,0.971132099988252,opposite_sign,same_sign,1.7014290983094686e-17,2.843803144088252e-15,-5.87388791801434e-27,-1.37042330755917e-32,3.31212547565268e-20,3.31212536878139e-20,1.656062444131944e-20,1.6560626843900098e-20,1.6560630315207358e-20,1.6560626843913802e-20,-1.0687129e-27,2.4025806568906324e-27,-3.471293556890632e-27,0.0,True,0.4090282783471436,opposite_sign,opposite_sign,-1.699746954296036e-17,-1.70066691393244e-17,-3.35709132015116e-17,1.42192517282395e-15,5.06868449307167e-17,1.42214869999183e-15,8.55796586460255e-18,1.42203693640789e-15,4.212887906611415e-17,1.1176358394e-19,1.3714618550611133e-15,1.4134789705432874e-15,-4.201711548217415e-17,0.0,True,0.9711320999859843,opposite_sign,same_sign,1.682144013430047e-20,2.82679647494893e-15
n23_vd_0p05_vg_0p05,n23_vd_0p05,n23,0.05,0.05,-1.18378828824186e-16,1.42186274465536e-15,8.58293890693139e-17,1.42224043507531e-15,-1.627471987743605e-17,1.422051589865335e-15,1.0210410894674996e-16,1.88845209975e-19,1.336411046005996e-15,1.4383263097427711e-15,-1.0191526373677495e-16,0.0,True,0.9338316368733386,opposite_sign,same_sign,1.4160404273572295e-17,2.8438655683633142e-15,2.52519076483623e-25,7.80105692753562e-32,3.31209009844775e-20,3.31208062791424e-20,1.6560576751776993e-20,1.6560403139610204e-20,1.656032423270051e-20,1.6560403139532195e-20,-9.47053351e-26,-1.7361216678652687e-25,7.890683168652687e-26,0.0,True,0.6875212076569875,same_sign,same_sign,-1.7163792132005246e-17,-1.7157740870312977e-17,-1.18378828571667e-16,1.42186274465536e-15,8.58625099702983e-17,1.42227355588159e-15,-1.625815930068435e-17,1.422068150268475e-15,1.0212066927098265e-16,2.05405613115e-19,1.3364110459112917e-15,1.4383263095691594e-15,-1.0191526365786766e-16,0.0,True,0.9338316369137208,opposite_sign,same_sign,-3.003387858433102e-18,2.826707827493002e-15
n23_vd_0p05_vg_0p1,n23_vd_0p05,n23,0.05,0.1,-2.43103533021799e-16,1.42148817564384e-15,2.49461990133575e-16,1.42261812549526e-15,3.179228555888e-18,1.42205315056955e-15,2.46282761577687e-16,5.6497492571e-19,1.173156135361685e-15,1.418873922013662e-15,-2.45717786651977e-16,0.0,True,0.8523855517405238,opposite_sign,same_sign,1.630467296742092e-17,2.8438686853092185e-15,2.40856370724084e-26,-6.29462942316708e-33,3.31203697165565e-20,3.31203629397656e-20,1.6560196901096786e-20,1.6560181469879652e-20,1.6560172815459715e-20,1.6560181469885947e-20,-6.7767909e-27,-1.5431217133518913e-26,8.654426233518911e-27,0.0,True,0.6406811268590465,same_sign,opposite_sign,-1.7295409551456607e-17,-1.725669109019964e-17,-2.43103532997713e-16,1.42148817564384e-15,2.49495110503292e-16,1.4226512458582e-15,3.1957887527895e-18,1.42206971075102e-15,2.462993217505025e-16,5.8153510718e-19,1.173156135354908e-15,1.4188739219982304e-15,-2.457177866433225e-16,0.0,True,0.8523855517435871,opposite_sign,same_sign,-9.907365840349151e-19,2.826611994219019e-15
n23_vd_0p05_vg_0p15,n23_vd_0p05,n23,0.05,0.15000000000000002,-6.67707218152394e-16,1.42054238888975e-15,6.85432815573707e-16,1.42356391224936e-15,8.8627987106565e-18,1.422053150569555e-15,6.765700168630505e-16,1.510761679805e-18,7.38131096675653e-16,1.4131903518588986e-15,-6.750592551832455e-16,0.0,True,0.6767344033458632,opposite_sign,same_sign,1.7306474455782294e-17,2.8438686802684534e-15,-2.19338504281003e-27,-1.39380602149884e-32,3.31199271539673e-20,3.31199292312772e-20,1.6559962480291128e-20,1.655996461563163e-20,1.655996467367617e-20,1.655996461564557e-20,2.0773099e-27,2.1353405023749074e-27,-5.80306023749075e-29,0.0,True,0.9735427341733278,opposite_sign,opposite_sign,-1.7387155912763517e-17,-1.7383969141566338e-17,-6.67707218154587e-16,1.42054238888975e-15,6.85465935500861e-16,1.42359703217859e-15,8.879358673137e-18,1.42206971053417e-15,6.76586576827724e-16,1.52732164442e-18,7.38131096677729e-16,1.413190351861033e-15,-6.75059255183304e-16,0.0,True,0.6767344033461746,opposite_sign,same_sign,-8.068145698076366e-20,2.8264847111268855e-15
n23_vd_0p05_vg_0p2,n23_vd_0p05,n23,0.05,0.2,-1.94508011941637e-15,1.41764572186731e-15,1.96195945229424e-15,1.42646370068022e-15,8.439666438935e-18,1.422054711273765e-15,1.953519785855305e-15,4.408989406455e-18,-5.3549575161402e-16,1.41361504483483e-15,-1.94911079644885e-15,0.0,True,0.4203777267477742,opposite_sign,same_sign,1.746109656033072e-17,2.8438717960347337e-15,6.8582337323178e-27,-1.12846791194011e-32,3.31195127152662e-20,3.31195107618169e-20,1.6559759786749967e-20,1.6559755380902808e-20,1.6559752928516233e-20,1.6559755380914093e-20,-1.9534493e-27,-4.40584715849846e-27,2.4523978584984595e-27,0.0,True,0.6424161206809271,same_sign,opposite_sign,-1.74639173288311e-17,-1.7498179637698994e-17,-1.94508011940951e-15,1.41764572186731e-15,1.96199257180695e-15,1.42649682019098e-15,8.45622619872e-18,1.422071271029145e-15,1.95353634560823e-15,4.425549161835e-18,-5.3549575161597e-16,1.413615044830425e-15,-1.949110796446395e-15,0.0,True,0.4203777267473218,opposite_sign,same_sign,-2.8207685040359792e-21,2.826373616397033e-15
n23_vd_0p05_vg_0p25,n23_vd_0p05,n23,0.05,0.25,-5.80264996396998e-15,-4.58925268232679e-15,5.82026886730323e-15,7.43335898346575e-15,8.809451666625e-18,1.42205315056948e-15,5.811459415636605e-15,6.01130583289627e-15,1.61309011616252e-15,1.413243698902855e-15,1.99846417259665e-16,0.0,True,0.8761095767327048,opposite_sign,opposite_sign,1.759350802480802e-17,2.843868668348093e-15,-1.97542020576298e-26,-1.74508067699721e-32,3.31191108975775e-20,3.31191097806309e-20,1.655954557168772e-20,1.6559554890306723e-20,1.6559565325889777e-20,1.6559554890324177e-20,-1.1169466e-27,9.318619003411515e-27,-1.0435565603411514e-26,0.0,True,0.47172886094184296,opposite_sign,opposite_sign,-1.7558349350751023e-17,-1.7537746847765886e-17,-5.80264996398974e-15,-4.58925268232679e-15,5.82030198641413e-15,7.43339210257553e-15,8.826011212195e-18,1.42206971012437e-15,5.811475975201935e-15,6.01132239245116e-15,1.6130901161614e-15,1.413243698912175e-15,1.99846417249225e-16,0.0,True,0.8761095767390908,opposite_sign,opposite_sign,3.515867405398418e-20,2.8263309215003252e-15
n23_vd_0p05_vg_0p3,n23_vd_0p05,n23,0.05,0.30000000000000004,-1.76649326144497e-14,-1.06141584917499e-14,1.768353008939e-14,1.34582054861283e-14,9.29873747015e-18,1.4220234971892e-15,1.767423135191985e-14,1.20361819889391e-14,-4.2253246032617e-15,1.41272475971905e-15,-5.63804936298075e-15,0.0,True,0.20036448978996735,opposite_sign,opposite_sign,1.797239045775636e-17,2.843809354630692e-15,-1.00541804939163e-26,-7.73055076286696e-33,3.31187326154997e-20,3.31187330330728e-20,1.6559361280659602e-20,1.6559366516532534e-20,1.6559371334840096e-20,1.6559366516540265e-20,4.175731e-28,5.2358729316827686e-27,-4.818299831682769e-27,0.0,True,0.5207661589783654,opposite_sign,opposite_sign,-1.769356207630388e-17,-1.7650774820950234e-17,-1.76649326144597e-14,-1.06141584917499e-14,1.76835632081226e-14,1.34582386048613e-14,9.31529683145e-18,1.4220400565557e-15,1.767424791129115e-14,1.20361985483056e-14,-4.2253246032613e-15,1.41272475972425e-15,-5.63804936298555e-15,0.0,True,0.20036448979042068,opposite_sign,opposite_sign,2.788283814921483e-19,2.8261585798097086e-15
n23_vd_0p05_vg_0p35,n23_vd_0p05,n23,0.05,0.35000000000000003,-5.46989928407604e-14,-5.45739492444798e-14,5.47163511264789e-14,5.74180555456115e-14,8.67914285925e-18,1.42205315056585e-15,5.470767198361965e-14,5.599600239504565e-14,2.7017044191326e-15,1.4133740077066e-15,1.288330411426e-15,0.0,True,0.5231416130119716,opposite_sign,opposite_sign,1.6840136842432506e-17,2.843868653697351e-15,-3.75714660850078e-27,-2.90978823361027e-32,3.31183857959223e-20,3.31183851561035e-20,1.6559191019387846e-20,1.6559192578037202e-20,1.6559194776534454e-20,1.6559192578066298e-20,-6.398188e-28,1.558649355309222e-27,-2.198468155309222e-27,0.0,True,0.4148524369823767,opposite_sign,opposite_sign,-1.7875815619844223e-17,-1.7903382118427626e-17,-5.46989928407641e-14,-5.45739492444798e-14,5.47163842448647e-14,5.74180886639967e-14,8.6957020503e-18,1.42206970975845e-15,5.47076885428144e-14,5.599601895423825e-14,2.701704419132e-15,1.41337400770815e-15,1.28833041142385e-15,0.0,True,0.5231416130126614,opposite_sign,opposite_sign,-1.0356787773533103e-18,2.825965271578957e-15
n23_vd_0p05_vg_0p4,n23_vd_0p05,n23,0.05,0.4,-1.71832708845059e-13,-1.65294123660828e-13,1.71851846658825e-13,1.68817509487398e-13,9.568906883e-18,1.761692913285e-15,1.71842277751942e-13,1.67055816574113e-13,-3.034337171427e-15,1.752124006402e-15,-4.786461177829e-15,0.0,True,0.26796683946667377,opposite_sign,opposite_sign,2.228548212784287e-17,3.523148170656088e-15,1.19045302898747e-27,-2.99222183497038e-32,3.31180703210339e-20,3.3118071140667e-20,1.6559035755743464e-20,1.655903557031854e-20,1.6559034565290436e-20,1.655903557034846e-20,8.196331e-28,-1.8542492560290986e-28,1.0050580256029099e-27,0.0,True,0.155756052965812,same_sign,opposite_sign,-1.8081224759251513e-17,-1.8052490079471965e-17,-1.71832708845058e-13,-1.65294123660828e-13,1.71851879776895e-13,1.6881754260547e-13,9.5854659185e-18,1.761709472321e-15,1.718422943109765e-13,1.67055833133149e-13,-3.034337171425e-15,1.7521240064025e-15,-4.7864611778275e-15,0.0,True,0.26796683946679123,opposite_sign,opposite_sign,4.204257368088131e-18,3.5050956805774684e-15
n23_vd_0p05_vg_0p45,n23_vd_0p05,n23,0.05,0.45,-5.46606327927513e-13,-5.41191922238841e-13,5.46625221320337e-13,5.45158286917806e-13,9.446696412e-18,1.9831823394825e-15,5.46615774623925e-13,5.431751045783235e-13,-1.466934402531e-15,1.9737356430705e-15,-3.4406700456015e-15,0.0,True,0.3645341255458457,opposite_sign,opposite_sign,2.0352458062519907e-17,3.966127013695676e-15,4.84171390818657e-27,-6.94282080795389e-32,3.31177981511558e-20,3.3117797019868e-20,1.6558901496434853e-20,1.6558898509899285e-20,1.6558896654720947e-20,1.6558898509968714e-20,-1.1312878e-27,-2.9865355681973247e-27,1.8552477681973247e-27,0.0,True,0.616825529087222,same_sign,opposite_sign,-1.825210652767873e-17,-1.8276542533146402e-17,-5.46606327927508e-13,-5.41191922238841e-13,5.46625254438135e-13,5.45158320035603e-13,9.4632553135e-18,1.983198898381e-15,5.466157911828215e-13,5.43175121137222e-13,-1.466934402532e-15,1.9737356430675e-15,-3.4406700455995e-15,0.0,True,0.36453412554562825,opposite_sign,opposite_sign,2.1003515348710723e-18,3.9478504711624745e-15
n23_vd_0p05_vg_0p5,n23_vd_0p05,n23,0.05,0.5,-1.75762130773662e-12,-1.76138563857003e-12,1.75764168406277e-12,1.75138742740338e-12,1.0188163075e-17,-4.999105583325e-15,1.757631495899695e-12,1.756386532986705e-12,-6.25425665939e-15,-5.0092937464e-15,-1.24496291299e-15,0.0,True,0.8009415057949628,opposite_sign,opposite_sign,1.6578822390652115e-17,-9.998448842267997e-15,-2.80594972291514e-27,-1.99051233226798e-31,3.31175645834678e-20,3.31175674801996e-20,1.6558780888759038e-20,1.6558783740000276e-20,1.6558783694708762e-20,1.6558783740199327e-20,2.8967318e-27,2.8512412358409567e-27,4.54905641590434e-29,0.0,True,0.9842959005873296,opposite_sign,opposite_sign,-1.833509369838768e-17,-1.8350448887118e-17,-1.75762130773663e-12,-1.76138563857003e-12,1.75764171718034e-12,1.75138746052095e-12,1.0204721855e-17,-4.99908902454e-15,1.757631512458485e-12,1.75638654954549e-12,-6.25425665939e-15,-5.009293746395e-15,-1.244962912995e-15,0.0,True,0.8009415057941632,opposite_sign,opposite_sign,-1.756271309737197e-18,-1.0016799291152521e-14
n23_vd_0p05_vg_0p55,n23_vd_0p05,n23,0.05,0.55,-5.70441205196125e-12,-5.69846991168773e-12,5.70443356263871e-12,5.70288044751432e-12,1.075533873e-17,2.205267913295e-15,5.70442280729998e-12,5.700675179601025e-12,-1.55311512439e-15,2.194512574565e-15,-3.747627698955e-15,0.0,True,0.3693134920332361,opposite_sign,opposite_sign,1.2844048594967118e-17,4.410298139452034e-15,2.24007770690712e-27,-5.22014078046436e-31,3.31172858575722e-20,3.31172851858619e-20,1.6558644048824952e-20,1.6558642592669943e-20,1.6558641808747246e-20,1.6558642593191958e-20,-6.717103e-28,-1.4561550104925832e-27,7.844447104925832e-28,0.0,True,0.6498952029916026,same_sign,opposite_sign,-1.8356123199835548e-17,-1.8364991860310962e-17,-5.70441205196125e-12,-5.69846991168773e-12,5.704433595756e-12,5.70288048063161e-12,1.0771897375e-17,2.20528447194e-15,5.704422823858625e-12,5.70067519615967e-12,-1.55311512439e-15,2.194512574565e-15,-3.747627698955e-15,0.0,True,0.3693134920332361,opposite_sign,opposite_sign,-5.512074602387469e-18,4.391933147597117e-15
n23_vd_0p05_vg_0p6,n23_vd_0p05,n23,0.05,0.6000000000000001,-1.86596753353066e-11,-1.86566500322786e-11,1.86596996147777e-11,1.86611574576616e-11,1.213973555e-17,2.2537126915e-15,1.865968747504215e-11,1.86589037449701e-11,1.4578428839e-15,2.24157295595e-15,-7.8373007205e-16,0.0,True,0.7409416297156465,opposite_sign,opposite_sign,1.2622734027455466e-17,4.507187682886141e-15,-1.9416288218515e-27,-1.6413742420771e-30,3.31169907952415e-20,3.31169888893071e-20,1.6558494426806338e-20,1.6558494443832862e-20,1.655849636843516e-20,1.655849444547424e-20,-1.9059344e-27,1.702652380471145e-29,-1.9229609238047113e-27,0.0,True,0.008776615449596145,opposite_sign,opposite_sign,-1.8376131744032588e-17,-1.8368776696384935e-17,-1.86596753353066e-11,-1.86566500322786e-11,1.86596996478947e-11,1.86611574907785e-11,1.215629405e-17,2.25372924995e-15,1.865968749160065e-11,1.865890376152855e-11,1.4578428838e-15,2.2415729559e-15,-7.837300721e-16,0.0,True,0.7409416296991191,opposite_sign,opposite_sign,-5.753397705657732e-18,4.488818906100475e-15
n23_vd_0p05_vg_0p65,n23_vd_0p05,n23,0.05,0.65,-6.14248597886513e-11,-6.14227505097039e-11,6.14248810597615e-11,6.14230517732793e-11,1.06355551e-17,1.506317877e-16,6.14248704242064e-11,6.14229011414916e-11,-1.8292864822e-15,1.399962326e-16,-1.9692827148e-15,0.0,True,0.06637160664433037,opposite_sign,opposite_sign,2.229464433128434e-17,3.0102586037662156e-16,1.22588303272492e-26,-5.29971809741749e-30,3.31166872348241e-20,3.31166886847165e-20,1.6558349746827215e-20,1.6558344339708392e-20,1.6558337487996887e-20,1.655834434500811e-20,1.4498924e-27,-5.407118822673309e-27,6.85701122267331e-27,0.0,True,0.44088890142884074,same_sign,opposite_sign,-1.8395506891439746e-17,-1.8368776996593182e-17,-6.14248597886513e-11,-6.14227505097039e-11,6.14248810928782e-11,6.1423051806396e-11,1.065211345e-17,1.5064834605e-16,6.142487044076475e-11,6.142290115804995e-11,-1.8292864822e-15,1.399962326e-16,-1.9692827148e-15,0.0,True,0.06637160664433037,opposite_sign,opposite_sign,3.8991374460870214e-18,2.8265708338416036e-16
n23_vd_0p05_vg_0p7,n23_vd_0p05,n23,0.05,0.7000000000000001,-2.03124127713915e-10,-2.03122438913714e-10,2.03124146991712e-10,2.03116311973226e-10,9.6388985e-18,-3.063470244e-15,2.031241373528135e-10,2.0311937544347e-10,-7.835018486e-15,-3.0731091425e-15,-4.7619093435e-15,0.0,True,0.39222742715810865,opposite_sign,opposite_sign,8.787960013798258e-18,-6.127178220661331e-15,1.61531098485807e-26,-1.73991642046432e-29,3.31164046554837e-20,3.31164029277963e-20,1.6558210404296775e-20,1.6558201455198566e-20,1.6558194251186925e-20,1.6558201472597734e-20,-1.7276874e-27,-8.949098206392671e-27,7.221410806392672e-27,0.0,True,0.5534209343266185,same_sign,opposite_sign,-1.8380320781989705e-17,-1.8368777282362202e-17,-2.03124127713915e-10,-2.03122438913714e-10,2.03124147024829e-10,2.03116312006342e-10,9.655457e-18,-3.063453686e-15,2.03124137369372e-10,2.03119375460028e-10,-7.835018487e-15,-3.073109143e-15,-4.761909344e-15,0.0,True,0.39222742717186393,opposite_sign,opposite_sign,-9.592360185995867e-18,-6.145546998351726e-15
n23_vd_0p05_vg_0p75,n23_vd_0p05,n23,0.05,0.75,-6.73242973339321e-10,-6.73249128130666e-10,6.73243003488931e-10,6.73235521795617e-10,1.5074805e-17,-6.8031675245e-15,6.73242988414126e-10,6.732423249631415e-10,-7.481693314e-15,-6.8182423295e-15,-6.634509845e-16,0.0,True,0.9113234188230454,opposite_sign,opposite_sign,1.5742638562021636e-17,-1.360657280328529e-14,6.36952329951139e-27,-5.75450870834337e-29,3.31161572318995e-20,3.31161550286347e-20,1.65580818007114e-20,1.6558077485544808e-20,1.65580754311881e-20,1.6558077543089894e-20,-2.2032648e-27,-4.315166593297412e-27,2.111901793297412e-27,0.0,True,0.6714051156352585,same_sign,opposite_sign,-1.8301880252843476e-17,-1.828724640796901e-17,-6.73242973339321e-10,-6.73249128130666e-10,6.73243003522047e-10,6.73235521828733e-10,1.5091363e-17,-6.8031509665e-15,6.73242988430684e-10,6.732423249796995e-10,-7.481693314e-15,-6.8182423295e-15,-6.634509845e-16,0.0,True,0.9113234188230454,opposite_sign,opposite_sign,-2.55924178199728e-18,-1.3624860049879202e-14
n23_vd_0p05_vg_0p8,n23_vd_0p05,n23,0.05,0.8,-2.22938345074602e-09,-2.22938284264282e-09,2.22938344925647e-09,2.22938453248934e-09,-7.44775e-19,8.4492326e-16,2.229383450001245e-09,2.22938368756608e-09,1.08323287e-15,8.45668035e-16,2.37564835e-16,0.0,True,0.7806890451911785,opposite_sign,opposite_sign,-7.889952428153883e-18,1.6896087374041022e-15,2.87523095897629e-28,-1.90374732648035e-28,3.31159356719809e-20,3.31159359478903e-20,1.6557967979751997e-20,1.6557967878757784e-20,1.6557967692228902e-20,1.6557968069132516e-20,2.759094e-28,-1.00994214272832e-28,3.76903614272832e-28,0.0,True,0.21133013845276724,same_sign,opposite_sign,-1.8176473073581597e-17,-1.8217921867376185e-17,-2.22938345074602e-09,-2.22938284264282e-09,2.22938344928959e-09,2.22938453252246e-09,-7.28215e-19,8.4493982e-16,2.229383450017805e-09,2.22938368758264e-09,1.08323287e-15,8.45668035e-16,2.37564835e-16,0.0,True,0.7806890451911785,opposite_sign,opposite_sign,-2.6066421539558616e-17,1.6713908199126952e-15
n23_vd_0p05_vg_0p85,n23_vd_0p05,n23,0.05,0.8500000000000001,-7.33777341788459e-09,-7.33777221575652e-09,7.33777370649801e-09,7.33777664983809e-09,1.4430671e-16,2.217040785e-15,7.3377735621913e-09,7.337774432797305e-09,2.94334008e-15,2.072734075e-15,8.70606005e-16,0.0,True,0.7042115483304939,opposite_sign,opposite_sign,2.7129576789130702e-17,4.4338437481495504e-15,1.58871763573726e-27,-6.26576020476457e-28,3.31157539648881e-20,3.31157530085203e-20,1.655787777680287e-20,1.655787619097214e-20,1.6557876188085232e-20,1.6557876817548162e-20,-9.563678e-28,-1.5858307281068586e-27,6.294629281068585e-28,0.0,True,0.7158557619025963,same_sign,opposite_sign,-1.8087302529999296e-17,-1.8050973391909456e-17,-7.33777341788459e-09,-7.33777221575652e-09,7.33777370653112e-09,7.3377766498712e-09,1.44323265e-16,2.21705734e-15,7.337773562207855e-09,7.33777443281386e-09,2.94334008e-15,2.072734075e-15,8.70606005e-16,0.0,True,0.7042115483304939,opposite_sign,opposite_sign,9.04226888913695e-18,4.4157927685636375e-15
n23_vd_0p05_vg_0p9,n23_vd_0p05,n23,0.05,0.9,-2.37797967798521e-08,-2.37797939082667e-08,2.37797967632614e-08,2.37797981916014e-08,-8.29535e-18,2.14166735e-15,2.377979677155675e-08,2.377979604993405e-08,1.42834e-15,2.1499627e-15,-7.216227e-16,0.0,True,0.7487023370435022,opposite_sign,opposite_sign,-7.606803671189053e-18,4.283096817252908e-15,-7.17528768265219e-27,-2.03093326777154e-27,3.31155919850536e-20,3.31155963693322e-20,1.6557792404882958e-20,1.6557797169199466e-20,1.6557799580170642e-20,1.6557799200132733e-20,4.3842786e-27,4.764316507440325e-27,-3.80037907440325e-28,0.0,True,0.9261252478365369,opposite_sign,opposite_sign,-1.8110665550636434e-17,-1.8090696178678003e-17,-2.37797967798521e-08,-2.37797939082667e-08,2.37797967632945e-08,2.37797981916346e-08,-8.2788e-18,2.14168395e-15,2.37797967715733e-08,2.377979604995065e-08,1.4283401e-15,2.14996275e-15,-7.2162265e-16,0.0,True,0.7487023544554865,opposite_sign,opposite_sign,-2.571748434724336e-17,4.265006205200958e-15
n23_vd_0p05_vg_0p95,n23_vd_0p05,n23,0.05,0.9500000000000001,-7.44830908944715e-08,-7.44830970170269e-08,7.44830907206232e-08,7.44830906663327e-08,-8.692415e-17,-3.1753471e-15,7.448309080754736e-08,7.44830938416798e-08,-5.42905e-17,-3.08842295e-15,3.03413245e-15,0.0,True,0.5044336471010128,opposite_sign,opposite_sign,-4.537774900474401e-18,-6.350932184535988e-15,1.87477267578226e-26,-6.36267024630553e-27,3.31155021797201e-20,3.31155019636792e-20,1.6557760463723428e-20,1.6557747800504476e-20,1.655774171599667e-20,1.6557754163174723e-20,-2.160409e-28,-1.2663218952064064e-26,1.2447178052064065e-26,0.0,True,0.5043018216710091,same_sign,opposite_sign,-1.8240549965321355e-17,-1.827513332132779e-17,-7.44830908944715e-08,-7.44830970170269e-08,7.44830907206563e-08,7.44830906663658e-08,-8.69076e-17,-3.17533055e-15,7.44830908075639e-08,7.448309384169635e-08,-5.42905e-17,-3.08842295e-15,3.03413245e-15,0.0,True,0.5044336471010128,opposite_sign,opposite_sign,-2.277833992733149e-17,-6.369207332893524e-15
n23_vd_0p05_vg_1,n23_vd_0p05,n23,0.05,1.0,-2.17756465468137e-07,-2.17756467135813e-07,2.17756465230443e-07,2.17756453686321e-07,-1.18847e-16,-6.724746e-15,2.1775646534929e-07,2.17756460411067e-07,-1.1544122e-14,-6.605899e-15,-4.938223e-15,0.0,True,0.5722305256302731,opposite_sign,opposite_sign,1.3139123396613648e-17,-1.3449730163066866e-14,8.8506457149399e-26,-1.86054974364373e-26,3.31155726572913e-20,3.31155709323394e-20,1.6557830581874225e-20,1.655777616342098e-20,1.6557742075417075e-20,1.6557794768918417e-20,-1.7249519e-27,-5.441845324291816e-26,5.269350134291815e-26,0.0,True,0.5080520979505498,same_sign,opposite_sign,-1.8408780932198754e-17,-1.8381084786424157e-17,-2.17756465468137e-07,-2.17756467135813e-07,2.17756465230476e-07,2.17756453686354e-07,-1.188305e-16,-6.7247295e-15,2.177564653493065e-07,2.177564604110835e-07,-1.1544122e-14,-6.605899e-15,-4.938223e-15,0.0,True,0.5722305256302731,opposite_sign,opposite_sign,-5.269765381586e-18,-1.3468111355590455e-14
n23_vd_0p05_vg_1p05,n23_vd_0p05,n23,0.05,1.05,-5.63768612122408e-07,-5.63768614591601e-07,5.63768611896108e-07,5.63768607955508e-07,-1.1315e-16,-3.3180465e-15,5.63768612009258e-07,5.637686112735545e-07,-3.9406e-15,-3.2048965e-15,-7.357035e-16,0.0,True,0.81330165457037,opposite_sign,opposite_sign,-1.6401574164504934e-18,-6.636331511024302e-15,2.09033041444648e-25,-4.8179572619973e-26,3.3115978510172e-20,3.31159662694861e-20,1.6558093771606724e-20,1.655795904495674e-20,1.6557884738565276e-20,1.655800722452936e-20,-1.22406859e-26,-1.347266499823105e-25,1.224859640823105e-25,0.0,True,0.5237948786930892,same_sign,opposite_sign,-1.8540013011919186e-17,-1.8575318645003985e-17,-5.63768612122408e-07,-5.63768614591601e-07,5.63768611896141e-07,5.63768607955541e-07,-1.131335e-16,-3.31803e-15,5.637686120092744e-07,5.63768611273571e-07,-3.9406e-15,-3.2048965e-15,-7.357035e-16,0.0,True,0.81330165457037,opposite_sign,opposite_sign,-2.0180252330970595e-17,-6.654906911302453e-15
n23_vd_0p05_vg_1p1,n23_vd_0p05,n23,0.05,1.1,-1.23129456562597e-06,-1.23129457126939e-06,1.23129456554929e-06,1.23129456758666e-06,-3.834e-17,-1.841365e-15,1.23129456558763e-06,1.231294569428025e-06,2.03737e-15,-1.803025e-15,3.840395e-15,0.0,True,0.31949154945051056,opposite_sign,opposite_sign,5.691496729733201e-18,-3.682968867083225e-15,1.01174778129898e-25,-1.05248980373687e-25,3.31168841366196e-20,3.31168526335278e-20,1.6558492655698865e-20,1.6558373692273712e-20,1.6558391480920734e-20,1.6558478941254086e-20,-3.15030918e-26,-1.189634251517925e-25,8.74603333517925e-26,0.0,True,0.5763068457535446,same_sign,opposite_sign,-1.86031480756633e-17,-1.862737218428685e-17,-1.23129456562597e-06,-1.23129457126939e-06,1.23129456554932e-06,1.23129456758669e-06,-3.8325e-17,-1.84135e-15,1.231294565587645e-06,1.23129456942804e-06,2.03737e-15,-1.803025e-15,3.840395e-15,0.0,True,0.31949154945051056,opposite_sign,opposite_sign,-1.291469866161398e-17,-3.701599286345268e-15
n23_vd_0p05_vg_1p15,n23_vd_0p05,n23,0.05,1.1500000000000001,-2.24591112985844e-06,-2.24591111972117e-06,2.24591112989048e-06,2.24591113712619e-06,1.602e-17,8.70251e-15,2.24591112987446e-06,2.24591112842368e-06,7.23571e-15,8.68649e-15,-1.45078e-15,0.0,True,0.8568865187570224,opposite_sign,opposite_sign,3.5821262654560984e-17,1.740478099601652e-14,-2.15076419985657e-25,-1.92016800540282e-25,3.3118305623074e-20,3.31182698601824e-20,1.655904527332701e-20,1.655903892169093e-20,1.6559260349746993e-20,1.655923093849147e-20,-3.57628916e-26,-6.3516360773125e-27,-2.94112555226875e-26,0.0,True,0.1776040972400705,opposite_sign,opposite_sign,-1.8613325146538245e-17,-1.865179647918032e-17,-2.24591112985844e-06,-2.24591111972117e-06,2.24591112989051e-06,2.24591113712622e-06,1.6035e-17,8.702525e-15,2.245911129874475e-06,2.245911128423695e-06,7.23571e-15,8.68649e-15,-1.45078e-15,0.0,True,0.8568865187570224,opposite_sign,opposite_sign,1.7204889087103692e-17,1.7386126151129123e-14
n23_vd_0p05_vg_1p2,n23_vd_0p05,n23,0.05,1.2000000000000002,-3.52515103013606e-06,-3.52515102667976e-06,3.52515103017085e-06,3.52515102656238e-06,1.7395e-17,-5.869e-17,3.525151030153455e-06,3.52515102662107e-06,-3.60847e-15,-7.6085e-17,-3.532385e-15,0.0,True,0.021085113635418887,opposite_sign,opposite_sign,-3.7331744568913327e-17,-1.1761968941908496e-16,-3.10333089673964e-25,-3.01447756679561e-25,3.31201012753429e-20,3.31200989008754e-20,1.6559895471126612e-20,1.655989872655936e-20,1.6560205804216288e-20,1.656020017431604e-20,-2.3744675e-27,3.2554327472015e-27,-5.6299002472015e-27,0.0,True,0.3663827511306717,opposite_sign,opposite_sign,-1.859750205509965e-17,-1.8613332611745882e-17,-3.52515103013606e-06,-3.52515102667976e-06,3.52515103017088e-06,3.52515102656241e-06,1.741e-17,-5.8675e-17,3.52515103015347e-06,3.525151026621085e-06,-3.60847e-15,-7.6085e-17,-3.532385e-15,0.0,True,0.021085113635418887,opposite_sign,opposite_sign,-5.59322967453277e-17,-1.362360721586564e-16
n23_vd_0p05_vg_1p25,n23_vd_0p05,n23,0.05,1.25,-4.96310846182279e-06,-4.9631084662561e-06,4.96310846187281e-06,4.96310846435262e-06,2.501e-17,-9.5174e-16,4.9631084618478e-06,4.96310846530436e-06,2.47981e-15,-9.7675e-16,3.45656e-15,0.0,True,0.22032070845485652,opposite_sign,opposite_sign,4.289862534197283e-17,-1.903720259954321e-15,-4.2481329393462e-25,-4.2449407410581e-25,3.31221756047415e-20,3.31221773224677e-20,1.6560875395723782e-20,1.6560876414196796e-20,1.6561300209017717e-20,1.6561300908270904e-20,1.7177262e-27,1.018473014405e-27,6.99253185595e-28,0.0,True,0.592919299015757,opposite_sign,opposite_sign,-1.8573913911505453e-17,-1.8575312810265506e-17,-4.96310846182279e-06,-4.9631084662561e-06,4.96310846187285e-06,4.96310846435265e-06,2.503e-17,-9.51725e-16,4.96310846184782e-06,4.963108465304375e-06,2.4798e-15,-9.76755e-16,3.456555e-15,0.0,True,0.22032183628034133,opposite_sign,opposite_sign,2.433140022819695e-17,-1.9222990483642613e-15
n23_vd_0p05_vg_1p3,n23_vd_0p05,n23,0.05,1.3,-6.48345451333929e-06,-6.48345450836827e-06,6.48345451336851e-06,6.48345450972649e-06,1.461e-17,6.7911e-16,6.4834545133539e-06,6.48345450904738e-06,-3.64202e-15,6.645e-16,-4.30652e-15,0.0,True,0.13367477901919528,opposite_sign,opposite_sign,-5.861544890428416e-17,1.3579797349063522e-15,-5.56480964500828e-25,-5.54629869705016e-25,3.31243904535447e-20,3.31243882011161e-20,1.65619169862901e-20,1.6561916785623198e-20,1.65624734672546e-20,1.65624714154929e-20,-2.2524286e-27,-2.00666902094e-28,-2.051761697906e-27,0.0,True,0.08908912899347841,opposite_sign,opposite_sign,-1.8550861467550217e-17,-1.8574980992254354e-17,-6.48345451333929e-06,-6.48345450836827e-06,6.48345451336854e-06,6.48345450972653e-06,1.4625e-17,6.7913e-16,6.483454513353915e-06,6.4834545090474e-06,-3.64201e-15,6.64505e-16,-4.306515e-15,0.0,True,0.1336757848489847,opposite_sign,opposite_sign,-7.71689410197055e-17,1.3394114406290475e-15
n23_vd_0p05_vg_1p35,n23_vd_0p05,n23,0.05,1.35,-8.04104124528028e-06,-8.04104124229647e-06,8.04104124531651e-06,8.04104124104443e-06,1.8115e-17,-6.2602e-16,8.041041245298395e-06,8.04104124167045e-06,-4.27208e-15,-6.44135e-16,-3.627945e-15,0.0,True,0.1507778412389281,opposite_sign,opposite_sign,4.2784423486611103e-17,-1.2522804290898007e-15,-6.98545386893966e-25,-6.87992002390534e-25,3.31266628970614e-20,3.3126662024622e-20,1.6562982175837252e-20,1.6562987016309804e-20,1.6563680721224148e-20,1.6563675008312196e-20,-8.724394e-28,4.840472551716e-27,-5.712911951716e-27,0.0,True,0.4586654215187422,opposite_sign,opposite_sign,-1.8531104593149827e-17,-1.8574608542585882e-17,-8.04104124528028e-06,-8.04104124229647e-06,8.04104124531654e-06,8.04104124104447e-06,1.813e-17,-6.26e-16,8.04104124529841e-06,8.04104124167047e-06,-4.27207e-15,-6.4413e-16,-3.62794e-15,0.0,True,0.15077702378472263,opposite_sign,opposite_sign,2.4250686115210695e-17,-1.2708475060249508e-15
n23_vd_0p05_vg_1p4,n23_vd_0p05,n23,0.05,1.4000000000000001,-9.61034224390347e-06,-9.61034223769615e-06,9.61034224390206e-06,9.61034225358638e-06,-7.05e-19,7.945115e-15,9.610342243902764e-06,9.610342245641266e-06,9.68432e-15,7.94582e-15,1.7385e-15,0.0,True,0.8204830075833925,opposite_sign,opposite_sign,4.994493604214744e-18,1.588999078224725e-14,-8.28248289639294e-25,-8.22393859301572e-25,3.31289614871295e-20,3.31289592348648e-20,1.656406661941993e-20,1.656406842050275e-20,1.656489486770957e-20,1.656489081436205e-20,-2.2522647e-27,1.801082818861e-27,-4.053347518861e-27,0.0,True,0.3076444188354309,opposite_sign,opposite_sign,-1.851509360408726e-17,-1.8509443386452992e-17,-9.61034224390347e-06,-9.61034223769615e-06,9.61034224390209e-06,9.61034225358641e-06,-6.9e-19,7.94513e-15,9.61034224390278e-06,9.61034224564128e-06,9.68432e-15,7.94582e-15,1.7385e-15,0.0,True,0.8204830075833925,opposite_sign,opposite_sign,-1.3523234947010201e-17,1.5871477009844162e-14
n23_vd_0p05_vg_1p45,n23_vd_0p05,n23,0.05,1.4500000000000002,-1.11767242711821e-05,-1.11767242731926e-05,1.11767242712493e-05,1.11767242655446e-05,3.36e-17,-3.824e-15,1.11767242712157e-05,1.11767242693686e-05,-5.7047e-15,-3.8576e-15,-1.8471e-15,0.0,True,0.6762143495714061,opposite_sign,opposite_sign,-2.889053588672274e-17,-7.64824016696744e-15,-9.54934734737559e-25,-9.56580097337411e-25,3.31312564274584e-20,3.31312569436619e-20,1.656515074636183e-20,1.656515018178228e-20,1.6566105681096568e-20,1.656610676187962e-20,5.162035e-28,-5.64579549926e-28,1.080783049926e-27,0.0,True,0.3431338174192022,opposite_sign,opposite_sign,-1.8502488409553577e-17,-1.8509185714034635e-17,-1.11767242711821e-05,-1.11767242731926e-05,1.11767242712494e-05,1.11767242655447e-05,3.365e-17,-3.82395e-15,1.117672427121575e-05,1.117672426936865e-05,-5.7047e-15,-3.8576e-15,-1.8471e-15,0.0,True,0.6762143495714061,opposite_sign,opposite_sign,-4.7326204709993323e-17,-7.666682533094062e-15
n23_vd_0p05_vg_1p5,n23_vd_0p05,n23,0.05,1.5,-1.27315590494205e-05,-1.2731559057914e-05,1.27315590494226e-05,1.27315590535223e-05,1.05e-18,-2.19585e-15,1.273155904942155e-05,1.273155905571815e-05,4.0997e-15,-2.1969e-15,6.2966e-15,0.0,True,0.2586566197680579,opposite_sign,opposite_sign,-3.748480700635185e-18,-4.3919407615523165e-15,-1.08123150988914e-24,-1.08980898914078e-24,3.31335429370047e-20,3.31335414883957e-20,1.6566230852747406e-20,1.656622583970328e-20,1.6567312084257294e-20,1.656731564869242e-20,-1.448609e-27,-5.01304412582e-27,3.56443512582e-27,0.0,True,0.5844425825759374,opposite_sign,opposite_sign,-1.8492754496410707e-17,-1.8488394418418894e-17,-1.27315590494205e-05,-1.2731559057914e-05,1.27315590494226e-05,1.27315590535223e-05,1.05e-18,-2.19585e-15,1.273155904942155e-05,1.273155905571815e-05,4.0997e-15,-2.1969e-15,6.2966e-15,0.0,True,0.2586566197680579,opposite_sign,opposite_sign,-2.2274367658751437e-17,-4.410462288422415e-15
n23_vd_0p05_vg_1p55,n23_vd_0p05,n23,0.05,1.55,-1.42696385582782e-05,-1.42696387384328e-05,1.42696385683499e-05,1.42696387573529e-05,5.03585e-15,9.46005e-15,1.426963856331405e-05,1.426963874789285e-05,1.89003e-13,4.4242e-15,1.845788e-13,0.0,True,0.023408094051417177,opposite_sign,opposite_sign,4.466791749369666e-16,1.891985929178358e-14,1.38781088774869e-23,-1.22163172823732e-24,3.3142532308995e-20,3.31358044906581e-20,1.6578205208936244e-20,1.656729142946493e-20,1.6564327100058756e-20,1.6568513061193168e-20,-6.7278183369e-24,-1.091377947131211e-23,4.18596113441211e-24,0.0,True,0.7227792686170227,same_sign,opposite_sign,-1.8485370867699027e-17,-1.849987505488437e-17,-1.42696385582782e-05,-1.42696387384328e-05,1.42696385683499e-05,1.42696387573529e-05,5.03585e-15,9.46005e-15,1.426963856331405e-05,1.426963874789285e-05,1.89003e-13,4.4242e-15,1.845788e-13,0.0,True,0.023408094051417177,opposite_sign,opposite_sign,4.281606476588574e-16,1.890132628214584e-14
n23_vd_0p05_vg_1p6,n23_vd_0p05,n23,0.05,1.6,-1.57877855154308e-05,-1.57877856733536e-05,1.57877855280805e-05,1.57877856757437e-05,6.32485e-15,1.19505e-15,1.578778552175565e-05,1.578778567454865e-05,1.476632e-13,-5.1298e-15,1.52793e-13,0.0,True,0.03248296002857092,opposite_sign,opposite_sign,6.438223540380692e-16,2.389858706450471e-15,5.57252731668755e-24,-1.35177330494952e-24,3.31409188838183e-20,3.31380407250584e-20,1.6573245705567494e-20,1.6568344475876724e-20,1.6567673178250807e-20,1.6569696249181675e-20,-2.8781587599e-24,-4.901229690768535e-24,2.023070930868535e-24,0.0,True,0.707830286202936,same_sign,opposite_sign,-1.8479890151283666e-17,-1.8425063925864847e-17,-1.57877855154308e-05,-1.57877856733536e-05,1.57877855280806e-05,1.57877856757437e-05,6.3249e-15,1.19505e-15,1.57877855217557e-05,1.578778567454865e-05,1.476631e-13,-5.12985e-15,1.5279295e-13,0.0,True,0.03248327663896537,opposite_sign,opposite_sign,6.254109613490396e-16,2.3714005058356547e-15
n23_vd_0p05_vg_1p65,n23_vd_0p05,n23,0.05,1.6500000000000001,-1.72840798621816e-05,-1.72840799875765e-05,1.72840798745969e-05,1.72840799920841e-05,6.20765e-15,2.2538e-15,1.728407986838925e-05,1.72840799898303e-05,1.174872e-13,-3.95385e-15,1.2144105e-13,0.0,True,0.03153118667505616,opposite_sign,opposite_sign,8.772015452368932e-16,4.507356225874625e-15,1.89799620833234e-24,-1.48006673075673e-24,3.31415706285078e-20,3.31402469328789e-20,1.6571734312358065e-20,1.656938343307407e-20,1.6569836316149734e-20,1.6570863499804828e-20,-1.3236956289e-24,-2.350879283994535e-24,1.027183655094535e-24,0.0,True,0.6959252466232836,same_sign,opposite_sign,-1.8475946240933085e-17,-1.8425061847950452e-17,-1.72840798621816e-05,-1.72840799875765e-05,1.72840798745969e-05,1.72840799920841e-05,6.20765e-15,2.2538e-15,1.728407986838925e-05,1.72840799898303e-05,1.174872e-13,-3.95385e-15,1.2144105e-13,0.0,True,0.03153118667505616,opposite_sign,opposite_sign,8.586924555273931e-16,4.4888980252598086e-15
n23_vd_0p05_vg_1p7,n23_vd_0p05,n23,0.05,1.7000000000000002,-1.87574047878222e-05,-1.87574048941214e-05,1.87574047989012e-05,1.87574048948273e-05,5.5395e-15,3.5295e-16,1.87574047933617e-05,1.875740489447435e-05,9.59261e-14,-5.18655e-15,1.0111265e-13,0.0,True,0.04879199467164381,opposite_sign,opposite_sign,1.0542798804784633e-15,7.056587679954616e-16,1.27155221698429e-25,-1.60641402589641e-24,3.31430726026105e-20,3.31424211154013e-20,1.6571599878916098e-20,1.6570407350687702e-20,1.65714727236944e-20,1.65720137647136e-20,-6.514872092e-25,-1.1925282283974196e-24,5.410410191974195e-25,0.0,True,0.6879034281739469,same_sign,opposite_sign,-1.8473245107834167e-17,-1.8424570577537726e-17,-1.87574047878222e-05,-1.87574048941214e-05,1.87574047989012e-05,1.87574048948273e-05,5.5395e-15,3.5295e-16,1.87574047933617e-05,1.875740489447435e-05,9.59261e-14,-5.18655e-15,1.0111265e-13,0.0,True,0.04879199467164381,opposite_sign,opposite_sign,1.0357734921708632e-15,6.872010566032225e-16
n23_vd_0p05_vg_1p75,n23_vd_0p05,n23,0.05,1.75,-2.02071719277923e-05,-2.02071720291252e-05,2.0207171937501e-05,2.02071720166787e-05,4.85435e-15,-6.22325e-15,2.020717193264665e-05,2.020717202290195e-05,7.91777e-14,-1.10776e-14,9.02553e-14,0.0,True,0.1093188885347207,opposite_sign,opposite_sign,9.179236365915378e-16,-1.2446740320295225e-14,-7.94783197391864e-25,-1.73076256146424e-24,3.31448965024766e-20,3.31445620980712e-20,1.6572050859639605e-20,1.6571415667754868e-20,1.6572845642836996e-20,1.6573146430316333e-20,-3.344044054e-25,-6.35191884736188e-25,3.00787479336188e-25,0.0,True,0.6786387703811286,opposite_sign,opposite_sign,-1.847155206033832e-17,-1.842564547989459e-17,-2.02071719277923e-05,-2.02071720291252e-05,2.02071719375011e-05,2.02071720166787e-05,4.8544e-15,-6.22325e-15,2.02071719326467e-05,2.020717202290195e-05,7.91776e-14,-1.107765e-14,9.025525e-14,0.0,True,0.10931938195788339,opposite_sign,opposite_sign,8.995205843831486e-16,-1.2465199108606456e-14
n23_vd_0p05_vg_1p8,n23_vd_0p05,n23,0.05,1.8,-2.16331476050067e-05,-2.16331476807125e-05,2.16331476132542e-05,2.16331476756356e-05,4.12375e-15,-2.53845e-15,2.163314760913045e-05,2.163314767817405e-05,6.23814e-14,-6.6622e-15,6.90436e-14,0.0,True,0.08800118352887097,opposite_sign,opposite_sign,8.535496099809891e-16,-5.077140453756379e-15,-1.32847029431139e-24,-1.85309038312932e-24,3.3146851753696e-20,3.3146669338033e-20,1.6572761641700843e-20,1.6572408123824935e-20,1.6574090111995155e-20,1.6574261214208065e-20,-1.82415663e-25,-3.53517875908965e-25,1.71102212908965e-25,0.0,True,0.6738550113578547,opposite_sign,opposite_sign,-1.84706797480309e-17,-1.8425643494982448e-17,-2.16331476050067e-05,-2.16331476807125e-05,2.16331476132543e-05,2.16331476756356e-05,4.1238e-15,-2.53845e-15,2.16331476091305e-05,2.163314767817405e-05,6.23813e-14,-6.66225e-15,6.904355e-14,0.0,True,0.08800184398024985,opposite_sign,opposite_sign,8.351440405315499e-16,-5.0955992420676095e-15
n23_vd_0p05_vg_1p85,n23_vd_0p05,n23,0.05,1.85,-2.3035339646953e-05,-2.30353397130507e-05,2.30353396540256e-05,2.30353397067004e-05,3.5363e-15,-3.17515e-15,2.30353396504893e-05,2.303533970987555e-05,5.26748e-14,-6.71145e-15,5.938625e-14,0.0,True,0.10153832886772156,opposite_sign,opposite_sign,8.92874563796434e-16,-6.350542803386622e-15,-1.67201991443135e-24,-1.97339635957437e-24,3.31488465180894e-20,3.31487426516237e-20,1.6573587249087486e-20,1.6573384627632062e-20,1.6575259269001917e-20,1.6575358023991638e-20,-1.038664657e-25,-2.0262145542151e-25,9.875498972151e-26,0.0,True,0.6723201454093559,opposite_sign,opposite_sign,-1.8470478128620827e-17,-1.8425641541974835e-17,-2.3035339646953e-05,-2.30353397130507e-05,2.30353396540256e-05,2.30353397067004e-05,3.5363e-15,-3.17515e-15,2.30353396504893e-05,2.303533970987555e-05,5.26748e-14,-6.71145e-15,5.938625e-14,0.0,True,0.10153832886772156,opposite_sign,opposite_sign,8.743709384933142e-16,-6.3690015916978516e-15
n23_vd_0p05_vg_1p9,n23_vd_0p05,n23,0.05,1.9000000000000001,-2.44139216903731e-05,-2.44139217511515e-05,2.44139216963369e-05,2.44139217509948e-05,2.9819e-15,-7.835e-17,2.4413921693355e-05,2.441392175107315e-05,5.46579e-14,-3.06025e-15,5.771815e-14,0.0,True,0.05035094704697722,opposite_sign,opposite_sign,7.483335538096351e-16,-1.5693975463491395e-16,-1.89907632280353e-24,-2.09169372881941e-24,3.31508400027746e-20,3.31507821301123e-20,1.65744704632259e-20,1.657434521819174e-20,1.65763695395487e-20,1.6576436911920558e-20,-5.78726623e-26,-1.2524503415794e-25,6.737237185794e-26,0.0,True,0.6502269797341907,opposite_sign,opposite_sign,-1.8470826466015147e-17,-1.8425639620793716e-17,-2.44139216903731e-05,-2.44139217511515e-05,2.44139216963369e-05,2.44139217509948e-05,2.9819e-15,-7.835e-17,2.4413921693355e-05,2.441392175107315e-05,5.46579e-14,-3.06025e-15,5.771815e-14,0.0,True,0.05035094704697722,opposite_sign,opposite_sign,7.298295784026848e-16,-1.7539854294614405e-16
n23_vd_0p05_vg_1p95,n23_vd_0p05,n23,0.05,1.9500000000000002,-2.57691814349422e-05,-2.57691814831032e-05,2.57691814400324e-05,2.57691814771882e-05,2.5451e-15,-2.9575e-15,2.57691814374873e-05,2.57691814801457e-05,3.71558e-14,-5.5026e-15,4.26584e-14,0.0,True,0.11425427212890096,opposite_sign,opposite_sign,9.410945618819307e-16,-5.91524263819422e-15,-2.10172116488679e-24,-2.20800576291704e-24,3.31528242685574e-20,3.31527880575325e-20,1.6575361273696255e-20,1.6575290025884792e-20,1.6577462994861144e-20,1.657749803164771e-20,-3.62110249e-26,-7.1247811465125e-26,3.5036786565125e-26,0.0,True,0.6703493524513019,opposite_sign,opposite_sign,-1.8471627076482706e-17,-1.842563773117833e-17,-2.57691814349422e-05,-2.57691814831032e-05,2.57691814400324e-05,2.57691814771883e-05,2.5451e-15,-2.95745e-15,2.57691814374873e-05,2.576918148014575e-05,3.71559e-14,-5.50255e-15,4.265845e-14,0.0,True,0.1142532339444779,opposite_sign,opposite_sign,9.22589784082901e-16,-5.93359978255178e-15
n23_vd_0p05_vg_2,n23_vd_0p05,n23,0.05,2.0,-2.71014846286927e-05,-2.71014846627227e-05,2.71014846330257e-05,2.71014846690615e-05,2.1665e-15,3.1694e-15,2.71014846308592e-05,2.71014846658921e-05,3.60358e-14,1.0029e-15,3.50329e-14,0.0,True,0.027830657290805257,opposite_sign,opposite_sign,6.729926367098326e-16,6.3385592832876176e-15,-2.25584807960088e-24,-2.32236239072718e-24,3.3154783159749e-20,3.31547608533964e-20,1.65762636558347e-20,1.6576219245502835e-20,1.65785195039143e-20,1.6578541607893565e-20,-2.23063526e-26,-4.441033186315e-26,2.210397926315e-26,0.0,True,0.6676808511001776,opposite_sign,opposite_sign,-1.8472800479269333e-17,-1.8425635872739094e-17,-2.71014846286927e-05,-2.71014846627227e-05,2.71014846330257e-05,2.71014846690616e-05,2.1665e-15,3.16945e-15,2.71014846308592e-05,2.710148466589215e-05,3.60359e-14,1.00295e-15,3.503295e-14,0.0,True,0.02783196756567756,opposite_sign,opposite_sign,6.544866837032522e-16,6.320198750798269e-15
n23_vd_0p05_vg_2p05,n23_vd_0p05,n23,0.05,2.0500000000000003,-2.84112496369096e-05,-2.84112496627246e-05,2.84112496406216e-05,2.84112496731162e-05,1.856e-15,5.1958e-15,2.84112496387656e-05,2.84112496679204e-05,3.24946e-14,3.3398e-15,2.91548e-14,0.0,True,0.10278015424101235,opposite_sign,opposite_sign,5.255841718645767e-16,1.0391357719637454e-14,-2.38514199674206e-24,-2.43479819816949e-24,3.31567152032501e-20,3.31567010314259e-20,1.657716503062668e-20,1.6577133116613865e-20,1.657955017262342e-20,1.6579567914812033e-20,-1.41718242e-26,-3.1914012813715e-26,1.7742188613715e-26,0.0,True,0.6426994392705552,opposite_sign,opposite_sign,-1.8474281641281746e-17,-1.8425634044996873e-17,-2.84112496369096e-05,-2.84112496627246e-05,2.84112496406216e-05,2.84112496731162e-05,1.856e-15,5.1958e-15,2.84112496387656e-05,2.84112496679204e-05,3.24946e-14,3.3398e-15,2.91548e-14,0.0,True,0.10278015424101235,opposite_sign,opposite_sign,5.070767358932368e-16,1.0372898931326225e-14
n23_vd_0p05_vg_2p1,n23_vd_0p05,n23,0.05,2.1,-2.96989292761859e-05,-2.96989292984738e-05,2.96989292794292e-05,2.96989293019457e-05,1.62165e-15,1.73595e-15,2.969892927780755e-05,2.969892930020975e-05,2.25165e-14,1.143e-16,2.24022e-14,0.0,True,0.005076277396575845,opposite_sign,opposite_sign,5.63005368795953e-16,3.4716574790622177e-15,-2.52862563026879e-24,-2.54535088771236e-24,3.31586185994841e-20,3.31586091702148e-20,1.6578044986926916e-20,1.6578031909663542e-20,1.6580573612557184e-20,1.6580577260551255e-20,-9.4292693e-27,-1.3077263371785e-26,3.647994071785e-27,0.0,True,0.7818871198788353,opposite_sign,opposite_sign,-1.8476017062635345e-17,-1.842563224741077e-17,-2.96989292761859e-05,-2.96989292984738e-05,2.96989292794292e-05,2.96989293019457e-05,1.62165e-15,1.73595e-15,2.969892927780755e-05,2.969892930020975e-05,2.25165e-14,1.143e-16,2.24022e-14,0.0,True,0.005076277396575845,opposite_sign,opposite_sign,5.444961956433429e-16,3.4531986907509877e-15
n23_vd_0p05_vg_2p15,n23_vd_0p05,n23,0.05,2.15,-3.09649977262282e-05,-3.09649977485859e-05,3.09649977289555e-05,3.09649977407784e-05,1.36365e-15,-3.90375e-15,3.096499772759185e-05,3.096499774468215e-05,1.18229e-14,-5.2674e-15,1.70903e-14,0.0,True,0.23559668481104945,opposite_sign,opposite_sign,5.563760990422882e-16,-7.807738278777873e-15,-2.63537343014693e-24,-2.65406019783908e-24,3.31604941850695e-20,3.31604858916106e-20,1.6578929405819677e-20,1.657891591570638e-20,1.6581564779249822e-20,1.6581569975904218e-20,-8.2934589e-27,-1.3490113296075e-26,5.196654396075e-27,0.0,True,0.7219072617755061,opposite_sign,opposite_sign,-1.8477962505410058e-17,-1.8425630479398688e-17,-3.09649977262282e-05,-3.09649977485859e-05,3.09649977289555e-05,3.09649977407784e-05,1.36365e-15,-3.90375e-15,3.096499772759185e-05,3.096499774468215e-05,1.18229e-14,-5.2674e-15,1.70903e-14,0.0,True,0.23559668481104945,opposite_sign,opposite_sign,5.378649786780682e-16,-7.826197067089103e-15
n23_vd_0p05_vg_2p2,n23_vd_0p05,n23,0.05,2.2,-3.22099410407384e-05,-3.22099410578967e-05,3.22099410431696e-05,3.22099410553434e-05,1.2156e-15,-1.27665e-15,3.2209941041954e-05,3.220994105662005e-05,1.21738e-14,-2.49225e-15,1.466605e-14,0.0,True,0.1452504035947617,opposite_sign,opposite_sign,5.368752197041691e-16,-2.5535387944664317e-15,-2.74721013965448e-24,-2.76096680058204e-24,3.3162338852184e-20,3.31623318449927e-20,1.6579795821022174e-20,1.6579785439096058e-20,1.6582543031161828e-20,1.658254640589664e-20,-7.0071913e-27,-1.038192611378e-26,3.37473481378e-27,0.0,True,0.7546835797181655,opposite_sign,opposite_sign,-1.8480081214435258e-17,-1.8425628740351907e-17,-3.22099410407384e-05,-3.22099410578967e-05,3.22099410431696e-05,3.22099410553435e-05,1.2156e-15,-1.2766e-15,3.2209941041954e-05,3.22099410566201e-05,1.21739e-14,-2.4922e-15,1.46661e-14,0.0,True,0.14524748955316089,opposite_sign,opposite_sign,5.183619788980892e-16,-2.5718959388239916e-15
n23_vd_0p05_vg_2p25,n23_vd_0p05,n23,0.05,2.25,-3.34342502451726e-05,-3.34342502612725e-05,3.34342502473345e-05,3.3434250267973e-05,1.08095e-15,3.35025e-15,3.343425024625355e-05,3.343425026462275e-05,2.06385e-14,2.2693e-15,1.83692e-14,0.0,True,0.1099546963199845,opposite_sign,opposite_sign,1.8886630905858575e-16,6.700255401649873e-15,-2.86022760664558e-24,-2.86611178558699e-24,3.31641514491439e-20,3.31641476955278e-20,1.6580645610768627e-20,1.6580640791871107e-20,1.6583505838375274e-20,1.6583506903656695e-20,-3.7536161e-27,-4.818897520705e-27,1.065281420705e-27,0.0,True,0.8189583574340227,opposite_sign,opposite_sign,-1.8482342515489063e-17,-1.8425627029646356e-17,-3.34342502451726e-05,-3.34342502612725e-05,3.34342502473345e-05,3.3434250267973e-05,1.08095e-15,3.35025e-15,3.343425024625355e-05,3.343425026462275e-05,2.06385e-14,2.2693e-15,1.83692e-14,0.0,True,0.1099546963199845,opposite_sign,opposite_sign,1.7035080525187574e-16,6.681796613338643e-15
n23_vd_0p05_vg_2p3,n23_vd_0p05,n23,0.05,2.3000000000000003,-3.46384163118064e-05,-3.4638416331401e-05,3.46384163136155e-05,3.46384163294572e-05,9.0455e-16,-9.719e-16,3.463841631271095e-05,3.46384163304291e-05,1.58417e-14,-1.87645e-15,1.771815e-14,0.0,True,0.09576362875486102,opposite_sign,opposite_sign,4.3716819573479267e-16,-1.944041178374267e-15,-2.965772509862e-24,-2.96953661761979e-24,3.31659350852515e-20,3.31659341155631e-20,1.658148465637082e-20,1.658148228947274e-20,1.658445042888068e-20,1.658445182609036e-20,-9.696884e-28,-2.366898078895e-27,1.397209678895e-27,0.0,True,0.6288072051063341,opposite_sign,opposite_sign,-1.848472070424096e-17,-1.8439779183140153e-17,-3.46384163118064e-05,-3.4638416331401e-05,3.46384163136156e-05,3.46384163294573e-05,9.046e-16,-9.7185e-16,3.4638416312711e-05,3.463841633042915e-05,1.58417e-14,-1.87645e-15,1.771815e-14,0.0,True,0.09576362875486102,opposite_sign,opposite_sign,4.1875195601490327e-16,-1.9624124765683157e-15
n23_vd_0p05_vg_2p35,n23_vd_0p05,n23,0.05,2.35,-3.58229265110547e-05,-3.5822926533565e-05,3.58229265125553e-05,3.5822926520416e-05,7.503e-16,-6.5745e-15,3.5822926511805e-05,3.58229265269905e-05,7.8607e-15,-7.3248e-15,1.51855e-14,0.0,True,0.32539770682754116,opposite_sign,opposite_sign,4.1409445278745044e-16,-1.3149243616318408e-14,-3.06803034578843e-24,-3.07128248396167e-24,3.31676916202336e-20,3.31676917783213e-20,1.6582311794943907e-20,1.658231024791867e-20,1.6585379825289695e-20,1.658538153040263e-20,1.580877e-28,-1.54702523662e-27,1.70511293662e-27,0.0,True,0.47569480575874457,opposite_sign,opposite_sign,-1.848719416032701e-17,-1.843905168056946e-17,-3.58229265110547e-05,-3.5822926533565e-05,3.58229265125553e-05,3.58229265204161e-05,7.503e-16,-6.57445e-15,3.5822926511805e-05,3.582292652699055e-05,7.8608e-15,-7.32475e-15,1.518555e-14,0.0,True,0.32539548562213744,opposite_sign,opposite_sign,3.955740940035404e-16,-1.3167620964929382e-14
n23_vd_0p05_vg_2p4,n23_vd_0p05,n23,0.05,2.4000000000000004,-3.69882617784818e-05,-3.69882617965797e-05,3.69882617798326e-05,3.69882617820912e-05,6.754e-16,-7.24425e-15,3.69882617791572e-05,3.698826178933545e-05,2.2586e-15,-7.91965e-15,1.017825e-14,0.0,True,0.4376004950850651,opposite_sign,opposite_sign,3.971023391464569e-16,-1.448874160730439e-14,-3.1709295109001e-24,-3.17138981937839e-24,3.31694222120935e-20,3.31694213530869e-20,1.65831256412913e-20,1.658312498163376e-20,1.65862965708022e-20,1.658629637145314e-20,-8.590066e-28,-6.59657539145e-28,-1.99349060855e-28,0.0,True,0.7679306994207029,opposite_sign,opposite_sign,-1.8489744636734116e-17,-1.8439050051102032e-17,-3.69882617784818e-05,-3.69882617965797e-05,3.69882617798326e-05,3.69882617820912e-05,6.754e-16,-7.24425e-15,3.69882617791572e-05,3.698826178933545e-05,2.2586e-15,-7.91965e-15,1.017825e-14,0.0,True,0.4376004950850651,opposite_sign,opposite_sign,3.785794282584399e-16,-1.4507213823605457e-14
n23_vd_0p05_vg_2p45,n23_vd_0p05,n23,0.05,2.45,-3.81348948379817e-05,-3.81348948466165e-05,3.81348948391689e-05,3.81348948421058e-05,5.936e-16,-2.25535e-15,3.81348948385753e-05,3.813489484436115e-05,2.9369e-15,-2.84895e-15,5.78585e-15,0.0,True,0.3299381572242553,opposite_sign,opposite_sign,3.101231401239634e-16,-4.5109442965441e-15,-3.26669959010692e-24,-3.26989870198862e-24,3.31711246676966e-20,3.31711235017589e-20,1.6583928984053246e-20,1.6583926801528456e-20,1.6587195683643355e-20,1.6587196700230445e-20,-1.1659377e-27,-2.18252479085e-27,1.01658709085e-27,0.0,True,0.6822283407263056,opposite_sign,opposite_sign,-1.8492356686484794e-17,-1.8480591115288046e-17,-3.81348948379817e-05,-3.81348948466165e-05,3.81348948391689e-05,3.81348948421058e-05,5.936e-16,-2.25535e-15,3.81348948385753e-05,3.813489484436115e-05,2.9369e-15,-2.84895e-15,5.78585e-15,0.0,True,0.3299381572242553,opposite_sign,opposite_sign,2.915976155795103e-16,-4.52945805551299e-15
n23_vd_0p05_vg_2p5,n23_vd_0p05,n23,0.05,2.5,-3.92632888891897e-05,-3.9263288895348e-05,3.92632888901658e-05,3.92632888917671e-05,4.8805e-16,-1.79045e-15,3.926328888967775e-05,3.926328889355755e-05,1.6013e-15,-2.2785e-15,3.8798e-15,0.0,True,0.36998847084422654,opposite_sign,opposite_sign,3.5373133190994662e-16,-3.581139373870164e-15,-3.37087105516928e-24,-3.36684805525737e-24,3.31728001311766e-20,3.31727988762513e-20,1.6584714630060714e-20,1.6584716014098022e-20,1.6588085501115884e-20,1.6588082862153278e-20,-1.2549253e-27,1.384037305955e-27,-2.638962605955e-27,0.0,True,0.34403115492436104,opposite_sign,opposite_sign,-1.849501719747868e-17,-1.8499461549863102e-17,-3.92632888891897e-05,-3.9263288895348e-05,3.92632888901658e-05,3.92632888917672e-05,4.8805e-16,-1.7904e-15,3.926328888967775e-05,3.92632888935576e-05,1.6014e-15,-2.27845e-15,3.87985e-15,0.0,True,0.3699803517204423,opposite_sign,opposite_sign,3.352031452832076e-16,-3.599577137161963e-15
n23_vd_1_vg_0,n23_vd_1,n23,1.0,0.0,-9.24349174557465e-17,1.4218034378952e-15,2.85672931466966e-16,-1.87658206395557e-15,9.661900700560975e-17,-2.27389313030185e-16,1.8905392446135625e-16,-1.649192750925385e-15,-2.162254995422536e-15,-3.2400832003579473e-16,-1.838246675386741e-15,0.0,True,0.1498474142604438,opposite_sign,opposite_sign,1.9298329041135153e-16,-4.550623809399921e-16,1.3223889727629e-26,-1.71646629355471e-31,1.029086715801e-18,2.62107344192314e-20,5.145433645124448e-19,1.3105367209529877e-20,5.145433512885551e-19,1.3105367209701524e-20,-1.0028759813817685e-18,-5.01437997302915e-19,-5.014379840788536e-19,0.0,True,0.5000000065930691,same_sign,opposite_sign,-1.930232064302021e-16,-1.9300852777366793e-16,-9.24349174425226e-17,1.4218034378952e-15,2.86702018182767e-16,-1.87655585322115e-15,9.71335503701222e-17,-2.27376207662975e-16,1.895684678126448e-16,-1.649179645558175e-15,-2.163257871403917e-15,-3.245097580330972e-16,-1.8387481133708197e-15,0.0,True,0.15000974332407999,opposite_sign,opposite_sign,-3.9916018850614764e-20,-6.480709087136591e-16
n23_vd_1_vg_0p05,n23_vd_1,n23,1.0,0.05,-2.89724704658178e-16,1.42142262606682e-15,4.52762916722086e-16,-1.87620437353562e-15,8.1519106031954e-17,-2.273908737344e-16,3.71243810690132e-16,-1.64881349980122e-15,-2.328967290257706e-15,-3.08909979766354e-16,-2.020057310491352e-15,0.0,True,0.1326381787578358,opposite_sign,opposite_sign,1.9135944165910528e-16,-4.550655378565053e-16,3.37694976514483e-25,-7.32617678184995e-32,-1.38189191712815e-19,2.98357741170263e-20,-6.909442700891924e-20,1.4917887058476518e-20,-6.909476470389575e-20,1.491788705854978e-20,1.680249658298413e-19,8.401231406739576e-20,8.401265176244554e-20,0.0,True,0.4999989951045426,opposite_sign,opposite_sign,-1.9315104918236083e-16,-1.9315097943688305e-16,-2.89724704320483e-16,1.42142262606682e-15,4.52624727530373e-16,-1.8761745377615e-15,8.1450011604945e-17,-2.2737595584734e-16,3.71174715925428e-16,-1.64879858191416e-15,-2.328799265291873e-15,-3.08825967452285e-16,-2.019973297839588e-15,0.0,True,0.13261167334385054,opposite_sign,opposite_sign,-1.791607523255996e-18,-6.48216517293385e-16
n23_vd_1_vg_0p1,n23_vd_1,n23,1.0,0.1,-7.63232203529461e-16,1.42035510438399e-15,9.50300728165851e-16,-1.87506818086733e-15,9.3534262318195e-17,-2.2735653824167e-16,8.56766465847656e-16,-1.64771164262566e-15,-2.825368909033181e-15,-3.20890800559865e-16,-2.504478108473316e-15,0.0,True,0.11357483248786486,opposite_sign,opposite_sign,1.9274494774280355e-16,-4.549969052051587e-16,2.45444885476282e-26,-1.63268645089183e-31,3.74543132952316e-20,3.74378097835616e-20,1.8727168919860073e-20,1.8718904891699166e-20,1.8727144375371528e-20,1.8718904891862434e-20,-1.650351167e-23,-8.264028160908137e-24,-8.239483509091863e-24,0.0,True,0.5007436190644471,same_sign,opposite_sign,-1.9336142188785426e-16,-1.933692494377586e-16,-7.63232203504917e-16,1.42035510438399e-15,9.50338182479147e-16,-1.87503074305755e-15,9.3552989487115e-17,-2.2733781933678e-16,8.56785192992032e-16,-1.64769292372077e-15,-2.825368925536697e-15,-3.20890808823895e-16,-2.504478116712802e-15,0.0,True,0.11357483474939108,opposite_sign,opposite_sign,-6.164741450510071e-19,-6.483661546429199e-16
n23_vd_1_vg_0p15,n23_vd_1,n23,1.0,0.15000000000000002,-2.27616644964882e-15,1.41689034102741e-15,2.47049621247926e-15,-1.87154098934217e-15,9.716488141522e-17,-2.2732532415738e-16,2.37333133106404e-15,-1.64421566518479e-15,-4.34203720182143e-15,-3.244902055726e-16,-4.01754699624883e-15,0.0,True,0.0747322490550013,opposite_sign,opposite_sign,1.9368146290071065e-16,-4.549345183423848e-16,1.37354397128722e-26,-1.68743456714533e-31,3.74386975329486e-20,3.74193240919451e-20,1.8719355634194157e-20,1.8709662045888178e-20,1.8719341898754445e-20,1.8709662046056923e-20,-1.93734410035e-23,-9.693588305978164e-24,-9.679852697521835e-24,0.0,True,0.5003544958392742,same_sign,opposite_sign,-1.936554882875596e-16,-1.9368516566803523e-16,-2.27616644963508e-15,1.41689034102741e-15,2.47053365117679e-15,-1.87150357001808e-15,9.7183600770855e-17,-2.27306614495335e-16,2.373350050405935e-15,-1.644196955522745e-15,-4.34203722119487e-15,-3.2449021526619e-16,-4.01754700592868e-15,0.0,True,0.0747322509540567,opposite_sign,opposite_sign,2.597461315206105e-20,-6.486196840104221e-16
n23_vd_1_vg_0p2,n23_vd_1,n23,1.0,0.2,-7.01538260456209e-15,-4.59196206484347e-15,7.2100997091747e-15,1.01354480272613e-14,9.7358552306305e-17,2.771742981208915e-15,7.112741156868395e-15,7.363705046052385e-15,2.9253483180866e-15,2.67438442890261e-15,2.5096388918399e-16,0.0,True,0.9142105958349125,opposite_sign,opposite_sign,1.9383405587936728e-16,5.543202047963091e-15,1.29857421000355e-26,-1.73942246269235e-31,3.74190141336591e-20,3.74190206749012e-20,1.87095135597006e-20,1.8709510337363628e-20,1.87095005739585e-20,1.8709510337537572e-20,6.5412421e-27,-3.2223369711408845e-27,9.763579071140885e-27,0.0,True,0.24814090593601928,same_sign,opposite_sign,-1.939940787167986e-16,-1.9398484203840326e-16,-7.0153826045491e-15,-4.59196206484347e-15,7.21013712818883e-15,1.0135485446282e-14,9.7377261819865e-17,2.771761690719265e-15,7.112759866368966e-15,7.363723755562735e-15,2.92534831809317e-15,2.6743844288994e-15,2.5096388919377e-16,0.0,True,0.914210595831762,opposite_sign,opposite_sign,-1.6002283742949109e-19,5.3492172059247125e-15
n23_vd_1_vg_0p25,n23_vd_1,n23,1.0,0.25,-2.20430269102481e-14,-1.69221002312901e-14,2.22380334553846e-14,2.2465654864692e-14,9.750327256825e-17,2.77177731670095e-15,2.214053018281635e-14,1.969387754799105e-14,2.276214093074e-16,2.6742740441327e-15,-2.4466526348253e-15,0.0,True,0.5222246307726589,opposite_sign,opposite_sign,1.943689333578404e-16,5.5432706712313974e-15,-3.34962331853693e-27,-1.72709319978307e-31,3.74187867747624e-20,3.74187868643558e-20,1.870939171256954e-20,1.8709393432091544e-20,1.870939506219286e-20,1.8709393432264255e-20,8.95934e-29,1.7195220046084757e-27,-1.6299286046084757e-27,0.0,True,0.5133743426091221,opposite_sign,opposite_sign,-1.9437404777042487e-16,-1.9436346962737781e-16,-2.20430269102515e-14,-1.69221002312901e-14,2.22380708741713e-14,2.24656922834789e-14,9.75219819599e-17,2.7717960260944e-15,2.21405488922114e-14,1.96938962573845e-14,2.276214093076e-16,2.6742740441345e-15,-2.4466526348269e-15,0.0,True,0.5222246307726637,opposite_sign,opposite_sign,-5.114412711684111e-21,5.348907201604054e-15
n23_vd_1_vg_0p3,n23_vd_1,n23,1.0,0.30000000000000004,-7.03718414995906e-14,-6.69055357444395e-14,7.05679132904168e-14,5.88637527017168e-14,9.80358954131e-17,-4.02089152136135e-15,7.04698773950037e-14,6.288464422307815e-14,-1.17041605887e-14,-4.11892741677445e-15,-7.58523317192555e-15,0.0,True,0.3519199335620143,opposite_sign,opposite_sign,1.9507210188912337e-16,-8.042067056131465e-15,9.73069251991076e-27,-1.89335748099551e-31,3.7418550106293e-20,3.74185501062748e-20,1.870927991849276e-20,1.8709275053042732e-20,1.870927018780024e-20,1.870927505323207e-20,-1.82e-32,-4.86545002782943e-27,4.86543182782943e-27,0.0,True,0.5000009351670419,same_sign,opposite_sign,-1.9481977012372501e-16,-1.9481921159030392e-16,-7.03718414995809e-14,-6.69055357444395e-14,7.05679507089669e-14,5.88637901202669e-14,9.8054604693e-17,-4.0208728120863e-15,7.04698961042739e-14,6.28846629323532e-14,-1.17041605887e-14,-4.1189274167793e-15,-7.5852331719207e-15,0.0,True,0.3519199335624287,opposite_sign,opposite_sign,2.5233176536224116e-19,-8.23688626772178e-15
n23_vd_1_vg_0p35,n23_vd_1,n23,1.0,0.35000000000000003,-2.27680582802904e-13,-2.30449572803392e-13,2.27874692925067e-13,2.08232533207394e-13,9.70550610815e-17,-1.1108519797999e-14,2.277776378639855e-13,2.19341053005393e-13,-1.9642159717673e-14,-1.12055748590805e-14,-8.4365848585925e-15,0.0,True,0.5704858844518153,opposite_sign,opposite_sign,1.9426419421911794e-16,-2.2217323664401567e-14,4.47778716883701e-27,-2.28839587888237e-31,3.74183093453395e-20,3.74183093452999e-20,1.8709156911563333e-20,1.870915467253553e-20,1.8709152433776164e-20,1.870915467276437e-20,-3.96e-32,-2.239027804212449e-27,2.2389882042124493e-27,0.0,True,0.5000044216009863,same_sign,opposite_sign,-1.9531829778578988e-16,-1.9532298816505191e-16,-2.276805828029e-13,-2.30449572803392e-13,2.27874730343376e-13,2.08232570625703e-13,9.7073770238e-17,-1.11085010888445e-14,2.27777656573138e-13,2.193410717145475e-13,-1.9642159717673e-14,-1.12055748590825e-14,-8.4365848585905e-15,0.0,True,0.5704858844519171,opposite_sign,opposite_sign,-1.0541035675376688e-18,-2.241264665256697e-14
n23_vd_1_vg_0p4,n23_vd_1,n23,1.0,0.4,-7.44936141894855e-13,-7.49683870189902e-13,7.45133922544404e-13,7.50497252768865e-13,9.88903247745e-17,4.066912894815e-16,7.450350322196295e-13,7.500905614793835e-13,5.363330224461e-15,3.07800964707e-16,5.055529259754e-15,0.0,True,0.05738989616995533,opposite_sign,opposite_sign,1.9254578893009954e-16,8.13098451542979e-16,3.7702706486617e-27,-2.97381163454939e-31,3.74180631828901e-20,3.74180631829015e-20,1.8709033476580375e-20,1.870903159130206e-20,1.8709029706309724e-20,1.870903159159944e-20,1.14e-32,-1.8852783149125776e-27,1.8852897149125776e-27,0.0,True,0.4999984882914312,same_sign,opposite_sign,-1.9578268979770484e-16,-1.9578559110620639e-16,-7.44936141894851e-13,-7.49683870189902e-13,7.45133959962467e-13,7.50497290186928e-13,9.8909033808e-17,4.06709998513e-16,7.45035050928659e-13,7.50090580188415e-13,5.363330224461e-15,3.07800964705e-16,5.055529259756e-15,0.0,True,0.05738989616958243,opposite_sign,opposite_sign,-3.236900867624496e-18,6.173128604365856e-16
n23_vd_1_vg_0p45,n23_vd_1,n23,1.0,0.45,-2.4605499847746e-12,-2.46896329444506e-12,2.46074625028417e-12,2.4751958923538e-12,9.8132754785e-17,3.11629895437e-15,2.460648117529385e-12,2.47207959339943e-12,1.444964206963e-14,3.018166199585e-15,1.1431475870045e-14,0.0,True,0.20887480707418546,opposite_sign,opposite_sign,1.9826194621115835e-16,6.232313717970963e-15,-1.26450418629709e-26,-4.76646534540401e-31,3.74178098804464e-20,3.74178098804714e-20,1.8708898617702267e-20,1.8708904939997376e-20,1.870891126274413e-20,1.8708904940474023e-20,2.5e-32,6.32229510821818e-27,-6.32227010821818e-27,0.0,True,0.5000009885670078,opposite_sign,opposite_sign,-1.9604707891464958e-16,-1.9604100039284402e-16,-2.46054998477461e-12,-2.46896329444506e-12,2.46074628770198e-12,2.47519592977161e-12,9.8151463685e-17,3.116317663275e-15,2.460648136238295e-12,2.472079612108335e-12,1.444964206963e-14,3.01816619959e-15,1.143147587004e-14,0.0,True,0.2088748070745315,opposite_sign,opposite_sign,2.214867299433571e-18,6.036272717578092e-15
n23_vd_1_vg_0p5,n23_vd_1,n23,1.0,0.5,-8.19211061382068e-12,-8.1933517113875e-12,8.19230611736631e-12,8.18376239459872e-12,9.7751772815e-17,-4.79465839439e-15,8.192208365593495e-12,8.18855705299311e-12,-8.54372276759e-15,-4.892410167205e-15,-3.651312600385e-15,0.0,True,0.572632130078472,opposite_sign,opposite_sign,1.9910312754486092e-16,-9.58960104761753e-15,6.73479880584753e-27,-9.80407190419799e-31,3.74175473893311e-20,3.74175473893151e-20,1.8708777062064953e-20,1.8708773694167348e-20,1.8708770327266146e-20,1.8708773695147754e-20,-1.6e-32,-3.3678976065189746e-27,3.367881606518975e-27,0.0,True,0.500001187687385,same_sign,opposite_sign,-1.9595084149707886e-16,-1.9590867167319166e-16,-8.19211061382067e-12,-8.1933517113875e-12,8.19230615478386e-12,8.18376243201627e-12,9.7770481595e-17,-4.794639685615e-15,8.192208384302265e-12,8.188557071701885e-12,-8.54372276759e-15,-4.89241016721e-15,-3.65131260038e-15,0.0,True,0.5726321300790573,opposite_sign,opposite_sign,3.152286055519453e-18,-9.785509719289174e-15
n23_vd_1_vg_0p55,n23_vd_1,n23,1.0,0.55,-2.7453789312487e-11,-2.74606133084498e-11,2.74539817638365e-11,2.74463514757009e-11,9.622567475e-17,-7.13091637445e-15,2.745388553816175e-11,2.745348239207535e-11,-7.6302881356e-15,-7.2271420492e-15,-4.031460864e-16,0.0,True,0.9471650245396271,opposite_sign,opposite_sign,1.958808850565676e-16,-1.4262117081040736e-14,3.48362604922098e-27,-2.6663833187794e-30,3.74172734225484e-20,3.74172734225327e-20,1.8708638453087224e-20,1.870863670993316e-20,1.8708634969461175e-20,1.870863671259954e-20,-1.57e-32,-1.7431540662698797e-27,1.7431383662698798e-27,0.0,True,0.5000022516757133,same_sign,opposite_sign,-1.9549703010135782e-16,-1.9547543904504715e-16,-2.7453789312487e-11,-2.74606133084498e-11,2.74539818012538e-11,2.74463515131182e-11,9.62443834e-17,-7.1308976658e-15,2.74538855568704e-11,2.7453482410784e-11,-7.6302881356e-15,-7.2271420492e-15,-4.031460864e-16,0.0,True,0.9471650245396271,opposite_sign,opposite_sign,3.8385497682345337e-19,-1.4457592520060683e-14
n23_vd_1_vg_0p6,n23_vd_1,n23,1.0,0.6000000000000001,-9.24788081859928e-11,-9.24842901261748e-11,9.24790027620074e-11,9.24880150184218e-11,9.72880073e-17,1.8624461235e-15,9.24789054740001e-11,9.24861525722983e-11,9.0122564144e-15,1.7651581162e-15,7.2470982982e-15,0.0,True,0.19586195010825347,opposite_sign,opposite_sign,1.9354355654806356e-16,3.7246078355637184e-15,-1.05253070511068e-26,-8.24778758387537e-30,3.74169855903322e-20,3.741698559036e-20,1.8708487532512575e-20,1.8708492791056107e-20,1.8708498057819626e-20,1.8708492799303893e-20,2.78e-32,5.258543531761462e-27,-5.2585157317614626e-27,0.0,True,0.5000013216622301,opposite_sign,opposite_sign,-1.9487195422447998e-16,-1.9483684279248788e-16,-9.24788081859928e-11,-9.24842901261748e-11,9.24790027994244e-11,9.24880150558388e-11,9.73067158e-17,1.862464832e-15,9.24789054927086e-11,9.24861525910068e-11,9.0122564144e-15,1.7651581162e-15,7.2470982982e-15,0.0,True,0.19586195010825347,opposite_sign,opposite_sign,-1.3283976405358479e-18,3.5297709927836692e-15
n23_vd_1_vg_0p65,n23_vd_1,n23,1.0,0.65,-3.12624324412336e-10,-3.12623376467586e-10,3.12624524136808e-10,3.1262306062583e-10,9.9862236e-17,-1.57920878e-16,3.12624424274572e-10,3.12623218546708e-10,-1.463510978e-15,-2.57783114e-16,-1.205727864e-15,0.0,True,0.17614019838257747,opposite_sign,opposite_sign,1.9464908255064897e-16,-3.161262538438054e-16,-5.76119979930577e-27,-2.70539126177096e-29,3.74166816469016e-20,3.74166816468953e-20,1.8708337942850902e-20,1.8708340809920693e-20,1.87083437040507e-20,1.8708340836974607e-20,-6.3e-33,2.86706979334403e-27,-2.86707609334403e-27,0.0,True,0.49999945065925033,opposite_sign,opposite_sign,-1.942410053346293e-16,-1.9426945992677716e-16,-3.12624324412336e-10,-3.12623376467586e-10,3.12624524174225e-10,3.12623060663247e-10,9.98809445e-17,-1.579021695e-16,3.126244242932805e-10,3.126232185654165e-10,-1.463510978e-15,-2.57783114e-16,-1.205727864e-15,0.0,True,0.17614019838257747,opposite_sign,opposite_sign,4.080775381548766e-19,-5.103957134541815e-16
n23_vd_1_vg_0p7,n23_vd_1,n23,1.0,0.7000000000000001,-1.05838146166972e-09,-1.05838035554244e-09,1.05838165779286e-09,1.058373768716e-09,9.806157e-17,-3.29341322e-15,1.05838155973129e-09,1.05837706212922e-09,-7.88907686e-15,-3.39147479e-15,-4.49760207e-15,0.0,True,0.42989501182271406,opposite_sign,opposite_sign,1.8440813648746102e-16,-6.587111033292471e-15,-2.09008256565268e-27,-9.07158981285326e-29,3.7416360008588e-20,3.74163600085735e-20,1.8708178959252718e-20,1.87081799589288e-20,1.8708181049335284e-20,1.87081800496447e-20,-1.45e-32,9.996760837620738e-28,-9.996905837620737e-28,0.0,True,0.4999963738517213,opposite_sign,opposite_sign,-1.9363169418575949e-16,-1.9362153019030816e-16,-1.05838146166972e-09,-1.05838035554244e-09,1.05838165783028e-09,1.05837376875342e-09,9.808028e-17,-3.29339451e-15,1.05838155975e-09,1.05837706214793e-09,-7.88907686e-15,-3.39147479e-15,-4.49760207e-15,0.0,True,0.42989501182271406,opposite_sign,opposite_sign,-9.223554059665801e-18,-6.780732559846146e-15
n23_vd_1_vg_0p75,n23_vd_1,n23,1.0,0.75,-3.57747950653383e-09,-3.57748130922102e-09,3.57747974716534e-09,3.57748629429561e-09,1.20315755e-16,2.492537295e-15,3.577479626849585e-09,3.577483801758315e-09,6.54713027e-15,2.37222154e-15,4.17490873e-15,0.0,True,0.3623299739230635,opposite_sign,opposite_sign,2.091065675885616e-16,4.984789889820704e-15,5.93244991882622e-27,-3.05743665975608e-28,3.74160210508229e-20,3.74160210508356e-20,1.870801349163641e-20,1.8708010372545966e-20,1.870800755918649e-20,1.8708010678289632e-20,1.27e-32,-3.119090442400914e-27,3.119103142400914e-27,0.0,True,0.4999989820771168,same_sign,opposite_sign,-1.9303789408118172e-16,-1.9305672771183792e-16,-3.57747950653383e-09,-3.57748130922102e-09,3.57747974720275e-09,3.57748629433303e-09,1.2033446e-16,2.492556005e-15,3.57747962686829e-09,3.577483801777025e-09,6.54713028e-15,2.372221545e-15,4.174908735e-15,0.0,True,0.3623299741333389,opposite_sign,opposite_sign,1.6068667550780235e-17,4.7917331660846716e-15
n23_vd_1_vg_0p8,n23_vd_1,n23,1.0,0.8,-1.20123874895424e-08,-1.20123870392072e-08,1.20123879700735e-08,1.20123956559204e-08,2.4026555e-16,4.3083566e-15,1.201238772980795e-08,1.20123913475638e-08,7.6858469e-15,4.06809105e-15,3.61775585e-15,0.0,True,0.5292963941293184,opposite_sign,opposite_sign,1.8458585353719626e-16,8.61642837500485e-15,5.02165913798261e-27,-1.02583384769641e-27,3.74156707289337e-20,3.74156707289431e-20,1.8707837875296418e-20,1.8707834851554627e-20,1.8707832853637282e-20,1.8707835877388474e-20,9.4e-33,-3.02374179283951e-27,3.02375119283951e-27,0.0,True,0.4999992228184454,same_sign,opposite_sign,-1.926191613394034e-16,-1.9260368074176888e-16,-1.20123874895424e-08,-1.20123870392072e-08,1.20123879701109e-08,1.20123956559578e-08,2.4028425e-16,4.3083753e-15,1.201238772982665e-08,1.20123913475825e-08,7.6858469e-15,4.06809105e-15,3.61775585e-15,0.0,True,0.5292963941293184,opposite_sign,opposite_sign,-8.033323333741813e-18,8.423824678737595e-15
n23_vd_1_vg_0p85,n23_vd_1,n23,1.0,0.8500000000000001,-3.96875602957914e-08,-3.96875633448566e-08,3.96875610147286e-08,3.96875539259233e-08,3.594686e-16,-4.70946665e-15,3.968756065526e-08,3.968755863538995e-08,-7.0888053e-15,-5.06893525e-15,-2.01987005e-15,0.0,True,0.7150619935915012,opposite_sign,opposite_sign,2.0674378708642477e-16,-9.419218281064403e-15,-2.12736775566938e-27,-3.38915305552433e-27,3.74153313395537e-20,3.74153313395379e-20,1.870766460609297e-20,1.8707663975192423e-20,1.8707666733460728e-20,1.870766736434548e-20,-1.58e-32,-6.30900549927475e-28,6.30884749927475e-28,0.0,True,0.5000062609700723,opposite_sign,opposite_sign,-1.9245998276969081e-16,-1.9243881345789363e-16,-3.96875602957914e-08,-3.96875633448566e-08,3.9687561014766e-08,3.96875539259608e-08,3.594873e-16,-4.7094479e-15,3.96875606552787e-08,3.96875586354087e-08,-7.0888052e-15,-5.0689352e-15,-2.01987e-15,0.0,True,0.7150619966253269,opposite_sign,opposite_sign,1.4283790786100006e-17,-9.611657008789997e-15
n23_vd_1_vg_0p9,n23_vd_1,n23,1.0,0.9,-1.2659111816703e-07,-1.26591115214972e-07,1.26591116298585e-07,1.26591111574087e-07,-9.342225e-16,-1.8204425e-15,1.265911172328075e-07,1.265911133945295e-07,-4.724498e-15,-8.8622e-16,-3.838278e-15,0.0,True,0.18757971746416233,opposite_sign,opposite_sign,1.9985142678065275e-16,-3.641170167249347e-15,1.11958017759929e-26,-1.08122928259785e-26,3.7415071649743e-20,3.7415071649728e-20,1.870754142277239e-20,1.8707530418717588e-20,1.8707530226970613e-20,1.8707541231010412e-20,-1.5e-32,-1.10040548009857e-26,1.10040398009857e-26,0.0,True,0.5000003407837041,same_sign,opposite_sign,-1.9240962701668644e-16,-1.9241958297150456e-16,-1.2659111816703e-07,-1.26591115214972e-07,1.26591116298622e-07,1.26591111574125e-07,-9.34204e-16,-1.8204235e-15,1.26591117232826e-07,1.265911133945485e-07,-4.724497e-15,-8.862195e-16,-3.8382775e-15,0.0,True,0.18757965133642798,opposite_sign,opposite_sign,7.44136296321649e-18,-3.83358918114796e-15
n23_vd_1_vg_0p95,n23_vd_1,n23,1.0,0.9500000000000001,-3.76426843100694e-07,-3.7642683624035e-07,3.76426843194925e-07,3.7642685473874e-07,4.71155e-17,9.249195e-15,3.764268431478095e-07,3.76426845489545e-07,1.1543815e-14,9.2020795e-15,2.3417355e-15,0.0,True,0.797143708557353,opposite_sign,opposite_sign,2.1246285376627561e-16,1.8498104564000507e-14,5.13078552328873e-26,-3.21582004273215e-26,3.74150698473499e-20,3.7415069847425e-20,1.8707560577602568e-20,1.8707518844612288e-20,1.8707509269747334e-20,1.8707551002812713e-20,7.51e-32,-4.17329902801044e-26,4.17330653801044e-26,0.0,True,0.49999955011651503,same_sign,opposite_sign,-1.923111554617898e-16,-1.9231889162081177e-16,-3.76426843100694e-07,-3.7642683624035e-07,3.76426843194962e-07,3.76426854738778e-07,4.7134e-17,9.249214e-15,3.76426843147828e-07,3.76426845489564e-07,1.1543816e-14,9.20208e-15,2.341736e-15,0.0,True,0.7971436828168432,opposite_sign,opposite_sign,2.0151287935213693e-17,1.8305786267945515e-14
n23_vd_1_vg_1,n23_vd_1,n23,1.0,1.0,-9.93324865031906e-07,-9.93324870038045e-07,9.93324864863508e-07,9.93324864448214e-07,-8.4199e-17,-2.7949155e-15,9.93324864947707e-07,9.933248672431296e-07,-4.15294e-16,-2.7107165e-15,2.2954225e-15,0.0,True,0.5414784727311807,opposite_sign,opposite_sign,1.72927442555415e-16,-5.5901169314586984e-15,1.57991616855406e-25,-8.48794283813702e-26,3.74156764135689e-20,3.74156764136909e-20,1.8707917202592877e-20,1.870779576713126e-20,1.870775921097602e-20,1.870788064655964e-20,1.22e-31,-1.214354616183881e-25,1.214355836183881e-25,0.0,True,0.4999997488379072,same_sign,opposite_sign,-1.921621431688818e-16,-1.9216089124141474e-16,-9.93324865031906e-07,-9.93324870038045e-07,9.93324864863546e-07,9.93324864448251e-07,-8.418e-17,-2.794897e-15,9.93324864947726e-07,9.93324867243148e-07,-4.15295e-16,-2.710717e-15,2.295422e-15,0.0,True,0.5414785726085513,opposite_sign,opposite_sign,-1.9234211723482376e-17,-5.782278180600204e-15
n23_vd_1_vg_1p05,n23_vd_1,n23,1.0,1.05,-2.2364012618351e-06,-2.23640125761643e-06,2.23640126187481e-06,2.2364012646217e-06,1.9855e-17,3.502635e-15,2.236401261854955e-06,2.236401261119065e-06,2.74689e-15,3.48278e-15,-7.3589e-16,0.0,True,0.8255635069820583,opposite_sign,opposite_sign,1.9759989520781586e-16,7.004983608300213e-15,1.05931010863217e-25,-1.91149531184171e-25,3.74173379133741e-20,3.7417337913723e-20,1.8708721922192482e-20,1.8708573382095907e-20,1.8708615991181617e-20,1.8708764531627092e-20,3.489e-31,-1.48540096573694e-25,1.48540445473694e-25,0.0,True,0.49999941278550664,same_sign,opposite_sign,-1.920687303721146e-16,-1.920712976159798e-16,-2.2364012618351e-06,-2.23640125761643e-06,2.23640126187485e-06,2.23640126462174e-06,1.9875e-17,3.502655e-15,2.236401261854975e-06,2.236401261119085e-06,2.74689e-15,3.48278e-15,-7.3589e-16,0.0,True,0.8255635069820583,opposite_sign,opposite_sign,5.533981456851931e-18,6.8129151276024635e-15
n23_vd_1_vg_1p1,n23_vd_1,n23,1.0,1.1,-4.28280077064445e-06,-4.28280076893512e-06,4.28280077081401e-06,4.28280076704267e-06,8.478e-17,-9.46225e-16,4.28280077072923e-06,4.282800767988895e-06,-3.77134e-15,-1.031005e-15,-2.740335e-15,0.0,True,0.2733789581421988,opposite_sign,opposite_sign,2.138777787124695e-16,-1.892737249096452e-15,-2.88425861149627e-25,-3.66165014784746e-25,3.74203638008989e-20,3.74203638010886e-20,1.8710037687518875e-20,1.8709998818036908e-20,1.8710326113380024e-20,1.8710364983051692e-20,1.897e-31,-3.88694819675595e-26,3.88696716675595e-26,0.0,True,0.4999987798941001,opposite_sign,opposite_sign,-1.9209136110166896e-16,-1.9213420233978793e-16,-4.28280077064445e-06,-4.28280076893512e-06,4.28280077081405e-06,4.28280076704271e-06,8.48e-17,-9.46205e-16,4.28280077072925e-06,4.282800767988915e-06,-3.77134e-15,-1.031005e-15,-2.740335e-15,0.0,True,0.2733789581421988,opposite_sign,opposite_sign,2.1789655116894314e-17,-2.084869060885355e-15
n23_vd_1_vg_1p15,n23_vd_1,n23,1.0,1.1500000000000001,-7.16205528752182e-06,-7.16205528752565e-06,7.1620552877086e-06,7.16205528849521e-06,9.339e-17,4.8478e-16,7.16205528761521e-06,7.16205528801043e-06,7.8661e-16,3.9139e-16,3.9522e-16,0.0,True,0.49756550259976356,opposite_sign,opposite_sign,2.302690314741602e-16,9.692729534262532e-16,-6.15743898427822e-25,-6.12520256520065e-25,3.74248139189497e-20,3.74248139189847e-20,1.8712099087525637e-20,1.871210069936409e-20,1.8712714831424065e-20,1.871271321962061e-20,3.5e-32,1.6118384538785e-27,-1.6118034538785e-27,0.0,True,0.500005428642666,opposite_sign,opposite_sign,-1.9222031447232094e-16,-1.9221401925768528e-16,-7.16205528752182e-06,-7.16205528752565e-06,7.16205528770864e-06,7.16205528849525e-06,9.341e-17,4.848e-16,7.16205528761523e-06,7.16205528801045e-06,7.8661e-16,3.9139e-16,3.9522e-16,0.0,True,0.49756550259976356,opposite_sign,opposite_sign,3.8051103352184985e-17,7.770613205156901e-16
n23_vd_1_vg_1p2,n23_vd_1,n23,1.0,1.2000000000000002,-1.08071333402238e-05,-1.08071333322023e-05,1.08071333404157e-05,1.08071333337534e-05,9.595e-17,7.7555e-16,1.080713334031975e-05,1.080713333297785e-05,-6.6623e-15,6.796e-16,-7.3419e-15,0.0,True,0.08472230879511314,opposite_sign,opposite_sign,1.9015205953126486e-16,1.550810408309319e-15,-9.24396514027147e-25,-9.24560676239534e-25,3.74305803477148e-20,3.74305803476983e-20,1.8714827975600386e-20,1.871482789351103e-20,1.8715752372114414e-20,1.871575245418727e-20,-1.65e-32,-8.20893561935e-29,8.20728561935e-29,0.0,True,0.5000502551706634,opposite_sign,opposite_sign,-1.924267801461138e-16,-1.9241296685490398e-16,-1.08071333402238e-05,-1.08071333322023e-05,1.08071333404157e-05,1.08071333337534e-05,9.595e-17,7.7555e-16,1.080713334031975e-05,1.080713333297785e-05,-6.6623e-15,6.796e-16,-7.3419e-15,0.0,True,0.08472230879511314,opposite_sign,opposite_sign,-2.3121502708007282e-18,1.3583600117986274e-15
n23_vd_1_vg_1p25,n23_vd_1,n23,1.0,1.25,-1.511947396211e-05,-1.51194739703022e-05,1.51194739622742e-05,1.51194739586115e-05,8.21e-17,-5.84535e-15,1.51194739621921e-05,1.511947396445685e-05,-3.6627e-15,-5.92745e-15,2.26475e-15,0.0,True,0.7235480090818096,opposite_sign,opposite_sign,2.354433512332808e-16,-1.1690988433886401e-14,-1.27980010627494e-24,-1.29393038101282e-24,3.74375073684508e-20,3.74375073684459e-20,1.8718113784172263e-20,1.8718106719032445e-20,1.8719393584278537e-20,1.8719400649413455e-20,-4.9e-33,-7.06513981894e-27,7.06513491894e-27,0.0,True,0.5000001733865793,opposite_sign,opposite_sign,-1.9268493580298667e-16,-1.9262546820238194e-16,-1.511947396211e-05,-1.51194739703022e-05,1.51194739622742e-05,1.51194739586116e-05,8.21e-17,-5.8453e-15,1.51194739621921e-05,1.51194739644569e-05,-3.6626e-15,-5.9274e-15,2.2648e-15,0.0,True,0.7235419057151926,opposite_sign,opposite_sign,4.2720979202726636e-17,-1.1883551388414445e-14
n23_vd_1_vg_1p3,n23_vd_1,n23,1.0,1.3,-2.00021888063793e-05,-2.00021888097871e-05,2.00021888065714e-05,2.00021888101694e-05,9.605e-17,1.9115e-16,2.000218880647535e-05,2.000218880997825e-05,3.598e-15,9.51e-17,3.5029e-15,0.0,True,0.026431350750416895,opposite_sign,opposite_sign,2.005488342505202e-16,3.820103878088087e-16,-1.71404052792136e-24,-1.71240673541986e-24,3.7445436895058e-20,3.74454368950621e-20,1.872186142726504e-20,1.872186224416334e-20,1.872357546779296e-20,1.872357465089876e-20,4.1e-33,8.1689830075e-28,-8.1689420075e-28,0.0,True,0.5000012547493016,opposite_sign,opposite_sign,-1.9297600166999649e-16,-1.9297977071361666e-16,-2.00021888063793e-05,-2.00021888097871e-05,2.00021888065715e-05,2.00021888101695e-05,9.61e-17,1.912e-16,2.00021888064754e-05,2.00021888099783e-05,3.598e-15,9.51e-17,3.5029e-15,0.0,True,0.026431350750416895,opposite_sign,opposite_sign,7.637032811339786e-18,1.8909481732437343e-16
n23_vd_1_vg_1p35,n23_vd_1,n23,1.0,1.35,-2.53707732343761e-05,-2.53707732427659e-05,2.53707732345566e-05,2.5370773227913e-05,9.025e-17,-7.42645e-15,2.537077323446635e-05,2.537077323533945e-05,-6.6436e-15,-7.5167e-15,8.731e-16,0.0,True,0.8959331569286514,opposite_sign,opposite_sign,2.3624074430639556e-16,-1.4853192400054912e-14,-2.17116598267673e-24,-2.17281625388491e-24,3.74542305603246e-20,3.74542305603158e-20,1.872602969717096e-20,1.872602887203096e-20,1.872820086315364e-20,1.8728201688284843e-20,-8.8e-33,-8.2514000409e-28,8.2513120409e-28,0.0,True,0.5000026662284224,opposite_sign,opposite_sign,-1.9328697761318764e-16,-1.9331038748260395e-16,-2.53707732343761e-05,-2.53707732427659e-05,2.53707732345566e-05,2.5370773227913e-05,9.025e-17,-7.42645e-15,2.537077323446635e-05,2.537077323533945e-05,-6.6436e-15,-7.5167e-15,8.731e-16,0.0,True,0.8959331569286514,opposite_sign,opposite_sign,4.2916314633813394e-17,-1.5046540239595262e-14
n23_vd_1_vg_1p4,n23_vd_1,n23,1.0,1.4000000000000001,-3.11544967325141e-05,-3.11544967312981e-05,3.11544967327134e-05,3.11544967229044e-05,9.965e-17,-4.19685e-15,3.115449673261375e-05,3.115449672710125e-05,-9.809e-15,-4.2965e-15,-5.5125e-15,0.0,True,0.43801610765623405,opposite_sign,opposite_sign,2.0402797383268895e-16,-8.393994217407653e-15,-2.67101251407397e-24,-2.66915418875233e-24,3.74637733375554e-20,3.74637733375382e-20,1.8730551162520664e-20,1.8730552091674723e-20,1.8733222175034736e-20,1.8733221245863475e-20,-1.72e-32,9.2915406082e-28,-9.2917126082e-28,0.0,True,0.49999537217735784,opposite_sign,opposite_sign,-1.9360904699227194e-16,-1.9361294757361163e-16,-3.11544967325141e-05,-3.11544967312981e-05,3.11544967327135e-05,3.11544967229045e-05,9.97e-17,-4.1968e-15,3.11544967326138e-05,3.11544967271013e-05,-9.809e-15,-4.2965e-15,-5.5125e-15,0.0,True,0.43801610765623405,opposite_sign,opposite_sign,1.0483109691762346e-17,-8.587542982131778e-15
n23_vd_1_vg_1p45,n23_vd_1,n23,1.0,1.4500000000000002,-3.72948410425475e-05,-3.72948410431807e-05,3.72948410427313e-05,3.72948410402119e-05,9.19e-17,-1.4844e-15,3.72948410426394e-05,3.72948410416963e-05,-2.5194e-15,-1.5763e-15,-9.431e-16,0.0,True,0.6256648408351195,opposite_sign,opposite_sign,2.1255940178257445e-16,-2.969094412938243e-15,-3.1952711567023e-24,-3.19645261145776e-24,3.7473971711207e-20,3.74739717111962e-20,1.873538822002515e-20,1.873538762929237e-20,1.873858349118185e-20,1.873858408190383e-20,-1.08e-32,-5.9073277773e-28,5.9072197773e-28,0.0,True,0.5000045706363067,opposite_sign,opposite_sign,-1.9393628034640996e-16,-1.9393974025782942e-16,-3.72948410425475e-05,-3.72948410431807e-05,3.72948410427313e-05,3.72948410402119e-05,9.19e-17,-1.4844e-15,3.72948410426394e-05,3.72948410416963e-05,-2.5194e-15,-1.5763e-15,-9.431e-16,0.0,True,0.6256648408351195,opposite_sign,opposite_sign,1.8585650659724145e-17,-3.1630716239713313e-15
n23_vd_1_vg_1p5,n23_vd_1,n23,1.0,1.5,-4.37434622538895e-05,-4.37434622492275e-05,4.37434622540883e-05,4.37434622439729e-05,9.94e-17,-2.6273e-15,4.37434622539889e-05,4.37434622466002e-05,-1.01154e-14,-2.7267e-15,-7.3887e-15,0.0,True,0.26955928584139033,opposite_sign,opposite_sign,2.1792519519272178e-16,-5.254891380823012e-15,-3.75304223053276e-24,-3.75060720305457e-24,3.74846653502332e-20,3.74846653502156e-20,1.8740456154001333e-20,1.8740457371506273e-20,1.8744209196231866e-20,1.8744207978709327e-20,-1.76e-32,1.217504939095e-27,-1.217522539095e-27,0.0,True,0.49999638607774294,opposite_sign,opposite_sign,-1.94264815333422e-16,-1.9428438520025298e-16,-4.37434622538895e-05,-4.37434622492275e-05,4.37434622540883e-05,4.37434622439729e-05,9.94e-17,-2.6273e-15,4.37434622539889e-05,4.37434622466002e-05,-1.01154e-14,-2.7267e-15,-7.3887e-15,0.0,True,0.26955928584139033,opposite_sign,opposite_sign,2.3622898946992272e-17,-5.4492132469380075e-15
n23_vd_1_vg_1p55,n23_vd_1,n23,1.0,1.55,-5.0460320705425e-05,-5.04603208310835e-05,5.0460319499868e-05,5.04603208552805e-05,-6.027785e-13,1.20985e-14,5.04603201026465e-05,5.0460320843182e-05,1.3554125e-12,6.14877e-13,7.405355e-13,0.0,True,0.4536456613761493,opposite_sign,opposite_sign,1.0187816782524006e-13,2.4196701060657302e-14,-1.52912168970496e-24,-4.32821706894333e-24,3.74958054034917e-20,3.74958054158435e-20,1.8747138140900998e-20,1.8745738599387278e-20,1.8748667262590702e-20,1.875006681645622e-20,1.23518e-29,-1.399541513719185e-24,1.399553865519185e-24,0.0,True,0.4999977936085902,opposite_sign,opposite_sign,-1.945922033183822e-16,-1.9461307469365322e-16,-5.0460320705425e-05,-5.04603208310835e-05,5.0460319499868e-05,5.04603208552806e-05,-6.027785e-13,1.209855e-14,5.04603201026465e-05,5.046032084318205e-05,1.3554126e-12,6.1487705e-13,7.4053555e-13,0.0,True,0.45364566479609236,opposite_sign,opposite_sign,1.016835381276502e-13,2.4002152138440122e-14
n23_vd_1_vg_1p6,n23_vd_1,n23,1.0,1.6,-5.74119657088602e-05,-5.74119658194887e-05,5.74119634369605e-05,5.74119658352393e-05,-1.13594985e-12,7.8753e-15,5.741196457291035e-05,5.7411965827364e-05,2.3982788e-12,1.14382515e-12,1.25445365e-12,0.0,True,0.4769358549973422,opposite_sign,opposite_sign,1.1002474771502169e-13,1.575030471837684e-14,-3.31287563695615e-24,-4.92644183297166e-24,3.75073447545762e-20,3.75073447663889e-20,1.875201593946962e-20,1.8751209162277963e-20,1.8755328815106577e-20,1.8756135604110935e-20,1.18127e-29,-8.06777191657755e-25,8.06789004357755e-25,0.0,True,0.4999963395675897,opposite_sign,opposite_sign,-1.9491682713807707e-16,-1.9488692670470646e-16,-5.74119657088602e-05,-5.74119658194887e-05,5.74119634369606e-05,5.74119658352394e-05,-1.1359498e-12,7.87535e-15,5.74119645729104e-05,5.741196582736405e-05,2.3982788e-12,1.14382515e-12,1.25445365e-12,0.0,True,0.4769358549973422,opposite_sign,opposite_sign,1.0982988825154173e-13,1.555548193320748e-14
n23_vd_1_vg_1p65,n23_vd_1,n23,1.0,1.6500000000000001,-6.4570143583861e-05,-6.45701436827062e-05,6.45701417891463e-05,6.45701436854812e-05,-8.9735735e-13,1.3875e-15,6.457014268650364e-05,6.45701436840937e-05,1.8963349e-12,8.9874485e-13,9.9759005e-13,0.0,True,0.4739378313398123,opposite_sign,opposite_sign,9.220494880103642e-14,2.7747080104441914e-15,-4.66146393118433e-24,-5.54288076845993e-24,3.75192439472972e-20,3.75192439508445e-20,1.8757291241683007e-20,1.875685053503802e-20,1.8761952705614192e-20,1.876239341580648e-20,3.5473e-30,-4.407066449878e-25,4.407101922878e-25,0.0,True,0.49999798772847875,opposite_sign,opposite_sign,-1.9523743562495665e-16,-1.9525336253530394e-16,-6.4570143583861e-05,-6.45701436827062e-05,6.45701417891463e-05,6.45701436854812e-05,-8.9735735e-13,1.3875e-15,6.457014268650364e-05,6.45701436840937e-05,1.8963349e-12,8.9874485e-13,9.9759005e-13,0.0,True,0.4739378313398123,opposite_sign,opposite_sign,9.200967385082635e-14,2.5794171342078173e-15
n23_vd_1_vg_1p7,n23_vd_1,n23,1.0,1.7000000000000002,-7.19111411520398e-05,-7.1911141154638e-05,7.19111411522398e-05,7.19111411588001e-05,1e-16,2.08105e-15,7.19111411521398e-05,7.191114115671905e-05,6.5603e-15,1.98105e-15,4.57925e-15,0.0,True,0.301975519412222,opposite_sign,opposite_sign,1.6742735766580887e-16,4.161808531761296e-15,-6.1796573399033e-24,-6.1755189315069e-24,3.75314978471163e-20,3.75314978471268e-20,1.87626590948882e-20,1.8762661164097647e-20,1.87688387522281e-20,1.8768836683029152e-20,1.05e-32,2.0692094482e-27,-2.0691989482e-27,0.0,True,0.5000012686036507,opposite_sign,opposite_sign,-1.9555341567986623e-16,-1.9557559121425082e-16,-7.19111411520398e-05,-7.1911141154638e-05,7.19111411522398e-05,7.19111411588002e-05,1e-16,2.0811e-15,7.19111411521398e-05,7.19111411567191e-05,6.5604e-15,1.9811e-15,4.5793e-15,0.0,True,0.3019785378940309,opposite_sign,opposite_sign,-2.816358333224662e-17,3.9662902829148094e-15
n23_vd_1_vg_1p75,n23_vd_1,n23,1.0,1.75,-7.94145445784453e-05,-7.94145446591424e-05,7.94145425796608e-05,7.94145446623843e-05,-9.9939225e-13,1.62095e-15,7.941454357905305e-05,7.941454466076335e-05,2.0827235e-12,1.0010132e-12,1.0817103e-12,0.0,True,0.48062702514279976,opposite_sign,opposite_sign,5.848902027048895e-14,3.2416048571856184e-15,-6.49442852136762e-24,-6.82262076118331e-24,3.75440592387088e-20,3.75440592397728e-20,1.8768782405093715e-20,1.8768618309505807e-20,1.8775276833615084e-20,1.877544093026699e-20,1.064e-30,-1.64095587907845e-25,1.64096651907845e-25,0.0,True,0.4999983789988444,opposite_sign,opposite_sign,-1.958641606572048e-16,-1.95846575603905e-16,-7.94145445784453e-05,-7.94145446591424e-05,7.94145425796609e-05,7.94145446623844e-05,-9.993922e-13,1.621e-15,7.94145435790531e-05,7.94145446607634e-05,2.0827235e-12,1.0010132e-12,1.0817103e-12,0.0,True,0.48062702514279976,opposite_sign,opposite_sign,5.829321343995908e-14,3.0458291645623425e-15
n23_vd_1_vg_1p8,n23_vd_1,n23,1.0,1.8,-8.70628950729751e-05,-8.70628951345812e-05,8.70628932145599e-05,8.70628951500262e-05,-9.292076e-13,7.7225e-15,8.70628941437675e-05,8.70628951423037e-05,1.9354663e-12,9.369301e-13,9.985362e-13,0.0,True,0.48408494635117133,opposite_sign,opposite_sign,3.622219086243514e-14,1.5444692698637788e-14,-7.27543152225059e-24,-7.48270132702849e-24,3.75568894574429e-20,3.7556889458045e-20,1.8774807012960325e-20,1.8774703378358986e-20,1.8782082444482576e-20,1.8782186079686015e-20,6.021e-31,-1.0363460133895e-25,1.0363520343895e-25,0.0,True,0.4999985475453102,opposite_sign,opposite_sign,-1.961692761390101e-16,-1.9617216723374327e-16,-8.70628950729751e-05,-8.70628951345812e-05,8.706289321456e-05,8.70628951500263e-05,-9.2920755e-13,7.72255e-15,8.706289414376755e-05,8.706289514230375e-05,1.9354663e-12,9.369301e-13,9.985362e-13,0.0,True,0.48408494635117133,opposite_sign,opposite_sign,3.6026092456892303e-14,1.5248591402214537e-14
n23_vd_1_vg_1p85,n23_vd_1,n23,1.0,1.85,-9.48410761885079e-05,-9.48410762513002e-05,9.48410744167212e-05,9.48410762553373e-05,-8.8589335e-13,2.01855e-15,9.484107530261455e-05,9.484107625331875e-05,1.8386161e-12,8.879119e-13,9.507042e-13,0.0,True,0.4829240318302445,opposite_sign,opposite_sign,2.1177826486460396e-14,4.0367981219755025e-15,-8.02069645407048e-24,-8.15447339779693e-24,3.75699550609954e-20,3.75699550614084e-20,1.8780967182270666e-20,1.87809002940053e-20,1.8788987878724734e-20,1.87890547674031e-20,4.13e-31,-6.6888265363225e-26,6.6888678363225e-26,0.0,True,0.499998456385725,opposite_sign,opposite_sign,-1.9646845453726846e-16,-1.96455058331474e-16,-9.48410761885079e-05,-9.48410762513002e-05,9.48410744167213e-05,9.48410762553374e-05,-8.858933e-13,2.0186e-15,9.48410753026146e-05,9.48410762533188e-05,1.8386161e-12,8.879119e-13,9.507042e-13,0.0,True,0.4829240318302445,opposite_sign,opposite_sign,2.0981428890197697e-14,3.840400369533534e-15
n23_vd_1_vg_1p9,n23_vd_1,n23,1.0,1.9000000000000001,-0.000102735915786966,-0.000102735915840733,0.000102735914141473,0.000102735915850658,-8.227465e-13,4.9625e-15,0.0001027359149642195,0.0001027359158456955,1.709185e-12,8.27709e-13,8.81476e-13,0.0,True,0.4842711584761158,opposite_sign,opposite_sign,1.0035383206636351e-14,9.924706464952314e-15,-8.73625831249664e-24,-8.83681459660756e-24,3.75832265989517e-20,3.75832265992237e-20,1.87872451703196e-20,1.8787194892313547e-20,1.8795981428632098e-20,1.8796031706910155e-20,2.72e-31,-5.027800605546e-26,5.027827805546e-26,0.0,True,0.4999986475236113,opposite_sign,opposite_sign,-1.9676145631663836e-16,-1.9675406943602238e-16,-0.000102735915786966,-0.000102735915840733,0.000102735914141473,0.000102735915850658,-8.227465e-13,4.9625e-15,0.0001027359149642195,0.0001027359158456955,1.709185e-12,8.27709e-13,8.81476e-13,0.0,True,0.4842711584761158,opposite_sign,opposite_sign,9.838584175836252e-15,9.727914821126507e-15
n23_vd_1_vg_1p95,n23_vd_1,n23,1.0,1.9500000000000002,-0.000110735877398554,-0.000110735877443112,0.000110735875911499,0.000110735877440341,-7.435275e-13,-1.3855e-15,0.0001107358766550265,0.0001107358774417265,1.528842e-12,7.42142e-13,7.867e-13,0.0,True,0.4854275327339254,opposite_sign,opposite_sign,2.404773093390693e-15,-2.771301606720163e-15,-9.46575207507379e-24,-9.52874173182821e-24,3.75967002429285e-20,3.75967002430659e-20,1.8793617245426712e-20,1.8793585750667035e-20,1.8803082997501787e-20,1.8803114492398864e-20,1.374e-31,-3.149475967721e-26,3.149489707721e-26,0.0,True,0.4999989093447474,opposite_sign,opposite_sign,-1.9704810622528315e-16,-1.9701700468614966e-16,-0.000110735877398554,-0.000110735877443112,0.000110735875911499,0.000110735877440341,-7.435275e-13,-1.3855e-15,0.0001107358766550265,0.0001107358774417265,1.528842e-12,7.42142e-13,7.867e-13,0.0,True,0.4854275327339254,opposite_sign,opposite_sign,2.2076873999306598e-15,-2.9683561985778142e-15
n23_vd_1_vg_2,n23_vd_1,n23,1.0,2.0,-0.000118830792203879,-0.000118830792237117,0.00011883079089508,0.000118830792243614,-6.543995e-13,3.2485e-15,0.0001188307915494795,0.0001188307922403655,1.348534e-12,6.57648e-13,6.90886e-13,0.0,True,0.4876762469466843,opposite_sign,opposite_sign,-2.557453292683793e-15,6.496701878155672e-15,-1.01859808847729e-23,-1.02293875605768e-23,3.76103556900068e-20,3.76103556900957e-20,1.8800084854561014e-20,1.8800063151267563e-20,1.8810270835445785e-20,1.881029253882814e-20,8.89e-32,-2.170329345195e-26,2.170338235195e-26,0.0,True,0.4999989759639692,opposite_sign,opposite_sign,-1.9732827845071688e-16,-1.9735092853630746e-16,-0.000118830792203879,-0.000118830792237117,0.00011883079089508,0.000118830792243614,-6.543995e-13,3.2485e-15,0.0001188307915494795,0.0001188307922403655,1.348534e-12,6.57648e-13,6.90886e-13,0.0,True,0.4876762469466843,opposite_sign,opposite_sign,-2.7548191713038445e-15,6.299313349493062e-15
n23_vd_1_vg_2p05,n23_vd_1,n23,1.0,2.0500000000000003,-0.000127011644027611,-0.00012701164405733,0.000127011642900181,0.000127011644052691,-5.63715e-13,-2.3195e-15,0.000127011643463896,0.0001270116440550105,1.15251e-12,5.613955e-13,5.911145e-13,0.0,True,0.48710683638319846,opposite_sign,opposite_sign,-4.724357810773589e-15,-4.639301895731199e-15,-1.09175721879767e-23,-1.09379805093614e-23,3.7624167085996e-20,3.76241670860424e-20,1.8806624756904012e-20,1.880661455276652e-20,1.8817542329091987e-20,1.881755253327588e-20,4.64e-32,-1.020413749235e-26,1.020418389235e-26,0.0,True,0.4999988632088077,opposite_sign,opposite_sign,-1.976018905550722e-16,-1.9760783118585446e-16,-0.000127011644027611,-0.00012701164405733,0.000127011642900181,0.000127011644052691,-5.63715e-13,-2.3195e-15,0.000127011643463896,0.0001270116440550105,1.15251e-12,5.613955e-13,5.911145e-13,0.0,True,0.48710683638319846,opposite_sign,opposite_sign,-4.921997314573577e-15,-4.836947340146158e-15
n23_vd_1_vg_2p1,n23_vd_1,n23,1.0,2.1,-0.000135270400439876,-0.000135270400456569,0.000135270399483756,0.000135270400471923,-4.7806e-13,7.677e-15,0.000135270399961816,0.000135270400464246,9.88167e-13,4.85737e-13,5.0243e-13,0.0,True,0.49155355319495586,opposite_sign,opposite_sign,-5.3032914181979174e-15,1.5353710796849318e-14,-1.16318657995334e-23,-1.16538332118117e-23,3.76381159796804e-20,3.76381159797389e-20,1.8813242056940433e-20,1.8813231073263545e-20,1.8824873922739966e-20,1.8824884906475357e-20,5.85e-32,-1.098367688915e-26,1.098373538915e-26,0.0,True,0.49999866848222135,opposite_sign,opposite_sign,-1.9786890169639713e-16,-1.9783670156691348e-16,-0.000135270400439876,-0.000135270400456569,0.000135270399483756,0.000135270400471923,-4.7806e-13,7.677e-15,0.000135270399961816,0.000135270400464246,9.88167e-13,4.85737e-13,5.0243e-13,0.0,True,0.49155355319495586,opposite_sign,opposite_sign,-5.501197946378941e-15,1.5155836468820257e-14
n23_vd_1_vg_2p15,n23_vd_1,n23,1.0,2.15,-0.000143599881139009,-0.000143599881166615,0.000143599880332583,0.000143599881150507,-4.03213e-13,-8.054e-15,0.000143599880735796,0.000143599881158561,8.17924e-13,3.95159e-13,4.22765e-13,0.0,True,0.4831243489615172,opposite_sign,opposite_sign,-4.865338340149024e-15,-1.6108291887838297e-14,-1.23637561709019e-23,-1.23763312223952e-23,3.76522010167771e-20,3.76522010167694e-20,1.88199186303031e-20,1.8819912342773503e-20,1.8832282386474e-20,1.8832288673995896e-20,-7.7e-33,-6.28752959665e-27,6.28752189665e-27,0.0,True,0.5000003061617682,opposite_sign,opposite_sign,-1.9812931349282038e-16,-1.9812555857756744e-16,-0.000143599881139009,-0.000143599881166615,0.000143599880332583,0.000143599881150507,-4.03213e-13,-8.054e-15,0.000143599880735796,0.000143599881158561,8.17924e-13,3.95159e-13,4.22765e-13,0.0,True,0.4831243489615172,opposite_sign,opposite_sign,-5.063505293479001e-15,-1.6306455086240552e-14
n23_vd_1_vg_2p2,n23_vd_1,n23,1.0,2.2,-0.000151993397187765,-0.00015199339720186,0.000151993396517656,0.00015199339722182,-3.350545e-13,9.98e-15,0.0001519933968527105,0.00015199339721184,7.04164e-13,3.450345e-13,3.591295e-13,0.0,True,0.48999167807499394,opposite_sign,opposite_sign,-3.8395914745934285e-15,1.9959698528303012e-14,-1.30944828640591e-23,-1.31049161286782e-23,3.76664089548596e-20,3.76664089549051e-20,1.882665723599777e-20,1.8826652019388212e-20,1.8839751718861828e-20,1.883975693551689e-20,4.55e-32,-5.21660955955e-27,5.21665505955e-27,0.0,True,0.4999978194744569,opposite_sign,opposite_sign,-1.98383180681542e-16,-1.983947491415542e-16,-0.000151993397187765,-0.00015199339720186,0.000151993396517656,0.00015199339722182,-3.350545e-13,9.98e-15,0.0001519933968527105,0.00015199339721184,7.04164e-13,3.450345e-13,3.591295e-13,0.0,True,0.48999167807499394,opposite_sign,opposite_sign,-4.038012308589391e-15,1.976126612585742e-14
n23_vd_1_vg_2p25,n23_vd_1,n23,1.0,2.25,-0.000160445193501135,-0.000160445193528538,0.000160445192948404,0.000160445193514608,-2.763655e-13,-6.965e-15,0.0001604451932247695,0.000160445193521573,5.66204e-13,2.694005e-13,2.968035e-13,0.0,True,0.47580112468297636,opposite_sign,opposite_sign,-2.475872279947769e-15,-1.3930293603040667e-14,-1.38320292952026e-23,-1.3839085659049e-23,3.76807284087168e-20,3.76807284087273e-20,1.8833448189710798e-20,1.8833444661534125e-20,1.8847280219006e-20,1.8847283747193176e-20,1.05e-32,-3.5281766732e-27,3.5281871732e-27,0.0,True,0.49999925599074624,opposite_sign,opposite_sign,-1.986305394624276e-16,-1.9860458716871293e-16,-0.000160445193501135,-0.000160445193528538,0.000160445192948404,0.000160445193514608,-2.763655e-13,-6.965e-15,0.0001604451932247695,0.000160445193521573,5.66204e-13,2.694005e-13,2.968035e-13,0.0,True,0.47580112468297636,opposite_sign,opposite_sign,-2.674540486306816e-15,-1.4128935857098702e-14
n23_vd_1_vg_2p3,n23_vd_1,n23,1.0,2.3000000000000003,-0.000168950027172985,-0.000168950027189753,0.00016895002671964,0.000168950027206003,-2.266725e-13,8.125e-15,0.0001689500269463125,0.000168950027197878,4.86363e-13,2.347975e-13,2.515655e-13,0.0,True,0.4827618466042853,opposite_sign,opposite_sign,-1.2417020447570767e-15,1.6249692973722114e-14,-1.45671741238773e-23,-1.45783820388936e-23,3.76951498263776e-20,3.76951498264304e-20,1.8840291326126862e-20,1.8840285722195754e-20,1.885485850025074e-20,1.8854864104234646e-20,5.28e-32,-5.60393110815e-27,5.60398390815e-27,0.0,True,0.4999976445217543,opposite_sign,opposite_sign,-1.9887144849737474e-16,-1.988836556219096e-16,-0.000168950027172985,-0.000168950027189753,0.00016895002671964,0.000168950027206003,-2.266725e-13,8.125e-15,0.0001689500269463125,0.000168950027197878,4.86363e-13,2.347975e-13,2.515655e-13,0.0,True,0.4827618466042853,opposite_sign,opposite_sign,-1.4406111738380735e-15,1.6050771637528762e-14
n23_vd_1_vg_2p35,n23_vd_1,n23,1.0,2.35,-0.000177503023952399,-0.000177503023965079,0.000177503023582592,0.000177503023955582,-1.849035e-13,-4.7485e-15,0.0001775030237674955,0.0001775030239603305,3.7299e-13,1.80155e-13,1.92835e-13,0.0,True,0.48300222526073083,opposite_sign,opposite_sign,-1.1296307786010633e-16,-9.497290316842964e-15,-1.53070821337195e-23,-1.53223853159203e-23,3.77096641218516e-20,3.77096641218373e-20,1.884717851985894e-20,1.884717086826069e-20,1.886248560199266e-20,1.886249325357661e-20,-1.43e-32,-7.6515982504e-27,7.6515839504e-27,0.0,True,0.5000004672230852,opposite_sign,opposite_sign,-1.9910599173738627e-16,-1.9912541746703849e-16,-0.000177503023952399,-0.000177503023965079,0.000177503023582592,0.000177503023955582,-1.849035e-13,-4.7485e-15,0.0001775030237674955,0.0001775030239603305,3.7299e-13,1.80155e-13,1.92835e-13,0.0,True,0.48300222526073083,opposite_sign,opposite_sign,-3.12106763955153e-16,-9.696453428651739e-15
n23_vd_1_vg_2p4,n23_vd_1,n23,1.0,2.4000000000000004,-0.000186099695928154,-0.000186099695938256,0.00018609969562635,0.000186099695948166,-1.50902e-13,4.955e-15,0.000186099695777252,0.000186099695943211,3.21816e-13,1.55857e-13,1.65959e-13,0.0,True,0.4843046958510453,opposite_sign,opposite_sign,7.310204124516011e-16,9.909684007756924e-15,-1.6062909462543e-23,-1.60707074658864e-23,3.77242629381972e-20,3.77242629382229e-20,1.8854100014367327e-20,1.8854096115378506e-20,1.887016292382987e-20,1.8870166822844394e-20,2.57e-32,-3.8989888217e-27,3.8990145217e-27,0.0,True,0.4999983521422812,opposite_sign,opposite_sign,-1.9933425185636528e-16,-1.9931594553370524e-16,-0.000186099695928154,-0.000186099695938256,0.00018609969562635,0.000186099695948166,-1.50902e-13,4.955e-15,0.000186099695777252,0.000186099695943211,3.21816e-13,1.55857e-13,1.65959e-13,0.0,True,0.4843046958510453,opposite_sign,opposite_sign,5.316484523946442e-16,9.710330354030989e-15
n23_vd_1_vg_2p45,n23_vd_1,n23,1.0,2.45,-0.000194735853097849,-0.000194735853108143,0.000194735852842934,0.000194735853122943,-1.274575e-13,7.4e-15,0.0001947358529703915,0.000194735853115543,2.80009e-13,1.348575e-13,1.451515e-13,0.0,True,0.4816184479784579,opposite_sign,opposite_sign,1.598156724891144e-15,1.4799706241234047e-14,-1.6823264590491e-23,-1.68229857405936e-23,3.7738938255006e-20,3.77389382550466e-20,1.8861057495207754e-20,1.8861057634653002e-20,1.8877880759798246e-20,1.8877880620393596e-20,4.06e-32,1.394452487e-28,-1.394046487e-28,0.0,True,0.5000727990226616,opposite_sign,opposite_sign,-1.995562729991686e-16,-1.995857042376477e-16,-0.000194735853097849,-0.000194735853108143,0.000194735852842934,0.000194735853122943,-1.274575e-13,7.4e-15,0.0001947358529703915,0.000194735853115543,2.80009e-13,1.348575e-13,1.451515e-13,0.0,True,0.4816184479784579,opposite_sign,opposite_sign,1.3985627297771853e-15,1.4600082814881132e-14
n23_vd_1_vg_2p5,n23_vd_1,n23,1.0,2.5,-0.000203407710509046,-0.000203407710518401,0.000203407710308207,0.000203407710504254,-1.004195e-13,-7.0735e-15,0.0002034077104086265,0.0002034077105113275,1.96047e-13,9.3346e-14,1.02701e-13,0.0,True,0.4761409253903401,opposite_sign,opposite_sign,2.1122599849672395e-15,-1.4147299754162387e-14,-1.75783832000552e-23,-1.7578891876078e-23,3.77536836152937e-20,3.77536836152693e-20,1.8868052616046822e-20,1.8868052361696612e-20,1.8885630999246877e-20,1.8885631253572688e-20,-2.44e-32,-2.543502114e-28,2.543258114e-28,0.0,True,0.5000239838314627,opposite_sign,opposite_sign,-1.997722346882599e-16,-1.9972901481960462e-16,-0.000203407710509046,-0.000203407710518401,0.000203407710308207,0.000203407710504254,-1.004195e-13,-7.0735e-15,0.0002034077104086265,0.0002034077105113275,1.96047e-13,9.3346e-14,1.02701e-13,0.0,True,0.4761409253903401,opposite_sign,opposite_sign,1.9124500141742422e-15,-1.4347066505086715e-14
n24_vd_0p05_vg_0,n24_vd_0p05,n24,0.05,0.0,-3.70715394164045e-17,-7.46582233318292e-15,5.37489726446261e-17,-7.46563433354955e-15,8.3387166141108e-18,-7.465728333366235e-15,4.54102560305153e-17,9.3999816685e-20,-7.519383306194177e-15,-7.474067049980346e-15,-4.53162562138303e-17,0.0,True,0.9939734078755501,opposite_sign,same_sign,1.6362377347989095e-17,-1.4931693220133662e-14,6.2814428175697e-29,-3.0836488868364e-32,3.18800825341364e-20,3.18800824086378e-20,1.5940041298475415e-20,1.594004120430348e-20,1.5940041235660987e-20,1.594004120433432e-20,-1.254986e-28,-9.417193233228268e-29,-3.132666766771732e-29,0.0,True,0.7503823336059741,same_sign,opposite_sign,-1.6362377347989147e-17,-1.6373120307062493e-17,-3.70715394163417e-17,-7.46582233318292e-15,5.37808527271603e-17,-7.46560245346714e-15,8.3546566554093e-18,-7.46571239332503e-15,4.5426196071751e-17,1.0993985789e-19,-7.5193833061943e-15,-7.47406704998044e-15,-4.5316256213861e-17,0.0,True,0.993973407875546,opposite_sign,same_sign,-9.860761315262648e-32,-1.4948066340440724e-14
n24_vd_0p05_vg_0p05,n24_vd_0p05,n24,0.05,0.05,-1.0911083367728e-16,-7.46594968777327e-15,1.06046336144231e-16,-7.46550697895921e-15,-1.5322487665245e-18,-7.46572833336624e-15,1.075785849107555e-16,2.2135440703e-19,-7.571553315103442e-15,-7.464196084599716e-15,-1.073572305037255e-16,0.0,True,0.985820976748645,opposite_sign,same_sign,1.6499410914215496e-17,-1.493169322403894e-14,8.41299488843786e-27,4.05256761626838e-32,3.18797260794827e-20,3.1879723254862e-20,1.5939867246238795e-20,1.5939861627451262e-20,1.5939858833243905e-20,1.5939861627410736e-20,-2.8246207e-27,-5.618787531380849e-27,2.7941668313808486e-27,0.0,True,0.6678732926748441,same_sign,same_sign,-1.6499410914215524e-17,-1.6451862639609896e-17,-1.09110833668867e-16,-7.46594968777327e-15,1.06078215870311e-16,-7.46547509923595e-15,-1.516308899278e-18,-7.46571239350461e-15,1.07594524769589e-16,2.3729426866e-19,-7.571553315106261e-15,-7.464196084605331e-15,-1.07357230500929e-16,0.0,True,0.9858209767490196,opposite_sign,same_sign,4.275564476539664e-31,-1.4948145086678545e-14
n24_vd_0p05_vg_0p1,n24_vd_0p05,n24,0.05,0.1,-2.65539412276898e-16,-7.46627413875343e-15,2.78169348855511e-16,-7.46512794744032e-15,6.3149682893065e-18,-7.465701043096875e-15,2.718543805662045e-16,5.73095656555e-19,-7.743297296295831e-15,-7.472016011386182e-15,-2.712812849096495e-16,0.0,True,0.9649656632660324,opposite_sign,same_sign,1.658353902370495e-17,-1.4931638648031646e-14,1.48930745889118e-28,-2.4938896158513e-32,3.18793776873246e-20,3.18793773739064e-20,1.5939688918127672e-20,1.593968868694073e-20,1.5939688769196927e-20,1.593968868696567e-20,-3.134182e-28,-2.3118694239263824e-28,-8.223125760736175e-29,0.0,True,0.7376308791022291,same_sign,opposite_sign,-1.6583539023705544e-17,-1.656627376102662e-17,-2.65539412276749e-16,-7.46627413875343e-15,2.78201228233199e-16,-7.46509606806295e-15,6.330907978225e-18,-7.46568510340819e-15,2.71870320254974e-16,5.8903534524e-19,-7.74329729629615e-15,-7.472016011386415e-15,-2.71281284909734e-16,0.0,True,0.9649656632660228,opposite_sign,same_sign,1.2788174830731246e-31,-1.4948204921792677e-14
n24_vd_0p05_vg_0p15,n24_vd_0p05,n24,0.05,0.15000000000000002,-7.45076715006695e-16,-7.46735968502351e-15,7.62163847800031e-16,-7.46403633666594e-15,8.543566396668e-18,-7.465698010844725e-15,7.53620281403363e-16,1.661674178785e-18,-8.226200184465971e-15,-7.474241577241393e-15,-7.51958607224578e-16,0.0,True,0.9085897996204193,opposite_sign,same_sign,1.663705665609559e-17,-1.4931632588694294e-14,1.12516966254645e-27,-2.98776488927108e-32,3.1879048281865e-20,3.18790479906054e-20,1.593952470351733e-20,1.593952399528776e-20,1.593952357834767e-20,1.593952399531764e-20,-2.912596e-28,-7.082295700976714e-28,4.169699700976714e-28,0.0,True,0.6294257549862824,same_sign,opposite_sign,-1.6637056656095568e-17,-1.6648238770057025e-17,-7.4507671500557e-16,-7.46735968502351e-15,7.62195726848313e-16,-7.46400445761795e-15,8.5595059213715e-18,-7.46568207132073e-15,7.536362209269415e-16,1.67761370278e-18,-8.226200184466263e-15,-7.474241577242102e-15,-7.519586072241615e-16,0.0,True,0.9085897996204731,opposite_sign,same_sign,-6.471124613141112e-32,-1.494828082746435e-14
n24_vd_0p05_vg_0p2,n24_vd_0p05,n24,0.05,0.2,-2.17216276726956e-15,-7.47048290473912e-15,2.18915158629824e-15,-7.46097376199335e-15,8.49440951434e-18,-7.465728333366235e-15,2.1806571767839e-15,4.754571372885e-18,-9.65012534829159e-15,-7.474222742880575e-15,-2.175902605411015e-15,0.0,True,0.7745207935774403,opposite_sign,same_sign,1.6701470249271682e-17,-1.4931693239562713e-14,-5.80622870976172e-28,-2.68706471942099e-32,3.18787375799372e-20,3.18787376952156e-20,1.5939368499657166e-20,1.5939368847594364e-20,1.5939369080280034e-20,1.5939368847621236e-20,1.152784e-28,3.479372001644889e-28,-2.3265880016448887e-28,0.0,True,0.5992759164157873,opposite_sign,opposite_sign,-1.6701470249270286e-17,-1.673032192685341e-17,-2.17216276727014e-15,-7.47048290473912e-15,2.18918346503582e-15,-7.46094188325566e-15,8.51034888284e-18,-7.46571239399739e-15,2.18067311615298e-15,4.77051074173e-18,-9.65012534829148e-15,-7.47422274288023e-15,-2.17590260541125e-15,0.0,True,0.7745207935774133,opposite_sign,same_sign,2.3665827156630354e-30,-1.4948423561489573e-14
n24_vd_0p05_vg_0p25,n24_vd_0p05,n24,0.05,0.25,-6.48530965425024e-15,-1.35953122780285e-14,6.50213576955716e-15,-1.33615045320837e-15,8.41305765346e-18,-7.465731365618435e-15,6.4937227119037e-15,6.129580912410065e-15,-7.83828622276553e-15,-7.474144423271896e-15,-3.64141799493635e-16,0.0,True,0.9535431867190534,opposite_sign,same_sign,1.6805017629407956e-17,-1.493169931058538e-14,-7.2473099488157e-29,-3.24998266698457e-32,3.18784477309917e-20,3.18784481433669e-20,1.59392238292593e-20,1.59392240716672e-20,1.59392239017324e-20,1.59392240716997e-20,4.123752e-28,2.4240789983074357e-28,1.6996730016925643e-28,0.0,True,0.5878333610526132,opposite_sign,opposite_sign,-1.6805017629407183e-17,-1.6764298073558365e-17,-6.48530965425031e-15,-1.35953122780285e-14,6.50216764800489e-15,-1.33611857476023e-15,8.42899687729e-18,-7.465715426394365e-15,6.4937386511276e-15,6.129596851634135e-15,-7.83828622276512e-15,-7.474144423271654e-15,-3.64141799493465e-16,0.0,True,0.9535431867190727,opposite_sign,same_sign,2.6377536518327582e-30,-1.4948463608658942e-14
n24_vd_0p05_vg_0p3,n24_vd_0p05,n24,0.05,0.30000000000000004,-1.974195824269e-14,-2.58549774567064e-14,1.97597359410013e-14,1.86455554538198e-14,8.88884915565e-18,-3.6047110014433e-15,1.975084709184565e-14,2.22502664552631e-14,-1.1141804871815e-15,-3.61359985059895e-15,2.49941936341745e-15,0.0,True,0.5911317671492691,opposite_sign,opposite_sign,1.6956651711499833e-17,-7.209658589490012e-15,-2.21344215479309e-28,-3.31950071745558e-32,3.18781798707754e-20,3.1878179700392e-20,1.5939089824715592e-20,1.5939089850179404e-20,1.5939090046059807e-20,1.5939089850212596e-20,-1.703834e-28,2.546381023606722e-29,-1.9584721023606722e-28,0.0,True,0.11505893462396918,opposite_sign,opposite_sign,-1.695665171143107e-17,-1.693925467159694e-17,-1.97419582426902e-14,-2.58549774567064e-14,1.97597678191811e-14,1.86455873319995e-14,8.90478824545e-18,-3.60469506235345e-15,1.975086303093565e-14,2.225028239435295e-14,-1.1141804871816e-15,-3.6135998505989e-15,2.4994193634173e-15,0.0,True,0.5911317671492802,opposite_sign,opposite_sign,1.924081051640624e-29,-7.226597844161609e-15
n24_vd_0p05_vg_0p35,n24_vd_0p05,n24,0.05,0.35000000000000003,-6.10974724294631e-14,-5.65222490132496e-14,6.11151855526068e-14,6.51675668598618e-14,8.85656157185e-18,4.3226589233061e-15,6.110632899103495e-14,6.08449079365557e-14,4.052381307255e-15,4.31380236173425e-15,-2.6142105447925e-16,0.0,True,0.9428615762122488,opposite_sign,opposite_sign,1.714922408898214e-17,8.645081251964436e-15,1.62480840601039e-28,-1.76286530149515e-32,3.18779321463518e-20,3.1877932238537e-20,1.593896615441632e-20,1.5938966119259687e-20,1.593896599193548e-20,1.5938966119277315e-20,9.21852e-29,-3.5156634627026975e-29,1.2734183462702698e-28,0.0,True,0.21635055879857096,same_sign,opposite_sign,-1.7149224088900065e-17,-1.713897717513718e-17,-6.10974724294629e-14,-5.65222490132496e-14,6.11152174305389e-14,6.5167598737794e-14,8.872500538e-18,4.3226748622722e-15,6.11063449300009e-14,6.08449238755218e-14,4.0523813072551e-15,4.3138023617342e-15,-2.614210544791e-16,0.0,True,0.942861576212279,opposite_sign,opposite_sign,8.736326376531604e-29,8.627942274789261e-15
n24_vd_0p05_vg_0p4,n24_vd_0p05,n24,0.05,0.4,-1.91776086314826e-13,-1.89685203523662e-13,1.91791747618086e-13,1.9803937672315e-13,7.83065163e-18,4.177086599744e-15,1.91783916966456e-13,1.93862290123406e-13,6.247629105064e-15,4.169255948114e-15,2.07837315695e-15,0.0,True,0.6673341003445002,opposite_sign,opposite_sign,1.735621238612627e-17,8.353936595937803e-15,3.99492041423008e-28,-3.78652445432131e-32,3.18777096961489e-20,3.18777096219048e-20,1.593885504782047e-20,1.5938854810933467e-20,1.593885464832843e-20,1.5938854810971332e-20,-7.42441e-29,-2.368870033337756e-28,1.626429033337756e-28,0.0,True,0.592914321006986,same_sign,opposite_sign,-1.735621238592476e-17,-1.7341664686608332e-17,-1.91776086314826e-13,-1.89685203523662e-13,1.91791779495795e-13,1.9803940860086e-13,7.8465904845e-18,4.177102538599e-15,1.917839329053105e-13,1.93862306062261e-13,6.247629105065e-15,4.1692559481145e-15,2.0783731569505e-15,0.0,True,0.6673341003444735,opposite_sign,opposite_sign,-8.845164529548815e-28,8.336594931251567e-15
n24_vd_0p05_vg_0p45,n24_vd_0p05,n24,0.05,0.45,-6.09326818213655e-13,-6.14694551254529e-13,6.0934319151602e-13,6.09502644592691e-13,8.1866511825e-18,-2.595953330919e-15,6.093350048648375e-13,6.1209859792361e-13,1.59453076671e-16,-2.6041399821015e-15,2.7635930587725e-15,0.0,True,0.4851470746163415,opposite_sign,opposite_sign,1.7526472926269022e-17,-5.192143275244356e-15,-6.70506059796803e-28,-9.64468765401824e-32,3.18775153542663e-20,3.1877515258889e-20,1.593875734188012e-20,1.5938757629396275e-20,1.593875801238618e-20,1.5938757629492722e-20,-9.53773e-29,2.875161564601314e-28,-3.828934564601314e-28,0.0,True,0.42886639886878836,opposite_sign,opposite_sign,-1.752647292594204e-17,-1.7514422791271906e-17,-6.09326818213656e-13,-6.14694551254529e-13,6.09343223393535e-13,6.09502676470207e-13,8.2025899395e-18,-2.595937392161e-15,6.093350208035955e-13,6.12098613862368e-13,1.59453076672e-16,-2.6041399821005e-15,2.7635930587725e-15,0.0,True,0.4851470746162455,opposite_sign,opposite_sign,-3.0303352116966524e-28,-5.209657698034915e-15
n24_vd_0p05_vg_0p5,n24_vd_0p05,n24,0.05,0.5,-1.95648764710315e-12,-1.95151471578775e-12,1.95650532899986e-12,1.96016054304339e-12,8.840948355e-18,4.32291362782e-15,1.956496488051505e-12,1.95583762941557e-12,3.65521404353e-15,4.314072679465e-15,-6.58858635935e-16,0.0,True,0.8675110122887342,opposite_sign,opposite_sign,1.7616904608144737e-17,8.645590631281028e-15,6.64496013625889e-28,-2.01382068770169e-31,3.18773550639715e-20,3.18773550942036e-20,1.5938677864233757e-20,1.593867754700111e-20,1.5938677199737743e-20,1.5938677547202493e-20,3.02321e-29,-3.1723264784732957e-28,3.474647478473296e-28,0.0,True,0.4772587494732056,same_sign,opposite_sign,-1.7616904608774335e-17,-1.7578268660454298e-17,-1.95648764710315e-12,-1.95151471578775e-12,1.95650536087721e-12,1.96016057492075e-12,8.85688703e-18,4.3229295665e-15,1.95649650399018e-12,1.95583764535425e-12,3.65521404354e-15,4.31407267947e-15,-6.5885863593e-16,0.0,True,0.8675110122897395,opposite_sign,opposite_sign,-6.286386331387578e-27,8.62801236262565e-15
n24_vd_0p05_vg_0p55,n24_vd_0p05,n24,0.05,0.55,-6.33894225898362e-12,-6.34138016083752e-12,6.33895798665621e-12,6.32687988806072e-12,7.863836295e-18,-7.2501363884e-15,6.338950122819915e-12,6.33413002444912e-12,-1.207809859549e-14,-7.258000224695e-15,-4.820098370795e-15,0.0,True,0.6009224189811764,opposite_sign,opposite_sign,1.765746909053833e-17,-1.4500509413430405e-14,-5.05655773116438e-28,-6.13226762876104e-31,3.18771738726362e-20,3.18771740069281e-20,1.5938586683490212e-20,1.5938587003157437e-20,1.5938587189145987e-20,1.5938587003770665e-20,1.342919e-28,3.1966722317678095e-28,-1.8537532317678096e-28,0.0,True,0.632951076072299,opposite_sign,opposite_sign,-1.765746908960772e-17,-1.7688092937484286e-17,-6.33894225898362e-12,-6.34138016083752e-12,6.33895801853339e-12,6.32687991993789e-12,7.879774885e-18,-7.250120449815e-15,6.338950138758505e-12,6.334130040387705e-12,-1.20780985955e-14,-7.2580002247e-15,-4.8200983708e-15,0.0,True,0.6009224189810929,opposite_sign,opposite_sign,7.190867744517955e-27,-1.451819750637196e-14
n24_vd_0p05_vg_0p6,n24_vd_0p05,n24,0.05,0.6000000000000001,-2.06928452563627e-11,-2.0696713446932e-11,2.06928620003113e-11,2.06905767130807e-11,8.3719743e-18,-3.06836692565e-15,2.0692853628337e-11,2.069364508000635e-11,-2.2852872306e-15,-3.07673889995e-15,7.9145166935e-16,0.0,True,0.7953948609379854,opposite_sign,opposite_sign,1.7696604946626544e-17,-6.1369705018745346e-15,-3.57674771770017e-28,-1.89799695707841e-30,3.18769498498486e-20,3.18769500826065e-20,1.5938474746086914e-20,1.5938475040354252e-20,1.5938475103761685e-20,1.593847504225225e-20,2.327579e-28,2.942673374064693e-28,-6.150943740646929e-29,0.0,True,0.827112274434412,opposite_sign,opposite_sign,-1.7696604974264625e-17,-1.7700320185463893e-17,-2.06928452563627e-11,-2.0696713446932e-11,2.06928620321883e-11,2.06905767449577e-11,8.3879128e-18,-3.06835098715e-15,2.06928536442755e-11,2.069364509594485e-11,-2.2852872306e-15,-3.07673889995e-15,7.9145166935e-16,0.0,True,0.7953948609379854,opposite_sign,opposite_sign,2.3974530615556295e-26,-6.154670822008974e-15
n24_vd_0p05_vg_0p65,n24_vd_0p05,n24,0.05,0.65,-6.79495447280426e-11,-6.7954724138791e-11,6.79495684468088e-11,6.79483085761597e-11,1.18593831e-17,-3.20778131565e-15,6.79495565874257e-11,6.795151635747535e-11,-1.2598706491e-15,-3.21964069875e-15,1.95977004965e-15,0.0,True,0.6216229712510437,opposite_sign,opposite_sign,1.7727378427665195e-17,-6.415799298041108e-15,-4.53467846670109e-28,-6.10801866182825e-30,3.18767319871633e-20,3.18767322477455e-20,1.5938365766847726e-20,1.593836612081874e-20,1.5938366220315575e-20,1.593836612692676e-20,2.605822e-28,3.5397101400414036e-28,-9.338881400414038e-29,0.0,True,0.7912445236311837,opposite_sign,opposite_sign,-1.7727378451970505e-17,-1.7719319578155362e-17,-6.79495447280426e-11,-6.7954724138791e-11,6.79495684786856e-11,6.79483086080364e-11,1.18753215e-17,-3.2077653773e-15,6.79495566033641e-11,6.79515163734137e-11,-1.2598706492e-15,-3.2196406988e-15,1.9597700496e-15,0.0,True,0.6216229712606973,opposite_sign,opposite_sign,4.493303028629889e-26,-6.43351861765413e-15
n24_vd_0p05_vg_0p7,n24_vd_0p05,n24,0.05,0.7000000000000001,-2.24027448341832e-10,-2.24021940442893e-10,2.2402746224155e-10,2.24018639547976e-10,6.949859e-18,-1.6504474585e-15,2.24027455291691e-10,2.240202899954345e-10,-8.822693574e-15,-1.6573973175e-15,-7.1652962565e-15,0.0,True,0.18785615794072913,opposite_sign,opposite_sign,1.771726472651289e-17,-3.3011316030122348e-15,6.1634018245114e-28,-1.99619239400409e-29,3.18765156387165e-20,3.18765156592705e-20,1.5938258127528342e-20,1.5938257819654288e-20,1.5938257511188158e-20,1.5938257839616212e-20,2.0554e-29,-3.0787405319559043e-28,3.2842805319559046e-28,0.0,True,0.4838488669190701,same_sign,opposite_sign,-1.7717265184768043e-17,-1.771929355548309e-17,-2.24027448341832e-10,-2.24021940442893e-10,2.24027462273427e-10,2.24018639579852e-10,6.9657975e-18,-1.6504315205e-15,2.240274553076295e-10,2.240202900113725e-10,-8.822693575e-15,-1.657397318e-15,-7.165296257e-15,0.0,True,0.18785615797610877,opposite_sign,opposite_sign,3.305703750698766e-26,-3.3188508970839162e-15
n24_vd_0p05_vg_0p75,n24_vd_0p05,n24,0.05,0.75,-7.39852864266006e-10,-7.39854573136595e-10,7.39852879436667e-10,7.39851697463499e-10,7.5853305e-18,-1.437836548e-15,7.398528718513365e-10,7.39853135300047e-10,-1.181973168e-15,-1.4454218785e-15,2.634487105e-16,0.0,True,0.8458346043311767,opposite_sign,opposite_sign,1.7644781904594462e-17,-2.8759098057233147e-15,-3.82337057020175e-28,-6.5830313266798e-29,3.18763137981976e-20,3.18763139226562e-20,1.5938156707930272e-20,1.5938156928412944e-20,1.593815709026733e-20,1.5938156994243257e-20,1.244586e-28,2.204826718766885e-28,-9.60240718766885e-29,0.0,True,0.6966128723263137,opposite_sign,opposite_sign,-1.764478146698134e-17,-1.7687332665330076e-17,-7.39852864266006e-10,-7.39854573136595e-10,7.39852879468543e-10,7.39851697495376e-10,7.6012685e-18,-1.4378206095e-15,7.398528718672745e-10,7.398531353159855e-10,-1.181973167e-15,-1.445421878e-15,2.63448711e-16,0.0,True,0.8458346040385859,opposite_sign,opposite_sign,4.608982701107146e-26,-2.8935971377466335e-15
n24_vd_0p05_vg_0p8,n24_vd_0p05,n24,0.05,0.8,-2.43953186472268e-09,-2.43952381632709e-09,2.43953185695276e-09,2.43952777695005e-09,-3.88496e-18,1.98031148e-15,2.43953186083772e-09,2.43952579663857e-09,-4.08000271e-15,1.98419644e-15,-6.06419915e-15,0.0,True,0.24653316525163493,opposite_sign,opposite_sign,1.7537716966624285e-17,3.96038621944223e-15,-4.40151941305932e-28,-2.1692018167021e-28,3.18761194610398e-20,3.18761191899573e-20,1.5938059510443928e-20,1.5938059486518558e-20,1.593805995059587e-20,1.593805970343874e-20,-2.710825e-28,-2.3925370182139e-29,-2.47157129817861e-28,0.0,True,0.08825863042483008,opposite_sign,opposite_sign,-1.7537718082233313e-17,-1.7513414338179463e-17,-2.43953186472268e-09,-2.43952381632709e-09,2.43953185698463e-09,2.43952777698193e-09,-3.869025e-18,1.98032742e-15,2.439531860853655e-09,2.43952579665451e-09,-4.0800027e-15,1.984196445e-15,-6.064199145e-15,0.0,True,0.24653316587287674,opposite_sign,opposite_sign,-7.206399226287423e-24,3.9428728089394755e-15
n24_vd_0p05_vg_0p85,n24_vd_0p05,n24,0.05,0.8500000000000001,-7.98929284296213e-09,-7.98930444161361e-09,7.98929293671153e-09,7.98930130036226e-09,4.68747e-17,-1.570625675e-15,7.98929288983683e-09,7.989302870987936e-09,8.36365073e-15,-1.617500375e-15,9.981151105e-15,0.0,True,0.13945589948875678,opposite_sign,opposite_sign,1.748083412318622e-17,-3.1414881326255583e-15,-1.1666954494562e-27,-7.10482173044969e-28,3.18759531989518e-20,3.18759534162793e-20,1.5937976016128175e-20,1.5937976352898563e-20,1.5937977182823626e-20,1.5937977063380737e-20,2.173275e-28,3.367703882056155e-28,-1.194428882056155e-28,0.0,True,0.7381862949162629,opposite_sign,opposite_sign,-1.7480876331843344e-17,-1.74975912195597e-17,-7.98929284296213e-09,-7.98930444161361e-09,7.98929293674341e-09,7.98930130039413e-09,4.689064e-17,-1.57060974e-15,7.98929288985277e-09,7.98930287100387e-09,8.36365072e-15,-1.61750038e-15,9.9811511e-15,0.0,True,0.13945589991984136,opposite_sign,opposite_sign,-3.8619881577530755e-23,-3.1589857301831834e-15
n24_vd_0p05_vg_0p9,n24_vd_0p05,n24,0.05,0.9,-2.57368681157853e-08,-2.5736866971655e-08,2.57368680206796e-08,2.57368744332322e-08,-4.755285e-17,3.7307886e-15,2.573686806823245e-08,2.57368707024436e-08,6.4125526e-15,3.77834145e-15,2.63421115e-15,0.0,True,0.5892102078039875,opposite_sign,opposite_sign,1.7541115270771804e-17,7.461340350573807e-15,-2.00599899396076e-27,-2.28904642797671e-27,3.18758274392644e-20,3.18758272662584e-20,1.5937912716632703e-20,1.5937912488605986e-20,1.5937914722631696e-20,1.5937914777652414e-20,-1.73006e-28,-2.28026717007975e-28,5.5020717007975e-29,0.0,True,0.8056130867278078,opposite_sign,opposite_sign,-1.7541055267374733e-17,-1.7512087234827488e-17,-2.57368681157853e-08,-2.5736866971655e-08,2.57368680207114e-08,2.57368744332641e-08,-4.753695e-17,3.73080455e-15,2.573686806824835e-08,2.573687070245955e-08,6.4125527e-15,3.7783415e-15,2.6342112e-15,0.0,True,0.5892102064128065,opposite_sign,opposite_sign,-1.5690567108096625e-23,7.443828286907144e-15
n24_vd_0p05_vg_0p95,n24_vd_0p05,n24,0.05,0.9500000000000001,-8.00271725570954e-08,-8.00271741318318e-08,8.00271724267173e-08,8.00271771918589e-08,-6.518905e-17,1.53001355e-15,8.002717249190635e-08,8.002717566184535e-08,4.7651416e-15,1.5952026e-15,3.169939e-15,0.0,True,0.33476499418191474,opposite_sign,opposite_sign,1.7701918187127107e-17,3.0597901453859292e-15,-5.35815661269453e-27,-7.11904420204795e-27,3.1875771014522e-20,3.18757711083667e-20,1.5937882828182693e-20,1.5937881994661248e-20,1.5937888186339306e-20,1.593788911370545e-20,9.38447e-29,-8.3352144467671e-28,9.2736614467671e-28,0.0,True,0.47335301226285015,opposite_sign,opposite_sign,-1.7702035338221232e-17,-1.7697984124829178e-17,-8.00271725570954e-08,-8.00271741318318e-08,8.00271724267492e-08,8.00271771918907e-08,-6.51731e-17,1.53002945e-15,8.00271724919223e-08,8.002717566186125e-08,4.7651415e-15,1.59520255e-15,3.16993895e-15,0.0,True,0.3347649907143366,opposite_sign,opposite_sign,-9.683233084132175e-23,3.042092075702412e-15
n24_vd_0p05_vg_1,n24_vd_0p05,n24,0.05,1.0,-2.31891000753114e-07,-2.31890999171947e-07,2.31891000561192e-07,2.31891008040157e-07,-9.5961e-17,4.434105e-15,2.31891000657153e-07,2.31891003606052e-07,7.478965e-15,4.530066e-15,2.948899e-15,0.0,True,0.6057076079377293,opposite_sign,opposite_sign,1.7888813019018754e-17,8.867972868848441e-15,-1.63099604720844e-26,-2.06323964655663e-26,3.18758674389657e-20,3.18758673457194e-20,1.5937925564502614e-20,1.5937923356661466e-20,1.5937941874463085e-20,1.5937943989057933e-20,-9.32463e-29,-2.20784114674095e-27,2.11459484674095e-27,0.0,True,0.5107863135672353,opposite_sign,opposite_sign,-1.7889391365083794e-17,-1.788174240327058e-17,-2.31891000753114e-07,-2.31890999171947e-07,2.31891000561224e-07,2.31891008040189e-07,-9.5945e-17,4.434121e-15,2.31891000657169e-07,2.31891003606068e-07,7.478965e-15,4.530066e-15,2.948899e-15,0.0,True,0.6057076079377293,opposite_sign,opposite_sign,-4.787034354020704e-22,8.850091252561995e-15
n24_vd_0p05_vg_1p05,n24_vd_0p05,n24,0.05,1.05,-5.94362084763164e-07,-5.94362090319799e-07,5.94362084583665e-07,5.94362084921184e-07,-8.97495e-17,-2.6993075e-15,5.943620846734145e-07,5.943620876204915e-07,3.37519e-16,-2.609558e-15,2.947077e-15,0.0,True,0.46962919104817935,opposite_sign,opposite_sign,1.802900546941294e-17,-5.398852439327705e-15,-4.38374234431096e-26,-5.28926547861046e-26,3.18762746057253e-20,3.18762741318781e-20,1.5938115384150928e-20,1.5938110619611658e-20,1.593815922157437e-20,1.5938163512266443e-20,-4.738472e-28,-4.7645392714975e-27,4.2906920714975e-27,0.0,True,0.5261642790808742,opposite_sign,opposite_sign,-1.8029184431943197e-17,-1.8060382820449277e-17,-5.94362084763164e-07,-5.94362090319799e-07,5.94362084583697e-07,5.94362084921215e-07,-8.97335e-17,-2.699292e-15,5.943620846734306e-07,5.94362087620507e-07,3.37518e-16,-2.6095585e-15,2.9470765e-15,0.0,True,0.4696292810306957,opposite_sign,opposite_sign,2.6179579195777646e-23,-5.4169136757877005e-15
n24_vd_0p05_vg_1p1,n24_vd_0p05,n24,0.05,1.1,-1.28594769148016e-06,-1.28594768337749e-06,1.2859476914182e-06,1.28594768858662e-06,-3.098e-17,2.604565e-15,1.28594769144918e-06,1.285947685982055e-06,-2.83158e-15,2.635545e-15,-5.467125e-15,0.0,True,0.32526870772226935,opposite_sign,opposite_sign,1.809147210981116e-17,5.208891974958493e-15,-1.08564263737431e-25,-1.14456993984061e-25,3.18771548166744e-20,3.18771538558802e-20,1.593852312620533e-20,1.593851969944311e-20,1.5938631690469067e-20,1.5938634156437093e-20,-9.607942e-28,-3.426762223315e-27,2.465968023315e-27,0.0,True,0.5815236876445744,opposite_sign,opposite_sign,-1.809672105590339e-17,-1.8091465183334214e-17,-1.28594769148016e-06,-1.28594768337749e-06,1.28594769141824e-06,1.28594768858665e-06,-3.096e-17,2.60458e-15,1.2859476914492e-06,1.28594768598207e-06,-2.83159e-15,2.63554e-15,-5.46713e-15,0.0,True,0.3252680906417267,opposite_sign,opposite_sign,2.8963144131269104e-21,5.190798702405388e-15
n24_vd_0p05_vg_1p15,n24_vd_0p05,n24,0.05,1.1500000000000001,-2.32922739296061e-06,-2.32922739478481e-06,2.32922739300975e-06,2.3292273943506e-06,2.457e-17,-2.17105e-16,2.32922739298518e-06,2.329227394567705e-06,1.34085e-15,-2.41675e-16,1.582525e-15,0.0,True,0.13248273215656178,opposite_sign,opposite_sign,1.8104330283955004e-17,-4.344480764239209e-16,-2.08476444392422e-25,-2.07349091759145e-25,3.18785383398353e-20,3.18785376489229e-20,1.5939164931695454e-20,1.593916514991557e-20,1.5939373408139846e-20,1.593937249900733e-20,-6.909124e-28,2.182201166385e-28,-9.091325166385e-28,0.0,True,0.19356864054521747,opposite_sign,opposite_sign,-1.811098751470061e-17,-1.8098723315108668e-17,-2.32922739296061e-06,-2.32922739478481e-06,2.32922739300978e-06,2.32922739435063e-06,2.4585e-17,-2.1709e-16,2.329227392985195e-06,2.32922739456772e-06,1.34085e-15,-2.41675e-16,1.582525e-15,0.0,True,0.13248273215656178,opposite_sign,opposite_sign,-8.465890981566872e-21,-4.525490319161755e-16
n24_vd_0p05_vg_1p2,n24_vd_0p05,n24,0.05,1.2000000000000002,-3.64016523145686e-06,-3.6401652361834e-06,3.64016523150031e-06,3.64016523031005e-06,2.1725e-17,-2.936675e-15,3.640165231478585e-06,3.640165233246725e-06,-1.19026e-15,-2.9584e-15,1.76814e-15,0.0,True,0.6259124010375454,opposite_sign,opposite_sign,1.809269061937592e-17,-5.873588776535961e-15,-3.24927614135715e-25,-3.24101542134104e-25,3.18803067913582e-20,3.18803070357357e-20,1.5939990931872033e-20,1.5939991467096782e-20,1.5940315859486168e-20,1.5940315568638918e-20,2.443775e-28,5.352247508055e-28,-2.908472508055e-28,0.0,True,0.6479153751267546,opposite_sign,opposite_sign,-1.8099371192896957e-17,-1.8079440941056907e-17,-3.64016523145686e-06,-3.6401652361834e-06,3.64016523150034e-06,3.64016523031008e-06,2.174e-17,-2.93666e-15,3.6401652314786e-06,3.64016523324674e-06,-1.19026e-15,-2.9584e-15,1.76814e-15,0.0,True,0.6259124010375454,opposite_sign,opposite_sign,-8.490885757355678e-21,-5.891670027790325e-15
n24_vd_0p05_vg_1p25,n24_vd_0p05,n24,0.05,1.25,-5.11290935868142e-06,-5.11290935962352e-06,5.11290935870671e-06,5.11290935460977e-06,1.2645e-17,-2.506875e-15,5.112909358694065e-06,5.112909357116645e-06,-4.09694e-15,-2.51952e-15,-1.57742e-15,0.0,True,0.6149760552998091,opposite_sign,opposite_sign,1.8072496952608525e-17,-5.013988717719115e-15,-4.55593995633035e-25,-4.5530237749156e-25,3.18823077694816e-20,3.18823075935364e-20,1.5940926087742982e-20,1.5940926145579456e-20,1.5941381681738616e-20,1.5941381447956946e-20,-1.759452e-28,5.78364707375e-29,-2.337816707375e-28,0.0,True,0.1983294675871811,opposite_sign,opposite_sign,-1.8079636525679615e-17,-1.8079033916009742e-17,-5.11290935868142e-06,-5.11290935962352e-06,5.11290935870675e-06,5.11290935460981e-06,1.2665e-17,-2.506855e-15,5.112909358694085e-06,5.112909357116665e-06,-4.09694e-15,-2.51952e-15,-1.57742e-15,0.0,True,0.6149760552998091,opposite_sign,opposite_sign,7.891232742968016e-22,-5.032059822938894e-15
n24_vd_0p05_vg_1p3,n24_vd_0p05,n24,0.05,1.3,-6.6712037828582e-06,-6.67120378155432e-06,6.67120378286526e-06,6.67120378610017e-06,3.53e-18,2.272925e-15,6.67120378286173e-06,6.671203783827245e-06,3.23491e-15,2.269395e-15,9.65515e-16,0.0,True,0.7015326546951847,opposite_sign,opposite_sign,1.8059681008078393e-17,4.545610454645149e-15,-5.93612574968715e-25,-5.94164013108564e-25,3.18844238190945e-20,3.18844237128542e-20,1.5941915103259767e-20,1.5941914774420545e-20,1.5942508715834734e-20,1.5942508938433653e-20,-1.062403e-28,-3.288392199245e-28,2.225989199245e-28,0.0,True,0.59633020671103,opposite_sign,opposite_sign,-1.8059830919259278e-17,-1.8072508834583957e-17,-6.6712037828582e-06,-6.67120378155432e-06,6.67120378286529e-06,6.67120378610021e-06,3.545e-18,2.272945e-15,6.671203782861745e-06,6.671203783827265e-06,3.23492e-15,2.2694e-15,9.6552e-16,0.0,True,0.7015320317040298,opposite_sign,opposite_sign,-2.3875882335160298e-21,4.527545872529538e-15
n24_vd_0p05_vg_1p35,n24_vd_0p05,n24,0.05,1.35,-8.26954973743995e-06,-8.26954974400815e-06,8.26954973747815e-06,8.2695497347953e-06,1.91e-17,-4.606425e-15,8.26954973745905e-06,8.269549739401724e-06,-2.68285e-15,-4.625525e-15,1.942675e-15,0.0,True,0.7042302305045522,opposite_sign,opposite_sign,1.8039041907527736e-17,-9.213089838753634e-15,-7.36293898058465e-25,-7.3663537705652e-25,3.18865994994166e-20,3.18865992645407e-20,1.5942931602759272e-20,1.594293131458182e-20,1.594366789665733e-20,1.594366794995888e-20,-2.348759e-28,-2.881774490275e-28,5.33015490275e-29,0.0,True,0.8439097299362609,opposite_sign,opposite_sign,-1.8042725159317383e-17,-1.8065734465807838e-17,-8.26954973743995e-06,-8.26954974400815e-06,8.26954973747819e-06,8.26954973479533e-06,1.912e-17,-4.60641e-15,8.26954973745907e-06,8.26954973940174e-06,-2.68286e-15,-4.62553e-15,1.94267e-15,0.0,True,0.7042309917481198,opposite_sign,opposite_sign,5.088466473045126e-21,-9.23115696589597e-15
n24_vd_0p05_vg_1p4,n24_vd_0p05,n24,0.05,1.4000000000000001,-9.88204642423337e-06,-9.88204641441484e-06,9.88204642425074e-06,9.88204643567148e-06,8.685e-18,1.062832e-14,9.882046424242054e-06,9.88204642504316e-06,1.142074e-14,1.0619635e-14,8.01105e-16,0.0,True,0.9298552458071894,opposite_sign,opposite_sign,1.8025525830383504e-17,2.1256399459355504e-14,-8.8038941921401e-25,-8.80402852478891e-25,3.18887985158589e-20,3.18887985934836e-20,1.5943959063219842e-20,1.594395909531556e-20,1.5944839452639056e-20,1.594483949816804e-20,7.76247e-29,3.20957175595e-29,4.55289824405e-29,0.0,True,0.41347299969597306,opposite_sign,opposite_sign,-1.802881699093716e-17,-1.805995406031207e-17,-9.88204642423337e-06,-9.88204641441484e-06,9.88204642425077e-06,9.88204643567152e-06,8.7e-18,1.062834e-14,9.88204642424207e-06,9.88204642504318e-06,1.142075e-14,1.061964e-14,8.0111e-16,0.0,True,0.9298548694262636,opposite_sign,opposite_sign,-4.68589257896353e-21,2.1238348274958472e-14
n24_vd_0p05_vg_1p45,n24_vd_0p05,n24,0.05,1.4500000000000002,-1.14936526981977e-05,-1.14936526897571e-05,1.14936526982302e-05,1.14936526983925e-05,1.625e-17,4.3177e-15,1.149365269821395e-05,1.14936526940748e-05,1.623e-16,4.30145e-15,-4.13915e-15,0.0,True,0.5096142454327891,opposite_sign,opposite_sign,1.8022012739081605e-17,8.635161122685105e-15,-1.02414412193003e-24,-1.02412339795526e-24,3.18910007345314e-20,3.18910008488609e-20,1.5944988295204735e-20,1.5944988362731474e-20,1.5946012439326665e-20,1.594601248612943e-20,1.143295e-28,6.7526737385e-29,4.6802762615e-29,0.0,True,0.5906326659785969,opposite_sign,opposite_sign,-1.801786408413569e-17,-1.805995200177724e-17,-1.14936526981977e-05,-1.14936526897571e-05,1.14936526982302e-05,1.14936526983925e-05,1.625e-17,4.3177e-15,1.149365269821395e-05,1.14936526940748e-05,1.623e-16,4.30145e-15,-4.13915e-15,0.0,True,0.5096142454327891,opposite_sign,opposite_sign,-2.7741321644597535e-20,8.617069280706603e-15
n24_vd_0p05_vg_1p5,n24_vd_0p05,n24,0.05,1.5,-1.30954442588752e-05,-1.30954443494053e-05,1.3095444226428e-05,1.30954443458822e-05,-1.62236e-14,-1.76155e-15,1.30954442426516e-05,1.309544434764375e-05,1.194542e-13,1.446205e-14,1.0499215e-13,0.0,True,0.12106773976971928,opposite_sign,opposite_sign,1.8027810943518288e-17,-3.523339711136782e-15,9.49902257797489e-26,-1.16699880507956e-24,3.18936992927803e-20,3.18931935997506e-20,1.594689714150304e-20,1.594601330047276e-20,1.594680215127726e-20,1.5947180299277838e-20,-5.056930297e-25,-8.838410302796545e-25,3.7814800057965443e-25,0.0,True,0.7003555567181379,same_sign,opposite_sign,-1.8009428185397092e-17,-1.7957972231952853e-17,-1.30954442588752e-05,-1.30954443494053e-05,1.30954442264281e-05,1.30954443458822e-05,-1.622355e-14,-1.76155e-15,1.309544424265165e-05,1.309544434764375e-05,1.194541e-13,1.4462e-14,1.049921e-13,0.0,True,0.12106742254974921,opposite_sign,opposite_sign,8.643885159859674e-20,-3.5413295753953356e-15
n24_vd_0p05_vg_1p55,n24_vd_0p05,n24,0.05,1.55,-1.46819291744724e-05,-1.46819292576707e-05,1.46819291571485e-05,1.46819292461816e-05,-8.66195e-15,-5.74455e-15,1.468192916581045e-05,1.468192925192615e-05,8.90331e-14,2.9174e-15,8.61157e-14,0.0,True,0.032767588683309916,opposite_sign,opposite_sign,1.8074261615690414e-17,-1.1489340845776652e-14,-7.64633467369464e-25,-1.30853617172519e-24,3.18955677631274e-20,3.18953685726269e-20,1.5947401564830015e-20,1.594703001822759e-20,1.5948166198297383e-20,1.5948338554399312e-20,-1.991905005e-25,-3.71546602427863e-25,1.72356101927863e-25,0.0,True,0.6831122541815167,opposite_sign,opposite_sign,-1.800305982923424e-17,-1.7972988888495847e-17,-1.46819291744724e-05,-1.46819292576707e-05,1.46819291571485e-05,1.46819292461816e-05,-8.66195e-15,-5.74455e-15,1.468192916581045e-05,1.468192925192615e-05,8.90331e-14,2.9174e-15,8.61157e-14,0.0,True,0.032767588683309916,opposite_sign,opposite_sign,3.930698328942454e-20,-1.1507345728725185e-14
n24_vd_0p05_vg_1p6,n24_vd_0p05,n24,0.05,1.6,-1.62496958874239e-05,-1.62496959495482e-05,1.62496958772411e-05,1.62496959540448e-05,-5.0914e-15,2.2483e-15,1.62496958823325e-05,1.62496959517965e-05,7.68037e-14,7.3397e-15,6.9464e-14,0.0,True,0.09556440640229573,opposite_sign,opposite_sign,1.8027911692054183e-17,4.496359451134663e-15,-1.19709722160214e-24,-1.44842895943291e-24,3.18976058800822e-20,3.18975205074402e-20,1.59482043914303e-20,1.5948036039240384e-20,1.59494014886519e-20,1.5949484468199817e-20,-8.5372642e-26,-1.68352189915385e-25,8.2979547915385e-26,0.0,True,0.6698405516486824,opposite_sign,opposite_sign,-1.7998368328975238e-17,-1.7974063795677118e-17,-1.62496958874239e-05,-1.62496959495482e-05,1.62496958772411e-05,1.62496959540449e-05,-5.0914e-15,2.24835e-15,1.62496958823325e-05,1.624969595179655e-05,7.68038e-14,7.33975e-15,6.946405e-14,0.0,True,0.09556493298508666,opposite_sign,opposite_sign,-2.353045644803833e-21,4.47845174708879e-15
n24_vd_0p05_vg_1p65,n24_vd_0p05,n24,0.05,1.6500000000000001,-1.77966258248898e-05,-1.77966258776057e-05,1.77966258184218e-05,1.77966258829144e-05,-3.234e-15,2.65435e-15,1.77966258216558e-05,1.779662588026005e-05,6.44926e-14,5.88835e-15,5.860425e-14,0.0,True,0.09130272310311571,opposite_sign,opposite_sign,1.7994692042238675e-17,5.308460617220809e-15,-1.46279667129253e-24,-1.58648579419935e-24,3.18996853044946e-20,3.18996461029971e-20,1.5949111253911652e-20,1.5949029808601452e-20,1.5950574050582946e-20,1.595061629439565e-20,-3.92014975e-26,-8.144531020341e-26,4.224381270341e-26,0.0,True,0.6584678449435366,opposite_sign,opposite_sign,-1.799503188405548e-17,-1.7974061808138397e-17,-1.77966258248898e-05,-1.77966258776057e-05,1.77966258184218e-05,1.77966258829144e-05,-3.234e-15,2.65435e-15,1.77966258216558e-05,1.779662588026005e-05,6.44926e-14,5.88835e-15,5.860425e-14,0.0,True,0.09130272310311571,opposite_sign,opposite_sign,-3.223806432201612e-20,5.2904546573530535e-15
n24_vd_0p05_vg_1p7,n24_vd_0p05,n24,0.05,1.7000000000000002,-1.93214349250166e-05,-1.9321434961001e-05,1.93214349206255e-05,1.93214349639602e-05,-2.19555e-15,1.4796e-15,1.932143492282105e-05,1.93214349624806e-05,4.33347e-14,3.67515e-15,3.965955e-14,0.0,True,0.08480847911719708,opposite_sign,opposite_sign,1.800187401188028e-17,2.9589571047887024e-15,-1.65883100821371e-24,-1.72258976831233e-24,3.19017624829796e-20,3.19017432569166e-20,1.5950051825985693e-20,1.5950010333574143e-20,1.5951710656993908e-20,1.5951732923342458e-20,-1.9226063e-26,-4.149241154931e-26,2.226634854931e-26,0.0,True,0.6507719329097816,opposite_sign,opposite_sign,-1.7992791190323326e-17,-1.796548667627675e-17,-1.93214349250166e-05,-1.9321434961001e-05,1.93214349206255e-05,1.93214349639602e-05,-2.19555e-15,1.4796e-15,1.932143492282105e-05,1.93214349624806e-05,4.33347e-14,3.67515e-15,3.965955e-14,0.0,True,0.08480847911719708,opposite_sign,opposite_sign,-2.2817282099493682e-20,2.9409597180917585e-15
n24_vd_0p05_vg_1p75,n24_vd_0p05,n24,0.05,1.75,-2.08233924709841e-05,-2.08233925069274e-05,2.08233924679251e-05,2.08233925030419e-05,-1.5295e-15,-1.94275e-15,2.08233924694546e-05,2.082339250498465e-05,3.51168e-14,-4.1325e-16,3.553005e-14,0.0,True,0.011497274874594154,opposite_sign,opposite_sign,1.7941699562657626e-17,-3.885740088090059e-15,-1.82201819949013e-24,-1.85667376063416e-24,3.19038205949412e-20,3.19038106910668e-20,1.5950999288370856e-20,1.5950977008653084e-20,1.5952821306570346e-20,1.5952833682413717e-20,-9.9038744e-27,-2.2279717772015e-26,1.2375843372015e-26,0.0,True,0.6428901173874962,opposite_sign,opposite_sign,-1.799143889692736e-17,-1.7956641460361794e-17,-2.08233924709841e-05,-2.08233925069274e-05,2.08233924679251e-05,2.08233925030419e-05,-1.5295e-15,-1.94275e-15,2.08233924694546e-05,2.082339250498465e-05,3.51168e-14,-4.1325e-16,3.553005e-14,0.0,True,0.011497274874594154,opposite_sign,opposite_sign,-8.164133284232031e-20,-3.903728631504438e-15
n24_vd_0p05_vg_1p8,n24_vd_0p05,n24,0.05,1.8,-2.23021427028017e-05,-2.23021427313507e-05,2.23021427005522e-05,2.23021427385942e-05,-1.12475e-15,3.62175e-15,2.230214270167695e-05,2.230214273497245e-05,3.8042e-14,4.7465e-15,3.32955e-14,0.0,True,0.12476999106250986,opposite_sign,opposite_sign,1.796824013935553e-17,7.243259663922878e-15,-1.96951703368868e-24,-1.98870391646094e-24,3.19058527952487e-20,3.1905847691594e-20,1.5951941639107506e-20,1.595192949383877e-20,1.5953911156141193e-20,1.5953918197755232e-20,-5.1036547e-27,-1.214526873613e-26,7.04161403613e-27,0.0,True,0.632998537609735,opposite_sign,opposite_sign,-1.7990809332508284e-17,-1.7956639555391422e-17,-2.23021427028017e-05,-2.23021427313507e-05,2.23021427005522e-05,2.23021427385943e-05,-1.12475e-15,3.6218e-15,2.230214270167695e-05,2.23021427349725e-05,3.80421e-14,4.74655e-15,3.329555e-14,0.0,True,0.1247709774171247,opposite_sign,opposite_sign,-5.447307643452198e-20,7.22537276446217e-15
n24_vd_0p05_vg_1p85,n24_vd_0p05,n24,0.05,1.85,-2.37575880089141e-05,-2.375758803481e-05,2.37575880072119e-05,2.37575880210367e-05,-8.511e-16,-6.88665e-15,2.3757588008063e-05,2.375758802792335e-05,1.38248e-14,-6.03555e-15,1.986035e-14,0.0,True,0.23306971373846824,opposite_sign,opposite_sign,1.8029657061168e-17,-1.3773542170570898e-14,-2.1067947137817e-24,-2.11867004002703e-24,3.19078571822426e-20,3.19078539382534e-20,1.595287519376441e-20,1.5952867634106687e-20,1.595498198847819e-20,1.5954986304146715e-20,-3.2439892e-27,-7.559657722665e-27,4.315668522665e-27,0.0,True,0.6365852665006028,opposite_sign,opposite_sign,-1.799076977815667e-17,-1.7956637679110888e-17,-2.37575880089141e-05,-2.375758803481e-05,2.37575880072119e-05,2.37575880210367e-05,-8.511e-16,-6.88665e-15,2.3757588008063e-05,2.375758802792335e-05,1.38248e-14,-6.03555e-15,1.986035e-14,0.0,True,0.23306971373846824,opposite_sign,opposite_sign,6.98153262808112e-21,-1.3791530713985277e-14
n24_vd_0p05_vg_1p9,n24_vd_0p05,n24,0.05,1.9000000000000001,-2.51898103916493e-05,-2.51898104093954e-05,2.5189810390377e-05,2.51898104192414e-05,-6.3615e-16,4.923e-15,2.518981039101315e-05,2.51898104143184e-05,2.88644e-14,5.55915e-15,2.330525e-14,0.0,True,0.19259537700419893,opposite_sign,opposite_sign,1.7949667770517647e-17,9.845761385139373e-15,-2.23960109502154e-24,-2.24657767057716e-24,3.19098312021597e-20,3.19098293896575e-20,1.595379580053234e-20,1.5953791405993462e-20,1.595603540162736e-20,1.5956037983664038e-20,-1.8125022e-27,-4.39453887781e-27,2.58203667781e-27,0.0,True,0.6298991307089001,opposite_sign,opposite_sign,-1.7991213447374737e-17,-1.7956635831567116e-17,-2.51898103916493e-05,-2.51898104093954e-05,2.5189810390377e-05,2.51898104192414e-05,-6.3615e-16,4.923e-15,2.518981039101315e-05,2.51898104143184e-05,2.88644e-14,5.55915e-15,2.330525e-14,0.0,True,0.19259537700419893,opposite_sign,opposite_sign,-7.34532684524709e-20,9.827772841724995e-15
n24_vd_0p05_vg_1p95,n24_vd_0p05,n24,0.05,1.9500000000000002,-2.65990175071901e-05,-2.65990175204147e-05,2.65990175062104e-05,2.65990175218448e-05,-4.8985e-16,7.1505e-16,2.659901750670025e-05,2.659901752112975e-05,1.56344e-14,1.2049e-15,1.44295e-14,0.0,True,0.07706723635061147,opposite_sign,opposite_sign,1.808917152419012e-17,1.429858751285589e-15,-2.36832732531511e-24,-2.37244376701755e-24,3.19117751566704e-20,3.19117742038389e-20,1.5954703414672542e-20,1.595470088003594e-20,1.5957071741997857e-20,1.5957073323802958e-20,-9.528315e-28,-2.53463660122e-27,1.58180510122e-27,0.0,True,0.6157348468502801,opposite_sign,opposite_sign,-1.7992053971060856e-17,-1.7956443123262727e-17,-2.65990175071901e-05,-2.65990175204147e-05,2.65990175062104e-05,2.65990175218448e-05,-4.8985e-16,7.1505e-16,2.659901750670025e-05,2.659901752112975e-05,1.56344e-14,1.2049e-15,1.44295e-14,0.0,True,0.07706723635061147,opposite_sign,opposite_sign,6.520814630002746e-20,1.4118703987605663e-15
n24_vd_0p05_vg_2,n24_vd_0p05,n24,0.05,2.0,-2.79855049689148e-05,-2.79855049844395e-05,2.79855049681905e-05,2.79855049903418e-05,-3.6215e-16,2.95115e-15,2.798550496855265e-05,2.798550498739065e-05,2.21513e-14,3.3133e-15,1.8838e-14,0.0,True,0.14957587139355252,opposite_sign,opposite_sign,1.7964101651471777e-17,5.902060468868781e-15,-2.49384893159537e-24,-2.4962932527589e-24,3.19136897008018e-20,3.19136886844455e-20,1.5955597925935102e-20,1.595559619559637e-20,1.5958091774866698e-20,1.595809248884913e-20,-1.0163563e-27,-1.730338731765e-27,7.13982431765e-28,0.0,True,0.7079015464834038,opposite_sign,opposite_sign,-1.7993221103902627e-17,-1.7956441332631605e-17,-2.79855049689148e-05,-2.79855049844395e-05,2.79855049681905e-05,2.79855049903418e-05,-3.6215e-16,2.95115e-15,2.798550496855265e-05,2.798550498739065e-05,2.21513e-14,3.3133e-15,1.8838e-14,0.0,True,0.14957587139355252,opposite_sign,opposite_sign,-6.103064828220096e-20,5.884072116343757e-15
n24_vd_0p05_vg_2p05,n24_vd_0p05,n24,0.05,2.0500000000000003,-2.93496298459405e-05,-2.93496298581416e-05,2.93496298453962e-05,2.93496298572818e-05,-2.7215e-16,-4.299e-16,2.934962984566835e-05,2.93496298577117e-05,1.18856e-14,-1.5775e-16,1.204335e-14,0.0,True,0.01292916212472646,opposite_sign,opposite_sign,1.7994470127696668e-17,-8.600408217697641e-16,-2.61609025642831e-24,-2.61815656732149e-24,3.1915573605779e-20,3.19155732444908e-20,1.5956478757761287e-20,1.595647754396174e-20,1.5959094848017715e-20,1.595909570052906e-20,-3.612882e-28,-1.21379954659e-27,8.5251134659e-28,0.0,True,0.5874234853023463,opposite_sign,opposite_sign,-1.799465737650688e-17,-1.797385602331138e-17,-2.93496298459405e-05,-2.93496298581416e-05,2.93496298453962e-05,2.93496298572819e-05,-2.7215e-16,-4.2985e-16,2.934962984566835e-05,2.934962985771175e-05,1.18857e-14,-1.577e-16,1.20434e-14,0.0,True,0.012925064133561728,opposite_sign,opposite_sign,-3.2100206325424994e-20,-8.779449467944928e-16
n24_vd_0p05_vg_2p1,n24_vd_0p05,n24,0.05,2.1,-3.06917689404963e-05,-3.06917689485898e-05,3.06917689400433e-05,3.06917689538264e-05,-2.265e-16,2.6183e-15,3.06917689402698e-05,3.06917689512081e-05,1.37831e-14,2.8448e-15,1.09383e-14,0.0,True,0.20639768992461785,opposite_sign,opposite_sign,1.8057164084819152e-17,5.236360131034036e-15,-2.73744851942706e-24,-2.73808379825917e-24,3.19174285847767e-20,3.19174283578035e-20,1.5957345568128636e-20,1.595734513700262e-20,1.5960083016648064e-20,1.596008322080088e-20,-2.269732e-28,-4.31126016055e-28,2.04152816055e-28,0.0,True,0.678640613009359,opposite_sign,opposite_sign,-1.7996317526126442e-17,-1.7973854288125295e-17,-3.06917689404963e-05,-3.06917689485898e-05,3.06917689400433e-05,3.06917689538264e-05,-2.265e-16,2.6183e-15,3.06917689402698e-05,3.06917689512081e-05,1.37831e-14,2.8448e-15,1.09383e-14,0.0,True,0.20639768992461785,opposite_sign,opposite_sign,2.8931867556128556e-20,5.218354362055637e-15
n24_vd_0p05_vg_2p15,n24_vd_0p05,n24,0.05,2.15,-3.20123380397784e-05,-3.20123380502256e-05,3.20123380394137e-05,3.2012338049442e-05,-1.8235e-16,-3.918e-16,3.201233803959605e-05,3.20123380498338e-05,1.00283e-14,-2.0945e-16,1.023775e-14,0.0,True,0.020048434030170766,opposite_sign,opposite_sign,1.7985581917827435e-17,-7.838419359028255e-16,-2.85521109012181e-24,-2.8561070707126e-24,3.19192528594822e-20,3.19192526848761e-20,1.595819882419604e-20,1.5958198288902693e-20,1.596105403528616e-20,1.5961054395973406e-20,-1.746061e-28,-5.35293345395e-28,3.60687245395e-28,0.0,True,0.5974385504523301,opposite_sign,opposite_sign,-1.799816147396251e-17,-1.7973852581821496e-17,-3.20123380397784e-05,-3.20123380502256e-05,3.20123380394137e-05,3.2012338049442e-05,-1.8235e-16,-3.918e-16,3.201233803959605e-05,3.20123380498338e-05,1.00283e-14,-2.0945e-16,1.023775e-14,0.0,True,0.020048434030170766,opposite_sign,opposite_sign,-4.449595378354431e-20,-8.018477048812248e-16
n24_vd_0p05_vg_2p2,n24_vd_0p05,n24,0.05,2.2,-3.33117738388689e-05,-3.33117738496051e-05,3.33117738385913e-05,3.33117738545454e-05,-1.388e-16,2.47015e-15,3.33117738387301e-05,3.331177385207525e-05,1.59541e-14,2.60895e-15,1.334515e-14,0.0,True,0.16352849737684982,opposite_sign,opposite_sign,1.7896164399750664e-17,4.940054260962612e-15,-2.97242463597151e-24,-2.97225229303545e-24,3.19210445330011e-20,3.1921044443766e-20,1.5959036054182563e-20,1.595903609573648e-20,1.5962008478818536e-20,1.5962008348029518e-20,-8.92351e-29,4.155391803e-29,-1.3078901803e-28,0.0,True,0.2411118145018331,opposite_sign,opposite_sign,-1.8000154415994235e-17,-1.7982424077019527e-17,-3.33117738388689e-05,-3.33117738496051e-05,3.33117738385914e-05,3.33117738545454e-05,-1.3875e-16,2.47015e-15,3.331177383873015e-05,3.331177385207525e-05,1.5954e-14,2.6089e-15,1.33451e-14,0.0,True,0.16352638836655384,opposite_sign,opposite_sign,-4.1040398258850565e-20,4.922039918813401e-15
n24_vd_0p05_vg_2p25,n24_vd_0p05,n24,0.05,2.25,-3.45905506800931e-05,-3.45905506922639e-05,3.45905506798698e-05,3.45905506971391e-05,-1.1165e-16,2.4376e-15,3.459055067998145e-05,3.45905506947015e-05,1.72693e-14,2.54925e-15,1.472005e-14,0.0,True,0.14761744830421616,opposite_sign,opposite_sign,1.7907455990888325e-17,4.874961380534146e-15,-3.0869018131468e-24,-3.08656130996855e-24,3.19228086144373e-20,3.1922808593849e-20,1.5959860856312076e-20,1.5959861016269516e-20,1.5962947758125224e-20,1.5962947577579484e-20,-2.05883e-29,1.59957439125e-28,-1.80545739125e-28,0.0,True,0.4697678299130531,opposite_sign,opposite_sign,-1.8002271144767376e-17,-1.798402022243946e-17,-3.45905506800931e-05,-3.45905506922639e-05,3.45905506798699e-05,3.45905506971391e-05,-1.116e-16,2.4376e-15,3.45905506799815e-05,3.45905506947015e-05,1.72692e-14,2.5492e-15,1.472e-14,0.0,True,0.1476154077780094,opposite_sign,opposite_sign,-2.5090921922135732e-20,4.856945440589674e-15
n24_vd_0p05_vg_2p3,n24_vd_0p05,n24,0.05,2.3000000000000003,-3.58491220885164e-05,-3.58491220926621e-05,3.58491220883964e-05,3.58491220939535e-05,-6e-17,6.457e-16,3.58491220884564e-05,3.58491220933078e-05,5.5571e-15,7.057e-16,4.8514e-15,0.0,True,0.12699069658634898,opposite_sign,opposite_sign,1.798480590118577e-17,1.2911581142680079e-15,-3.19869399338875e-24,-3.19907367408682e-24,3.19245455745112e-20,3.1924545606781e-20,1.5960673440258906e-20,1.5960673266553455e-20,1.5963872134252294e-20,1.5963872340227543e-20,3.22698e-29,-1.73705449035e-28,2.05975249035e-28,0.0,True,0.4575040288273351,opposite_sign,opposite_sign,-1.8004489044016282e-17,-1.7984018597938893e-17,-3.58491220885164e-05,-3.58491220926621e-05,3.58491220883964e-05,3.58491220939536e-05,-6e-17,6.4575e-16,3.58491220884564e-05,3.584912209330785e-05,5.5572e-15,7.0575e-16,4.85145e-15,0.0,True,0.12699740876700497,opposite_sign,opposite_sign,-5.160448971124996e-20,1.2732438182772065e-15
n24_vd_0p05_vg_2p35,n24_vd_0p05,n24,0.05,2.35,-3.70879418737418e-05,-3.70879418734009e-05,3.70879418735836e-05,3.70879418788507e-05,-7.91e-17,2.7249e-15,3.70879418736627e-05,3.70879418761258e-05,5.2671e-15,2.804e-15,2.4631e-15,0.0,True,0.5323612614152,opposite_sign,opposite_sign,1.8001977249776832e-17,5.449561248755039e-15,-3.30987997917074e-24,-3.30982918795536e-24,3.19262558448165e-20,3.19262560044237e-20,1.5961472982418664e-20,1.596147308761787e-20,1.5964782862397836e-20,1.5964782916805826e-20,1.596072e-28,1.0519920769e-28,5.440799231e-29,0.0,True,0.6591131708970523,opposite_sign,opposite_sign,-1.8006789125976563e-17,-1.7984016998296765e-17,-3.70879418737418e-05,-3.70879418734009e-05,3.70879418735836e-05,3.70879418788507e-05,-7.91e-17,2.7249e-15,3.70879418736627e-05,3.70879418761258e-05,5.2671e-15,2.804e-15,2.4631e-15,0.0,True,0.5323612614152,opposite_sign,opposite_sign,-3.6734822164170106e-20,5.431545308810568e-15
n24_vd_0p05_vg_2p4,n24_vd_0p05,n24,0.05,2.4000000000000004,-3.83074607869982e-05,-3.83074607877238e-05,3.83074607868523e-05,3.83074607888442e-05,-7.295e-17,5.602e-16,3.830746078692525e-05,3.8307460788284e-05,1.9919e-15,6.3315e-16,1.35875e-15,0.0,True,0.3178623424870727,opposite_sign,opposite_sign,1.800559213595928e-17,1.120158929010718e-15,-3.41910667481553e-24,-3.41886768244726e-24,3.19279403235737e-20,3.19279403273866e-20,1.5962260608449442e-20,1.5962260729852076e-20,1.5965679715124258e-20,1.5965679597534523e-20,3.8129e-30,1.21402634135e-28,-1.17589734135e-28,0.0,True,0.5079770329646937,opposite_sign,opposite_sign,-1.8009155385884202e-17,-1.7984015423012294e-17,-3.83074607869982e-05,-3.83074607877238e-05,3.83074607868524e-05,3.83074607888442e-05,-7.29e-17,5.602e-16,3.83074607869253e-05,3.8307460788284e-05,1.9918e-15,6.331e-16,1.3587e-15,0.0,True,0.3178531981122603,opposite_sign,opposite_sign,5.937991895076234e-20,1.1021429890662461e-15
n24_vd_0p05_vg_2p45,n24_vd_0p05,n24,0.05,2.45,-3.95081242208145e-05,-3.95081242230956e-05,3.9508124220718e-05,3.95081242354159e-05,-4.825e-17,6.16015e-15,3.950812422076625e-05,3.950812422925575e-05,1.46979e-14,6.2084e-15,8.4895e-15,0.0,True,0.42240047897999033,opposite_sign,opposite_sign,1.8048986419166096e-17,1.2320062154556097e-14,-3.52634289247007e-24,-3.52622844180108e-24,3.19295988514276e-20,3.19295991234135e-20,1.5963036254267566e-20,1.596303644748585e-20,1.5966562597160036e-20,1.5966562675927652e-20,2.719859e-28,1.93218284495e-28,7.8767615505e-29,0.0,True,0.7103981658424205,opposite_sign,opposite_sign,-1.8011574290630764e-17,-1.7984013871577027e-17,-3.95081242208145e-05,-3.95081242230956e-05,3.9508124220718e-05,3.9508124235416e-05,-4.825e-17,6.1602e-15,3.950812422076625e-05,3.95081242292558e-05,1.4698e-14,6.20845e-15,8.48955e-15,0.0,True,0.4224010069397197,opposite_sign,opposite_sign,5.486056026706843e-21,1.2302141082301718e-14
n24_vd_0p05_vg_2p5,n24_vd_0p05,n24,0.05,2.5,-4.0690370570888e-05,-4.06903705684035e-05,4.06903705707677e-05,4.06903705756294e-05,-6.015e-17,3.61295e-15,4.069037057082785e-05,4.069037057201645e-05,4.8617e-15,3.6731e-15,1.1886e-15,0.0,True,0.7555176172943621,opposite_sign,opposite_sign,1.7922697281785258e-17,7.225653562019624e-15,-3.63130556011801e-24,-3.63194951968235e-24,3.19312328394003e-20,3.19312329407435e-20,1.596380076692009e-20,1.596380049561191e-20,1.5967432072480208e-20,1.596743244513159e-20,1.013432e-28,-2.7130818217e-28,3.7265138217e-28,0.0,True,0.42131245064752815,opposite_sign,opposite_sign,-1.801403436572486e-17,-1.7984012343480777e-17,-4.0690370570888e-05,-4.06903705684035e-05,4.06903705707678e-05,4.06903705756294e-05,-6.01e-17,3.61295e-15,4.06903705708279e-05,4.069037057201645e-05,4.8616e-15,3.67305e-15,1.18855e-15,0.0,True,0.7555228731281882,opposite_sign,opposite_sign,-2.1620731802228677e-20,7.207637622075152e-15
n24_vd_1_vg_0,n24_vd_1,n24,1.0,0.0,-1.12585298407927e-16,-7.46595272002542e-15,2.90588450237686e-16,-5.02940046065369e-15,8.90015759148795e-17,-6.247676590339555e-15,2.015868743228065e-16,1.218276129685865e-15,-5.319988910891376e-15,-6.3366781662544346e-15,1.0166892553630585e-15,0.0,True,0.8617382762114965,opposite_sign,same_sign,1.7784195621100058e-16,-1.249563645558353e-14,-7.18137236467623e-28,-1.70699418993554e-31,2.3970291618846e-20,2.38987003110297e-20,1.1985145450354382e-20,1.19493501554295e-20,1.1985146168491619e-20,1.19493501556002e-20,-7.15913078163e-23,-3.5795294924881474e-23,-3.5796012891418525e-23,0.0,True,0.4999949856584622,opposite_sign,opposite_sign,-1.7784195621100028e-16,-1.7781960687147014e-16,-1.12585298408645e-16,-7.46595272002542e-15,2.90612420529305e-16,-5.02937656195338e-15,8.901356106033e-17,-6.2476646409894e-15,2.01598859468975e-16,1.21828807903602e-15,-5.319988982482685e-15,-6.33667820204973e-15,1.016689219567045e-15,0.0,True,0.8617382810794586,opposite_sign,same_sign,2.465190328815662e-32,-1.2673456062454999e-14
n24_vd_1_vg_0p05,n24_vd_1,n24,1.0,0.05,-3.29096865514265e-16,-7.46640149334377e-15,4.94985171865779e-16,-5.0290153646305e-15,8.2944153175757e-17,-6.247708428987135e-15,4.12041018690022e-16,1.218693064356635e-15,-5.524000536496279e-15,-6.330652582162892e-15,8.06652045666613e-16,0.0,True,0.8869808579388153,opposite_sign,same_sign,1.7807273719847476e-16,-1.2495700167534473e-14,9.99230568593861e-27,-1.02832213104647e-31,-8.40160851030603e-21,2.81480699486906e-20,-4.200799259000172e-21,1.4074034974293883e-20,-4.200809251305858e-21,1.4074034974396716e-20,3.654967845899663e-20,1.8274834233294056e-20,1.8274844225702575e-20,0.0,True,0.4999998633037425,opposite_sign,opposite_sign,-1.78072737198475e-16,-1.780306804228204e-16,-3.29096865504272e-16,-7.46640149334377e-15,4.94976770257268e-16,-5.02898721656055e-15,8.2939952376498e-17,-6.24769435495216e-15,4.1203681788077e-16,1.21870713839161e-15,-5.523963986817818e-15,-6.330634307328658e-15,8.0667032051084e-16,0.0,True,0.8869782974703962,opposite_sign,same_sign,-7.395570986446986e-32,-1.2673730847957292e-14
n24_vd_1_vg_0p1,n24_vd_1,n24,1.0,0.1,-9.29124876822208e-16,-7.46774174879455e-15,1.10503416402416e-15,-5.02773575422275e-15,8.7954643600976e-17,-6.24773875150865e-15,1.017079520423184e-15,1.2200029972859e-15,-6.13276991824691e-15,-6.335693395109626e-15,2.02923476862716e-16,0.0,True,0.9689653820011166,opposite_sign,same_sign,1.7840574117640712e-16,-1.2495760850203943e-14,1.21041188354507e-27,-1.64323868291525e-31,8.62967260650521e-21,-3.66968144768663e-20,4.314836908458547e-21,-1.8348407238515313e-20,4.3148356980466635e-21,-1.834840723835099e-20,-4.532648708337151e-20,-2.266324414697386e-20,-2.266324293639765e-20,0.0,True,0.5000000133539603,same_sign,same_sign,-1.7840574117640608e-16,-1.7842984319590003e-16,-9.29124876820998e-16,-7.46774174879455e-15,1.10504279369677e-15,-5.02777245103722e-15,8.7958958437886e-17,-6.247757099915885e-15,1.017083835258884e-15,1.219984648878665e-15,-6.13281524473399e-15,-6.335716058353771e-15,2.02900813619781e-16,0.0,True,0.9689688480618165,opposite_sign,same_sign,4.092215945833999e-30,-1.2674190693399835e-14
n24_vd_1_vg_0p15,n24_vd_1,n24,1.0,0.15000000000000002,-2.78950570102892e-15,-7.4718292246942e-15,2.96856366844275e-15,-5.02365131057525e-15,8.9528983706915e-17,-6.247740267634725e-15,2.879034684735835e-15,1.224088957059475e-15,-7.992214979018e-15,-6.33726925134164e-15,-1.65494572767636e-15,0.0,True,0.7929302787748956,opposite_sign,same_sign,1.787945026822059e-16,-1.2495763923220139e-14,-2.84256922467372e-28,-1.67343788443035e-31,-7.29240540824568e-20,-2.31590837689952e-19,-3.646202718335686e-20,-1.1579541884505966e-19,-3.646202689909994e-20,-1.1579541884489233e-19,-1.586667836074952e-19,-7.93333916617028e-20,-7.933339194579239e-20,0.0,True,0.4999999991047604,same_sign,same_sign,-1.7879450268221072e-16,-1.7881024429236112e-16,-2.7895057010292e-15,-7.4718292246942e-15,2.96849074438867e-15,-5.02388290141294e-15,8.9492521679735e-17,-6.24785606305357e-15,2.878998222708935e-15,1.22397316164063e-15,-7.99237364580161e-15,-6.337348584733305e-15,-1.655025061068305e-15,0.0,True,0.7929244634430113,opposite_sign,same_sign,2.144715586069626e-30,-1.26745741675125e-14
n24_vd_1_vg_0p2,n24_vd_1,n24,1.0,0.2,-8.59200101886467e-15,-1.35998424627423e-14,8.77163824076109e-15,7.21986409314521e-15,8.981861094821e-17,-3.189989184798545e-15,8.68181962981288e-15,1.0409853277943755e-14,-1.55177414761588e-15,-3.279807795746755e-15,1.728033648130875e-15,0.0,True,0.6549344328296387,opposite_sign,opposite_sign,1.792032161188096e-16,-6.380261801629987e-15,9.05092163979246e-29,-1.6996664482566e-31,8.83090669255115e-20,9.04450005194255e-20,4.415453350801036e-20,4.522250025962777e-20,4.415453341750114e-20,4.522250025979773e-20,2.135933593914e-21,1.0679667516174085e-21,1.0679668422965916e-21,0.0,True,0.4999999787729395,same_sign,opposite_sign,-1.7920321611881196e-16,-1.7924172116155875e-16,-8.59200101886458e-15,-1.35998424627423e-14,8.77172654982802e-15,7.21995453814573e-15,8.986276548172e-17,-3.189943962298285e-15,8.6818637843463e-15,1.0409898500444014e-14,-1.55177201168229e-15,-3.279806727780005e-15,1.728034716097715e-15,0.0,True,0.6549342195707285,opposite_sign,opposite_sign,2.0461079729169994e-30,-6.559503522791543e-15
n24_vd_1_vg_0p25,n24_vd_1,n24,1.0,0.25,-2.69542467303621e-14,-3.19861199789748e-14,2.71344135527697e-14,1.94908335078409e-14,9.00834112038e-17,-6.24764323556695e-15,2.70443301415659e-14,2.573847674340785e-14,-7.6435800449288e-15,-6.33772664677075e-15,-1.30585339815805e-15,0.0,True,0.8291568361314631,opposite_sign,opposite_sign,1.7966571825716798e-16,-1.2495569950770851e-14,-4.38885408755401e-28,-1.76293973705024e-31,4.01735037102145e-20,4.01821010658194e-20,2.0086751635664545e-20,2.0091050532821554e-20,2.0086752074549954e-20,2.0091050532997846e-20,8.5973556049e-24,4.298897157007391e-24,4.298458447892609e-24,0.0,True,0.5000255141891846,opposite_sign,opposite_sign,-1.7966571825716968e-16,-1.7968690975606637e-16,-2.69542467303626e-14,-3.19861199789748e-14,2.71344537262734e-14,1.9490873689942e-14,9.01034979554e-17,-6.2476231445164e-15,2.7044350228318e-14,2.57384968344584e-14,-7.6435800363314e-15,-6.3377266424718e-15,-1.3058533938596e-15,0.0,True,0.8291568365016617,opposite_sign,opposite_sign,-7.277241850663834e-29,-1.2675256860526885e-14
n24_vd_1_vg_0p3,n24_vd_1,n24,1.0,0.30000000000000004,-8.5848799396853e-14,-8.90509986888301e-14,8.60289268684907e-14,9.71676117962869e-14,9.006373581885e-17,4.0583065537284e-15,8.593886313267185e-14,9.31093052425585e-14,1.11386849277962e-14,3.96824281790955e-15,7.17044210988665e-15,0.0,True,0.35625774888442513,opposite_sign,opposite_sign,1.8018841950542944e-16,8.116329576486627e-15,3.44957959444714e-29,-1.8433871366909e-31,4.56610198166198e-20,4.60373645228419e-20,2.2830509925557797e-20,2.3018682261328782e-20,2.2830509891062003e-20,2.301868226151312e-20,3.763447062221e-22,1.8817233577098267e-22,1.8817237045111732e-22,0.0,True,0.4999999539250399,same_sign,opposite_sign,-1.8018841950552087e-16,-1.8017130873514734e-16,-8.5848799396853e-14,-8.90509986888301e-14,8.60289725295106e-14,9.71676578336514e-14,9.00865663288e-17,4.05832957241065e-15,8.59388859631818e-14,9.310932826124074e-14,1.11386853041408e-14,3.96824300608185e-15,7.17044229805895e-15,0.0,True,0.35625775374106833,opposite_sign,opposite_sign,-4.454598924169901e-29,7.936158267751454e-15
n24_vd_1_vg_0p35,n24_vd_1,n24,1.0,0.35000000000000003,-2.7691846529112e-13,-2.71268972914351e-13,2.77099933280533e-13,2.91078842191698e-13,9.07339947065e-17,9.9049346386735e-15,2.770091992858265e-13,2.811739075530245e-13,1.3978908911165e-14,9.814200643967e-15,4.164708267198e-15,0.0,True,0.7020720076463455,opposite_sign,opposite_sign,1.8074221980383105e-16,1.9809585691022253e-14,3.66659787410056e-28,-1.97870163677357e-31,3.91505050880276e-20,3.91991436049349e-20,1.9575252727343695e-20,1.9599571802368515e-20,1.9575252360683906e-20,1.9599571802566386e-20,4.86385169073e-23,2.4319075024821214e-23,2.4319441882478787e-23,0.0,True,0.4999962287331019,same_sign,opposite_sign,-1.8074221980305232e-16,-1.8074774391827026e-16,-2.7691846529112e-13,-2.71268972914351e-13,2.77099972431038e-13,2.91078881390841e-13,9.0753569959e-17,9.904954238245e-15,2.77009218861079e-13,2.81173927152596e-13,1.3978908959803e-14,9.814200668286e-15,4.164708291517e-15,0.0,True,0.7020720069432591,opposite_sign,opposite_sign,3.6642589047516e-28,1.962883794710338e-14
n24_vd_1_vg_0p4,n24_vd_1,n24,1.0,0.4,-9.0288282391864e-13,-8.99783597206682e-13,9.03064455767462e-13,9.07964891264681e-13,9.0815924411e-17,4.0906470289995e-15,9.02973639843051e-13,9.038742442356815e-13,4.900435497219e-15,3.9998311045885e-15,9.006043926305e-16,0.0,True,0.816219519032218,opposite_sign,opposite_sign,1.8123083977863425e-16,8.18101041200405e-15,-3.82541727262722e-28,-2.79394500803357e-31,3.63153848529163e-20,3.63179271505625e-20,1.8157692235187285e-20,1.8158963575141552e-20,1.8157692617729014e-20,1.8158963575420947e-20,2.5422976462e-24,1.2713399542663809e-24,1.270957691933619e-24,0.0,True,0.5000751804835546,opposite_sign,opposite_sign,-1.8123083977904165e-16,-1.8124055148418572e-16,-9.0288282391864e-13,-8.99783597206682e-13,9.03064492082847e-13,9.07964927582608e-13,9.08340821035e-17,4.090665187963e-15,9.029736580007435e-13,9.03874262394645e-13,4.900435499761e-15,3.9998311058595e-15,9.006043939015e-16,0.0,True,0.8162195188681857,opposite_sign,opposite_sign,1.1527229977542035e-28,7.999769860519733e-15
n24_vd_1_vg_0p45,n24_vd_1,n24,1.0,0.45,-2.97062855643574e-12,-2.97417045531911e-12,2.97080980354118e-12,2.97724968316879e-12,9.062355272e-17,1.53961392484e-15,2.97071917998846e-12,2.97571006924395e-12,6.43987962761e-15,1.44899037212e-15,4.99088925549e-15,0.0,True,0.22500271059534643,opposite_sign,opposite_sign,1.8148040604430875e-16,3.0789441393483914e-15,9.21301314126042e-29,-5.01874414385949e-31,3.68959581589522e-20,3.69051407115755e-20,1.8447979125541165e-20,1.8452570355536814e-20,1.8447979033411035e-20,1.8452570356038687e-20,9.1825526233e-24,4.591229995647086e-24,4.5913226276529134e-24,0.0,True,0.49999495608630695,same_sign,opposite_sign,-1.8148040603862193e-16,-1.8149552659630792e-16,-2.97062855643574e-12,-2.97417045531911e-12,2.97080984043713e-12,2.97724972007393e-12,9.0642000695e-17,1.53963237741e-15,2.970719198436435e-12,2.97571008769652e-12,6.4398796368e-15,1.448990376715e-15,4.990889260085e-15,0.0,True,0.22500271098778,opposite_sign,opposite_sign,-2.3963868667384168e-27,2.8974486127514033e-15
n24_vd_1_vg_0p5,n24_vd_1,n24,1.0,0.5,-9.84840377286334e-12,-9.84642207018918e-12,9.8485898563897e-12,9.86336423886121e-12,9.304176318e-17,8.471084336015e-15,9.84849681462652e-12,9.854893154525196e-12,1.477438247151e-14,8.378042572835e-15,6.396339898675e-15,0.0,True,0.5670654992850426,opposite_sign,opposite_sign,1.8133734810298638e-16,1.6941884892248722e-14,-5.02668905741262e-28,-1.13188264589068e-30,3.53454058319131e-20,3.53511489372147e-20,1.7672702664622097e-20,1.767557446804141e-20,1.7672703167291004e-20,1.7675574469173293e-20,5.7431053016e-24,2.8718034193115476e-24,2.8713018822884523e-24,0.0,True,0.5000436642719189,opposite_sign,opposite_sign,-1.8133734810683876e-16,-1.813159761065199e-16,-9.84840377286334e-12,-9.84642207018918e-12,9.84858989173511e-12,9.86336427421236e-12,9.3059435885e-17,8.47110201159e-15,9.848496832299225e-12,9.85489317220077e-12,1.477438247725e-14,8.378042575705e-15,6.396339901545e-15,0.0,True,0.567065499258987,opposite_sign,opposite_sign,2.2365439258180093e-27,1.6760568916143248e-14
n24_vd_1_vg_0p55,n24_vd_1,n24,1.0,0.55,-3.28535802780024e-11,-3.28506216743019e-11,3.28537571261221e-11,3.28489340929709e-11,8.842405985e-17,-8.437906655e-16,3.285366870206225e-11,3.28497778836364e-11,-4.8230331512e-15,-9.3221472535e-16,-3.89081842585e-15,0.0,True,0.19328391411078305,opposite_sign,opposite_sign,1.8083925735359492e-16,-1.687865185958874e-15,-9.85522044171215e-28,-3.2070803665835e-30,1.98852761156874e-20,9.88055459030231e-21,9.942637565082678e-21,4.940277293547615e-21,9.942638550604722e-21,4.9402772967546955e-21,-1.000472152538509e-20,-5.002360271535063e-21,-5.002361253850027e-21,0.0,True,0.499999950907431,opposite_sign,opposite_sign,-1.8083925729851882e-16,-1.808475199240349e-16,-3.28535802780024e-11,-3.28506216743019e-11,3.28537571460073e-11,3.28489341028515e-11,8.843400245e-17,-8.437857252e-16,3.285366871200485e-11,3.28497778885767e-11,-4.8230431558e-15,-9.3221972765e-16,-3.89082342815e-15,0.0,True,0.1932845503422356,opposite_sign,opposite_sign,-2.4310844206164972e-26,-1.868712705836166e-15
n24_vd_1_vg_0p6,n24_vd_1,n24,1.0,0.6000000000000001,-1.1012100051634e-10,-1.10121801829169e-10,1.10121035901041e-10,1.10130964323623e-10,1.76923505e-17,4.581247227e-15,1.101210182086905e-10,1.10126383076396e-10,9.928422582e-15,4.5635548765e-15,5.3648677055e-15,0.0,True,0.45964551154114036,opposite_sign,opposite_sign,1.8017627916335494e-16,9.162210517235136e-15,3.81959793737524e-29,-1.01171118122252e-29,2.36594432542859e-20,3.20587018729001e-20,1.182972164624094e-20,1.6029350931391495e-20,1.182972160804496e-20,1.6029350941508607e-20,8.3992586186142e-21,4.199629285150554e-21,4.199629333463646e-21,0.0,True,0.4999999971239669,same_sign,opposite_sign,-1.8017627918140553e-16,-1.801442199966652e-16,-1.1012100051634e-10,-1.10121801829169e-10,1.10121035924701e-10,1.10130964355681e-10,1.77041805e-17,4.581263256e-15,1.101210182205205e-10,1.10126383092425e-10,9.92843098e-15,4.5635590755e-15,5.3648719045e-15,0.0,True,0.4596455456751335,opposite_sign,opposite_sign,5.408136638767579e-25,8.982066296528708e-15
n24_vd_1_vg_0p65,n24_vd_1,n24,1.0,0.65,-3.70249441159463e-10,-3.70240577367574e-10,3.70249626125505e-10,3.7023666743449e-10,9.2483021e-17,-1.954966542e-15,3.70249533642484e-10,3.70238622401032e-10,-1.2958691015e-14,-2.047449563e-15,-1.0911241452e-14,0.0,True,0.15799817748799067,opposite_sign,opposite_sign,1.7948970253604317e-16,-3.9102171105827414e-15,-1.21652153337892e-27,-3.32469613119328e-29,3.59715344175118e-20,3.59715478419096e-20,1.7985766600495132e-20,1.798577390433132e-20,1.7985767817016666e-20,1.798577393757828e-20,1.34243978e-26,7.303836186033493e-27,6.120561613966507e-27,0.0,True,0.5440717933756025,opposite_sign,opposite_sign,-1.7948970181351301e-16,-1.7947715967867134e-16,-3.70249441159463e-10,-3.70240577367574e-10,3.70249626161476e-10,3.70236667470461e-10,9.25010065e-17,-1.9549485565e-15,3.702495336604695e-10,3.702386224190175e-10,-1.2958691015e-14,-2.047449563e-15,-1.0911241452e-14,0.0,True,0.15799817748799067,opposite_sign,opposite_sign,2.2394057652707314e-25,-4.08969427077461e-15
n24_vd_1_vg_0p7,n24_vd_1,n24,1.0,0.7000000000000001,-1.2459574444281e-09,-1.24595403627944e-09,1.24595762348326e-09,1.24596062783365e-09,8.952758e-17,3.295777105e-15,1.24595753395568e-09,1.245957332056545e-09,3.00435039e-15,3.206249525e-15,-2.01899135e-16,0.0,True,0.9407598801749452,opposite_sign,opposite_sign,1.7883976846298564e-16,6.591270083468384e-15,3.84848419434886e-28,-1.11102483876227e-28,1.75433183668931e-20,-3.82778487573973e-21,8.77165937587076e-21,-1.913892493421107e-21,8.77165899102234e-21,-1.9138923823186232e-21,-2.137110324263283e-20,-1.0685551869291867e-20,-1.0685551373340963e-20,0.0,True,0.5000000116033061,same_sign,same_sign,-1.7883976673734927e-16,-1.7884498496343085e-16,-1.2459574444281e-09,-1.24595403627944e-09,1.2459576235008e-09,1.24596062782983e-09,8.953635e-17,3.295775195e-15,1.24595753396445e-09,1.245957332054635e-09,3.00432903e-15,3.206238845e-15,-2.01909815e-16,0.0,True,0.9407567465088216,opposite_sign,opposite_sign,-1.641816685035521e-24,6.412425106369871e-15
n24_vd_1_vg_0p75,n24_vd_1,n24,1.0,0.75,-4.18331656243217e-09,-4.18331020564397e-09,4.18331673877185e-09,4.18331797436658e-09,8.816984e-17,3.884361305e-15,4.18331665060201e-09,4.183314090005275e-09,1.23559473e-15,3.796191465e-15,-2.560596735e-15,0.0,True,0.5971870299218087,opposite_sign,opposite_sign,1.783019281991261e-16,7.768438370423984e-15,-2.73972859240409e-28,-3.72196906577347e-28,2.27096742899593e-20,2.14780574776411e-20,1.1354837007993221e-20,1.0739028552722096e-20,1.135483728196608e-20,1.0739028924919003e-20,-1.2316168123182e-21,-6.158084552711237e-22,-6.158083570470763e-22,0.0,True,0.5000000398760581,opposite_sign,opposite_sign,-1.78301939329592e-16,-1.7827460470538756e-16,-4.18331656243217e-09,-4.18331020564397e-09,4.18331673879456e-09,4.18331797438805e-09,8.8181195e-17,3.88437204e-15,4.183316650613365e-09,4.18331409001601e-09,1.23559349e-15,3.796190845e-15,-2.560597355e-15,0.0,True,0.5971869323882775,opposite_sign,opposite_sign,-1.0560763720176303e-23,7.590163757961471e-15
n24_vd_1_vg_0p8,n24_vd_1,n24,1.0,0.8,-1.39395869853443e-08,-1.39395866798774e-08,1.39395871626678e-08,1.39395769387919e-08,8.866175e-17,-4.87054275e-15,1.393958707400605e-08,1.393958180933465e-08,-1.02238759e-14,-4.9592045e-15,-5.2646714e-15,0.0,True,0.48506110094704885,opposite_sign,opposite_sign,1.7794798550414274e-16,-9.741369872762688e-15,-1.19844063096473e-27,-1.2396304769022e-27,2.29370142732412e-20,2.2516158248269e-20,1.1468506537400285e-20,1.1258078504319262e-20,1.1468507735840916e-20,1.1258079743949739e-20,-4.208560249722e-22,-2.1042803308102296e-22,-2.1042799189117704e-22,0.0,True,0.5000000489357922,opposite_sign,opposite_sign,-1.779479490680282e-16,-1.7796733610269336e-16,-1.39395869853443e-08,-1.39395866798774e-08,1.39395871626907e-08,1.39395769388144e-08,8.86732e-17,-4.8705315e-15,1.39395870740175e-08,1.39395818093459e-08,-1.02238763e-14,-4.9592047e-15,-5.2646716e-15,0.0,True,0.48506110153151993,opposite_sign,opposite_sign,-9.088827146396383e-25,-9.919337225709728e-15
n24_vd_1_vg_0p85,n24_vd_1,n24,1.0,0.8500000000000001,-4.56373391238222e-08,-4.56373473691217e-08,4.56373393024218e-08,4.56373513592651e-08,8.92998e-17,1.9950717e-15,4.5637339213122e-08,4.56373493641934e-08,1.20568433e-14,1.9057719e-15,1.01510714e-14,0.0,True,0.15806557757949796,opposite_sign,opposite_sign,1.7780022365241604e-16,3.98985886012297e-15,-4.32904842688528e-27,-4.05857625243332e-27,2.26084653001895e-20,2.10164967813036e-20,1.1304230485570536e-20,1.0508246361363673e-20,1.1304234814618963e-20,1.0508250419939926e-20,-1.5919685188859e-21,-7.959841242068628e-22,-7.959843946790372e-22,0.0,True,0.49999991505102914,opposite_sign,opposite_sign,-1.7780030443323984e-16,-1.7779519068247227e-16,-4.56373391238222e-08,-4.56373473691217e-08,4.56373393024444e-08,4.56373513592862e-08,8.93111e-17,1.99508225e-15,4.56373392131333e-08,4.563734936420395e-08,1.20568418e-14,1.90577115e-15,1.015107065e-14,0.0,True,0.15806553503920076,opposite_sign,opposite_sign,-8.405001554613496e-23,3.812063755979562e-15
n24_vd_1_vg_0p9,n24_vd_1,n24,1.0,0.9,-1.43907530971037e-07,-1.43907542236807e-07,1.43907531153309e-07,1.43907534981792e-07,9.1136e-17,-3.6275075e-15,1.43907531062173e-07,1.439075386092995e-07,3.828483e-15,-3.7186435e-15,7.5471265e-15,0.0,True,0.3300833853345133,opposite_sign,opposite_sign,1.7774847849922083e-16,-7.255299768480483e-15,-1.29670920513601e-26,-1.27999659240217e-26,2.26734000378883e-20,2.13303944730584e-20,1.1336693535398125e-20,1.0665190836546238e-20,1.1336706502490176e-20,1.0665203636512162e-20,-1.3430055648299e-21,-6.715026988518863e-22,-6.715028659780137e-22,0.0,True,0.49999993777906365,opposite_sign,opposite_sign,-1.777485835324992e-16,-1.7773930377190391e-16,-1.43907530971037e-07,-1.43907542236807e-07,1.43907531153332e-07,1.43907534981814e-07,9.11475e-17,-3.6274965e-15,1.439075310621845e-07,1.439075386093105e-07,3.828482e-15,-3.718644e-15,7.547126e-15,0.0,True,0.33008342971674376,opposite_sign,opposite_sign,2.238181238920789e-22,-7.43303840624721e-15
n24_vd_1_vg_0p95,n24_vd_1,n24,1.0,0.9500000000000001,-4.21623971649447e-07,-4.21623974409598e-07,4.21623971828727e-07,4.21623982787531e-07,8.964e-17,4.1889665e-15,4.21623971739087e-07,4.216239785985645e-07,1.0958804e-14,4.0993265e-15,6.8594775e-15,0.0,True,0.37406696022668173,opposite_sign,opposite_sign,1.7764065456147789e-16,8.377647951726195e-15,-3.84493300499351e-26,-3.75092372698823e-26,2.26177064520326e-20,2.10574612720287e-20,1.1308834001351275e-20,1.0528711881395716e-20,1.1308872450681325e-20,1.0528749390632984e-20,-1.5602451800039e-21,-7.8012211995556e-22,-7.801230600483401e-22,0.0,True,0.4999996987355602,opposite_sign,opposite_sign,-1.776406478342743e-16,-1.776459498529332e-16,-4.21623971649447e-07,-4.21623974409598e-07,4.2162397182875e-07,4.21623982787552e-07,8.96515e-17,4.188977e-15,4.216239717390985e-07,4.21623978598575e-07,1.0958802e-14,4.0993255e-15,6.8594765e-15,0.0,True,0.37406693724368784,opposite_sign,opposite_sign,3.648278950873652e-22,8.200001961454504e-15
n24_vd_1_vg_1,n24_vd_1,n24,1.0,1.0,-1.09309446407912e-06,-1.09309446454605e-06,1.09309446425589e-06,1.0930944618866e-06,8.8385e-17,-1.329725e-15,1.093094464167505e-06,1.093094463216325e-06,-2.36929e-15,-1.41811e-15,-9.5118e-16,0.0,True,0.5985379586289563,opposite_sign,opposite_sign,1.7746840202338098e-16,-2.6597353457518516e-15,-9.69451660395919e-26,-9.72660172299813e-26,2.26050107737273e-20,2.09947886675486e-20,1.130245691428063e-20,1.0497345700765684e-20,1.130255385944667e-20,1.0497442966782916e-20,-1.6102221061787e-21,-8.051112135149452e-22,-8.051108926637548e-22,0.0,True,0.5000000996294826,opposite_sign,opposite_sign,-1.7746822297053044e-16,-1.7745843126969647e-16,-1.09309446407912e-06,-1.09309446454605e-06,1.09309446425591e-06,1.09309446188662e-06,8.8395e-17,-1.329715e-15,1.093094464167515e-06,1.093094463216335e-06,-2.36929e-15,-1.41811e-15,-9.5118e-16,0.0,True,0.5985379586289563,opposite_sign,opposite_sign,-2.3088284810138594e-21,-2.837194866438689e-15
n24_vd_1_vg_1p05,n24_vd_1,n24,1.0,1.05,-2.41802502061678e-06,-2.41802501593866e-06,2.41802502079062e-06,2.41802500037645e-06,8.692e-17,-7.781105e-15,2.4180250207037e-06,2.418025008157555e-06,-2.041417e-14,-7.868025e-15,-1.2546145e-14,0.0,True,0.3854197843948591,opposite_sign,opposite_sign,1.7734235267088044e-16,-1.55624962163537e-14,-2.15633118165256e-25,-2.15208370832515e-25,2.2610709979644e-20,2.10160780060149e-20,1.1305247173262918e-20,1.0507931398822034e-20,1.1305462806381082e-20,1.0508146607192867e-20,-1.5946319736291e-21,-7.973157744408836e-22,-7.973161991882164e-22,0.0,True,0.49999986681963615,opposite_sign,opposite_sign,-1.7734335329192346e-16,-1.7730960747573936e-16,-2.41802502061678e-06,-2.41802501593866e-06,2.41802502079065e-06,2.41802500037647e-06,8.6935e-17,-7.781095e-15,2.418025020703715e-06,2.418025008157565e-06,-2.041418e-14,-7.86803e-15,-1.254615e-14,0.0,True,0.38541984052261713,opposite_sign,opposite_sign,6.458554237604761e-21,-1.5739806510901503e-14
n24_vd_1_vg_1p1,n24_vd_1,n24,1.0,1.1,-4.56322448843501e-06,-4.56322448562333e-06,4.56322448860518e-06,4.56322448107717e-06,8.5085e-17,-2.27308e-15,4.563224488520095e-06,4.56322448335025e-06,-7.52801e-15,-2.358165e-15,-5.169845e-15,0.0,True,0.3132521077947558,opposite_sign,opposite_sign,1.7733514064129858e-16,-4.546447088457388e-15,-4.06087798195083e-25,-4.06228375619014e-25,2.2614310842505e-20,2.10224549638717e-20,1.1306952377353402e-20,1.051102436774804e-20,1.1307358465151597e-20,1.051143059612366e-20,-1.5918558786333e-21,-7.959280096053619e-22,-7.959278690279381e-22,0.0,True,0.5000000441551983,opposite_sign,opposite_sign,-1.773397136029283e-16,-1.7730719397116049e-16,-4.56322448843501e-06,-4.56322448562333e-06,4.5632244886052e-06,4.56322448107719e-06,8.5095e-17,-2.27307e-15,4.563224488520105e-06,4.56322448335026e-06,-7.52801e-15,-2.358165e-15,-5.169845e-15,0.0,True,0.3132521077947558,opposite_sign,opposite_sign,-7.705108596952084e-21,-4.7237549756865506e-15
n24_vd_1_vg_1p15,n24_vd_1,n24,1.0,1.1500000000000001,-7.5477820432375e-06,-7.5477820367094e-06,7.54778204340422e-06,7.5477820317941e-06,8.336e-17,-2.45765e-15,7.54778204332086e-06,7.54778203425175e-06,-1.161012e-14,-2.54101e-15,-9.06911e-15,0.0,True,0.21886164828615032,opposite_sign,opposite_sign,1.7745527253509217e-16,-4.915587218702177e-15,-6.72337657296752e-25,-6.72083143211087e-25,2.2618148619336e-20,2.10251101274845e-20,1.1308738140839352e-20,1.0512219022170645e-20,1.1309410478496648e-20,1.0512891105313856e-20,-1.5930384918515e-21,-7.965191186687072e-22,-7.965193731827928e-22,0.0,True,0.4999999201167809,opposite_sign,opposite_sign,-1.7745052098961332e-16,-1.7745073113390765e-16,-7.5477820432375e-06,-7.5477820367094e-06,7.54778204340424e-06,7.54778203179412e-06,8.337e-17,-2.45764e-15,7.54778204332087e-06,7.54778203425176e-06,-1.161012e-14,-2.54101e-15,-9.06911e-15,0.0,True,0.21886164828615032,opposite_sign,opposite_sign,1.6158269835256425e-21,-5.093038645483394e-15
n24_vd_1_vg_1p2,n24_vd_1,n24,1.0,1.2000000000000002,-1.12990457898135e-05,-1.12990457943313e-05,1.12990457899853e-05,1.12990457962153e-05,8.59e-17,9.42e-16,1.12990457898994e-05,1.12990457952733e-05,6.23e-15,8.561e-16,5.3739e-15,0.0,True,0.13741573033707866,opposite_sign,opposite_sign,1.7756259131209868e-16,1.8837116301184105e-15,-1.00682140909811e-24,-1.0063709030945e-24,2.26232728482732e-20,2.10294047082359e-20,1.131113301343205e-20,1.0514199168666403e-20,1.1312139834841149e-20,1.0515205539569497e-20,-1.5938681400373e-21,-7.969338447656482e-22,-7.969342952716518e-22,0.0,True,0.4999998586752592,opposite_sign,opposite_sign,-1.7764264681743014e-16,-1.7762381915350666e-16,-1.12990457898135e-05,-1.12990457943313e-05,1.12990457899854e-05,1.12990457962153e-05,8.595e-17,9.42e-16,1.129904578989945e-05,1.12990457952733e-05,6.2299e-15,8.5605e-16,5.37385e-15,0.0,True,0.1374099102714329,opposite_sign,opposite_sign,-2.7278835822612846e-21,1.7060667825665664e-15
n24_vd_1_vg_1p25,n24_vd_1,n24,1.0,1.25,-1.57163469007249e-05,-1.57163468907298e-05,1.57163469008935e-05,1.5716346893298e-05,8.43e-17,1.2841e-15,1.57163469008092e-05,1.57163468920139e-05,-7.5955e-15,1.1998e-15,-8.7953e-15,0.0,True,0.12003881902132045,opposite_sign,opposite_sign,1.7785776943006898e-16,2.5679086367667725e-15,-1.39989334846264e-24,-1.40020352229829e-24,2.26294278853626e-20,2.1034686554851e-20,1.131401399600707e-20,1.0516643175664351e-20,1.1315413889355531e-20,1.051804337918665e-20,-1.5947413305116e-21,-7.973708203427178e-22,-7.973705101688822e-22,0.0,True,0.5000000972489487,opposite_sign,opposite_sign,-1.7788774328751898e-16,-1.7792952490575267e-16,-1.57163469007249e-05,-1.57163468907298e-05,1.57163469008935e-05,1.5716346893298e-05,8.43e-17,1.2841e-15,1.57163469008092e-05,1.57163468920139e-05,-7.5955e-15,1.1998e-15,-8.7953e-15,0.0,True,0.12003881902132045,opposite_sign,opposite_sign,-5.2601885442024366e-20,2.3899580785746686e-15
n24_vd_1_vg_1p3,n24_vd_1,n24,1.0,1.3,-2.07020218202318e-05,-2.07020218248706e-05,2.07020218204056e-05,2.07020218302746e-05,8.69e-17,2.702e-15,2.07020218203187e-05,2.07020218275726e-05,9.869e-15,2.6151e-15,7.2539e-15,0.0,True,0.26498125443307324,opposite_sign,opposite_sign,1.7819728347267746e-16,5.403709944334388e-15,-1.84446903709472e-24,-1.84494417523933e-24,2.26364398170806e-20,2.10406739693235e-20,1.1317297674021752e-20,1.051941451257413e-20,1.1319142143058848e-20,1.052125945674937e-20,-1.5957658477571e-21,-7.978831614476223e-22,-7.978826863094777e-22,0.0,True,0.500000148874644,opposite_sign,opposite_sign,-1.7816537047802396e-16,-1.7815766345349085e-16,-2.07020218202318e-05,-2.07020218248706e-05,2.07020218204056e-05,2.07020218302746e-05,8.69e-17,2.702e-15,2.07020218203187e-05,2.07020218275726e-05,9.869e-15,2.6151e-15,7.2539e-15,0.0,True,0.26498125443307324,opposite_sign,opposite_sign,9.278399305382253e-21,5.2255312420518715e-15
n24_vd_1_vg_1p35,n24_vd_1,n24,1.0,1.35,-2.61712869319652e-05,-2.61712869324007e-05,2.61712868657022e-05,2.61712869472392e-05,-3.31315e-14,7.41925e-15,2.61712868988337e-05,2.617128693981995e-05,8.1537e-14,4.055075e-14,4.098625e-14,0.0,True,0.49732943326342643,opposite_sign,opposite_sign,1.784676756112358e-16,1.4838213014378813e-14,-2.32054808049994e-24,-2.33308631385361e-24,4.54906548177986e-20,4.59533793855823e-20,2.274416713485905e-20,2.2975523149634223e-20,2.274648768293955e-20,2.2977856235948076e-20,4.627245677837e-22,2.3135601477517317e-22,2.3136855300852683e-22,0.0,True,0.49998645173151957,opposite_sign,opposite_sign,-1.7846069359254328e-16,-1.7843251321914773e-16,-2.61712869319652e-05,-2.61712869324007e-05,2.61712868657022e-05,2.61712869472393e-05,-3.31315e-14,7.4193e-15,2.61712868988337e-05,2.617128693982e-05,8.15371e-14,4.05508e-14,4.09863e-14,0.0,True,0.4973294365387045,opposite_sign,opposite_sign,-3.8506315572454844e-20,1.4659832805935247e-14
n24_vd_1_vg_1p4,n24_vd_1,n24,1.0,1.4000000000000001,-3.2053658415707e-05,-3.20536584176013e-05,3.20536583838049e-05,3.20536584193115e-05,-1.595105e-14,8.551e-16,3.205365839975595e-05,3.20536584184564e-05,3.55066e-14,1.680615e-14,1.870045e-14,0.0,True,0.47332467766556074,opposite_sign,opposite_sign,1.7871788629465195e-16,1.7099030628633135e-15,-2.85437928309758e-24,-2.8583809350561e-24,3.6088282048806e-20,3.61677031179881e-20,1.804271383476145e-20,1.8082422368526522e-20,1.804556821404455e-20,1.808528074946158e-20,7.94210691821e-23,3.970853376507074e-23,3.971253541702926e-23,0.0,True,0.49997480736535194,opposite_sign,opposite_sign,-1.7876786876925448e-16,-1.7876420098006193e-16,-3.2053658415707e-05,-3.20536584176013e-05,3.20536583838049e-05,3.20536584193115e-05,-1.595105e-14,8.551e-16,3.205365839975595e-05,3.20536584184564e-05,3.55066e-14,1.680615e-14,1.870045e-14,0.0,True,0.47332467766556074,opposite_sign,opposite_sign,-8.60679023481366e-20,1.5311026970385145e-15
n24_vd_1_vg_1p45,n24_vd_1,n24,1.0,1.4500000000000002,-3.82908045551613e-05,-3.82908045593984e-05,3.82908045351654e-05,3.82908045704473e-05,-9.99795e-15,5.52445e-15,3.829080454516335e-05,3.829080456492285e-05,3.52819e-14,1.55224e-14,1.97595e-14,0.0,True,0.43995363061513126,opposite_sign,opposite_sign,1.7914583419040992e-16,1.104861010506332e-14,-3.41388514733641e-24,-3.4156632541384e-24,4.13279373647747e-20,4.16671174448413e-20,2.066226173981368e-20,2.083185089079358e-20,2.066567562496102e-20,2.083526655404772e-20,3.391800800666e-22,1.69589150979899e-22,1.6959092908670099e-22,0.0,True,0.4999973788159941,opposite_sign,opposite_sign,-1.7907848224890838e-16,-1.7909816711063741e-16,-3.82908045551613e-05,-3.82908045593984e-05,3.82908045351654e-05,3.82908045704474e-05,-9.99795e-15,5.5245e-15,3.829080454516335e-05,3.82908045649229e-05,3.5282e-14,1.552245e-14,1.975955e-14,0.0,True,0.439953800804943,opposite_sign,opposite_sign,2.602741801097225e-20,1.0869571918204572e-14
n24_vd_1_vg_1p5,n24_vd_1,n24,1.0,1.5,-4.48342357508962e-05,-4.48341741869151e-05,4.48331760871941e-05,4.48341740567646e-05,-5.2983185105e-10,-6.507525e-14,4.483370591904515e-05,4.483417412183985e-05,9.979695705e-10,5.297667758e-10,4.682027947e-10,0.0,True,0.5308446183730609,opposite_sign,opposite_sign,1.7937702047684503e-16,-1.3015079347226006e-13,-3.88815258489278e-24,-4.00063173109749e-24,3.12318387464337e-20,3.38308077615296e-20,1.5613975296924404e-20,1.6913403564899252e-20,1.5617863449509297e-20,1.691740419663035e-20,2.5989690150959e-21,1.2994282679748476e-21,1.2995407471210523e-21,0.0,True,0.49997836081431685,opposite_sign,opposite_sign,-1.7939051409327916e-16,-1.7937277448103418e-16,-4.48342357508962e-05,-4.48341741869151e-05,4.48331760871941e-05,4.48341740567647e-05,-5.2983185105e-10,-6.50752e-14,4.483370591904515e-05,4.48341741218399e-05,9.979695706e-10,5.2976677585e-10,4.6820279475e-10,0.0,True,0.5308446183699701,opposite_sign,opposite_sign,-4.4719658661301197e-20,-1.3033009842959455e-13
n24_vd_1_vg_1p55,n24_vd_1,n24,1.0,1.55,-5.16446857758872e-05,-5.16446133065081e-05,5.16436042296631e-05,5.16446132142917e-05,-5.4077311205e-10,-4.61082e-14,5.164414500277515e-05,5.16446132603999e-05,1.0089846286e-09,5.4072700385e-10,4.6825762475e-10,0.0,True,0.5359120332688089,opposite_sign,opposite_sign,1.797159424299973e-16,-9.221669458211552e-14,-4.55318705685067e-24,-4.60981922563445e-24,2.93184930573678e-20,3.30339134546416e-20,1.4656969935155475e-20,1.6514651817707983e-20,1.4661523122212326e-20,1.6519261636933617e-20,3.7154203972738e-21,1.8576818825525082e-21,1.857738514721292e-21,0.0,True,0.49999237876703995,opposite_sign,opposite_sign,-1.797004394843637e-16,-1.7971995940876657e-16,-5.16446857758872e-05,-5.16446133065081e-05,5.16436042296631e-05,5.16446132142917e-05,-5.4077311205e-10,-4.61082e-14,5.164414500277515e-05,5.16446132603999e-05,1.0089846286e-09,5.4072700385e-10,4.6825762475e-10,0.0,True,0.5359120332688089,opposite_sign,opposite_sign,-1.3807712375041414e-20,-9.239644757082791e-14
n24_vd_1_vg_1p6,n24_vd_1,n24,1.0,1.6,-5.86885738556946e-05,-5.86885738917802e-05,5.86885735208669e-05,5.86885738944745e-05,-1.6741385e-13,1.34715e-15,5.868857368828075e-05,5.868857389312735e-05,3.736076e-13,1.68761e-13,2.048466e-13,0.0,True,0.4517065498667586,opposite_sign,opposite_sign,1.8002062571697438e-16,2.6940106312624067e-15,-5.19976548982549e-24,-5.24025280036367e-24,2.21413444291917e-20,1.84221598213436e-20,1.1068072331850938e-20,9.208459784271618e-21,1.1073272097340763e-20,9.213700037071982e-21,-3.7191846078481e-21,-1.8596125475793192e-21,-1.859572060268781e-21,0.0,True,0.5000054430358812,opposite_sign,opposite_sign,-1.8000771700140829e-16,-1.7998480733162046e-16,-5.86885738556946e-05,-5.86885738917802e-05,5.86885735208669e-05,5.86885738944745e-05,-1.6741385e-13,1.34715e-15,5.868857368828075e-05,5.868857389312735e-05,3.736076e-13,1.68761e-13,2.048466e-13,0.0,True,0.4517065498667586,opposite_sign,opposite_sign,-9.22742904542784e-21,2.514007407011218e-15
n24_vd_1_vg_1p65,n24_vd_1,n24,1.0,1.6500000000000001,-6.59375465933535e-05,-6.59374649859267e-05,6.59364787533112e-05,6.59374649219065e-05,-5.3392002115e-10,-3.20101e-14,6.593701267333236e-05,6.59374649539166e-05,9.861685953e-10,5.3388801105e-10,4.5228058425e-10,0.0,True,0.5413760016233201,opposite_sign,opposite_sign,1.802253289366039e-16,-6.402049362649993e-14,-5.87211051456507e-24,-5.88939817232628e-24,2.06073950909709e-20,2.96920119526962e-20,1.0300761490228167e-20,1.4843061277261935e-20,1.0306633600742733e-20,1.4848950675434264e-20,9.0846168617253e-21,4.542299787033769e-21,4.5423170746915304e-21,0.0,True,0.499999048520261,opposite_sign,opposite_sign,-1.8030991541125156e-16,-1.8031438695593847e-16,-6.59375465933535e-05,-6.59374649859267e-05,6.59364787533112e-05,6.59374649219065e-05,-5.3392002115e-10,-3.20101e-14,6.593701267333236e-05,6.59374649539166e-05,9.861685953e-10,5.3388801105e-10,4.5228058425e-10,0.0,True,0.5413760016233201,opposite_sign,opposite_sign,-1.0519111093229656e-19,-6.420083769957842e-14
n24_vd_1_vg_1p7,n24_vd_1,n24,1.0,1.7000000000000002,-7.33682512247663e-05,-7.33681695704465e-05,7.33669745570646e-05,7.33681695180523e-05,-6.3833385085e-10,-2.61971e-14,7.336761289091545e-05,7.33681695442494e-05,1.1949609877e-09,6.3830765375e-10,5.5665333395e-10,0.0,True,0.5341661027600424,opposite_sign,opposite_sign,1.8059844240037604e-16,-5.2394499461005084e-14,-6.54497523036113e-24,-6.55520653511342e-24,3.04285292572793e-20,3.4455102426017e-20,1.5210992141024468e-20,1.7224273609740943e-20,1.521753711625483e-20,1.7230828816276056e-20,4.0265731687377e-21,2.013281468716474e-21,2.013291700021226e-21,0.0,True,0.4999987295270291,opposite_sign,opposite_sign,-1.8060759450298894e-16,-1.805795870660725e-16,-7.33682512247663e-05,-7.33681695704465e-05,7.33669745570646e-05,7.33681695180523e-05,-6.3833385085e-10,-2.61971e-14,7.336761289091545e-05,7.33681695442494e-05,1.1949609877e-09,6.3830765375e-10,5.5665333395e-10,0.0,True,0.5341661027600424,opposite_sign,opposite_sign,-3.957769717851844e-20,-5.2575113496618375e-14
n24_vd_1_vg_1p75,n24_vd_1,n24,1.0,1.75,-8.0960306756568e-05,-8.09603067874769e-05,8.09603062276725e-05,8.09603067722957e-05,-2.6444775e-13,-7.5906e-15,8.096030649212025e-05,8.09603067798863e-05,5.446232e-13,2.5685715e-13,2.8776605e-13,0.0,True,0.47162359223771594,opposite_sign,opposite_sign,1.8085898870937675e-16,-1.5181496654181495e-14,-7.22645367934532e-24,-7.23587012952587e-24,1.43577750888733e-20,-1.52946815352388e-20,7.175274317596977e-21,-7.650958702684163e-21,7.182500771276322e-21,-7.643722832554637e-21,-2.96524566241121e-20,-1.482623302028114e-20,-1.482622360383096e-20,0.0,True,0.5000001587802707,opposite_sign,same_sign,-1.809008335544668e-16,-1.8093349390149536e-16,-8.0960306756568e-05,-8.09603067874769e-05,8.09603062276725e-05,8.09603067722957e-05,-2.6444775e-13,-7.5906e-15,8.096030649212025e-05,8.09603067798863e-05,5.446232e-13,2.5685715e-13,2.8776605e-13,0.0,True,0.47162359223771594,opposite_sign,opposite_sign,-5.619539359124238e-20,-1.5362414846165586e-14
n24_vd_1_vg_1p8,n24_vd_1,n24,1.0,1.8,-8.86963455218117e-05,-8.8696267510075e-05,8.86949495211858e-05,8.86962674951178e-05,-6.9800031295e-10,-7.4786e-15,8.869564752149874e-05,8.86962675025964e-05,1.317973932e-09,6.9799283435e-10,6.1998109765e-10,0.0,True,0.5295953261312304,opposite_sign,opposite_sign,1.8118478793001818e-16,-1.4957487528627432e-14,-7.92559968573574e-24,-7.92982573212979e-24,2.69103136594116e-20,2.95050338609172e-20,1.3451194029862933e-20,1.4748552017592536e-20,1.3459119629548668e-20,1.4756481843324664e-20,2.5947202015056e-21,1.297357987729603e-21,1.297362213775997e-21,0.0,True,0.49999918564506657,opposite_sign,opposite_sign,-1.811869933458013e-16,-1.8114803944471881e-16,-8.86963455218117e-05,-8.8696267510075e-05,8.86949495211858e-05,8.86962674951178e-05,-6.9800031295e-10,-7.4786e-15,8.869564752149874e-05,8.86962675025964e-05,1.317973932e-09,6.9799283435e-10,6.1998109765e-10,0.0,True,0.5295953261312304,opposite_sign,opposite_sign,-2.911220806849753e-20,-1.5138665065176186e-14
n24_vd_1_vg_1p85,n24_vd_1,n24,1.0,1.85,-9.6561383234307e-05,-9.65613081112778e-05,9.65599971359991e-05,9.65613080823465e-05,-6.9304915395e-10,-1.446565e-14,9.656069018515305e-05,9.656130809681215e-05,1.3109463474e-09,6.930346883e-10,6.179116591e-10,0.0,True,0.528652213475018,opposite_sign,opposite_sign,1.8146989826880627e-16,-2.893159374180582e-14,-8.63311730341176e-24,-8.63576379908104e-24,2.71370525712262e-20,3.33468764455116e-20,1.3564209726961395e-20,1.666912034085626e-20,1.3572842844264805e-20,1.667775610465534e-20,6.2098238742854e-21,3.1049106138948652e-21,3.1049132603905347e-21,0.0,True,0.4999997869105692,opposite_sign,opposite_sign,-1.814675482601461e-16,-1.814733326860763e-16,-9.6561383234307e-05,-9.65613081112778e-05,9.65599971359992e-05,9.65613080823465e-05,-6.930491539e-10,-1.446565e-14,9.65606901851531e-05,9.656130809681215e-05,1.3109463473e-09,6.9303468825e-10,6.1791165905e-10,0.0,True,0.5286522134772037,opposite_sign,opposite_sign,7.008597932585234e-20,-2.911310041273258e-14
n24_vd_1_vg_1p9,n24_vd_1,n24,1.0,1.9000000000000001,-0.00010454233413633,-0.000104542334151148,0.000104542333691825,0.000104542334160015,-2.222525e-13,4.4335e-15,0.0001045423339140775,0.0001045423341555815,4.6819e-13,2.26686e-13,2.41504e-13,0.0,True,0.48417522800572416,opposite_sign,opposite_sign,1.8140797152220128e-16,8.86670205819413e-15,-9.35018635000706e-24,-9.35252220348915e-24,2.58998057113945e-20,2.59193694327822e-20,1.2945227762522246e-20,1.2955008455289355e-20,1.2954577948872254e-20,1.2964360977492844e-20,1.95637213877e-23,9.780692767108955e-24,9.783028620591045e-24,0.0,True,0.49994030140187035,opposite_sign,opposite_sign,-1.8174263877916696e-16,-1.8171364186904142e-16,-0.00010454233413633,-0.000104542334151148,0.000104542333691825,0.000104542334160016,-2.222525e-13,4.434e-15,0.0001045423339140775,0.000104542334155582,4.68191e-13,2.266865e-13,2.415045e-13,0.0,True,0.48417526180554515,opposite_sign,opposite_sign,-3.605577128316826e-19,8.685965393317728e-15
n24_vd_1_vg_1p95,n24_vd_1,n24,1.0,1.9500000000000002,-0.00011262777221035,-0.000112627703851719,0.000112626277083942,0.000112627703802553,-7.47563204e-10,-2.4583e-14,0.000112627024647146,0.000112627703827136,1.426718611e-09,7.47538621e-10,6.7917999e-10,0.0,True,0.5239565918860787,opposite_sign,opposite_sign,1.8155440883044898e-16,-4.916630401905285e-14,-1.00775324550013e-23,-1.00790650108495e-23,2.88328148053634e-20,2.90856676855495e-20,1.44113686364542e-20,1.4537794310269325e-20,1.4421446168909202e-20,1.4547873375280173e-20,2.528528801861e-22,1.264256738151259e-22,1.264272063709741e-22,0.0,True,0.4999969694712454,opposite_sign,opposite_sign,-1.820105622534871e-16,-1.8203333427050747e-16,-0.00011262777221035,-0.000112627703851719,0.000112626277083942,0.000112627703802553,-7.47563204e-10,-2.4583e-14,0.000112627024647146,0.000112627703827136,1.426718611e-09,7.47538621e-10,6.7917999e-10,0.0,True,0.5239565918860787,opposite_sign,opposite_sign,-4.849710300561648e-19,-4.9348366428911976e-14
n24_vd_1_vg_2,n24_vd_1,n24,1.0,2.0,-0.000120807594560759,-0.000120807529710167,0.000120806122643998,0.000120807529701863,-7.359583805e-10,-4.152e-15,0.0001208068586023785,0.000120807529706015,1.407057865e-09,7.359542285e-10,6.711036365e-10,0.0,True,0.5230447494780182,opposite_sign,opposite_sign,1.8282049375076933e-16,-8.304296822843333e-15,-1.081294759111e-23,-1.08145106047057e-23,1.57797919792491e-20,2.81535512667643e-20,7.884489515828994e-21,1.4071368378079798e-20,7.895302463420106e-21,1.4082182888684504e-20,1.23737592875152e-20,6.186878862250802e-21,6.186880425264398e-21,0.0,True,0.49999993684160327,opposite_sign,opposite_sign,-1.8227207841079735e-16,-1.8227174628700385e-16,-0.000120807594560759,-0.000120807529710167,0.000120806122643998,0.000120807529701864,-7.359583805e-10,-4.1515e-15,0.0001208068586023785,0.0001208075297060155,1.407057866e-09,7.35954229e-10,6.71103637e-10,0.0,True,0.5230447494616401,opposite_sign,opposite_sign,5.326437235042803e-19,-8.485593824857544e-15
n24_vd_1_vg_2p05,n24_vd_1,n24,1.0,2.0500000000000003,-0.000129072869912951,-0.000129072869923516,0.000129072869565499,0.000129072869940448,-1.73726e-13,8.466e-15,0.000129072869739225,0.000129072869931982,3.74949e-13,1.82192e-13,1.92757e-13,0.0,True,0.4859114172860843,opposite_sign,opposite_sign,1.8298937758560004e-16,1.6931714326333714e-14,-1.15572816687073e-23,-1.15580623288573e-23,2.09210000415728e-21,-1.88712535393141e-19,1.0402713612442864e-21,-9.436204672773493e-20,1.0518286429129936e-21,-9.435048866540607e-20,-1.9080463539729827e-19,-9.540231808897921e-20,-9.540231730831906e-20,0.0,True,0.5000000020457054,opposite_sign,same_sign,-1.825280856914935e-16,-1.8256803348557946e-16,-0.000129072869912951,-0.000129072869923516,0.000129072869565499,0.000129072869940448,-1.73726e-13,8.466e-15,0.000129072869739225,0.000129072869931982,3.74949e-13,1.82192e-13,1.92757e-13,0.0,True,0.4859114172860843,opposite_sign,opposite_sign,4.59211351638373e-19,1.674933501694159e-14
n24_vd_1_vg_2p1,n24_vd_1,n24,1.0,2.1,-0.000137415616719437,-0.000137415558562663,0.000137414263135177,0.000137415558561506,-6.7679213e-10,-5.785e-16,0.000137414939927307,0.0001374155585620845,1.295426329e-09,6.767915515e-10,6.186347775e-10,0.0,True,0.5224469630954984,opposite_sign,opposite_sign,1.8186437615343944e-16,-1.1573050437730079e-15,-1.23088095262662e-23,-1.23091269215084e-23,2.0029789043495e-20,2.09922612662693e-20,1.0008740116984367e-20,1.0489976069673896e-20,1.0021048926510633e-20,1.0502285196595404e-20,9.624722227743e-22,4.812359526895289e-22,4.812362700847711e-22,0.0,True,0.49999983511459617,opposite_sign,opposite_sign,-1.8277534932828603e-16,-1.8277429817495765e-16,-0.000137415616719437,-0.000137415558562663,0.000137414263135178,0.000137415558561506,-6.767921295e-10,-5.785e-16,0.0001374149399273075,0.0001374155585620845,1.295426328e-09,6.76791551e-10,6.18634777e-10,0.0,True,0.5224469631128262,opposite_sign,opposite_sign,7.189316216912757e-20,-1.340100321900105e-15
n24_vd_1_vg_2p15,n24_vd_1,n24,1.0,2.15,-0.000145828735725337,-0.000145828680995804,0.000145827456198195,0.00014582868099676,-6.39763571e-10,4.78e-16,0.000145828095961766,0.000145828680996282,1.224798565e-09,6.39764049e-10,5.85034516e-10,0.0,True,0.5223422587860397,opposite_sign,opposite_sign,1.8281466833130542e-16,9.556959827151846e-16,-1.30657599163864e-23,-1.30669612490671e-23,2.03209047900068e-20,2.90936002053321e-20,1.0153919515045207e-20,1.4540266622041515e-20,1.0166985274961593e-20,1.4553333583290585e-20,8.7726954153253e-21,4.38634710699631e-21,4.38634830832899e-21,0.0,True,0.49999993153001315,opposite_sign,opposite_sign,-1.830167089647249e-16,-1.8297335107284093e-16,-0.000145828735725337,-0.000145828680995804,0.000145827456198195,0.00014582868099676,-6.39763571e-10,4.78e-16,0.000145828095961766,0.000145828680996282,1.224798565e-09,6.39764049e-10,5.85034516e-10,0.0,True,0.5223422587860397,opposite_sign,opposite_sign,-2.2235173212338857e-19,7.726935511090995e-16
n24_vd_1_vg_2p2,n24_vd_1,n24,1.0,2.2,-0.000154305814540821,-0.000154305814539185,0.000154305814318908,0.000154305814540609,-1.109565e-13,7.12e-16,0.0001543058144298645,0.000154305814539897,2.21701e-13,1.116685e-13,1.100325e-13,0.0,True,0.5036896540836532,opposite_sign,opposite_sign,1.8305044099911956e-16,1.4236912646271157e-15,-1.38312478594834e-23,-1.38309929330695e-23,2.91360919327626e-20,2.94984812302942e-20,1.456113034245156e-20,1.4742325118680564e-20,1.4574961590311042e-20,1.4756156111613634e-20,3.623892975316e-22,1.8119477622900695e-22,1.8119452130259305e-22,0.0,True,0.5000003517300533,opposite_sign,opposite_sign,-1.832516640180961e-16,-1.8326648039194863e-16,-0.000154305814540821,-0.000154305814539185,0.000154305814318908,0.000154305814540609,-1.109565e-13,7.12e-16,0.0001543058144298645,0.000154305814539897,2.21701e-13,1.116685e-13,1.100325e-13,0.0,True,0.5036896540836532,opposite_sign,opposite_sign,-2.3034527987083226e-19,1.2403952995849295e-15
n24_vd_1_vg_2p25,n24_vd_1,n24,1.0,2.25,-0.000162841108858611,-0.000162841060282328,0.000162840018915143,0.000162841060273445,-5.44971734e-10,-4.4415e-15,0.000162840563886877,0.0001628410602778865,1.041358302e-09,5.449672925e-10,4.963910095e-10,0.0,True,0.5233235203035814,opposite_sign,opposite_sign,1.8344224302421904e-16,-8.883304377250257e-15,-1.46007719649587e-23,-1.46006950545391e-23,3.27840369345478e-20,3.26715613556287e-20,1.638471808129142e-20,1.632848033028708e-20,1.639931885325638e-20,1.634308102534162e-20,-1.124755789191e-22,-5.62377510043402e-23,-5.62378279147598e-23,0.0,True,0.49999965810169483,opposite_sign,opposite_sign,-1.8347958814575343e-16,-1.8352103549638344e-16,-0.000162841108858611,-0.000162841060282328,0.000162840018915143,0.000162841060273445,-5.44971734e-10,-4.4415e-15,0.000162840563886877,0.0001628410602778865,1.041358302e-09,5.449672925e-10,4.963910095e-10,0.0,True,0.5233235203035814,opposite_sign,opposite_sign,-7.011679180366994e-20,-9.066858069707301e-15
n24_vd_1_vg_2p3,n24_vd_1,n24,1.0,2.3000000000000003,-0.000171429271764893,-0.000171429271758805,0.00017142927161018,0.0001714292717808,-7.73565e-14,1.09975e-14,0.0001714292716875365,0.0001714292717698025,1.7062e-13,8.8354e-14,8.2266e-14,0.0,True,0.5178408158480835,opposite_sign,opposite_sign,1.8384085599409972e-16,2.1994691597741164e-14,-1.53757033755743e-23,-1.53756082713141e-23,3.86529384104021e-20,3.86919652716396e-20,1.9318781353513264e-20,1.9338294831684144e-20,1.9334157056888837e-20,1.9353670439955458e-20,3.90268612375e-23,1.95134781708801e-23,1.95133830666199e-23,0.0,True,0.5000012184461828,opposite_sign,opposite_sign,-1.8370074098345898e-16,-1.8369739855536362e-16,-0.000171429271764893,-0.000171429271758805,0.00017142927161018,0.0001714292717808,-7.73565e-14,1.09975e-14,0.0001714292716875365,0.0001714292717698025,1.7062e-13,8.8354e-14,8.2266e-14,0.0,True,0.5178408158480835,opposite_sign,opposite_sign,1.0147744810505345e-19,2.1810955522596134e-14
n24_vd_1_vg_2p35,n24_vd_1,n24,1.0,2.35,-0.000180065551565098,-0.000180065508513355,0.000180064651311592,0.000180065508478259,-4.50126753e-10,-1.7548e-14,0.000180065101438345,0.000180065508495807,8.57166667e-10,4.50109205e-10,4.07057462e-10,0.0,True,0.5251128191619239,opposite_sign,opposite_sign,1.8441481003860773e-16,-3.5096305409408504e-14,-1.61555849606824e-23,-1.61552893641949e-23,3.14869980123396e-20,3.38442841101376e-20,1.573542121368946e-20,1.6914064410386703e-20,1.575157679865014e-20,1.6930219699750896e-20,2.357286097798e-21,1.1786431966972438e-21,1.1786429011007562e-21,0.0,True,0.5000000626984751,opposite_sign,opposite_sign,-1.8391600377954062e-16,-1.8392259133362023e-16,-0.000180065551565098,-0.000180065508513355,0.000180064651311592,0.000180065508478259,-4.50126753e-10,-1.7548e-14,0.000180065101438345,0.000180065508495807,8.57166667e-10,4.50109205e-10,4.07057462e-10,0.0,True,0.5251128191619239,opposite_sign,opposite_sign,4.673360563844171e-19,-3.5280261828870945e-14
n24_vd_1_vg_2p4,n24_vd_1,n24,1.0,2.4000000000000004,-0.000188745469756902,-0.000188745429194226,0.000188744651596901,0.000188745429207599,-4.090800005e-10,6.6865e-15,0.0001887450606769015,0.0001887454292009125,7.77610698e-10,4.09086687e-10,3.68524011e-10,0.0,True,0.526081608769225,opposite_sign,opposite_sign,1.8412284082157793e-16,1.3372681082838641e-14,-1.69383889730798e-23,-1.69393487470344e-23,2.86151505194717e-20,3.31849521678981e-20,1.429910606524931e-20,1.6584006409575533e-20,1.431604445422239e-20,1.6600945758322568e-20,4.5698016484264e-21,2.2849003443262226e-21,2.2849013041001775e-21,0.0,True,0.4999998949873508,opposite_sign,opposite_sign,-1.841246969776715e-16,-1.8410326069388186e-16,-0.000188745469756902,-0.000188745429194226,0.000188744651596901,0.000188745429207599,-4.090800005e-10,6.6865e-15,0.0001887450606769015,0.0001887454292009125,7.77610698e-10,4.09086687e-10,3.68524011e-10,0.0,True,0.526081608769225,opposite_sign,opposite_sign,-3.045513579297737e-20,1.318854465413194e-14
n24_vd_1_vg_2p45,n24_vd_1,n24,1.0,2.45,-0.000197464937614696,-0.000197464937615305,0.000197464937529181,0.000197464937604257,-4.27575e-14,-5.524e-15,0.0001974649375719385,0.000197464937609781,7.5076e-14,3.72335e-14,3.78425e-14,0.0,True,0.4959441099685652,opposite_sign,opposite_sign,1.8500878712028658e-16,-1.1048322907081287e-14,-1.77272704431513e-23,-1.77274180191026e-23,2.2856602567055e-20,2.11024514257249e-20,1.1419437648305924e-20,1.0542362003852899e-20,1.1437164918749076e-20,1.0560089421872002e-20,-1.7541511413301e-21,-8.770756444530256e-22,-8.770754968770743e-22,0.0,True,0.5000000420647764,opposite_sign,opposite_sign,-1.8432773930535538e-16,-1.8431962651490131e-16,-0.000197464937614696,-0.000197464937615305,0.000197464937529181,0.000197464937604257,-4.27575e-14,-5.524e-15,0.0001974649375719385,0.000197464937609781,7.5076e-14,3.72335e-14,3.78425e-14,0.0,True,0.4959441099685652,opposite_sign,opposite_sign,6.582089395751301e-19,-1.1232663618320196e-14
n24_vd_1_vg_2p5,n24_vd_1,n24,1.0,2.5,-0.000206220208618919,-0.000206220172619422,0.000206219550730656,0.000206220172615543,-3.289441315e-10,-1.9395e-15,0.0002062198796747875,0.0002062201726174825,6.21884887e-10,3.28942192e-10,2.92942695e-10,0.0,True,0.5289438590264375,opposite_sign,opposite_sign,1.8444696161843948e-16,-3.879307665757344e-15,-1.8519328744488e-23,-1.85191492403862e-23,2.97717463109153e-20,3.00770881487626e-20,1.4876613491085407e-20,1.5029284499761108e-20,1.4895132819829894e-20,1.5047803649001494e-20,3.053418378473e-22,1.526710086757009e-22,1.526708291715991e-22,0.0,True,0.5000002939395778,opposite_sign,opposite_sign,-1.8452387011053682e-16,-1.8449668231784846e-16,-0.000206220208618919,-0.000206220172619422,0.000206219550730656,0.000206220172615543,-3.289441315e-10,-1.9395e-15,0.0002062198796747875,0.0002062201726174825,6.21884887e-10,3.28942192e-10,2.92942695e-10,0.0,True,0.5289438590264375,opposite_sign,opposite_sign,-1.0666142447110957e-19,-4.0638344066441924e-15
