route,node_id,hfs_delta_psi_V,m27_hfs_delta_psi_V,hfs_delta_phin_V,m27_hfs_delta_phin_V,hfs_delta_log10_eDensity,full_path_delta_phin_from_m27_V,no_hfs_path_delta_phin_from_m27_V
m27_tiny_endpoint,0,0.0,0.0,-0.00019156138628361428,-0.00019156138628361428,0.003218090215131363,0.0,0.0
m27_tiny_endpoint,1,0.0,0.0,-0.00010282104008719258,-0.00010282104008719258,0.0017273177514220948,0.0,0.0
m27_tiny_endpoint,2,0.0,0.0,-0.00018201138788359605,-0.00018201138788359605,0.003057657275059928,0.0,0.0
m27_tiny_endpoint,3,0.0,0.0,-0.0002604547781763144,-0.0002604547781763144,0.004375448462731796,0.0,0.0
m27_tiny_endpoint,4,0.0,0.0,-0.00024384713989581384,-0.00024384713989581384,0.004096452370233857,0.0,0.0
m27_tiny_endpoint,5,0.0,0.0,-0.00030455712233956513,-0.00030455712233956513,0.0051163353657233245,0.0,0.0
m27_tiny_endpoint,6,0.0,0.0,-0.00027913904664208285,-0.00027913904664208285,0.004689330413019657,0.0,0.0
m27_tiny_endpoint,7,0.0,0.0,-0.00031230274521080147,-0.00031230274521080147,0.005246456125734664,0.0,0.0
m27_tiny_endpoint,8,0.0,0.0,-0.00027810067162764573,-0.00027810067162764573,0.0046718864774846726,0.0,0.0
m27_tiny_endpoint,9,0.0,0.0,-0.0002756131051024962,-0.0002756131051024962,0.004630097191819738,0.0,0.0
m27_tiny_endpoint,10,0.0,0.0,-0.00023573739200822685,-0.00023573739200822685,0.003960214578106472,0.0,0.0
m27_tiny_endpoint,11,0.0,0.0,-0.0001977335307810752,-0.0001977335307810752,0.0033217776972430586,0.0,0.0
m27_tiny_endpoint,12,0.0,0.0,-0.00015818207352287159,-0.00015818207352287159,0.0026573423427781176,0.0,0.0
m27_tiny_endpoint,13,-1.1102230246251565e-16,-1.1102230246251565e-16,-9.628843478750259e-05,-9.628843478750259e-05,0.001617574793289841,0.0,0.0
m27_tiny_endpoint,14,0.0,0.0,-6.491077685358282e-05,-6.491077685358282e-05,0.0010904532479204792,0.0,0.0
m27_tiny_endpoint,15,0.0,0.0,-1.3752314072990583e-05,-1.3752314072990583e-05,0.00023102874860207737,0.0,0.0
m27_tiny_endpoint,16,-1.1102230246251565e-16,-1.1102230246251565e-16,-4.605290401845055e-06,-4.605290401845055e-06,7.736548720569585e-05,0.0,0.0
m27_tiny_endpoint,17,-1.6653345369377348e-16,-1.6653345369377348e-16,-5.6755369941785464e-08,-5.6755369941785464e-08,9.53448417121626e-07,0.0,0.0
m27_tiny_endpoint,18,-1.942890293094024e-16,-1.942890293094024e-16,-2.0655479118023783e-09,-2.0655479118023783e-09,3.469968400888698e-08,0.0,0.0
m27_tiny_endpoint,19,-3.122502256758253e-16,-3.122502256758253e-16,-3.9318731998542144e-13,-3.9318731998542144e-13,6.606028876826396e-12,0.0,0.0
m27_tiny_endpoint,20,-3.0531133177191805e-16,-3.0531133177191805e-16,-2.2501960615844043e-15,-2.2501960615844043e-15,2.526537962369539e-14,0.0,0.0
m27_tiny_endpoint,21,-3.3306690738754696e-16,-3.3306690738754696e-16,0.0,0.0,9.64327466553287e-17,0.0,0.0
m27_tiny_endpoint,22,-2.7755575615628914e-16,-2.7755575615628914e-16,5.740296075470359e-18,5.740296075470359e-18,-4.821637332766436e-17,0.0,0.0
m27_tiny_endpoint,23,-2.7755575615628914e-16,-2.7755575615628914e-16,0.0,0.0,0.0,0.0,0.0
m27_tiny_endpoint,24,-2.220446049250313e-16,-2.220446049250313e-16,0.0,0.0,0.0,0.0,0.0
m27_tiny_endpoint,25,-1.1102230246251565e-16,-1.1102230246251565e-16,0.0,0.0,0.0,0.0,0.0
m27_tiny_endpoint,26,-1.1102230246251565e-16,-1.1102230246251565e-16,0.0,0.0,0.0,0.0,0.0
m27_tiny_endpoint,27,-1.1102230246251565e-16,-1.1102230246251565e-16,0.0,0.0,0.0,0.0,0.0
m27_tiny_endpoint,28,-5.551115123125783e-17,-5.551115123125783e-17,0.0,0.0,0.0,0.0,0.0
m27_tiny_endpoint,29,-5.551115123125783e-17,-5.551115123125783e-17,0.0,0.0,0.0,0.0,0.0
m27_tiny_endpoint,30,-5.551115123125783e-17,-5.551115123125783e-17,-7.34757897660214e-16,-7.34757897660214e-16,0.0,0.0,0.0
m27_tiny_endpoint,31,-1.1102230246251565e-16,-1.1102230246251565e-16,-2.2961184301881682e-17,-2.2961184301881682e-17,9.64327466553287e-17,0.0,0.0
m27_tiny_endpoint,32,-6.938893903907228e-17,-6.938893903907228e-17,-4.0411684371311705e-15,-4.0411684371311705e-15,6.904584660520987e-14,0.0,0.0
m27_tiny_endpoint,33,-5.551115123125783e-17,-5.551115123125783e-17,-3.1227210650559194e-15,-3.1227210650559194e-15,5.139865396728716e-14,0.0,0.0
m27_tiny_endpoint,34,-8.326672684688674e-17,-8.326672684688674e-17,-1.6392329298641025e-10,-1.6392329298641025e-10,2.753790592944918e-09,0.0,0.0
m27_tiny_endpoint,35,-2.7755575615628914e-17,-2.7755575615628914e-17,-1.9582583798965561e-10,-1.9582583798965561e-10,3.289731104425119e-09,0.0,0.0
m27_tiny_endpoint,36,0.0,0.0,-4.589371466222209e-07,-4.589371466222209e-07,7.709806083822867e-06,0.0,0.0
m27_tiny_endpoint,37,0.0,0.0,-2.0939760144825422e-07,-2.0939760144825422e-07,3.5177254962451766e-06,0.0,0.0
m27_tiny_endpoint,38,2.7755575615628914e-17,2.7755575615628914e-17,-3.20460983275015e-11,-3.20460983275015e-11,5.383508513781813e-10,0.0,0.0
m27_tiny_endpoint,39,2.7755575615628914e-17,2.7755575615628914e-17,-8.266026348677411e-16,-8.266026348677411e-16,1.350058453174581e-14,0.0,0.0
m27_tiny_endpoint,40,0.0,0.0,-3.673789488301077e-16,-3.673789488301077e-16,6.171695785940994e-15,0.0,0.0
m27_tiny_endpoint,41,0.0,0.0,0.0,0.0,0.0,0.0,0.0
m27_tiny_endpoint,42,0.0,0.0,0.0,0.0,0.0,0.0,0.0
m27_tiny_endpoint,43,0.0,0.0,0.0,0.0,0.0,0.0,0.0
m27_tiny_endpoint,44,0.0,0.0,0.0,0.0,0.0,0.0,0.0
m27_tiny_endpoint,45,0.0,0.0,0.0,0.0,0.0,0.0,0.0
m27_tiny_endpoint,46,0.0,0.0,0.0,0.0,0.0,0.0,0.0
m27_tiny_endpoint,47,0.0,0.0,0.0,0.0,0.0,0.0,0.0
m27_tiny_endpoint,48,0.0,0.0,0.0,0.0,0.0,0.0,0.0
m27_tiny_endpoint,49,0.0,0.0,0.0,0.0,0.0,0.0,0.0
m27_tiny_endpoint,50,0.0,0.0,0.0,0.0,0.0,0.0,0.0
m27_tiny_endpoint,51,0.0,0.0,0.0,0.0,0.0,0.0,0.0
m27_tiny_endpoint,52,0.0,0.0,0.0,0.0,0.0,0.0,0.0
m27_tiny_endpoint,53,-3.3306690738754696e-16,-3.3306690738754696e-16,0.0,0.0,0.0,0.0,0.0
m27_tiny_endpoint,54,-3.885780586188048e-16,-3.885780586188048e-16,0.0,0.0,0.0,0.0,0.0
m27_tiny_endpoint,55,-3.885780586188048e-16,-3.885780586188048e-16,-1.377671058112902e-16,-1.377671058112902e-16,1.92865493310657e-15,0.0,0.0
m27_tiny_endpoint,56,-3.469446951953614e-16,-3.469446951953614e-16,-4.7570155034003575e-11,-4.7570155034003575e-11,7.991434745985248e-10,0.0,0.0
m27_tiny_endpoint,57,-1.6653345369377348e-16,-1.6653345369377348e-16,-5.787739525178766e-07,-5.787739525178766e-07,9.722976167360133e-06,0.0,0.0
m27_tiny_endpoint,58,0.0,0.0,-3.4838904479818334e-05,-3.4838904479818334e-05,0.0005852679383236425,0.0,0.0
m27_tiny_endpoint,59,0.0,0.0,-0.00014156341150174103,-0.00014156341150174103,0.0023781610595560746,0.0,0.0
m27_tiny_endpoint,60,0.0,0.0,-0.0002499318016462547,-0.0002499318016462547,0.004198670206621636,0.0,0.0
m27_tiny_endpoint,61,0.0,0.0,-0.0003256215607212072,-0.0003256215607212072,0.0054702024177335174,0.0,0.0
m27_tiny_endpoint,62,0.0,0.0,-0.0003533232120802414,-0.0003533232120802414,0.005935569759823231,0.0,0.0
m27_tiny_endpoint,63,0.0,0.0,-0.0003338815232239046,-0.0003338815232239046,0.005608963704770082,0.0,0.0
m27_tiny_endpoint,64,0.0,0.0,-0.0002790394882208353,-0.0002790394882208353,0.00468765790486294,0.0,0.0
m27_tiny_endpoint,65,0.0,0.0,-0.0003670858950719294,-0.0003670858950719294,0.0061667726986221255,0.0,0.0
m27_tiny_endpoint,66,0.0,0.0,-0.00040180207151393685,-0.00040180207151393685,0.006749978896288696,0.0,0.0
m27_tiny_endpoint,67,0.0,0.0,-0.0003877013379833989,-0.0003877013379833989,0.006513096957391072,0.0,0.0
m27_tiny_endpoint,68,0.0,0.0,-0.000318270243759319,-0.000318270243759319,0.005346705706615066,0.0,0.0
m27_tiny_endpoint,69,0.0,0.0,-0.0002050824330349756,-0.0002050824330349756,0.0034452338430443837,0.0,0.0
m27_tiny_endpoint,70,0.0,0.0,-7.704416759185344e-05,-7.704416759185344e-05,0.0012942852767477667,0.0,0.0
m27_tiny_endpoint,71,-5.551115123125783e-17,-5.551115123125783e-17,-4.601941267889179e-06,-4.601941267889179e-06,7.730922422258736e-05,0.0,0.0
m27_tiny_endpoint,72,-3.885780586188048e-16,-3.885780586188048e-16,-2.200013291155794e-09,-2.200013291155794e-09,3.6958589861584714e-08,0.0,0.0
m27_tiny_endpoint,73,-5.551115123125783e-16,-5.551115123125783e-16,-1.611875137992093e-14,-1.611875137992093e-14,2.5853619378285933e-13,0.0,0.0
m27_tiny_endpoint,74,-4.440892098500626e-16,-4.440892098500626e-16,0.0,0.0,0.0,0.0,0.0
m27_tiny_endpoint,75,-3.885780586188048e-16,-3.885780586188048e-16,0.0,0.0,0.0,0.0,0.0
m27_tiny_endpoint,76,-2.220446049250313e-16,-2.220446049250313e-16,0.0,0.0,0.0,0.0,0.0
m27_tiny_endpoint,77,0.0,0.0,0.0,0.0,0.0,0.0,0.0
m27_tiny_endpoint,78,-1.1102230246251565e-16,-1.1102230246251565e-16,0.0,0.0,0.0,0.0,0.0
m27_tiny_endpoint,79,0.0,0.0,0.0,0.0,0.0,0.0,0.0
m27_tiny_endpoint,80,0.0,0.0,0.0,0.0,0.0,0.0,0.0
m27_tiny_endpoint,81,0.0,0.0,0.0,0.0,0.0,0.0,0.0
m27_tiny_endpoint,82,0.0,0.0,0.0,0.0,0.0,0.0,0.0
m27_tiny_endpoint,83,0.0,0.0,0.0,0.0,0.0,0.0,0.0
m27_tiny_endpoint,84,0.0,0.0,0.0,0.0,0.0,0.0,0.0
m27_tiny_endpoint,85,-1.1102230246251565e-16,-1.1102230246251565e-16,-7.34757897660214e-16,-7.34757897660214e-16,0.0,0.0,0.0
m27_tiny_endpoint,86,-2.220446049250313e-16,-2.220446049250313e-16,0.0,0.0,0.0,0.0,0.0
m27_tiny_endpoint,87,-4.440892098500626e-16,-4.440892098500626e-16,0.0,0.0,0.0,0.0,0.0
m27_tiny_endpoint,88,-2.220446049250313e-16,-2.220446049250313e-16,0.0,0.0,0.0,0.0,0.0
m27_tiny_endpoint,89,0.0,0.0,-7.34757897660214e-16,-7.34757897660214e-16,0.0,0.0,0.0
m27_tiny_endpoint,90,-1.1102230246251565e-16,-1.1102230246251565e-16,0.0,0.0,0.0,0.0,0.0
m27_tiny_endpoint,91,0.0,0.0,0.0,0.0,0.0,0.0,0.0
m27_tiny_endpoint,92,0.0,0.0,0.0,0.0,0.0,0.0,0.0
m27_tiny_endpoint,93,0.0,0.0,0.0,0.0,0.0,0.0,0.0
m27_tiny_endpoint,94,0.0,0.0,0.0,0.0,0.0,0.0,0.0
m27_tiny_endpoint,95,0.0,0.0,0.0,0.0,0.0,0.0,0.0
m27_tiny_endpoint,96,-1.1102230246251565e-16,-1.1102230246251565e-16,0.0,0.0,0.0,0.0,0.0
m27_tiny_endpoint,97,-3.3306690738754696e-16,-3.3306690738754696e-16,0.0,0.0,0.0,0.0,0.0
m27_tiny_endpoint,98,-3.3306690738754696e-16,-3.3306690738754696e-16,0.0,0.0,0.0,0.0,0.0
m27_tiny_endpoint,99,-2.220446049250313e-16,-2.220446049250313e-16,0.0,0.0,0.0,0.0,0.0
m27_tiny_endpoint,100,-1.1102230246251565e-16,-1.1102230246251565e-16,0.0,0.0,0.0,0.0,0.0
m27_tiny_endpoint,101,0.0,0.0,0.0,0.0,0.0,0.0,0.0
m27_tiny_endpoint,102,0.0,0.0,0.0,0.0,0.0,0.0,0.0
m27_tiny_endpoint,103,0.0,0.0,0.0,0.0,0.0,0.0,0.0
m27_tiny_endpoint,104,0.0,0.0,0.0,0.0,0.0,0.0,0.0
m27_tiny_endpoint,105,0.0,0.0,0.0,0.0,0.0,0.0,0.0
m27_tiny_endpoint,106,0.0,0.0,0.0,0.0,0.0,0.0,0.0
m27_tiny_endpoint,107,-1.1102230246251565e-16,-1.1102230246251565e-16,0.0,0.0,0.0,0.0,0.0
m27_tiny_endpoint,108,-2.220446049250313e-16,-2.220446049250313e-16,0.0,0.0,0.0,0.0,0.0
m27_tiny_endpoint,109,-4.440892098500626e-16,-4.440892098500626e-16,-7.34757897660214e-16,-7.34757897660214e-16,0.0,0.0,0.0
m27_tiny_endpoint,110,-2.220446049250313e-16,-2.220446049250313e-16,0.0,0.0,0.0,0.0,0.0
m27_tiny_endpoint,111,-3.3306690738754696e-16,-3.3306690738754696e-16,0.0,0.0,0.0,0.0,0.0
m27_tiny_endpoint,112,-4.440892098500626e-16,-4.440892098500626e-16,0.0,0.0,0.0,0.0,0.0
m27_tiny_endpoint,113,-5.551115123125783e-16,-5.551115123125783e-16,-7.34757897660214e-16,-7.34757897660214e-16,0.0,0.0,0.0
m27_tiny_endpoint,114,-4.440892098500626e-16,-4.440892098500626e-16,-7.34757897660214e-16,-7.34757897660214e-16,0.0,0.0,0.0
m27_tiny_endpoint,115,-6.106226635438361e-16,-6.106226635438361e-16,0.0,0.0,0.0,0.0,0.0
m27_tiny_endpoint,116,-6.661338147750939e-16,-6.661338147750939e-16,-6.888355290564502e-16,-6.888355290564502e-16,-9.643274665532881e-16,0.0,0.0
m27_tiny_endpoint,117,-6.054184931159057e-16,-6.054184931159057e-16,-2.466306728233716e-12,-2.466306728233716e-12,4.1420275505154865e-11,0.0,0.0
m27_tiny_endpoint,118,-3.3306690738754696e-16,-3.3306690738754696e-16,-9.531534354331936e-08,-9.531534354331936e-08,1.6012275648348048e-06,0.0,0.0
m27_tiny_endpoint,119,-1.1102230246251565e-16,-1.1102230246251565e-16,-2.5364181839419115e-05,-2.5364181839419115e-05,0.0004260995755662516,0.0,0.0
m27_tiny_endpoint,120,0.0,0.0,-0.0001472920988137092,-0.0001472920988137092,0.002474398787533609,0.0,0.0
m27_tiny_endpoint,121,0.0,0.0,-0.0002925367761295785,-0.0002925367761295785,0.00491440240171939,0.0,0.0
m27_tiny_endpoint,122,0.0,0.0,-0.00040652025076852016,-0.00040652025076852016,0.006829240833089288,0.0,0.0
m27_tiny_endpoint,123,0.0,0.0,-0.0004632802077695116,-0.0004632802077695116,0.007782766310117434,0.0,0.0
m27_tiny_endpoint,124,0.0,0.0,-0.00045766131705485096,-0.00045766131705485096,0.007688373084112928,0.0,0.0
m27_tiny_endpoint,125,0.0,0.0,-0.0005521922282635157,-0.0005521922282635157,0.00927642277559914,0.0,0.0
m27_tiny_endpoint,126,0.0,0.0,-0.0005176067620248134,-0.0005176067620248134,0.008695412413084613,0.0,0.0
m27_tiny_endpoint,127,0.0,0.0,-0.00041060511025210397,-0.00041060511025210397,0.006897863464140354,0.0,0.0
m27_tiny_endpoint,128,0.0,0.0,-0.00025240621859671034,-0.00025240621859671034,0.004240238589116842,0.0,0.0
m27_tiny_endpoint,129,-5.551115123125783e-17,-5.551115123125783e-17,-8.662649007133857e-05,-8.662649007133857e-05,0.0014552612375497698,0.0,0.0
m27_tiny_endpoint,130,-2.7755575615628914e-16,-2.7755575615628914e-16,-2.6326961358091717e-06,-2.6326961358091717e-06,4.422735624421272e-05,0.0,0.0
m27_tiny_endpoint,131,-6.661338147750939e-16,-6.661338147750939e-16,-5.97155010239051e-10,-5.97155010239051e-10,1.0031753001677586e-08,0.0,0.0
m27_tiny_endpoint,132,-8.881784197001252e-16,-8.881784197001252e-16,-4.6840815975838665e-15,-4.6840815975838665e-15,5.429163636694667e-14,0.0,0.0
m27_tiny_endpoint,133,-7.216449660063518e-16,-7.216449660063518e-16,-7.117967133583324e-16,-7.117967133583324e-16,-3.8573098662131503e-16,0.0,0.0
m27_tiny_endpoint,134,-6.661338147750939e-16,-6.661338147750939e-16,-7.347578976602138e-16,-7.347578976602138e-16,0.0,0.0,0.0
m27_tiny_endpoint,135,-7.216449660063518e-16,-7.216449660063518e-16,-7.347578976602142e-16,-7.347578976602142e-16,0.0,0.0,0.0
m27_tiny_endpoint,136,-8.326672684688674e-16,-8.326672684688674e-16,-7.347578976602142e-16,-7.347578976602142e-16,-4.821637332766436e-17,0.0,0.0
m27_tiny_endpoint,137,-9.992007221626409e-16,-9.992007221626409e-16,-5.281072389432793e-16,-5.281072389432793e-16,-3.182280639625859e-15,0.0,0.0
m27_tiny_endpoint,138,-1.0330278299441886e-15,-1.0330278299441886e-15,-3.0993006570679896e-12,-3.0993006570679896e-12,5.2053914477693606e-11,0.0,0.0
m27_tiny_endpoint,139,-6.106226635438361e-16,-6.106226635438361e-16,-9.352501141743565e-08,-9.352501141743565e-08,1.5711513034202265e-06,0.0,0.0
m27_tiny_endpoint,140,-2.220446049250313e-16,-2.220446049250313e-16,-2.982576155152191e-05,-2.982576155152191e-05,0.0005010508290313087,0.0,0.0
m27_tiny_endpoint,141,0.0,0.0,-0.00020300696246078635,-0.00020300696246078635,0.0034103674658695305,0.0,0.0
m27_tiny_endpoint,142,0.0,0.0,-0.00040196743049134183,-0.00040196743049134183,0.0067527568053349085,0.0,0.0
m27_tiny_endpoint,143,0.0,0.0,-0.0005647537593488315,-0.0005647537593488315,0.009487447246953863,0.0,0.0
m27_tiny_endpoint,144,0.0,0.0,-0.0006510889750209678,-0.0006510889750209678,0.010937815289108364,0.0,0.0
m27_tiny_endpoint,145,-5.551115123125783e-17,-5.551115123125783e-17,-0.0007536590618676675,-0.0007536590618676675,0.012660917210885437,0.0,0.0
m27_tiny_endpoint,146,0.0,0.0,-0.0006050644458885212,-0.0006050644458885212,0.010164637094217301,0.0,0.0
m27_tiny_endpoint,147,0.0,0.0,-0.00038324358221186825,-0.00038324358221186825,0.006438209943324515,0.0,0.0
m27_tiny_endpoint,148,-5.551115123125783e-17,-5.551115123125783e-17,-0.00013560238016567636,-0.00013560238016567636,0.0022780201230825294,0.0,0.0
m27_tiny_endpoint,149,-5.551115123125783e-16,-5.551115123125783e-16,-5.1246073801095935e-06,-5.1246073801095935e-06,8.608962999375235e-05,0.0,0.0
m27_tiny_endpoint,150,-1.1934897514720433e-15,-1.1934897514720433e-15,-2.1686209436677374e-09,-2.1686209436677374e-09,3.643122235854486e-08,0.0,0.0
m27_tiny_endpoint,151,-1.4155343563970746e-15,-1.4155343563970746e-15,-3.0905754070332754e-14,-3.0905754070332754e-14,4.94024961114968e-13,0.0,0.0
m27_tiny_endpoint,152,-1.1102230246251565e-15,-1.1102230246251565e-15,-1.3776710581129007e-15,-1.3776710581129007e-15,-1.5429239464852621e-15,0.0,0.0
m27_tiny_endpoint,153,-8.881784197001252e-16,-8.881784197001252e-16,-7.347578976602142e-16,-7.347578976602142e-16,0.0,0.0,0.0
m27_tiny_endpoint,154,-6.661338147750939e-16,-6.661338147750939e-16,-7.347578976602142e-16,-7.347578976602142e-16,0.0,0.0,0.0
m27_tiny_endpoint,155,-4.440892098500626e-16,-4.440892098500626e-16,0.0,0.0,0.0,0.0,0.0
m27_tiny_endpoint,156,-4.440892098500626e-16,-4.440892098500626e-16,-7.34757897660214e-16,-7.34757897660214e-16,0.0,0.0,0.0
m27_tiny_endpoint,157,-4.440892098500626e-16,-4.440892098500626e-16,-7.34757897660214e-16,-7.34757897660214e-16,0.0,0.0,0.0
m27_tiny_endpoint,158,-6.661338147750939e-16,-6.661338147750939e-16,-7.347578976602142e-16,-7.347578976602142e-16,0.0,0.0,0.0
m27_tiny_endpoint,159,-1.1102230246251565e-15,-1.1102230246251565e-15,-1.469515795320428e-15,-1.469515795320428e-15,0.0,0.0,0.0
m27_tiny_endpoint,160,-1.1102230246251565e-15,-1.1102230246251565e-15,-7.117967133583324e-16,-7.117967133583324e-16,-3.375146132936506e-16,0.0,0.0
m27_tiny_endpoint,161,-1.8318679906315083e-15,-1.8318679906315083e-15,-2.433885535999459e-15,-2.433885535999459e-15,3.664444372902476e-15,0.0,0.0
m27_tiny_endpoint,162,-1.8943180357666733e-15,-1.8943180357666733e-15,-6.098830376107443e-11,-6.098830376107443e-11,1.02453312919864e-09,0.0,0.0
m27_tiny_endpoint,163,-1.27675647831893e-15,-1.27675647831893e-15,-5.097251420907476e-07,-5.097251420907476e-07,8.563006989621932e-06,0.0,0.0
m27_tiny_endpoint,164,-2.7755575615628914e-16,-2.7755575615628914e-16,-6.800118290645196e-05,-6.800118290645196e-05,0.0011423697936955614,0.0,0.0
m27_tiny_endpoint,165,-5.551115123125783e-17,-5.551115123125783e-17,-0.0003480925354117097,-0.0003480925354117097,0.005847698243895646,0.0,0.0
m27_tiny_endpoint,166,0.0,0.0,-0.0006388931201122619,-0.0006388931201122619,0.010732933908216188,0.0,0.0
m27_tiny_endpoint,167,-1.1102230246251565e-16,-1.1102230246251565e-16,-0.0008583553726796821,-0.0008583553726796821,0.014419738129462083,0.0,0.0
m27_tiny_endpoint,168,0.0,0.0,-0.0009629990725596831,-0.0009629990725596831,0.016177675223113436,0.0,0.0
m27_tiny_endpoint,169,0.0,0.0,-0.0006747177068232042,-0.0006747177068232042,0.011334760582121803,0.0,0.0
m27_tiny_endpoint,170,-1.1102230246251565e-16,-1.1102230246251565e-16,-0.0002925920322445824,-0.0002925920322445824,0.004915330663757895,0.0,0.0
m27_tiny_endpoint,171,-9.43689570931383e-16,-9.43689570931383e-16,-2.4195543775863497e-05,-2.4195543775863497e-05,0.00040646731673280056,0.0,0.0
m27_tiny_endpoint,172,-2.248201624865942e-15,-2.248201624865942e-15,-4.490054327529523e-08,-4.490054327529523e-08,7.542960237195421e-07,0.0,0.0
m27_tiny_endpoint,173,-2.7547408798511697e-15,-2.7547408798511697e-15,-3.7371623569742634e-12,-3.7371623569742634e-12,6.273220181166697e-11,0.0,0.0
m27_tiny_endpoint,174,-2.275957200481571e-15,-2.275957200481571e-15,-1.745050006943008e-15,-1.745050006943008e-15,-7.907485225737027e-15,0.0,0.0
m27_tiny_endpoint,175,-1.27675647831893e-15,-1.27675647831893e-15,-7.318877496224785e-16,-7.318877496224785e-16,-4.821637332766436e-17,0.0,0.0
m27_tiny_endpoint,176,-1.27675647831893e-15,-1.27675647831893e-15,-1.4695157953204276e-15,-1.4695157953204276e-15,0.0,0.0,0.0
m27_tiny_endpoint,177,-1.1102230246251565e-15,-1.1102230246251565e-15,-1.469515795320428e-15,-1.469515795320428e-15,0.0,0.0,0.0
m27_tiny_endpoint,178,-1.2212453270876722e-15,-1.2212453270876722e-15,-7.347578976602138e-16,-7.347578976602138e-16,0.0,0.0,0.0
m27_tiny_endpoint,179,-7.216449660063518e-16,-7.216449660063518e-16,-1.469515795320428e-15,-1.469515795320428e-15,0.0,0.0,0.0
m27_tiny_endpoint,180,-7.216449660063518e-16,-7.216449660063518e-16,-7.347578976602142e-16,-7.347578976602142e-16,0.0,0.0,0.0
m27_tiny_endpoint,181,-5.551115123125783e-16,-5.551115123125783e-16,-7.34757897660214e-16,-7.34757897660214e-16,0.0,0.0,0.0
m27_tiny_endpoint,182,-5.551115123125783e-16,-5.551115123125783e-16,0.0,0.0,0.0,0.0,0.0
m27_tiny_endpoint,183,-3.3306690738754696e-16,-3.3306690738754696e-16,0.0,0.0,0.0,0.0,0.0
m27_tiny_endpoint,184,-3.3306690738754696e-16,-3.3306690738754696e-16,-7.34757897660214e-16,-7.34757897660214e-16,0.0,0.0,0.0
m27_tiny_endpoint,185,-3.3306690738754696e-16,-3.3306690738754696e-16,-7.347578976602141e-16,-7.347578976602141e-16,0.0,0.0,0.0
m27_tiny_endpoint,186,-3.3306690738754696e-16,-3.3306690738754696e-16,0.0,0.0,0.0,0.0,0.0
m27_tiny_endpoint,187,-4.440892098500626e-16,-4.440892098500626e-16,-7.347578976602138e-16,-7.347578976602138e-16,0.0,0.0,0.0
m27_tiny_endpoint,188,-4.440892098500626e-16,-4.440892098500626e-16,0.0,0.0,0.0,0.0,0.0
m27_tiny_endpoint,189,-4.440892098500626e-16,-4.440892098500626e-16,0.0,0.0,0.0,0.0,0.0
m27_tiny_endpoint,190,-4.440892098500626e-16,-4.440892098500626e-16,0.0,0.0,-4.821637332766436e-17,0.0,0.0
m27_tiny_endpoint,191,-3.3306690738754696e-16,-3.3306690738754696e-16,0.0,0.0,0.0,0.0,0.0
m27_tiny_endpoint,192,-4.440892098500626e-16,-4.440892098500626e-16,-7.34757897660214e-16,-7.34757897660214e-16,0.0,0.0,0.0
m27_tiny_endpoint,193,-3.3306690738754696e-16,-3.3306690738754696e-16,0.0,0.0,0.0,0.0,0.0
m27_tiny_endpoint,194,-4.440892098500626e-16,-4.440892098500626e-16,0.0,0.0,0.0,0.0,0.0
m27_tiny_endpoint,195,-4.440892098500626e-16,-4.440892098500626e-16,-7.347578976602138e-16,-7.347578976602138e-16,0.0,0.0,0.0
m27_tiny_endpoint,196,-5.551115123125783e-16,-5.551115123125783e-16,0.0,0.0,0.0,0.0,0.0
m27_tiny_endpoint,197,-7.771561172376096e-16,-7.771561172376096e-16,-7.404981937356844e-16,-7.404981937356844e-16,9.64327466553287e-17,0.0,0.0
m27_tiny_endpoint,198,-1.2212453270876722e-15,-1.2212453270876722e-15,-1.4809963874713688e-15,-1.4809963874713688e-15,9.64327466553287e-17,0.0,0.0
m27_tiny_endpoint,199,-1.27675647831893e-15,-1.27675647831893e-15,-1.463775499244957e-15,-1.463775499244957e-15,-1.9286549331065747e-16,0.0,0.0
m27_tiny_endpoint,200,-1.5543122344752192e-15,-1.5543122344752192e-15,-1.4580352031694873e-15,-1.4580352031694873e-15,-1.446491199829931e-16,0.0,0.0
m27_tiny_endpoint,201,-2.1094237467877974e-15,-2.1094237467877974e-15,-2.1181692518485847e-15,-2.1181692518485847e-15,-1.350058453174604e-15,0.0,0.0
m27_tiny_endpoint,202,-1.7763568394002505e-15,-1.7763568394002505e-15,-2.1583513243768786e-15,-2.1583513243768786e-15,-7.714619732426304e-16,0.0,0.0
m27_tiny_endpoint,203,-1.5543122344752192e-15,-1.5543122344752192e-15,-2.158351324376866e-15,-2.158351324376866e-15,-8.678947198979593e-16,0.0,0.0
m27_tiny_endpoint,204,-1.3877787807814457e-15,-1.3877787807814457e-15,-1.4465546110185486e-15,-1.4465546110185486e-15,-4.821637332766439e-16,0.0,0.0
m27_tiny_endpoint,205,-1.27675647831893e-15,-1.27675647831893e-15,-1.4695157953204623e-15,-1.4695157953204623e-15,0.0,0.0,0.0
m27_tiny_endpoint,206,-1.1102230246251565e-15,-1.1102230246251565e-15,-1.4924769796223256e-15,-1.4924769796223256e-15,3.857309866213147e-16,0.0,0.0
m27_tiny_endpoint,207,-1.0547118733938987e-15,-1.0547118733938987e-15,-7.806802662639578e-16,-7.806802662639578e-16,6.750292265873004e-16,0.0,0.0
m27_tiny_endpoint,208,-6.106226635438361e-16,-6.106226635438361e-16,-7.404981937356844e-16,-7.404981937356844e-16,9.64327466553287e-17,0.0,0.0
m27_tiny_endpoint,209,-6.661338147750939e-16,-6.661338147750939e-16,-7.404981937356844e-16,-7.404981937356844e-16,9.64327466553287e-17,0.0,0.0
m27_tiny_endpoint,210,-4.440892098500626e-16,-4.440892098500626e-16,0.0,0.0,0.0,0.0,0.0
m27_tiny_endpoint,211,-4.440892098500626e-16,-4.440892098500626e-16,-7.34757897660214e-16,-7.34757897660214e-16,0.0,0.0,0.0
m27_tiny_endpoint,212,-4.440892098500626e-16,-4.440892098500626e-16,0.0,0.0,0.0,0.0,0.0
m27_tiny_endpoint,213,-3.3306690738754696e-16,-3.3306690738754696e-16,0.0,0.0,0.0,0.0,0.0
m27_tiny_endpoint,214,-3.3306690738754696e-16,-3.3306690738754696e-16,-7.34757897660214e-16,-7.34757897660214e-16,0.0,0.0,0.0
m27_tiny_endpoint,215,-4.440892098500626e-16,-4.440892098500626e-16,0.0,0.0,0.0,0.0,0.0
m27_tiny_endpoint,216,-4.440892098500626e-16,-4.440892098500626e-16,-7.290176015847435e-16,-7.290176015847435e-16,-4.821637332766436e-17,0.0,0.0
m27_tiny_endpoint,217,-4.440892098500626e-16,-4.440892098500626e-16,-7.34757897660214e-16,-7.34757897660214e-16,0.0,0.0,0.0
m27_tiny_endpoint,218,-4.440892098500626e-16,-4.440892098500626e-16,-7.347578976602138e-16,-7.347578976602138e-16,0.0,0.0,0.0
m27_tiny_endpoint,219,-7.216449660063518e-16,-7.216449660063518e-16,-7.519787858866255e-16,-7.519787858866255e-16,1.9286549331065737e-16,0.0,0.0
m27_tiny_endpoint,220,-9.992007221626409e-16,-9.992007221626409e-16,-7.806802662640082e-16,-7.806802662640082e-16,9.64327466553286e-16,0.0,0.0
m27_tiny_endpoint,221,-1.27675647831893e-15,-1.27675647831893e-15,-1.515438163924189e-15,-1.515438163924189e-15,5.785964799319719e-16,0.0,0.0
m27_tiny_endpoint,222,-1.5543122344752192e-15,-1.5543122344752192e-15,-1.4695157953204623e-15,-1.4695157953204623e-15,1.9286549331065737e-16,0.0,0.0
m27_tiny_endpoint,223,-1.942890293094024e-15,-1.942890293094024e-15,-2.169831916527823e-15,-2.169831916527823e-15,-5.303801066043082e-16,0.0,0.0
m27_tiny_endpoint,224,-2.275957200481571e-15,-2.275957200481571e-15,-2.5027690889049668e-15,-2.5027690889049668e-15,4.725204586111081e-15,0.0,0.0
m27_tiny_endpoint,225,-1.8318679906315083e-15,-1.8318679906315083e-15,-2.3420407987919742e-15,-2.3420407987919742e-15,2.2179531730725548e-15,0.0,0.0
m27_tiny_endpoint,226,-1.6653345369377348e-15,-1.6653345369377348e-15,-1.5843217168298293e-15,-1.5843217168298293e-15,2.025087679761898e-15,0.0,0.0
m27_tiny_endpoint,227,-1.4988010832439613e-15,-1.4988010832439613e-15,-1.5383993482262037e-15,-1.5383993482262037e-15,1.0607602132086145e-15,0.0,0.0
m27_tiny_endpoint,228,-1.4432899320127035e-15,-1.4432899320127035e-15,-1.5613605325281175e-15,-1.5613605325281175e-15,1.639356693140585e-15,0.0,0.0
m27_tiny_endpoint,229,-1.3322676295501878e-15,-1.3322676295501878e-15,-7.806802662639578e-16,-7.806802662639578e-16,7.71461973242629e-16,0.0,0.0
m27_tiny_endpoint,230,-1.27675647831893e-15,-1.27675647831893e-15,-8.036414505658715e-16,-8.036414505658715e-16,1.0607602132086145e-15,0.0,0.0
m27_tiny_endpoint,231,-1.0547118733938987e-15,-1.0547118733938987e-15,-8.036414505658715e-16,-8.036414505658715e-16,1.0607602132086145e-15,0.0,0.0
m27_tiny_endpoint,232,-9.992007221626409e-16,-9.992007221626409e-16,-1.5383993482261027e-15,-1.5383993482261027e-15,1.157192959863943e-15,0.0,0.0
m27_tiny_endpoint,233,-7.216449660063518e-16,-7.216449660063518e-16,-1.4867366835468393e-15,-1.4867366835468393e-15,2.8929823996598605e-16,0.0,0.0
m27_tiny_endpoint,234,-1.2212453270876722e-15,-1.2212453270876722e-15,-1.5383993482260017e-15,-1.5383993482260017e-15,1.2536257065192714e-15,0.0,0.0
m27_tiny_endpoint,235,-1.4988010832439613e-15,-1.4988010832439613e-15,-1.607282901131743e-15,-1.607282901131743e-15,2.025087679761898e-15,0.0,0.0
m27_tiny_endpoint,236,-1.609823385706477e-15,-1.609823385706477e-15,-2.365001983093686e-15,-2.365001983093686e-15,2.6036841596938673e-15,0.0,0.0
m27_tiny_endpoint,237,-1.8318679906315083e-15,-1.8318679906315083e-15,-1.6991276383391962e-15,-1.6991276383391962e-15,3.857309866213131e-15,0.0,0.0
m27_tiny_endpoint,238,-2.0539125955565396e-15,-2.0539125955565396e-15,-2.686458563320075e-15,-2.686458563320075e-15,8.100350719047535e-15,0.0,0.0
m27_tiny_endpoint,239,-1.8318679906315083e-15,-1.8318679906315083e-15,-1.7450500069430238e-15,-1.7450500069430238e-15,4.821637332766409e-15,0.0,0.0
m27_tiny_endpoint,240,-1.5543122344752192e-15,-1.5543122344752192e-15,-1.6532052697355706e-15,-1.6532052697355706e-15,3.1822806396258358e-15,0.0,0.0
m27_tiny_endpoint,241,-1.4432899320127035e-15,-1.4432899320127035e-15,-1.607282901131743e-15,-1.607282901131743e-15,2.1215204264172266e-15,0.0,0.0
m27_tiny_endpoint,242,-1.609823385706477e-15,-1.609823385706477e-15,-1.6761664540374844e-15,-1.6761664540374844e-15,3.278713386281164e-15,0.0,0.0
m27_tiny_endpoint,243,-1.7763568394002505e-15,-1.7763568394002505e-15,-1.813933559848563e-15,-1.813933559848563e-15,5.689532052664357e-15,0.0,0.0
m27_tiny_endpoint,244,-1.9984014443252818e-15,-1.9984014443252818e-15,-1.9976230342638734e-15,-1.9976230342638734e-15,9.16111093225613e-15,0.0,0.0
m27_tiny_endpoint,245,-2.275957200481571e-15,-2.275957200481571e-15,-3.145682249357745e-15,-3.145682249357745e-15,1.5525672211507645e-14,0.0,0.0
m27_tiny_endpoint,246,-2.275957200481571e-15,-2.275957200481571e-15,-2.916070406339011e-15,-2.916070406339011e-15,1.1957660585260595e-14,0.0,0.0
m27_tiny_endpoint,247,-2.7200464103316335e-15,-2.7200464103316335e-15,-4.4774309388669264e-15,-4.4774309388669264e-15,2.5843976103627325e-14,0.0,0.0
m27_tiny_endpoint,248,-2.55351295663786e-15,-2.55351295663786e-15,-2.835706261282363e-15,-2.835706261282363e-15,-1.7357894397959204e-15,0.0,0.0
m27_tiny_endpoint,249,-3.6637359812630166e-15,-3.6637359812630166e-15,-3.9952460685273934e-15,-3.9952460685273934e-15,5.400233812698374e-15,0.0,0.0
m27_tiny_endpoint,250,-2.3869795029440866e-15,-2.3869795029440866e-15,-2.0091036264146473e-15,-2.0091036264146473e-15,-3.2787133862811884e-15,0.0,0.0
m27_tiny_endpoint,251,-3.733124920302089e-15,-3.733124920302089e-15,-1.3277993658092145e-12,-1.3277993658092145e-12,2.2244045237668362e-11,0.0,0.0
m27_tiny_endpoint,252,-3.552713678800501e-15,-3.552713678800501e-15,-6.054097305005785e-09,-6.054097305005785e-09,1.0170431473902833e-07,0.0,0.0
m27_tiny_endpoint,253,-2.1094237467877974e-15,-2.1094237467877974e-15,-6.6983174122114465e-06,-6.6983174122114465e-06,0.00011252679954790384,0.0,0.0
m27_tiny_endpoint,254,-4.440892098500626e-16,-4.440892098500626e-16,-0.00021903813241772106,-0.00021903813241772106,0.003679679315070474,0.0,0.0
m27_tiny_endpoint,255,-1.1102230246251565e-16,-1.1102230246251565e-16,-0.0007074750604273983,-0.0007074750604273983,0.01188505999866962,0.0,0.0
m27_tiny_endpoint,256,0.0,0.0,-0.0010958842670485535,-0.0010958842670485535,0.018410048627883868,0.0,0.0
m27_tiny_endpoint,257,0.0,0.0,-0.0012586809895546707,-0.0012586809895546707,0.021144913675147994,0.0,0.0
m27_tiny_endpoint,258,-1.6653345369377348e-16,-1.6653345369377348e-16,-0.0007316182654841675,-0.0007316182654841675,0.012290648063480401,0.0,0.0
m27_tiny_endpoint,259,-1.3322676295501878e-15,-1.3322676295501878e-15,-0.00014415153135845682,-0.00014415153135845682,0.0024216395671279923,0.0,0.0
m27_tiny_endpoint,260,-3.885780586188048e-15,-3.885780586188048e-15,-2.0172673011718698e-06,-2.0172673011718698e-06,3.388860497961418e-05,0.0,0.0
m27_tiny_endpoint,261,-5.162537064506978e-15,-5.162537064506978e-15,-2.680936765874504e-09,-2.680936765874504e-09,4.503767697591179e-08,0.0,0.0
m27_tiny_endpoint,262,-4.912736883966318e-15,-4.912736883966318e-15,-2.225168370695354e-12,-2.225168370695354e-12,3.730645453321141e-11,0.0,0.0
m27_tiny_endpoint,263,-6.161737786669619e-15,-6.161737786669619e-15,-7.806664895533959e-12,-7.806664895533959e-12,1.3104766677847385e-10,0.0,0.0
m27_tiny_endpoint,264,-6.938893903907228e-15,-6.938893903907228e-15,-3.707062724162402e-09,-3.707062724162402e-09,6.227581279118746e-08,0.0,0.0
m27_tiny_endpoint,265,-6.2727600891321345e-15,-6.2727600891321345e-15,-1.1085587479852897e-06,-1.1085587479852897e-06,1.86229704744257e-05,0.0,0.0
m27_tiny_endpoint,266,-3.3306690738754696e-15,-3.3306690738754696e-15,-9.071525001336407e-05,-9.071525001336407e-05,0.0015239493933688199,0.0,0.0
m27_tiny_endpoint,267,-6.661338147750939e-16,-6.661338147750939e-16,-0.0007394048708059542,-0.0007394048708059542,0.012421457298477379,0.0,0.0
m27_tiny_endpoint,268,0.0,0.0,-0.001460665752888092,-0.001460665752888092,0.02453810894846957,0.0,0.0
m27_tiny_endpoint,269,-3.3306690738754696e-16,-3.3306690738754696e-16,-0.001704182781889746,-0.001704182781889746,0.028629015698776714,0.0,0.0
m27_tiny_endpoint,270,-2.1094237467877974e-15,-2.1094237467877974e-15,-0.0007296192022221096,-0.0007296192022221096,0.012257065272864274,0.0,0.0
m27_tiny_endpoint,271,-6.5503158452884236e-15,-6.5503158452884236e-15,-6.692640565162311e-05,-6.692640565162311e-05,0.0011243143272151555,0.0,0.0
m27_tiny_endpoint,272,-8.965050923848139e-15,-8.965050923848139e-15,-1.1913312664059978e-06,-1.1913312664059978e-06,2.0013487765056308e-05,0.0,0.0
m27_tiny_endpoint,273,-8.579942312181288e-15,-8.579942312181288e-15,-8.004208046419927e-09,-8.004208046419927e-09,1.3446465183448938e-07,0.0,0.0
m27_tiny_endpoint,274,-6.439293542825908e-15,-6.439293542825908e-15,-1.693189876078778e-11,-1.693189876078778e-11,2.8433291774762676e-10,0.0,0.0
m27_tiny_endpoint,275,-4.107825191113079e-15,-4.107825191113079e-15,-8.0134533213567e-15,-8.0134533213567e-15,7.290315647142239e-14,0.0,0.0
m27_tiny_endpoint,276,-3.941291737419306e-15,-3.941291737419306e-15,-3.228342512844574e-14,-3.228342512844574e-14,4.684702832513342e-13,0.0,0.0
m27_tiny_endpoint,277,-2.7200464103316335e-15,-2.7200464103316335e-15,-5.8780631812816474e-15,-5.8780631812816474e-15,4.927713354087018e-14,0.0,0.0
m27_tiny_endpoint,278,-2.6645352591003757e-15,-2.6645352591003757e-15,-5.740296075470569e-15,-5.740296075470569e-15,5.949900468633374e-14,0.0,0.0
m27_tiny_endpoint,279,-3.774758283725532e-15,-3.774758283725532e-15,-4.9733925197875774e-14,-4.9733925197875774e-14,7.740656574016337e-13,0.0,0.0
m27_tiny_endpoint,280,-6.2727600891321345e-15,-6.2727600891321345e-15,-3.302227011691161e-11,-3.302227011691161e-11,5.546386315660105e-10,0.0,0.0
m27_tiny_endpoint,281,-9.038776671577153e-15,-9.038776671577153e-15,-1.2066838302518075e-08,-1.2066838302518075e-08,2.0271384796900752e-07,0.0,0.0
m27_tiny_endpoint,282,-1.1518563880485999e-14,-1.1518563880485999e-14,-1.680762604677526e-06,-1.680762604677526e-06,2.8235573771732434e-05,0.0,0.0
m27_tiny_endpoint,283,-1.071365218763276e-14,-1.071365218763276e-14,-6.428361273417443e-05,-6.428361273417443e-05,0.0010799173524027813,0.0,0.0
m27_tiny_endpoint,284,-5.551115123125783e-15,-5.551115123125783e-15,-0.0007172983950622224,-0.0007172983950622224,0.012050084786101192,0.0,0.0
m27_tiny_endpoint,285,-1.27675647831893e-15,-1.27675647831893e-15,-0.00195991260008389,-0.00195991260008389,0.0329250883134711,0.0,0.0
m27_tiny_endpoint,286,-3.83026943495679e-15,-3.83026943495679e-15,-0.0021477120750851356,-0.0021477120750851356,0.036079981189464476,0.0,0.0
m27_tiny_endpoint,287,-1.1046719095020308e-14,-1.1046719095020308e-14,-0.0007166137996920435,-0.0007166137996920435,0.012038584087964658,0.0,0.0
m27_tiny_endpoint,288,-1.5015766408055242e-14,-1.5015766408055242e-14,-7.071443036533076e-05,-7.071443036533076e-05,0.0011879503526005216,0.0,0.0
m27_tiny_endpoint,289,-1.2434497875801753e-14,-1.2434497875801753e-14,-2.009867361510585e-06,-2.009867361510585e-06,3.376429130780081e-05,0.0,0.0
m27_tiny_endpoint,290,-9.085614205428527e-15,-9.085614205428527e-15,-1.6780178510655192e-08,-1.6780178510655192e-08,2.818944800919886e-07,0.0,0.0
m27_tiny_endpoint,291,-6.050715484207103e-15,-6.050715484207103e-15,-4.058393917594448e-11,-4.058393917594448e-11,6.816819283785644e-10,0.0,0.0
m27_tiny_endpoint,292,-3.7192471324942744e-15,-3.7192471324942744e-15,-5.772441733493056e-14,-5.772441733493056e-14,9.078178770123157e-13,0.0,0.0
m27_tiny_endpoint,293,-2.609024107869118e-15,-2.609024107869118e-15,-6.704665816149534e-15,-6.704665816149534e-15,6.316344905923571e-14,0.0,0.0
m27_tiny_endpoint,294,-2.1649348980190553e-15,-2.1649348980190553e-15,-3.214565802263486e-15,-3.214565802263486e-15,1.6972163411337523e-14,0.0,0.0
m27_tiny_endpoint,295,-2.1649348980190553e-15,-2.1649348980190553e-15,-3.2604881708673137e-15,-3.2604881708673137e-15,1.793649087789077e-14,0.0,0.0
m27_tiny_endpoint,296,-1.942890293094024e-15,-1.942890293094024e-15,-2.043545402867499e-15,-2.043545402867499e-15,9.73970741218809e-15,0.0,0.0
m27_tiny_endpoint,297,-1.9984014443252818e-15,-1.9984014443252818e-15,-2.043545402867499e-15,-2.043545402867499e-15,9.836140158843418e-15,0.0,0.0
m27_tiny_endpoint,298,-1.7763568394002505e-15,-1.7763568394002505e-15,-1.813933559848563e-15,-1.813933559848563e-15,5.689532052664357e-15,0.0,0.0
m27_tiny_endpoint,299,-2.1094237467877974e-15,-2.1094237467877974e-15,-3.2834493551690255e-15,-3.2834493551690255e-15,1.812935637120142e-14,0.0,0.0
m27_tiny_endpoint,300,-2.609024107869118e-15,-2.609024107869118e-15,-6.0847138399986695e-15,-6.0847138399986695e-15,6.528496948565263e-14,0.0,0.0
m27_tiny_endpoint,301,-3.608224830031759e-15,-3.608224830031759e-15,-6.038791471394882e-14,-6.038791471394882e-14,9.534305661801884e-13,0.0,0.0
m27_tiny_endpoint,302,-5.9119376061289586e-15,-5.9119376061289586e-15,-4.330272708676168e-11,-4.330272708676168e-11,7.273549843718496e-10,0.0,0.0
m27_tiny_endpoint,303,-8.857498068337577e-15,-8.857498068337577e-15,-1.83942770260456e-08,-1.83942770260456e-08,3.090101594458625e-07,0.0,0.0
m27_tiny_endpoint,304,-1.2934098236883074e-14,-1.2934098236883074e-14,-2.3025366480662637e-06,-2.3025366480662637e-06,3.8680919773980716e-05,0.0,0.0
m27_tiny_endpoint,305,-1.6819878823071122e-14,-1.6819878823071122e-14,-7.468479479630716e-05,-7.468479479630716e-05,0.0012546495510478298,0.0,0.0
m27_tiny_endpoint,306,-1.759703494030873e-14,-1.759703494030873e-14,-0.0007222360913539494,-0.0007222360913539494,0.012133034447261347,0.0,0.0
m27_tiny_endpoint,307,-8.659739592076221e-15,-8.659739592076221e-15,-0.002207294494540749,-0.002207294494540749,0.03708092195705504,0.0,0.0
m27_tiny_endpoint,308,-1.5210055437364645e-14,-1.5210055437364645e-14,-0.0021833293555768123,-0.0021833293555768123,0.03667832527137022,0.0,0.0
m27_tiny_endpoint,309,-2.0816681711721685e-14,-2.0816681711721685e-14,-0.0007244009966045186,-0.0007244009966045186,0.012169403261089295,0.0,0.0
m27_tiny_endpoint,310,-1.812439087700568e-14,-1.812439087700568e-14,-7.766415393391696e-05,-7.766415393391696e-05,0.001304700590400073,0.0,0.0
m27_tiny_endpoint,311,-1.27675647831893e-14,-1.27675647831893e-14,-2.384963330180477e-06,-2.384963330180477e-06,4.006562733006308e-05,0.0,0.0
m27_tiny_endpoint,312,-8.671882656408059e-15,-8.671882656408059e-15,-1.8894336994674653e-08,-1.8894336994674653e-08,3.1741079780102494e-07,0.0,0.0
m27_tiny_endpoint,313,-5.856426454897701e-15,-5.856426454897701e-15,-4.4149122262497645e-11,-4.4149122262497645e-11,7.415740892748776e-10,0.0,0.0
m27_tiny_endpoint,314,-3.608224830031759e-15,-3.608224830031759e-15,-6.181150814066546e-14,-6.181150814066546e-14,9.765744253774158e-13,0.0,0.0
m27_tiny_endpoint,315,-2.55351295663786e-15,-2.55351295663786e-15,-6.819471737658901e-15,-6.819471737658901e-15,6.547783497896326e-14,0.0,0.0
m27_tiny_endpoint,316,-3.552713678800501e-15,-3.552713678800501e-15,-6.185743050926929e-14,-6.185743050926929e-14,9.774423200973119e-13,0.0,0.0
m27_tiny_endpoint,317,-5.745404152435185e-15,-5.745404152435185e-15,-4.4540564532476114e-11,-4.4540564532476114e-11,7.481498382580263e-10,0.0,0.0
m27_tiny_endpoint,318,-8.55739090699359e-15,-8.55739090699359e-15,-1.9039798760724458e-08,-1.9039798760724458e-08,3.198544627539012e-07,0.0,0.0
m27_tiny_endpoint,319,-1.2559397966072083e-14,-1.2559397966072083e-14,-2.4083609407432594e-06,-2.4083609407432594e-06,4.045868996956932e-05,0.0,0.0
m27_tiny_endpoint,320,-1.8179902028236938e-14,-1.8179902028236938e-14,-7.839760836427022e-05,-7.839760836427022e-05,0.0013170220846949847,0.0,0.0
m27_tiny_endpoint,321,-2.348121697082206e-14,-2.348121697082206e-14,-0.0007255600520965546,-0.0007255600520965546,0.01218887453972509,0.0,0.0
m27_tiny_endpoint,322,-1.865174681370263e-14,-1.865174681370263e-14,-0.002160726357683317,-0.002160726357683317,0.03629861155256243,0.0,0.0
m27_tiny_endpoint,323,-2.195466031196247e-14,-2.195466031196247e-14,-0.002143638257840263,-0.002143638257840263,0.03601154405958374,0.0,0.0
m27_tiny_endpoint,324,-2.3925306180672123e-14,-2.3925306180672123e-14,-0.0007255329585282148,-0.0007255329585282148,0.012188419387729268,0.0,0.0
m27_tiny_endpoint,325,-1.7957857423311907e-14,-1.7957857423311907e-14,-7.859144770033745e-05,-7.859144770033745e-05,0.0013202784427748123,0.0,0.0
m27_tiny_endpoint,326,-1.2406742300186124e-14,-1.2406742300186124e-14,-2.414859344863153e-06,-2.414859344863153e-06,4.056785837314681e-05,0.0,0.0
m27_tiny_endpoint,327,-8.43249081672326e-15,-8.43249081672326e-15,-1.910046900616059e-08,-1.910046900616059e-08,3.2087366510170446e-07,0.0,0.0
m27_tiny_endpoint,328,-5.717648576819556e-15,-5.717648576819556e-15,-4.4552366581207316e-11,-4.4552366581207316e-11,7.483482004175546e-10,0.0,0.0
m27_tiny_endpoint,329,-8.403000517631654e-15,-8.403000517631654e-15,-1.9102139570085648e-08,-1.9102139570085648e-08,3.209017408001196e-07,0.0,0.0
m27_tiny_endpoint,330,-1.2240208846492351e-14,-1.2240208846492351e-14,-2.4178168681976506e-06,-2.4178168681976506e-06,4.0617542586434184e-05,0.0,0.0
m27_tiny_endpoint,331,-1.7763568394002505e-14,-1.7763568394002505e-14,-7.864342241127695e-05,-7.864342241127695e-05,0.0013211515796544586,0.0,0.0
m27_tiny_endpoint,332,-2.378652830259398e-14,-2.378652830259398e-14,-0.000725476511632875,-0.000725476511632875,0.012187471121446167,0.0,0.0
m27_tiny_endpoint,333,-2.2676305277968822e-14,-2.2676305277968822e-14,-0.0021385747703173575,-0.0021385747703173575,0.03592648119816506,0.0,0.0
m27_tiny_endpoint,334,-2.2648549702353193e-14,-2.2648549702353193e-14,-0.002137089152925691,-0.002137089152925691,0.03590152392006213,0.0,0.0
m27_tiny_endpoint,335,-2.3564483697668948e-14,-2.3564483697668948e-14,-0.0007254549869458184,-0.0007254549869458184,0.012187109522555431,0.0,0.0
m27_tiny_endpoint,336,-1.7541523789077473e-14,-1.7541523789077473e-14,-7.866664429512032e-05,-7.866664429512032e-05,0.0013215416902010897,0.0,0.0
m27_tiny_endpoint,337,-1.2198575483068907e-14,-1.2198575483068907e-14,-2.417902397139659e-06,-2.417902397139659e-06,4.0618979410097454e-05,0.0,0.0
m27_tiny_endpoint,338,-1.7513768213461844e-14,-1.7513768213461844e-14,-7.866730073159174e-05,-7.866730073159174e-05,0.0013215527178641292,0.0,0.0
m27_tiny_endpoint,339,-2.325917236589703e-14,-2.325917236589703e-14,-0.0007254472839278007,-0.0007254472839278007,0.012186980117537697,0.0,0.0
m27_tiny_endpoint,340,-2.245426067304379e-14,-2.245426067304379e-14,-0.0021366712685358478,-0.0021366712685358478,0.035894503770073485,0.0,0.0
m27_tiny_endpoint,341,-2.2176704916887502e-14,-2.2176704916887502e-14,-0.0021364875911719892,-0.0021364875911719892,0.035891418125629015,0.0,0.0
m27_tiny_endpoint,342,-2.3203661214665772e-14,-2.3203661214665772e-14,-0.0007254470574317904,-0.0007254470574317904,0.012186976312583434,0.0,0.0
m27_tiny_endpoint,343,-2.2093438190040615e-14,-2.2093438190040615e-14,-0.002136482314453316,-0.002136482314453316,0.03589132948064165,0.0,0.0
m27_tiny_endpoint,344,-3.3306690738754696e-16,-3.3306690738754696e-16,0.0,0.0,-4.821637332766436e-17,0.0,0.0
m27_tiny_endpoint,345,-3.3306690738754696e-16,-3.3306690738754696e-16,-7.34757897660214e-16,-7.34757897660214e-16,0.0,0.0,0.0
m27_tiny_endpoint,346,-3.3306690738754696e-16,-3.3306690738754696e-16,0.0,0.0,0.0,0.0,0.0
m27_tiny_endpoint,347,-3.3306690738754696e-16,-3.3306690738754696e-16,0.0,0.0,0.0,0.0,0.0
m27_tiny_endpoint,348,-3.3306690738754696e-16,-3.3306690738754696e-16,-7.34757897660214e-16,-7.34757897660214e-16,0.0,0.0,0.0
m27_tiny_endpoint,349,-3.3306690738754696e-16,-3.3306690738754696e-16,0.0,0.0,0.0,0.0,0.0
m27_tiny_endpoint,350,-3.3306690738754696e-16,-3.3306690738754696e-16,0.0,0.0,0.0,0.0,0.0
m27_tiny_endpoint,351,-3.3306690738754696e-16,-3.3306690738754696e-16,-1.1480592150940718e-17,-1.1480592150940718e-17,9.64327466553287e-17,0.0,0.0
m27_tiny_endpoint,352,-3.3306690738754696e-16,-3.3306690738754696e-16,0.0,0.0,0.0,0.0,0.0
m27_tiny_endpoint,353,-2.220446049250313e-16,-2.220446049250313e-16,0.0,0.0,0.0,0.0,0.0
m27_tiny_endpoint,354,-3.3306690738754696e-16,-3.3306690738754696e-16,0.0,0.0,0.0,0.0,0.0
m27_tiny_endpoint,355,-1.1102230246251565e-16,-1.1102230246251565e-16,0.0,0.0,0.0,0.0,0.0
m27_tiny_endpoint,356,0.0,0.0,0.0,0.0,0.0,0.0,0.0
m27_tiny_endpoint,357,0.0,0.0,0.0,0.0,0.0,0.0,0.0
m27_tiny_endpoint,358,0.0,0.0,0.0,0.0,0.0,0.0,0.0
m27_tiny_endpoint,359,-1.1102230246251565e-16,-1.1102230246251565e-16,0.0,0.0,0.0,0.0,0.0
m27_tiny_endpoint,360,0.0,0.0,0.0,0.0,0.0,0.0,0.0
m27_tiny_endpoint,361,0.0,0.0,0.0,0.0,0.0,0.0,0.0
m27_tiny_endpoint,362,0.0,0.0,0.0,0.0,0.0,0.0,0.0
m27_tiny_endpoint,363,0.0,0.0,0.0,0.0,0.0,0.0,0.0
m27_tiny_endpoint,364,0.0,0.0,0.0,0.0,0.0,0.0,0.0
m27_tiny_endpoint,365,0.0,0.0,0.0,0.0,0.0,0.0,0.0
m27_tiny_endpoint,366,0.0,0.0,0.0,0.0,0.0,0.0,0.0
m27_tiny_endpoint,367,0.0,0.0,0.0,0.0,0.0,0.0,0.0
m27_tiny_endpoint,368,0.0,0.0,0.0,0.0,0.0,0.0,0.0
m27_tiny_endpoint,369,-2.220446049250313e-16,-2.220446049250313e-16,0.0,0.0,0.0,0.0,0.0
m27_tiny_endpoint,370,-2.220446049250313e-16,-2.220446049250313e-16,0.0,0.0,0.0,0.0,0.0
m27_tiny_endpoint,371,-3.3306690738754696e-16,-3.3306690738754696e-16,-7.347578976602139e-16,-7.347578976602139e-16,0.0,0.0,0.0
m27_tiny_endpoint,372,-4.440892098500626e-16,-4.440892098500626e-16,-7.34757897660214e-16,-7.34757897660214e-16,0.0,0.0,0.0
m27_tiny_endpoint,373,-3.3306690738754696e-16,-3.3306690738754696e-16,-7.34757897660214e-16,-7.34757897660214e-16,0.0,0.0,0.0
m27_tiny_endpoint,374,-3.3306690738754696e-16,-3.3306690738754696e-16,-7.34757897660214e-16,-7.34757897660214e-16,0.0,0.0,0.0
m27_tiny_endpoint,375,-3.3306690738754696e-16,-3.3306690738754696e-16,-7.34757897660214e-16,-7.34757897660214e-16,0.0,0.0,0.0
m27_tiny_endpoint,376,-4.440892098500626e-16,-4.440892098500626e-16,0.0,0.0,0.0,0.0,0.0
m27_tiny_endpoint,377,-3.3306690738754696e-16,-3.3306690738754696e-16,-7.347578976602138e-16,-7.347578976602138e-16,0.0,0.0,0.0
m27_tiny_endpoint,378,-3.3306690738754696e-16,-3.3306690738754696e-16,-7.34757897660214e-16,-7.34757897660214e-16,0.0,0.0,0.0
m27_tiny_endpoint,379,0.0,0.0,0.0,0.0,0.0,0.0,0.0
m27_tiny_endpoint,380,0.0,0.0,-1.7652925870235403e-11,-1.7652925870235403e-11,2.965556719452688e-10,0.0,0.0
m27_tiny_endpoint,381,0.0,0.0,-1.4612427446862472e-07,-1.4612427446862472e-07,2.4547801992722394e-06,0.0,0.0
m27_tiny_endpoint,382,0.0,0.0,-6.248154599655789e-06,-6.248154599655789e-06,0.00010496439585232464,0.0,0.0
m27_tiny_endpoint,383,0.0,0.0,-1.1194234986161837e-05,-1.1194234986161837e-05,0.00018805490382709674,0.0,0.0
m27_tiny_endpoint,384,0.0,0.0,-3.9119264369403325e-05,-3.9119264369403325e-05,0.0006571748322185436,0.0,0.0
m27_tiny_endpoint,385,0.0,0.0,-6.448036172951787e-05,-6.448036172951787e-05,0.001083222590813317,0.0,0.0
m27_tiny_endpoint,386,0.0,0.0,-0.000102489484422963,-0.000102489484422963,0.0017217478604331894,0.0,0.0
m27_tiny_endpoint,387,0.0,0.0,-0.00013614129527558414,-0.00013614129527558414,0.002287073500046156,0.0,0.0
m27_tiny_endpoint,388,0.0,0.0,-0.00015615592520464364,-0.00015615592520464364,0.0026233045431834174,0.0,0.0
m27_tiny_endpoint,389,0.0,0.0,-0.00017947819933535926,-0.00017947819933535926,0.0030151015730044604,0.0,0.0
m27_tiny_endpoint,390,0.0,0.0,-0.0001678942234155387,-0.0001678942234155387,0.0028204993085144438,0.0,0.0
m27_tiny_endpoint,391,0.0,0.0,-0.0001793162248613176,-0.0001793162248613176,0.0030123805211251316,0.0,0.0
m27_tiny_endpoint,392,0.0,0.0,-0.0001389739525886175,-0.0001389739525886175,0.002334660056808752,0.0,0.0
m27_tiny_endpoint,393,0.0,0.0,-0.000143407441651402,-0.000143407441651402,0.0024091394080445585,0.0,0.0
m27_tiny_endpoint,394,0.0,0.0,-8.165197462877121e-05,-8.165197462877121e-05,0.001371693041570898,0.0,0.0
m27_tiny_endpoint,395,0.0,0.0,-8.365981703480465e-05,-8.365981703480465e-05,0.001405423315325875,0.0,0.0
m27_tiny_endpoint,396,0.0,0.0,0.0,0.0,0.0,0.0,0.0
m27_tiny_endpoint,397,0.0,0.0,0.0,0.0,0.0,0.0,0.0
m27_tiny_endpoint,398,0.0,0.0,-7.968571145485848e-05,-7.968571145485848e-05,0.0013386612682952641,0.0,0.0
m27_tiny_endpoint,399,0.0,0.0,0.0,0.0,0.0,0.0,0.0
m27_tiny_endpoint,400,0.0,0.0,-7.683089994102053e-05,-7.683089994102053e-05,0.0012907025372739388,0.0,0.0
m27_tiny_endpoint,401,0.0,0.0,0.0,0.0,0.0,0.0,0.0
m27_tiny_endpoint,402,0.0,0.0,-7.275622395557131e-05,-7.275622395557131e-05,0.0012222509814916035,0.0,0.0
m27_tiny_endpoint,403,0.0,0.0,0.0,0.0,0.0,0.0,0.0
m27_tiny_endpoint,404,0.0,0.0,-6.713404783912063e-05,-6.713404783912063e-05,0.0011278025631604243,0.0,0.0
m27_tiny_endpoint,405,0.0,0.0,0.0,0.0,0.0,0.0,0.0
m27_tiny_endpoint,406,0.0,0.0,-5.99118260547571e-05,-5.99118260547571e-05,0.0010064745559514139,0.0,0.0
m27_tiny_endpoint,407,0.0,0.0,0.0,0.0,0.0,0.0,0.0
m27_tiny_endpoint,408,0.0,0.0,-5.2097640227897254e-05,-5.2097640227897254e-05,0.000875201988779378,0.0,0.0
m27_tiny_endpoint,409,0.0,0.0,0.0,0.0,0.0,0.0,0.0
m27_tiny_endpoint,410,0.0,0.0,-4.765062093072176e-05,-4.765062093072176e-05,0.0008004953395741393,0.0,0.0
m27_tiny_endpoint,411,0.0,0.0,0.0,0.0,0.0,0.0,0.0
m27_tiny_endpoint,412,0.0,0.0,-7.087854754375157e-05,-7.087854754375157e-05,0.0011907074005802806,0.0,0.0
m27_tiny_endpoint,413,0.0,0.0,-7.974650186590767e-05,-7.974650186590767e-05,0.0013396825024338407,0.0,0.0
m27_tiny_endpoint,414,0.0,0.0,-9.584558201918393e-05,-9.584558201918393e-05,0.0016101351929206857,0.0,0.0
m27_tiny_endpoint,415,0.0,0.0,-0.00011124445243721566,-0.00011124445243721566,0.0018688248755189092,0.0,0.0
m27_tiny_endpoint,416,0.0,0.0,-0.00012352976336885667,-0.00012352976336885667,0.0020752090517134046,0.0,0.0
m27_tiny_endpoint,417,0.0,0.0,-0.00013257495105039067,-0.00013257495105039067,0.002227161543482378,0.0,0.0
m27_tiny_endpoint,418,0.0,0.0,-0.00015212533845776997,-0.00015212533845776997,0.002555593654139457,0.0,0.0
m27_tiny_endpoint,419,0.0,0.0,-0.00012732542689945737,-0.00012732542689945737,0.0021389734037315835,0.0,0.0
m27_tiny_endpoint,420,0.0,0.0,-7.031253433755825e-05,-7.031253433755825e-05,0.0011811987955511428,0.0,0.0
m27_tiny_endpoint,421,0.0,0.0,-2.408134311374392e-05,-2.408134311374392e-05,0.0004045488297235911,0.0,0.0
m27_tiny_endpoint,422,0.0,0.0,-4.846718476443054e-06,-4.846718476443054e-06,8.142130106294586e-05,0.0,0.0
m27_tiny_endpoint,423,0.0,0.0,-1.874200309550278e-05,-1.874200309550278e-05,0.0003148518495505414,0.0,0.0
m27_tiny_endpoint,424,0.0,0.0,-4.660354995461883e-05,-4.660354995461883e-05,0.0007829053182840898,0.0,0.0
m27_tiny_endpoint,425,0.0,0.0,-9.593639728471296e-05,-9.593639728471296e-05,0.0016116608224989997,0.0,0.0
m27_tiny_endpoint,426,0.0,0.0,-0.00013146916710614614,-0.00013146916710614614,0.0022085851875683557,0.0,0.0
m27_tiny_endpoint,427,0.0,0.0,-0.00010693904734378722,-0.00010693904734378722,0.0017964972406448473,0.0,0.0
m27_tiny_endpoint,428,0.0,0.0,-6.882083465280524e-05,-6.882083465280524e-05,0.001156139339404191,0.0,0.0
m27_tiny_endpoint,429,0.0,0.0,-3.702814293288746e-05,-3.702814293288746e-05,0.0006220455320809094,0.0,0.0
m27_tiny_endpoint,430,0.0,0.0,-5.649162231646516e-05,-5.649162231646516e-05,0.0009490176519402426,0.0,0.0
m27_tiny_endpoint,431,0.0,0.0,-8.312666640589595e-05,-8.312666640589595e-05,0.0013964667773972634,0.0,0.0
m27_tiny_endpoint,432,0.0,0.0,-7.102697470358658e-05,-7.102697470358658e-05,0.00119320086755785,0.0,0.0
m27_tiny_endpoint,433,0.0,0.0,0.0,0.0,0.0,0.0,0.0
m27_tiny_endpoint,434,0.0,0.0,-8.594691408309475e-05,-8.594691408309475e-05,0.001443844861417259,0.0,0.0
m27_tiny_endpoint,435,0.0,0.0,0.0,0.0,0.0,0.0,0.0
m27_tiny_endpoint,436,0.0,0.0,-8.854898491439172e-05,-8.854898491439172e-05,0.0014875577350991578,0.0,0.0
m27_tiny_endpoint,437,0.0,0.0,0.0,0.0,0.0,0.0,0.0
m27_tiny_endpoint,438,0.0,0.0,-9.150325108384311e-05,-9.150325108384311e-05,0.001537187231093864,0.0,0.0
m27_tiny_endpoint,439,0.0,0.0,0.0,0.0,0.0,0.0,0.0
m27_tiny_endpoint,440,0.0,0.0,-9.484637723537791e-05,-9.484637723537791e-05,0.001593349288409661,0.0,0.0
m27_tiny_endpoint,441,0.0,0.0,0.0,0.0,0.0,0.0,0.0
m27_tiny_endpoint,442,0.0,0.0,-9.861111552576188e-05,-9.861111552576188e-05,0.0016565941191666203,0.0,0.0
m27_tiny_endpoint,443,0.0,0.0,0.0,0.0,0.0,0.0,0.0
m27_tiny_endpoint,444,0.0,0.0,-0.0001734318787885809,-0.0001734318787885809,0.0029135278406028564,0.0,0.0
m27_tiny_endpoint,445,0.0,0.0,-0.0002292093113004613,-0.0002292093113004613,0.0038505476297851717,0.0,0.0
m27_tiny_endpoint,446,0.0,0.0,-0.00025735470123595516,-0.00025735470123595516,0.004323369453170275,0.0,0.0
m27_tiny_endpoint,447,0.0,0.0,-0.00024980286695712103,-0.00024980286695712103,0.0041965041987974796,0.0,0.0
m27_tiny_endpoint,448,0.0,0.0,-0.00020408515307916795,-0.00020408515307916795,0.0034284802742314867,0.0,0.0
m27_tiny_endpoint,449,0.0,0.0,-0.0001283883993064951,-0.0001283883993064951,0.002156830557350076,0.0,0.0
m27_tiny_endpoint,450,0.0,0.0,-4.1947576331944486e-05,-4.1947576331944486e-05,0.0007046883902897012,0.0,0.0
m27_tiny_endpoint,451,-1.1102230246251565e-16,-1.1102230246251565e-16,-8.007172236120992e-07,-8.007172236120992e-07,1.3451459670790972e-05,0.0,0.0
m27_tiny_endpoint,452,-1.942890293094024e-16,-1.942890293094024e-16,-2.768411622330436e-11,-2.768411622330436e-11,4.650725716069171e-10,0.0,0.0
m27_tiny_endpoint,453,-2.7755575615628914e-16,-2.7755575615628914e-16,-2.296118430188183e-17,-2.296118430188183e-17,2.8929823996598605e-16,0.0,0.0
m27_tiny_endpoint,454,-1.3877787807814457e-16,-1.3877787807814457e-16,-1.1058106359786247e-13,-1.1058106359786247e-13,1.857005402337695e-12,0.0,0.0
m27_tiny_endpoint,455,-1.6653345369377348e-16,-1.6653345369377348e-16,-5.722875920902157e-08,-5.722875920902157e-08,9.614010091691808e-07,0.0,0.0
m27_tiny_endpoint,456,0.0,0.0,-2.070687469306391e-05,-2.070687469306391e-05,0.00034786024536633713,0.0,0.0
m27_tiny_endpoint,457,0.0,0.0,-0.00010365922072382147,-0.00010365922072382147,0.001741398568841565,0.0,0.0
m27_tiny_endpoint,458,0.0,0.0,-0.00017898397174799215,-0.00017898397174799215,0.003006798913509001,0.0,0.0
m27_tiny_endpoint,459,0.0,0.0,-0.00022646282974048918,-0.00022646282974048918,0.0038044087622110985,0.0,0.0
m27_tiny_endpoint,460,0.0,0.0,-0.0002388015985107135,-0.0002388015985107135,0.004011690990729367,0.0,0.0
m27_tiny_endpoint,461,0.0,0.0,-0.00021642130509161653,-0.00021642130509161653,0.0036357185431419308,0.0,0.0
m27_tiny_endpoint,462,0.0,0.0,-0.00016580256457342322,-0.00016580256457342322,0.0027853609803582266,0.0,0.0
m27_tiny_endpoint,463,0.0,0.0,-0.00015906521339973702,-0.00015906521339973702,0.0026721784423271674,0.0,0.0
m27_tiny_endpoint,464,0.0,0.0,-0.00020530928396347414,-0.00020530928396347414,0.0034490447715835497,0.0,0.0
m27_tiny_endpoint,465,0.0,0.0,-0.0002230459832684526,-0.0002230459832684526,0.0037470082578013523,0.0,0.0
m27_tiny_endpoint,466,0.0,0.0,-0.00020721316708038114,-0.00020721316708038114,0.003481028605842008,0.0,0.0
m27_tiny_endpoint,467,0.0,0.0,-0.00015684691271155128,-0.00015684691271155128,0.0026349126244229843,0.0,0.0
m27_tiny_endpoint,468,0.0,0.0,-7.495145435856138e-05,-7.495145435856138e-05,0.0012591292355973642,0.0,0.0
m27_tiny_endpoint,469,0.0,0.0,-7.061307108765358e-06,-7.061307108765358e-06,0.00011862475916022757,0.0,0.0
m27_tiny_endpoint,470,-1.1102230246251565e-16,-1.1102230246251565e-16,-1.647156926411414e-09,-1.647156926411414e-09,2.7671023888125928e-08,0.0,0.0
m27_tiny_endpoint,471,-5.551115123125783e-17,-5.551115123125783e-17,-1.7267072969712733e-06,-1.7267072969712733e-06,2.9007410965931433e-05,0.0,0.0
m27_tiny_endpoint,472,0.0,0.0,-4.64794654132059e-05,-4.64794654132059e-05,0.0007808207893698403,0.0,0.0
m27_tiny_endpoint,473,0.0,0.0,-0.00012880732417450526,-0.00012880732417450526,0.002163868186619504,0.0,0.0
m27_tiny_endpoint,474,0.0,0.0,-0.00018951839408290656,-0.00018951839408290656,0.003183769450712228,0.0,0.0
m27_tiny_endpoint,475,0.0,0.0,-0.00020967421191175374,-0.00020967421191175374,0.0035223723465857303,0.0,0.0
m27_tiny_endpoint,476,0.0,0.0,-0.00019568200482991596,-0.00019568200482991596,0.003287313572102391,0.0,0.0
m27_tiny_endpoint,477,0.0,0.0,-0.00015314266380649783,-0.00015314266380649783,0.002572683970793827,0.0,0.0
m27_tiny_endpoint,478,0.0,0.0,-0.0001479510781776782,-0.0001479510781776782,0.0024854691555495734,0.0,0.0
m27_tiny_endpoint,479,0.0,0.0,-0.0001873516805615573,-0.0001873516805615573,0.003147370259217582,0.0,0.0
m27_tiny_endpoint,480,0.0,0.0,-0.00019702251582164824,-0.00019702251582164824,0.003309833169547688,0.0,0.0
m27_tiny_endpoint,481,0.0,0.0,-0.0001658627369884218,-0.0001658627369884218,0.002786371832615413,0.0,0.0
m27_tiny_endpoint,482,0.0,0.0,-9.647092831944907e-05,-9.647092831944907e-05,0.0016206405502272507,0.0,0.0
m27_tiny_endpoint,483,0.0,0.0,-2.4160619967921034e-05,-2.4160619967921034e-05,0.00040588062249361347,0.0,0.0
m27_tiny_endpoint,759,0.0,0.0,-0.00020082405911033257,-0.00020082405911033257,0.003373696297173071,0.0,0.0
m27_tiny_endpoint,760,0.0,0.0,-0.0002970397860358777,-0.0002970397860358777,0.004990049651926902,0.0,0.0
m27_tiny_endpoint,761,0.0,0.0,-0.00031240762976658676,-0.00031240762976658676,0.005248218109028964,0.0,0.0
m27_tiny_endpoint,762,0.0,0.0,-0.0004265924822635797,-0.0004265924822635797,0.007166439540108866,0.0,0.0
m27_tiny_endpoint,763,0.0,0.0,-0.00044911580865285815,-0.00044911580865285815,0.007544814836259634,0.0,0.0
m27_tiny_endpoint,764,0.0,0.0,-0.0005940909921685351,-0.0005940909921685351,0.009980291153069039,0.0,0.0
m27_tiny_endpoint,765,0.0,0.0,-0.0006220951480551962,-0.0006220951480551962,0.010450740348440865,0.0,0.0
m27_tiny_endpoint,766,0.0,0.0,-0.0008005804451794302,-0.0008005804451794302,0.013449161895517385,0.0,0.0
m27_tiny_endpoint,767,0.0,0.0,-0.0008219779567189521,-0.0008219779567189521,0.013808624331287772,0.0,0.0
m27_tiny_endpoint,768,0.0,0.0,-0.0009670495267620517,-0.0009670495267620517,0.016245719870774812,0.0,0.0
m27_tiny_endpoint,769,-1.1102230246251565e-16,-1.1102230246251565e-16,-0.0009269040934199828,-0.0009269040934199828,0.015571306155530923,0.0,0.0
m27_tiny_endpoint,770,0.0,0.0,-0.0006675959043189739,-0.0006675959043189739,0.01121511954486525,0.0,0.0
m27_tiny_endpoint,771,0.0,0.0,-0.0004361470470540599,-0.0004361470470540599,0.007326949192176937,0.0,0.0
m27_tiny_endpoint,772,0.0,0.0,8.661070334640975e-06,8.661070334640975e-06,-0.0001454996032195218,0.0,0.0
m27_tiny_endpoint,773,5.551115123125783e-17,5.551115123125783e-17,1.4546496104529683e-05,1.4546496104529683e-05,-0.00024437042186342114,0.0,0.0
m27_tiny_endpoint,774,1.6653345369377348e-16,1.6653345369377348e-16,2.18430065701547e-07,2.18430065701547e-07,-3.6694642395862435e-06,0.0,0.0
m27_tiny_endpoint,775,2.220446049250313e-16,2.220446049250313e-16,6.914849103034637e-09,6.914849103034637e-09,-1.1616437381688212e-07,0.0,0.0
m27_tiny_endpoint,776,2.7755575615628914e-16,2.7755575615628914e-16,8.785888683249254e-13,8.785888683249254e-13,-1.4758887226728855e-11,0.0,0.0
m27_tiny_endpoint,777,2.7755575615628914e-16,2.7755575615628914e-16,3.3514857555871913e-15,3.3514857555871913e-15,-4.41661979681428e-14,0.0,0.0
m27_tiny_endpoint,778,3.3306690738754696e-16,3.3306690738754696e-16,7.632783294297951e-16,7.632783294297951e-16,-2.8929823996598625e-16,0.0,0.0
m27_tiny_endpoint,779,2.220446049250313e-16,2.220446049250313e-16,7.355227538141662e-16,7.355227538141662e-16,0.0,0.0,0.0
m27_tiny_endpoint,780,3.3306690738754696e-16,3.3306690738754696e-16,7.355227538141662e-16,7.355227538141662e-16,0.0,0.0,0.0
m27_tiny_endpoint,781,1.1102230246251565e-16,1.1102230246251565e-16,0.0,0.0,0.0,0.0,0.0
m27_tiny_endpoint,782,1.1102230246251565e-16,1.1102230246251565e-16,0.0,0.0,0.0,0.0,0.0
m27_tiny_endpoint,783,1.1102230246251565e-16,1.1102230246251565e-16,0.0,0.0,0.0,0.0,0.0
m27_tiny_endpoint,784,1.1102230246251565e-16,1.1102230246251565e-16,0.0,0.0,0.0,0.0,0.0
m27_tiny_endpoint,785,1.1102230246251565e-16,1.1102230246251565e-16,7.355227538141662e-16,7.355227538141662e-16,0.0,0.0,0.0
m27_tiny_endpoint,786,1.1102230246251565e-16,1.1102230246251565e-16,0.0,0.0,0.0,0.0,0.0
m27_tiny_endpoint,787,1.1102230246251565e-16,1.1102230246251565e-16,0.0,0.0,0.0,0.0,0.0
m27_tiny_endpoint,788,5.551115123125783e-17,5.551115123125783e-17,7.355227538141662e-16,7.355227538141662e-16,0.0,0.0,0.0
m27_tiny_endpoint,789,8.326672684688674e-17,8.326672684688674e-17,8.451572774959004e-15,8.451572774959004e-15,-1.4074359374347507e-13,0.0,0.0
m27_tiny_endpoint,790,5.551115123125783e-17,5.551115123125783e-17,6.1547988927657116e-15,6.1547988927657116e-15,-1.0477417924102729e-13,0.0,0.0
m27_tiny_endpoint,791,5.551115123125783e-17,5.551115123125783e-17,5.438082761877183e-10,5.438082761877183e-10,-9.135579205039025e-09,0.0,0.0
m27_tiny_endpoint,792,5.551115123125783e-17,5.551115123125783e-17,6.421577367077269e-10,6.421577367077269e-10,-1.078777793316557e-08,0.0,0.0
m27_tiny_endpoint,793,5.551115123125783e-17,5.551115123125783e-17,2.3942146993860547e-06,2.3942146993860547e-06,-4.022104374230461e-05,0.0,0.0
m27_tiny_endpoint,794,0.0,0.0,1.3525939817626842e-06,1.3525939817626842e-06,-2.272258278365127e-05,0.0,0.0
m27_tiny_endpoint,795,0.0,0.0,1.205169228302161e-10,1.205169228302161e-10,-2.0245956846076016e-09,0.0,0.0
m27_tiny_endpoint,796,2.7755575615628914e-17,2.7755575615628914e-17,1.8388068845354155e-15,1.8388068845354155e-15,-3.095491167636162e-14,0.0,0.0
m27_tiny_endpoint,797,2.7755575615628914e-17,2.7755575615628914e-17,8.257283745649602e-16,8.257283745649602e-16,-1.5091724851559205e-14,0.0,0.0
m27_tiny_endpoint,798,1.1102230246251565e-16,1.1102230246251565e-16,-1.3877787807814457e-17,-1.3877787807814457e-17,9.64327466553287e-17,0.0,0.0
m27_tiny_endpoint,799,1.1102230246251565e-16,1.1102230246251565e-16,0.0,0.0,0.0,0.0,0.0
m27_tiny_endpoint,800,0.0,0.0,0.0,0.0,0.0,0.0,0.0
m27_tiny_endpoint,801,0.0,0.0,0.0,0.0,0.0,0.0,0.0
m27_tiny_endpoint,802,0.0,0.0,0.0,0.0,0.0,0.0,0.0
m27_tiny_endpoint,803,0.0,0.0,0.0,0.0,0.0,0.0,0.0
m27_tiny_endpoint,804,0.0,0.0,0.0,0.0,0.0,0.0,0.0
m27_tiny_endpoint,805,0.0,0.0,0.0,0.0,0.0,0.0,0.0
m27_tiny_endpoint,806,0.0,0.0,0.0,0.0,0.0,0.0,0.0
m27_tiny_endpoint,807,0.0,0.0,0.0,0.0,0.0,0.0,0.0
m27_tiny_endpoint,808,0.0,0.0,0.0,0.0,0.0,0.0,0.0
m27_tiny_endpoint,809,1.1102230246251565e-16,1.1102230246251565e-16,0.0,0.0,0.0,0.0,0.0
m27_tiny_endpoint,810,2.220446049250313e-16,2.220446049250313e-16,7.355227538141662e-16,7.355227538141662e-16,0.0,0.0,0.0
m27_tiny_endpoint,811,4.440892098500626e-16,4.440892098500626e-16,7.355227538141662e-16,7.355227538141662e-16,0.0,0.0,0.0
m27_tiny_endpoint,812,3.885780586188048e-16,3.885780586188048e-16,1.8041124150158794e-16,1.8041124150158794e-16,-2.9411987729875357e-15,0.0,0.0
m27_tiny_endpoint,813,3.122502256758253e-16,3.122502256758253e-16,1.307538383121809e-10,1.307538383121809e-10,-2.196556198635767e-09,0.0,0.0
m27_tiny_endpoint,814,1.6653345369377348e-16,1.6653345369377348e-16,2.3836643465516283e-06,2.3836643465516283e-06,-4.004380558502965e-05,0.0,0.0
m27_tiny_endpoint,815,0.0,0.0,-9.52795189760186e-05,-9.52795189760186e-05,0.0016006257506694683,0.0,0.0
m27_tiny_endpoint,816,0.0,0.0,-0.0008943265294732022,-0.0008943265294732022,0.015024027072811716,0.0,0.0
m27_tiny_endpoint,817,0.0,0.0,-0.000976419449580785,-0.000976419449580785,0.016403127673694947,0.0,0.0
m27_tiny_endpoint,818,0.0,0.0,-0.0007642050521317299,-0.0007642050521317299,0.012838082080794044,0.0,0.0
m27_tiny_endpoint,819,0.0,0.0,-0.0005577550667946879,-0.0005577550667946879,0.009369874366197774,0.0,0.0
m27_tiny_endpoint,820,0.0,0.0,-0.0003993429994311043,-0.0003993429994311043,0.0067086682962710885,0.0,0.0
m27_tiny_endpoint,821,0.0,0.0,-0.0005122859314437636,-0.0005122859314437636,0.008606026377819227,0.0,0.0
m27_tiny_endpoint,822,0.0,0.0,-0.0007108226597686666,-0.0007108226597686666,0.011941297202290951,0.0,0.0
m27_tiny_endpoint,823,0.0,0.0,-0.0009491738304725321,-0.0009491738304725321,0.015945421337579445,0.0,0.0
m27_tiny_endpoint,824,0.0,0.0,-0.0010505742523370977,-0.0010505742523370977,0.01764887374906665,0.0,0.0
m27_tiny_endpoint,825,0.0,0.0,-0.0004090990928765706,-0.0004090990928765706,0.006872563481327284,0.0,0.0
m27_tiny_endpoint,826,1.6653345369377348e-16,1.6653345369377348e-16,1.4820552824930389e-05,1.4820552824930389e-05,-0.00024897437293607336,0.0,0.0
m27_tiny_endpoint,827,3.3306690738754696e-16,3.3306690738754696e-16,7.14825128256269e-09,7.14825128256269e-09,-1.2008535649564009e-07,0.0,0.0
m27_tiny_endpoint,828,4.718447854656915e-16,4.718447854656915e-16,3.0080105073437835e-14,3.0080105073437835e-14,-4.934945810089251e-13,0.0,0.0
m27_tiny_endpoint,829,4.440892098500626e-16,4.440892098500626e-16,7.28583859910259e-16,7.28583859910259e-16,0.0,0.0,0.0
m27_tiny_endpoint,830,5.551115123125783e-16,5.551115123125783e-16,7.355227538141662e-16,7.355227538141662e-16,0.0,0.0,0.0
m27_tiny_endpoint,831,3.3306690738754696e-16,3.3306690738754696e-16,7.355227538141662e-16,7.355227538141662e-16,0.0,0.0,0.0
m27_tiny_endpoint,832,1.1102230246251565e-16,1.1102230246251565e-16,0.0,0.0,0.0,0.0,0.0
m27_tiny_endpoint,833,1.1102230246251565e-16,1.1102230246251565e-16,0.0,0.0,0.0,0.0,0.0
m27_tiny_endpoint,834,0.0,0.0,0.0,0.0,0.0,0.0,0.0
m27_tiny_endpoint,835,0.0,0.0,0.0,0.0,0.0,0.0,0.0
m27_tiny_endpoint,836,0.0,0.0,0.0,0.0,0.0,0.0,0.0
m27_tiny_endpoint,837,0.0,0.0,0.0,0.0,0.0,0.0,0.0
m27_tiny_endpoint,838,0.0,0.0,0.0,0.0,0.0,0.0,0.0
m27_tiny_endpoint,839,1.1102230246251565e-16,1.1102230246251565e-16,7.355227538141662e-16,7.355227538141662e-16,0.0,0.0,0.0
m27_tiny_endpoint,840,1.1102230246251565e-16,1.1102230246251565e-16,7.355227538141662e-16,7.355227538141662e-16,0.0,0.0,0.0
m27_tiny_endpoint,841,3.3306690738754696e-16,3.3306690738754696e-16,0.0,0.0,0.0,0.0,0.0
m27_tiny_endpoint,842,3.3306690738754696e-16,3.3306690738754696e-16,7.355227538141662e-16,7.355227538141662e-16,0.0,0.0,0.0
m27_tiny_endpoint,843,3.3306690738754696e-16,3.3306690738754696e-16,0.0,0.0,0.0,0.0,0.0
m27_tiny_endpoint,844,1.1102230246251565e-16,1.1102230246251565e-16,0.0,0.0,0.0,0.0,0.0
m27_tiny_endpoint,845,0.0,0.0,0.0,0.0,0.0,0.0,0.0
m27_tiny_endpoint,846,0.0,0.0,0.0,0.0,0.0,0.0,0.0
m27_tiny_endpoint,847,0.0,0.0,0.0,0.0,0.0,0.0,0.0
m27_tiny_endpoint,848,0.0,0.0,0.0,0.0,0.0,0.0,0.0
m27_tiny_endpoint,849,0.0,0.0,0.0,0.0,0.0,0.0,0.0
m27_tiny_endpoint,850,1.1102230246251565e-16,1.1102230246251565e-16,0.0,0.0,0.0,0.0,0.0
m27_tiny_endpoint,851,0.0,0.0,0.0,0.0,0.0,0.0,0.0
m27_tiny_endpoint,852,3.3306690738754696e-16,3.3306690738754696e-16,7.355227538141662e-16,7.355227538141662e-16,0.0,0.0,0.0
m27_tiny_endpoint,853,2.220446049250313e-16,2.220446049250313e-16,0.0,0.0,0.0,0.0,0.0
m27_tiny_endpoint,854,3.3306690738754696e-16,3.3306690738754696e-16,0.0,0.0,0.0,0.0,0.0
m27_tiny_endpoint,855,1.1102230246251565e-16,1.1102230246251565e-16,0.0,0.0,0.0,0.0,0.0
m27_tiny_endpoint,856,0.0,0.0,0.0,0.0,0.0,0.0,0.0
m27_tiny_endpoint,857,0.0,0.0,0.0,0.0,0.0,0.0,0.0
m27_tiny_endpoint,858,0.0,0.0,0.0,0.0,0.0,0.0,0.0
m27_tiny_endpoint,859,0.0,0.0,0.0,0.0,0.0,0.0,0.0
m27_tiny_endpoint,860,0.0,0.0,0.0,0.0,0.0,0.0,0.0
m27_tiny_endpoint,861,0.0,0.0,0.0,0.0,0.0,0.0,0.0
m27_tiny_endpoint,862,1.1102230246251565e-16,1.1102230246251565e-16,0.0,0.0,0.0,0.0,0.0
m27_tiny_endpoint,863,3.3306690738754696e-16,3.3306690738754696e-16,7.355227538141662e-16,7.355227538141662e-16,0.0,0.0,0.0
m27_tiny_endpoint,864,3.3306690738754696e-16,3.3306690738754696e-16,0.0,0.0,0.0,0.0,0.0
m27_tiny_endpoint,865,3.3306690738754696e-16,3.3306690738754696e-16,7.355227538141662e-16,7.355227538141662e-16,0.0,0.0,0.0
m27_tiny_endpoint,866,3.3306690738754696e-16,3.3306690738754696e-16,7.355227538141662e-16,7.355227538141662e-16,0.0,0.0,0.0
m27_tiny_endpoint,867,5.551115123125783e-16,5.551115123125783e-16,0.0,0.0,0.0,0.0,0.0
m27_tiny_endpoint,868,4.440892098500626e-16,4.440892098500626e-16,7.355227538141662e-16,7.355227538141662e-16,0.0,0.0,0.0
m27_tiny_endpoint,869,4.440892098500626e-16,4.440892098500626e-16,7.355227538141662e-16,7.355227538141662e-16,0.0,0.0,0.0
m27_tiny_endpoint,870,5.551115123125783e-16,5.551115123125783e-16,7.355227538141662e-16,7.355227538141662e-16,0.0,0.0,0.0
m27_tiny_endpoint,871,6.106226635438361e-16,6.106226635438361e-16,4.85722573273506e-17,4.85722573273506e-17,-4.821637332766439e-16,0.0,0.0
m27_tiny_endpoint,872,4.718447854656915e-16,4.718447854656915e-16,5.737542385642058e-12,5.737542385642058e-12,-9.637450128704215e-11,0.0,0.0
m27_tiny_endpoint,873,3.3306690738754696e-16,3.3306690738754696e-16,3.582218121439551e-07,3.582218121439551e-07,-6.01786262333686e-06,0.0,0.0
m27_tiny_endpoint,874,5.551115123125783e-17,5.551115123125783e-17,4.125357824937004e-06,4.125357824937004e-06,-6.930297336055014e-05,0.0,0.0
m27_tiny_endpoint,875,0.0,0.0,-0.0008354561190734092,-0.0008354561190734092,0.014035047532916895,0.0,0.0
m27_tiny_endpoint,876,0.0,0.0,-0.0011051890056398249,-0.0011051890056398249,0.018566361383788425,0.0,0.0
m27_tiny_endpoint,877,-5.551115123125783e-17,-5.551115123125783e-17,-0.000883780911066806,-0.000883780911066806,0.014846868449856436,0.0,0.0
m27_tiny_endpoint,878,0.0,0.0,-0.000639717719078876,-0.000639717719078876,0.010746786563584505,0.0,0.0
m27_tiny_endpoint,879,0.0,0.0,-0.0007823745985906794,-0.0007823745985906794,0.013143317080430712,0.0,0.0
m27_tiny_endpoint,880,0.0,0.0,-0.0010609665751129121,-0.0010609665751129121,0.017823457118325302,0.0,0.0
m27_tiny_endpoint,881,0.0,0.0,-0.0011369079752137391,-0.0011369079752137391,0.019099216713352216,0.0,0.0
m27_tiny_endpoint,882,5.551115123125783e-17,5.551115123125783e-17,-0.0003149065246626226,-0.0003149065246626226,0.005290197702984802,0.0,0.0
m27_tiny_endpoint,883,2.220446049250313e-16,2.220446049250313e-16,9.650551350062764e-06,9.650551350062764e-06,-0.00016212215558022015,0.0,0.0
m27_tiny_endpoint,884,5.134781488891349e-16,5.134781488891349e-16,1.6918915643482357e-09,1.6918915643482357e-09,-2.8422519874486577e-08,0.0,0.0
m27_tiny_endpoint,885,6.661338147750939e-16,6.661338147750939e-16,6.473988012345444e-15,6.473988012345444e-15,-9.614344841537336e-14,0.0,0.0
m27_tiny_endpoint,886,7.771561172376096e-16,7.771561172376096e-16,7.216449660063518e-16,7.216449660063518e-16,9.64327466553287e-17,0.0,0.0
m27_tiny_endpoint,887,6.661338147750939e-16,6.661338147750939e-16,7.355227538141662e-16,7.355227538141662e-16,0.0,0.0,0.0
m27_tiny_endpoint,888,7.771561172376096e-16,7.771561172376096e-16,7.355227538141662e-16,7.355227538141662e-16,0.0,0.0,0.0
m27_tiny_endpoint,889,8.881784197001252e-16,8.881784197001252e-16,7.355227538141662e-16,7.355227538141662e-16,0.0,0.0,0.0
m27_tiny_endpoint,890,8.881784197001252e-16,8.881784197001252e-16,7.147060721024445e-16,7.147060721024445e-16,4.821637332766433e-16,0.0,0.0
m27_tiny_endpoint,891,7.494005416219807e-16,7.494005416219807e-16,6.652310646781956e-12,6.652310646781956e-12,-1.1174298812518423e-10,0.0,0.0
m27_tiny_endpoint,892,4.718447854656915e-16,4.718447854656915e-16,3.244858299833453e-07,3.244858299833453e-07,-5.451122978112473e-06,0.0,0.0
m27_tiny_endpoint,893,1.1102230246251565e-16,1.1102230246251565e-16,3.4361644202313135e-05,3.4361644202313135e-05,-0.0005772503171369989,0.0,0.0
m27_tiny_endpoint,894,0.0,0.0,-0.0009208519963434594,-0.0009208519963434594,0.015469635381683772,0.0,0.0
m27_tiny_endpoint,895,-1.1102230246251565e-16,-1.1102230246251565e-16,-0.001208974086818939,-0.001208974086818939,0.020309874315588117,0.0,0.0
m27_tiny_endpoint,896,0.0,0.0,-0.000936064242928733,-0.000936064242928733,0.015725189921331883,0.0,0.0
m27_tiny_endpoint,897,0.0,0.0,-0.0010919025629044163,-0.0010919025629044163,0.01834315893056593,0.0,0.0
m27_tiny_endpoint,898,0.0,0.0,-0.0012765411893750737,-0.0012765411893750737,0.021444951879072627,0.0,0.0
m27_tiny_endpoint,899,5.551115123125783e-17,5.551115123125783e-17,-0.00038909708528694215,-0.00038909708528694215,0.006536544484203541,0.0,0.0
m27_tiny_endpoint,900,3.3306690738754696e-16,3.3306690738754696e-16,1.853502003158064e-05,1.853502003158064e-05,-0.0003113746864944658,0.0,0.0
m27_tiny_endpoint,901,8.049116928532385e-16,8.049116928532385e-16,6.0202608800907775e-09,6.0202608800907775e-09,-1.0113593666909636e-07,0.0,0.0
m27_tiny_endpoint,902,1.0547118733938987e-15,1.0547118733938987e-15,5.189598750732216e-14,5.189598750732216e-14,-8.479813577144608e-13,0.0,0.0
m27_tiny_endpoint,903,9.992007221626409e-16,9.992007221626409e-16,7.008282842946301e-16,7.008282842946301e-16,4.821637332766433e-16,0.0,0.0
m27_tiny_endpoint,904,8.881784197001252e-16,8.881784197001252e-16,7.28583859910259e-16,7.28583859910259e-16,0.0,0.0,0.0
m27_tiny_endpoint,905,7.771561172376096e-16,7.771561172376096e-16,7.355227538141662e-16,7.355227538141662e-16,0.0,0.0,0.0
m27_tiny_endpoint,906,4.440892098500626e-16,4.440892098500626e-16,7.355227538141662e-16,7.355227538141662e-16,0.0,0.0,0.0
m27_tiny_endpoint,907,4.440892098500626e-16,4.440892098500626e-16,7.355227538141662e-16,7.355227538141662e-16,0.0,0.0,0.0
m27_tiny_endpoint,908,4.440892098500626e-16,4.440892098500626e-16,0.0,0.0,0.0,0.0,0.0
m27_tiny_endpoint,909,6.661338147750939e-16,6.661338147750939e-16,7.355227538141662e-16,7.355227538141662e-16,0.0,0.0,0.0
m27_tiny_endpoint,910,1.1102230246251565e-15,1.1102230246251565e-15,1.4710455076283324e-15,1.4710455076283324e-15,0.0,0.0,0.0
m27_tiny_endpoint,911,1.1102230246251565e-15,1.1102230246251565e-15,1.457167719820518e-15,1.457167719820518e-15,9.64327466553287e-17,0.0,0.0
m27_tiny_endpoint,912,1.4432899320127035e-15,1.4432899320127035e-15,1.7416623698807143e-15,1.7416623698807143e-15,-1.6875730664682854e-14,0.0,0.0
m27_tiny_endpoint,913,1.214306433183765e-15,1.214306433183765e-15,1.3999544579146317e-10,1.3999544579146317e-10,-2.3517960940494662e-09,0.0,0.0
m27_tiny_endpoint,914,7.216449660063518e-16,7.216449660063518e-16,1.8231695281534233e-06,1.8231695281534233e-06,-3.062790539673768e-05,0.0,0.0
m27_tiny_endpoint,915,1.6653345369377348e-16,1.6653345369377348e-16,4.887400573084372e-05,4.887400573084372e-05,-0.0008210473032602098,0.0,0.0
m27_tiny_endpoint,916,0.0,0.0,-0.001174409839796657,-0.001174409839796657,0.01972922042028223,0.0,0.0
m27_tiny_endpoint,917,0.0,0.0,-0.001237693533281306,-0.001237693533281306,0.020792339865861362,0.0,0.0
m27_tiny_endpoint,918,0.0,0.0,-0.0013881683923807307,-0.0013881683923807307,0.023320206682266344,0.0,0.0
m27_tiny_endpoint,919,5.551115123125783e-17,5.551115123125783e-17,-0.0007712881013934789,-0.0007712881013934789,0.01295707209211417,0.0,0.0
m27_tiny_endpoint,920,4.440892098500626e-16,4.440892098500626e-16,7.964653119900411e-05,7.964653119900411e-05,-0.0013380030688384897,0.0,0.0
m27_tiny_endpoint,921,1.2212453270876722e-15,1.2212453270876722e-15,1.404424046849706e-07,1.404424046849706e-07,-2.3593289588310768e-06,0.0,0.0
m27_tiny_endpoint,922,1.762479051592436e-15,1.762479051592436e-15,7.58967888536688e-12,7.58967888536688e-12,-1.2746398486937204e-10,0.0,0.0
m27_tiny_endpoint,923,1.8318679906315083e-15,1.8318679906315083e-15,1.4432899320127035e-15,1.4432899320127035e-15,3.857309866213147e-16,0.0,0.0
m27_tiny_endpoint,924,1.4432899320127035e-15,1.4432899320127035e-15,7.28583859910259e-16,7.28583859910259e-16,9.64327466553287e-17,0.0,0.0
m27_tiny_endpoint,925,1.3322676295501878e-15,1.3322676295501878e-15,1.4710455076283324e-15,1.4710455076283324e-15,0.0,0.0,0.0
m27_tiny_endpoint,926,1.1102230246251565e-15,1.1102230246251565e-15,7.28583859910259e-16,7.28583859910259e-16,9.64327466553287e-17,0.0,0.0
m27_tiny_endpoint,927,9.992007221626409e-16,9.992007221626409e-16,1.4710455076283324e-15,1.4710455076283324e-15,0.0,0.0,0.0
m27_tiny_endpoint,928,6.661338147750939e-16,6.661338147750939e-16,7.355227538141662e-16,7.355227538141662e-16,0.0,0.0,0.0
m27_tiny_endpoint,929,7.771561172376096e-16,7.771561172376096e-16,7.355227538141662e-16,7.355227538141662e-16,9.64327466553287e-17,0.0,0.0
m27_tiny_endpoint,930,4.440892098500626e-16,4.440892098500626e-16,7.355227538141662e-16,7.355227538141662e-16,0.0,0.0,0.0
m27_tiny_endpoint,931,5.551115123125783e-16,5.551115123125783e-16,7.355227538141662e-16,7.355227538141662e-16,0.0,0.0,0.0
m27_tiny_endpoint,932,3.3306690738754696e-16,3.3306690738754696e-16,0.0,0.0,0.0,0.0,0.0
m27_tiny_endpoint,933,4.440892098500626e-16,4.440892098500626e-16,7.355227538141662e-16,7.355227538141662e-16,0.0,0.0,0.0
m27_tiny_endpoint,934,3.3306690738754696e-16,3.3306690738754696e-16,7.28583859910259e-16,7.28583859910259e-16,0.0,0.0,0.0
m27_tiny_endpoint,935,4.440892098500626e-16,4.440892098500626e-16,0.0,0.0,0.0,0.0,0.0
m27_tiny_endpoint,936,4.440892098500626e-16,4.440892098500626e-16,0.0,0.0,0.0,0.0,0.0
m27_tiny_endpoint,937,3.3306690738754696e-16,3.3306690738754696e-16,7.355227538141662e-16,7.355227538141662e-16,0.0,0.0,0.0
m27_tiny_endpoint,938,3.3306690738754696e-16,3.3306690738754696e-16,0.0,0.0,0.0,0.0,0.0
m27_tiny_endpoint,939,3.3306690738754696e-16,3.3306690738754696e-16,0.0,0.0,0.0,0.0,0.0
m27_tiny_endpoint,940,3.3306690738754696e-16,3.3306690738754696e-16,0.0,0.0,0.0,0.0,0.0
m27_tiny_endpoint,941,3.3306690738754696e-16,3.3306690738754696e-16,0.0,0.0,0.0,0.0,0.0
m27_tiny_endpoint,942,3.3306690738754696e-16,3.3306690738754696e-16,0.0,0.0,0.0,0.0,0.0
m27_tiny_endpoint,943,3.3306690738754696e-16,3.3306690738754696e-16,7.355227538141662e-16,7.355227538141662e-16,0.0,0.0,0.0
m27_tiny_endpoint,944,3.3306690738754696e-16,3.3306690738754696e-16,0.0,0.0,0.0,0.0,0.0
m27_tiny_endpoint,945,4.440892098500626e-16,4.440892098500626e-16,7.355227538141662e-16,7.355227538141662e-16,0.0,0.0,0.0
m27_tiny_endpoint,946,6.661338147750939e-16,6.661338147750939e-16,7.28583859910259e-16,7.28583859910259e-16,0.0,0.0,0.0
m27_tiny_endpoint,947,9.992007221626409e-16,9.992007221626409e-16,7.355227538141662e-16,7.355227538141662e-16,0.0,0.0,0.0
m27_tiny_endpoint,948,1.4432899320127035e-15,1.4432899320127035e-15,1.4710455076283324e-15,1.4710455076283324e-15,9.64327466553287e-17,0.0,0.0
m27_tiny_endpoint,949,1.4432899320127035e-15,1.4432899320127035e-15,1.457167719820518e-15,1.457167719820518e-15,1.9286549331065737e-16,0.0,0.0
m27_tiny_endpoint,950,2.1094237467877974e-15,2.1094237467877974e-15,1.394717674685353e-15,1.394717674685353e-15,1.3500584531745999e-15,0.0,0.0
m27_tiny_endpoint,951,1.6653345369377348e-15,1.6653345369377348e-15,2.157996004115148e-15,2.157996004115148e-15,5.785964799319719e-16,0.0,0.0
m27_tiny_endpoint,952,1.5543122344752192e-15,1.5543122344752192e-15,1.4502288259166107e-15,1.4502288259166107e-15,3.857309866213147e-16,0.0,0.0
m27_tiny_endpoint,953,1.27675647831893e-15,1.27675647831893e-15,1.4502288259166107e-15,1.4502288259166107e-15,3.857309866213147e-16,0.0,0.0
m27_tiny_endpoint,954,1.27675647831893e-15,1.27675647831893e-15,7.632783294297951e-16,7.632783294297951e-16,-2.4108186663832183e-16,0.0,0.0
m27_tiny_endpoint,955,1.1102230246251565e-15,1.1102230246251565e-15,7.494005416219807e-16,7.494005416219807e-16,-2.8929823996598625e-16,0.0,0.0
m27_tiny_endpoint,956,1.0547118733938987e-15,1.0547118733938987e-15,7.563394355258879e-16,7.563394355258879e-16,-5.303801066043082e-16,0.0,0.0
m27_tiny_endpoint,957,7.771561172376096e-16,7.771561172376096e-16,7.28583859910259e-16,7.28583859910259e-16,0.0,0.0,0.0
m27_tiny_endpoint,958,5.551115123125783e-16,5.551115123125783e-16,7.424616477180734e-16,7.424616477180734e-16,-1.9286549331065747e-16,0.0,0.0
m27_tiny_endpoint,959,4.440892098500626e-16,4.440892098500626e-16,0.0,0.0,0.0,0.0,0.0
m27_tiny_endpoint,960,4.440892098500626e-16,4.440892098500626e-16,7.355227538141662e-16,7.355227538141662e-16,0.0,0.0,0.0
m27_tiny_endpoint,961,4.440892098500626e-16,4.440892098500626e-16,7.355227538141662e-16,7.355227538141662e-16,0.0,0.0,0.0
m27_tiny_endpoint,962,3.3306690738754696e-16,3.3306690738754696e-16,-6.938893903907228e-18,-6.938893903907228e-18,9.64327466553287e-17,0.0,0.0
m27_tiny_endpoint,963,4.440892098500626e-16,4.440892098500626e-16,7.355227538141662e-16,7.355227538141662e-16,0.0,0.0,0.0
m27_tiny_endpoint,964,3.3306690738754696e-16,3.3306690738754696e-16,0.0,0.0,0.0,0.0,0.0
m27_tiny_endpoint,965,3.3306690738754696e-16,3.3306690738754696e-16,0.0,0.0,0.0,0.0,0.0
m27_tiny_endpoint,966,4.440892098500626e-16,4.440892098500626e-16,7.355227538141662e-16,7.355227538141662e-16,-9.643274665532872e-17,0.0,0.0
m27_tiny_endpoint,967,4.440892098500626e-16,4.440892098500626e-16,7.355227538141662e-16,7.355227538141662e-16,0.0,0.0,0.0
m27_tiny_endpoint,968,7.771561172376096e-16,7.771561172376096e-16,7.494005416219807e-16,7.494005416219807e-16,-2.8929823996598625e-16,0.0,0.0
m27_tiny_endpoint,969,1.1102230246251565e-15,1.1102230246251565e-15,7.840950111415168e-16,7.840950111415168e-16,-7.232455999149659e-16,0.0,0.0
m27_tiny_endpoint,970,1.27675647831893e-15,1.27675647831893e-15,1.5126788710517758e-15,1.5126788710517758e-15,-6.268128532596371e-16,0.0,0.0
m27_tiny_endpoint,971,1.4432899320127035e-15,1.4432899320127035e-15,1.519617764955683e-15,1.519617764955683e-15,-8.196783465702948e-16,0.0,0.0
m27_tiny_endpoint,972,1.8318679906315083e-15,1.8318679906315083e-15,1.4918621893400541e-15,1.4918621893400541e-15,-5.785964799319727e-16,0.0,0.0
m27_tiny_endpoint,973,2.1649348980190553e-15,2.1649348980190553e-15,2.6645352591003757e-15,2.6645352591003757e-15,-7.859268852409361e-15,0.0,0.0
m27_tiny_endpoint,974,1.7208456881689926e-15,1.7208456881689926e-15,1.700029006457271e-15,1.700029006457271e-15,-3.857309866213166e-15,0.0,0.0
m27_tiny_endpoint,975,1.609823385706477e-15,1.609823385706477e-15,1.6792123247455493e-15,1.6792123247455493e-15,-3.182280639625859e-15,0.0,0.0
m27_tiny_endpoint,976,1.4988010832439613e-15,1.4988010832439613e-15,1.582067810090848e-15,1.582067810090848e-15,-1.7357894397959204e-15,0.0,0.0
m27_tiny_endpoint,977,1.4432899320127035e-15,1.4432899320127035e-15,1.6028844918025698e-15,1.6028844918025698e-15,-2.217953173072566e-15,0.0,0.0
m27_tiny_endpoint,978,1.27675647831893e-15,1.27675647831893e-15,1.519617764955683e-15,1.519617764955683e-15,-8.678947198979593e-16,0.0,0.0
m27_tiny_endpoint,979,1.27675647831893e-15,1.27675647831893e-15,1.5334955527634975e-15,1.5334955527634975e-15,-1.3018420798469396e-15,0.0,0.0
m27_tiny_endpoint,980,9.992007221626409e-16,9.992007221626409e-16,7.840950111415168e-16,7.840950111415168e-16,-7.714619732426304e-16,0.0,0.0
m27_tiny_endpoint,981,9.992007221626409e-16,9.992007221626409e-16,1.519617764955683e-15,1.519617764955683e-15,-7.232455999149659e-16,0.0,0.0
m27_tiny_endpoint,982,6.661338147750939e-16,6.661338147750939e-16,7.563394355258879e-16,7.563394355258879e-16,-2.4108186663832183e-16,0.0,0.0
m27_tiny_endpoint,983,1.27675647831893e-15,1.27675647831893e-15,1.5404344466674047e-15,1.5404344466674047e-15,-1.350058453174604e-15,0.0,0.0
m27_tiny_endpoint,984,1.3877787807814457e-15,1.3877787807814457e-15,1.6028844918025698e-15,1.6028844918025698e-15,-2.6519005330215478e-15,0.0,0.0
m27_tiny_endpoint,985,1.5543122344752192e-15,1.5543122344752192e-15,1.700029006457271e-15,1.700029006457271e-15,-3.953742612868495e-15,0.0,0.0
m27_tiny_endpoint,986,1.609823385706477e-15,1.609823385706477e-15,1.8110513089197866e-15,1.8110513089197866e-15,-5.930613919302756e-15,0.0,0.0
m27_tiny_endpoint,987,1.8318679906315083e-15,1.8318679906315083e-15,2.1788126858268697e-15,2.1788126858268697e-15,-1.15719295986396e-14,0.0,0.0
m27_tiny_endpoint,988,1.6653345369377348e-15,1.6653345369377348e-15,1.887379141862766e-15,1.887379141862766e-15,-6.894941385856057e-15,0.0,0.0
m27_tiny_endpoint,989,1.5543122344752192e-15,1.5543122344752192e-15,1.7416623698807143e-15,1.7416623698807143e-15,-4.4841227194728085e-15,0.0,0.0
m27_tiny_endpoint,990,1.3877787807814457e-15,1.3877787807814457e-15,1.6306400674181987e-15,1.6306400674181987e-15,-2.748333279676877e-15,0.0,0.0
m27_tiny_endpoint,991,1.4432899320127035e-15,1.4432899320127035e-15,1.7486012637846216e-15,1.7486012637846216e-15,-4.725204586111132e-15,0.0,0.0
m27_tiny_endpoint,992,1.609823385706477e-15,1.609823385706477e-15,2.6645352591003757e-15,2.6645352591003757e-15,-7.6664033590987e-15,0.0,0.0
m27_tiny_endpoint,993,1.8318679906315083e-15,1.8318679906315083e-15,2.2273849431542203e-15,2.2273849431542203e-15,-1.2488040691865247e-14,0.0,0.0
m27_tiny_endpoint,994,2.0539125955565396e-15,2.0539125955565396e-15,3.462508058049707e-15,3.462508058049707e-15,-2.1504502504138835e-14,0.0,0.0
m27_tiny_endpoint,995,2.1094237467877974e-15,2.1094237467877974e-15,3.2404634531246757e-15,3.2404634531246757e-15,-1.7068596157993517e-14,0.0,0.0
m27_tiny_endpoint,996,2.55351295663786e-15,2.55351295663786e-15,4.3576253716537394e-15,4.3576253716537394e-15,-3.606584724909444e-14,0.0,0.0
m27_tiny_endpoint,997,2.4980018054066022e-15,2.4980018054066022e-15,2.921274333544943e-15,2.921274333544943e-15,2.8929823996598605e-16,0.0,0.0
m27_tiny_endpoint,998,3.608224830031759e-15,3.608224830031759e-15,4.40619762898109e-15,4.40619762898109e-15,-1.2488040691865247e-14,0.0,0.0
m27_tiny_endpoint,999,2.4980018054066022e-15,2.4980018054066022e-15,2.157996004115148e-15,2.157996004115148e-15,6.750292265873004e-16,0.0,0.0
m27_tiny_endpoint,1000,2.4980018054066022e-15,2.4980018054066022e-15,2.547677346864674e-12,2.547677346864674e-12,-4.2762667559050874e-11,0.0,0.0
m27_tiny_endpoint,1001,1.915134717478395e-15,1.915134717478395e-15,1.7511349689747213e-08,1.7511349689747213e-08,-2.941777409671374e-07,0.0,0.0
m27_tiny_endpoint,1002,9.43689570931383e-16,9.43689570931383e-16,2.648925446136624e-05,2.648925446136624e-05,-0.00044499996705998874,0.0,0.0
m27_tiny_endpoint,1003,1.6653345369377348e-16,1.6653345369377348e-16,-0.000153843452651653,-0.000153843452651653,0.0025844567072999818,0.0,0.0
m27_tiny_endpoint,1004,0.0,0.0,-0.001489451377788012,-0.001489451377788012,0.02502168624775864,0.0,0.0
m27_tiny_endpoint,1005,-5.551115123125783e-17,-5.551115123125783e-17,-0.0014447899734253908,-0.0014447899734253908,0.02427140754513602,0.0,0.0
m27_tiny_endpoint,1006,3.885780586188048e-16,3.885780586188048e-16,0.0002669985131224309,0.0002669985131224309,-0.004485378390713151,0.0,0.0
m27_tiny_endpoint,1007,1.6653345369377348e-15,1.6653345369377348e-15,7.991617326744138e-06,7.991617326744138e-06,-0.000134253285678831,0.0,0.0
m27_tiny_endpoint,1008,2.8727020762175925e-15,2.8727020762175925e-15,7.679497593393592e-09,7.679497593393592e-09,-1.2900985372827007e-07,0.0,0.0
m27_tiny_endpoint,1009,3.524958103184872e-15,3.524958103184872e-15,4.1996475741434836e-12,4.1996475741434836e-12,-7.048939661199279e-11,0.0,0.0
m27_tiny_endpoint,1010,4.718447854656915e-15,4.718447854656915e-15,1.5479145742958167e-11,1.5479145742958167e-11,-2.599638806749742e-10,0.0,0.0
m27_tiny_endpoint,1011,4.1147640850169864e-15,4.1147640850169864e-15,1.0745511327958646e-08,1.0745511327958646e-08,-1.805166160212943e-07,0.0,0.0
m27_tiny_endpoint,1012,2.6645352591003757e-15,2.6645352591003757e-15,4.443812753739118e-06,4.443812753739118e-06,-7.465278158951407e-05,0.0,0.0
m27_tiny_endpoint,1013,8.326672684688674e-16,8.326672684688674e-16,0.00033529485906262646,0.00033529485906262646,-0.00563270670600113,0.0,0.0
m27_tiny_endpoint,1014,-5.551115123125783e-17,-5.551115123125783e-17,-0.0011249362031755111,-0.0011249362031755111,0.018898099759660943,0.0,0.0
m27_tiny_endpoint,1015,-3.3306690738754696e-16,-3.3306690738754696e-16,-0.0005150129264311215,-0.0005150129264311215,0.008651837885317296,0.0,0.0
m27_tiny_endpoint,1016,1.4432899320127035e-15,1.4432899320127035e-15,0.0003039855940855929,0.0003039855940855929,-0.005106734111930487,0.0,0.0
m27_tiny_endpoint,1017,4.08006961549745e-15,4.08006961549745e-15,4.848295716564088e-06,4.848295716564088e-06,-8.144779746164561e-05,0.0,0.0
m27_tiny_endpoint,1018,5.500808142322455e-15,5.500808142322455e-15,2.4060919777413314e-08,2.4060919777413314e-08,-4.0420563399928906e-07,0.0,0.0
m27_tiny_endpoint,1019,4.9404924595819466e-15,4.9404924595819466e-15,3.535852860503397e-11,3.535852860503397e-11,-5.939107237525338e-10,0.0,0.0
m27_tiny_endpoint,1020,3.774758283725532e-15,3.774758283725532e-15,9.783840404509192e-15,9.783840404509192e-15,-1.0279730793459257e-13,0.0,0.0
m27_tiny_endpoint,1021,3.497202527569243e-15,3.497202527569243e-15,4.427014310692812e-14,4.427014310692812e-14,-6.819723843470201e-13,0.0,0.0
m27_tiny_endpoint,1022,2.4980018054066022e-15,2.4980018054066022e-15,6.95971058561895e-15,6.95971058561895e-15,-6.711719167211397e-14,0.0,0.0
m27_tiny_endpoint,1023,2.4424906541753444e-15,2.4424906541753444e-15,7.764622278472189e-15,7.764622278472189e-15,-8.114815631046669e-14,0.0,0.0
m27_tiny_endpoint,1024,3.2751579226442118e-15,3.2751579226442118e-15,7.306655280814311e-14,7.306655280814311e-14,-1.1660165561844723e-12,0.0,0.0
m27_tiny_endpoint,1025,4.829470157119431e-15,4.829470157119431e-15,7.331130147392173e-11,7.331130147392173e-11,-1.2315016253639204e-09,0.0,0.0
m27_tiny_endpoint,1026,5.9674487573602164e-15,5.9674487573602164e-15,3.7166480816586134e-08,3.7166480816586134e-08,-6.243694076525782e-07,0.0,0.0
m27_tiny_endpoint,1027,5.9119376061289586e-15,5.9119376061289586e-15,6.899384296106537e-06,6.899384296106537e-06,-0.00011590457505853617,0.0,0.0
m27_tiny_endpoint,1028,2.6645352591003757e-15,2.6645352591003757e-15,0.0003057603013568236,0.0003057603013568236,-0.005136547887089157,0.0,0.0
m27_tiny_endpoint,1029,-9.992007221626409e-16,-9.992007221626409e-16,8.113779146437516e-05,8.113779146437516e-05,-0.001363055143101434,0.0,0.0
m27_tiny_endpoint,1030,-1.9984014443252818e-15,-1.9984014443252818e-15,0.00033595841415472866,0.00033595841415472866,-0.005643853942926255,0.0,0.0
m27_tiny_endpoint,1031,4.524158825347513e-15,4.524158825347513e-15,0.00032770885244948894,0.00032770885244948894,-0.005505267381520444,0.0,0.0
m27_tiny_endpoint,1032,6.772360450213455e-15,6.772360450213455e-15,8.25727159600026e-06,8.25727159600026e-06,-0.0001387160816753249,0.0,0.0
m27_tiny_endpoint,1033,6.130512764102036e-15,6.130512764102036e-15,5.292676815565889e-08,5.292676815565889e-08,-8.891306158099795e-07,0.0,0.0
m27_tiny_endpoint,1034,4.690692279041286e-15,4.690692279041286e-15,9.228200842370526e-11,9.228200842370526e-11,-1.5501837921510954e-09,0.0,0.0
m27_tiny_endpoint,1035,3.219646771412954e-15,3.219646771412954e-15,8.550798957784878e-14,8.550798957784878e-14,-1.3870404115191354e-12,0.0,0.0
m27_tiny_endpoint,1036,2.3869795029440866e-15,2.3869795029440866e-15,7.299716386910404e-15,7.299716386910404e-15,-8.601801001656173e-14,0.0,0.0
m27_tiny_endpoint,1037,2.0539125955565396e-15,2.0539125955565396e-15,2.8449465006019636e-15,2.8449465006019636e-15,-2.324029194393484e-14,0.0,0.0
m27_tiny_endpoint,1038,1.9984014443252818e-15,1.9984014443252818e-15,2.914335439641036e-15,2.914335439641036e-15,-2.4301052157143514e-14,0.0,0.0
m27_tiny_endpoint,1039,1.887379141862766e-15,1.887379141862766e-15,3.00454106039183e-15,3.00454106039183e-15,-1.3259502665107901e-14,0.0,0.0
m27_tiny_endpoint,1040,1.887379141862766e-15,1.887379141862766e-15,2.248201624865942e-15,2.248201624865942e-15,-1.3452368158418564e-14,0.0,0.0
m27_tiny_endpoint,1041,1.609823385706477e-15,1.609823385706477e-15,1.949829186997931e-15,1.949829186997931e-15,-7.907485225737027e-15,0.0,0.0
m27_tiny_endpoint,1042,1.9984014443252818e-15,1.9984014443252818e-15,3.649858193455202e-15,3.649858193455202e-15,-2.439748490379885e-14,0.0,0.0
m27_tiny_endpoint,1043,2.3869795029440866e-15,2.3869795029440866e-15,7.4870665223159e-15,7.4870665223159e-15,-8.876634329623915e-14,0.0,0.0
m27_tiny_endpoint,1044,3.164135620181696e-15,3.164135620181696e-15,9.010153734223536e-14,9.010153734223536e-14,-1.4639937433503403e-12,0.0,0.0
m27_tiny_endpoint,1045,4.551914400963142e-15,4.551914400963142e-15,9.932558248104684e-11,9.932558248104684e-11,-1.6685228287880277e-09,0.0,0.0
m27_tiny_endpoint,1046,6.00908212078366e-15,6.00908212078366e-15,5.848484583431679e-08,5.848484583431679e-08,-9.825022405933595e-07,0.0,0.0
m27_tiny_endpoint,1047,7.382983113757291e-15,7.382983113757291e-15,9.477002310354088e-06,9.477002310354088e-06,-0.00015920665940018022,0.0,0.0
m27_tiny_endpoint,1048,5.717648576819556e-15,5.717648576819556e-15,0.00033610044872595807,0.00033610044872595807,-0.005646240018989773,0.0,0.0
m27_tiny_endpoint,1049,-2.831068712794149e-15,-2.831068712794149e-15,0.00032390545293752016,0.00032390545293752016,-0.005441373070835769,0.0,0.0
m27_tiny_endpoint,1050,-2.886579864025407e-15,-2.886579864025407e-15,0.000286025216613868,0.000286025216613868,-0.004805012997309391,0.0,0.0
m27_tiny_endpoint,1051,6.938893903907228e-15,6.938893903907228e-15,0.0003405449612358391,0.0003405449612358391,-0.005720904555991064,0.0,0.0
m27_tiny_endpoint,1052,7.396860901565105e-15,7.396860901565105e-15,9.821427982899256e-06,9.821427982899256e-06,-0.00016499275704675095,0.0,0.0
m27_tiny_endpoint,1053,5.88418203051333e-15,5.88418203051333e-15,6.0232356546841e-08,6.0232356546841e-08,-1.0118591320034101e-06,0.0,0.0
m27_tiny_endpoint,1054,4.496403249731884e-15,4.496403249731884e-15,1.0155346008566823e-10,1.0155346008566823e-10,-1.7059487154249738e-09,0.0,0.0
m27_tiny_endpoint,1055,3.0531133177191805e-15,3.0531133177191805e-15,9.239831122442865e-14,9.239831122442865e-14,-1.5028079238792427e-12,0.0,0.0
m27_tiny_endpoint,1056,2.3314683517128287e-15,2.3314683517128287e-15,7.4870665223159e-15,7.4870665223159e-15,-8.891099241622217e-14,0.0,0.0
m27_tiny_endpoint,1057,3.1086244689504383e-15,3.1086244689504383e-15,9.248851684517945e-14,9.248851684517945e-14,-1.5042544150790778e-12,0.0,0.0
m27_tiny_endpoint,1058,4.413136522884997e-15,4.413136522884997e-15,1.0261261285116063e-10,1.0261261285116063e-10,-1.7237418590952194e-09,0.0,0.0
m27_tiny_endpoint,1059,5.814793091474257e-15,5.814793091474257e-15,6.074523684757027e-08,6.074523684757027e-08,-1.020475144159666e-06,0.0,0.0
m27_tiny_endpoint,1060,7.299716386910404e-15,7.299716386910404e-15,9.919674489974883e-06,9.919674489974883e-06,-0.00016664322601209878,0.0,0.0
m27_tiny_endpoint,1061,7.188694084447889e-15,7.188694084447889e-15,0.00034091372482830673,0.00034091372482830673,-0.005727099512771049,0.0,0.0
m27_tiny_endpoint,1062,-2.609024107869118e-15,-2.609024107869118e-15,0.00025770503916042187,0.00025770503916042187,-0.0043292548723346605,0.0,0.0
m27_tiny_endpoint,1063,-2.4424906541753444e-15,-2.4424906541753444e-15,0.00024991748264108216,0.00024991748264108216,-0.004198429657930188,0.0,0.0
m27_tiny_endpoint,1064,7.188694084447889e-15,7.188694084447889e-15,0.0003409008418044923,0.0003409008418044923,-0.005726883087458746,0.0,0.0
m27_tiny_endpoint,1065,7.202571872255703e-15,7.202571872255703e-15,9.947072033993087e-06,9.947072033993087e-06,-0.00016710348457678602,0.0,0.0
m27_tiny_endpoint,1066,5.7245874707234634e-15,5.7245874707234634e-15,6.095513385012685e-08,6.095513385012685e-08,-1.02400127268798e-06,0.0,0.0
m27_tiny_endpoint,1067,4.413136522884997e-15,4.413136522884997e-15,1.026452187136151e-10,1.026452187136151e-10,-1.7242893078001548e-09,0.0,0.0
m27_tiny_endpoint,1068,5.707240235963695e-15,5.707240235963695e-15,6.096083401269103e-08,6.096083401269103e-08,-1.024097031306233e-06,0.0,0.0
m27_tiny_endpoint,1069,7.105427357601002e-15,7.105427357601002e-15,9.959656251702642e-06,9.959656251702642e-06,-0.00016731489016547592,0.0,0.0
m27_tiny_endpoint,1070,7.16093850883226e-15,7.16093850883226e-15,0.0003408836359889908,0.0003408836359889908,-0.005726594042428563,0.0,0.0
m27_tiny_endpoint,1071,-2.4147350785597155e-15,-2.4147350785597155e-15,0.00024774354657387115,0.00024774354657387115,-0.004161909132972473,0.0,0.0
m27_tiny_endpoint,1072,-2.3314683517128287e-15,-2.3314683517128287e-15,0.0002471491871037096,0.0002471491871037096,-0.0041519243315862224,0.0,0.0
m27_tiny_endpoint,1073,7.049916206369744e-15,7.049916206369744e-15,0.0003408738503345235,0.0003408738503345235,-0.005726429650652041,0.0,0.0
m27_tiny_endpoint,1074,7.077671781985373e-15,7.077671781985373e-15,9.96002224958048e-06,9.96002224958048e-06,-0.00016732103866127568,0.0,0.0
m27_tiny_endpoint,1075,6.994405055138486e-15,6.994405055138486e-15,0.0003408734889379719,0.0003408734889379719,-0.005726423579444885,0.0,0.0
m27_tiny_endpoint,1076,-2.3314683517128287e-15,-2.3314683517128287e-15,0.0002468975304308896,0.0002468975304308896,-0.004147696684813504,0.0,0.0
m27_tiny_endpoint,1077,-2.3314683517128287e-15,-2.3314683517128287e-15,0.00024689051519338756,0.00024689051519338756,-0.0041475788339899525,0.0,0.0
m27_tiny_endpoint,1078,4.440892098500626e-16,4.440892098500626e-16,0.0,0.0,9.64327466553287e-17,0.0,0.0
m27_tiny_endpoint,1079,4.440892098500626e-16,4.440892098500626e-16,7.355227538141662e-16,7.355227538141662e-16,0.0,0.0,0.0
m27_tiny_endpoint,1080,3.3306690738754696e-16,3.3306690738754696e-16,0.0,0.0,0.0,0.0,0.0
m27_tiny_endpoint,1081,3.3306690738754696e-16,3.3306690738754696e-16,0.0,0.0,0.0,0.0,0.0
m27_tiny_endpoint,1082,3.3306690738754696e-16,3.3306690738754696e-16,0.0,0.0,0.0,0.0,0.0
m27_tiny_endpoint,1083,4.440892098500626e-16,4.440892098500626e-16,0.0,0.0,-4.821637332766436e-17,0.0,0.0
m27_tiny_endpoint,1084,3.3306690738754696e-16,3.3306690738754696e-16,0.0,0.0,0.0,0.0,0.0
m27_tiny_endpoint,1085,3.3306690738754696e-16,3.3306690738754696e-16,7.355227538141662e-16,7.355227538141662e-16,0.0,0.0,0.0
m27_tiny_endpoint,1086,3.3306690738754696e-16,3.3306690738754696e-16,7.355227538141662e-16,7.355227538141662e-16,0.0,0.0,0.0
m27_tiny_endpoint,1087,3.3306690738754696e-16,3.3306690738754696e-16,7.355227538141662e-16,7.355227538141662e-16,0.0,0.0,0.0
m27_tiny_endpoint,1088,2.220446049250313e-16,2.220446049250313e-16,7.355227538141662e-16,7.355227538141662e-16,0.0,0.0,0.0
m27_tiny_endpoint,1089,0.0,0.0,0.0,0.0,0.0,0.0,0.0
m27_tiny_endpoint,1090,1.1102230246251565e-16,1.1102230246251565e-16,0.0,0.0,0.0,0.0,0.0
m27_tiny_endpoint,1091,0.0,0.0,0.0,0.0,0.0,0.0,0.0
m27_tiny_endpoint,1092,0.0,0.0,0.0,0.0,0.0,0.0,0.0
m27_tiny_endpoint,1093,1.1102230246251565e-16,1.1102230246251565e-16,0.0,0.0,0.0,0.0,0.0
m27_tiny_endpoint,1094,0.0,0.0,0.0,0.0,0.0,0.0,0.0
m27_tiny_endpoint,1095,1.1102230246251565e-16,1.1102230246251565e-16,0.0,0.0,0.0,0.0,0.0
m27_tiny_endpoint,1096,0.0,0.0,0.0,0.0,0.0,0.0,0.0
m27_tiny_endpoint,1097,0.0,0.0,0.0,0.0,0.0,0.0,0.0
m27_tiny_endpoint,1098,0.0,0.0,0.0,0.0,0.0,0.0,0.0
m27_tiny_endpoint,1099,0.0,0.0,0.0,0.0,0.0,0.0,0.0
m27_tiny_endpoint,1100,0.0,0.0,0.0,0.0,0.0,0.0,0.0
m27_tiny_endpoint,1101,0.0,0.0,0.0,0.0,0.0,0.0,0.0
m27_tiny_endpoint,1102,0.0,0.0,0.0,0.0,0.0,0.0,0.0
m27_tiny_endpoint,1103,3.3306690738754696e-16,3.3306690738754696e-16,7.355227538141662e-16,7.355227538141662e-16,0.0,0.0,0.0
m27_tiny_endpoint,1104,4.440892098500626e-16,4.440892098500626e-16,7.355227538141662e-16,7.355227538141662e-16,0.0,0.0,0.0
m27_tiny_endpoint,1105,2.220446049250313e-16,2.220446049250313e-16,0.0,0.0,0.0,0.0,0.0
m27_tiny_endpoint,1106,3.3306690738754696e-16,3.3306690738754696e-16,0.0,0.0,0.0,0.0,0.0
m27_tiny_endpoint,1107,3.3306690738754696e-16,3.3306690738754696e-16,7.355227538141662e-16,7.355227538141662e-16,0.0,0.0,0.0
m27_tiny_endpoint,1108,2.220446049250313e-16,2.220446049250313e-16,7.355227538141662e-16,7.355227538141662e-16,0.0,0.0,0.0
m27_tiny_endpoint,1109,3.3306690738754696e-16,3.3306690738754696e-16,7.355227538141662e-16,7.355227538141662e-16,0.0,0.0,0.0
m27_tiny_endpoint,1110,3.3306690738754696e-16,3.3306690738754696e-16,7.355227538141662e-16,7.355227538141662e-16,0.0,0.0,0.0
m27_tiny_endpoint,1111,3.3306690738754696e-16,3.3306690738754696e-16,7.355227538141662e-16,7.355227538141662e-16,0.0,0.0,0.0
m27_tiny_endpoint,1112,3.3306690738754696e-16,3.3306690738754696e-16,1.3877787807814457e-17,1.3877787807814457e-17,-4.821637332766436e-17,0.0,0.0
m27_tiny_endpoint,1113,0.0,0.0,0.0,0.0,0.0,0.0,0.0
m27_tiny_endpoint,1114,1.3877787807814457e-17,1.3877787807814457e-17,7.350076797196792e-11,7.350076797196792e-11,-1.2347595575025478e-09,0.0,0.0
m27_tiny_endpoint,1115,5.551115123125783e-17,5.551115123125783e-17,1.0435258847862894e-06,1.0435258847862894e-06,-1.753046636703021e-05,0.0,0.0
m27_tiny_endpoint,1116,0.0,0.0,-5.168917306489634e-05,-5.168917306489634e-05,0.0008683400412558727,0.0,0.0
m27_tiny_endpoint,1117,0.0,0.0,-9.299462154489097e-05,-9.299462154489097e-05,0.0015622411565257967,0.0,0.0
m27_tiny_endpoint,1118,0.0,0.0,-0.0005643976068175419,-0.0005643976068175419,0.00948146414671701,0.0,0.0
m27_tiny_endpoint,1119,0.0,0.0,-0.0006781267391969825,-0.0006781267391969825,0.011392029815435627,0.0,0.0
m27_tiny_endpoint,1120,-1.1102230246251565e-16,-1.1102230246251565e-16,-0.0006698718575175941,-0.0006698718575175941,0.011253353882487542,0.0,0.0
m27_tiny_endpoint,1121,0.0,0.0,-0.0006834915819057853,-0.0006834915819057853,0.011482155222032801,0.0,0.0
m27_tiny_endpoint,1122,0.0,0.0,-0.0005323538826142206,-0.0005323538826142206,0.008943153178544327,0.0,0.0
m27_tiny_endpoint,1123,0.0,0.0,-0.0005216442786310643,-0.0005216442786310643,0.008763239718661126,0.0,0.0
m27_tiny_endpoint,1124,0.0,0.0,-0.00037278365201139606,-0.00037278365201139606,0.006262490819122687,0.0,0.0
m27_tiny_endpoint,1125,0.0,0.0,-0.00036496433929099,-0.00036496433929099,0.006131132123909672,0.0,0.0
m27_tiny_endpoint,1126,0.0,0.0,-0.0002376554981519093,-0.0002376554981519093,0.0039924373487382715,0.0,0.0
m27_tiny_endpoint,1127,0.0,0.0,-0.00023423489335336594,-0.00023423489335336594,0.0039349737072111686,0.0,0.0
m27_tiny_endpoint,1128,0.0,0.0,-0.00012237919677333302,-0.00012237919677333302,0.0020558803802390338,0.0,0.0
m27_tiny_endpoint,1129,-1.1102230246251565e-16,-1.1102230246251565e-16,-0.00012063498951992184,-0.00012063498951992184,0.0020265789828965586,0.0,0.0
m27_tiny_endpoint,1130,0.0,0.0,0.0,0.0,0.0,0.0,0.0
m27_tiny_endpoint,1131,0.0,0.0,0.0,0.0,0.0,0.0,0.0
m27_tiny_endpoint,1132,0.0,0.0,-0.00012406399510437108,-0.00012406399510437108,0.002084183751438877,0.0,0.0
m27_tiny_endpoint,1133,0.0,0.0,0.0,0.0,0.0,0.0,0.0
m27_tiny_endpoint,1134,0.0,0.0,-0.00012646210532480696,-0.00012646210532480696,0.0021244702370662805,0.0,0.0
m27_tiny_endpoint,1135,0.0,0.0,0.0,0.0,0.0,0.0,0.0
m27_tiny_endpoint,1136,0.0,0.0,-0.00012978687869522748,-0.00012978687869522748,0.0021803239811755276,0.0,0.0
m27_tiny_endpoint,1137,0.0,0.0,0.0,0.0,0.0,0.0,0.0
m27_tiny_endpoint,1138,0.0,0.0,-0.00013418558287515373,-0.00013418558287515373,0.0022542189719962783,0.0,0.0
m27_tiny_endpoint,1139,0.0,0.0,0.0,0.0,0.0,0.0,0.0
m27_tiny_endpoint,1140,0.0,0.0,-0.00013951378348809468,-0.00013951378348809468,0.002343728818365186,0.0,0.0
m27_tiny_endpoint,1141,0.0,0.0,0.0,0.0,0.0,0.0,0.0
m27_tiny_endpoint,1142,0.0,0.0,-0.0001448620487126493,-0.0001448620487126493,0.0024335757354329588,0.0,0.0
m27_tiny_endpoint,1143,0.0,0.0,0.0,0.0,0.0,0.0,0.0
m27_tiny_endpoint,1144,0.0,0.0,-0.0001476834974623968,-0.0001476834974623968,0.0024809739965869562,0.0,0.0
m27_tiny_endpoint,1145,0.0,0.0,0.0,0.0,0.0,0.0,0.0
m27_tiny_endpoint,1146,0.0,0.0,-0.0002759501213524095,-0.0002759501213524095,0.004635758816622691,0.0,0.0
m27_tiny_endpoint,1147,0.0,0.0,-0.00027287336786763206,-0.00027287336786763206,0.0045840716239386224,0.0,0.0
m27_tiny_endpoint,1148,0.0,0.0,-0.0002654560983887926,-0.0002654560983887926,0.004459466959102493,0.0,0.0
m27_tiny_endpoint,1149,0.0,0.0,-0.00025674449561372686,-0.00025674449561372686,0.004313118448098753,0.0,0.0
m27_tiny_endpoint,1150,0.0,0.0,-0.0002487957521513113,-0.0002487957521513113,0.004179585411743715,0.0,0.0
m27_tiny_endpoint,1151,0.0,0.0,-0.000242420167703275,-0.000242420167703275,0.0040724802882852245,0.0,0.0
m27_tiny_endpoint,1152,0.0,0.0,-0.0003825879358838602,-0.0003825879358838602,0.006427195567860832,0.0,0.0
m27_tiny_endpoint,1153,0.0,0.0,-0.0005401849055637863,-0.0005401849055637863,0.009074708596979137,0.0,0.0
m27_tiny_endpoint,1154,0.0,0.0,-0.0006343216323766304,-0.0006343216323766304,0.010656136280907582,0.0,0.0
m27_tiny_endpoint,1155,0.0,0.0,-0.0004592728979669475,-0.0004592728979669475,0.007715446456599004,0.0,0.0
m27_tiny_endpoint,1156,0.0,0.0,-4.415986730174626e-05,-4.415986730174626e-05,0.0007418532493537672,0.0,0.0
m27_tiny_endpoint,1157,0.0,0.0,-0.00041286281001935016,-0.00041286281001935016,0.006935791157556525,0.0,0.0
m27_tiny_endpoint,1158,0.0,0.0,-0.0005802769809265668,-0.0005802769809265668,0.009748225937463618,0.0,0.0
m27_tiny_endpoint,1159,0.0,0.0,-0.0005394722773419992,-0.0005394722773419992,0.009062736967662246,0.0,0.0
m27_tiny_endpoint,1160,0.0,0.0,-0.00039343483544158203,-0.00039343483544158203,0.00660941549228811,0.0,0.0
m27_tiny_endpoint,1161,0.0,0.0,-0.00040278225384285035,-0.00040278225384285035,0.00676644523756442,0.0,0.0
m27_tiny_endpoint,1162,0.0,0.0,-0.000526272502877418,-0.000526272502877418,0.00884099047756638,0.0,0.0
m27_tiny_endpoint,1163,0.0,0.0,-0.0005468381623979536,-0.0005468381623979536,0.009186478412034009,0.0,0.0
m27_tiny_endpoint,1164,0.0,0.0,-0.0005134101344606359,-0.0005134101344606359,0.008624912160591762,0.0,0.0
m27_tiny_endpoint,1165,0.0,0.0,-0.000407018316613033,-0.000407018316613033,0.0068376079724768385,0.0,0.0
m27_tiny_endpoint,1166,0.0,0.0,-0.0004062863838495724,-0.0004062863838495724,0.006825312041080096,0.0,0.0
m27_tiny_endpoint,1167,0.0,0.0,0.0,0.0,0.0,0.0,0.0
m27_tiny_endpoint,1168,0.0,0.0,-0.0001186203134368926,-0.0001186203134368926,0.0019927339083985088,0.0,0.0
m27_tiny_endpoint,1169,0.0,0.0,0.0,0.0,0.0,0.0,0.0
m27_tiny_endpoint,1170,0.0,0.0,-0.0001162919664338246,-0.0001162919664338246,0.001953619393448545,0.0,0.0
m27_tiny_endpoint,1171,0.0,0.0,0.0,0.0,0.0,0.0,0.0
m27_tiny_endpoint,1172,0.0,0.0,-0.0001136014797803904,-0.0001136014797803904,0.0019084211990645728,0.0,0.0
m27_tiny_endpoint,1173,0.0,0.0,0.0,0.0,0.0,0.0,0.0
m27_tiny_endpoint,1174,0.0,0.0,-0.00011049599729910306,-0.00011049599729910306,0.001856251380395587,0.0,0.0
m27_tiny_endpoint,1175,0.0,0.0,0.0,0.0,0.0,0.0,0.0
m27_tiny_endpoint,1176,0.0,0.0,-0.00010692033641999813,-0.00010692033641999813,0.0017961829109028981,0.0,0.0
m27_tiny_endpoint,1177,0.0,0.0,-0.00020880189873677922,-0.00020880189873677922,0.0035077181276573603,0.0,0.0
m27_tiny_endpoint,1178,0.0,0.0,-0.00032537752875646565,-0.00032537752875646565,0.005466102860441308,0.0,0.0
m27_tiny_endpoint,1179,0.0,0.0,-0.00046743690662460514,-0.00046743690662460514,0.007852595789703347,0.0,0.0
m27_tiny_endpoint,1180,0.0,0.0,-0.000642966930577523,-0.000642966930577523,0.010801370923896794,0.0,0.0
m27_tiny_endpoint,1181,0.0,0.0,-0.0008312416369972049,-0.0008312416369972049,0.013964247337770892,0.0,0.0
m27_tiny_endpoint,1182,0.0,0.0,-0.0008671791568291287,-0.0008671791568291287,0.014567971204939084,0.0,0.0
m27_tiny_endpoint,1183,0.0,0.0,-0.00023641785043133218,-0.00023641785043133218,0.003971645778491996,0.0,0.0
m27_tiny_endpoint,1184,1.1102230246251565e-16,1.1102230246251565e-16,3.472642544091742e-06,3.472642544091742e-06,-5.833783733029175e-05,0.0,0.0
m27_tiny_endpoint,1185,1.6653345369377348e-16,1.6653345369377348e-16,7.85519566059989e-11,7.85519566059989e-11,-1.3196153120895844e-09,0.0,0.0
m27_tiny_endpoint,1186,1.6653345369377348e-16,1.6653345369377348e-16,4.85722573273506e-17,4.85722573273506e-17,-6.268128532596371e-16,0.0,0.0
m27_tiny_endpoint,1187,1.249000902703301e-16,1.249000902703301e-16,2.6038199374411874e-13,2.6038199374411874e-13,-4.374767984787676e-12,0.0,0.0
m27_tiny_endpoint,1188,1.1102230246251565e-16,1.1102230246251565e-16,2.4370679010954355e-07,2.4370679010954355e-07,-4.094094595841881e-06,0.0,0.0
m27_tiny_endpoint,1189,0.0,0.0,-5.87376312949639e-05,-5.87376312949639e-05,0.0009867489487164632,0.0,0.0
m27_tiny_endpoint,1190,0.0,0.0,-0.0007916282880092579,-0.0007916282880092579,0.013298772247826681,0.0,0.0
m27_tiny_endpoint,1191,0.0,0.0,-0.0008317424530827761,-0.0008317424530827761,0.01397266067918745,0.0,0.0
m27_tiny_endpoint,1192,0.0,0.0,-0.0006580335984321048,-0.0006580335984321048,0.011054479848077108,0.0,0.0
m27_tiny_endpoint,1193,0.0,0.0,-0.00048217281892277107,-0.00048217281892277107,0.008100148264121266,0.0,0.0
m27_tiny_endpoint,1194,0.0,0.0,-0.0003362424870861514,-0.0003362424870861514,0.0056486261589362855,0.0,0.0
m27_tiny_endpoint,1195,0.0,0.0,-0.00021563049471344173,-0.00021563049471344173,0.0036224335111755364,0.0,0.0
m27_tiny_endpoint,1196,0.0,0.0,-0.00022145453022273318,-0.00022145453022273318,0.003720273018652979,0.0,0.0
m27_tiny_endpoint,1197,-5.551115123125783e-17,-5.551115123125783e-17,-0.0003453056970800488,-0.0003453056970800488,0.005800881412277079,0.0,0.0
m27_tiny_endpoint,1198,0.0,0.0,-0.0004939383567700399,-0.0004939383567700399,0.008297800635283724,0.0,0.0
m27_tiny_endpoint,1199,0.0,0.0,-0.0006685879778616927,-0.0006685879778616927,0.011231785649778142,0.0,0.0
m27_tiny_endpoint,1200,-1.1102230246251565e-16,-1.1102230246251565e-16,-0.0008255503255648888,-0.0008255503255648888,0.013868637497049585,0.0,0.0
m27_tiny_endpoint,1201,0.0,0.0,-0.000667935603753736,-0.000667935603753736,0.011220826245198531,0.0,0.0
m27_tiny_endpoint,1202,0.0,0.0,1.2703291846632991e-05,1.2703291846632991e-05,-0.00021340594774549876,0.0,0.0
m27_tiny_endpoint,1203,8.326672684688674e-17,8.326672684688674e-17,6.0828796097367466e-09,6.0828796097367466e-09,-1.0218789826723416e-07,0.0,0.0
m27_tiny_endpoint,1204,5.551115123125783e-17,5.551115123125783e-17,7.896613774961703e-06,7.896613774961703e-06,-0.00013265729599801242,0.0,0.0
m27_tiny_endpoint,1205,0.0,0.0,-0.000488582990728334,-0.000488582990728334,0.008207834429713507,0.0,0.0
m27_tiny_endpoint,1206,0.0,0.0,-0.0008053687146474843,-0.0008053687146474843,0.013529601296282666,0.0,0.0
m27_tiny_endpoint,1207,0.0,0.0,-0.0006764028962021329,-0.0006764028962021329,0.011363070522635965,0.0,0.0
m27_tiny_endpoint,1208,0.0,0.0,-0.0005032945324814006,-0.0005032945324814006,0.008454977496926003,0.0,0.0
m27_tiny_endpoint,1209,0.0,0.0,-0.0003528526606478583,-0.0003528526606478583,0.005927664842290758,0.0,0.0
m27_tiny_endpoint,1210,0.0,0.0,-0.00022641389282334733,-0.00022641389282334733,0.0038035866580458533,0.0,0.0
m27_tiny_endpoint,1211,0.0,0.0,-0.0002306364314405467,-0.0002306364314405467,0.003874522197144166,0.0,0.0
m27_tiny_endpoint,1212,-1.1102230246251565e-16,-1.1102230246251565e-16,-0.00035913763059561635,-0.00035913763059561635,0.006033247708880278,0.0,0.0
m27_tiny_endpoint,1213,0.0,0.0,-0.0005115192506464708,-0.0005115192506464708,0.008593146705045566,0.0,0.0
m27_tiny_endpoint,1214,0.0,0.0,-0.0006830092903629299,-0.0006830092903629299,0.01147405307929411,0.0,0.0
m27_tiny_endpoint,1215,0.0,0.0,-0.0007599011405573543,-0.0007599011405573543,0.012765779535937312,0.0,0.0
m27_tiny_endpoint,1216,0.0,0.0,-0.0002664749828895502,-0.0002664749828895502,0.004476583468364213,0.0,0.0
tiny_dozero,0,0.0,0.0,-0.00019156138628361428,-0.00019156138628361428,0.003218090215131363,0.0,0.0
tiny_dozero,1,0.0,0.0,-0.00010282104008719258,-0.00010282104008719258,0.0017273177514220948,0.0,0.0
tiny_dozero,2,0.0,0.0,-0.00018201138788359605,-0.00018201138788359605,0.003057657275059928,0.0,0.0
tiny_dozero,3,0.0,0.0,-0.0002604547781763144,-0.0002604547781763144,0.0043754484627318915,0.0,0.0
tiny_dozero,4,0.0,0.0,-0.00024384713989581384,-0.00024384713989581384,0.004096452370233857,0.0,0.0
tiny_dozero,5,0.0,0.0,-0.00030455712233956513,-0.00030455712233956513,0.00511633536572342,0.0,0.0
tiny_dozero,6,0.0,0.0,-0.00027913904664208285,-0.00027913904664208285,0.004689330413019752,0.0,0.0
tiny_dozero,7,0.0,0.0,-0.00031230274521080147,-0.00031230274521080147,0.005246456125734854,0.0,0.0
tiny_dozero,8,0.0,0.0,-0.00027810067162764573,-0.00027810067162764573,0.0046718864774846726,0.0,0.0
tiny_dozero,9,0.0,0.0,-0.0002756131051024962,-0.0002756131051024962,0.004630097191819833,0.0,0.0
tiny_dozero,10,0.0,0.0,-0.00023573739200822685,-0.00023573739200822685,0.003960214578106567,0.0,0.0
tiny_dozero,11,0.0,0.0,-0.0001977335307810752,-0.0001977335307810752,0.0033217776972432503,0.0,0.0
tiny_dozero,12,0.0,0.0,-0.00015818207352287159,-0.00015818207352287159,0.002657342342778405,0.0,0.0
tiny_dozero,13,-1.1102230246251565e-16,-1.1102230246251565e-16,-9.628843478750259e-05,-9.628843478750259e-05,0.0016175747932901292,0.0,0.0
tiny_dozero,14,0.0,0.0,-6.49107768537667e-05,-6.491077685358282e-05,0.0010904532479207678,-1.8388068845354155e-16,0.0
tiny_dozero,15,0.0,0.0,-1.3752314072990583e-05,-1.3752314072990583e-05,0.00023102874860246288,0.0,0.0
tiny_dozero,16,-1.1102230246251565e-16,-1.1102230246251565e-16,-4.605290401845055e-06,-4.605290401845055e-06,7.736548720617792e-05,0.0,0.0
tiny_dozero,17,-1.6653345369377348e-16,-1.6653345369377348e-16,-5.6755369941785464e-08,-5.6755369941785464e-08,9.534484172180586e-07,0.0,0.0
tiny_dozero,18,-1.6653345369377348e-16,-1.942890293094024e-16,-2.0655479118023783e-09,-2.0655479118023783e-09,3.46996842981852e-08,0.0,0.0
tiny_dozero,19,-3.2612801348363973e-16,-3.122502256758253e-16,-3.9318731998542144e-13,-3.9318731998542144e-13,6.606511040559666e-12,0.0,0.0
tiny_dozero,20,-2.7755575615628914e-16,-3.0531133177191805e-16,-2.2501960615844043e-15,-2.2501960615844043e-15,2.536181237035071e-14,0.0,0.0
tiny_dozero,21,-3.3306690738754696e-16,-3.3306690738754696e-16,0.0,0.0,0.0,0.0,0.0
tiny_dozero,22,-2.7755575615628914e-16,-2.7755575615628914e-16,-5.740296075470359e-18,5.740296075470359e-18,9.64327466553287e-17,-5.740296075470359e-18,5.740296075470359e-18
tiny_dozero,23,-2.7755575615628914e-16,-2.7755575615628914e-16,0.0,0.0,0.0,0.0,0.0
tiny_dozero,24,-2.220446049250313e-16,-2.220446049250313e-16,0.0,0.0,0.0,0.0,0.0
tiny_dozero,25,-1.1102230246251565e-16,-1.1102230246251565e-16,0.0,0.0,0.0,0.0,0.0
tiny_dozero,26,-1.1102230246251565e-16,-1.1102230246251565e-16,0.0,0.0,0.0,0.0,0.0
tiny_dozero,27,-1.1102230246251565e-16,-1.1102230246251565e-16,0.0,0.0,0.0,0.0,0.0
tiny_dozero,28,-5.551115123125783e-17,-5.551115123125783e-17,0.0,0.0,0.0,0.0,0.0
tiny_dozero,29,-5.551115123125783e-17,-5.551115123125783e-17,0.0,0.0,0.0,0.0,0.0
tiny_dozero,30,-5.551115123125783e-17,-5.551115123125783e-17,-7.34757897660214e-16,-7.34757897660214e-16,-9.643274665532872e-17,0.0,0.0
tiny_dozero,31,-1.1102230246251565e-16,-1.1102230246251565e-16,0.0,-2.2961184301881682e-17,0.0,2.2961184301881682e-17,0.0
tiny_dozero,32,-1.1102230246251565e-16,-6.938893903907228e-17,-4.0411684371311705e-15,-4.0411684371311705e-15,6.837081737862268e-14,0.0,0.0
tiny_dozero,33,-9.71445146547012e-17,-5.551115123125783e-17,-3.1227210650559194e-15,-3.1227210650559194e-15,5.188081770056375e-14,0.0,0.0
tiny_dozero,34,-8.326672684688674e-17,-8.326672684688674e-17,-1.6392329298641025e-10,-1.6392329298641025e-10,2.7537897250502034e-09,0.0,0.0
tiny_dozero,35,-5.551115123125783e-17,-2.7755575615628914e-17,-1.9582602167913052e-10,-1.9582583798965561e-10,3.2897316830215944e-09,-9.184473703721067e-17,9.184473786439128e-17
tiny_dozero,36,0.0,0.0,-4.589371466222209e-07,-4.589371466222209e-07,7.709806083630004e-06,0.0,0.0
tiny_dozero,37,0.0,0.0,-2.0939760144825422e-07,-2.0939760144825422e-07,3.517725495570153e-06,0.0,0.0
tiny_dozero,38,-2.7755575615628914e-17,2.7755575615628914e-17,-3.20460983275015e-11,-3.20460983275015e-11,5.383505620799416e-10,0.0,0.0
tiny_dozero,39,-2.7755575615628914e-17,2.7755575615628914e-17,-7.347578976602122e-16,-8.266026348677411e-16,1.282555530515853e-14,4.592236860376445e-17,-4.592236860376445e-17
tiny_dozero,40,2.7755575615628914e-17,0.0,-3.673789488301061e-16,-3.673789488301077e-16,6.460994025906976e-15,-4.592236860376287e-17,-4.592236860376445e-17
tiny_dozero,41,0.0,0.0,0.0,0.0,0.0,0.0,0.0
tiny_dozero,42,0.0,0.0,0.0,0.0,0.0,0.0,0.0
tiny_dozero,43,0.0,0.0,0.0,0.0,0.0,0.0,0.0
tiny_dozero,44,0.0,0.0,0.0,0.0,0.0,0.0,0.0
tiny_dozero,45,0.0,0.0,0.0,0.0,0.0,0.0,0.0
tiny_dozero,46,0.0,0.0,0.0,0.0,0.0,0.0,0.0
tiny_dozero,47,0.0,0.0,0.0,0.0,0.0,0.0,0.0
tiny_dozero,48,0.0,0.0,0.0,0.0,0.0,0.0,0.0
tiny_dozero,49,0.0,0.0,0.0,0.0,0.0,0.0,0.0
tiny_dozero,50,0.0,0.0,0.0,0.0,0.0,0.0,0.0
tiny_dozero,51,0.0,0.0,0.0,0.0,0.0,0.0,0.0
tiny_dozero,52,0.0,0.0,0.0,0.0,0.0,0.0,0.0
tiny_dozero,53,-3.3306690738754696e-16,-3.3306690738754696e-16,0.0,0.0,0.0,0.0,0.0
tiny_dozero,54,-3.885780586188048e-16,-3.885780586188048e-16,0.0,0.0,0.0,0.0,0.0
tiny_dozero,55,-3.885780586188048e-16,-3.885780586188048e-16,-1.377671058112902e-16,-1.377671058112902e-16,2.410818666383211e-15,0.0,0.0
tiny_dozero,56,-3.3306690738754696e-16,-3.469446951953614e-16,-4.7570155034003575e-11,-4.7570155034003575e-11,7.991436674640177e-10,0.0,0.0
tiny_dozero,57,-1.6653345369377348e-16,-1.6653345369377348e-16,-5.787739525178766e-07,-5.787739525178766e-07,9.722976167552994e-06,0.0,0.0
tiny_dozero,58,0.0,0.0,-3.4838904479818334e-05,-3.4838904479818334e-05,0.0005852679383238352,0.0,0.0
tiny_dozero,59,0.0,0.0,-0.00014156341150174103,-0.00014156341150174103,0.0023781610595562663,0.0,0.0
tiny_dozero,60,0.0,0.0,-0.0002499318016462547,-0.0002499318016462547,0.004198670206621828,0.0,0.0
tiny_dozero,61,0.0,0.0,-0.0003256215607212072,-0.0003256215607212072,0.005470202417733613,0.0,0.0
tiny_dozero,62,0.0,0.0,-0.0003533232120802414,-0.0003533232120802414,0.005935569759823327,0.0,0.0
tiny_dozero,63,0.0,0.0,-0.0003338815232239046,-0.0003338815232239046,0.005608963704770177,0.0,0.0
tiny_dozero,64,0.0,0.0,-0.0002790394882208353,-0.0002790394882208353,0.004687657904863036,0.0,0.0
tiny_dozero,65,0.0,0.0,-0.0003670858950719294,-0.0003670858950719294,0.0061667726986221255,0.0,0.0
tiny_dozero,66,0.0,0.0,-0.00040180207151393685,-0.00040180207151393685,0.006749978896288792,0.0,0.0
tiny_dozero,67,0.0,0.0,-0.0003877013379833989,-0.0003877013379833989,0.0065130969573911675,0.0,0.0
tiny_dozero,68,0.0,0.0,-0.000318270243759319,-0.000318270243759319,0.0053467057066151616,0.0,0.0
tiny_dozero,69,0.0,0.0,-0.0002050824330349756,-0.0002050824330349756,0.0034452338430444795,0.0,0.0
tiny_dozero,70,0.0,0.0,-7.704416759185344e-05,-7.704416759185344e-05,0.0012942852767479588,0.0,0.0
tiny_dozero,71,-5.551115123125783e-17,-5.551115123125783e-17,-4.601941267889179e-06,-4.601941267889179e-06,7.730922422268377e-05,0.0,0.0
tiny_dozero,72,-3.608224830031759e-16,-3.885780586188048e-16,-2.200013291155794e-09,-2.200013291155794e-09,3.695859005445019e-08,0.0,0.0
tiny_dozero,73,-5.273559366969494e-16,-5.551115123125783e-16,-1.6164673748524707e-14,-1.611875137992093e-14,2.5892192476948043e-13,-4.592236860377707e-17,0.0
tiny_dozero,74,-4.440892098500626e-16,-4.440892098500626e-16,0.0,0.0,0.0,0.0,0.0
tiny_dozero,75,-3.885780586188048e-16,-3.885780586188048e-16,0.0,0.0,0.0,0.0,0.0
tiny_dozero,76,-2.220446049250313e-16,-2.220446049250313e-16,0.0,0.0,0.0,0.0,0.0
tiny_dozero,77,0.0,0.0,0.0,0.0,0.0,0.0,0.0
tiny_dozero,78,-1.1102230246251565e-16,-1.1102230246251565e-16,0.0,0.0,0.0,0.0,0.0
tiny_dozero,79,0.0,0.0,0.0,0.0,0.0,0.0,0.0
tiny_dozero,80,0.0,0.0,0.0,0.0,0.0,0.0,0.0
tiny_dozero,81,0.0,0.0,0.0,0.0,0.0,0.0,0.0
tiny_dozero,82,0.0,0.0,0.0,0.0,0.0,0.0,0.0
tiny_dozero,83,0.0,0.0,0.0,0.0,0.0,0.0,0.0
tiny_dozero,84,0.0,0.0,0.0,0.0,0.0,0.0,0.0
tiny_dozero,85,-1.1102230246251565e-16,-1.1102230246251565e-16,-7.34757897660214e-16,-7.34757897660214e-16,0.0,0.0,0.0
tiny_dozero,86,-2.220446049250313e-16,-2.220446049250313e-16,0.0,0.0,0.0,0.0,0.0
tiny_dozero,87,-4.440892098500626e-16,-4.440892098500626e-16,0.0,0.0,0.0,0.0,0.0
tiny_dozero,88,-2.220446049250313e-16,-2.220446049250313e-16,0.0,0.0,0.0,0.0,0.0
tiny_dozero,89,0.0,0.0,-7.34757897660214e-16,-7.34757897660214e-16,0.0,0.0,0.0
tiny_dozero,90,-1.1102230246251565e-16,-1.1102230246251565e-16,0.0,0.0,0.0,0.0,0.0
tiny_dozero,91,0.0,0.0,0.0,0.0,0.0,0.0,0.0
tiny_dozero,92,0.0,0.0,0.0,0.0,0.0,0.0,0.0
tiny_dozero,93,0.0,0.0,0.0,0.0,0.0,0.0,0.0
tiny_dozero,94,0.0,0.0,0.0,0.0,0.0,0.0,0.0
tiny_dozero,95,0.0,0.0,0.0,0.0,0.0,0.0,0.0
tiny_dozero,96,-1.1102230246251565e-16,-1.1102230246251565e-16,0.0,0.0,0.0,0.0,0.0
tiny_dozero,97,-3.3306690738754696e-16,-3.3306690738754696e-16,0.0,0.0,0.0,0.0,0.0
tiny_dozero,98,-3.3306690738754696e-16,-3.3306690738754696e-16,0.0,0.0,0.0,0.0,0.0
tiny_dozero,99,-2.220446049250313e-16,-2.220446049250313e-16,0.0,0.0,0.0,0.0,0.0
tiny_dozero,100,-1.1102230246251565e-16,-1.1102230246251565e-16,0.0,0.0,0.0,0.0,0.0
tiny_dozero,101,0.0,0.0,0.0,0.0,0.0,0.0,0.0
tiny_dozero,102,0.0,0.0,0.0,0.0,0.0,0.0,0.0
tiny_dozero,103,0.0,0.0,0.0,0.0,0.0,0.0,0.0
tiny_dozero,104,0.0,0.0,0.0,0.0,0.0,0.0,0.0
tiny_dozero,105,0.0,0.0,0.0,0.0,0.0,0.0,0.0
tiny_dozero,106,0.0,0.0,0.0,0.0,0.0,0.0,0.0
tiny_dozero,107,-1.1102230246251565e-16,-1.1102230246251565e-16,0.0,0.0,0.0,0.0,0.0
tiny_dozero,108,-2.220446049250313e-16,-2.220446049250313e-16,0.0,0.0,0.0,0.0,0.0
tiny_dozero,109,-4.440892098500626e-16,-4.440892098500626e-16,-7.34757897660214e-16,-7.34757897660214e-16,0.0,0.0,0.0
tiny_dozero,110,-2.220446049250313e-16,-2.220446049250313e-16,0.0,0.0,0.0,0.0,0.0
tiny_dozero,111,-3.3306690738754696e-16,-3.3306690738754696e-16,0.0,0.0,0.0,0.0,0.0
tiny_dozero,112,-4.440892098500626e-16,-4.440892098500626e-16,0.0,0.0,0.0,0.0,0.0
tiny_dozero,113,-5.551115123125783e-16,-5.551115123125783e-16,-7.34757897660214e-16,-7.34757897660214e-16,0.0,0.0,0.0
tiny_dozero,114,-4.440892098500626e-16,-4.440892098500626e-16,-7.34757897660214e-16,-7.34757897660214e-16,0.0,0.0,0.0
tiny_dozero,115,-6.106226635438361e-16,-6.106226635438361e-16,0.0,0.0,0.0,0.0,0.0
tiny_dozero,116,-6.661338147750939e-16,-6.661338147750939e-16,-6.888355290564502e-16,-6.888355290564502e-16,-5.303801066043082e-16,0.0,0.0
tiny_dozero,117,-5.906733435701028e-16,-6.054184931159057e-16,-2.466398572970921e-12,-2.466306728233716e-12,4.1420661236141445e-11,-9.184473720523173e-17,0.0
tiny_dozero,118,-3.3306690738754696e-16,-3.3306690738754696e-16,-9.531534354331936e-08,-9.531534354331936e-08,1.6012275651241021e-06,0.0,0.0
tiny_dozero,119,-1.1102230246251565e-16,-1.1102230246251565e-16,-2.5364181839419115e-05,-2.5364181839419115e-05,0.0004260995755662516,0.0,0.0
tiny_dozero,120,0.0,0.0,-0.0001472920988137092,-0.0001472920988137092,0.002474398787533705,0.0,0.0
tiny_dozero,121,0.0,0.0,-0.0002925367761295785,-0.0002925367761295785,0.004914402401719486,0.0,0.0
tiny_dozero,122,0.0,0.0,-0.00040652025076852016,-0.00040652025076852016,0.006829240833089383,0.0,0.0
tiny_dozero,123,0.0,0.0,-0.0004632802077695116,-0.0004632802077695116,0.007782766310117434,0.0,0.0
tiny_dozero,124,0.0,0.0,-0.00045766131705485096,-0.00045766131705485096,0.007688373084113118,0.0,0.0
tiny_dozero,125,0.0,0.0,-0.0005521922282635157,-0.0005521922282635157,0.009276422775599327,0.0,0.0
tiny_dozero,126,0.0,0.0,-0.0005176067620248134,-0.0005176067620248134,0.008695412413084707,0.0,0.0
tiny_dozero,127,0.0,0.0,-0.00041060511025210397,-0.00041060511025210397,0.006897863464140544,0.0,0.0
tiny_dozero,128,0.0,0.0,-0.00025240621859671034,-0.00025240621859671034,0.004240238589116842,0.0,0.0
tiny_dozero,129,-5.551115123125783e-17,-5.551115123125783e-17,-8.662649007133857e-05,-8.662649007133857e-05,0.0014552612375497698,0.0,0.0
tiny_dozero,130,-2.7755575615628914e-16,-2.7755575615628914e-16,-2.6326961358091717e-06,-2.6326961358091717e-06,4.4227356244405566e-05,0.0,0.0
tiny_dozero,131,-6.38378239159465e-16,-6.661338147750939e-16,-5.97155102083788e-10,-5.97155010239051e-10,1.0031753387408565e-08,0.0,9.184473703721067e-17
tiny_dozero,132,-8.326672684688674e-16,-8.881784197001252e-16,-4.7300039661876246e-15,-4.6840815975838665e-15,5.477380010022325e-14,-4.592236860375814e-17,0.0
tiny_dozero,133,-7.216449660063518e-16,-7.216449660063518e-16,-7.117967133583324e-16,-7.117967133583324e-16,-3.8573098662131503e-16,0.0,0.0
tiny_dozero,134,-6.661338147750939e-16,-6.661338147750939e-16,-7.347578976602138e-16,-7.347578976602138e-16,0.0,0.0,0.0
tiny_dozero,135,-7.216449660063518e-16,-7.216449660063518e-16,-7.347578976602142e-16,-7.347578976602142e-16,0.0,0.0,0.0
tiny_dozero,136,-8.326672684688674e-16,-8.326672684688674e-16,-7.347578976602142e-16,-7.347578976602142e-16,-4.821637332766436e-17,0.0,0.0
tiny_dozero,137,-9.992007221626409e-16,-9.992007221626409e-16,-5.281072389432793e-16,-5.281072389432793e-16,-3.2304970129535237e-15,0.0,0.0
tiny_dozero,138,-1.0087417012805133e-15,-1.0330278299441886e-15,-3.099392501805198e-12,-3.0993006570679896e-12,5.205439664142683e-11,-9.184473720846291e-17,0.0
tiny_dozero,139,-6.106226635438361e-16,-6.106226635438361e-16,-9.352501141743565e-08,-9.352501141743565e-08,1.5711513038059562e-06,0.0,0.0
tiny_dozero,140,-2.220446049250313e-16,-2.220446049250313e-16,-2.982576155152191e-05,-2.982576155152191e-05,0.000501050829031405,0.0,0.0
tiny_dozero,141,0.0,0.0,-0.00020300696246078635,-0.00020300696246078635,0.0034103674658696264,0.0,0.0
tiny_dozero,142,0.0,0.0,-0.00040196743049134183,-0.00040196743049134183,0.006752756805335004,0.0,0.0
tiny_dozero,143,0.0,0.0,-0.0005647537593488315,-0.0005647537593488315,0.00948744724695405,0.0,0.0
tiny_dozero,144,0.0,0.0,-0.0006510889750211517,-0.0006510889750209678,0.01093781528910846,0.0,1.8388068845354155e-16
tiny_dozero,145,-5.551115123125783e-17,-5.551115123125783e-17,-0.0007536590618676675,-0.0007536590618676675,0.01266091721088553,0.0,0.0
tiny_dozero,146,0.0,0.0,-0.0006050644458885212,-0.0006050644458885212,0.010164637094217395,0.0,0.0
tiny_dozero,147,0.0,0.0,-0.00038324358221186825,-0.00038324358221186825,0.0064382099433246106,0.0,0.0
tiny_dozero,148,-5.551115123125783e-17,-5.551115123125783e-17,-0.00013560238016567636,-0.00013560238016567636,0.0022780201230825294,0.0,0.0
tiny_dozero,149,-5.551115123125783e-16,-5.551115123125783e-16,-5.1246073801095935e-06,-5.1246073801095935e-06,8.608962999394518e-05,0.0,0.0
tiny_dozero,150,-1.1934897514720433e-15,-1.1934897514720433e-15,-2.1686209436677374e-09,-2.1686209436677374e-09,3.6431222744275815e-08,0.0,0.0
tiny_dozero,151,-1.4432899320127035e-15,-1.4155343563970746e-15,-3.0859831701729e-14,-3.0905754070332754e-14,4.94024961114968e-13,4.5922368603751827e-17,0.0
tiny_dozero,152,-1.1102230246251565e-15,-1.1102230246251565e-15,-1.3776710581129007e-15,-1.3776710581129007e-15,-1.5429239464852621e-15,0.0,0.0
tiny_dozero,153,-8.881784197001252e-16,-8.881784197001252e-16,-7.347578976602142e-16,-7.347578976602142e-16,0.0,0.0,0.0
tiny_dozero,154,-6.661338147750939e-16,-6.661338147750939e-16,-7.347578976602142e-16,-7.347578976602142e-16,0.0,0.0,0.0
tiny_dozero,155,-4.440892098500626e-16,-4.440892098500626e-16,0.0,0.0,0.0,0.0,0.0
tiny_dozero,156,-4.440892098500626e-16,-4.440892098500626e-16,-7.34757897660214e-16,-7.34757897660214e-16,0.0,0.0,0.0
tiny_dozero,157,-4.440892098500626e-16,-4.440892098500626e-16,-7.34757897660214e-16,-7.34757897660214e-16,0.0,0.0,0.0
tiny_dozero,158,-6.661338147750939e-16,-6.661338147750939e-16,-7.347578976602142e-16,-7.347578976602142e-16,0.0,0.0,0.0
tiny_dozero,159,-1.1102230246251565e-15,-1.1102230246251565e-15,-1.469515795320428e-15,-1.469515795320428e-15,0.0,0.0,0.0
tiny_dozero,160,-1.1102230246251565e-15,-1.1102230246251565e-15,-7.117967133583324e-16,-7.117967133583324e-16,-3.375146132936506e-16,0.0,0.0
tiny_dozero,161,-1.8318679906315083e-15,-1.8318679906315083e-15,-2.3879631673956945e-15,-2.433885535999459e-15,3.278713386281164e-15,4.592236860376445e-17,0.0
tiny_dozero,162,-1.887379141862766e-15,-1.8943180357666733e-15,-6.098830376107443e-11,-6.098830376107443e-11,1.0245332256313865e-09,0.0,0.0
tiny_dozero,163,-1.2212453270876722e-15,-1.27675647831893e-15,-5.097251420907476e-07,-5.097251420907476e-07,8.563006989814793e-06,0.0,0.0
tiny_dozero,164,-2.7755575615628914e-16,-2.7755575615628914e-16,-6.800118290645196e-05,-6.800118290645196e-05,0.0011423697936955614,0.0,0.0
tiny_dozero,165,-5.551115123125783e-17,-5.551115123125783e-17,-0.0003480925354117097,-0.0003480925354117097,0.005847698243895646,0.0,0.0
tiny_dozero,166,0.0,0.0,-0.0006388931201122619,-0.0006388931201122619,0.010732933908216282,0.0,0.0
tiny_dozero,167,-1.1102230246251565e-16,-1.1102230246251565e-16,-0.0008583553726796821,-0.0008583553726796821,0.014419738129462177,0.0,0.0
tiny_dozero,168,0.0,0.0,-0.0009629990725596831,-0.0009629990725596831,0.01617767522311353,0.0,0.0
tiny_dozero,169,0.0,0.0,-0.0006747177068232042,-0.0006747177068232042,0.011334760582121803,0.0,0.0
tiny_dozero,170,-1.1102230246251565e-16,-1.1102230246251565e-16,-0.0002925920322445824,-0.0002925920322445824,0.0049153306637577995,0.0,0.0
tiny_dozero,171,-9.43689570931383e-16,-9.43689570931383e-16,-2.4195543775863497e-05,-2.4195543775863497e-05,0.0004064673167326079,0.0,0.0
tiny_dozero,172,-2.192690473634684e-15,-2.248201624865942e-15,-4.490054327529523e-08,-4.490054327529523e-08,7.542960236231095e-07,0.0,0.0
tiny_dozero,173,-2.7478019859472624e-15,-2.7547408798511697e-15,-3.7371623569742634e-12,-3.7371623569742634e-12,6.273220181166697e-11,0.0,0.0
tiny_dozero,174,-2.275957200481571e-15,-2.275957200481571e-15,-1.7220888226411266e-15,-1.745050006943008e-15,-7.811052479081697e-15,2.2961184301881435e-17,0.0
tiny_dozero,175,-1.27675647831893e-15,-1.27675647831893e-15,-7.318877496224785e-16,-7.318877496224785e-16,-4.821637332766436e-17,0.0,0.0
tiny_dozero,176,-1.27675647831893e-15,-1.27675647831893e-15,-1.4695157953204276e-15,-1.4695157953204276e-15,0.0,0.0,0.0
tiny_dozero,177,-1.1102230246251565e-15,-1.1102230246251565e-15,-1.469515795320428e-15,-1.469515795320428e-15,0.0,0.0,0.0
tiny_dozero,178,-1.2212453270876722e-15,-1.2212453270876722e-15,-7.347578976602138e-16,-7.347578976602138e-16,0.0,0.0,0.0
tiny_dozero,179,-7.216449660063518e-16,-7.216449660063518e-16,-1.469515795320428e-15,-1.469515795320428e-15,0.0,0.0,0.0
tiny_dozero,180,-7.216449660063518e-16,-7.216449660063518e-16,-7.347578976602142e-16,-7.347578976602142e-16,0.0,0.0,0.0
tiny_dozero,181,-5.551115123125783e-16,-5.551115123125783e-16,-7.34757897660214e-16,-7.34757897660214e-16,0.0,0.0,0.0
tiny_dozero,182,-5.551115123125783e-16,-5.551115123125783e-16,0.0,0.0,0.0,0.0,0.0
tiny_dozero,183,-3.3306690738754696e-16,-3.3306690738754696e-16,0.0,0.0,0.0,0.0,0.0
tiny_dozero,184,-3.3306690738754696e-16,-3.3306690738754696e-16,-7.34757897660214e-16,-7.34757897660214e-16,0.0,0.0,0.0
tiny_dozero,185,-3.3306690738754696e-16,-3.3306690738754696e-16,-7.347578976602141e-16,-7.347578976602141e-16,0.0,0.0,0.0
tiny_dozero,186,-3.3306690738754696e-16,-3.3306690738754696e-16,0.0,0.0,0.0,0.0,0.0
tiny_dozero,187,-4.440892098500626e-16,-4.440892098500626e-16,-7.347578976602138e-16,-7.347578976602138e-16,0.0,0.0,0.0
tiny_dozero,188,-4.440892098500626e-16,-4.440892098500626e-16,0.0,0.0,0.0,0.0,0.0
tiny_dozero,189,-4.440892098500626e-16,-4.440892098500626e-16,0.0,0.0,0.0,0.0,0.0
tiny_dozero,190,-4.440892098500626e-16,-4.440892098500626e-16,0.0,0.0,-4.821637332766436e-17,0.0,0.0
tiny_dozero,191,-3.3306690738754696e-16,-3.3306690738754696e-16,0.0,0.0,0.0,0.0,0.0
tiny_dozero,192,-4.440892098500626e-16,-4.440892098500626e-16,-7.34757897660214e-16,-7.34757897660214e-16,0.0,0.0,0.0
tiny_dozero,193,-3.3306690738754696e-16,-3.3306690738754696e-16,0.0,0.0,0.0,0.0,0.0
tiny_dozero,194,-4.440892098500626e-16,-4.440892098500626e-16,0.0,0.0,0.0,0.0,0.0
tiny_dozero,195,-4.440892098500626e-16,-4.440892098500626e-16,-7.347578976602138e-16,-7.347578976602138e-16,0.0,0.0,0.0
tiny_dozero,196,-5.551115123125783e-16,-5.551115123125783e-16,0.0,0.0,0.0,0.0,0.0
tiny_dozero,197,-7.771561172376096e-16,-7.771561172376096e-16,-7.404981937356844e-16,-7.404981937356844e-16,9.64327466553287e-17,0.0,0.0
tiny_dozero,198,-1.2212453270876722e-15,-1.2212453270876722e-15,-1.4809963874713688e-15,-1.4809963874713688e-15,9.64327466553287e-17,0.0,0.0
tiny_dozero,199,-1.27675647831893e-15,-1.27675647831893e-15,-1.463775499244957e-15,-1.463775499244957e-15,-1.9286549331065747e-16,0.0,0.0
tiny_dozero,200,-1.5543122344752192e-15,-1.5543122344752192e-15,-1.4580352031694873e-15,-1.4580352031694873e-15,-1.446491199829931e-16,0.0,0.0
tiny_dozero,201,-2.1094237467877974e-15,-2.1094237467877974e-15,-2.1181692518485847e-15,-2.1181692518485847e-15,-1.4464911998299332e-15,0.0,0.0
tiny_dozero,202,-1.7763568394002505e-15,-1.7763568394002505e-15,-2.1583513243768786e-15,-2.1583513243768786e-15,-8.196783465702948e-16,0.0,0.0
tiny_dozero,203,-1.5543122344752192e-15,-1.5543122344752192e-15,-2.158351324376866e-15,-2.158351324376866e-15,-8.678947198979593e-16,0.0,0.0
tiny_dozero,204,-1.3877787807814457e-15,-1.3877787807814457e-15,-1.4350740188676422e-15,-1.4465546110185486e-15,-5.785964799319727e-16,1.1480592150906402e-17,0.0
tiny_dozero,205,-1.27675647831893e-15,-1.27675647831893e-15,-1.4695157953204623e-15,-1.4695157953204623e-15,0.0,0.0,0.0
tiny_dozero,206,-1.1102230246251565e-15,-1.1102230246251565e-15,-1.4924769796223256e-15,-1.4924769796223256e-15,2.8929823996598605e-16,0.0,0.0
tiny_dozero,207,-1.0547118733938987e-15,-1.0547118733938987e-15,-7.806802662639578e-16,-7.806802662639578e-16,6.750292265873004e-16,0.0,0.0
tiny_dozero,208,-6.106226635438361e-16,-6.106226635438361e-16,-7.404981937356844e-16,-7.404981937356844e-16,9.64327466553287e-17,0.0,0.0
tiny_dozero,209,-6.661338147750939e-16,-6.661338147750939e-16,-7.404981937356844e-16,-7.404981937356844e-16,9.64327466553287e-17,0.0,0.0
tiny_dozero,210,-4.440892098500626e-16,-4.440892098500626e-16,0.0,0.0,0.0,0.0,0.0
tiny_dozero,211,-4.440892098500626e-16,-4.440892098500626e-16,-7.34757897660214e-16,-7.34757897660214e-16,0.0,0.0,0.0
tiny_dozero,212,-4.440892098500626e-16,-4.440892098500626e-16,0.0,0.0,0.0,0.0,0.0
tiny_dozero,213,-3.3306690738754696e-16,-3.3306690738754696e-16,0.0,0.0,0.0,0.0,0.0
tiny_dozero,214,-3.3306690738754696e-16,-3.3306690738754696e-16,-7.34757897660214e-16,-7.34757897660214e-16,0.0,0.0,0.0
tiny_dozero,215,-4.440892098500626e-16,-4.440892098500626e-16,0.0,0.0,0.0,0.0,0.0
tiny_dozero,216,-4.440892098500626e-16,-4.440892098500626e-16,-7.290176015847435e-16,-7.290176015847435e-16,-4.821637332766436e-17,0.0,0.0
tiny_dozero,217,-4.440892098500626e-16,-4.440892098500626e-16,-7.34757897660214e-16,-7.34757897660214e-16,0.0,0.0,0.0
tiny_dozero,218,-4.440892098500626e-16,-4.440892098500626e-16,-7.347578976602138e-16,-7.347578976602138e-16,0.0,0.0,0.0
tiny_dozero,219,-7.216449660063518e-16,-7.216449660063518e-16,-7.519787858866255e-16,-7.519787858866255e-16,1.9286549331065737e-16,0.0,0.0
tiny_dozero,220,-9.992007221626409e-16,-9.992007221626409e-16,-7.806802662640082e-16,-7.806802662640082e-16,8.678947198979575e-16,0.0,0.0
tiny_dozero,221,-1.27675647831893e-15,-1.27675647831893e-15,-1.4924769796223761e-15,-1.515438163924189e-15,4.821637332766433e-16,2.2961184301812804e-17,0.0
tiny_dozero,222,-1.5543122344752192e-15,-1.5543122344752192e-15,-1.4695157953204623e-15,-1.4695157953204623e-15,9.64327466553287e-17,0.0,0.0
tiny_dozero,223,-1.942890293094024e-15,-1.942890293094024e-15,-2.169831916527823e-15,-2.169831916527823e-15,-6.268128532596371e-16,0.0,0.0
tiny_dozero,224,-2.275957200481571e-15,-2.275957200481571e-15,-2.5027690889049668e-15,-2.5027690889049668e-15,4.725204586111081e-15,0.0,0.0
tiny_dozero,225,-1.8318679906315083e-15,-1.8318679906315083e-15,-2.3420407987919742e-15,-2.3420407987919742e-15,2.025087679761898e-15,0.0,0.0
tiny_dozero,226,-1.6653345369377348e-15,-1.6653345369377348e-15,-1.5843217168298293e-15,-1.5843217168298293e-15,1.8322221864512418e-15,0.0,0.0
tiny_dozero,227,-1.4988010832439613e-15,-1.4988010832439613e-15,-1.51543816392429e-15,-1.5383993482262037e-15,8.678947198979575e-16,2.296118430191378e-17,0.0
tiny_dozero,228,-1.4432899320127035e-15,-1.4432899320127035e-15,-1.5613605325281175e-15,-1.5613605325281175e-15,1.4464911998299282e-15,0.0,0.0
tiny_dozero,229,-1.3322676295501878e-15,-1.3322676295501878e-15,-7.806802662639578e-16,-7.806802662639578e-16,7.71461973242629e-16,0.0,0.0
tiny_dozero,230,-1.3322676295501878e-15,-1.27675647831893e-15,-7.806802662639578e-16,-8.036414505658715e-16,9.64327466553286e-16,2.296118430191378e-17,0.0
tiny_dozero,231,-1.0547118733938987e-15,-1.0547118733938987e-15,-8.036414505658715e-16,-8.036414505658715e-16,1.0607602132086145e-15,0.0,0.0
tiny_dozero,232,-9.992007221626409e-16,-9.992007221626409e-16,-1.515438163924189e-15,-1.5383993482261027e-15,1.0607602132086145e-15,2.296118430191378e-17,0.0
tiny_dozero,233,-7.216449660063518e-16,-7.216449660063518e-16,-1.4867366835468393e-15,-1.4867366835468393e-15,2.8929823996598605e-16,0.0,0.0
tiny_dozero,234,-1.27675647831893e-15,-1.2212453270876722e-15,-1.5383993482260017e-15,-1.5383993482260017e-15,1.157192959863943e-15,0.0,0.0
tiny_dozero,235,-1.4988010832439613e-15,-1.4988010832439613e-15,-1.5843217168298293e-15,-1.607282901131743e-15,1.92865493310657e-15,2.296118430191378e-17,0.0
tiny_dozero,236,-1.609823385706477e-15,-1.609823385706477e-15,-2.365001983093686e-15,-2.365001983093686e-15,2.6036841596938673e-15,0.0,0.0
tiny_dozero,237,-1.8318679906315083e-15,-1.8318679906315083e-15,-1.6991276383391962e-15,-1.6991276383391962e-15,3.857309866213131e-15,0.0,0.0
tiny_dozero,238,-2.0539125955565396e-15,-2.0539125955565396e-15,-2.686458563320075e-15,-2.686458563320075e-15,8.100350719047535e-15,0.0,0.0
tiny_dozero,239,-1.8318679906315083e-15,-1.8318679906315083e-15,-1.7450500069430238e-15,-1.7450500069430238e-15,4.725204586111081e-15,0.0,0.0
tiny_dozero,240,-1.5543122344752192e-15,-1.5543122344752192e-15,-1.6532052697355706e-15,-1.6532052697355706e-15,3.0858478929705076e-15,0.0,0.0
tiny_dozero,241,-1.4432899320127035e-15,-1.4432899320127035e-15,-1.607282901131743e-15,-1.607282901131743e-15,2.025087679761898e-15,0.0,0.0
tiny_dozero,242,-1.609823385706477e-15,-1.609823385706477e-15,-1.6532052697355706e-15,-1.6761664540374844e-15,3.1822806396258358e-15,2.296118430191378e-17,0.0
tiny_dozero,243,-1.7763568394002505e-15,-1.7763568394002505e-15,-1.7909723755466494e-15,-1.813933559848563e-15,5.593099306009029e-15,2.296118430191378e-17,0.0
tiny_dozero,244,-1.9984014443252818e-15,-1.9984014443252818e-15,-1.9976230342638734e-15,-1.9976230342638734e-15,9.064678185600804e-15,0.0,0.0
tiny_dozero,245,-2.275957200481571e-15,-2.275957200481571e-15,-3.145682249357745e-15,-3.145682249357745e-15,1.5525672211507645e-14,0.0,0.0
tiny_dozero,246,-2.275957200481571e-15,-2.275957200481571e-15,-2.9390315906407228e-15,-2.916070406339011e-15,1.2054093331915922e-14,0.0,2.296118430171183e-17
tiny_dozero,247,-2.7200464103316335e-15,-2.7200464103316335e-15,-4.4774309388669264e-15,-4.4774309388669264e-15,2.5940408850282647e-14,0.0,0.0
tiny_dozero,248,-2.55351295663786e-15,-2.55351295663786e-15,-2.835706261282363e-15,-2.835706261282363e-15,-1.7357894397959204e-15,0.0,0.0
tiny_dozero,249,-3.6637359812630166e-15,-3.6637359812630166e-15,-3.9952460685273934e-15,-3.9952460685273934e-15,5.400233812698374e-15,0.0,0.0
tiny_dozero,250,-2.3869795029440866e-15,-2.3869795029440866e-15,-2.0091036264146473e-15,-2.0091036264146473e-15,-3.2787133862811884e-15,0.0,0.0
tiny_dozero,251,-3.733124920302089e-15,-3.733124920302089e-15,-1.3277993658092145e-12,-1.3277993658092145e-12,2.2244430968654964e-11,0.0,0.0
tiny_dozero,252,-3.552713678800501e-15,-3.552713678800501e-15,-6.05409739685052e-09,-6.054097305005785e-09,1.0170431493189379e-07,0.0,9.184473538284945e-17
tiny_dozero,253,-2.1094237467877974e-15,-2.1094237467877974e-15,-6.6983174122114465e-06,-6.6983174122114465e-06,0.00011252679954771102,0.0,0.0
tiny_dozero,254,-4.440892098500626e-16,-4.440892098500626e-16,-0.00021903813241772106,-0.00021903813241772106,0.0036796793150702827,0.0,0.0
tiny_dozero,255,-1.1102230246251565e-16,-1.1102230246251565e-16,-0.0007074750604273983,-0.0007074750604273983,0.01188505999866962,0.0,0.0
tiny_dozero,256,0.0,0.0,-0.0010958842670485535,-0.0010958842670485535,0.018410048627883868,0.0,0.0
tiny_dozero,257,0.0,0.0,-0.0012586809895546707,-0.0012586809895546707,0.021144913675148272,0.0,0.0
tiny_dozero,258,-1.6653345369377348e-16,-1.6653345369377348e-16,-0.0007316182654841675,-0.0007316182654841675,0.012290648063480401,0.0,0.0
tiny_dozero,259,-1.3322676295501878e-15,-1.3322676295501878e-15,-0.00014415153135845682,-0.00014415153135845682,0.0024216395671278965,0.0,0.0
tiny_dozero,260,-3.885780586188048e-15,-3.885780586188048e-15,-2.0172673011718698e-06,-2.0172673011718698e-06,3.3888604979517754e-05,0.0,0.0
tiny_dozero,261,-5.162537064506978e-15,-5.162537064506978e-15,-2.680936765874504e-09,-2.680936765874504e-09,4.5037677265209995e-08,0.0,0.0
tiny_dozero,262,-4.884981308350689e-15,-4.912736883966318e-15,-2.225168370695354e-12,-2.225168370695354e-12,3.73066473987047e-11,0.0,0.0
tiny_dozero,263,-6.161737786669619e-15,-6.161737786669619e-15,-7.806664895533959e-12,-7.806664895533959e-12,1.3104757034572723e-10,0.0,0.0
tiny_dozero,264,-6.925016116099414e-15,-6.938893903907228e-15,-3.707062724162402e-09,-3.707062724162402e-09,6.227581298405292e-08,0.0,0.0
tiny_dozero,265,-6.2727600891321345e-15,-6.2727600891321345e-15,-1.1085587479852897e-06,-1.1085587479852897e-06,1.8622970474232845e-05,0.0,0.0
tiny_dozero,266,-3.3306690738754696e-15,-3.3306690738754696e-15,-9.071525001336407e-05,-9.071525001336407e-05,0.0015239493933687238,0.0,0.0
tiny_dozero,267,-6.661338147750939e-16,-6.661338147750939e-16,-0.0007394048708059542,-0.0007394048708059542,0.012421457298477191,0.0,0.0
tiny_dozero,268,0.0,0.0,-0.001460665752888092,-0.001460665752888092,0.024538108948469844,0.0,0.0
tiny_dozero,269,-3.3306690738754696e-16,-3.3306690738754696e-16,-0.001704182781889746,-0.001704182781889746,0.028629015698776985,0.0,0.0
tiny_dozero,270,-2.0539125955565396e-15,-2.1094237467877974e-15,-0.0007296192022221096,-0.0007296192022221096,0.012257065272863993,0.0,0.0
tiny_dozero,271,-6.5503158452884236e-15,-6.5503158452884236e-15,-6.692640565162311e-05,-6.692640565162311e-05,0.0011243143272151555,0.0,0.0
tiny_dozero,272,-8.965050923848139e-15,-8.965050923848139e-15,-1.1913312664059978e-06,-1.1913312664059978e-06,2.001348776486345e-05,0.0,0.0
tiny_dozero,273,-8.571268694801404e-15,-8.579942312181288e-15,-8.004208046419927e-09,-8.004208046419927e-09,1.344646520273548e-07,0.0,0.0
tiny_dozero,274,-6.439293542825908e-15,-6.439293542825908e-15,-1.693189876078778e-11,-1.693189876078778e-11,2.843328213148802e-10,0.0,0.0
tiny_dozero,275,-4.107825191113079e-15,-4.107825191113079e-15,-8.036414505658614e-15,-8.0134533213567e-15,7.29995892180777e-14,0.0,2.296118430191378e-17
tiny_dozero,276,-3.941291737419306e-15,-3.941291737419306e-15,-3.228342512844574e-14,-3.228342512844574e-14,4.685667159979894e-13,0.0,0.0
tiny_dozero,277,-2.7200464103316335e-15,-2.7200464103316335e-15,-5.8780631812816474e-15,-5.8780631812816474e-15,4.927713354087018e-14,0.0,0.0
tiny_dozero,278,-2.6645352591003757e-15,-2.6645352591003757e-15,-5.7632572597722805e-15,-5.740296075470569e-15,5.959543743298905e-14,-2.296118430171183e-17,0.0
tiny_dozero,279,-3.774758283725532e-15,-3.774758283725532e-15,-4.9733925197875774e-14,-4.9733925197875774e-14,7.741620901482889e-13,0.0,0.0
tiny_dozero,280,-6.300515664747763e-15,-6.2727600891321345e-15,-3.302227011691161e-11,-3.302227011691161e-11,5.546386315660105e-10,0.0,0.0
tiny_dozero,281,-9.031620937238749e-15,-9.038776671577153e-15,-1.2066838210673333e-08,-1.2066838302518075e-08,2.0271384806544023e-07,0.0,-9.184474200029435e-17
tiny_dozero,282,-1.1518563880485999e-14,-1.1518563880485999e-14,-1.680762604677526e-06,-1.680762604677526e-06,2.8235573771925286e-05,0.0,0.0
tiny_dozero,283,-1.0658141036401503e-14,-1.071365218763276e-14,-6.428361273417443e-05,-6.428361273417443e-05,0.0010799173524027813,0.0,0.0
tiny_dozero,284,-5.495603971894525e-15,-5.551115123125783e-15,-0.0007172983950622224,-0.0007172983950622224,0.012050084786101005,0.0,0.0
tiny_dozero,285,-1.2212453270876722e-15,-1.27675647831893e-15,-0.001959912600083156,-0.00195991260008389,0.03292508831347137,7.337880303381894e-16,0.0
tiny_dozero,286,-3.774758283725532e-15,-3.83026943495679e-15,-0.0021477120750853194,-0.0021477120750851356,0.036079981189465,-1.8388068845354155e-16,0.0
tiny_dozero,287,-1.1046719095020308e-14,-1.1046719095020308e-14,-0.0007166137996920435,-0.0007166137996920435,0.012038584087964283,0.0,0.0
tiny_dozero,288,-1.4960255256823984e-14,-1.5015766408055242e-14,-7.071443036542262e-05,-7.071443036533076e-05,0.0011879503526006177,-9.185902906383436e-17,0.0
tiny_dozero,289,-1.2462253451417382e-14,-1.2434497875801753e-14,-2.009867361510585e-06,-2.009867361510585e-06,3.376429130780081e-05,0.0,0.0
tiny_dozero,290,-9.07867531152462e-15,-9.085614205428527e-15,-1.6780178510655192e-08,-1.6780178510655192e-08,2.818944800919886e-07,0.0,0.0
tiny_dozero,291,-6.050715484207103e-15,-6.050715484207103e-15,-4.058393917594448e-11,-4.058393917594448e-11,6.816819283785644e-10,0.0,0.0
tiny_dozero,292,-3.7192471324942744e-15,-3.7192471324942744e-15,-5.772441733493056e-14,-5.772441733493056e-14,9.08107175252281e-13,0.0,0.0
tiny_dozero,293,-2.609024107869118e-15,-2.609024107869118e-15,-6.704665816149534e-15,-6.704665816149534e-15,6.325988180589103e-14,0.0,0.0
tiny_dozero,294,-2.1649348980190553e-15,-2.1649348980190553e-15,-3.214565802263486e-15,-3.214565802263486e-15,1.7068596157992848e-14,0.0,0.0
tiny_dozero,295,-2.1649348980190553e-15,-2.1649348980190553e-15,-3.2604881708673137e-15,-3.2604881708673137e-15,1.793649087789077e-14,0.0,0.0
tiny_dozero,296,-1.942890293094024e-15,-1.942890293094024e-15,-2.043545402867499e-15,-2.043545402867499e-15,9.73970741218809e-15,0.0,0.0
tiny_dozero,297,-1.9984014443252818e-15,-1.9984014443252818e-15,-2.043545402867499e-15,-2.043545402867499e-15,9.836140158843418e-15,0.0,0.0
tiny_dozero,298,-1.7763568394002505e-15,-1.7763568394002505e-15,-1.813933559848563e-15,-1.813933559848563e-15,5.785964799319684e-15,0.0,0.0
tiny_dozero,299,-2.1649348980190553e-15,-2.1094237467877974e-15,-3.2834493551690255e-15,-3.2834493551690255e-15,1.812935637120142e-14,0.0,0.0
tiny_dozero,300,-2.609024107869118e-15,-2.609024107869118e-15,-6.0847138399986695e-15,-6.0847138399986695e-15,6.528496948565263e-14,0.0,0.0
tiny_dozero,301,-3.608224830031759e-15,-3.608224830031759e-15,-6.047975945115638e-14,-6.038791471394882e-14,9.536234316734986e-13,-4.5922368603726583e-17,4.592236860382756e-17
tiny_dozero,302,-5.9119376061289586e-15,-5.9119376061289586e-15,-4.3302681164393085e-11,-4.330272708676168e-11,7.273549843718496e-10,0.0,-4.592236859615352e-17
tiny_dozero,303,-8.85055917443367e-15,-8.857498068337577e-15,-1.83942770260456e-08,-1.83942770260456e-08,3.090101592529972e-07,0.0,0.0
tiny_dozero,304,-1.2934098236883074e-14,-1.2934098236883074e-14,-2.3025366481581084e-06,-2.3025366480662637e-06,3.868091977388429e-05,-9.184462950373104e-17,0.0
tiny_dozero,305,-1.6819878823071122e-14,-1.6819878823071122e-14,-7.468479479630716e-05,-7.468479479630716e-05,0.0012546495510478298,0.0,0.0
tiny_dozero,306,-1.759703494030873e-14,-1.759703494030873e-14,-0.0007222360913539494,-0.0007222360913539494,0.012133034447261253,0.0,0.0
tiny_dozero,307,-8.659739592076221e-15,-8.659739592076221e-15,-0.0022072944945409328,-0.002207294494540749,0.03708092195705583,-1.8388068845354155e-16,0.0
tiny_dozero,308,-1.5210055437364645e-14,-1.5210055437364645e-14,-0.002183329355576996,-0.0021833293555768123,0.036678325271371284,-1.8388068845354155e-16,0.0
tiny_dozero,309,-2.0816681711721685e-14,-2.0816681711721685e-14,-0.0007244009966045186,-0.0007244009966045186,0.012169403261089107,0.0,0.0
tiny_dozero,310,-1.812439087700568e-14,-1.812439087700568e-14,-7.766415393391696e-05,-7.766415393391696e-05,0.001304700590400073,0.0,0.0
tiny_dozero,311,-1.2781442570997115e-14,-1.27675647831893e-14,-2.384963330180477e-06,-2.384963330180477e-06,4.006562732996666e-05,0.0,0.0
tiny_dozero,312,-8.666678485980128e-15,-8.671882656408059e-15,-1.8894336994674653e-08,-1.8894336994674653e-08,3.1741079789745763e-07,0.0,0.0
tiny_dozero,313,-5.856426454897701e-15,-5.856426454897701e-15,-4.4149122262497645e-11,-4.4149122262497645e-11,7.415741857076242e-10,0.0,0.0
tiny_dozero,314,-3.608224830031759e-15,-3.608224830031759e-15,-6.181150814066546e-14,-6.181150814066546e-14,9.76767290870726e-13,0.0,0.0
tiny_dozero,315,-2.55351295663786e-15,-2.55351295663786e-15,-6.819471737658901e-15,-6.819471737658901e-15,6.547783497896326e-14,0.0,0.0
tiny_dozero,316,-3.552713678800501e-15,-3.552713678800501e-15,-6.185743050926929e-14,-6.185743050926929e-14,9.77635185590622e-13,0.0,0.0
tiny_dozero,317,-5.745404152435185e-15,-5.745404152435185e-15,-4.4540564532476114e-11,-4.4540564532476114e-11,7.481499346907729e-10,0.0,0.0
tiny_dozero,318,-8.553921460041636e-15,-8.55739090699359e-15,-1.9039798760724458e-08,-1.9039798760724458e-08,3.198544626574685e-07,0.0,0.0
tiny_dozero,319,-1.2559397966072083e-14,-1.2559397966072083e-14,-2.4083609407432594e-06,-2.4083609407432594e-06,4.045868996956932e-05,0.0,0.0
tiny_dozero,320,-1.8179902028236938e-14,-1.8179902028236938e-14,-7.839760836436205e-05,-7.839760836427022e-05,0.0013170220846947924,-9.183192400952223e-17,0.0
tiny_dozero,321,-2.348121697082206e-14,-2.348121697082206e-14,-0.0007255600520965546,-0.0007255600520965546,0.012188874539724903,0.0,0.0
tiny_dozero,322,-1.865174681370263e-14,-1.865174681370263e-14,-0.002160726357683501,-0.002160726357683317,0.03629861155256358,-1.8388068845354155e-16,0.0
tiny_dozero,323,-2.1899149160731213e-14,-2.195466031196247e-14,-0.0021436382578403548,-0.002143638257840263,0.03601154405958489,-9.194034422677078e-17,0.0
tiny_dozero,324,-2.3925306180672123e-14,-2.3925306180672123e-14,-0.0007255329585282148,-0.0007255329585282148,0.012188419387728987,0.0,0.0
tiny_dozero,325,-1.7957857423311907e-14,-1.7957857423311907e-14,-7.859144770033745e-05,-7.859144770033745e-05,0.0013202784427747162,0.0,0.0
tiny_dozero,326,-1.2406742300186124e-14,-1.2406742300186124e-14,-2.414859344863153e-06,-2.414859344863153e-06,4.056785837324324e-05,0.0,0.0
tiny_dozero,327,-8.427286646295329e-15,-8.43249081672326e-15,-1.910046900616059e-08,-1.910046900616059e-08,3.2087366500527177e-07,0.0,0.0
tiny_dozero,328,-5.745404152435185e-15,-5.717648576819556e-15,-4.4552366581207316e-11,-4.4552366581207316e-11,7.483482968503011e-10,-4.592236859615352e-17,-4.592236859615352e-17
tiny_dozero,329,-8.3995310706797e-15,-8.403000517631654e-15,-1.9102139570085648e-08,-1.9102139570085648e-08,3.209017407036869e-07,0.0,0.0
tiny_dozero,330,-1.2240208846492351e-14,-1.2240208846492351e-14,-2.4178168681976506e-06,-2.4178168681976506e-06,4.0617542586434184e-05,0.0,0.0
tiny_dozero,331,-1.7791323969618134e-14,-1.7763568394002505e-14,-7.864342241127695e-05,-7.864342241127695e-05,0.0013211515796544586,0.0,0.0
tiny_dozero,332,-2.378652830259398e-14,-2.378652830259398e-14,-0.000725476511632875,-0.000725476511632875,0.012187471121445793,0.0,0.0
tiny_dozero,333,-2.2620794126737565e-14,-2.2676305277968822e-14,-0.0021385747703173575,-0.0021385747703173575,0.0359264811981663,0.0,0.0
tiny_dozero,334,-2.2593038551121936e-14,-2.2648549702353193e-14,-0.002137089152925783,-0.002137089152925691,0.03590152392006311,-9.194034422677078e-17,0.0
tiny_dozero,335,-2.3592239273284576e-14,-2.3564483697668948e-14,-0.0007254549869457265,-0.0007254549869458184,0.012187109522555056,0.0,-9.194034422677078e-17
tiny_dozero,336,-1.7541523789077473e-14,-1.7541523789077473e-14,-7.866664429512032e-05,-7.866664429512032e-05,0.0013215416902011858,0.0,0.0
tiny_dozero,337,-1.2198575483068907e-14,-1.2198575483068907e-14,-2.417902397139659e-06,-2.417902397139659e-06,4.061897941000103e-05,0.0,0.0
tiny_dozero,338,-1.7486012637846216e-14,-1.7513768213461844e-14,-7.866730073159174e-05,-7.866730073159174e-05,0.0013215527178643215,0.0,0.0
tiny_dozero,339,-2.325917236589703e-14,-2.325917236589703e-14,-0.0007254472839278007,-0.0007254472839278007,0.012186980117537416,0.0,0.0
tiny_dozero,340,-2.2398749521812533e-14,-2.245426067304379e-14,-0.0021366712685358478,-0.0021366712685358478,0.035894503770074464,0.0,0.0
tiny_dozero,341,-2.2121193765656244e-14,-2.2176704916887502e-14,-0.0021364875911719892,-0.0021364875911719892,0.03589141812563008,0.0,0.0
tiny_dozero,342,-2.3203661214665772e-14,-2.3203661214665772e-14,-0.0007254470574317904,-0.0007254470574317904,0.012186976312583059,0.0,0.0
tiny_dozero,343,-2.2037927038809357e-14,-2.2093438190040615e-14,-0.002136482314453408,-0.002136482314453316,0.03589132948064281,0.0,9.194034422677078e-17
tiny_dozero,344,-3.3306690738754696e-16,-3.3306690738754696e-16,0.0,0.0,-4.821637332766436e-17,0.0,0.0
tiny_dozero,345,-3.3306690738754696e-16,-3.3306690738754696e-16,-7.34757897660214e-16,-7.34757897660214e-16,0.0,0.0,0.0
tiny_dozero,346,-3.3306690738754696e-16,-3.3306690738754696e-16,0.0,0.0,0.0,0.0,0.0
tiny_dozero,347,-3.3306690738754696e-16,-3.3306690738754696e-16,0.0,0.0,0.0,0.0,0.0
tiny_dozero,348,-3.3306690738754696e-16,-3.3306690738754696e-16,-7.34757897660214e-16,-7.34757897660214e-16,0.0,0.0,0.0
tiny_dozero,349,-3.3306690738754696e-16,-3.3306690738754696e-16,0.0,0.0,0.0,0.0,0.0
tiny_dozero,350,-3.3306690738754696e-16,-3.3306690738754696e-16,0.0,0.0,0.0,0.0,0.0
tiny_dozero,351,-3.3306690738754696e-16,-3.3306690738754696e-16,-1.1480592150940718e-17,-1.1480592150940718e-17,9.64327466553287e-17,0.0,0.0
tiny_dozero,352,-3.3306690738754696e-16,-3.3306690738754696e-16,0.0,0.0,0.0,0.0,0.0
tiny_dozero,353,-2.220446049250313e-16,-2.220446049250313e-16,0.0,0.0,0.0,0.0,0.0
tiny_dozero,354,-3.3306690738754696e-16,-3.3306690738754696e-16,0.0,0.0,0.0,0.0,0.0
tiny_dozero,355,-1.1102230246251565e-16,-1.1102230246251565e-16,0.0,0.0,0.0,0.0,0.0
tiny_dozero,356,0.0,0.0,0.0,0.0,0.0,0.0,0.0
tiny_dozero,357,0.0,0.0,0.0,0.0,0.0,0.0,0.0
tiny_dozero,358,0.0,0.0,0.0,0.0,0.0,0.0,0.0
tiny_dozero,359,-1.1102230246251565e-16,-1.1102230246251565e-16,0.0,0.0,0.0,0.0,0.0
tiny_dozero,360,0.0,0.0,0.0,0.0,0.0,0.0,0.0
tiny_dozero,361,0.0,0.0,0.0,0.0,0.0,0.0,0.0
tiny_dozero,362,0.0,0.0,0.0,0.0,0.0,0.0,0.0
tiny_dozero,363,0.0,0.0,0.0,0.0,0.0,0.0,0.0
tiny_dozero,364,0.0,0.0,0.0,0.0,0.0,0.0,0.0
tiny_dozero,365,0.0,0.0,0.0,0.0,0.0,0.0,0.0
tiny_dozero,366,0.0,0.0,0.0,0.0,0.0,0.0,0.0
tiny_dozero,367,0.0,0.0,0.0,0.0,0.0,0.0,0.0
tiny_dozero,368,0.0,0.0,0.0,0.0,0.0,0.0,0.0
tiny_dozero,369,-2.220446049250313e-16,-2.220446049250313e-16,0.0,0.0,0.0,0.0,0.0
tiny_dozero,370,-2.220446049250313e-16,-2.220446049250313e-16,0.0,0.0,0.0,0.0,0.0
tiny_dozero,371,-3.3306690738754696e-16,-3.3306690738754696e-16,-7.347578976602139e-16,-7.347578976602139e-16,0.0,0.0,0.0
tiny_dozero,372,-4.440892098500626e-16,-4.440892098500626e-16,-7.34757897660214e-16,-7.34757897660214e-16,0.0,0.0,0.0
tiny_dozero,373,-3.3306690738754696e-16,-3.3306690738754696e-16,-7.34757897660214e-16,-7.34757897660214e-16,0.0,0.0,0.0
tiny_dozero,374,-3.3306690738754696e-16,-3.3306690738754696e-16,-7.34757897660214e-16,-7.34757897660214e-16,0.0,0.0,0.0
tiny_dozero,375,-3.3306690738754696e-16,-3.3306690738754696e-16,-7.34757897660214e-16,-7.34757897660214e-16,0.0,0.0,0.0
tiny_dozero,376,-4.440892098500626e-16,-4.440892098500626e-16,0.0,0.0,0.0,0.0,0.0
tiny_dozero,377,-3.3306690738754696e-16,-3.3306690738754696e-16,-7.347578976602138e-16,-7.347578976602138e-16,0.0,0.0,0.0
tiny_dozero,378,-3.3306690738754696e-16,-3.3306690738754696e-16,-7.34757897660214e-16,-7.34757897660214e-16,0.0,0.0,0.0
tiny_dozero,379,0.0,0.0,0.0,0.0,0.0,0.0,0.0
tiny_dozero,380,0.0,0.0,-1.7653017714972647e-11,-1.7652925870235403e-11,2.965564434072415e-10,-9.184473724400583e-17,0.0
tiny_dozero,381,0.0,0.0,-1.461242746523144e-07,-1.4612427446862472e-07,2.4547802002365614e-06,-1.836896825239357e-16,0.0
tiny_dozero,382,0.0,0.0,-6.248154599655789e-06,-6.248154599655789e-06,0.00010496439585222823,0.0,0.0
tiny_dozero,383,0.0,0.0,-1.1194234986161837e-05,-1.1194234986161837e-05,0.00018805490382700036,0.0,0.0
tiny_dozero,384,0.0,0.0,-3.9119264369403325e-05,-3.9119264369403325e-05,0.0006571748322185436,0.0,0.0
tiny_dozero,385,0.0,0.0,-6.448036172951787e-05,-6.448036172951787e-05,0.001083222590813317,0.0,0.0
tiny_dozero,386,0.0,0.0,-0.000102489484422963,-0.000102489484422963,0.0017217478604331894,0.0,0.0
tiny_dozero,387,0.0,0.0,-0.00013614129527558414,-0.00013614129527558414,0.002287073500046156,0.0,0.0
tiny_dozero,388,0.0,0.0,-0.00015615592520464364,-0.00015615592520464364,0.0026233045431835133,0.0,0.0
tiny_dozero,389,0.0,0.0,-0.00017947819933535926,-0.00017947819933535926,0.0030151015730044604,0.0,0.0
tiny_dozero,390,0.0,0.0,-0.0001678942234155387,-0.0001678942234155387,0.0028204993085145396,0.0,0.0
tiny_dozero,391,0.0,0.0,-0.0001793162248613176,-0.0001793162248613176,0.0030123805211252274,0.0,0.0
tiny_dozero,392,0.0,0.0,-0.0001389739525886175,-0.0001389739525886175,0.002334660056808848,0.0,0.0
tiny_dozero,393,0.0,0.0,-0.000143407441651402,-0.000143407441651402,0.0024091394080446547,0.0,0.0
tiny_dozero,394,0.0,0.0,-8.165197462877121e-05,-8.165197462877121e-05,0.001371693041570898,0.0,0.0
tiny_dozero,395,0.0,0.0,-8.365981703480465e-05,-8.365981703480465e-05,0.001405423315325875,0.0,0.0
tiny_dozero,396,0.0,0.0,0.0,0.0,0.0,0.0,0.0
tiny_dozero,397,0.0,0.0,0.0,0.0,0.0,0.0,0.0
tiny_dozero,398,0.0,0.0,-7.968571145485848e-05,-7.968571145485848e-05,0.0013386612682952641,0.0,0.0
tiny_dozero,399,0.0,0.0,0.0,0.0,0.0,0.0,0.0
tiny_dozero,400,0.0,0.0,-7.683089994102053e-05,-7.683089994102053e-05,0.0012907025372740348,0.0,0.0
tiny_dozero,401,0.0,0.0,0.0,0.0,0.0,0.0,0.0
tiny_dozero,402,0.0,0.0,-7.275622395557131e-05,-7.275622395557131e-05,0.0012222509814915075,0.0,0.0
tiny_dozero,403,0.0,0.0,0.0,0.0,0.0,0.0,0.0
tiny_dozero,404,0.0,0.0,-6.713404783912063e-05,-6.713404783912063e-05,0.0011278025631604243,0.0,0.0
tiny_dozero,405,0.0,0.0,0.0,0.0,0.0,0.0,0.0
tiny_dozero,406,0.0,0.0,-5.99118260547571e-05,-5.99118260547571e-05,0.0010064745559514139,0.0,0.0
tiny_dozero,407,0.0,0.0,0.0,0.0,0.0,0.0,0.0
tiny_dozero,408,0.0,0.0,-5.2097640227897254e-05,-5.2097640227897254e-05,0.000875201988779378,0.0,0.0
tiny_dozero,409,0.0,0.0,0.0,0.0,0.0,0.0,0.0
tiny_dozero,410,0.0,0.0,-4.765062093072176e-05,-4.765062093072176e-05,0.0008004953395741393,0.0,0.0
tiny_dozero,411,0.0,0.0,0.0,0.0,0.0,0.0,0.0
tiny_dozero,412,0.0,0.0,-7.087854754375157e-05,-7.087854754375157e-05,0.0011907074005803766,0.0,0.0
tiny_dozero,413,0.0,0.0,-7.974650186609155e-05,-7.974650186590767e-05,0.0013396825024339367,-1.8388068845354155e-16,0.0
tiny_dozero,414,0.0,0.0,-9.584558201918393e-05,-9.584558201918393e-05,0.0016101351929206857,0.0,0.0
tiny_dozero,415,0.0,0.0,-0.00011124445243721566,-0.00011124445243721566,0.0018688248755189092,0.0,0.0
tiny_dozero,416,0.0,0.0,-0.00012352976336885667,-0.00012352976336885667,0.0020752090517134046,0.0,0.0
tiny_dozero,417,0.0,0.0,-0.00013257495105039067,-0.00013257495105039067,0.002227161543482474,0.0,0.0
tiny_dozero,418,0.0,0.0,-0.00015212533845776997,-0.00015212533845776997,0.002555593654139553,0.0,0.0
tiny_dozero,419,0.0,0.0,-0.00012732542689945737,-0.00012732542689945737,0.0021389734037315835,0.0,0.0
tiny_dozero,420,0.0,0.0,-7.031253433755825e-05,-7.031253433755825e-05,0.0011811987955512389,0.0,0.0
tiny_dozero,421,0.0,0.0,-2.408134311374392e-05,-2.408134311374392e-05,0.0004045488297235911,0.0,0.0
tiny_dozero,422,0.0,0.0,-4.846718476443054e-06,-4.846718476443054e-06,8.142130106362076e-05,0.0,0.0
tiny_dozero,423,0.0,0.0,-1.874200309550278e-05,-1.874200309550278e-05,0.00031485184955083045,0.0,0.0
tiny_dozero,424,0.0,0.0,-4.660354995461883e-05,-4.660354995461883e-05,0.0007829053182840898,0.0,0.0
tiny_dozero,425,0.0,0.0,-9.593639728471296e-05,-9.593639728471296e-05,0.0016116608224989997,0.0,0.0
tiny_dozero,426,0.0,0.0,-0.00013146916710614614,-0.00013146916710614614,0.0022085851875683557,0.0,0.0
tiny_dozero,427,0.0,0.0,-0.00010693904734378722,-0.00010693904734378722,0.0017964972406448473,0.0,0.0
tiny_dozero,428,0.0,0.0,-6.882083465280524e-05,-6.882083465280524e-05,0.0011561393394040947,0.0,0.0
tiny_dozero,429,0.0,0.0,-3.702814293288746e-05,-3.702814293288746e-05,0.000622045532081102,0.0,0.0
tiny_dozero,430,0.0,0.0,-5.649162231646516e-05,-5.649162231646516e-05,0.0009490176519403389,0.0,0.0
tiny_dozero,431,0.0,0.0,-8.312666640589595e-05,-8.312666640589595e-05,0.0013964667773972634,0.0,0.0
tiny_dozero,432,0.0,0.0,-7.102697470358658e-05,-7.102697470358658e-05,0.0011932008675579462,0.0,0.0
tiny_dozero,433,0.0,0.0,0.0,0.0,0.0,0.0,0.0
tiny_dozero,434,0.0,0.0,-8.594691408309475e-05,-8.594691408309475e-05,0.001443844861417259,0.0,0.0
tiny_dozero,435,0.0,0.0,0.0,0.0,0.0,0.0,0.0
tiny_dozero,436,0.0,0.0,-8.854898491439172e-05,-8.854898491439172e-05,0.0014875577350991578,0.0,0.0
tiny_dozero,437,0.0,0.0,0.0,0.0,0.0,0.0,0.0
tiny_dozero,438,0.0,0.0,-9.150325108384311e-05,-9.150325108384311e-05,0.001537187231093864,0.0,0.0
tiny_dozero,439,0.0,0.0,0.0,0.0,0.0,0.0,0.0
tiny_dozero,440,0.0,0.0,-9.484637723537791e-05,-9.484637723537791e-05,0.001593349288409757,0.0,0.0
tiny_dozero,441,0.0,0.0,0.0,0.0,0.0,0.0,0.0
tiny_dozero,442,0.0,0.0,-9.861111552576188e-05,-9.861111552576188e-05,0.0016565941191666203,0.0,0.0
tiny_dozero,443,0.0,0.0,0.0,0.0,0.0,0.0,0.0
tiny_dozero,444,0.0,0.0,-0.0001734318787885809,-0.0001734318787885809,0.0029135278406028564,0.0,0.0
tiny_dozero,445,0.0,0.0,-0.0002292093113004613,-0.0002292093113004613,0.003850547629785267,0.0,0.0
tiny_dozero,446,0.0,0.0,-0.00025735470123595516,-0.00025735470123595516,0.004323369453170371,0.0,0.0
tiny_dozero,447,0.0,0.0,-0.00024980286695712103,-0.00024980286695712103,0.004196504198797575,0.0,0.0
tiny_dozero,448,0.0,0.0,-0.00020408515307916795,-0.00020408515307916795,0.003428480274231582,0.0,0.0
tiny_dozero,449,0.0,0.0,-0.0001283883993064951,-0.0001283883993064951,0.0021568305573502677,0.0,0.0
tiny_dozero,450,0.0,0.0,-4.1947576331944486e-05,-4.1947576331944486e-05,0.0007046883902900864,0.0,0.0
tiny_dozero,451,-1.1102230246251565e-16,-1.1102230246251565e-16,-8.007172236120992e-07,-8.007172236120992e-07,1.345145967127312e-05,0.0,0.0
tiny_dozero,452,-2.0816681711721685e-16,-1.942890293094024e-16,-2.768411622330436e-11,-2.768411622330436e-11,4.6507305377064985e-10,0.0,0.0
tiny_dozero,453,-2.220446049250313e-16,-2.7755575615628914e-16,-2.296118430188183e-17,-2.296118430188183e-17,4.821637332766433e-16,0.0,0.0
tiny_dozero,454,-1.8735013540549517e-16,-1.3877787807814457e-16,-1.1058106359786247e-13,-1.1058106359786247e-13,1.857005402337695e-12,0.0,0.0
tiny_dozero,455,-1.6653345369377348e-16,-1.6653345369377348e-16,-5.722875920902157e-08,-5.722875920902157e-08,9.61401009554911e-07,0.0,0.0
tiny_dozero,456,0.0,0.0,-2.070687469306391e-05,-2.070687469306391e-05,0.0003478602453668189,0.0,0.0
tiny_dozero,457,0.0,0.0,-0.00010365922072382147,-0.00010365922072382147,0.001741398568841853,0.0,0.0
tiny_dozero,458,0.0,0.0,-0.00017898397174799215,-0.00017898397174799215,0.003006798913509192,0.0,0.0
tiny_dozero,459,0.0,0.0,-0.00022646282974048918,-0.00022646282974048918,0.0038044087622112898,0.0,0.0
tiny_dozero,460,0.0,0.0,-0.0002388015985107135,-0.0002388015985107135,0.004011690990729367,0.0,0.0
tiny_dozero,461,0.0,0.0,-0.00021642130509161653,-0.00021642130509161653,0.0036357185431419308,0.0,0.0
tiny_dozero,462,0.0,0.0,-0.00016580256457342322,-0.00016580256457342322,0.0027853609803583225,0.0,0.0
tiny_dozero,463,0.0,0.0,-0.00015906521339973702,-0.00015906521339973702,0.0026721784423271674,0.0,0.0
tiny_dozero,464,0.0,0.0,-0.00020530928396347414,-0.00020530928396347414,0.0034490447715835497,0.0,0.0
tiny_dozero,465,0.0,0.0,-0.0002230459832684526,-0.0002230459832684526,0.0037470082578014477,0.0,0.0
tiny_dozero,466,0.0,0.0,-0.00020721316708038114,-0.00020721316708038114,0.003481028605842008,0.0,0.0
tiny_dozero,467,0.0,0.0,-0.00015684691271155128,-0.00015684691271155128,0.002634912624423176,0.0,0.0
tiny_dozero,468,0.0,0.0,-7.495145435856138e-05,-7.495145435856138e-05,0.0012591292355976526,0.0,0.0
tiny_dozero,469,0.0,0.0,-7.061307108765358e-06,-7.061307108765358e-06,0.00011862475916061319,0.0,0.0
tiny_dozero,470,-1.1102230246251565e-16,-1.1102230246251565e-16,-1.647156926411414e-09,-1.647156926411414e-09,2.767102379169319e-08,0.0,0.0
tiny_dozero,471,-5.551115123125783e-17,-5.551115123125783e-17,-1.7267072969712733e-06,-1.7267072969712733e-06,2.900741096573858e-05,0.0,0.0
tiny_dozero,472,0.0,0.0,-4.64794654132059e-05,-4.64794654132059e-05,0.0007808207893699366,0.0,0.0
tiny_dozero,473,0.0,0.0,-0.00012880732417468914,-0.00012880732417450526,0.0021638681866196956,-1.8388068845354155e-16,0.0
tiny_dozero,474,0.0,0.0,-0.00018951839408290656,-0.00018951839408290656,0.0031837694507123237,0.0,0.0
tiny_dozero,475,0.0,0.0,-0.00020967421191175374,-0.00020967421191175374,0.0035223723465857303,0.0,0.0
tiny_dozero,476,0.0,0.0,-0.00019568200482991596,-0.00019568200482991596,0.003287313572102391,0.0,0.0
tiny_dozero,477,0.0,0.0,-0.00015314266380649783,-0.00015314266380649783,0.002572683970793827,0.0,0.0
tiny_dozero,478,0.0,0.0,-0.0001479510781776782,-0.0001479510781776782,0.0024854691555495734,0.0,0.0
tiny_dozero,479,0.0,0.0,-0.0001873516805615573,-0.0001873516805615573,0.003147370259217582,0.0,0.0
tiny_dozero,480,0.0,0.0,-0.00019702251582164824,-0.00019702251582164824,0.0033098331695477832,0.0,0.0
tiny_dozero,481,0.0,0.0,-0.0001658627369884218,-0.0001658627369884218,0.002786371832615509,0.0,0.0
tiny_dozero,482,0.0,0.0,-9.647092831944907e-05,-9.647092831944907e-05,0.0016206405502273468,0.0,0.0
tiny_dozero,483,0.0,0.0,-2.4160619967921034e-05,-2.4160619967921034e-05,0.0004058806224935171,0.0,0.0
tiny_dozero,759,0.0,0.0,-0.00020082405911033257,-0.00020082405911033257,0.003373696297173071,0.0,0.0
tiny_dozero,760,0.0,0.0,-0.0002970397860358777,-0.0002970397860358777,0.004990049651926902,0.0,0.0
tiny_dozero,761,0.0,0.0,-0.00031240762976658676,-0.00031240762976658676,0.005248218109028964,0.0,0.0
tiny_dozero,762,0.0,0.0,-0.0004265924822635797,-0.0004265924822635797,0.007166439540108866,0.0,0.0
tiny_dozero,763,0.0,0.0,-0.00044911580865285815,-0.00044911580865285815,0.0075448148362597285,0.0,0.0
tiny_dozero,764,0.0,0.0,-0.0005940909921685351,-0.0005940909921685351,0.009980291153069039,0.0,0.0
tiny_dozero,765,0.0,0.0,-0.0006220951480551962,-0.0006220951480551962,0.010450740348440865,0.0,0.0
tiny_dozero,766,0.0,0.0,-0.0008005804451794302,-0.0008005804451794302,0.013449161895517479,0.0,0.0
tiny_dozero,767,0.0,0.0,-0.0008219779567189521,-0.0008219779567189521,0.013808624331287865,0.0,0.0
tiny_dozero,768,0.0,0.0,-0.0009670495267620517,-0.0009670495267620517,0.016245719870775093,0.0,0.0
tiny_dozero,769,-1.1102230246251565e-16,-1.1102230246251565e-16,-0.0009269040934199828,-0.0009269040934199828,0.015571306155531203,0.0,0.0
tiny_dozero,770,0.0,0.0,-0.0006675959043189739,-0.0006675959043189739,0.011215119544865626,0.0,0.0
tiny_dozero,771,0.0,0.0,-0.0004361470470540599,-0.0004361470470540599,0.007326949192177316,0.0,0.0
tiny_dozero,772,0.0,0.0,8.661070334640975e-06,8.661070334640975e-06,-0.00014549960321899125,0.0,0.0
tiny_dozero,773,5.551115123125783e-17,5.551115123125783e-17,1.4546496104529683e-05,1.4546496104529683e-05,-0.0002443704218628905,0.0,0.0
tiny_dozero,774,1.6653345369377348e-16,1.6653345369377348e-16,2.1843006551419686e-07,2.18430065701547e-07,-3.6694642391522925e-06,0.0,1.8735013540549517e-16
tiny_dozero,775,1.6653345369377348e-16,2.220446049250313e-16,6.914849193240258e-09,6.914849103034637e-09,-1.1616437343115103e-07,0.0,-9.020562075079397e-17
tiny_dozero,776,2.914335439641036e-16,2.7755575615628914e-16,8.785888683249254e-13,8.785888683249254e-13,-1.475864614486221e-11,0.0,0.0
tiny_dozero,777,2.7755575615628914e-16,2.7755575615628914e-16,3.3514857555871913e-15,3.3514857555871913e-15,-4.392511610150445e-14,-4.163336342344337e-17,-4.163336342344337e-17
tiny_dozero,778,3.3306690738754696e-16,3.3306690738754696e-16,7.632783294297951e-16,7.632783294297951e-16,-1.446491199829931e-16,0.0,0.0
tiny_dozero,779,2.220446049250313e-16,2.220446049250313e-16,7.355227538141662e-16,7.355227538141662e-16,0.0,0.0,0.0
tiny_dozero,780,3.3306690738754696e-16,3.3306690738754696e-16,7.355227538141662e-16,7.355227538141662e-16,0.0,0.0,0.0
tiny_dozero,781,1.1102230246251565e-16,1.1102230246251565e-16,0.0,0.0,0.0,0.0,0.0
tiny_dozero,782,1.1102230246251565e-16,1.1102230246251565e-16,0.0,0.0,0.0,0.0,0.0
tiny_dozero,783,1.1102230246251565e-16,1.1102230246251565e-16,0.0,0.0,0.0,0.0,0.0
tiny_dozero,784,1.1102230246251565e-16,1.1102230246251565e-16,0.0,0.0,0.0,0.0,0.0
tiny_dozero,785,1.1102230246251565e-16,1.1102230246251565e-16,7.355227538141662e-16,7.355227538141662e-16,0.0,0.0,0.0
tiny_dozero,786,1.1102230246251565e-16,1.1102230246251565e-16,0.0,0.0,0.0,0.0,0.0
tiny_dozero,787,1.1102230246251565e-16,1.1102230246251565e-16,0.0,0.0,0.0,0.0,0.0
tiny_dozero,788,5.551115123125783e-17,5.551115123125783e-17,7.355227538141662e-16,7.355227538141662e-16,0.0,0.0,0.0
tiny_dozero,789,5.551115123125783e-17,8.326672684688674e-17,8.451572774959004e-15,8.451572774959004e-15,-1.4079181011680275e-13,0.0,0.0
tiny_dozero,790,8.326672684688674e-17,5.551115123125783e-17,6.1547988927657116e-15,6.1547988927657116e-15,-1.0453309737438891e-13,0.0,0.0
tiny_dozero,791,0.0,5.551115123125783e-17,5.43808373332233e-10,5.438082761877183e-10,-9.135580217582885e-09,0.0,-9.71445146547012e-17
tiny_dozero,792,2.7755575615628914e-17,5.551115123125783e-17,6.421577367077269e-10,6.421577367077269e-10,-1.0787777595650948e-08,0.0,0.0
tiny_dozero,793,0.0,5.551115123125783e-17,2.3942146993860547e-06,2.3942146993860547e-06,-4.022104374244927e-05,0.0,0.0
tiny_dozero,794,5.551115123125783e-17,0.0,1.3525939817626842e-06,1.3525939817626842e-06,-2.2722582783217298e-05,0.0,0.0
tiny_dozero,795,0.0,0.0,1.205169228302161e-10,1.205169228302161e-10,-2.0245953953093603e-09,0.0,0.0
tiny_dozero,796,0.0,2.7755575615628914e-17,1.8388068845354155e-15,1.8388068845354155e-15,-3.1099560796344625e-14,0.0,0.0
tiny_dozero,797,0.0,2.7755575615628914e-17,9.159339953157541e-16,8.257283745649602e-16,-1.5622104958163532e-14,9.020562075079397e-17,0.0
tiny_dozero,798,1.1102230246251565e-16,1.1102230246251565e-16,0.0,-1.3877787807814457e-17,0.0,1.3877787807814457e-17,0.0
tiny_dozero,799,0.0,1.1102230246251565e-16,0.0,0.0,-9.643274665532872e-17,0.0,0.0
tiny_dozero,800,0.0,0.0,0.0,0.0,0.0,0.0,0.0
tiny_dozero,801,0.0,0.0,0.0,0.0,0.0,0.0,0.0
tiny_dozero,802,0.0,0.0,0.0,0.0,0.0,0.0,0.0
tiny_dozero,803,0.0,0.0,0.0,0.0,0.0,0.0,0.0
tiny_dozero,804,0.0,0.0,0.0,0.0,0.0,0.0,0.0
tiny_dozero,805,0.0,0.0,0.0,0.0,0.0,0.0,0.0
tiny_dozero,806,0.0,0.0,0.0,0.0,0.0,0.0,0.0
tiny_dozero,807,0.0,0.0,0.0,0.0,0.0,0.0,0.0
tiny_dozero,808,0.0,0.0,0.0,0.0,0.0,0.0,0.0
tiny_dozero,809,1.1102230246251565e-16,1.1102230246251565e-16,0.0,0.0,0.0,0.0,0.0
tiny_dozero,810,2.220446049250313e-16,2.220446049250313e-16,7.355227538141662e-16,7.355227538141662e-16,0.0,0.0,0.0
tiny_dozero,811,4.440892098500626e-16,4.440892098500626e-16,7.355227538141662e-16,7.355227538141662e-16,0.0,0.0,0.0
tiny_dozero,812,3.885780586188048e-16,3.885780586188048e-16,1.8041124150158794e-16,1.8041124150158794e-16,-2.6519005330215478e-15,0.0,0.0
tiny_dozero,813,3.122502256758253e-16,3.122502256758253e-16,1.307538383121809e-10,1.307538383121809e-10,-2.1965556682556577e-09,0.0,0.0
tiny_dozero,814,1.6653345369377348e-16,1.6653345369377348e-16,2.3836643465516283e-06,2.3836643465516283e-06,-4.004380558435456e-05,0.0,0.0
tiny_dozero,815,0.0,0.0,-9.527951897619902e-05,-9.52795189760186e-05,0.0016006257506699486,0.0,1.8041124150158794e-16
tiny_dozero,816,0.0,0.0,-0.0008943265294732022,-0.0008943265294732022,0.01502402707281218,0.0,0.0
tiny_dozero,817,0.0,0.0,-0.000976419449580785,-0.000976419449580785,0.01640312767369513,0.0,0.0
tiny_dozero,818,0.0,0.0,-0.0007642050521317299,-0.0007642050521317299,0.012838082080794231,0.0,0.0
tiny_dozero,819,0.0,0.0,-0.0005577550667946879,-0.0005577550667946879,0.009369874366197867,0.0,0.0
tiny_dozero,820,0.0,0.0,-0.0003993429994311043,-0.0003993429994311043,0.0067086682962710885,0.0,0.0
tiny_dozero,821,0.0,0.0,-0.0005122859314437636,-0.0005122859314437636,0.008606026377819416,0.0,0.0
tiny_dozero,822,0.0,0.0,-0.0007108226597686666,-0.0007108226597686666,0.011941297202291139,0.0,0.0
tiny_dozero,823,0.0,0.0,-0.0009491738304725321,-0.0009491738304725321,0.01594542133757963,0.0,0.0
tiny_dozero,824,0.0,0.0,-0.0010505742523370977,-0.0010505742523370977,0.017648873749066932,0.0,0.0
tiny_dozero,825,0.0,0.0,-0.0004090990928765706,-0.0004090990928765706,0.006872563481327854,0.0,0.0
tiny_dozero,826,1.6653345369377348e-16,1.6653345369377348e-16,1.4820552824930389e-05,1.4820552824930389e-05,-0.00024897437293539795,0.0,0.0
tiny_dozero,827,3.0531133177191805e-16,3.3306690738754696e-16,7.148251192357069e-09,7.14825128256269e-09,-1.2008535596525982e-07,0.0,9.020562075079397e-17
tiny_dozero,828,4.996003610813204e-16,4.718447854656915e-16,3.0080105073437835e-14,3.0080105073437835e-14,-4.929159845289924e-13,0.0,0.0
tiny_dozero,829,4.440892098500626e-16,4.440892098500626e-16,7.28583859910259e-16,7.28583859910259e-16,0.0,0.0,0.0
tiny_dozero,830,5.551115123125783e-16,5.551115123125783e-16,7.355227538141662e-16,7.355227538141662e-16,0.0,0.0,0.0
tiny_dozero,831,3.3306690738754696e-16,3.3306690738754696e-16,7.355227538141662e-16,7.355227538141662e-16,0.0,0.0,0.0
tiny_dozero,832,1.1102230246251565e-16,1.1102230246251565e-16,0.0,0.0,0.0,0.0,0.0
tiny_dozero,833,1.1102230246251565e-16,1.1102230246251565e-16,0.0,0.0,0.0,0.0,0.0
tiny_dozero,834,0.0,0.0,0.0,0.0,0.0,0.0,0.0
tiny_dozero,835,0.0,0.0,0.0,0.0,0.0,0.0,0.0
tiny_dozero,836,0.0,0.0,0.0,0.0,0.0,0.0,0.0
tiny_dozero,837,0.0,0.0,0.0,0.0,0.0,0.0,0.0
tiny_dozero,838,0.0,0.0,0.0,0.0,0.0,0.0,0.0
tiny_dozero,839,1.1102230246251565e-16,1.1102230246251565e-16,7.355227538141662e-16,7.355227538141662e-16,0.0,0.0,0.0
tiny_dozero,840,1.1102230246251565e-16,1.1102230246251565e-16,7.355227538141662e-16,7.355227538141662e-16,0.0,0.0,0.0
tiny_dozero,841,3.3306690738754696e-16,3.3306690738754696e-16,0.0,0.0,0.0,0.0,0.0
tiny_dozero,842,3.3306690738754696e-16,3.3306690738754696e-16,7.355227538141662e-16,7.355227538141662e-16,0.0,0.0,0.0
tiny_dozero,843,3.3306690738754696e-16,3.3306690738754696e-16,0.0,0.0,0.0,0.0,0.0
tiny_dozero,844,1.1102230246251565e-16,1.1102230246251565e-16,0.0,0.0,0.0,0.0,0.0
tiny_dozero,845,0.0,0.0,0.0,0.0,0.0,0.0,0.0
tiny_dozero,846,0.0,0.0,0.0,0.0,0.0,0.0,0.0
tiny_dozero,847,0.0,0.0,0.0,0.0,0.0,0.0,0.0
tiny_dozero,848,0.0,0.0,0.0,0.0,0.0,0.0,0.0
tiny_dozero,849,0.0,0.0,0.0,0.0,0.0,0.0,0.0
tiny_dozero,850,1.1102230246251565e-16,1.1102230246251565e-16,0.0,0.0,0.0,0.0,0.0
tiny_dozero,851,0.0,0.0,0.0,0.0,0.0,0.0,0.0
tiny_dozero,852,3.3306690738754696e-16,3.3306690738754696e-16,7.355227538141662e-16,7.355227538141662e-16,0.0,0.0,0.0
tiny_dozero,853,2.220446049250313e-16,2.220446049250313e-16,0.0,0.0,0.0,0.0,0.0
tiny_dozero,854,3.3306690738754696e-16,3.3306690738754696e-16,0.0,0.0,0.0,0.0,0.0
tiny_dozero,855,1.1102230246251565e-16,1.1102230246251565e-16,0.0,0.0,0.0,0.0,0.0
tiny_dozero,856,0.0,0.0,0.0,0.0,0.0,0.0,0.0
tiny_dozero,857,0.0,0.0,0.0,0.0,0.0,0.0,0.0
tiny_dozero,858,0.0,0.0,0.0,0.0,0.0,0.0,0.0
tiny_dozero,859,0.0,0.0,0.0,0.0,0.0,0.0,0.0
tiny_dozero,860,0.0,0.0,0.0,0.0,0.0,0.0,0.0
tiny_dozero,861,0.0,0.0,0.0,0.0,0.0,0.0,0.0
tiny_dozero,862,1.1102230246251565e-16,1.1102230246251565e-16,0.0,0.0,0.0,0.0,0.0
tiny_dozero,863,3.3306690738754696e-16,3.3306690738754696e-16,7.355227538141662e-16,7.355227538141662e-16,0.0,0.0,0.0
tiny_dozero,864,3.3306690738754696e-16,3.3306690738754696e-16,0.0,0.0,0.0,0.0,0.0
tiny_dozero,865,3.3306690738754696e-16,3.3306690738754696e-16,7.355227538141662e-16,7.355227538141662e-16,0.0,0.0,0.0
tiny_dozero,866,3.3306690738754696e-16,3.3306690738754696e-16,7.355227538141662e-16,7.355227538141662e-16,0.0,0.0,0.0
tiny_dozero,867,5.551115123125783e-16,5.551115123125783e-16,0.0,0.0,0.0,0.0,0.0
tiny_dozero,868,4.440892098500626e-16,4.440892098500626e-16,7.355227538141662e-16,7.355227538141662e-16,0.0,0.0,0.0
tiny_dozero,869,4.440892098500626e-16,4.440892098500626e-16,7.355227538141662e-16,7.355227538141662e-16,0.0,0.0,0.0
tiny_dozero,870,5.551115123125783e-16,5.551115123125783e-16,7.355227538141662e-16,7.355227538141662e-16,0.0,0.0,0.0
tiny_dozero,871,6.106226635438361e-16,6.106226635438361e-16,4.85722573273506e-17,4.85722573273506e-17,-5.303801066043082e-16,0.0,0.0
tiny_dozero,872,4.787836793695988e-16,4.718447854656915e-16,5.737542385642058e-12,5.737542385642058e-12,-9.637421198880212e-11,0.0,0.0
tiny_dozero,873,2.220446049250313e-16,3.3306690738754696e-16,3.582218121439551e-07,3.582218121439551e-07,-6.017862622758255e-06,0.0,0.0
tiny_dozero,874,5.551115123125783e-17,5.551115123125783e-17,4.125357824937004e-06,4.125357824937004e-06,-6.930297335982678e-05,0.0,0.0
tiny_dozero,875,0.0,0.0,-0.0008354561190734092,-0.0008354561190734092,0.01403504753291708,0.0,0.0
tiny_dozero,876,0.0,0.0,-0.0011051890056398249,-0.0011051890056398249,0.018566361383788702,0.0,0.0
tiny_dozero,877,-5.551115123125783e-17,-5.551115123125783e-17,-0.0008837809110669899,-0.000883780911066806,0.014846868449856622,0.0,1.8388068845354155e-16
tiny_dozero,878,0.0,0.0,-0.000639717719078876,-0.000639717719078876,0.010746786563584694,0.0,0.0
tiny_dozero,879,0.0,0.0,-0.0007823745985906794,-0.0007823745985906794,0.013143317080430806,0.0,0.0
tiny_dozero,880,0.0,0.0,-0.0010609665751129121,-0.0010609665751129121,0.017823457118325486,0.0,0.0
tiny_dozero,881,0.0,0.0,-0.0011369079752137391,-0.0011369079752137391,0.019099216713352584,0.0,0.0
tiny_dozero,882,5.551115123125783e-17,5.551115123125783e-17,-0.0003149065246626226,-0.0003149065246626226,0.0052901977029852785,0.0,0.0
tiny_dozero,883,1.6653345369377348e-16,2.220446049250313e-16,9.650551349875414e-06,9.650551350062764e-06,-0.00016212215557964135,0.0,1.8735013540549517e-16
tiny_dozero,884,4.85722573273506e-16,5.134781488891349e-16,1.6918915643482357e-09,1.6918915643482357e-09,-2.8422519633404695e-08,0.0,0.0
tiny_dozero,885,6.661338147750939e-16,6.661338147750939e-16,6.473988012345444e-15,6.473988012345444e-15,-9.638453028201175e-14,0.0,0.0
tiny_dozero,886,7.771561172376096e-16,7.771561172376096e-16,7.355227538141662e-16,7.216449660063518e-16,9.64327466553287e-17,0.0,-1.3877787807814457e-17
tiny_dozero,887,6.661338147750939e-16,6.661338147750939e-16,7.355227538141662e-16,7.355227538141662e-16,0.0,0.0,0.0
tiny_dozero,888,7.771561172376096e-16,7.771561172376096e-16,7.355227538141662e-16,7.355227538141662e-16,0.0,0.0,0.0
tiny_dozero,889,8.881784197001252e-16,8.881784197001252e-16,7.355227538141662e-16,7.355227538141662e-16,0.0,0.0,0.0
tiny_dozero,890,8.881784197001252e-16,8.881784197001252e-16,7.147060721024445e-16,7.147060721024445e-16,3.857309866213147e-16,0.0,0.0
tiny_dozero,891,7.28583859910259e-16,7.494005416219807e-16,6.652407791296611e-12,6.652310646781956e-12,-1.1174332563979762e-10,0.0,-9.71445146547012e-17
tiny_dozero,892,4.718447854656915e-16,4.718447854656915e-16,3.244858299833453e-07,3.244858299833453e-07,-5.451122977919605e-06,0.0,0.0
tiny_dozero,893,1.1102230246251565e-16,1.1102230246251565e-16,3.4361644202313135e-05,3.4361644202313135e-05,-0.0005772503171364679,0.0,0.0
tiny_dozero,894,0.0,0.0,-0.0009208519963434594,-0.0009208519963434594,0.015469635381684239,0.0,0.0
tiny_dozero,895,-1.1102230246251565e-16,-1.1102230246251565e-16,-0.0012089740868191229,-0.001208974086818939,0.020309874315588207,0.0,1.8388068845354155e-16
tiny_dozero,896,0.0,0.0,-0.000936064242928733,-0.000936064242928733,0.015725189921331977,0.0,0.0
tiny_dozero,897,0.0,0.0,-0.0010919025629044163,-0.0010919025629044163,0.018343158930566116,0.0,0.0
tiny_dozero,898,0.0,0.0,-0.0012765411893750737,-0.0012765411893750737,0.021444951879072905,0.0,0.0
tiny_dozero,899,5.551115123125783e-17,5.551115123125783e-17,-0.00038909708528694215,-0.00038909708528694215,0.006536544484204016,0.0,0.0
tiny_dozero,900,3.3306690738754696e-16,3.3306690738754696e-16,1.853502003158064e-05,1.853502003158064e-05,-0.0003113746864941763,0.0,0.0
tiny_dozero,901,8.049116928532385e-16,8.049116928532385e-16,6.020260782946263e-09,6.0202608800907775e-09,-1.0113593671731274e-07,-9.71445146547012e-17,0.0
tiny_dozero,902,1.0269562977782698e-15,1.0547118733938987e-15,5.189598750732216e-14,5.189598750732216e-14,-8.480295740877886e-13,0.0,0.0
tiny_dozero,903,9.992007221626409e-16,9.992007221626409e-16,7.008282842946301e-16,7.008282842946301e-16,4.821637332766433e-16,0.0,0.0
tiny_dozero,904,8.881784197001252e-16,8.881784197001252e-16,7.28583859910259e-16,7.28583859910259e-16,0.0,0.0,0.0
tiny_dozero,905,7.771561172376096e-16,7.771561172376096e-16,7.355227538141662e-16,7.355227538141662e-16,0.0,0.0,0.0
tiny_dozero,906,4.440892098500626e-16,4.440892098500626e-16,7.355227538141662e-16,7.355227538141662e-16,0.0,0.0,0.0
tiny_dozero,907,4.440892098500626e-16,4.440892098500626e-16,7.355227538141662e-16,7.355227538141662e-16,0.0,0.0,0.0
tiny_dozero,908,4.440892098500626e-16,4.440892098500626e-16,0.0,0.0,0.0,0.0,0.0
tiny_dozero,909,6.661338147750939e-16,6.661338147750939e-16,7.355227538141662e-16,7.355227538141662e-16,0.0,0.0,0.0
tiny_dozero,910,1.1102230246251565e-15,1.1102230246251565e-15,1.4710455076283324e-15,1.4710455076283324e-15,0.0,0.0,0.0
tiny_dozero,911,1.1102230246251565e-15,1.1102230246251565e-15,1.4502288259166107e-15,1.457167719820518e-15,1.9286549331065737e-16,-6.938893903907228e-18,0.0
tiny_dozero,912,1.4432899320127035e-15,1.4432899320127035e-15,1.700029006457271e-15,1.7416623698807143e-15,-1.6875730664682854e-14,-4.163336342344337e-17,0.0
tiny_dozero,913,1.186550857568136e-15,1.214306433183765e-15,1.3999544579146317e-10,1.3999544579146317e-10,-2.3517959494003454e-09,0.0,0.0
tiny_dozero,914,7.216449660063518e-16,7.216449660063518e-16,1.8231695281534233e-06,1.8231695281534233e-06,-3.062790539668946e-05,0.0,0.0
tiny_dozero,915,1.6653345369377348e-16,1.6653345369377348e-16,4.887400573084372e-05,4.887400573084372e-05,-0.000821047303259775,0.0,0.0
tiny_dozero,916,0.0,0.0,-0.001174409839796657,-0.001174409839796657,0.0197292204202826,0.0,0.0
tiny_dozero,917,0.0,0.0,-0.001237693533281306,-0.001237693533281306,0.02079233986586164,0.0,0.0
tiny_dozero,918,0.0,0.0,-0.0013881683923807307,-0.0013881683923807307,0.023320206682266434,0.0,0.0
tiny_dozero,919,5.551115123125783e-17,5.551115123125783e-17,-0.0007712881013936662,-0.0007712881013934789,0.01295707209211492,-1.8735013540549517e-16,0.0
tiny_dozero,920,4.440892098500626e-16,4.440892098500626e-16,7.964653119900411e-05,7.964653119900411e-05,-0.001338003068838538,0.0,0.0
tiny_dozero,921,1.2212453270876722e-15,1.2212453270876722e-15,1.404424046849706e-07,1.404424046849706e-07,-2.3593289588310768e-06,0.0,0.0
tiny_dozero,922,1.762479051592436e-15,1.762479051592436e-15,7.58967888536688e-12,7.58967888536688e-12,-1.274639366529987e-10,0.0,0.0
tiny_dozero,923,1.8318679906315083e-15,1.8318679906315083e-15,1.4432899320127035e-15,1.4432899320127035e-15,4.821637332766433e-16,0.0,0.0
tiny_dozero,924,1.4432899320127035e-15,1.4432899320127035e-15,7.28583859910259e-16,7.28583859910259e-16,9.64327466553287e-17,0.0,0.0
tiny_dozero,925,1.3322676295501878e-15,1.3322676295501878e-15,1.4710455076283324e-15,1.4710455076283324e-15,0.0,0.0,0.0
tiny_dozero,926,1.1102230246251565e-15,1.1102230246251565e-15,7.28583859910259e-16,7.28583859910259e-16,9.64327466553287e-17,0.0,0.0
tiny_dozero,927,9.992007221626409e-16,9.992007221626409e-16,1.4710455076283324e-15,1.4710455076283324e-15,0.0,0.0,0.0
tiny_dozero,928,6.661338147750939e-16,6.661338147750939e-16,7.355227538141662e-16,7.355227538141662e-16,0.0,0.0,0.0
tiny_dozero,929,7.771561172376096e-16,7.771561172376096e-16,7.355227538141662e-16,7.355227538141662e-16,9.64327466553287e-17,0.0,0.0
tiny_dozero,930,4.440892098500626e-16,4.440892098500626e-16,7.355227538141662e-16,7.355227538141662e-16,0.0,0.0,0.0
tiny_dozero,931,5.551115123125783e-16,5.551115123125783e-16,7.355227538141662e-16,7.355227538141662e-16,0.0,0.0,0.0
tiny_dozero,932,3.3306690738754696e-16,3.3306690738754696e-16,0.0,0.0,0.0,0.0,0.0
tiny_dozero,933,4.440892098500626e-16,4.440892098500626e-16,7.355227538141662e-16,7.355227538141662e-16,0.0,0.0,0.0
tiny_dozero,934,3.3306690738754696e-16,3.3306690738754696e-16,7.28583859910259e-16,7.28583859910259e-16,0.0,0.0,0.0
tiny_dozero,935,4.440892098500626e-16,4.440892098500626e-16,0.0,0.0,0.0,0.0,0.0
tiny_dozero,936,4.440892098500626e-16,4.440892098500626e-16,0.0,0.0,0.0,0.0,0.0
tiny_dozero,937,3.3306690738754696e-16,3.3306690738754696e-16,7.355227538141662e-16,7.355227538141662e-16,0.0,0.0,0.0
tiny_dozero,938,3.3306690738754696e-16,3.3306690738754696e-16,0.0,0.0,0.0,0.0,0.0
tiny_dozero,939,3.3306690738754696e-16,3.3306690738754696e-16,0.0,0.0,0.0,0.0,0.0
tiny_dozero,940,3.3306690738754696e-16,3.3306690738754696e-16,0.0,0.0,0.0,0.0,0.0
tiny_dozero,941,3.3306690738754696e-16,3.3306690738754696e-16,0.0,0.0,0.0,0.0,0.0
tiny_dozero,942,3.3306690738754696e-16,3.3306690738754696e-16,0.0,0.0,0.0,0.0,0.0
tiny_dozero,943,3.3306690738754696e-16,3.3306690738754696e-16,7.355227538141662e-16,7.355227538141662e-16,0.0,0.0,0.0
tiny_dozero,944,3.3306690738754696e-16,3.3306690738754696e-16,0.0,0.0,0.0,0.0,0.0
tiny_dozero,945,4.440892098500626e-16,4.440892098500626e-16,7.355227538141662e-16,7.355227538141662e-16,0.0,0.0,0.0
tiny_dozero,946,6.661338147750939e-16,6.661338147750939e-16,7.28583859910259e-16,7.28583859910259e-16,0.0,0.0,0.0
tiny_dozero,947,9.992007221626409e-16,9.992007221626409e-16,7.355227538141662e-16,7.355227538141662e-16,0.0,0.0,0.0
tiny_dozero,948,1.4432899320127035e-15,1.4432899320127035e-15,1.4641066137244252e-15,1.4710455076283324e-15,1.9286549331065737e-16,0.0,6.938893903907228e-18
tiny_dozero,949,1.4432899320127035e-15,1.4432899320127035e-15,1.457167719820518e-15,1.457167719820518e-15,1.9286549331065737e-16,0.0,0.0
tiny_dozero,950,2.1094237467877974e-15,2.1094237467877974e-15,1.394717674685353e-15,1.394717674685353e-15,1.3500584531745999e-15,0.0,0.0
tiny_dozero,951,1.6653345369377348e-15,1.6653345369377348e-15,2.157996004115148e-15,2.157996004115148e-15,5.785964799319719e-16,0.0,0.0
tiny_dozero,952,1.5543122344752192e-15,1.5543122344752192e-15,1.4502288259166107e-15,1.4502288259166107e-15,3.857309866213147e-16,0.0,0.0
tiny_dozero,953,1.27675647831893e-15,1.27675647831893e-15,1.4502288259166107e-15,1.4502288259166107e-15,3.857309866213147e-16,0.0,0.0
tiny_dozero,954,1.27675647831893e-15,1.27675647831893e-15,7.632783294297951e-16,7.632783294297951e-16,-2.4108186663832183e-16,0.0,0.0
tiny_dozero,955,1.1102230246251565e-15,1.1102230246251565e-15,7.494005416219807e-16,7.494005416219807e-16,-1.9286549331065747e-16,0.0,0.0
tiny_dozero,956,1.0547118733938987e-15,1.0547118733938987e-15,7.563394355258879e-16,7.563394355258879e-16,-5.303801066043082e-16,0.0,0.0
tiny_dozero,957,7.771561172376096e-16,7.771561172376096e-16,7.28583859910259e-16,7.28583859910259e-16,0.0,0.0,0.0
tiny_dozero,958,5.551115123125783e-16,5.551115123125783e-16,7.424616477180734e-16,7.424616477180734e-16,-1.9286549331065747e-16,0.0,0.0
tiny_dozero,959,4.440892098500626e-16,4.440892098500626e-16,0.0,0.0,0.0,0.0,0.0
tiny_dozero,960,4.440892098500626e-16,4.440892098500626e-16,7.355227538141662e-16,7.355227538141662e-16,0.0,0.0,0.0
tiny_dozero,961,4.440892098500626e-16,4.440892098500626e-16,7.355227538141662e-16,7.355227538141662e-16,0.0,0.0,0.0
tiny_dozero,962,3.3306690738754696e-16,3.3306690738754696e-16,-6.938893903907228e-18,-6.938893903907228e-18,9.64327466553287e-17,0.0,0.0
tiny_dozero,963,4.440892098500626e-16,4.440892098500626e-16,7.355227538141662e-16,7.355227538141662e-16,0.0,0.0,0.0
tiny_dozero,964,3.3306690738754696e-16,3.3306690738754696e-16,0.0,0.0,0.0,0.0,0.0
tiny_dozero,965,3.3306690738754696e-16,3.3306690738754696e-16,0.0,0.0,0.0,0.0,0.0
tiny_dozero,966,4.440892098500626e-16,4.440892098500626e-16,7.355227538141662e-16,7.355227538141662e-16,-9.643274665532872e-17,0.0,0.0
tiny_dozero,967,4.440892098500626e-16,4.440892098500626e-16,7.355227538141662e-16,7.355227538141662e-16,0.0,0.0,0.0
tiny_dozero,968,7.771561172376096e-16,7.771561172376096e-16,7.424616477180734e-16,7.494005416219807e-16,-1.446491199829931e-16,0.0,6.938893903907228e-18
tiny_dozero,969,1.1102230246251565e-15,1.1102230246251565e-15,7.840950111415168e-16,7.840950111415168e-16,-7.232455999149659e-16,0.0,0.0
tiny_dozero,970,1.27675647831893e-15,1.27675647831893e-15,1.5126788710517758e-15,1.5126788710517758e-15,-6.268128532596371e-16,0.0,0.0
tiny_dozero,971,1.4432899320127035e-15,1.4432899320127035e-15,1.519617764955683e-15,1.519617764955683e-15,-8.196783465702948e-16,0.0,0.0
tiny_dozero,972,1.8318679906315083e-15,1.8318679906315083e-15,1.4918621893400541e-15,1.4918621893400541e-15,-6.268128532596371e-16,0.0,0.0
tiny_dozero,973,2.1649348980190553e-15,2.1649348980190553e-15,2.6853519408120974e-15,2.6645352591003757e-15,-7.955701599064691e-15,2.0816681711721685e-17,0.0
tiny_dozero,974,1.7208456881689926e-15,1.7208456881689926e-15,1.700029006457271e-15,1.700029006457271e-15,-3.953742612868495e-15,0.0,0.0
tiny_dozero,975,1.609823385706477e-15,1.609823385706477e-15,1.6792123247455493e-15,1.6792123247455493e-15,-3.182280639625859e-15,0.0,0.0
tiny_dozero,976,1.4988010832439613e-15,1.4988010832439613e-15,1.582067810090848e-15,1.582067810090848e-15,-1.7357894397959204e-15,0.0,0.0
tiny_dozero,977,1.4432899320127035e-15,1.4432899320127035e-15,1.582067810090848e-15,1.6028844918025698e-15,-2.1697367997449015e-15,-2.0816681711721685e-17,0.0
tiny_dozero,978,1.27675647831893e-15,1.27675647831893e-15,1.519617764955683e-15,1.519617764955683e-15,-8.678947198979593e-16,0.0,0.0
tiny_dozero,979,1.27675647831893e-15,1.27675647831893e-15,1.5334955527634975e-15,1.5334955527634975e-15,-1.2054093331916106e-15,0.0,0.0
tiny_dozero,980,9.992007221626409e-16,9.992007221626409e-16,7.840950111415168e-16,7.840950111415168e-16,-7.714619732426304e-16,0.0,0.0
tiny_dozero,981,9.992007221626409e-16,9.992007221626409e-16,1.519617764955683e-15,1.519617764955683e-15,-7.232455999149659e-16,0.0,0.0
tiny_dozero,982,6.661338147750939e-16,6.661338147750939e-16,7.424616477180734e-16,7.563394355258879e-16,-2.4108186663832183e-16,0.0,1.3877787807814457e-17
tiny_dozero,983,1.27675647831893e-15,1.27675647831893e-15,1.5404344466674047e-15,1.5404344466674047e-15,-1.350058453174604e-15,0.0,0.0
tiny_dozero,984,1.3877787807814457e-15,1.3877787807814457e-15,1.6028844918025698e-15,1.6028844918025698e-15,-2.6519005330215478e-15,0.0,0.0
tiny_dozero,985,1.5543122344752192e-15,1.5543122344752192e-15,1.700029006457271e-15,1.700029006457271e-15,-3.857309866213166e-15,0.0,0.0
tiny_dozero,986,1.609823385706477e-15,1.609823385706477e-15,1.8110513089197866e-15,1.8110513089197866e-15,-5.882397545975091e-15,0.0,0.0
tiny_dozero,987,1.8318679906315083e-15,1.8318679906315083e-15,2.157996004115148e-15,2.1788126858268697e-15,-1.1475496851984268e-14,0.0,2.0816681711721685e-17
tiny_dozero,988,1.6653345369377348e-15,1.6653345369377348e-15,1.887379141862766e-15,1.887379141862766e-15,-6.894941385856057e-15,0.0,0.0
tiny_dozero,989,1.5543122344752192e-15,1.5543122344752192e-15,1.7416623698807143e-15,1.7416623698807143e-15,-4.532339092800473e-15,0.0,0.0
tiny_dozero,990,1.3877787807814457e-15,1.3877787807814457e-15,1.6306400674181987e-15,1.6306400674181987e-15,-2.748333279676877e-15,0.0,0.0
tiny_dozero,991,1.4432899320127035e-15,1.4432899320127035e-15,1.7486012637846216e-15,1.7486012637846216e-15,-4.725204586111132e-15,0.0,0.0
tiny_dozero,992,1.609823385706477e-15,1.609823385706477e-15,2.6645352591003757e-15,2.6645352591003757e-15,-7.6664033590987e-15,0.0,0.0
tiny_dozero,993,1.8318679906315083e-15,1.8318679906315083e-15,2.2273849431542203e-15,2.2273849431542203e-15,-1.2488040691865247e-14,0.0,0.0
tiny_dozero,994,2.0539125955565396e-15,2.0539125955565396e-15,3.462508058049707e-15,3.462508058049707e-15,-2.145628613081117e-14,0.0,0.0
tiny_dozero,995,2.1094237467877974e-15,2.1094237467877974e-15,3.2404634531246757e-15,3.2404634531246757e-15,-1.7068596157993517e-14,0.0,0.0
tiny_dozero,996,2.55351295663786e-15,2.55351295663786e-15,4.3576253716537394e-15,4.3576253716537394e-15,-3.616227999574977e-14,0.0,0.0
tiny_dozero,997,2.609024107869118e-15,2.4980018054066022e-15,2.921274333544943e-15,2.921274333544943e-15,3.857309866213147e-16,0.0,0.0
tiny_dozero,998,3.608224830031759e-15,3.608224830031759e-15,4.40619762898109e-15,4.40619762898109e-15,-1.2391607945209916e-14,0.0,0.0
tiny_dozero,999,2.4980018054066022e-15,2.4980018054066022e-15,2.1510571102112408e-15,2.157996004115148e-15,8.678947198979575e-16,-6.938893903907228e-18,0.0
tiny_dozero,1000,2.525757381022231e-15,2.4980018054066022e-15,2.547677346864674e-12,2.547677346864674e-12,-4.2762040746197554e-11,0.0,0.0
tiny_dozero,1001,1.887379141862766e-15,1.915134717478395e-15,1.7511349689747213e-08,1.7511349689747213e-08,-2.941777409671374e-07,0.0,0.0
tiny_dozero,1002,9.43689570931383e-16,9.43689570931383e-16,2.648925446136624e-05,2.648925446136624e-05,-0.0004449999670597957,0.0,0.0
tiny_dozero,1003,1.6653345369377348e-16,1.6653345369377348e-16,-0.000153843452651653,-0.000153843452651653,0.002584456707300557,0.0,0.0
tiny_dozero,1004,0.0,0.0,-0.001489451377788012,-0.001489451377788012,0.025021686247758912,0.0,0.0
tiny_dozero,1005,0.0,-5.551115123125783e-17,-0.0014447899734253908,-0.0014447899734253908,0.024271407545136202,0.0,0.0
tiny_dozero,1006,3.3306690738754696e-16,3.885780586188048e-16,0.00026699851312169537,0.0002669985131224309,-0.004485378390712859,-7.355227538141662e-16,0.0
tiny_dozero,1007,1.6653345369377348e-15,1.6653345369377348e-15,7.991617326744138e-06,7.991617326744138e-06,-0.00013425328567873452,0.0,0.0
tiny_dozero,1008,2.886579864025407e-15,2.8727020762175925e-15,7.679497593393592e-09,7.679497593393592e-09,-1.290098532461062e-07,0.0,0.0
tiny_dozero,1009,3.552713678800501e-15,3.524958103184872e-15,4.199599001886156e-12,4.1996475741434836e-12,-7.048876979913944e-11,-4.85722573273506e-17,0.0
tiny_dozero,1010,4.718447854656915e-15,4.718447854656915e-15,1.5479145742958167e-11,1.5479145742958167e-11,-2.599638806749742e-10,0.0,0.0
tiny_dozero,1011,4.121702978920894e-15,4.1147640850169864e-15,1.0745511327958646e-08,1.0745511327958646e-08,-1.805166151533992e-07,0.0,0.0
tiny_dozero,1012,2.6645352591003757e-15,2.6645352591003757e-15,4.4438127536489125e-06,4.443812753739118e-06,-7.465278158908005e-05,-9.020562075079397e-17,0.0
tiny_dozero,1013,8.326672684688674e-16,8.326672684688674e-16,0.00033529485906262646,0.00033529485906262646,-0.005632706706000935,0.0,0.0
tiny_dozero,1014,-5.551115123125783e-17,-5.551115123125783e-17,-0.0011249362031755111,-0.0011249362031755111,0.018898099759661127,0.0,0.0
tiny_dozero,1015,-3.3306690738754696e-16,-3.3306690738754696e-16,-0.0005150129264313019,-0.0005150129264311215,0.008651837885317579,-1.8041124150158794e-16,0.0
tiny_dozero,1016,1.4432899320127035e-15,1.4432899320127035e-15,0.0003039855940855929,0.0003039855940855929,-0.005106734111930244,0.0,0.0
tiny_dozero,1017,4.08006961549745e-15,4.08006961549745e-15,4.848295716564088e-06,4.848295716564088e-06,-8.144779746101868e-05,0.0,0.0
tiny_dozero,1018,5.504277589274409e-15,5.500808142322455e-15,2.4060919777413314e-08,2.4060919777413314e-08,-4.042056336617741e-07,0.0,0.0
tiny_dozero,1019,4.9404924595819466e-15,4.9404924595819466e-15,3.535852860503397e-11,3.535852860503397e-11,-5.939107237525338e-10,0.0,0.0
tiny_dozero,1020,3.774758283725532e-15,3.774758283725532e-15,9.804657086220914e-15,9.783840404509192e-15,-1.0284552430792025e-13,2.0816681711721685e-17,0.0
tiny_dozero,1021,3.497202527569243e-15,3.497202527569243e-15,4.427014310692812e-14,4.427014310692812e-14,-6.82165249840331e-13,0.0,0.0
tiny_dozero,1022,2.4980018054066022e-15,2.4980018054066022e-15,6.938893903907228e-15,6.95971058561895e-15,-6.711719167211397e-14,0.0,2.0816681711721685e-17
tiny_dozero,1023,2.4424906541753444e-15,2.4424906541753444e-15,7.764622278472189e-15,7.764622278472189e-15,-8.105172356381135e-14,0.0,0.0
tiny_dozero,1024,3.2751579226442118e-15,3.2751579226442118e-15,7.306655280814311e-14,7.306655280814311e-14,-1.1662576380511113e-12,0.0,0.0
tiny_dozero,1025,4.829470157119431e-15,4.829470157119431e-15,7.331120432940708e-11,7.331130147392173e-11,-1.2315016735802938e-09,0.0,9.71445146547012e-17
tiny_dozero,1026,5.97091820431217e-15,5.9674487573602164e-15,3.7166480816586134e-08,3.7166480816586134e-08,-6.243694073632796e-07,0.0,0.0
tiny_dozero,1027,5.9119376061289586e-15,5.9119376061289586e-15,6.899384296106537e-06,6.899384296106537e-06,-0.00011590457505834325,0.0,0.0
tiny_dozero,1028,2.6645352591003757e-15,2.6645352591003757e-15,0.0003057603013568236,0.0003057603013568236,-0.005136547887088914,0.0,0.0
tiny_dozero,1029,-9.992007221626409e-16,-9.992007221626409e-16,8.113779146437516e-05,8.113779146437516e-05,-0.0013630551431009987,0.0,0.0
tiny_dozero,1030,-1.9984014443252818e-15,-1.9984014443252818e-15,0.0003359584141545413,0.00033595841415472866,-0.005643853942926109,-1.8735013540549517e-16,0.0
tiny_dozero,1031,4.524158825347513e-15,4.524158825347513e-15,0.00032770885244948894,0.00032770885244948894,-0.0055052673815202974,0.0,0.0
tiny_dozero,1032,6.772360450213455e-15,6.772360450213455e-15,8.25727159600026e-06,8.25727159600026e-06,-0.00013871608167527667,0.0,0.0
tiny_dozero,1033,6.127043317150083e-15,6.130512764102036e-15,5.292676815565889e-08,5.292676815565889e-08,-8.891306156171136e-07,0.0,0.0
tiny_dozero,1034,4.6629367034256575e-15,4.690692279041286e-15,9.228200842370526e-11,9.228200842370526e-11,-1.5501837921510954e-09,0.0,0.0
tiny_dozero,1035,3.219646771412954e-15,3.219646771412954e-15,8.550798957784878e-14,8.550798957784878e-14,-1.3872332770124468e-12,0.0,0.0
tiny_dozero,1036,2.3869795029440866e-15,2.3869795029440866e-15,7.299716386910404e-15,7.299716386910404e-15,-8.592157726990637e-14,0.0,0.0
tiny_dozero,1037,2.0539125955565396e-15,2.0539125955565396e-15,2.8449465006019636e-15,2.8449465006019636e-15,-2.324029194393484e-14,0.0,0.0
tiny_dozero,1038,1.9984014443252818e-15,1.9984014443252818e-15,2.914335439641036e-15,2.914335439641036e-15,-2.4445701277126518e-14,0.0,0.0
tiny_dozero,1039,1.887379141862766e-15,1.887379141862766e-15,3.00454106039183e-15,3.00454106039183e-15,-1.3259502665107901e-14,0.0,0.0
tiny_dozero,1040,1.887379141862766e-15,1.887379141862766e-15,2.275957200481571e-15,2.248201624865942e-15,-1.3548800905073896e-14,2.7755575615628914e-17,0.0
tiny_dozero,1041,1.609823385706477e-15,1.609823385706477e-15,1.949829186997931e-15,1.949829186997931e-15,-7.907485225737027e-15,0.0,0.0
tiny_dozero,1042,1.9984014443252818e-15,1.9984014443252818e-15,3.649858193455202e-15,3.649858193455202e-15,-2.4445701277126518e-14,0.0,0.0
tiny_dozero,1043,2.3869795029440866e-15,2.3869795029440866e-15,7.4870665223159e-15,7.4870665223159e-15,-8.881455966956683e-14,0.0,0.0
tiny_dozero,1044,3.164135620181696e-15,3.164135620181696e-15,9.010153734223536e-14,9.010153734223536e-14,-1.4641383924703239e-12,0.0,0.0
tiny_dozero,1045,4.551914400963142e-15,4.551914400963142e-15,9.932558248104684e-11,9.932558248104684e-11,-1.6685228287880277e-09,0.0,0.0
tiny_dozero,1046,6.0021432268797525e-15,6.00908212078366e-15,5.848484583431679e-08,5.848484583431679e-08,-9.8250224044871e-07,0.0,0.0
tiny_dozero,1047,7.369105325949477e-15,7.382983113757291e-15,9.477002310354088e-06,9.477002310354088e-06,-0.00015920665940037315,0.0,0.0
tiny_dozero,1048,5.745404152435185e-15,5.717648576819556e-15,0.00033610044872595807,0.00033610044872595807,-0.005646240018989626,0.0,0.0
tiny_dozero,1049,-2.7755575615628914e-15,-2.831068712794149e-15,0.00032390545293752016,0.00032390545293752016,-0.005441373070835671,0.0,0.0
tiny_dozero,1050,-2.831068712794149e-15,-2.886579864025407e-15,0.00028602521661368757,0.000286025216613868,-0.004805012997309197,0.0,1.8041124150158794e-16
tiny_dozero,1051,6.938893903907228e-15,6.938893903907228e-15,0.0003405449612358391,0.0003405449612358391,-0.0057209045559908685,0.0,0.0
tiny_dozero,1052,7.382983113757291e-15,7.396860901565105e-15,9.821427982899256e-06,9.821427982899256e-06,-0.00016499275704704035,0.0,0.0
tiny_dozero,1053,5.88418203051333e-15,5.88418203051333e-15,6.023235645663538e-08,6.0232356546841e-08,-1.0118591318587606e-06,0.0,9.020562075079397e-17
tiny_dozero,1054,4.468647674116255e-15,4.496403249731884e-15,1.0155336988004748e-10,1.0155346008566823e-10,-1.7059486189922268e-09,0.0,9.020562075079397e-17
tiny_dozero,1055,3.0531133177191805e-15,3.0531133177191805e-15,9.2446883481756e-14,9.239831122442865e-14,-1.5029525729992262e-12,4.85722573273506e-17,0.0
tiny_dozero,1056,2.3314683517128287e-15,2.3314683517128287e-15,7.4870665223159e-15,7.4870665223159e-15,-8.895920878954985e-14,0.0,0.0
tiny_dozero,1057,3.1086244689504383e-15,3.1086244689504383e-15,9.248851684517945e-14,9.248851684517945e-14,-1.504447280572389e-12,0.0,0.0
tiny_dozero,1058,4.413136522884997e-15,4.413136522884997e-15,1.0261261285116063e-10,1.0261261285116063e-10,-1.7237417144460987e-09,0.0,0.0
tiny_dozero,1059,5.80785419757035e-15,5.814793091474257e-15,6.074523684757027e-08,6.074523684757027e-08,-1.020475144159666e-06,0.0,0.0
tiny_dozero,1060,7.28583859910259e-15,7.299716386910404e-15,9.919674489974883e-06,9.919674489974883e-06,-0.00016664322601233993,0.0,0.0
tiny_dozero,1061,7.188694084447889e-15,7.188694084447889e-15,0.00034091372482830673,0.00034091372482830673,-0.0057270995127710975,0.0,0.0
tiny_dozero,1062,-2.609024107869118e-15,-2.609024107869118e-15,0.00025770503916042187,0.00025770503916042187,-0.004329254872334465,0.0,0.0
tiny_dozero,1063,-2.4424906541753444e-15,-2.4424906541753444e-15,0.00024991748264108216,0.00024991748264108216,-0.004198429657930091,0.0,0.0
tiny_dozero,1064,7.188694084447889e-15,7.188694084447889e-15,0.0003409008418044923,0.0003409008418044923,-0.005726883087458746,0.0,0.0
tiny_dozero,1065,7.202571872255703e-15,7.202571872255703e-15,9.947072034083293e-06,9.947072033993087e-06,-0.0001671034845770272,9.020562075079397e-17,0.0
tiny_dozero,1066,5.7245874707234634e-15,5.7245874707234634e-15,6.095513385012685e-08,6.095513385012685e-08,-1.024001272784413e-06,0.0,0.0
tiny_dozero,1067,4.413136522884997e-15,4.413136522884997e-15,1.026452187136151e-10,1.026452187136151e-10,-1.7242891149346607e-09,0.0,0.0
tiny_dozero,1068,5.700301342059788e-15,5.707240235963695e-15,6.096083410289665e-08,6.096083401269103e-08,-1.0240970314026657e-06,9.020562075079397e-17,0.0
tiny_dozero,1069,7.105427357601002e-15,7.105427357601002e-15,9.959656251702642e-06,9.959656251702642e-06,-0.00016731489016581357,0.0,0.0
tiny_dozero,1070,7.16093850883226e-15,7.16093850883226e-15,0.0003408836359889908,0.0003408836359889908,-0.005726594042428563,0.0,0.0
tiny_dozero,1071,-2.4147350785597155e-15,-2.4147350785597155e-15,0.00024774354657387115,0.00024774354657387115,-0.004161909132972279,0.0,0.0
tiny_dozero,1072,-2.3314683517128287e-15,-2.3314683517128287e-15,0.0002471491871037096,0.0002471491871037096,-0.0041519243315858816,0.0,0.0
tiny_dozero,1073,7.049916206369744e-15,7.049916206369744e-15,0.0003408738503345235,0.0003408738503345235,-0.005726429650652041,0.0,0.0
tiny_dozero,1074,7.0637939941775585e-15,7.077671781985373e-15,9.960022249670686e-06,9.96002224958048e-06,-0.00016732103866151687,0.0,-9.020562075079397e-17
tiny_dozero,1075,7.022160630754115e-15,6.994405055138486e-15,0.0003408734889379719,0.0003408734889379719,-0.005726423579444885,0.0,0.0
tiny_dozero,1076,-2.3037127760972e-15,-2.3314683517128287e-15,0.00024689753043079937,0.0002468975304308896,-0.004147696684813309,-9.020562075079397e-17,0.0
tiny_dozero,1077,-2.3314683517128287e-15,-2.3314683517128287e-15,0.00024689051519338756,0.00024689051519338756,-0.004147578833989758,0.0,0.0
tiny_dozero,1078,4.440892098500626e-16,4.440892098500626e-16,0.0,0.0,9.64327466553287e-17,0.0,0.0
tiny_dozero,1079,4.440892098500626e-16,4.440892098500626e-16,7.355227538141662e-16,7.355227538141662e-16,0.0,0.0,0.0
tiny_dozero,1080,3.3306690738754696e-16,3.3306690738754696e-16,0.0,0.0,0.0,0.0,0.0
tiny_dozero,1081,3.3306690738754696e-16,3.3306690738754696e-16,0.0,0.0,0.0,0.0,0.0
tiny_dozero,1082,3.3306690738754696e-16,3.3306690738754696e-16,0.0,0.0,0.0,0.0,0.0
tiny_dozero,1083,4.440892098500626e-16,4.440892098500626e-16,0.0,0.0,-4.821637332766436e-17,0.0,0.0
tiny_dozero,1084,3.3306690738754696e-16,3.3306690738754696e-16,0.0,0.0,0.0,0.0,0.0
tiny_dozero,1085,3.3306690738754696e-16,3.3306690738754696e-16,7.355227538141662e-16,7.355227538141662e-16,0.0,0.0,0.0
tiny_dozero,1086,3.3306690738754696e-16,3.3306690738754696e-16,7.355227538141662e-16,7.355227538141662e-16,0.0,0.0,0.0
tiny_dozero,1087,3.3306690738754696e-16,3.3306690738754696e-16,7.355227538141662e-16,7.355227538141662e-16,0.0,0.0,0.0
tiny_dozero,1088,2.220446049250313e-16,2.220446049250313e-16,7.355227538141662e-16,7.355227538141662e-16,0.0,0.0,0.0
tiny_dozero,1089,0.0,0.0,0.0,0.0,0.0,0.0,0.0
tiny_dozero,1090,1.1102230246251565e-16,1.1102230246251565e-16,0.0,0.0,0.0,0.0,0.0
tiny_dozero,1091,0.0,0.0,0.0,0.0,0.0,0.0,0.0
tiny_dozero,1092,0.0,0.0,0.0,0.0,0.0,0.0,0.0
tiny_dozero,1093,1.1102230246251565e-16,1.1102230246251565e-16,0.0,0.0,0.0,0.0,0.0
tiny_dozero,1094,0.0,0.0,0.0,0.0,0.0,0.0,0.0
tiny_dozero,1095,1.1102230246251565e-16,1.1102230246251565e-16,0.0,0.0,0.0,0.0,0.0
tiny_dozero,1096,0.0,0.0,0.0,0.0,0.0,0.0,0.0
tiny_dozero,1097,0.0,0.0,0.0,0.0,0.0,0.0,0.0
tiny_dozero,1098,0.0,0.0,0.0,0.0,0.0,0.0,0.0
tiny_dozero,1099,0.0,0.0,0.0,0.0,0.0,0.0,0.0
tiny_dozero,1100,0.0,0.0,0.0,0.0,0.0,0.0,0.0
tiny_dozero,1101,0.0,0.0,0.0,0.0,0.0,0.0,0.0
tiny_dozero,1102,0.0,0.0,0.0,0.0,0.0,0.0,0.0
tiny_dozero,1103,3.3306690738754696e-16,3.3306690738754696e-16,7.355227538141662e-16,7.355227538141662e-16,0.0,0.0,0.0
tiny_dozero,1104,4.440892098500626e-16,4.440892098500626e-16,7.355227538141662e-16,7.355227538141662e-16,0.0,0.0,0.0
tiny_dozero,1105,2.220446049250313e-16,2.220446049250313e-16,0.0,0.0,0.0,0.0,0.0
tiny_dozero,1106,3.3306690738754696e-16,3.3306690738754696e-16,0.0,0.0,0.0,0.0,0.0
tiny_dozero,1107,3.3306690738754696e-16,3.3306690738754696e-16,7.355227538141662e-16,7.355227538141662e-16,0.0,0.0,0.0
tiny_dozero,1108,2.220446049250313e-16,2.220446049250313e-16,7.355227538141662e-16,7.355227538141662e-16,0.0,0.0,0.0
tiny_dozero,1109,3.3306690738754696e-16,3.3306690738754696e-16,7.355227538141662e-16,7.355227538141662e-16,0.0,0.0,0.0
tiny_dozero,1110,3.3306690738754696e-16,3.3306690738754696e-16,7.355227538141662e-16,7.355227538141662e-16,0.0,0.0,0.0
tiny_dozero,1111,3.3306690738754696e-16,3.3306690738754696e-16,7.355227538141662e-16,7.355227538141662e-16,0.0,0.0,0.0
tiny_dozero,1112,3.3306690738754696e-16,3.3306690738754696e-16,1.3877787807814457e-17,1.3877787807814457e-17,-4.821637332766436e-17,0.0,0.0
tiny_dozero,1113,0.0,0.0,0.0,0.0,0.0,0.0,0.0
tiny_dozero,1114,0.0,1.3877787807814457e-17,7.350076797196792e-11,7.350076797196792e-11,-1.2347597021516683e-09,0.0,0.0
tiny_dozero,1115,0.0,5.551115123125783e-17,1.0435258847862894e-06,1.0435258847862894e-06,-1.7530466367223082e-05,0.0,0.0
tiny_dozero,1116,0.0,0.0,-5.168917306489634e-05,-5.168917306489634e-05,0.0008683400412558727,0.0,0.0
tiny_dozero,1117,0.0,0.0,-9.299462154489097e-05,-9.299462154489097e-05,0.0015622411565259888,0.0,0.0
tiny_dozero,1118,0.0,0.0,-0.0005643976068175419,-0.0005643976068175419,0.00948146414671701,0.0,0.0
tiny_dozero,1119,0.0,0.0,-0.0006781267391969825,-0.0006781267391969825,0.01139202981543572,0.0,0.0
tiny_dozero,1120,-1.1102230246251565e-16,-1.1102230246251565e-16,-0.0006698718575175941,-0.0006698718575175941,0.011253353882487542,0.0,0.0
tiny_dozero,1121,0.0,0.0,-0.0006834915819057853,-0.0006834915819057853,0.011482155222032801,0.0,0.0
tiny_dozero,1122,0.0,0.0,-0.0005323538826142206,-0.0005323538826142206,0.008943153178544327,0.0,0.0
tiny_dozero,1123,0.0,0.0,-0.0005216442786310643,-0.0005216442786310643,0.00876323971866122,0.0,0.0
tiny_dozero,1124,0.0,0.0,-0.00037278365201139606,-0.00037278365201139606,0.006262490819122687,0.0,0.0
tiny_dozero,1125,0.0,0.0,-0.00036496433929099,-0.00036496433929099,0.006131132123909767,0.0,0.0
tiny_dozero,1126,0.0,0.0,-0.0002376554981519093,-0.0002376554981519093,0.003992437348738176,0.0,0.0
tiny_dozero,1127,0.0,0.0,-0.00023423489335336594,-0.00023423489335336594,0.003934973707211264,0.0,0.0
tiny_dozero,1128,0.0,0.0,-0.00012237919677333302,-0.00012237919677333302,0.0020558803802390338,0.0,0.0
tiny_dozero,1129,-1.1102230246251565e-16,-1.1102230246251565e-16,-0.00012063498951992184,-0.00012063498951992184,0.0020265789828964624,0.0,0.0
tiny_dozero,1130,0.0,0.0,0.0,0.0,0.0,0.0,0.0
tiny_dozero,1131,0.0,0.0,0.0,0.0,0.0,0.0,0.0
tiny_dozero,1132,0.0,0.0,-0.00012406399510437108,-0.00012406399510437108,0.002084183751438877,0.0,0.0
tiny_dozero,1133,0.0,0.0,0.0,0.0,0.0,0.0,0.0
tiny_dozero,1134,0.0,0.0,-0.00012646210532480696,-0.00012646210532480696,0.0021244702370661847,0.0,0.0
tiny_dozero,1135,0.0,0.0,0.0,0.0,0.0,0.0,0.0
tiny_dozero,1136,0.0,0.0,-0.00012978687869522748,-0.00012978687869522748,0.0021803239811755276,0.0,0.0
tiny_dozero,1137,0.0,0.0,0.0,0.0,0.0,0.0,0.0
tiny_dozero,1138,0.0,0.0,-0.00013418558287515373,-0.00013418558287515373,0.0022542189719961824,0.0,0.0
tiny_dozero,1139,0.0,0.0,0.0,0.0,0.0,0.0,0.0
tiny_dozero,1140,0.0,0.0,-0.00013951378348809468,-0.00013951378348809468,0.002343728818365186,0.0,0.0
tiny_dozero,1141,0.0,0.0,0.0,0.0,0.0,0.0,0.0
tiny_dozero,1142,0.0,0.0,-0.0001448620487126493,-0.0001448620487126493,0.0024335757354329588,0.0,0.0
tiny_dozero,1143,0.0,0.0,0.0,0.0,0.0,0.0,0.0
tiny_dozero,1144,0.0,0.0,-0.0001476834974622138,-0.0001476834974623968,0.0024809739965869562,0.0,-1.8301332671555315e-16
tiny_dozero,1145,0.0,0.0,0.0,0.0,0.0,0.0,0.0
tiny_dozero,1146,0.0,0.0,-0.0002759501213524095,-0.0002759501213524095,0.004635758816622691,0.0,0.0
tiny_dozero,1147,0.0,0.0,-0.00027287336786763206,-0.00027287336786763206,0.0045840716239386224,0.0,0.0
tiny_dozero,1148,0.0,0.0,-0.0002654560983887926,-0.0002654560983887926,0.004459466959102493,0.0,0.0
tiny_dozero,1149,0.0,0.0,-0.00025674449561372686,-0.00025674449561372686,0.004313118448098753,0.0,0.0
tiny_dozero,1150,0.0,0.0,-0.0002487957521513113,-0.0002487957521513113,0.0041795854117438105,0.0,0.0
tiny_dozero,1151,0.0,0.0,-0.000242420167703275,-0.000242420167703275,0.0040724802882852245,0.0,0.0
tiny_dozero,1152,0.0,0.0,-0.0003825879358838602,-0.0003825879358838602,0.006427195567860832,0.0,0.0
tiny_dozero,1153,0.0,0.0,-0.0005401849055637863,-0.0005401849055637863,0.009074708596979137,0.0,0.0
tiny_dozero,1154,0.0,0.0,-0.0006343216323766304,-0.0006343216323766304,0.010656136280907488,0.0,0.0
tiny_dozero,1155,0.0,0.0,-0.0004592728979669475,-0.0004592728979669475,0.007715446456598814,0.0,0.0
tiny_dozero,1156,0.0,0.0,-4.415986730174626e-05,-4.415986730174626e-05,0.000741853249353671,0.0,0.0
tiny_dozero,1157,0.0,0.0,-0.00041286281001935016,-0.00041286281001935016,0.006935791157556715,0.0,0.0
tiny_dozero,1158,0.0,0.0,-0.0005802769809265668,-0.0005802769809265668,0.009748225937463523,0.0,0.0
tiny_dozero,1159,0.0,0.0,-0.0005394722773419992,-0.0005394722773419992,0.009062736967662246,0.0,0.0
tiny_dozero,1160,0.0,0.0,-0.0003934348354417659,-0.00039343483544158203,0.006609415492288205,-1.8388068845354155e-16,0.0
tiny_dozero,1161,0.0,0.0,-0.00040278225384285035,-0.00040278225384285035,0.00676644523756442,0.0,0.0
tiny_dozero,1162,0.0,0.0,-0.0005262725028776019,-0.000526272502877418,0.00884099047756638,-1.8388068845354155e-16,0.0
tiny_dozero,1163,0.0,0.0,-0.0005468381623979536,-0.0005468381623979536,0.009186478412034009,0.0,0.0
tiny_dozero,1164,0.0,0.0,-0.0005134101344606359,-0.0005134101344606359,0.008624912160591762,0.0,0.0
tiny_dozero,1165,0.0,0.0,-0.000407018316613033,-0.000407018316613033,0.006837607972476743,0.0,0.0
tiny_dozero,1166,0.0,0.0,-0.0004062863838495724,-0.0004062863838495724,0.0068253120410801905,0.0,0.0
tiny_dozero,1167,0.0,0.0,0.0,0.0,0.0,0.0,0.0
tiny_dozero,1168,0.0,0.0,-0.0001186203134368926,-0.0001186203134368926,0.0019927339083985088,0.0,0.0
tiny_dozero,1169,0.0,0.0,0.0,0.0,0.0,0.0,0.0
tiny_dozero,1170,0.0,0.0,-0.0001162919664338246,-0.0001162919664338246,0.001953619393448545,0.0,0.0
tiny_dozero,1171,0.0,0.0,0.0,0.0,0.0,0.0,0.0
tiny_dozero,1172,0.0,0.0,-0.0001136014797803904,-0.0001136014797803904,0.0019084211990647647,0.0,0.0
tiny_dozero,1173,0.0,0.0,0.0,0.0,0.0,0.0,0.0
tiny_dozero,1174,0.0,0.0,-0.00011049599729910306,-0.00011049599729910306,0.001856251380395587,0.0,0.0
tiny_dozero,1175,0.0,0.0,0.0,0.0,0.0,0.0,0.0
tiny_dozero,1176,0.0,0.0,-0.00010692033641999813,-0.00010692033641999813,0.0017961829109028981,0.0,0.0
tiny_dozero,1177,0.0,0.0,-0.00020880189873677922,-0.00020880189873677922,0.0035077181276573603,0.0,0.0
tiny_dozero,1178,0.0,0.0,-0.00032537752875646565,-0.00032537752875646565,0.0054661028604414035,0.0,0.0
tiny_dozero,1179,0.0,0.0,-0.00046743690662460514,-0.00046743690662460514,0.007852595789703347,0.0,0.0
tiny_dozero,1180,0.0,0.0,-0.000642966930577523,-0.000642966930577523,0.010801370923896887,0.0,0.0
tiny_dozero,1181,0.0,0.0,-0.0008312416369972049,-0.0008312416369972049,0.013964247337770986,0.0,0.0
tiny_dozero,1182,0.0,0.0,-0.0008671791568291287,-0.0008671791568291287,0.014567971204939457,0.0,0.0
tiny_dozero,1183,0.0,0.0,-0.00023641785043133218,-0.00023641785043133218,0.003971645778492569,0.0,0.0
tiny_dozero,1184,1.1102230246251565e-16,1.1102230246251565e-16,3.472642544091742e-06,3.472642544091742e-06,-5.833783733005064e-05,0.0,0.0
tiny_dozero,1185,1.942890293094024e-16,1.6653345369377348e-16,7.85519566059989e-11,7.85519566059989e-11,-1.3196150227913435e-09,0.0,0.0
tiny_dozero,1186,2.220446049250313e-16,1.6653345369377348e-16,4.85722573273506e-17,4.85722573273506e-17,-3.375146132936506e-16,0.0,0.0
tiny_dozero,1187,1.249000902703301e-16,1.249000902703301e-16,2.6038199374411874e-13,2.6038199374411874e-13,-4.37467155204102e-12,0.0,0.0
tiny_dozero,1188,5.551115123125783e-17,1.1102230246251565e-16,2.4370679010954355e-07,2.4370679010954355e-07,-4.094094595938314e-06,0.0,0.0
tiny_dozero,1189,0.0,0.0,-5.87376312949639e-05,-5.87376312949639e-05,0.000986748948716848,0.0,0.0
tiny_dozero,1190,0.0,0.0,-0.0007916282880092579,-0.0007916282880092579,0.01329877224782696,0.0,0.0
tiny_dozero,1191,0.0,0.0,-0.0008317424530827761,-0.0008317424530827761,0.013972660679187638,0.0,0.0
tiny_dozero,1192,0.0,0.0,-0.0006580335984321048,-0.0006580335984321048,0.011054479848077108,0.0,0.0
tiny_dozero,1193,0.0,0.0,-0.00048217281892277107,-0.00048217281892277107,0.008100148264121266,0.0,0.0
tiny_dozero,1194,0.0,0.0,-0.0003362424870861514,-0.0003362424870861514,0.00564862615893619,0.0,0.0
tiny_dozero,1195,0.0,0.0,-0.00021563049471344173,-0.00021563049471344173,0.0036224335111755364,0.0,0.0
tiny_dozero,1196,0.0,0.0,-0.00022145453022273318,-0.00022145453022273318,0.003720273018652979,0.0,0.0
tiny_dozero,1197,-5.551115123125783e-17,-5.551115123125783e-17,-0.0003453056970800488,-0.0003453056970800488,0.005800881412277079,0.0,0.0
tiny_dozero,1198,0.0,0.0,-0.0004939383567700399,-0.0004939383567700399,0.008297800635283724,0.0,0.0
tiny_dozero,1199,0.0,0.0,-0.0006685879778616927,-0.0006685879778616927,0.011231785649778142,0.0,0.0
tiny_dozero,1200,0.0,-1.1102230246251565e-16,-0.0008255503255648888,-0.0008255503255648888,0.013868637497049773,0.0,0.0
tiny_dozero,1201,0.0,0.0,-0.000667935603753736,-0.000667935603753736,0.011220826245198812,0.0,0.0
tiny_dozero,1202,0.0,0.0,1.2703291846632991e-05,1.2703291846632991e-05,-0.00021340594774535405,0.0,0.0
tiny_dozero,1203,5.551115123125783e-17,8.326672684688674e-17,6.082880435465121e-09,6.0828796097367466e-09,-1.0218789899047994e-07,8.257283745649602e-16,0.0
tiny_dozero,1204,5.551115123125783e-17,5.551115123125783e-17,7.896613775149053e-06,7.896613774961703e-06,-0.0001326572959984465,1.8735013540549517e-16,0.0
tiny_dozero,1205,0.0,0.0,-0.000488582990728334,-0.000488582990728334,0.008207834429713696,0.0,0.0
tiny_dozero,1206,0.0,0.0,-0.0008053687146474843,-0.0008053687146474843,0.013529601296282666,0.0,0.0
tiny_dozero,1207,0.0,0.0,-0.0006764028962021329,-0.0006764028962021329,0.011363070522636153,0.0,0.0
tiny_dozero,1208,0.0,0.0,-0.0005032945324814006,-0.0005032945324814006,0.008454977496926003,0.0,0.0
tiny_dozero,1209,0.0,0.0,-0.0003528526606478583,-0.0003528526606478583,0.005927664842290758,0.0,0.0
tiny_dozero,1210,0.0,0.0,-0.00022641389282334733,-0.00022641389282334733,0.0038035866580458533,0.0,0.0
tiny_dozero,1211,0.0,0.0,-0.0002306364314405467,-0.0002306364314405467,0.0038745221971442615,0.0,0.0
tiny_dozero,1212,-1.1102230246251565e-16,-1.1102230246251565e-16,-0.00035913763059561635,-0.00035913763059561635,0.006033247708880278,0.0,0.0
tiny_dozero,1213,0.0,0.0,-0.0005115192506464708,-0.0005115192506464708,0.008593146705045566,0.0,0.0
tiny_dozero,1214,0.0,0.0,-0.0006830092903631138,-0.0006830092903629299,0.011474053079294203,0.0,1.8388068845354155e-16
tiny_dozero,1215,0.0,0.0,-0.0007599011405573543,-0.0007599011405573543,0.012765779535937312,0.0,0.0
tiny_dozero,1216,0.0,0.0,-0.0002664749828895502,-0.0002664749828895502,0.004476583468364213,0.0,0.0
original_initial_dozero,0,0.0,0.0,-0.00019156138633449546,-0.00019156138628361428,0.003218090215989213,-3.9860476030995073e-14,1.1020698242880655e-14
original_initial_dozero,1,0.0,0.0,-0.00010282104011070502,-0.00010282104008719258,0.0017273177518160917,-1.836898688711841e-14,5.143455106271233e-15
original_initial_dozero,2,0.0,0.0,-0.00018201138793392645,-0.00018201138788359605,0.003057657275904019,-3.930970132737244e-14,1.1020698242880655e-14
original_initial_dozero,3,0.0,0.0,-0.0002604547782613627,-0.0002604547781763144,0.004375448464162451,-6.649542028114297e-14,1.8552867575571952e-14
original_initial_dozero,4,-1.1102230246251565e-16,0.0,-0.0002438471399781074,-0.00024384713989581384,0.004096452371615184,-6.429145410491444e-14,1.8002092871949316e-14
original_initial_dozero,5,0.0,0.0,-0.00030455712246631184,-0.00030455712233956513,0.005116335367850019,-9.900847502963828e-14,2.7738228380869145e-14
original_initial_dozero,6,0.0,0.0,-0.0002791390467607466,-0.00027913904664208285,0.0046893304150130745,-9.276347051612177e-14,2.5900288858071718e-14
original_initial_dozero,7,0.0,0.0,-0.0003123027453799795,-0.00031230274521080147,0.005246456128575187,-1.3225618517020976e-13,3.692185446269036e-14
original_initial_dozero,8,0.0,0.0,-0.0002781006717793733,-0.00027810067162764573,0.0046718864800331175,-1.186628920124555e-13,3.306469681385593e-14
original_initial_dozero,9,0.0,0.0,-0.00027561310529610524,-0.0002756131051024962,0.004630097195070265,-1.5172758882631143e-13,4.1881428880508054e-14
original_initial_dozero,10,0.0,0.0,-0.0002357373921713429,-0.00023573739200822685,0.0039602145808449556,-1.278473854560147e-13,3.5268662990084465e-14
original_initial_dozero,11,0.0,0.0,-0.00019773353095282496,-0.0001977335307810752,0.003321777700129214,-1.3593032949232864e-13,3.58194376937071e-14
original_initial_dozero,12,0.0,0.0,-0.00015818207365402622,-0.00015818207352287159,0.0026573423449830205,-1.0323382773624878e-13,2.7920808026715704e-14
original_initial_dozero,13,0.0,-1.1102230246251565e-16,-9.628843488026563e-05,-9.628843478750259e-05,0.0016175747948484534,-7.402672225209628e-14,1.87363145831565e-14
original_initial_dozero,14,0.0,0.0,-6.49107769107103e-05,-6.491077685358282e-05,0.0010904532488814264,-4.518781182571985e-14,1.1939668004279369e-14
original_initial_dozero,15,-5.551115123125783e-17,0.0,-1.375231408548146e-05,-1.3752314072990583e-05,0.0002310287488118998,-9.91923015079832e-15,2.57164623797268e-15
original_initial_dozero,16,-5.551115123125783e-17,-1.1102230246251565e-16,-4.605290405335156e-06,-4.605290401845055e-06,7.73654872678839e-05,-2.7553507435731928e-15,7.347502597662703e-16
original_initial_dozero,17,-2.220446049250313e-16,-1.6653345369377348e-16,-5.6755369941785464e-08,-5.6755369941785464e-08,9.534484180859514e-07,-1.836894707656989e-16,-1.836894707656989e-16
original_initial_dozero,18,-1.942890293094024e-16,-1.942890293094024e-16,-2.0655487384050166e-09,-2.0655479118023783e-09,3.469968400888698e-08,-7.347578962976854e-16,9.184474200029435e-17
original_initial_dozero,19,-3.0531133177191805e-16,-3.122502256758253e-16,-3.932791647226299e-13,-3.9318731998542144e-13,6.6062217423197034e-12,-3.6737894883062046e-16,-2.7553421162215755e-16
original_initial_dozero,20,-2.7755575615628914e-16,-3.0531133177191805e-16,-1.4695157953204276e-15,-2.2501960615844043e-15,2.5168946877040063e-14,3.673789488301061e-16,-4.1330131743387057e-16
original_initial_dozero,21,-3.885780586188048e-16,-3.3306690738754696e-16,-7.5771908196209565e-16,0.0,2.8929823996598605e-16,-1.8368947441505345e-16,5.740296075470422e-16
original_initial_dozero,22,-2.7755575615628914e-16,-2.7755575615628914e-16,0.0,5.740296075470359e-18,0.0,-5.740296075470359e-18,0.0
original_initial_dozero,23,-2.7755575615628914e-16,-2.7755575615628914e-16,0.0,0.0,0.0,0.0,0.0
original_initial_dozero,24,-2.220446049250313e-16,-2.220446049250313e-16,0.0,0.0,0.0,0.0,0.0
original_initial_dozero,25,-1.1102230246251565e-16,-1.1102230246251565e-16,0.0,0.0,0.0,0.0,0.0
original_initial_dozero,26,-1.1102230246251565e-16,-1.1102230246251565e-16,0.0,0.0,0.0,0.0,0.0
original_initial_dozero,27,-1.1102230246251565e-16,-1.1102230246251565e-16,0.0,0.0,0.0,0.0,0.0
original_initial_dozero,28,-5.551115123125783e-17,-5.551115123125783e-17,0.0,0.0,0.0,0.0,0.0
original_initial_dozero,29,-5.551115123125783e-17,-5.551115123125783e-17,0.0,0.0,0.0,0.0,0.0
original_initial_dozero,30,-5.551115123125783e-17,-5.551115123125783e-17,-7.34757897660214e-16,-7.34757897660214e-16,0.0,0.0,0.0
original_initial_dozero,31,-1.1102230246251565e-16,-1.1102230246251565e-16,0.0,-2.2961184301881682e-17,9.64327466553287e-17,0.0,-2.2961184301881682e-17
original_initial_dozero,32,-5.551115123125783e-17,-6.938893903907228e-17,-4.041168437131183e-15,-4.0411684371311705e-15,6.875654836524393e-14,-9.18447372075289e-17,-9.184473720751628e-17
original_initial_dozero,33,-4.163336342344337e-17,-5.551115123125783e-17,-3.0308763278483905e-15,-3.1227210650559194e-15,5.15915194605978e-14,0.0,-9.18447372075289e-17
original_initial_dozero,34,-5.551115123125783e-17,-8.326672684688674e-17,-1.639232011416732e-10,-1.6392329298641025e-10,2.7537898214829494e-09,0.0,-9.184473703721067e-17
original_initial_dozero,35,-5.551115123125783e-17,-2.7755575615628914e-17,-1.9582592983439265e-10,-1.9582583798965561e-10,3.289731200857865e-09,-9.184473703721067e-17,0.0
original_initial_dozero,36,0.0,0.0,-4.589371469895994e-07,-4.589371466222209e-07,7.709806086715798e-06,-1.8368925900746208e-16,1.8368925900746208e-16
original_initial_dozero,37,0.0,0.0,-2.0939760181563274e-07,-2.0939760144825422e-07,3.51772549884884e-06,-1.8368925900746208e-16,1.8368925900746208e-16
original_initial_dozero,38,0.0,2.7755575615628914e-17,-3.204619017223864e-11,-3.20460983275015e-11,5.383520085711397e-10,0.0,9.184473714060825e-17
original_initial_dozero,39,-2.7755575615628914e-17,2.7755575615628914e-17,-8.266026348677411e-16,-8.266026348677411e-16,1.3886315518367112e-14,4.592236860376445e-17,4.592236860376445e-17
original_initial_dozero,40,2.7755575615628914e-17,0.0,-3.673789488301077e-16,-3.673789488301077e-16,6.171695785940994e-15,0.0,0.0
original_initial_dozero,41,0.0,0.0,0.0,0.0,0.0,0.0,0.0
original_initial_dozero,42,0.0,0.0,0.0,0.0,0.0,0.0,0.0
original_initial_dozero,43,0.0,0.0,0.0,0.0,0.0,0.0,0.0
original_initial_dozero,44,-5.551115123125783e-17,0.0,0.0,0.0,0.0,0.0,0.0
original_initial_dozero,45,0.0,0.0,0.0,0.0,0.0,0.0,0.0
original_initial_dozero,46,0.0,0.0,0.0,0.0,0.0,0.0,0.0
original_initial_dozero,47,0.0,0.0,0.0,0.0,0.0,0.0,0.0
original_initial_dozero,48,0.0,0.0,0.0,0.0,0.0,0.0,0.0
original_initial_dozero,49,0.0,0.0,0.0,0.0,0.0,0.0,0.0
original_initial_dozero,50,0.0,0.0,0.0,0.0,0.0,0.0,0.0
original_initial_dozero,51,0.0,0.0,0.0,0.0,0.0,0.0,0.0
original_initial_dozero,52,0.0,0.0,0.0,0.0,0.0,0.0,0.0
original_initial_dozero,53,-3.3306690738754696e-16,-3.3306690738754696e-16,0.0,0.0,0.0,0.0,0.0
original_initial_dozero,54,-3.885780586188048e-16,-3.885780586188048e-16,0.0,0.0,0.0,-1.7220888226411274e-17,-1.7220888226411274e-17
original_initial_dozero,55,-4.440892098500626e-16,-3.885780586188048e-16,-8.266026348677407e-16,-1.377671058112902e-16,1.639356693140585e-15,-1.377671058112902e-16,5.510684232451604e-16
original_initial_dozero,56,-3.469446951953614e-16,-3.469446951953614e-16,-4.7570155034003575e-11,-4.7570155034003575e-11,7.991440531950037e-10,-4.59223686013234e-16,-4.59223686013234e-16
original_initial_dozero,57,-2.220446049250313e-16,-1.6653345369377348e-16,-5.787739530689452e-07,-5.787739525178766e-07,9.722976177292482e-06,-7.347578830627956e-16,-1.8368925900746208e-16
original_initial_dozero,58,-5.551115123125783e-17,0.0,-3.483890451618887e-05,-3.4838904479818334e-05,0.0005852679389324693,-2.8839235687028175e-14,7.531301970953308e-15
original_initial_dozero,59,0.0,0.0,-0.00014156341165071301,-0.00014156341150174103,0.0023781610620621017,-1.186633256933245e-13,3.030865489139778e-14
original_initial_dozero,60,0.0,0.0,-0.0002499318018723759,-0.0002499318016462547,0.004198670210420632,-1.7799477169955225e-13,4.812643339402456e-14
original_initial_dozero,61,0.0,0.0,-0.00032562156095118644,-0.0003256215607212072,0.005470202421597492,-1.8019960523751877e-13,4.9779624866630456e-14
original_initial_dozero,62,0.0,0.0,-0.0003533232122681553,-0.0003533232120802414,0.005935569762978487,-1.4676801440849374e-13,4.114590612669389e-14
original_initial_dozero,63,0.0,0.0,-0.00033388152335818086,-0.0003338815232239046,0.00560896370702583,-1.0488658552798569e-13,2.9389685129999066e-14
original_initial_dozero,64,0.0,0.0,-0.0002790394883084562,-0.0002790394882208353,0.004687657906335782,-6.851637313065595e-14,1.9104509640932577e-14
original_initial_dozero,65,0.0,0.0,-0.0003670858952128202,-0.0003670858950719294,0.0061667727009874496,-1.1003004063425692e-13,3.08607306376274e-14
original_initial_dozero,66,0.0,0.0,-0.00040180207172021976,-0.00040180207151393685,0.006749978899755728,-1.610950955965862e-13,4.518781182571985e-14
original_initial_dozero,67,0.0,0.0,-0.0003877013382545258,-0.0003877013379833989,0.00651309696194914,-2.1216188528239144e-13,5.896498567192765e-14
original_initial_dozero,68,0.0,0.0,-0.00031827024405560976,-0.000318270243759319,0.005346705711592502,-2.331017323609075e-13,6.318903733593118e-14
original_initial_dozero,69,0.0,0.0,-0.0002050824332693632,-0.0002050824330349756,0.0034452338469820975,-1.857099543589591e-13,4.867764177851619e-14
original_initial_dozero,70,-5.551115123125783e-17,0.0,-7.704416768461648e-05,-7.704416759185344e-05,0.001294285278306386,-7.384305840407723e-14,1.8919978431175544e-14
original_initial_dozero,71,-1.1102230246251565e-16,-5.551115123125783e-17,-4.601941273767242e-06,-4.601941267889179e-06,7.730922431042195e-05,-4.95961507539916e-15,9.18447989103205e-16
original_initial_dozero,72,-3.608224830031759e-16,-3.885780586188048e-16,-2.200012556397901e-09,-2.200013291155794e-09,3.695859024731567e-08,-3.6737895145756514e-16,-1.102136844446528e-15
original_initial_dozero,73,-5.273559366969494e-16,-5.551115123125783e-16,-1.6118751379920955e-14,-1.611875137992093e-14,2.5872905927616985e-13,-5.510684232451734e-16,-5.510684232451481e-16
original_initial_dozero,74,-5.551115123125783e-16,-4.440892098500626e-16,-7.347578976602138e-16,0.0,0.0,-5.740296075470438e-17,6.773549369055094e-16
original_initial_dozero,75,-3.885780586188048e-16,-3.885780586188048e-16,0.0,0.0,0.0,0.0,0.0
original_initial_dozero,76,-2.220446049250313e-16,-2.220446049250313e-16,0.0,0.0,0.0,0.0,0.0
original_initial_dozero,77,0.0,0.0,0.0,0.0,0.0,0.0,0.0
original_initial_dozero,78,-1.1102230246251565e-16,-1.1102230246251565e-16,0.0,0.0,0.0,0.0,0.0
original_initial_dozero,79,0.0,0.0,0.0,0.0,0.0,0.0,0.0
original_initial_dozero,80,0.0,0.0,0.0,0.0,0.0,0.0,0.0
original_initial_dozero,81,0.0,0.0,0.0,0.0,0.0,0.0,0.0
original_initial_dozero,82,0.0,0.0,0.0,0.0,0.0,0.0,0.0
original_initial_dozero,83,0.0,0.0,0.0,0.0,0.0,0.0,0.0
original_initial_dozero,84,0.0,0.0,0.0,0.0,0.0,0.0,0.0
original_initial_dozero,85,-1.1102230246251565e-16,-1.1102230246251565e-16,-7.34757897660214e-16,-7.34757897660214e-16,0.0,0.0,0.0
original_initial_dozero,86,-2.220446049250313e-16,-2.220446049250313e-16,0.0,0.0,0.0,0.0,0.0
original_initial_dozero,87,-4.440892098500626e-16,-4.440892098500626e-16,0.0,0.0,0.0,0.0,0.0
original_initial_dozero,88,-2.220446049250313e-16,-2.220446049250313e-16,0.0,0.0,0.0,0.0,0.0
original_initial_dozero,89,0.0,0.0,-7.34757897660214e-16,-7.34757897660214e-16,0.0,0.0,0.0
original_initial_dozero,90,-1.1102230246251565e-16,-1.1102230246251565e-16,0.0,0.0,0.0,0.0,0.0
original_initial_dozero,91,0.0,0.0,0.0,0.0,0.0,0.0,0.0
original_initial_dozero,92,0.0,0.0,0.0,0.0,0.0,0.0,0.0
original_initial_dozero,93,0.0,0.0,0.0,0.0,0.0,0.0,0.0
original_initial_dozero,94,0.0,0.0,0.0,0.0,0.0,0.0,0.0
original_initial_dozero,95,0.0,0.0,0.0,0.0,0.0,0.0,0.0
original_initial_dozero,96,-1.1102230246251565e-16,-1.1102230246251565e-16,0.0,0.0,0.0,0.0,0.0
original_initial_dozero,97,-3.3306690738754696e-16,-3.3306690738754696e-16,0.0,0.0,0.0,0.0,0.0
original_initial_dozero,98,-3.3306690738754696e-16,-3.3306690738754696e-16,0.0,0.0,0.0,0.0,0.0
original_initial_dozero,99,-2.220446049250313e-16,-2.220446049250313e-16,0.0,0.0,0.0,0.0,0.0
original_initial_dozero,100,-1.1102230246251565e-16,-1.1102230246251565e-16,0.0,0.0,0.0,0.0,0.0
original_initial_dozero,101,0.0,0.0,0.0,0.0,0.0,0.0,0.0
original_initial_dozero,102,0.0,0.0,0.0,0.0,0.0,0.0,0.0
original_initial_dozero,103,0.0,0.0,0.0,0.0,0.0,0.0,0.0
original_initial_dozero,104,0.0,0.0,0.0,0.0,0.0,0.0,0.0
original_initial_dozero,105,0.0,0.0,0.0,0.0,0.0,0.0,0.0
original_initial_dozero,106,0.0,0.0,0.0,0.0,0.0,0.0,0.0
original_initial_dozero,107,-1.1102230246251565e-16,-1.1102230246251565e-16,0.0,0.0,0.0,0.0,0.0
original_initial_dozero,108,-3.3306690738754696e-16,-2.220446049250313e-16,-7.347578976602139e-16,0.0,0.0,0.0,7.347578976602139e-16
original_initial_dozero,109,-4.440892098500626e-16,-4.440892098500626e-16,-7.34757897660214e-16,-7.34757897660214e-16,0.0,0.0,0.0
original_initial_dozero,110,-3.3306690738754696e-16,-2.220446049250313e-16,0.0,0.0,0.0,0.0,0.0
original_initial_dozero,111,-3.3306690738754696e-16,-3.3306690738754696e-16,0.0,0.0,0.0,0.0,0.0
original_initial_dozero,112,-4.440892098500626e-16,-4.440892098500626e-16,0.0,0.0,0.0,0.0,0.0
original_initial_dozero,113,-5.551115123125783e-16,-5.551115123125783e-16,-7.34757897660214e-16,-7.34757897660214e-16,0.0,0.0,0.0
original_initial_dozero,114,-4.440892098500626e-16,-4.440892098500626e-16,-7.34757897660214e-16,-7.34757897660214e-16,0.0,0.0,0.0
original_initial_dozero,115,-5.551115123125783e-16,-6.106226635438361e-16,-7.347578976602142e-16,0.0,0.0,-1.1480592150940836e-16,6.199519761508059e-16
original_initial_dozero,116,-6.106226635438361e-16,-6.661338147750939e-16,-6.888355290564506e-16,-6.888355290564502e-16,-5.303801066043082e-16,-4.592236860376338e-16,-4.592236860376334e-16
original_initial_dozero,117,-5.93275428784068e-16,-6.054184931159057e-16,-2.466306728233716e-12,-2.466306728233716e-12,4.142046837064815e-11,-2.1124289557720287e-15,-2.1124289557720287e-15
original_initial_dozero,118,-2.7755575615628914e-16,-3.3306690738754696e-16,-9.531534372700883e-08,-9.531534354331936e-08,1.6012275674384795e-06,-1.65320523689129e-15,-1.4695157661255911e-15
original_initial_dozero,119,-1.1102230246251565e-16,-1.1102230246251565e-16,-2.5364181872483216e-05,-2.5364181839419115e-05,0.00042609957613137133,-2.7737089968588036e-14,5.327010534073029e-15
original_initial_dozero,120,-5.551115123125783e-17,0.0,-0.0001472920990176047,-0.0001472920988137092,0.002474398790961973,-1.6348380982300625e-13,4.0411684415486704e-14
original_initial_dozero,121,0.0,0.0,-0.0002925367764859358,-0.0002925367761295785,0.004914402407704936,-2.823305825239153e-13,7.402672225209628e-14
original_initial_dozero,122,0.0,0.0,-0.00040652025114949145,-0.00040652025076852016,0.006829240839488684,-2.9831172254635163e-13,8.265957363029486e-14
original_initial_dozero,123,0.0,0.0,-0.0004632802080830698,-0.0004632802077695116,0.0077827663153840565,-2.448579533576023e-13,6.870025381910949e-14
original_initial_dozero,124,0.0,0.0,-0.0004576613172767481,-0.00045766131705485096,0.007688373087842391,-1.7303519728173455e-13,4.8861956147838725e-14
original_initial_dozero,125,0.0,0.0,-0.0005521922286121587,-0.0005521922282635157,0.009276422781455582,-2.7167677829620374e-13,7.696621118213898e-14
original_initial_dozero,126,0.0,0.0,-0.0005176067624957943,-0.0005176067620248134,0.008695412420995752,-3.6829740646115994e-13,1.0268348671349514e-13
original_initial_dozero,127,0.0,0.0,-0.00041060511076863784,-0.00041060511025210397,0.006897863472815612,-4.0797400180370147e-13,1.0855986248836658e-13
original_initial_dozero,128,0.0,0.0,-0.0002524062189894383,-0.00025240621859671034,0.0042402385957154105,-3.1539484565690223e-13,7.733310519730807e-14
original_initial_dozero,129,0.0,-5.551115123125783e-17,-8.662649021039161e-05,-8.662649007133857e-05,0.0014552612398864959,-1.1352008742748776e-13,2.553296116203363e-14
original_initial_dozero,130,-2.7755575615628914e-16,-2.7755575615628914e-16,-2.6326961407687834e-06,-2.6326961358091717e-06,4.422735631787984e-05,-5.326993593414084e-15,-3.673819061467132e-16
original_initial_dozero,131,-6.661338147750939e-16,-6.661338147750939e-16,-5.97155102083788e-10,-5.97155010239051e-10,1.003175329097582e-08,-4.2248579111563164e-15,-4.133013174119106e-15
original_initial_dozero,132,-8.326672684688674e-16,-8.881784197001252e-16,-3.995246068527412e-15,-4.6840815975838665e-15,5.458093460691262e-14,-2.893109222037091e-15,-3.581944751093545e-15
original_initial_dozero,133,-7.216449660063518e-16,-7.216449660063518e-16,-7.003161212073913e-16,-7.117967133583324e-16,-4.339473599489794e-16,6.88835529056451e-17,5.740296075470398e-17
original_initial_dozero,134,-6.661338147750939e-16,-6.661338147750939e-16,-7.347578976602142e-16,-7.347578976602138e-16,0.0,-5.740296075470556e-18,-5.740296075470162e-18
original_initial_dozero,135,-7.216449660063518e-16,-7.216449660063518e-16,-7.347578976602142e-16,-7.347578976602142e-16,0.0,0.0,0.0
original_initial_dozero,136,-8.326672684688674e-16,-8.326672684688674e-16,-7.347578976602142e-16,-7.347578976602142e-16,-4.821637332766436e-17,2.4109243516975783e-16,2.4109243516975783e-16
original_initial_dozero,137,-1.0547118733938987e-15,-9.992007221626409e-16,-5.510684232451608e-16,-5.281072389432793e-16,-3.1340642662981944e-15,-1.7909723755467717e-15,-1.7680111912448902e-15
original_initial_dozero,138,-1.0651202142497596e-15,-1.0330278299441886e-15,-3.0993006570679896e-12,-3.0993006570679896e-12,5.205352874670703e-11,-9.827386881205365e-15,-9.827386881205365e-15
original_initial_dozero,139,-6.106226635438361e-16,-6.106226635438361e-16,-9.352501160112523e-08,-9.352501141743565e-08,1.5711513075668198e-06,-8.082336925448988e-15,-7.898647348804171e-15
original_initial_dozero,140,-1.6653345369377348e-16,-2.220446049250313e-16,-2.9825761611404673e-05,-2.982576155152191e-05,0.0005010508300259251,-5.198413314394523e-14,7.898629666991397e-15
original_initial_dozero,141,0.0,0.0,-0.00020300696285131033,-0.00020300696246078635,0.0034103674724311594,-3.1888510929056757e-13,7.16388753874142e-14
original_initial_dozero,142,0.0,0.0,-0.00040196743116254277,-0.00040196743049134183,0.00675275681660848,-5.347198378524709e-13,1.3648110419595127e-13
original_initial_dozero,143,0.0,0.0,-0.0005647537600444626,-0.0005647537593488315,0.00948744725863898,-5.450067480650134e-13,1.5062430469559018e-13
original_initial_dozero,144,0.0,0.0,-0.0006510889755657924,-0.0006510889750209678,0.010937815298257065,-4.228544597806305e-13,1.2197014231940528e-13
original_initial_dozero,145,0.0,-5.551115123125783e-17,-0.0007536590627054765,-0.0007536590618676675,0.0126609172249723,-6.484240228088467e-13,1.8938496604281596e-13
original_initial_dozero,146,-1.1102230246251565e-16,0.0,-0.0006050644468912816,-0.0006050644458885212,0.010164637111063813,-7.889470327038239e-13,2.1381334203152136e-13
original_initial_dozero,147,0.0,0.0,-0.00038324358304453205,-0.00038324358221186825,0.00643820995731234,-6.735887889131043e-13,1.590750101088112e-13
original_initial_dozero,148,-1.1102230246251565e-16,-5.551115123125783e-17,-0.0001356023805036649,-0.00013560238016567636,0.002278020128759851,-2.860045100055997e-13,5.1984024723727984e-14
original_initial_dozero,149,-5.551115123125783e-16,-5.551115123125783e-16,-5.124607395906887e-06,-5.1246073801095935e-06,8.60896302479951e-05,-2.590021431917236e-14,-1.0102921103871676e-14
original_initial_dozero,150,-1.1934897514720433e-15,-1.1934897514720433e-15,-2.1686216784256354e-09,-2.1686209436677374e-09,3.6431222069246646e-08,-2.4522544835257364e-14,-2.3787786937305317e-14
original_initial_dozero,151,-1.4432899320127035e-15,-1.4155343563970746e-15,-3.0859831701729e-14,-3.0905754070332754e-14,4.937356628750023e-13,-1.2582728997431181e-14,-1.2628651366034933e-14
original_initial_dozero,152,-9.992007221626409e-16,-1.1102230246251565e-15,-6.54393752603628e-16,-1.3776710581129007e-15,-1.3982748265022685e-15,4.592236860376334e-16,-2.6405361947163927e-16
original_initial_dozero,153,-8.881784197001252e-16,-8.881784197001252e-16,-7.318877496224785e-16,-7.347578976602142e-16,-9.643274665532872e-17,-2.296118430188183e-17,-2.5831332339617502e-17
original_initial_dozero,154,-6.661338147750939e-16,-6.661338147750939e-16,-7.347578976602142e-16,-7.347578976602142e-16,0.0,0.0,0.0
original_initial_dozero,155,-4.440892098500626e-16,-4.440892098500626e-16,0.0,0.0,0.0,0.0,0.0
original_initial_dozero,156,-4.440892098500626e-16,-4.440892098500626e-16,-7.34757897660214e-16,-7.34757897660214e-16,0.0,0.0,0.0
original_initial_dozero,157,-4.440892098500626e-16,-4.440892098500626e-16,-7.34757897660214e-16,-7.34757897660214e-16,0.0,0.0,0.0
original_initial_dozero,158,-6.661338147750939e-16,-6.661338147750939e-16,-7.347578976602142e-16,-7.347578976602142e-16,0.0,0.0,0.0
original_initial_dozero,159,-1.1102230246251565e-15,-1.1102230246251565e-15,-1.469515795320428e-15,-1.469515795320428e-15,0.0,0.0,0.0
original_initial_dozero,160,-1.2212453270876722e-15,-1.1102230246251565e-15,-7.117967133583324e-16,-7.117967133583324e-16,-3.375146132936506e-16,-1.7220888226411274e-16,-1.7220888226411274e-16
original_initial_dozero,161,-1.8318679906315083e-15,-1.8318679906315083e-15,-1.6532052697354839e-15,-2.433885535999459e-15,3.568011626247148e-15,-8.082336874262355e-15,-8.86301714052633e-15
original_initial_dozero,162,-1.880440247958859e-15,-1.8943180357666733e-15,-6.098821191633724e-11,-6.098830376107443e-11,1.0245328399004009e-09,-4.665712650144679e-14,-4.67489712386391e-14
original_initial_dozero,163,-1.1657341758564144e-15,-1.27675647831893e-15,-5.097251448460899e-07,-5.097251420907476e-07,8.563007036487323e-06,-5.235150022701537e-14,-4.959615795377165e-14
original_initial_dozero,164,-2.7755575615628914e-16,-2.7755575615628914e-16,-6.800118315222845e-05,-6.800118290645196e-05,0.001142369797823005,-2.2850970247956237e-13,1.7266786958569647e-14
original_initial_dozero,165,0.0,-5.551115123125783e-17,-0.00034809253644790166,-0.0003480925354117097,0.005847698261303295,-8.59850385337424e-13,1.7634158022694635e-13
original_initial_dozero,166,0.0,0.0,-0.0006388931215143626,-0.0006388931201122619,0.010732933931769936,-1.1109533432085428e-12,2.911473145905674e-13
original_initial_dozero,167,0.0,-1.1102230246251565e-16,-0.0008583553739370375,-0.0008583553726796821,0.014419738150583145,-9.689627572528892e-13,2.8839257371071625e-13
original_initial_dozero,168,0.0,0.0,-0.0009629990743750851,-0.0009629990725596831,0.016177675253609025,-1.3910799595562295e-12,4.243220358413069e-13
original_initial_dozero,169,0.0,0.0,-0.0006747177088801595,-0.0006747177068232042,0.011334760616677276,-1.6482457759758873e-12,4.0870952455751564e-13
original_initial_dozero,170,-5.551115123125783e-17,-1.1102230246251565e-16,-0.0002925920335221429,-0.0002925920322445824,0.004915330685218705,-1.1037902362953655e-12,1.7377028635467973e-13
original_initial_dozero,171,-8.881784197001252e-16,-9.43689570931383e-16,-2.4195543945408865e-05,-2.4195543775863497e-05,0.00040646731957991514,-2.3604097734546137e-13,-6.649561001652315e-14
original_initial_dozero,172,-2.192690473634684e-15,-2.248201624865942e-15,-4.4900541438400446e-08,-4.490054327529523e-08,7.54295991414628e-07,-1.267457373429613e-13,-1.2858263213002763e-13
original_initial_dozero,173,-2.7478019859472624e-15,-2.7547408798511697e-15,-3.7371623569742634e-12,-3.7371623569742634e-12,6.273239467716024e-11,-5.923985549885435e-14,-5.923985549885435e-14
original_initial_dozero,174,-2.220446049250313e-15,-2.275957200481571e-15,-1.7220888226411274e-15,-1.745050006943008e-15,-7.907485225737027e-15,2.2961184301881688e-15,2.273157245886288e-15
original_initial_dozero,175,-1.3877787807814457e-15,-1.27675647831893e-15,-1.463775499244957e-15,-7.318877496224785e-16,-9.643274665532872e-17,-1.0332532935846764e-16,6.285624202640109e-16
original_initial_dozero,176,-1.3322676295501878e-15,-1.27675647831893e-15,-1.4695157953204284e-15,-1.4695157953204276e-15,0.0,1.9517006656599417e-16,1.9517006656599496e-16
original_initial_dozero,177,-1.1102230246251565e-15,-1.1102230246251565e-15,-1.4695157953204276e-15,-1.469515795320428e-15,0.0,3.64150032287655e-17,3.641500322876511e-17
original_initial_dozero,178,-1.1102230246251565e-15,-1.2212453270876722e-15,-7.347578976602138e-16,-7.347578976602138e-16,0.0,7.462384898111565e-17,7.462384898111565e-17
original_initial_dozero,179,-8.326672684688674e-16,-7.216449660063518e-16,-1.469515795320428e-15,-1.469515795320428e-15,0.0,1.793842523584529e-17,1.793842523584529e-17
original_initial_dozero,180,-6.661338147750939e-16,-7.216449660063518e-16,0.0,-7.347578976602142e-16,0.0,5.568087193206309e-16,-1.779491783395833e-16
original_initial_dozero,181,-5.551115123125783e-16,-5.551115123125783e-16,-7.34757897660214e-16,-7.34757897660214e-16,0.0,0.0,0.0
original_initial_dozero,182,-5.551115123125783e-16,-5.551115123125783e-16,0.0,0.0,0.0,5.740296075470359e-18,5.740296075470359e-18
original_initial_dozero,183,-3.3306690738754696e-16,-3.3306690738754696e-16,0.0,0.0,0.0,0.0,0.0
original_initial_dozero,184,-4.440892098500626e-16,-3.3306690738754696e-16,-7.34757897660214e-16,-7.34757897660214e-16,0.0,0.0,0.0
original_initial_dozero,185,-3.3306690738754696e-16,-3.3306690738754696e-16,-7.347578976602141e-16,-7.347578976602141e-16,0.0,0.0,0.0
original_initial_dozero,186,-3.3306690738754696e-16,-3.3306690738754696e-16,0.0,0.0,0.0,0.0,0.0
original_initial_dozero,187,-4.440892098500626e-16,-4.440892098500626e-16,-7.347578976602138e-16,-7.347578976602138e-16,0.0,0.0,0.0
original_initial_dozero,188,-4.440892098500626e-16,-4.440892098500626e-16,0.0,0.0,0.0,0.0,0.0
original_initial_dozero,189,-4.440892098500626e-16,-4.440892098500626e-16,0.0,0.0,0.0,0.0,0.0
original_initial_dozero,190,-4.440892098500626e-16,-4.440892098500626e-16,0.0,0.0,0.0,0.0,0.0
original_initial_dozero,191,-3.3306690738754696e-16,-3.3306690738754696e-16,0.0,0.0,0.0,0.0,0.0
original_initial_dozero,192,-3.3306690738754696e-16,-4.440892098500626e-16,-7.34757897660214e-16,-7.34757897660214e-16,0.0,0.0,0.0
original_initial_dozero,193,-3.3306690738754696e-16,-3.3306690738754696e-16,0.0,0.0,0.0,0.0,0.0
original_initial_dozero,194,-4.440892098500626e-16,-4.440892098500626e-16,0.0,0.0,0.0,0.0,0.0
original_initial_dozero,195,-4.440892098500626e-16,-4.440892098500626e-16,-7.347578976602138e-16,-7.347578976602138e-16,0.0,0.0,0.0
original_initial_dozero,196,-5.551115123125783e-16,-5.551115123125783e-16,0.0,0.0,0.0,5.740296075470556e-18,5.740296075470556e-18
original_initial_dozero,197,-7.216449660063518e-16,-7.771561172376096e-16,-7.347578976602142e-16,-7.404981937356844e-16,0.0,-4.936654624904564e-16,-4.994057585659265e-16
original_initial_dozero,198,-1.1102230246251565e-15,-1.2212453270876722e-15,-7.347578976602138e-16,-1.4809963874713688e-15,0.0,-5.940058378896793e-14,-6.014682227877908e-14
original_initial_dozero,199,-1.3877787807814457e-15,-1.27675647831893e-15,-7.290176015847441e-16,-1.463775499244957e-15,-9.643274665532872e-17,-1.3087875052072568e-15,-2.04354540286747e-15
original_initial_dozero,200,-1.5543122344752192e-15,-1.5543122344752192e-15,-2.1985333969051717e-15,-1.4580352031694873e-15,-1.446491199829931e-16,-2.5257302732069816e-16,4.879251664149862e-16
original_initial_dozero,201,-2.1094237467877974e-15,-2.1094237467877974e-15,-2.1181692518485863e-15,-2.1181692518485847e-15,-1.4464911998299332e-15,-3.076798696452147e-15,-3.0767986964521455e-15
original_initial_dozero,202,-1.7208456881689926e-15,-1.7763568394002505e-15,-1.4293337227921353e-15,-2.1583513243768786e-15,-6.750292265873015e-16,-1.0803237214035334e-14,-1.1532254815620077e-14
original_initial_dozero,203,-1.5543122344752192e-15,-1.5543122344752192e-15,-2.1468707322259383e-15,-2.158351324376866e-15,-9.161110932256237e-16,-6.020881747639416e-13,-6.020996553560925e-13
original_initial_dozero,204,-1.3877787807814457e-15,-1.3877787807814457e-15,-1.4350740188676057e-15,-1.4465546110185486e-15,-4.821637332766439e-16,-3.342574404746427e-13,-3.3426892106679363e-13
original_initial_dozero,205,-1.3877787807814457e-15,-1.27675647831893e-15,-1.4695157953204284e-15,-1.4695157953204623e-15,-9.643274665532872e-17,-6.875267415512434e-13,-6.875267415512434e-13
original_initial_dozero,206,-1.0547118733938987e-15,-1.1102230246251565e-15,-7.462384898111541e-16,-1.4924769796223256e-15,2.8929823996598605e-16,-2.563845839148109e-13,-2.571308224046221e-13
original_initial_dozero,207,-1.1102230246251565e-15,-1.0547118733938987e-15,-1.5154381639241913e-15,-7.806802662639578e-16,4.821637332766433e-16,-3.3773605989637777e-13,-3.3700130199871754e-13
original_initial_dozero,208,-7.216449660063518e-16,-6.106226635438361e-16,-1.469515795320428e-15,-7.404981937356844e-16,9.64327466553287e-17,-2.6864585633201575e-15,-1.957440961735414e-15
original_initial_dozero,209,-7.771561172376096e-16,-6.661338147750939e-16,-7.404981937356844e-16,-7.404981937356844e-16,9.64327466553287e-17,-3.886180443093475e-15,-3.886180443093475e-15
original_initial_dozero,210,-4.440892098500626e-16,-4.440892098500626e-16,0.0,0.0,0.0,2.2961184301881633e-17,2.2961184301881633e-17
original_initial_dozero,211,-4.440892098500626e-16,-4.440892098500626e-16,-7.34757897660214e-16,-7.34757897660214e-16,0.0,8.610444113205637e-17,8.610444113205637e-17
original_initial_dozero,212,-4.440892098500626e-16,-4.440892098500626e-16,0.0,0.0,0.0,3.444177645282255e-17,3.444177645282255e-17
original_initial_dozero,213,-3.3306690738754696e-16,-3.3306690738754696e-16,0.0,0.0,0.0,0.0,0.0
original_initial_dozero,214,-3.3306690738754696e-16,-3.3306690738754696e-16,-7.34757897660214e-16,-7.34757897660214e-16,0.0,0.0,0.0
original_initial_dozero,215,-4.440892098500626e-16,-4.440892098500626e-16,5.740296075470359e-18,0.0,-4.821637332766436e-17,2.870148037735199e-17,2.2961184301881633e-17
original_initial_dozero,216,-3.3306690738754696e-16,-4.440892098500626e-16,0.0,-7.290176015847435e-16,0.0,4.592236860376346e-17,-6.8309523298098e-16
original_initial_dozero,217,-3.3306690738754696e-16,-4.440892098500626e-16,0.0,-7.34757897660214e-16,0.0,5.740296075470418e-17,-6.773549369055098e-16
original_initial_dozero,218,-4.440892098500626e-16,-4.440892098500626e-16,-7.347578976602138e-16,-7.347578976602138e-16,0.0,1.2054621758487892e-16,1.2054621758487892e-16
original_initial_dozero,219,-6.106226635438361e-16,-7.216449660063518e-16,-5.740296075470556e-18,-7.519787858866255e-16,9.64327466553287e-17,-5.017018769961149e-15,-5.763257259772304e-15
original_initial_dozero,220,-9.992007221626409e-16,-9.992007221626409e-16,-7.5771908196209565e-16,-7.806802662640082e-16,6.750292265873004e-16,-3.5679384286693955e-13,-3.5681680405124146e-13
original_initial_dozero,221,-1.3322676295501878e-15,-1.27675647831893e-15,-1.4924769796223095e-15,-1.515438163924189e-15,4.821637332766433e-16,-7.515195622005876e-13,-7.515425233848896e-13
original_initial_dozero,222,-1.5543122344752192e-15,-1.5543122344752192e-15,-1.4695157953204276e-15,-1.4695157953204623e-15,9.64327466553287e-17,-9.263230582908129e-13,-9.263230582908129e-13
original_initial_dozero,223,-1.942890293094024e-15,-1.942890293094024e-15,-2.1698319165278197e-15,-2.169831916527823e-15,-6.750292265873015e-16,-8.806303015300684e-13,-8.806303015300684e-13
original_initial_dozero,224,-2.275957200481571e-15,-2.275957200481571e-15,-2.4568467203013396e-15,-2.5027690889049668e-15,4.5323390928004254e-15,-1.0609444818527454e-12,-1.060990404221349e-12
original_initial_dozero,225,-1.8318679906315083e-15,-1.8318679906315083e-15,-2.319079614490051e-15,-2.3420407987919742e-15,2.2179531730725548e-15,-1.1127449136377903e-12,-1.1127678748220922e-12
original_initial_dozero,226,-1.7208456881689926e-15,-1.6653345369377348e-15,-1.5843217168298364e-15,-1.5843217168298293e-15,2.1215204264172266e-15,-1.040463105455467e-12,-1.040463105455467e-12
original_initial_dozero,227,-1.5543122344752192e-15,-1.4988010832439613e-15,-1.5154381639241913e-15,-1.5383993482262037e-15,8.678947198979575e-16,-9.524758472106561e-13,-9.52498808394958e-13
original_initial_dozero,228,-1.4988010832439613e-15,-1.4432899320127035e-15,-1.5613605325279546e-15,-1.5613605325281175e-15,1.3500584531745999e-15,-9.275859234274163e-13,-9.275859234274165e-13
original_initial_dozero,229,-1.3322676295501878e-15,-1.3322676295501878e-15,-1.5154381639241913e-15,-7.806802662639578e-16,7.71461973242629e-16,-7.466747523128906e-13,-7.459399944152304e-13
original_initial_dozero,230,-1.27675647831893e-15,-1.27675647831893e-15,-1.5154381639241915e-15,-8.036414505658715e-16,1.0607602132086145e-15,-7.18455456805878e-13,-7.177436600925197e-13
original_initial_dozero,231,-1.1102230246251565e-15,-1.0547118733938987e-15,-7.806802662639775e-16,-8.036414505658715e-16,7.71461973242629e-16,-3.5826335866225996e-13,-3.5828631984656187e-13
original_initial_dozero,232,-9.992007221626409e-16,-9.992007221626409e-16,-7.806802662639775e-16,-1.5383993482261027e-15,7.71461973242629e-16,-3.5576058957335484e-13,-3.56518308655317e-13
original_initial_dozero,233,-6.106226635438361e-16,-7.216449660063518e-16,-7.404981937356848e-16,-1.4867366835468393e-15,9.64327466553287e-17,-4.948135217055504e-15,-5.694373706866659e-15
original_initial_dozero,234,-1.27675647831893e-15,-1.2212453270876722e-15,-1.5383993482260731e-15,-1.5383993482260017e-15,1.0607602132086145e-15,-7.102583140101062e-13,-7.102583140101062e-13
original_initial_dozero,235,-1.4988010832439613e-15,-1.4988010832439613e-15,-1.5843217168298364e-15,-1.607282901131743e-15,1.8322221864512418e-15,-8.811813699533135e-13,-8.812043311376154e-13
original_initial_dozero,236,-1.609823385706477e-15,-1.609823385706477e-15,-1.6072829011317186e-15,-2.365001983093686e-15,2.6036841596938673e-15,-1.0038170553096636e-12,-1.0045747743916258e-12
original_initial_dozero,237,-1.7763568394002505e-15,-1.8318679906315083e-15,-1.7220888226411266e-15,-1.6991276383391962e-15,4.050175359523787e-15,-1.099817766875831e-12,-1.0997948056915291e-12
original_initial_dozero,238,-2.0539125955565396e-15,-2.0539125955565396e-15,-2.663497379018276e-15,-2.686458563320075e-15,8.100350719047535e-15,-1.1379103716326527e-12,-1.1379333328169544e-12
original_initial_dozero,239,-1.7763568394002505e-15,-1.8318679906315083e-15,-1.7450500069430084e-15,-1.7450500069430238e-15,4.821637332766409e-15,-1.0637687075218767e-12,-1.063768707521877e-12
original_initial_dozero,240,-1.5543122344752192e-15,-1.5543122344752192e-15,-1.6761664540373631e-15,-1.6532052697355706e-15,3.1822806396258358e-15,-9.496975439101284e-13,-9.496745827258267e-13
original_initial_dozero,241,-1.4988010832439613e-15,-1.4432899320127035e-15,-1.5843217168298366e-15,-1.607282901131743e-15,1.8322221864512418e-15,-8.692874764849388e-13,-8.693104376692407e-13
original_initial_dozero,242,-1.609823385706477e-15,-1.609823385706477e-15,-1.6761664540373631e-15,-1.6761664540374844e-15,3.278713386281164e-15,-9.362882122778295e-13,-9.362882122778297e-13
original_initial_dozero,243,-1.7208456881689926e-15,-1.7763568394002505e-15,-2.5486914575088673e-15,-1.813933559848563e-15,5.785964799319684e-15,-1.0120141981054353e-12,-1.0112794402077751e-12
original_initial_dozero,244,-1.9984014443252818e-15,-1.9984014443252818e-15,-2.7323809319239208e-15,-1.9976230342638734e-15,8.968245438945478e-15,-1.1045477708420184e-12,-1.1038130129443584e-12
original_initial_dozero,245,-2.220446049250313e-15,-2.275957200481571e-15,-3.12272106505591e-15,-3.145682249357745e-15,1.542923946485232e-14,-1.1276237610654097e-12,-1.1276467222497116e-12
original_initial_dozero,246,-2.275957200481571e-15,-2.275957200481571e-15,-2.9160704063389742e-15,-2.916070406339011e-15,1.1957660585260595e-14,-1.1645453454228355e-12,-1.1645453454228355e-12
original_initial_dozero,247,-2.831068712794149e-15,-2.7200464103316335e-15,-4.4774309388669296e-15,-4.4774309388669264e-15,2.565111061031668e-14,-1.0016816651695887e-12,-1.0016816651695887e-12
original_initial_dozero,248,-2.55351295663786e-15,-2.55351295663786e-15,-2.1009483636221746e-15,-2.835706261282363e-15,-1.8322221864512493e-15,-2.1747685711527242e-13,-2.182116150129326e-13
original_initial_dozero,249,-3.6637359812630166e-15,-3.6637359812630166e-15,-3.983765476376473e-15,-3.9952460685273934e-15,5.303801066043047e-15,-2.2735016636508156e-13,-2.2736164695723247e-13
original_initial_dozero,250,-2.4424906541753444e-15,-2.3869795029440866e-15,-2.743861524074861e-15,-2.0091036264146473e-15,-3.2787133862811884e-15,-3.80007600196142e-15,-3.065318104301206e-15
original_initial_dozero,251,-3.747002708109903e-15,-3.733124920302089e-15,-1.3277993658092137e-12,-1.3277993658092145e-12,2.2244527401401614e-11,-4.3075181750329664e-14,-4.307518175033047e-14
original_initial_dozero,252,-3.58046925441613e-15,-3.552713678800501e-15,-6.05409601917946e-09,-6.054097305005785e-09,1.0170429207733818e-07,-2.1978445613536364e-13,-2.2107028246050203e-13
original_initial_dozero,253,-2.1094237467877974e-15,-2.1094237467877974e-15,-6.698317548509043e-06,-6.6983174122114465e-06,0.00011252680183604571,-4.2303686324362405e-13,-2.8673926704162953e-13
original_initial_dozero,254,-4.440892098500626e-16,-4.440892098500626e-16,-0.0002190381340264737,-0.00021903813241772106,0.0036796793420846036,-1.495048659524989e-12,1.137039681159413e-13
original_initial_dozero,255,0.0,-1.1102230246251565e-16,-0.0007074750635394653,-0.0007074750604273983,0.01188506005095978,-2.5305061865377176e-12,5.815608411507966e-13
original_initial_dozero,256,0.0,0.0,-0.001095884269794527,-0.0010958842670485535,0.018410048674013628,-2.086712747040309e-12,6.592608403632738e-13
original_initial_dozero,257,0.0,0.0,-0.0012586809937923868,-0.0012586809895546707,0.021144913746336508,-3.1776439118891275e-12,1.060072168934667e-12
original_initial_dozero,258,-1.6653345369377348e-16,-1.6653345369377348e-16,-0.0007316182703309979,-0.0007316182654841675,0.01229064814491392,-4.011043233664857e-12,8.357871686404117e-13
original_initial_dozero,259,-1.3322676295501878e-15,-1.3322676295501878e-15,-0.00014415153355226023,-0.00014415153135845682,0.0024216396039723987,-2.3789623699796425e-12,-1.8515896281490196e-13
original_initial_dozero,260,-3.885780586188048e-15,-3.885780586188048e-15,-2.017267422406923e-06,-2.0172673011718698e-06,3.388860702922871e-05,-7.430239234350539e-13,-6.217888701885938e-13
original_initial_dozero,261,-5.162537064506978e-15,-5.162537064506978e-15,-2.68093952121662e-09,-2.680936765874504e-09,4.5037722299298013e-08,-2.682784773836551e-13,-2.655231352675757e-13
original_initial_dozero,262,-4.884981308350689e-15,-4.912736883966318e-15,-2.225903128593015e-12,-2.225168370695354e-12,3.7306840264197995e-11,-2.387963167395802e-15,-1.6532052697345609e-15
original_initial_dozero,263,-6.189493362285248e-15,-6.161737786669619e-15,-7.807445575800226e-12,-7.806664895533959e-12,1.3104805250946037e-10,5.065237256994869e-14,5.143305283621578e-14
original_initial_dozero,264,-6.925016116099414e-15,-6.938893903907228e-15,-3.707067959312423e-09,-3.707062724162402e-09,6.227590150930166e-08,-2.2658096669100648e-13,-2.213458166699593e-13
original_initial_dozero,265,-6.2450045135165055e-15,-6.2727600891321345e-15,-1.10855900662007e-06,-1.1085587479852897e-06,1.8622974807927506e-05,-1.142272996720509e-12,-8.836382163766908e-13
original_initial_dozero,266,-3.219646771412954e-15,-3.3306690738754696e-15,-9.071525285485657e-05,-9.071525001336407e-05,0.0015239494411004332,-3.8686840189705585e-12,-1.0271915154395905e-12
original_initial_dozero,267,-6.661338147750939e-16,-6.661338147750939e-16,-0.0007394048784790308,-0.0007394048708059542,0.012421457427393598,-6.487544876310203e-12,1.1855317075259997e-12
original_initial_dozero,268,-5.551115123125783e-17,0.0,-0.0014606657594900783,-0.001460665752888092,0.02453810905937826,-4.853995677622791e-12,1.7479906411210777e-12
original_initial_dozero,269,-3.3306690738754696e-16,-3.3306690738754696e-16,-0.0017041827920387734,-0.001704182781889746,0.028629015869285682,-7.2507746334826706e-12,2.898252818295255e-12
original_initial_dozero,270,-1.9984014443252818e-15,-2.1094237467877974e-15,-0.0007296192136714745,-0.0007296192022221096,0.012257065465193525,-9.646636787985496e-12,1.8027281056820499e-12
original_initial_dozero,271,-6.6058269965196814e-15,-6.5503158452884236e-15,-6.692640927893917e-05,-6.692640565162311e-05,0.0011243143881527395,-5.54429939458867e-12,-1.9169833363925914e-12
original_initial_dozero,272,-8.93729534823251e-15,-8.965050923848139e-15,-1.1913317040461707e-06,-1.1913312664059978e-06,2.0013495129864364e-05,-1.3411168529536637e-12,-9.034766800664193e-13
original_initial_dozero,273,-8.576472865229334e-15,-8.579942312181288e-15,-8.004210250693616e-09,-8.004208046419927e-09,1.3446469031114339e-07,-1.0901970306334678e-13,-1.0681542937445372e-13
original_initial_dozero,274,-6.439293542825908e-15,-6.439293542825908e-15,-1.6931944683156387e-11,-1.693189876078778e-11,2.843330141803734e-10,6.465869499409873e-14,6.47046173627078e-14
original_initial_dozero,275,-4.052314039881821e-15,-4.107825191113079e-15,-8.01345332135671e-15,-8.0134533213567e-15,7.290315647142239e-14,-5.831222365305874e-13,-5.831222365305874e-13
original_initial_dozero,276,-3.9968028886505635e-15,-3.941291737419306e-15,-3.154866723078543e-14,-3.228342512844574e-14,4.681809850113686e-13,-6.208704235228808e-13,-6.216051814205411e-13
original_initial_dozero,277,-2.7200464103316335e-15,-2.7200464103316335e-15,-5.832140812677946e-15,-5.8780631812816474e-15,4.88914025542489e-14,-1.0298320771236956e-12,-1.0298779994922994e-12
original_initial_dozero,278,-2.6645352591003757e-15,-2.6645352591003757e-15,-5.717334891168538e-15,-5.740296075470569e-15,5.911327369971248e-14,-9.880886440628745e-13,-9.881116052471766e-13
original_initial_dozero,279,-3.774758283725532e-15,-3.774758283725532e-15,-4.973392519787575e-14,-4.9733925197875774e-14,7.735834936683579e-13,-5.736622285982121e-13,-5.736622285982121e-13
original_initial_dozero,280,-6.300515664747763e-15,-6.2727600891321345e-15,-3.3022224194543e-11,-3.302227011691161e-11,5.546384387005175e-10,6.374024762202056e-14,6.369432525341148e-14
original_initial_dozero,281,-9.037041948101177e-15,-9.038776671577153e-15,-1.2066838853586494e-08,-1.2066838302518075e-08,2.0271384565462268e-07,-5.676004759156659e-14,-5.620897917265205e-14
original_initial_dozero,282,-1.1518563880485999e-14,-1.1518563880485999e-14,-1.680762927328088e-06,-1.680762604677526e-06,2.8235579192828985e-05,-1.0390395116090874e-12,-7.163889495387528e-13
original_initial_dozero,283,-1.0602629885170245e-14,-1.071365218763276e-14,-6.428361786847892e-05,-6.428361273417443e-05,0.0010799174386517698,-7.368519585725791e-12,-2.2342150915802272e-12
original_initial_dozero,284,-5.440092820663267e-15,-5.551115123125783e-15,-0.0007172984089866196,-0.0007172983950622224,0.012050085020021601,-9.656555936821132e-12,4.267841288707608e-12
original_initial_dozero,285,-1.2212453270876722e-15,-1.27675647831893e-15,-0.0019599126148189087,-0.00195991260008389,0.032925088561007745,-9.805527917405854e-12,4.929490843297302e-12
original_initial_dozero,286,-3.83026943495679e-15,-3.83026943495679e-15,-0.0021477120953492055,-0.0021477120750851356,0.03607998152988602,-7.914811167575309e-12,1.2349258768362681e-11
original_initial_dozero,287,-1.099120794378905e-14,-1.1046719095020308e-14,-0.0007166138235406311,-0.0007166137996920435,0.012038584488616062,-2.2731572266870836e-11,1.1170153343953437e-12
original_initial_dozero,288,-1.4988010832439613e-14,-1.5015766408055242e-14,-7.07144337623921e-05,-7.071443036533076e-05,0.001187950409654034,-5.294206208410895e-12,-1.897144876090995e-12
original_initial_dozero,289,-1.2490009027033011e-14,-1.2434497875801753e-14,-2.0098676007661263e-06,-2.009867361510585e-06,3.376429532574454e-05,-8.468084775940473e-13,-6.075529365218895e-13
original_initial_dozero,290,-9.085614205428527e-15,-9.085614205428527e-15,-1.6780175847157813e-08,-1.6780178510655192e-08,2.818944355400886e-07,-1.7909723756997667e-14,-2.057322113603986e-14
original_initial_dozero,291,-6.106226635438361e-15,-6.050715484207103e-15,-4.058467393384215e-11,-4.058393917594448e-11,6.816815426475784e-10,6.231665419529423e-14,6.305141209296194e-14
original_initial_dozero,292,-3.7192471324942744e-15,-3.7192471324942744e-15,-5.772441733493056e-14,-5.772441733493056e-14,9.074321460256952e-13,-5.408736574151251e-13,-5.408736574151251e-13
original_initial_dozero,293,-2.609024107869118e-15,-2.609024107869118e-15,-6.681704631847573e-15,-6.704665816149534e-15,6.277771807261445e-14,-9.574354630198624e-13,-9.574584242041645e-13
original_initial_dozero,294,-2.220446049250313e-15,-2.1649348980190553e-15,-3.2145658022634357e-15,-3.214565802263486e-15,1.6779297918026872e-14,-1.0943530050119832e-12,-1.0943530050119832e-12
original_initial_dozero,295,-2.1649348980190553e-15,-2.1649348980190553e-15,-3.2604881708672e-15,-3.2604881708673137e-15,1.774362538458012e-14,-1.0532754462959169e-12,-1.0532754462959169e-12
original_initial_dozero,296,-1.9984014443252818e-15,-1.942890293094024e-15,-2.8012644848295663e-15,-2.043545402867499e-15,9.836140158843418e-15,-1.0613118608015754e-12,-1.0605541417196134e-12
original_initial_dozero,297,-1.887379141862766e-15,-1.9984014443252818e-15,-2.0435454028674702e-15,-2.043545402867499e-15,9.836140158843418e-15,-1.0515992798418796e-12,-1.0515992798418796e-12
original_initial_dozero,298,-1.7208456881689926e-15,-1.7763568394002505e-15,-2.571652641810749e-15,-1.813933559848563e-15,5.8823975459750115e-15,-1.000051421084155e-12,-9.992937020021929e-13
original_initial_dozero,299,-2.1649348980190553e-15,-2.1094237467877974e-15,-3.2834493551690808e-15,-3.2834493551690255e-15,1.7840058131235445e-14,-1.0437006324420321e-12,-1.0437006324420321e-12
original_initial_dozero,300,-2.55351295663786e-15,-2.609024107869118e-15,-6.7965105533569774e-15,-6.0847138399986695e-15,6.489923849903137e-14,-9.223966957751913e-13,-9.21684899061833e-13
original_initial_dozero,301,-3.608224830031759e-15,-3.608224830031759e-15,-6.038791471394885e-14,-6.038791471394882e-14,9.52948402446913e-13,-5.233772349770912e-13,-5.233772349770912e-13
original_initial_dozero,302,-5.9396931817445875e-15,-5.9119376061289586e-15,-4.330272708676168e-11,-4.330272708676168e-11,7.273546950736102e-10,6.213296472088377e-14,6.213296472088377e-14
original_initial_dozero,303,-8.86096751528953e-15,-8.857498068337577e-15,-1.83942738114798e-08,-1.83942770260456e-08,3.090100934859107e-07,-5.6025289708503796e-15,-8.817094768807114e-15
original_initial_dozero,304,-1.2934098236883074e-14,-1.2934098236883074e-14,-2.3025368039267813e-06,-2.3025366480662637e-06,3.8680922391993036e-05,-6.532916153778232e-13,-4.974310978449409e-13
original_initial_dozero,305,-1.6792123247455493e-14,-1.6819878823071122e-14,-7.468479723450941e-05,-7.468479479630716e-05,0.001254649592006788,-4.10867433825457e-12,-1.670472083142166e-12
original_initial_dozero,306,-1.765254609153999e-14,-1.759703494030873e-14,-0.0007222361078459581,-0.0007222360913539494,0.012133034724316033,-1.841082885103984e-11,-1.9188201375031078e-12
original_initial_dozero,307,-8.604228440844963e-15,-8.659739592076221e-15,-0.0022072945222036486,-0.002207294494540749,0.03708092242176887,-1.6933229124438398e-11,1.072967062420993e-11
original_initial_dozero,308,-1.5154544286133387e-14,-1.5210055437364645e-14,-0.0021833293782031298,-0.0021833293555768123,0.036678325651473706,-2.151205776013132e-11,1.1142597261537546e-12
original_initial_dozero,309,-2.0761170560490427e-14,-2.0816681711721685e-14,-0.0007244010092904811,-0.0007244009966045186,0.012169403474203097,-1.495994604236439e-11,-2.2739835188467783e-12
original_initial_dozero,310,-1.812439087700568e-14,-1.812439087700568e-14,-7.766415559915386e-05,-7.766415393391696e-05,0.0013047006183743645,-3.0946165768819256e-12,-1.4293796723498231e-12
original_initial_dozero,311,-1.27675647831893e-14,-1.27675647831893e-14,-2.38496345104815e-06,-2.384963330180477e-06,4.006562937424872e-05,-5.70723196892213e-13,-4.498555238578337e-13
original_initial_dozero,312,-8.675352103360012e-15,-8.671882656408059e-15,-1.889433231059307e-08,-1.8894336994674653e-08,3.174107207513167e-07,3.673789415313978e-16,-4.316702642403263e-15
original_initial_dozero,313,-5.856426454897701e-15,-5.856426454897701e-15,-4.414907634012905e-11,-4.4149122262497645e-11,7.415737999766382e-10,6.1811508140659e-14,6.176558577206284e-14
original_initial_dozero,314,-3.608224830031759e-15,-3.608224830031759e-15,-6.176558577206176e-14,-6.181150814066546e-14,9.761886943907953e-13,-5.04411296743737e-13,-5.044572191123407e-13
original_initial_dozero,315,-2.609024107869118e-15,-2.55351295663786e-15,-6.084713839998644e-15,-6.819471737658901e-15,6.509210399234201e-14,-9.141306694265136e-13,-9.148654273241739e-13
original_initial_dozero,316,-3.552713678800501e-15,-3.552713678800501e-15,-6.112267261160903e-14,-6.185743050926929e-14,9.770565891106914e-13,-5.010130414670584e-13,-5.017477993647187e-13
original_initial_dozero,317,-5.773159728050814e-15,-5.745404152435185e-15,-4.4539783852209876e-11,-4.4540564532476114e-11,7.481494525270404e-10,6.227073182669808e-14,6.149005156046007e-14
original_initial_dozero,318,-8.560860353945543e-15,-8.55739090699359e-15,-1.9039793892953377e-08,-1.9039798760724458e-08,3.198543799182328e-07,2.4798079082764943e-15,-2.387963172893645e-15
original_initial_dozero,319,-1.2545520178264269e-14,-1.2559397966072083e-14,-2.4083610466402417e-06,-2.4083609407432594e-06,4.0458691749551986e-05,-5.327913200144259e-13,-4.2689433768278075e-13
original_initial_dozero,320,-1.815214645262131e-14,-1.8179902028236938e-14,-7.839760975957542e-05,-7.839760836427022e-05,0.0013170221081339078,-2.7158488674107473e-12,-1.3205436635681245e-12
original_initial_dozero,321,-2.3397950243975174e-14,-2.348121697082206e-14,-0.0007255600621119476,-0.0007255600520965546,0.012188874707977469,-1.2238311059009632e-11,-2.22291803020358e-12
original_initial_dozero,322,-1.865174681370263e-14,-1.865174681370263e-14,-0.0021607263784519833,-0.002160726357683317,0.03629861190144835,-2.1639905145587335e-11,-8.712388449572117e-13
original_initial_dozero,323,-2.1899149160731213e-14,-2.195466031196247e-14,-0.002143638277104329,-0.002143638257840263,0.036011544383205175,-2.0903861974730376e-11,-1.6397959379244043e-12
original_initial_dozero,324,-2.3869795029440866e-14,-2.3925306180672123e-14,-0.000725532967673471,-0.0007255329585282148,0.01218841954136411,-1.1287442768653788e-11,-2.1421866017168334e-12
original_initial_dozero,325,-1.7930101847696278e-14,-1.7957857423311907e-14,-7.859144897890796e-05,-7.859144770033745e-05,0.0013202784642671085,-2.545844232041544e-12,-1.26727372085772e-12
original_initial_dozero,326,-1.2420620087993939e-14,-1.2406742300186124e-14,-2.4148594434125566e-06,-2.414859344863153e-06,4.056786002883884e-05,-5.135039257957857e-13,-4.1495452229476856e-13
original_initial_dozero,327,-8.434225540199236e-15,-8.43249081672326e-15,-1.9100463771010567e-08,-1.910046900616059e-08,3.2087357648007576e-07,4.5003921264038515e-15,-7.347578962976854e-16
original_initial_dozero,328,-5.717648576819556e-15,-5.717648576819556e-15,-4.4552366581207316e-11,-4.4552366581207316e-11,7.483478146865686e-10,6.204111998369146e-14,6.204111998369146e-14
original_initial_dozero,329,-8.406469964583607e-15,-8.403000517631654e-15,-1.910213488600405e-08,-1.9102139570085648e-08,3.209016510212988e-07,4.959615803318099e-15,2.7553420614854834e-16
original_initial_dozero,330,-1.2226331058684536e-14,-1.2240208846492351e-14,-2.4178169595831646e-06,-2.4178168681976506e-06,4.061754412284987e-05,-4.952268233487196e-13,-4.038413094193229e-13
original_initial_dozero,331,-1.7763568394002505e-14,-1.7763568394002505e-14,-7.864342363777155e-05,-7.864342241127695e-05,0.001321151600258764,-2.4666741088932853e-12,-1.2401795085673073e-12
original_initial_dozero,332,-2.375877272697835e-14,-2.378652830259398e-14,-0.0007254765204306826,-0.000725476511632875,0.012187471269254744,-1.0890765286125648e-11,-2.0929577515538256e-12
original_initial_dozero,333,-2.2648549702353193e-14,-2.2676305277968822e-14,-0.0021385747890439472,-0.0021385747703173575,0.03592648151275935,-2.050957147170518e-11,-1.7829817483550059e-12
original_initial_dozero,334,-2.2593038551121936e-14,-2.2648549702353193e-14,-0.0021370891714426934,-0.002137089152925691,0.03590152423113345,-2.0333875208611296e-11,-1.8168730409051648e-12
original_initial_dozero,335,-2.353672812205332e-14,-2.3564483697668948e-14,-0.0007254549955918979,-0.0007254549869458184,0.012187109667815055,-1.0712678140401e-11,-2.066598628336358e-12
original_initial_dozero,336,-1.7513768213461844e-14,-1.7541523789077473e-14,-7.866664547165147e-05,-7.866664429512032e-05,0.0013215417099673265,-2.390351154860082e-12,-1.2138200058790793e-12
original_initial_dozero,337,-1.2198575483068907e-14,-1.2198575483068907e-14,-2.4179024865045878e-06,-2.417902397139659e-06,4.0618980923371436e-05,-4.911856545683577e-13,-4.018207258761749e-13
original_initial_dozero,338,-1.7458257062230587e-14,-1.7513768213461844e-14,-7.866730189939761e-05,-7.866730073159174e-05,0.001321552737469139,-2.375380491262402e-12,-1.2075746218948025e-12
original_initial_dozero,339,-2.32314167902814e-14,-2.325917236589703e-14,-0.0007254472924381342,-0.0007254472839278007,0.012186980260505013,-1.0548827436562824e-11,-2.0384939396211887e-12
original_initial_dozero,340,-2.2426505097428162e-14,-2.245426067304379e-14,-0.0021366712869642195,-0.0021366712685358478,0.035894504079643806,-2.0253968641137376e-11,-1.825596965265852e-12
original_initial_dozero,341,-2.2148949341271873e-14,-2.2176704916887502e-14,-0.0021364876095219237,-0.0021364875911719892,0.03589141843389401,-2.0180216872556223e-11,-1.8302824533744655e-12
original_initial_dozero,342,-2.3175905639050143e-14,-2.3203661214665772e-14,-0.0007254470659160393,-0.0007254470574317904,0.012186976455114093,-1.0517048603525536e-11,-2.032799709811295e-12
original_initial_dozero,343,-2.2093438190040615e-14,-2.2093438190040615e-14,-0.0021364823327886494,-0.002136482314453316,0.03589132978866159,-2.0166073672056584e-11,-1.8307404203721234e-12
original_initial_dozero,344,-3.3306690738754696e-16,-3.3306690738754696e-16,0.0,0.0,0.0,3.444177645282255e-17,3.444177645282255e-17
original_initial_dozero,345,-3.3306690738754696e-16,-3.3306690738754696e-16,-7.347578976602142e-16,-7.34757897660214e-16,-4.821637332766436e-17,2.2961184301881633e-17,2.296118430188183e-17
original_initial_dozero,346,-3.3306690738754696e-16,-3.3306690738754696e-16,0.0,0.0,0.0,0.0,0.0
original_initial_dozero,347,-3.3306690738754696e-16,-3.3306690738754696e-16,0.0,0.0,0.0,1.1480592150940915e-17,1.1480592150940915e-17
original_initial_dozero,348,-3.3306690738754696e-16,-3.3306690738754696e-16,-7.34757897660214e-16,-7.34757897660214e-16,0.0,0.0,0.0
original_initial_dozero,349,-3.3306690738754696e-16,-3.3306690738754696e-16,0.0,0.0,0.0,0.0,0.0
original_initial_dozero,350,-3.3306690738754696e-16,-3.3306690738754696e-16,0.0,0.0,-4.821637332766436e-17,1.1480592150940915e-17,1.1480592150940915e-17
original_initial_dozero,351,-3.3306690738754696e-16,-3.3306690738754696e-16,-1.1480592150940718e-17,-1.1480592150940718e-17,9.64327466553287e-17,0.0,0.0
original_initial_dozero,352,-4.440892098500626e-16,-3.3306690738754696e-16,-7.34757897660214e-16,0.0,0.0,0.0,7.34757897660214e-16
original_initial_dozero,353,-2.220446049250313e-16,-2.220446049250313e-16,0.0,0.0,0.0,0.0,0.0
original_initial_dozero,354,-3.3306690738754696e-16,-3.3306690738754696e-16,0.0,0.0,0.0,0.0,0.0
original_initial_dozero,355,-1.1102230246251565e-16,-1.1102230246251565e-16,0.0,0.0,0.0,0.0,0.0
original_initial_dozero,356,0.0,0.0,0.0,0.0,0.0,0.0,0.0
original_initial_dozero,357,0.0,0.0,0.0,0.0,0.0,0.0,0.0
original_initial_dozero,358,0.0,0.0,0.0,0.0,0.0,0.0,0.0
original_initial_dozero,359,-1.1102230246251565e-16,-1.1102230246251565e-16,0.0,0.0,0.0,0.0,0.0
original_initial_dozero,360,0.0,0.0,0.0,0.0,0.0,0.0,0.0
original_initial_dozero,361,0.0,0.0,0.0,0.0,0.0,0.0,0.0
original_initial_dozero,362,0.0,0.0,0.0,0.0,0.0,0.0,0.0
original_initial_dozero,363,0.0,0.0,0.0,0.0,0.0,0.0,0.0
original_initial_dozero,364,0.0,0.0,0.0,0.0,0.0,0.0,0.0
original_initial_dozero,365,0.0,0.0,0.0,0.0,0.0,0.0,0.0
original_initial_dozero,366,0.0,0.0,0.0,0.0,0.0,0.0,0.0
original_initial_dozero,367,0.0,0.0,0.0,0.0,0.0,0.0,0.0
original_initial_dozero,368,0.0,0.0,0.0,0.0,0.0,0.0,0.0
original_initial_dozero,369,-2.220446049250313e-16,-2.220446049250313e-16,0.0,0.0,0.0,0.0,0.0
original_initial_dozero,370,-2.220446049250313e-16,-2.220446049250313e-16,0.0,0.0,0.0,0.0,0.0
original_initial_dozero,371,-3.3306690738754696e-16,-3.3306690738754696e-16,-7.347578976602139e-16,-7.347578976602139e-16,0.0,0.0,0.0
original_initial_dozero,372,-4.440892098500626e-16,-4.440892098500626e-16,-7.34757897660214e-16,-7.34757897660214e-16,0.0,0.0,0.0
original_initial_dozero,373,-3.3306690738754696e-16,-3.3306690738754696e-16,-7.34757897660214e-16,-7.34757897660214e-16,0.0,0.0,0.0
original_initial_dozero,374,-3.3306690738754696e-16,-3.3306690738754696e-16,-7.34757897660214e-16,-7.34757897660214e-16,0.0,0.0,0.0
original_initial_dozero,375,-3.3306690738754696e-16,-3.3306690738754696e-16,-7.34757897660214e-16,-7.34757897660214e-16,0.0,1.1480592150940915e-17,1.1480592150940915e-17
original_initial_dozero,376,-4.440892098500626e-16,-4.440892098500626e-16,0.0,0.0,0.0,0.0,0.0
original_initial_dozero,377,-3.3306690738754696e-16,-3.3306690738754696e-16,-7.347578976602138e-16,-7.347578976602138e-16,0.0,0.0,0.0
original_initial_dozero,378,-3.3306690738754696e-16,-3.3306690738754696e-16,-7.34757897660214e-16,-7.34757897660214e-16,0.0,0.0,0.0
original_initial_dozero,379,0.0,0.0,0.0,0.0,0.0,0.0,0.0
original_initial_dozero,380,2.7755575615628914e-17,0.0,-1.7653017714972647e-11,-1.7652925870235403e-11,2.965572148692142e-10,-9.184473724400583e-17,0.0
original_initial_dozero,381,0.0,0.0,-1.461242746523144e-07,-1.4612427446862472e-07,2.454780201779477e-06,-1.836896825239357e-16,0.0
original_initial_dozero,382,0.0,0.0,-6.248154602411126e-06,-6.248154599655789e-06,0.0001049643958978299,-2.204264331825967e-15,5.510728592200698e-16
original_initial_dozero,383,0.0,0.0,-1.1194234991305184e-05,-1.1194234986161837e-05,0.00018805490391577648,-4.041200967613845e-15,1.1021457184401395e-15
original_initial_dozero,384,0.0,0.0,-3.911926438832341e-05,-3.9119264369403325e-05,0.000657174832535809,-1.4878831673670323e-14,4.041255177722469e-15
original_initial_dozero,385,0.0,0.0,-6.448036176423533e-05,-6.448036172951787e-05,0.0010832225913967246,-2.7186152634639527e-14,7.531301970953308e-15
original_initial_dozero,386,0.0,0.0,-0.00010248948447329383,-0.000102489484422963,0.0017217478612778637,-3.930926764650344e-14,1.1021565604618644e-14
original_initial_dozero,387,0.0,0.0,-0.00013614129534538638,-0.00013614129527558414,0.0022870735012211567,-5.473963296531714e-14,1.5062603941906616e-14
original_initial_dozero,388,0.0,0.0,-0.00015615592527316,-0.00015615592520464364,0.0026233045443339294,-5.3637649877202875e-14,1.4878723253453074e-14
original_initial_dozero,389,0.0,0.0,-0.00017947819941452857,-0.00017947819933535926,0.0030151015743329203,-6.190273987849437e-14,1.726657011813515e-14
original_initial_dozero,390,0.0,0.0,-0.00016789422347781007,-0.0001678942234155387,0.002820499309557511,-4.8678075459385184e-14,1.359329315775426e-14
original_initial_dozero,391,0.0,0.0,-0.0001793162249268945,-0.0001793162248613176,0.003012380522228741,-5.12498030125208e-14,1.432708118809245e-14
original_initial_dozero,392,0.0,0.0,-0.00013897395263178392,-0.0001389739525886175,0.0023346600575379034,-3.3798918525063115e-14,9.367506770274758e-15
original_initial_dozero,393,0.0,0.0,-0.00014340744169585428,-0.000143407441651402,0.002409139408789025,-3.471702092472384e-14,9.735268147181841e-15
original_initial_dozero,394,0.0,0.0,-8.165197465063003e-05,-8.165197462877121e-05,0.0013716930419372443,-1.7083123110550602e-14,4.77569372936415e-15
original_initial_dozero,395,0.0,0.0,-8.36598170566639e-05,-8.365981703480465e-05,0.0014054233156963261,-1.7083123110550602e-14,4.776127410233144e-15
original_initial_dozero,396,0.0,0.0,0.0,0.0,0.0,0.0,0.0
original_initial_dozero,397,0.0,0.0,0.0,0.0,0.0,0.0,0.0
original_initial_dozero,398,0.0,0.0,-7.968571147653428e-05,-7.968571145485848e-05,0.0013386612686575046,-1.6899676102966055e-14,4.776127410233144e-15
original_initial_dozero,399,0.0,0.0,0.0,0.0,0.0,0.0,0.0
original_initial_dozero,400,0.0,0.0,-7.683089996214469e-05,-7.683089994102053e-05,0.0012907025376297772,-1.6531914726058972e-14,4.5922467217796026e-15
original_initial_dozero,401,0.0,0.0,0.0,0.0,0.0,0.0,0.0
original_initial_dozero,402,0.0,0.0,-7.275622397596082e-05,-7.275622395557131e-05,0.0012222509818372088,-1.5981140022436335e-14,4.408366033326061e-15
original_initial_dozero,403,0.0,0.0,0.0,0.0,0.0,0.0,0.0
original_initial_dozero,404,0.0,0.0,-6.713404785877548e-05,-6.713404783912063e-05,0.0011278025634905234,-1.5429931637944705e-14,4.224919025741514e-15
original_initial_dozero,405,0.0,0.0,0.0,0.0,0.0,0.0,0.0
original_initial_dozero,406,0.0,0.0,-5.991182607294264e-05,-5.99118260547571e-05,0.0010064745562590918,-1.4144284701811394e-14,4.041255177722469e-15
original_initial_dozero,407,0.0,0.0,0.0,0.0,0.0,0.0,0.0
original_initial_dozero,408,0.0,0.0,-5.20976402444296e-05,-5.2097640227897254e-05,0.0008752019890593361,-1.2858420925243585e-14,3.67392748168438e-15
original_initial_dozero,409,0.0,0.0,0.0,0.0,0.0,0.0,0.0
original_initial_dozero,410,0.0,0.0,-4.765062094651924e-05,-4.765062093072176e-05,0.0008004953398366272,-1.2307212540751955e-14,3.490263633665336e-15
original_initial_dozero,411,0.0,0.0,0.0,0.0,0.0,0.0,0.0
original_initial_dozero,412,0.0,0.0,-7.087854756873332e-05,-7.087854754375157e-05,0.0011907074010004417,-1.965485066368622e-14,5.32690211385578e-15
original_initial_dozero,413,0.0,0.0,-7.974650189382848e-05,-7.974650186590767e-05,0.0013396825029003874,-2.1859250520783746e-14,6.061557505931958e-15
original_initial_dozero,414,0.0,0.0,-9.584558205188087e-05,-9.584558201918393e-05,0.0016101351934675497,-2.553296116203363e-14,7.163974274915219e-15
original_initial_dozero,415,0.0,0.0,-0.00011124445247395363,-0.00011124445243721566,0.0018688248761370774,-2.8839344107245424e-14,7.898629666991397e-15
original_initial_dozero,416,0.0,0.0,-0.00012352976340871714,-0.00012352976336885667,0.0020752090523837763,-3.12271909719275e-14,8.633285059067575e-15
original_initial_dozero,417,0.0,0.0,-0.00013257495109245555,-0.00013257495105039067,0.0022271615441881087,-3.2880382444533396e-14,9.184493443559205e-15
original_initial_dozero,418,0.0,0.0,-0.000152125338514714,-0.00015212533845776997,0.002555593655094388,-4.445315643364367e-14,1.2490876388771e-14
original_initial_dozero,419,0.0,0.0,-0.00012732542695456433,-0.00012732542689945737,0.002138973404656724,-4.298341196862232e-14,1.212354869273291e-14
original_initial_dozero,420,0.0,0.0,-7.031253436970376e-05,-7.031253433755825e-05,0.0011811987960932576,-2.5165416625561043e-14,6.9800935864616775e-15
original_initial_dozero,421,0.0,0.0,-2.4081343124030615e-05,-2.408134311374392e-05,0.0004045488298995134,-8.817165747521116e-15,1.4695276245868527e-15
original_initial_dozero,422,0.0,0.0,-4.846718478463655e-06,-4.846718476443054e-06,8.142130109688383e-05,-1.6532185776602093e-15,3.673819061467132e-16
original_initial_dozero,423,0.0,0.0,-1.874200310340152e-05,-1.874200309550278e-05,0.00031485184968072763,-6.061774346366455e-15,1.83696374084219e-15
original_initial_dozero,424,0.0,0.0,-4.660354997445735e-05,-4.660354995461883e-05,0.0007829053186171461,-1.5429931637944705e-14,4.408582873760558e-15
original_initial_dozero,425,0.0,0.0,-9.593639732512465e-05,-9.593639728471296e-05,0.0016116608231770049,-3.159451866796559e-14,8.817165747521116e-15
original_initial_dozero,426,0.0,0.0,-0.00013146916715574232,-0.00013146916710614614,0.002208585188400762,-3.8758492942880807e-14,1.0837684916165102e-14
original_initial_dozero,427,0.0,0.0,-0.0001069390473841989,-0.00010693904734378722,0.0017964972413246768,-3.159495234883458e-14,8.816732066652122e-15
original_initial_dozero,428,0.0,0.0,-6.882083468072583e-05,-6.882083465280524e-05,0.00115613933987257,-2.185903368034925e-14,6.061557505931958e-15
original_initial_dozero,429,0.0,0.0,-3.7028142947950066e-05,-3.702814293288746e-05,0.0006220455323350312,-1.1756220996694822e-14,3.3063829452117943e-15
original_initial_dozero,430,0.0,0.0,-5.649162233869174e-05,-5.649162231646516e-05,0.0009490176523162791,-1.7450667647023188e-14,4.775910569798647e-15
original_initial_dozero,431,0.0,0.0,-8.312666643712314e-05,-8.312666640589595e-05,0.0013964667779242106,-2.443054439305037e-14,6.79664657887713e-15
original_initial_dozero,432,0.0,0.0,-7.10269747304054e-05,-7.102697470358658e-05,0.0011932008680070516,-2.0940714440254027e-14,5.878110498347411e-15
original_initial_dozero,433,0.0,0.0,0.0,0.0,0.0,0.0,0.0
original_initial_dozero,434,0.0,0.0,-8.594691410550477e-05,-8.594691408309475e-05,0.0014438448617919064,-1.745045080658869e-14,4.9595744178176915e-15
original_initial_dozero,435,0.0,0.0,0.0,0.0,0.0,0.0,0.0
original_initial_dozero,436,0.0,0.0,-8.854898493698563e-05,-8.854898491439172e-05,0.0014875577354781881,-1.7634331495042233e-14,4.9595744178176915e-15
original_initial_dozero,437,0.0,0.0,0.0,0.0,0.0,0.0,0.0
original_initial_dozero,438,0.0,0.0,-9.150325110662046e-05,-9.150325108384311e-05,0.0015371872314772711,-1.781777850262678e-14,4.9595744178176915e-15
original_initial_dozero,439,0.0,0.0,0.0,0.0,0.0,0.0,0.0
original_initial_dozero,440,0.0,0.0,-9.484637725852302e-05,-9.484637723537791e-05,0.00159334928879715,-1.800165919108032e-14,5.143455106271233e-15
original_initial_dozero,441,0.0,0.0,0.0,0.0,0.0,0.0,0.0
original_initial_dozero,442,0.0,0.0,-9.861111554909001e-05,-9.861111552576188e-05,0.0016565941195578954,-1.818510619866487e-14,5.143021425402239e-15
original_initial_dozero,443,0.0,0.0,0.0,0.0,0.0,0.0,0.0
original_initial_dozero,444,0.0,0.0,-0.00017343187883799363,-0.0001734318787885809,0.0029135278414305606,-3.857504593529626e-14,1.0837684916165102e-14
original_initial_dozero,445,0.0,0.0,-0.00022920931137944845,-0.0002292093113004613,0.003850547631114615,-6.171972655177882e-14,1.7267437479873138e-14
original_initial_dozero,446,0.0,0.0,-0.00025735470134690373,-0.00025735470123595516,0.004323369455035906,-8.670147932932082e-14,2.424709738546582e-14
original_initial_dozero,447,0.0,0.0,-0.00024980286709341826,-0.00024980286695712103,0.004196504201088081,-1.0672365768904513e-13,2.957356581845261e-14
original_initial_dozero,448,0.0,0.0,-0.00020408515321766914,-0.00020408515307916795,0.003428480276555802,-1.0855986248836658e-13,2.994132719535969e-14
original_initial_dozero,449,0.0,0.0,-0.00012838839940825875,-0.0001283883993064951,0.002156830559058363,-7.990483275044369e-14,2.1858816839914752e-14
original_initial_dozero,450,0.0,0.0,-4.194757636555963e-05,-4.1947576331944486e-05,0.0007046883908563841,-2.6634944250147896e-14,6.980202006678926e-15
original_initial_dozero,451,-1.1102230246251565e-16,-1.1102230246251565e-16,-8.00717224163167e-07,-8.007172236120992e-07,1.3451459680241089e-05,-3.6737851801492416e-16,1.8368925900746208e-16
original_initial_dozero,452,-1.8041124150158794e-16,-1.942890293094024e-16,-2.7684116223304308e-11,-2.768411622330436e-11,4.650724751741705e-10,-1.8368947443631286e-16,-1.8368947448801165e-16
original_initial_dozero,453,-2.220446049250313e-16,-2.7755575615628914e-16,-7.577190819620957e-16,-2.296118430188183e-17,2.8929823996598605e-16,-4.592236860376337e-16,2.755342116225802e-16
original_initial_dozero,454,-1.457167719820518e-16,-1.3877787807814457e-16,-1.1048921886065481e-13,-1.1058106359786247e-13,1.85690896959104e-12,0.0,-9.184473720765511e-17
original_initial_dozero,455,-1.6653345369377348e-16,-1.6653345369377348e-16,-5.722875920902157e-08,-5.722875920902157e-08,9.614010096513435e-07,-3.673789415313978e-16,-3.673789415313978e-16
original_initial_dozero,456,0.0,0.0,-2.0706874707575415e-05,-2.070687469306391e-05,0.0003478602456117547,-1.1572448728458529e-14,2.9390552491737054e-15
original_initial_dozero,457,0.0,0.0,-0.00010365922080207311,-0.00010365922072382147,0.0017413985701550056,-6.153584586332528e-14,1.6715795414512513e-14
original_initial_dozero,458,0.0,0.0,-0.00017898397186683936,-0.00017898397174799215,0.0030067989155043145,-9.33146789006134e-14,2.5532527481164635e-14
original_initial_dozero,459,0.0,0.0,-0.00022646282986356087,-0.00022646282974048918,0.0038044087642803716,-9.643674747650266e-14,2.6634944250147896e-14
original_initial_dozero,460,0.0,0.0,-0.0002388015986148663,-0.0002388015985107135,0.004011690992477095,-8.137501089633403e-14,2.2777786601313466e-14
original_initial_dozero,461,0.0,0.0,-0.00021642130516766334,-0.00021642130509161653,0.0036357185444202012,-5.95148930138123e-14,1.6531914726058972e-14
original_initial_dozero,462,0.0,0.0,-0.00016580256462154965,-0.00016580256457342322,0.002785360981168545,-3.765650985476654e-14,1.046992353925802e-14
original_initial_dozero,463,0.0,0.0,-0.0001590652134467619,-0.00015906521339973702,0.0026721784431197743,-3.673797377423682e-14,1.0286910212542466e-14
original_initial_dozero,464,0.0,0.0,-0.0002053092840367662,-0.00020530928396347414,0.003449044772813291,-5.731092683758376e-14,1.5981140022436335e-14
original_initial_dozero,465,0.0,0.0,-0.00022304598336617652,-0.0002230459832684526,0.003747008259443548,-7.641543647851634e-14,2.130847581716111e-14
original_initial_dozero,466,0.0,0.0,-0.00020721316719243127,-0.00020721316708038114,0.0034810286077241754,-8.762001540985054e-14,2.4430110712181374e-14
original_initial_dozero,467,0.0,0.0,-0.00015684691281331537,-0.00015684691271155128,0.002634912626130446,-7.972138574285914e-14,2.2042697528368294e-14
original_initial_dozero,468,0.0,0.0,-7.495145441128027e-05,-7.495145435856138e-05,0.0012591292364806308,-4.1330220496016423e-14,1.1388676460222236e-14
original_initial_dozero,469,-5.551115123125783e-17,0.0,-7.061307112806532e-06,-7.061307108765358e-06,0.00011862475923098988,-3.3064100502661065e-15,7.347638122934264e-16
original_initial_dozero,470,-1.3877787807814457e-16,-1.1102230246251565e-16,-1.6471576611693168e-09,-1.647156926411414e-09,2.7671023695260446e-08,-5.510684255319865e-16,1.836894773831438e-16
original_initial_dozero,471,-5.551115123125783e-17,-5.551115123125783e-17,-1.7267072978897145e-06,-1.7267072969712733e-06,2.900741098058823e-05,-7.347570360298483e-16,1.8368417680977855e-16
original_initial_dozero,472,0.0,0.0,-4.6479465442596235e-05,-4.64794654132059e-05,0.0007808207898636517,-2.2961233608898013e-14,6.429102042404544e-15
original_initial_dozero,473,0.0,0.0,-0.0001288073242549613,-0.00012880732417450526,0.0021638681879687055,-6.300559032834663e-14,1.745045080658869e-14
original_initial_dozero,474,0.0,0.0,-0.00018951839418467151,-0.00018951839408290656,0.0031837694524200224,-7.953793873527459e-14,2.222701189769083e-14
original_initial_dozero,475,0.0,0.0,-0.00020967421200414858,-0.00020967421191175374,0.0035223723481348436,-7.218965009103684e-14,2.020519168643986e-14
original_initial_dozero,476,0.0,0.0,-0.00019568200490063716,-0.00019568200482991596,0.0032873135732874176,-5.529084134980877e-14,1.54303653188137e-14
original_initial_dozero,477,0.0,0.0,-0.00015314266385260417,-0.00015314266380649783,0.00257268397156936,-3.600331838216064e-14,1.0103029524088925e-14
original_initial_dozero,478,0.0,0.0,-0.00014795107822304903,-0.0001479510781776782,0.0024854691563089624,-3.545167631680002e-14,9.919148835635383e-15
original_initial_dozero,479,0.0,0.0,-0.0001873516806297059,-0.0001873516805615573,0.003147370260361919,-5.326988850029579e-14,1.4878723253453074e-14
original_initial_dozero,480,-1.1102230246251565e-16,0.0,-0.00019702251590834885,-0.00019702251582164824,0.0033098331710058777,-6.778085037684178e-14,1.8919761590741047e-14
original_initial_dozero,481,0.0,0.0,-0.00016586273707604095,-0.0001658627369884218,0.0027863718340874347,-6.851550576891796e-14,1.9103642279194588e-14
original_initial_dozero,482,0.0,0.0,-9.647092837584146e-05,-9.647092831944907e-05,0.0016206405511788593,-4.426927574519013e-14,1.2123115011863916e-14
original_initial_dozero,483,0.0,0.0,-2.416061998133034e-05,-2.4160619967921034e-05,0.0004058806227171284,-1.0470248799909765e-14,2.9390552491737054e-15
original_initial_dozero,759,0.0,0.0,-0.00020082405916195013,-0.00020082405911033257,0.0033736962980391296,-4.04121180963557e-14,1.1205446293072185e-14
original_initial_dozero,760,0.0,0.0,-0.00029703978612515176,-0.0002970397860358777,0.0049900496534257925,-6.961792253790122e-14,1.96561517062932e-14
original_initial_dozero,761,0.0,0.0,-0.0003124076298564125,-0.00031240762976658676,0.005248218110536872,-7.016956460326185e-14,1.96561517062932e-14
original_initial_dozero,762,0.0,0.0,-0.00042659248240924444,-0.0004265924822635797,0.007166439542556682,-1.137041849563758e-13,3.1960545321396694e-14
original_initial_dozero,763,0.0,0.0,-0.0004491158087976052,-0.00044911580865285815,0.007544814838691387,-1.1296866220256163e-13,3.177839935641913e-14
original_initial_dozero,764,0.0,0.0,-0.0005940909923959382,-0.0005940909921685351,0.00998029115688744,-1.7707536825728454e-13,5.032779748503913e-14
original_initial_dozero,765,0.0,0.0,-0.0006220951482752597,-0.0006220951480551962,0.010450740352138305,-1.7138374053260463e-13,4.867981018286116e-14
original_initial_dozero,766,0.0,0.0,-0.0008005804455069494,-0.0008005804451794302,0.01344916190101697,-2.544110755398066e-13,7.310818617156656e-14
original_initial_dozero,767,0.0,0.0,-0.0008219779570229555,-0.0008219779567189521,0.013808624336396163,-2.3640811530611927e-13,6.759523496491227e-14
original_initial_dozero,768,0.0,0.0,-0.0009670495271648823,-0.0009670495267620517,0.01624571987754219,-3.12271042357537e-13,9.055950433989324e-14
original_initial_dozero,769,0.0,-1.1102230246251565e-16,-0.000926904093768624,-0.0009269040934199828,0.015571306161390082,-2.709395208189136e-13,7.770173393595314e-14
original_initial_dozero,770,0.0,0.0,-0.0006675959046545735,-0.0006675959043189739,0.011215119550505121,-2.6028484922946404e-13,7.531475443300906e-14
original_initial_dozero,771,0.0,0.0,-0.0004361470472891843,-0.0004361470470540599,0.007326949196128349,-1.8203494267510223e-13,5.3089477258794204e-14
original_initial_dozero,772,5.551115123125783e-17,0.0,8.661070280080452e-06,8.661070334640975e-06,-0.00014549960230180145,-4.1147640850169864e-14,1.3412881916252672e-14
original_initial_dozero,773,1.1102230246251565e-16,5.551115123125783e-17,1.4546496090020455e-05,1.4546496104529683e-05,-0.00024437042160377456,-1.1018963519404679e-14,3.490263633665336e-15
original_initial_dozero,774,2.220446049250313e-16,1.6653345369377348e-16,2.1843006533378562e-07,2.18430065701547e-07,-3.6694642372236213e-06,-7.355227538141662e-16,-3.677613769070831e-16
original_initial_dozero,775,1.6653345369377348e-16,2.220446049250313e-16,6.914849838557391e-09,6.914849103034637e-09,-1.1616437381688212e-07,0.0,-7.355227538141662e-16
original_initial_dozero,776,2.914335439641036e-16,2.7755575615628914e-16,8.792272465640849e-13,8.785888683249254e-13,-1.4758887226728855e-11,1.8041124150158794e-16,-4.579669976578771e-16
original_initial_dozero,777,2.220446049250313e-16,2.7755575615628914e-16,3.3514857555871913e-15,3.3514857555871913e-15,-4.450371258143648e-14,0.0,0.0
original_initial_dozero,778,2.7755575615628914e-16,3.3306690738754696e-16,2.7755575615628914e-17,7.632783294297951e-16,-4.821637332766436e-17,-2.983724378680108e-16,4.371503159461554e-16
original_initial_dozero,779,2.220446049250313e-16,2.220446049250313e-16,7.355227538141662e-16,7.355227538141662e-16,0.0,-1.3877787807814457e-17,-1.3877787807814457e-17
original_initial_dozero,780,3.3306690738754696e-16,3.3306690738754696e-16,7.355227538141662e-16,7.355227538141662e-16,0.0,0.0,0.0
original_initial_dozero,781,1.1102230246251565e-16,1.1102230246251565e-16,0.0,0.0,0.0,0.0,0.0
original_initial_dozero,782,1.1102230246251565e-16,1.1102230246251565e-16,0.0,0.0,0.0,0.0,0.0
original_initial_dozero,783,1.1102230246251565e-16,1.1102230246251565e-16,0.0,0.0,0.0,0.0,0.0
original_initial_dozero,784,1.1102230246251565e-16,1.1102230246251565e-16,0.0,0.0,0.0,0.0,0.0
original_initial_dozero,785,1.1102230246251565e-16,1.1102230246251565e-16,7.355227538141662e-16,7.355227538141662e-16,0.0,0.0,0.0
original_initial_dozero,786,1.1102230246251565e-16,1.1102230246251565e-16,0.0,0.0,0.0,0.0,0.0
original_initial_dozero,787,1.1102230246251565e-16,1.1102230246251565e-16,0.0,0.0,-9.643274665532872e-17,-2.0816681711721685e-17,-2.0816681711721685e-17
original_initial_dozero,788,5.551115123125783e-17,5.551115123125783e-17,7.355227538141662e-16,7.355227538141662e-16,-1.9286549331065747e-16,0.0,0.0
original_initial_dozero,789,8.326672684688674e-17,8.326672684688674e-17,8.354428260304303e-15,8.451572774959004e-15,-1.404060791301813e-13,-9.71445146547012e-17,0.0
original_initial_dozero,790,1.1102230246251565e-16,5.551115123125783e-17,6.2450045135165055e-15,6.1547988927657116e-15,-1.0511169385432101e-13,0.0,-9.020562075079397e-17
original_initial_dozero,791,5.551115123125783e-17,5.551115123125783e-17,5.438082831266122e-10,5.438082761877183e-10,-9.135579301471774e-09,-9.020562075079397e-17,-9.71445146547012e-17
original_initial_dozero,792,5.551115123125783e-17,5.551115123125783e-17,6.421578269133477e-10,6.421577367077269e-10,-1.0787778608194813e-08,9.020562075079397e-17,0.0
original_initial_dozero,793,0.0,5.551115123125783e-17,2.394214698463182e-06,2.3942146993860547e-06,-4.022104372711505e-05,-7.355227538141662e-16,1.8735013540549517e-16
original_initial_dozero,794,0.0,0.0,1.3525939813949228e-06,1.3525939817626842e-06,-2.272258277781678e-05,-3.677613769070831e-16,0.0
original_initial_dozero,795,2.7755575615628914e-17,0.0,1.205169228302161e-10,1.205169228302161e-10,-2.024596166771337e-09,-9.020562075079397e-17,-9.020562075079397e-17
original_initial_dozero,796,-2.7755575615628914e-17,2.7755575615628914e-17,1.8388068845354155e-15,1.8388068845354155e-15,-3.15817245296213e-14,0.0,0.0
original_initial_dozero,797,0.0,2.7755575615628914e-17,9.228728892196614e-16,8.257283745649602e-16,-1.5477455838180535e-14,0.0,-9.71445146547012e-17
original_initial_dozero,798,1.1102230246251565e-16,1.1102230246251565e-16,0.0,-1.3877787807814457e-17,0.0,0.0,-1.3877787807814457e-17
original_initial_dozero,799,1.1102230246251565e-16,1.1102230246251565e-16,1.3877787807814457e-17,0.0,-9.643274665532872e-17,1.3877787807814457e-17,0.0
original_initial_dozero,800,0.0,0.0,0.0,0.0,0.0,0.0,0.0
original_initial_dozero,801,0.0,0.0,0.0,0.0,0.0,0.0,0.0
original_initial_dozero,802,0.0,0.0,0.0,0.0,0.0,0.0,0.0
original_initial_dozero,803,0.0,0.0,0.0,0.0,0.0,0.0,0.0
original_initial_dozero,804,0.0,0.0,0.0,0.0,0.0,0.0,0.0
original_initial_dozero,805,0.0,0.0,0.0,0.0,0.0,0.0,0.0
original_initial_dozero,806,0.0,0.0,0.0,0.0,0.0,0.0,0.0
original_initial_dozero,807,0.0,0.0,0.0,0.0,0.0,0.0,0.0
original_initial_dozero,808,0.0,0.0,0.0,0.0,0.0,0.0,0.0
original_initial_dozero,809,1.1102230246251565e-16,1.1102230246251565e-16,0.0,0.0,0.0,0.0,0.0
original_initial_dozero,810,2.220446049250313e-16,2.220446049250313e-16,7.355227538141662e-16,7.355227538141662e-16,0.0,0.0,0.0
original_initial_dozero,811,4.440892098500626e-16,4.440892098500626e-16,7.355227538141662e-16,7.355227538141662e-16,0.0,-2.7755575615628914e-17,-2.7755575615628914e-17
original_initial_dozero,812,4.440892098500626e-16,3.885780586188048e-16,1.8041124150158794e-16,1.8041124150158794e-16,-3.037631519642865e-15,-2.2898349882893854e-16,-2.2898349882893854e-16
original_initial_dozero,813,3.122502256758253e-16,3.122502256758253e-16,1.307538383121809e-10,1.307538383121809e-10,-2.196556198635767e-09,-6.453171330633722e-16,-6.453171330633722e-16
original_initial_dozero,814,1.1102230246251565e-16,1.6653345369377348e-16,2.3836643447128214e-06,2.3836643465516283e-06,-4.004380555431298e-05,-1.6583956430338276e-15,1.8041124150158794e-16
original_initial_dozero,815,5.551115123125783e-17,0.0,-9.527951913141514e-05,-9.52795189760186e-05,0.0016006257532927817,-1.1719097914308918e-13,3.82055498349132e-14
original_initial_dozero,816,0.0,0.0,-0.0008943265299291223,-0.0008943265294732022,0.015024027080471005,-3.525027492123911e-13,1.0341727474383333e-13
original_initial_dozero,817,0.0,0.0,-0.0009764194500403757,-0.000976419449580785,0.016403127681417426,-3.556217820221974e-13,1.0396891680919396e-13
original_initial_dozero,818,0.0,0.0,-0.0007642050524800069,-0.0007642050521317299,0.012838082086645254,-2.703913482005049e-13,7.788561462440668e-14
original_initial_dozero,819,0.0,0.0,-0.0005577550670261364,-0.0005577550667946879,0.009369874370086097,-1.803834859259723e-13,5.106505496232927e-14
original_initial_dozero,820,0.0,0.0,-0.0003993429995758531,-0.0003993429994311043,0.006708668298701451,-1.1297039692603761e-13,3.177839935641913e-14
original_initial_dozero,821,0.0,0.0,-0.0005122859316741106,-0.0005122859314437636,0.008606026381691705,-1.787302944533664e-13,5.1616697027689895e-14
original_initial_dozero,822,0.0,0.0,-0.0007108226601314528,-0.0007108226597686666,0.011941297208386454,-2.817780730968167e-13,8.100811688116494e-14
original_initial_dozero,823,0.0,0.0,-0.0009491738309866798,-0.0009491738304725321,0.015945421346213788,-3.9713718424927436e-13,1.170105679015876e-13
original_initial_dozero,824,0.0,0.0,-0.0010505742529226987,-0.0010505742523370977,0.01764887375890525,-4.509552453679788e-13,1.3464576675836781e-13
original_initial_dozero,825,5.551115123125783e-17,0.0,-0.0004090990932312799,-0.0004090990928765706,0.006872563487287422,-2.694788836521411e-13,8.523043382169249e-14
original_initial_dozero,826,1.1102230246251565e-16,1.6653345369377348e-16,1.4820552806743548e-05,1.4820552824930389e-05,-0.0002489743726282765,-1.304512053934559e-14,5.141720382795256e-15
original_initial_dozero,827,3.0531133177191805e-16,3.3306690738754696e-16,7.148251927879823e-09,7.14825128256269e-09,-1.200853568331548e-07,-3.677613769070831e-16,-1.0130785099704553e-15
original_initial_dozero,828,4.718447854656915e-16,4.718447854656915e-16,3.0128677330765186e-14,3.0080105073437835e-14,-4.938320956222191e-13,-8.257283745649602e-16,-8.743006318923108e-16
original_initial_dozero,829,4.996003610813204e-16,4.440892098500626e-16,7.28583859910259e-16,7.28583859910259e-16,0.0,-2.983724378680108e-16,-2.983724378680108e-16
original_initial_dozero,830,5.551115123125783e-16,5.551115123125783e-16,7.355227538141662e-16,7.355227538141662e-16,0.0,0.0,0.0
original_initial_dozero,831,3.3306690738754696e-16,3.3306690738754696e-16,7.355227538141662e-16,7.355227538141662e-16,0.0,0.0,0.0
original_initial_dozero,832,1.1102230246251565e-16,1.1102230246251565e-16,0.0,0.0,0.0,0.0,0.0
original_initial_dozero,833,1.1102230246251565e-16,1.1102230246251565e-16,0.0,0.0,0.0,0.0,0.0
original_initial_dozero,834,0.0,0.0,0.0,0.0,0.0,0.0,0.0
original_initial_dozero,835,0.0,0.0,0.0,0.0,0.0,0.0,0.0
original_initial_dozero,836,0.0,0.0,0.0,0.0,0.0,0.0,0.0
original_initial_dozero,837,0.0,0.0,0.0,0.0,0.0,0.0,0.0
original_initial_dozero,838,0.0,0.0,0.0,0.0,0.0,0.0,0.0
original_initial_dozero,839,1.1102230246251565e-16,1.1102230246251565e-16,7.355227538141662e-16,7.355227538141662e-16,0.0,0.0,0.0
original_initial_dozero,840,1.1102230246251565e-16,1.1102230246251565e-16,7.355227538141662e-16,7.355227538141662e-16,0.0,0.0,0.0
original_initial_dozero,841,3.3306690738754696e-16,3.3306690738754696e-16,0.0,0.0,0.0,0.0,0.0
original_initial_dozero,842,3.3306690738754696e-16,3.3306690738754696e-16,7.355227538141662e-16,7.355227538141662e-16,0.0,0.0,0.0
original_initial_dozero,843,3.3306690738754696e-16,3.3306690738754696e-16,0.0,0.0,0.0,0.0,0.0
original_initial_dozero,844,1.1102230246251565e-16,1.1102230246251565e-16,0.0,0.0,0.0,0.0,0.0
original_initial_dozero,845,0.0,0.0,0.0,0.0,0.0,0.0,0.0
original_initial_dozero,846,0.0,0.0,0.0,0.0,0.0,0.0,0.0
original_initial_dozero,847,0.0,0.0,0.0,0.0,0.0,0.0,0.0
original_initial_dozero,848,0.0,0.0,0.0,0.0,0.0,0.0,0.0
original_initial_dozero,849,0.0,0.0,0.0,0.0,0.0,0.0,0.0
original_initial_dozero,850,1.1102230246251565e-16,1.1102230246251565e-16,0.0,0.0,0.0,0.0,0.0
original_initial_dozero,851,0.0,0.0,0.0,0.0,0.0,0.0,0.0
original_initial_dozero,852,3.3306690738754696e-16,3.3306690738754696e-16,7.355227538141662e-16,7.355227538141662e-16,0.0,0.0,0.0
original_initial_dozero,853,2.220446049250313e-16,2.220446049250313e-16,0.0,0.0,0.0,0.0,0.0
original_initial_dozero,854,3.3306690738754696e-16,3.3306690738754696e-16,0.0,0.0,0.0,0.0,0.0
original_initial_dozero,855,1.1102230246251565e-16,1.1102230246251565e-16,0.0,0.0,0.0,0.0,0.0
original_initial_dozero,856,0.0,0.0,0.0,0.0,0.0,0.0,0.0
original_initial_dozero,857,0.0,0.0,0.0,0.0,0.0,0.0,0.0
original_initial_dozero,858,0.0,0.0,0.0,0.0,0.0,0.0,0.0
original_initial_dozero,859,0.0,0.0,0.0,0.0,0.0,0.0,0.0
original_initial_dozero,860,0.0,0.0,0.0,0.0,0.0,0.0,0.0
original_initial_dozero,861,0.0,0.0,0.0,0.0,0.0,0.0,0.0
original_initial_dozero,862,1.1102230246251565e-16,1.1102230246251565e-16,0.0,0.0,0.0,0.0,0.0
original_initial_dozero,863,3.3306690738754696e-16,3.3306690738754696e-16,7.355227538141662e-16,7.355227538141662e-16,0.0,0.0,0.0
original_initial_dozero,864,3.3306690738754696e-16,3.3306690738754696e-16,0.0,0.0,0.0,0.0,0.0
original_initial_dozero,865,3.3306690738754696e-16,3.3306690738754696e-16,7.355227538141662e-16,7.355227538141662e-16,0.0,0.0,0.0
original_initial_dozero,866,3.3306690738754696e-16,3.3306690738754696e-16,7.355227538141662e-16,7.355227538141662e-16,0.0,0.0,0.0
original_initial_dozero,867,5.551115123125783e-16,5.551115123125783e-16,0.0,0.0,0.0,0.0,0.0
original_initial_dozero,868,4.440892098500626e-16,4.440892098500626e-16,7.355227538141662e-16,7.355227538141662e-16,0.0,0.0,0.0
original_initial_dozero,869,4.440892098500626e-16,4.440892098500626e-16,7.355227538141662e-16,7.355227538141662e-16,0.0,0.0,0.0
original_initial_dozero,870,5.551115123125783e-16,5.551115123125783e-16,7.355227538141662e-16,7.355227538141662e-16,0.0,-1.1102230246251565e-16,-1.1102230246251565e-16
original_initial_dozero,871,6.106226635438361e-16,6.106226635438361e-16,2.0816681711721685e-17,4.85722573273506e-17,-5.303801066043082e-16,-7.632783294297951e-16,-7.355227538141662e-16
original_initial_dozero,872,4.85722573273506e-16,4.718447854656915e-16,5.737535446748154e-12,5.737542385642058e-12,-9.637459771978882e-11,-2.4841240175987878e-15,-2.4771851236948805e-15
original_initial_dozero,873,2.7755575615628914e-16,3.3306690738754696e-16,3.5822181196354386e-07,3.582218121439551e-07,-6.017862618322288e-06,-1.6514567491299204e-15,-1.4710455076283324e-15
original_initial_dozero,874,5.551115123125783e-17,5.551115123125783e-17,4.1253576989266905e-06,4.125357824937004e-06,-6.93029712422115e-05,-9.110767695830191e-14,3.490263633665336e-14
original_initial_dozero,875,0.0,0.0,-0.0008354561196955712,-0.0008354561190734092,0.014035047543368956,-4.728162306122385e-13,1.4934581349379528e-13
original_initial_dozero,876,0.0,0.0,-0.0011051890063527268,-0.0011051890056398249,0.01856636139576327,-5.468438202260728e-13,1.6605813946135584e-13
original_initial_dozero,877,0.0,-5.551115123125783e-17,-0.0008837809116233851,-0.000883780911066806,0.014846868459202548,-4.29101199017623e-13,1.2747788935563165e-13
original_initial_dozero,878,0.0,0.0,-0.0006397177194442331,-0.000639717719078876,0.010746786569719844,-2.839829066347832e-13,8.137414353459604e-14
original_initial_dozero,879,0.0,0.0,-0.0007823745991632387,-0.0007823745985906794,0.013143317090049603,-4.4324266479378593e-13,1.2931669624016706e-13
original_initial_dozero,880,0.0,0.0,-0.0010609665759325343,-0.0010609665751129121,0.017823457132092064,-6.267486529765165e-13,1.9287349495300532e-13
original_initial_dozero,881,0.0,0.0,-0.0011369079761121663,-0.0011369079752137391,0.019099216728442548,-6.803863028537194e-13,2.1804086314247684e-13
original_initial_dozero,882,0.0,5.551115123125783e-17,-0.0003149065251334196,-0.0003149065246626226,0.005290197710890766,-3.479092014480045e-13,1.2288781103819701e-13
original_initial_dozero,883,2.220446049250313e-16,2.220446049250313e-16,9.65055133885645e-06,9.650551350062764e-06,-0.00016212215539109317,-9.18709552877317e-15,2.0192181260370035e-15
original_initial_dozero,884,4.718447854656915e-16,5.134781488891349e-16,1.6918915574093418e-09,1.6918915643482357e-09,-2.8422519874486577e-08,-4.961309141293668e-15,-4.954370247389761e-15
original_initial_dozero,885,6.938893903907228e-16,6.661338147750939e-16,6.4254157550180935e-15,6.473988012345444e-15,-9.604701566871801e-14,-3.0808688933348094e-15,-3.0322966360074588e-15
original_initial_dozero,886,6.661338147750939e-16,7.771561172376096e-16,7.355227538141662e-16,7.216449660063518e-16,9.64327466553287e-17,3.677613769070831e-16,3.5388358909926865e-16
original_initial_dozero,887,6.661338147750939e-16,6.661338147750939e-16,7.355227538141662e-16,7.355227538141662e-16,0.0,0.0,0.0
original_initial_dozero,888,7.771561172376096e-16,7.771561172376096e-16,7.355227538141662e-16,7.355227538141662e-16,0.0,0.0,0.0
original_initial_dozero,889,8.881784197001252e-16,8.881784197001252e-16,7.216449660063518e-16,7.355227538141662e-16,0.0,-5.273559366969494e-16,-5.134781488891349e-16
original_initial_dozero,890,8.881784197001252e-16,8.881784197001252e-16,6.938893903907228e-16,7.147060721024445e-16,4.821637332766433e-16,-2.1788126858268697e-15,-2.157996004115148e-15
original_initial_dozero,891,7.632783294297951e-16,7.494005416219807e-16,6.652407791296611e-12,6.652310646781956e-12,-1.1174265061057086e-10,-1.0193235144839718e-14,-1.029037965949442e-14
original_initial_dozero,892,4.718447854656915e-16,4.718447854656915e-16,3.244858303511067e-07,3.244858299833453e-07,-5.451122972230002e-06,-8.6389229103645e-15,-9.006684287271582e-15
original_initial_dozero,893,1.1102230246251565e-16,1.1102230246251565e-16,3.436164403295555e-05,3.4361644202313135e-05,-0.0005772503142785035,-1.1645545638927501e-13,5.290212712338871e-14
original_initial_dozero,894,0.0,0.0,-0.0009208519973267562,-0.0009208519963434594,0.015469635398202636,-7.292499937250341e-13,2.5404678360985145e-13
original_initial_dozero,895,0.0,-1.1102230246251565e-16,-0.0012089740879554292,-0.001208974086818939,0.020309874334679644,-8.581989285882941e-13,2.782912789101033e-13
original_initial_dozero,896,0.0,0.0,-0.0009360642438043798,-0.000936064242928733,0.015725189936043923,-6.717543188372588e-13,2.0389245847241e-13
original_initial_dozero,897,0.0,0.0,-0.0010919025641896903,-0.0010919025629044163,0.018343158952158947,-9.752060270429297e-13,3.1006794354304645e-13
original_initial_dozero,898,0.0,0.0,-0.001276541190833938,-0.0012765411893750737,0.021444951903583247,-1.0793588245405772e-12,3.795054548394461e-13
original_initial_dozero,899,5.551115123125783e-17,5.551115123125783e-17,-0.00038909708613227983,-0.00038909708528694215,0.006536544498404307,-5.936848235243986e-13,2.5165286521300345e-13
original_initial_dozero,900,3.885780586188048e-16,3.3306690738754696e-16,1.853502000585816e-05,1.853502003158064e-05,-0.00031137468607613005,-2.8109459204728182e-14,-2.3869795029440866e-15
original_initial_dozero,901,8.326672684688674e-16,8.049116928532385e-16,6.020260699679536e-09,6.0202608800907775e-09,-1.0113593464400821e-07,-2.4889812433315228e-14,-2.470940119181364e-14
original_initial_dozero,902,1.0547118733938987e-15,1.0547118733938987e-15,5.1889048613418254e-14,5.189598750732216e-14,-8.473063284878722e-13,-1.2864709297844001e-14,-1.2857770403940094e-14
original_initial_dozero,903,1.1102230246251565e-15,9.992007221626409e-16,7.008282842946301e-16,7.008282842946301e-16,7.71461973242629e-16,-3.677613769070831e-16,-3.677613769070831e-16
original_initial_dozero,904,8.881784197001252e-16,8.881784197001252e-16,7.355227538141662e-16,7.28583859910259e-16,0.0,-2.0816681711721685e-17,-2.7755575615628914e-17
original_initial_dozero,905,7.771561172376096e-16,7.771561172376096e-16,7.355227538141662e-16,7.355227538141662e-16,0.0,0.0,0.0
original_initial_dozero,906,4.440892098500626e-16,4.440892098500626e-16,7.355227538141662e-16,7.355227538141662e-16,0.0,0.0,0.0
original_initial_dozero,907,4.440892098500626e-16,4.440892098500626e-16,7.355227538141662e-16,7.355227538141662e-16,0.0,0.0,0.0
original_initial_dozero,908,4.440892098500626e-16,4.440892098500626e-16,0.0,0.0,0.0,0.0,0.0
original_initial_dozero,909,6.661338147750939e-16,6.661338147750939e-16,7.355227538141662e-16,7.355227538141662e-16,0.0,0.0,0.0
original_initial_dozero,910,1.1102230246251565e-15,1.1102230246251565e-15,1.4710455076283324e-15,1.4710455076283324e-15,0.0,0.0,0.0
original_initial_dozero,911,1.1102230246251565e-15,1.1102230246251565e-15,1.457167719820518e-15,1.457167719820518e-15,2.8929823996598605e-16,-2.1510571102112408e-16,-2.1510571102112408e-16
original_initial_dozero,912,1.4432899320127035e-15,1.4432899320127035e-15,1.700029006457271e-15,1.7416623698807143e-15,-1.663464879804452e-14,-8.076872504148014e-15,-8.03523914072457e-15
original_initial_dozero,913,1.2490009027033011e-15,1.214306433183765e-15,1.3999543885256927e-10,1.3999544579146317e-10,-2.351795563669357e-09,-4.6476711368370616e-14,-4.646977247446671e-14
original_initial_dozero,914,7.771561172376096e-16,7.216449660063518e-16,1.8231695263215553e-06,1.8231695281534233e-06,-3.0627905366166345e-05,-5.326988850029579e-14,-5.1438020509664284e-14
original_initial_dozero,915,2.220446049250313e-16,1.6653345369377348e-16,4.887400529127173e-05,4.887400573084372e-05,-0.000821047295862575,-2.736977311457167e-13,1.658742587729023e-13
original_initial_dozero,916,0.0,0.0,-0.0011744098415813857,-0.001174409839796657,0.019729220450264612,-1.2674548910407424e-12,5.172737238545722e-13
original_initial_dozero,917,0.0,0.0,-0.0012376935350676861,-0.001237693533281306,0.020792339895871283,-1.3334021387034767e-12,4.529779329409678e-13
original_initial_dozero,918,0.0,0.0,-0.0013881683949007635,-0.0013881683923807307,0.023320206724600844,-1.828075885113023e-12,6.919569084384847e-13
original_initial_dozero,919,5.551115123125783e-17,5.551115123125783e-17,-0.0007712881032419447,-0.0007712881013934789,0.01295707212316556,-1.1873696470487971e-12,6.610961778008573e-13
original_initial_dozero,920,4.996003610813204e-16,4.440892098500626e-16,7.964653110330289e-05,7.964653119900411e-05,-0.0013380030672323314,-9.717227023031683e-14,-1.4710455076283324e-15
original_initial_dozero,921,1.2490009027033011e-15,1.2212453270876722e-15,1.4044240257554685e-07,1.404424046849706e-07,-2.3593289118198575e-06,-1.3050671654468715e-13,-1.2839729279789935e-13
original_initial_dozero,922,1.817990202823694e-15,1.762479051592436e-15,7.588943362613065e-12,7.58967888536688e-12,-1.274635991383853e-10,-5.712791351086821e-14,-5.6392390757054045e-14
original_initial_dozero,923,1.887379141862766e-15,1.8318679906315083e-15,1.4432899320127035e-15,1.4432899320127035e-15,5.785964799319719e-16,2.0886070650760757e-15,2.0886070650760757e-15
original_initial_dozero,924,1.4432899320127035e-15,1.4432899320127035e-15,1.457167719820518e-15,7.28583859910259e-16,9.64327466553287e-17,6.314393452555578e-16,-9.71445146547012e-17
original_initial_dozero,925,1.2212453270876722e-15,1.3322676295501878e-15,7.355227538141662e-16,1.4710455076283324e-15,0.0,-5.412337245047638e-16,1.942890293094024e-16
original_initial_dozero,926,1.1102230246251565e-15,1.1102230246251565e-15,1.4710455076283324e-15,7.28583859910259e-16,0.0,4.85722573273506e-17,-6.938893903907228e-16
original_initial_dozero,927,1.1102230246251565e-15,9.992007221626409e-16,7.355227538141662e-16,1.4710455076283324e-15,0.0,-5.48172618408671e-16,1.8735013540549517e-16
original_initial_dozero,928,6.661338147750939e-16,6.661338147750939e-16,7.28583859910259e-16,7.355227538141662e-16,0.0,2.0816681711721685e-17,2.7755575615628914e-17
original_initial_dozero,929,7.771561172376096e-16,7.771561172376096e-16,7.355227538141662e-16,7.355227538141662e-16,0.0,-1.6653345369377348e-16,-1.6653345369377348e-16
original_initial_dozero,930,4.440892098500626e-16,4.440892098500626e-16,7.355227538141662e-16,7.355227538141662e-16,0.0,0.0,0.0
original_initial_dozero,931,5.551115123125783e-16,5.551115123125783e-16,7.355227538141662e-16,7.355227538141662e-16,0.0,0.0,0.0
original_initial_dozero,932,3.3306690738754696e-16,3.3306690738754696e-16,0.0,0.0,0.0,0.0,0.0
original_initial_dozero,933,4.440892098500626e-16,4.440892098500626e-16,7.355227538141662e-16,7.355227538141662e-16,0.0,0.0,0.0
original_initial_dozero,934,3.3306690738754696e-16,3.3306690738754696e-16,7.28583859910259e-16,7.28583859910259e-16,0.0,0.0,0.0
original_initial_dozero,935,3.3306690738754696e-16,4.440892098500626e-16,0.0,0.0,0.0,0.0,0.0
original_initial_dozero,936,5.551115123125783e-16,4.440892098500626e-16,0.0,0.0,0.0,0.0,0.0
original_initial_dozero,937,3.3306690738754696e-16,3.3306690738754696e-16,7.355227538141662e-16,7.355227538141662e-16,0.0,0.0,0.0
original_initial_dozero,938,3.3306690738754696e-16,3.3306690738754696e-16,0.0,0.0,0.0,0.0,0.0
original_initial_dozero,939,3.3306690738754696e-16,3.3306690738754696e-16,0.0,0.0,0.0,0.0,0.0
original_initial_dozero,940,3.3306690738754696e-16,3.3306690738754696e-16,0.0,0.0,0.0,0.0,0.0
original_initial_dozero,941,3.3306690738754696e-16,3.3306690738754696e-16,0.0,0.0,0.0,1.3877787807814457e-17,1.3877787807814457e-17
original_initial_dozero,942,3.3306690738754696e-16,3.3306690738754696e-16,0.0,0.0,0.0,0.0,0.0
original_initial_dozero,943,3.3306690738754696e-16,3.3306690738754696e-16,7.355227538141662e-16,7.355227538141662e-16,0.0,0.0,0.0
original_initial_dozero,944,3.3306690738754696e-16,3.3306690738754696e-16,0.0,0.0,0.0,0.0,0.0
original_initial_dozero,945,4.440892098500626e-16,4.440892098500626e-16,7.355227538141662e-16,7.355227538141662e-16,0.0,0.0,0.0
original_initial_dozero,946,6.661338147750939e-16,6.661338147750939e-16,7.355227538141662e-16,7.28583859910259e-16,0.0,-5.134781488891349e-16,-5.204170427930421e-16
original_initial_dozero,947,1.1102230246251565e-15,9.992007221626409e-16,7.355227538141662e-16,7.355227538141662e-16,0.0,-6.817463260588852e-14,-6.817463260588852e-14
original_initial_dozero,948,1.2212453270876722e-15,1.4432899320127035e-15,7.28583859910259e-16,1.4710455076283324e-15,9.64327466553287e-17,-1.609823385706477e-15,-8.673617379884035e-16
original_initial_dozero,949,1.4432899320127035e-15,1.4432899320127035e-15,1.457167719820518e-15,1.457167719820518e-15,1.9286549331065737e-16,-2.498001805406602e-16,-2.498001805406602e-16
original_initial_dozero,950,2.1094237467877974e-15,2.1094237467877974e-15,2.130240428499519e-15,1.394717674685353e-15,1.157192959863943e-15,-2.9906632725840154e-15,-3.726186026398182e-15
original_initial_dozero,951,1.6653345369377348e-15,1.6653345369377348e-15,1.429412144204889e-15,2.157996004115148e-15,6.750292265873004e-16,-1.2448375663609568e-14,-1.1719791803699309e-14
original_initial_dozero,952,1.5543122344752192e-15,1.5543122344752192e-15,1.4432899320127035e-15,1.4502288259166107e-15,4.821637332766433e-16,-6.310368894091312e-13,-6.310299505152273e-13
original_initial_dozero,953,1.27675647831893e-15,1.27675647831893e-15,1.4502288259166107e-15,1.4502288259166107e-15,2.8929823996598605e-16,-3.685038385548012e-13,-3.685038385548012e-13
original_initial_dozero,954,1.3877787807814457e-15,1.27675647831893e-15,7.563394355258879e-16,7.632783294297951e-16,-2.8929823996598625e-16,-6.702624566479187e-13,-6.702555177540148e-13
original_initial_dozero,955,1.0547118733938987e-15,1.1102230246251565e-15,7.563394355258879e-16,7.494005416219807e-16,-2.8929823996598625e-16,-2.642747132242107e-13,-2.642816521181146e-13
original_initial_dozero,956,9.992007221626409e-16,1.0547118733938987e-15,1.5126788710517758e-15,7.563394355258879e-16,-5.303801066043082e-16,-3.362934930528638e-13,-3.370498324883897e-13
original_initial_dozero,957,6.661338147750939e-16,7.771561172376096e-16,7.355227538141662e-16,7.28583859910259e-16,-9.643274665532872e-17,-2.8171909249863347e-15,-2.824129818890242e-15
original_initial_dozero,958,7.771561172376096e-16,5.551115123125783e-16,7.355227538141662e-16,7.424616477180734e-16,-9.643274665532872e-17,-4.100886297209172e-15,-4.093947403305265e-15
original_initial_dozero,959,3.3306690738754696e-16,4.440892098500626e-16,0.0,0.0,9.64327466553287e-17,2.7755575615628914e-17,2.7755575615628914e-17
original_initial_dozero,960,4.440892098500626e-16,4.440892098500626e-16,7.424616477180734e-16,7.355227538141662e-16,0.0,8.326672684688674e-17,7.632783294297951e-17
original_initial_dozero,961,4.440892098500626e-16,4.440892098500626e-16,7.355227538141662e-16,7.355227538141662e-16,0.0,3.469446951953614e-17,3.469446951953614e-17
original_initial_dozero,962,3.3306690738754696e-16,3.3306690738754696e-16,-6.938893903907228e-18,-6.938893903907228e-18,9.64327466553287e-17,6.938893903907228e-18,6.938893903907228e-18
original_initial_dozero,963,4.440892098500626e-16,4.440892098500626e-16,7.355227538141662e-16,7.355227538141662e-16,0.0,1.3877787807814457e-17,1.3877787807814457e-17
original_initial_dozero,964,3.3306690738754696e-16,3.3306690738754696e-16,0.0,0.0,0.0,2.7755575615628914e-17,2.7755575615628914e-17
original_initial_dozero,965,3.3306690738754696e-16,3.3306690738754696e-16,0.0,0.0,0.0,3.469446951953614e-17,3.469446951953614e-17
original_initial_dozero,966,4.440892098500626e-16,4.440892098500626e-16,7.355227538141662e-16,7.355227538141662e-16,0.0,5.551115123125783e-17,5.551115123125783e-17
original_initial_dozero,967,5.551115123125783e-16,4.440892098500626e-16,0.0,7.355227538141662e-16,0.0,-6.175615574477433e-16,1.1796119636642288e-16
original_initial_dozero,968,7.771561172376096e-16,7.771561172376096e-16,7.424616477180734e-16,7.494005416219807e-16,-1.446491199829931e-16,-5.3013149425851225e-15,-5.294376048681215e-15
original_initial_dozero,969,9.992007221626409e-16,1.1102230246251565e-15,1.519617764955683e-15,7.840950111415168e-16,-7.232455999149659e-16,-3.5139946508166986e-13,-3.5213498783548403e-13
original_initial_dozero,970,1.27675647831893e-15,1.27675647831893e-15,1.5334955527634975e-15,1.5126788710517758e-15,-9.161110932256237e-16,-7.081904507266756e-13,-7.082112674083874e-13
original_initial_dozero,971,1.4432899320127035e-15,1.4432899320127035e-15,1.5126788710517758e-15,1.519617764955683e-15,-8.196783465702948e-16,-8.704842402451618e-13,-8.704773013512579e-13
original_initial_dozero,972,1.7208456881689926e-15,1.8318679906315083e-15,1.4918621893400541e-15,1.4918621893400541e-15,-4.821637332766439e-16,-8.552325514443737e-13,-8.552325514443737e-13
original_initial_dozero,973,2.220446049250313e-15,2.1649348980190553e-15,1.9290125052862095e-15,2.6645352591003757e-15,-7.955701599064691e-15,-9.591355487614805e-13,-9.584000260076664e-13
original_initial_dozero,974,1.7208456881689926e-15,1.7208456881689926e-15,1.700029006457271e-15,1.700029006457271e-15,-3.953742612868495e-15,-9.97847637851379e-13,-9.97847637851379e-13
original_initial_dozero,975,1.5543122344752192e-15,1.609823385706477e-15,1.6514567491299204e-15,1.6792123247455493e-15,-3.182280639625859e-15,-9.28437882130595e-13,-9.284101265549793e-13
original_initial_dozero,976,1.4988010832439613e-15,1.4988010832439613e-15,1.5612511283791264e-15,1.582067810090848e-15,-1.6393566931405912e-15,-8.673617379884035e-13,-8.673409213066918e-13
original_initial_dozero,977,1.4432899320127035e-15,1.4432899320127035e-15,1.609823385706477e-15,1.6028844918025698e-15,-2.1697367997449015e-15,-8.377604165943353e-13,-8.377673554882392e-13
original_initial_dozero,978,1.27675647831893e-15,1.27675647831893e-15,1.5404344466674047e-15,1.519617764955683e-15,-1.1089765865362815e-15,-6.959988141375106e-13,-6.960196308192224e-13
original_initial_dozero,979,1.1657341758564144e-15,1.27675647831893e-15,8.257283745649602e-16,1.5334955527634975e-15,-1.3982748265022685e-15,-6.667930096959651e-13,-6.660852425177666e-13
original_initial_dozero,980,9.992007221626409e-16,9.992007221626409e-16,7.771561172376096e-16,7.840950111415168e-16,-1.0125438398809526e-15,-3.5092068140230026e-13,-3.5091374250839635e-13
original_initial_dozero,981,1.0547118733938987e-15,9.992007221626409e-16,7.840950111415168e-16,1.519617764955683e-15,-9.161110932256237e-16,-3.490333022604375e-13,-3.4829777950662333e-13
original_initial_dozero,982,7.771561172376096e-16,6.661338147750939e-16,7.355227538141662e-16,7.563394355258879e-16,-1.446491199829931e-16,-5.252742685257772e-15,-5.23192600354605e-15
original_initial_dozero,983,1.2212453270876722e-15,1.27675647831893e-15,1.5612511283791264e-15,1.5404344466674047e-15,-1.4947075731575976e-15,-6.581332701038889e-13,-6.581540867856006e-13
original_initial_dozero,984,1.3877787807814457e-15,1.3877787807814457e-15,1.6306400674181987e-15,1.6028844918025698e-15,-2.5554677863662184e-15,-7.92754750733593e-13,-7.927825063092087e-13
original_initial_dozero,985,1.5543122344752192e-15,1.5543122344752192e-15,1.700029006457271e-15,1.700029006457271e-15,-3.857309866213166e-15,-8.907805049140904e-13,-8.907805049140904e-13
original_initial_dozero,986,1.7208456881689926e-15,1.609823385706477e-15,2.546574062733953e-15,1.8110513089197866e-15,-6.027046665958086e-15,-9.642980858259875e-13,-9.650336085798017e-13
original_initial_dozero,987,1.8318679906315083e-15,1.8318679906315083e-15,2.157996004115148e-15,2.1788126858268697e-15,-1.1668362345294931e-14,-9.77204428487255e-13,-9.771836118055433e-13
original_initial_dozero,988,1.6653345369377348e-15,1.6653345369377348e-15,1.880440247958859e-15,1.887379141862766e-15,-6.9431577591837224e-15,-9.279590984512254e-13,-9.279521595573215e-13
original_initial_dozero,989,1.5543122344752192e-15,1.5543122344752192e-15,1.7486012637846216e-15,1.7416623698807143e-15,-4.580555466128138e-15,-8.397102457813332e-13,-8.397171846752371e-13
original_initial_dozero,990,1.4988010832439613e-15,1.3877787807814457e-15,1.6306400674181987e-15,1.6306400674181987e-15,-2.7965496530045417e-15,-7.81763542789804e-13,-7.81763542789804e-13
original_initial_dozero,991,1.5543122344752192e-15,1.4432899320127035e-15,1.7486012637846216e-15,1.7486012637846216e-15,-4.725204586111132e-15,-8.283720931423488e-13,-8.283720931423488e-13
original_initial_dozero,992,1.6653345369377348e-15,1.609823385706477e-15,1.9290125052862095e-15,2.6645352591003757e-15,-7.859268852409361e-15,-8.817807595207228e-13,-8.810452367669086e-13
original_initial_dozero,993,1.8318679906315083e-15,1.8318679906315083e-15,2.2273849431542203e-15,2.2273849431542203e-15,-1.268090618517591e-14,-9.444597881547168e-13,-9.444597881547168e-13
original_initial_dozero,994,2.0539125955565396e-15,2.0539125955565396e-15,3.490263633665336e-15,3.462508058049707e-15,-2.174558437077717e-14,-9.519676713587444e-13,-9.5199542693436e-13
original_initial_dozero,995,2.1094237467877974e-15,2.1094237467877974e-15,3.2127078775090467e-15,3.2404634531246757e-15,-1.7213245277976518e-14,-9.968831315987359e-13,-9.968553760231202e-13
original_initial_dozero,996,2.609024107869118e-15,2.55351295663786e-15,5.100087019371813e-15,4.3576253716537394e-15,-3.616227999574977e-14,-8.582370925047655e-13,-8.589795541524836e-13
original_initial_dozero,997,2.4980018054066022e-15,2.4980018054066022e-15,2.192690473634684e-15,2.921274333544943e-15,2.8929823996598605e-16,-2.409461519192746e-13,-2.4021756805936434e-13
original_initial_dozero,998,3.552713678800501e-15,3.608224830031759e-15,4.385380947269368e-15,4.40619762898109e-15,-1.234339157188225e-14,-2.615963001773025e-13,-2.615754834955908e-13
original_initial_dozero,999,2.3869795029440866e-15,2.4980018054066022e-15,2.1441182163073336e-15,2.157996004115148e-15,8.678947198979575e-16,-5.717648576819556e-15,-5.703770789011742e-15
original_initial_dozero,1000,2.55351295663786e-15,2.4980018054066022e-15,2.5484128696184882e-12,2.547677346864674e-12,-4.276218539531755e-11,-3.912842272413286e-14,-3.986394547794703e-14
original_initial_dozero,1001,1.970645868709653e-15,1.915134717478395e-15,1.7511348218701706e-08,1.7511349689747213e-08,-2.941777167142852e-07,-2.146408051295623e-13,-2.1316975962193396e-13
original_initial_dozero,1002,9.992007221626409e-16,9.43689570931383e-16,2.6489254512797322e-05,2.648925446136624e-05,-0.0004449999679201819,-2.1620205625794142e-13,-2.676331378737018e-13
original_initial_dozero,1003,1.6653345369377348e-16,1.6653345369377348e-16,-0.0001538434539095565,-0.000153843452651653,0.002584456728433886,-5.461048280253067e-13,7.117986755567074e-13
original_initial_dozero,1004,0.0,0.0,-0.0014894513812198813,-0.001489451377788012,0.02502168630541037,-2.3561846917985463e-12,1.0756846802184583e-12
original_initial_dozero,1005,0.0,-5.551115123125783e-17,-0.0014447899776787211,-0.0014447899734253908,0.0242714076165891,-2.58267365826903e-12,1.6706566685620317e-12
original_initial_dozero,1006,3.3306690738754696e-16,3.885780586188048e-16,0.00026699851331494356,0.0002669985131224309,-0.004485378393959062,5.293959715046981e-13,3.3688329903469594e-13
original_initial_dozero,1007,1.7208456881689926e-15,1.6653345369377348e-15,7.991617409407181e-06,7.991617326744138e-06,-0.0001342532870673131,-5.157957394530399e-13,-5.984587825302867e-13
original_initial_dozero,1008,2.914335439641036e-15,2.8727020762175925e-15,7.679500070578715e-09,7.679497593393592e-09,-1.2900989755696645e-07,-2.4752422334017865e-13,-2.5000140846387353e-13
original_initial_dozero,1009,3.58046925441613e-15,3.524958103184872e-15,4.19960594078006e-12,4.1996475741434836e-12,-7.048891444825944e-11,3.677613769070831e-16,4.0939474033052647e-16
original_initial_dozero,1010,4.718447854656915e-15,4.718447854656915e-15,1.547988126571198e-11,1.5479145742958167e-11,-2.5996359137673404e-10,5.120209811693144e-14,5.046657536311727e-14
original_initial_dozero,1011,4.15639744844043e-15,4.1147640850169864e-15,1.0745516192123272e-08,1.0745511327958646e-08,-1.8051669586764172e-07,-1.99854022220336e-13,-2.0471818684697496e-13
original_initial_dozero,1012,2.7200464103316335e-15,2.6645352591003757e-15,4.4438129921664515e-06,4.443812753739118e-06,-7.465278559447581e-05,-5.984587825302867e-13,-8.36886115962443e-13
original_initial_dozero,1013,7.771561172376096e-16,8.326672684688674e-16,0.0003352948607035222,0.00033529485906262646,-0.005632706733570336,8.401959683546067e-13,-8.006997842535668e-13
original_initial_dozero,1014,0.0,-5.551115123125783e-17,-0.0011249362073222982,-0.0011249362031755111,0.01889809982932259,-1.6851658957151017e-12,2.4616211846684166e-12
original_initial_dozero,1015,-2.7755575615628914e-16,-3.3306690738754696e-16,-0.0005150129287505648,-0.0005150129264311215,0.008651837924292288,9.62167845397488e-13,3.2816110939748455e-12
original_initial_dozero,1016,1.4432899320127035e-15,1.4432899320127035e-15,0.0003039855970279337,0.0003039855940855929,-0.005106734161361446,1.1067327609914912e-12,-1.8356080544457143e-12
original_initial_dozero,1017,4.135580766728708e-15,4.08006961549745e-15,4.84829614483262e-06,4.848295716564088e-06,-8.144780465581683e-05,-4.201916592450061e-13,-8.484601909941603e-13
original_initial_dozero,1018,5.549380399649806e-15,5.500808142322455e-15,2.406092087375855e-08,2.4060919777413314e-08,-4.0420566471314746e-07,-9.671430323265895e-14,-9.781064846947629e-14
original_initial_dozero,1019,4.9682480351975755e-15,4.9404924595819466e-15,3.535848003277664e-11,3.535852860503397e-11,-5.939106273197869e-10,5.83699755196676e-14,5.841854777699496e-14
original_initial_dozero,1020,3.774758283725532e-15,3.774758283725532e-15,9.783840404509192e-15,9.783840404509192e-15,-1.0279730793459257e-13,-5.227138166752354e-13,-5.227138166752354e-13
original_initial_dozero,1021,3.552713678800501e-15,3.497202527569243e-15,4.427014310692812e-14,4.427014310692812e-14,-6.820688170936756e-13,-5.051029039471189e-13,-5.051029039471189e-13
original_initial_dozero,1022,2.4980018054066022e-15,2.4980018054066022e-15,6.95971058561895e-15,6.95971058561895e-15,-6.711719167211397e-14,-8.505071646958129e-13,-8.505071646958129e-13
original_initial_dozero,1023,2.4424906541753444e-15,2.4424906541753444e-15,7.029099524658022e-15,7.764622278472189e-15,-8.114815631046669e-14,-8.091999292858532e-13,-8.08464406532039e-13
original_initial_dozero,1024,3.2751579226442118e-15,3.2751579226442118e-15,7.305961391423921e-14,7.306655280814311e-14,-1.1662094216777836e-12,-4.579878143395888e-13,-4.579808754456849e-13
original_initial_dozero,1025,4.85722573273506e-15,4.829470157119431e-15,7.331203005778164e-11,7.331130147392173e-11,-1.2315014807148e-09,5.620504062164855e-14,5.547645676173829e-14
original_initial_dozero,1026,6.016021014687567e-15,5.9674487573602164e-15,3.7166480358619136e-08,3.7166480816586134e-08,-6.243693993593501e-07,-5.565686800323988e-14,-5.5198901005582e-14
original_initial_dozero,1027,5.9674487573602164e-15,5.9119376061289586e-15,6.899384603784031e-06,6.899384296106537e-06,-0.00011590458022692653,-3.6894098887074733e-13,-6.766184834638977e-13
original_initial_dozero,1028,2.609024107869118e-15,2.6645352591003757e-15,0.0003057603064071865,0.0003057603013568236,-0.005136547971945364,2.850678026966591e-12,-2.1996848786898227e-12
original_initial_dozero,1029,-1.0547118733938987e-15,-9.992007221626409e-16,8.113779174835634e-05,8.113779146437516e-05,-0.0013630551478726895,5.828282301223453e-12,5.544301129312146e-12
original_initial_dozero,1030,-1.9984014443252818e-15,-1.9984014443252818e-15,0.00033595842599240533,0.00033595841415472866,-0.0056438541417783705,1.3396284082034526e-11,1.5586074098017377e-12
original_initial_dozero,1031,4.524158825347513e-15,4.524158825347513e-15,0.0003277088554368285,0.00032770885244948894,-0.005505267431703033,1.0642944858751946e-12,-1.9230450565288493e-12
original_initial_dozero,1032,6.827871601444713e-15,6.772360450213455e-15,8.257271813583156e-06,8.25727159600026e-06,-0.00013871608532950897,-3.5901837058816e-13,-5.76601266732979e-13
original_initial_dozero,1033,6.17214612752548e-15,6.130512764102036e-15,5.2926765220506766e-08,5.292676815565889e-08,-8.891305660023639e-07,-2.7554347692415604e-14,-2.4619195571062846e-14
original_initial_dozero,1034,4.690692279041286e-15,4.690692279041286e-15,9.228127290095145e-11,9.228200842370526e-11,-1.5501835992856016e-09,5.390826673945526e-14,5.4643789493269423e-14
original_initial_dozero,1035,3.164135620181696e-15,3.219646771412954e-15,8.550798957784878e-14,8.550798957784878e-14,-1.3872332770124468e-12,-4.3038489438984584e-13,-4.3038489438984584e-13
original_initial_dozero,1036,2.3869795029440866e-15,2.3869795029440866e-15,7.299716386910404e-15,7.299716386910404e-15,-8.601801001656173e-14,-7.818745650922665e-13,-7.818745650922665e-13
original_initial_dozero,1037,2.0539125955565396e-15,2.0539125955565396e-15,3.608224830031759e-15,2.8449465006019636e-15,-2.343315743724551e-14,-9.203957040959665e-13,-9.211589824253963e-13
original_initial_dozero,1038,2.0539125955565396e-15,1.9984014443252818e-15,3.677613769070831e-15,2.914335439641036e-15,-2.4590350397109518e-14,-8.840983500846278e-13,-8.848616284140576e-13
original_initial_dozero,1039,1.8318679906315083e-15,1.887379141862766e-15,3.00454106039183e-15,3.00454106039183e-15,-1.3452368158418564e-14,-9.067122053174614e-13,-9.067122053174614e-13
original_initial_dozero,1040,1.8318679906315083e-15,1.887379141862766e-15,3.011479954295737e-15,2.248201624865942e-15,-1.3645233651729228e-14,-8.982814492242142e-13,-8.99044727553644e-13
original_initial_dozero,1041,1.609823385706477e-15,1.609823385706477e-15,2.6853519408120974e-15,1.949829186997931e-15,-8.052134345720023e-15,-8.705744458659126e-13,-8.713099686197268e-13
original_initial_dozero,1042,1.9984014443252818e-15,1.9984014443252818e-15,3.649858193455202e-15,3.649858193455202e-15,-2.4686783143764853e-14,-8.773953785734534e-13,-8.773953785734534e-13
original_initial_dozero,1043,2.3314683517128287e-15,2.3869795029440866e-15,7.480127628411992e-15,7.4870665223159e-15,-8.881455966956683e-14,-7.532238721630335e-13,-7.532169332691296e-13
original_initial_dozero,1044,3.164135620181696e-15,3.164135620181696e-15,9.010153734223536e-14,9.010153734223536e-14,-1.4639937433503403e-12,-4.159658728575266e-13,-4.159658728575266e-13
original_initial_dozero,1045,4.579669976578771e-15,4.551914400963142e-15,9.932558248104684e-11,9.932558248104684e-11,-1.6685225394897866e-09,5.4192761389515454e-14,5.4192761389515454e-14
original_initial_dozero,1046,6.0472460372551495e-15,6.00908212078366e-15,5.84848416085304e-08,5.848484583431679e-08,-9.825021689436666e-07,-1.855460229904793e-14,-1.4328815911568427e-14
original_initial_dozero,1047,7.424616477180734e-15,7.382983113757291e-15,9.477002434345183e-06,9.477002310354088e-06,-0.00015920666148258895,-3.5167008194392224e-13,-4.756611771128405e-13
original_initial_dozero,1048,5.773159728050814e-15,5.717648576819556e-15,0.0003361004505123416,0.00033610044872595807,-0.005646240048998736,5.988265439071938e-14,-1.726500886700677e-12
original_initial_dozero,1049,-2.7200464103316335e-15,-2.831068712794149e-15,0.0003239054570235017,0.00032390545293752016,-0.0054413731394627966,2.1870005806334802e-12,-1.898980972470099e-12
original_initial_dozero,1050,-2.7200464103316335e-15,-2.886579864025407e-15,0.0002860252164713292,0.000286025216613868,-0.004805012994915483,-2.52389081856208e-12,-2.381352059988018e-12
original_initial_dozero,1051,6.966649479522857e-15,6.938893903907228e-15,0.00034054496202690077,0.0003405449612358391,-0.00572090456929311,-7.257527911974648e-13,-1.5168144518185045e-12
original_initial_dozero,1052,7.424616477180734e-15,7.396860901565105e-15,9.821428066839055e-06,9.821427982899256e-06,-0.00016499275845718167,-3.46903061831938e-13,-4.308428613875037e-13
original_initial_dozero,1053,5.9223459469848194e-15,5.88418203051333e-15,6.023235149532624e-08,6.0232356546841e-08,-1.0118590485406735e-06,-1.552230566304047e-14,-1.0470790900996008e-14
original_initial_dozero,1054,4.524158825347513e-15,4.496403249731884e-15,1.0155346008566823e-10,1.0155346008566823e-10,-1.705948377910359e-09,5.3818061118704463e-14,5.3818061118704463e-14
original_initial_dozero,1055,3.1086244689504383e-15,3.0531133177191805e-15,9.239831122442865e-14,9.239831122442865e-14,-1.5029525729992262e-12,-4.0122072331172376e-13,-4.0122072331172376e-13
original_initial_dozero,1056,2.3314683517128287e-15,2.3314683517128287e-15,7.528699885739343e-15,7.4870665223159e-15,-8.895920878954985e-14,-7.470690732702678e-13,-7.471107066336913e-13
original_initial_dozero,1057,3.1086244689504383e-15,3.1086244689504383e-15,9.248851684517945e-14,9.248851684517945e-14,-1.5043026314524055e-12,-3.985561880526234e-13,-3.985561880526234e-13
original_initial_dozero,1058,4.440892098500626e-15,4.413136522884997e-15,1.0261252264553988e-10,1.0261261285116063e-10,-1.7237415697969783e-09,5.3360094121046586e-14,5.345029974179738e-14
original_initial_dozero,1059,5.8494875609937935e-15,5.814793091474257e-15,6.074523152543865e-08,6.074523684757027e-08,-1.0204750548627326e-06,-1.3683498778505054e-14,-8.36136715420821e-15
original_initial_dozero,1060,7.341349750333848e-15,7.299716386910404e-15,9.919674554999258e-06,9.919674489974883e-06,-0.00016664322710587285,-3.4450914343509e-13,-4.095335182086046e-13
original_initial_dozero,1061,7.271960811294775e-15,7.188694084447889e-15,0.00034091372526024594,0.00034091372482830673,-0.005727099520026911,-9.892642260922457e-13,-1.4212034327165668e-12
original_initial_dozero,1062,-2.55351295663786e-15,-2.609024107869118e-15,0.00025770503618374047,0.00025770503916042187,-0.004329254822341588,-5.429032223780439e-12,-2.4523508224127966e-12
original_initial_dozero,1063,-2.4424906541753444e-15,-2.4424906541753444e-15,0.000249917478751277,0.00024991748264108216,-0.004198429592570664,-6.3135885408627246e-12,-2.4237833962104105e-12
original_initial_dozero,1064,7.244205235679146e-15,7.188694084447889e-15,0.000340900842078648,0.0003409008418044923,-0.005726883092063559,-1.0990167109703464e-12,-1.373172409113721e-12
original_initial_dozero,1065,7.244205235679146e-15,7.202571872255703e-15,9.947072090198128e-06,9.947072033993087e-06,-0.00016710348552026125,-3.4267033655055457e-13,-3.988753771722031e-13
original_initial_dozero,1066,5.762751387194953e-15,5.7245874707234634e-15,6.09551288957566e-08,6.095513385012685e-08,-1.0240011773157688e-06,-1.1934897514720433e-14,-6.980527267330672e-15
original_initial_dozero,1067,4.440892098500626e-15,4.413136522884997e-15,1.0264512850799434e-10,1.026452187136151e-10,-1.7242889702855403e-09,5.3179682879545e-14,5.326988850029579e-14
original_initial_dozero,1068,5.738465258531278e-15,5.707240235963695e-15,6.096082905138189e-08,6.096083401269103e-08,-1.0240969347286092e-06,-1.1664280652468051e-14,-6.702971511174383e-15
original_initial_dozero,1069,7.13318293321663e-15,7.105427357601002e-15,9.95965629844997e-06,9.959656251702642e-06,-0.00016731489096333027,-3.4129643555758093e-13,-3.8804376378820393e-13
original_initial_dozero,1070,7.188694084447889e-15,7.16093850883226e-15,0.00034088363618958034,0.0003408836359889908,-0.005726594045811231,-1.148331429945415e-12,-1.3489209749195652e-12
original_initial_dozero,1071,-2.3592239273284576e-15,-2.4147350785597155e-15,0.0002477435423151181,0.00024774354657387115,-0.004161909061427482,-6.657001339060997e-12,-2.398248266644032e-12
original_initial_dozero,1072,-2.3037127760972e-15,-2.3314683517128287e-15,0.0002471491826811084,0.0002471491871037096,-0.004151924257303143,-6.8056046909070744e-12,-2.3830035167371477e-12
original_initial_dozero,1073,7.13318293321663e-15,7.049916206369744e-15,0.0003408738504676115,0.0003408738503345235,-0.005726429652876666,-1.1929693344292502e-12,-1.3260573195061909e-12
original_initial_dozero,1074,7.13318293321663e-15,7.077671781985373e-15,9.960022295404936e-06,9.96002224958048e-06,-0.0001673210394306232,-3.40470707183016e-13,-3.862951625244193e-13
original_initial_dozero,1075,7.077671781985373e-15,6.994405055138486e-15,0.00034087348905636333,0.0003408734889379719,-0.0057264235814459925,-1.2021564299580234e-12,-1.3205478377464885e-12
original_initial_dozero,1076,-2.275957200481571e-15,-2.3314683517128287e-15,0.00024689752586161406,0.0002468975304308896,-0.004147696608053432,-6.936756724584825e-12,-2.3674812110741073e-12
original_initial_dozero,1077,-2.275957200481571e-15,-2.3314683517128287e-15,0.00024689051059572503,0.00024689051519338756,-0.004147578756753431,-6.9610983643997315e-12,-2.3634358359281293e-12
original_initial_dozero,1078,4.440892098500626e-16,4.440892098500626e-16,0.0,0.0,0.0,4.85722573273506e-17,4.85722573273506e-17
original_initial_dozero,1079,3.3306690738754696e-16,4.440892098500626e-16,0.0,7.355227538141662e-16,0.0,-7.147060721024445e-16,2.0816681711721685e-17
original_initial_dozero,1080,3.3306690738754696e-16,3.3306690738754696e-16,0.0,0.0,0.0,0.0,0.0
original_initial_dozero,1081,3.3306690738754696e-16,3.3306690738754696e-16,0.0,0.0,0.0,0.0,0.0
original_initial_dozero,1082,3.3306690738754696e-16,3.3306690738754696e-16,0.0,0.0,0.0,0.0,0.0
original_initial_dozero,1083,4.440892098500626e-16,4.440892098500626e-16,0.0,0.0,0.0,0.0,0.0
original_initial_dozero,1084,3.3306690738754696e-16,3.3306690738754696e-16,0.0,0.0,0.0,6.938893903907228e-18,6.938893903907228e-18
original_initial_dozero,1085,3.3306690738754696e-16,3.3306690738754696e-16,7.355227538141662e-16,7.355227538141662e-16,0.0,0.0,0.0
original_initial_dozero,1086,3.3306690738754696e-16,3.3306690738754696e-16,7.355227538141662e-16,7.355227538141662e-16,0.0,0.0,0.0
original_initial_dozero,1087,4.440892098500626e-16,3.3306690738754696e-16,7.355227538141662e-16,7.355227538141662e-16,0.0,0.0,0.0
original_initial_dozero,1088,2.220446049250313e-16,2.220446049250313e-16,7.355227538141662e-16,7.355227538141662e-16,0.0,0.0,0.0
original_initial_dozero,1089,0.0,0.0,0.0,0.0,0.0,0.0,0.0
original_initial_dozero,1090,1.1102230246251565e-16,1.1102230246251565e-16,0.0,0.0,0.0,0.0,0.0
original_initial_dozero,1091,0.0,0.0,0.0,0.0,0.0,0.0,0.0
original_initial_dozero,1092,0.0,0.0,0.0,0.0,0.0,0.0,0.0
original_initial_dozero,1093,1.1102230246251565e-16,1.1102230246251565e-16,0.0,0.0,0.0,0.0,0.0
original_initial_dozero,1094,0.0,0.0,0.0,0.0,0.0,0.0,0.0
original_initial_dozero,1095,1.1102230246251565e-16,1.1102230246251565e-16,0.0,0.0,0.0,0.0,0.0
original_initial_dozero,1096,0.0,0.0,0.0,0.0,0.0,0.0,0.0
original_initial_dozero,1097,0.0,0.0,0.0,0.0,0.0,0.0,0.0
original_initial_dozero,1098,0.0,0.0,0.0,0.0,0.0,0.0,0.0
original_initial_dozero,1099,0.0,0.0,0.0,0.0,0.0,0.0,0.0
original_initial_dozero,1100,0.0,0.0,0.0,0.0,0.0,0.0,0.0
original_initial_dozero,1101,0.0,0.0,0.0,0.0,0.0,0.0,0.0
original_initial_dozero,1102,0.0,0.0,0.0,0.0,0.0,0.0,0.0
original_initial_dozero,1103,3.3306690738754696e-16,3.3306690738754696e-16,7.355227538141662e-16,7.355227538141662e-16,0.0,0.0,0.0
original_initial_dozero,1104,4.440892098500626e-16,4.440892098500626e-16,7.355227538141662e-16,7.355227538141662e-16,0.0,0.0,0.0
original_initial_dozero,1105,2.220446049250313e-16,2.220446049250313e-16,0.0,0.0,0.0,0.0,0.0
original_initial_dozero,1106,3.3306690738754696e-16,3.3306690738754696e-16,0.0,0.0,0.0,0.0,0.0
original_initial_dozero,1107,3.3306690738754696e-16,3.3306690738754696e-16,7.355227538141662e-16,7.355227538141662e-16,0.0,0.0,0.0
original_initial_dozero,1108,2.220446049250313e-16,2.220446049250313e-16,7.355227538141662e-16,7.355227538141662e-16,0.0,0.0,0.0
original_initial_dozero,1109,3.3306690738754696e-16,3.3306690738754696e-16,7.355227538141662e-16,7.355227538141662e-16,0.0,0.0,0.0
original_initial_dozero,1110,3.3306690738754696e-16,3.3306690738754696e-16,7.355227538141662e-16,7.355227538141662e-16,0.0,0.0,0.0
original_initial_dozero,1111,3.3306690738754696e-16,3.3306690738754696e-16,7.355227538141662e-16,7.355227538141662e-16,0.0,0.0,0.0
original_initial_dozero,1112,3.3306690738754696e-16,3.3306690738754696e-16,0.0,1.3877787807814457e-17,0.0,-1.3877787807814457e-17,0.0
original_initial_dozero,1113,0.0,0.0,0.0,0.0,0.0,0.0,0.0
original_initial_dozero,1114,4.163336342344337e-17,1.3877787807814457e-17,7.350086511648257e-11,7.350076797196792e-11,-1.2347594128534276e-09,0.0,-9.71445146547012e-17
original_initial_dozero,1115,-5.551115123125783e-17,5.551115123125783e-17,1.0435258846058781e-06,1.0435258847862894e-06,-1.7530466362835214e-05,-1.8041124150158794e-16,0.0
original_initial_dozero,1116,0.0,0.0,-5.168917307885046e-05,-5.168917306489634e-05,0.0008683400414911798,-1.1018963519404679e-14,2.9351521213527576e-15
original_initial_dozero,1117,0.0,0.0,-9.29946215722649e-05,-9.299462154489097e-05,0.0015622411569867236,-2.1496693314304594e-14,5.8772431366094224e-15
original_initial_dozero,1118,0.0,0.0,-0.0005643976068908235,-0.0005643976068175419,0.009481464147945262,-5.785649737077847e-14,1.542516114838577e-14
original_initial_dozero,1119,0.0,0.0,-0.0006781267393141804,-0.0006781267391969825,0.011392029817404715,-9.221096108902316e-14,2.498695694796993e-14
original_initial_dozero,1120,0.0,-1.1102230246251565e-16,-0.0006698718576371755,-0.0006698718575175941,0.011253353884498229,-9.368200659665149e-14,2.589942149633373e-14
original_initial_dozero,1121,0.0,0.0,-0.0006834915820542048,-0.0006834915819057853,0.011482155224526756,-1.1609116445931988e-13,3.232830669830378e-14
original_initial_dozero,1122,0.0,0.0,-0.0005323538827279248,-0.0005323538826142206,0.008943153180454456,-8.890457814381136e-14,2.4799606812564434e-14
original_initial_dozero,1123,0.0,0.0,-0.0005216442787545038,-0.0005216442786310643,0.008763239720731194,-9.643674747650266e-14,2.700270562705498e-14
original_initial_dozero,1124,0.0,0.0,-0.0003727836520935057,-0.00037278365201139606,0.006262490820500088,-6.41067060547229e-14,1.8002960233687304e-14
original_initial_dozero,1125,0.0,0.0,-0.0003649643393751189,-0.00036496433929099,0.006131132125324952,-6.57598975273288e-14,1.836898688711841e-14
original_initial_dozero,1126,0.0,0.0,-0.00023765549820168892,-0.0002376554981519093,0.003992437349575292,-3.8941939950465354e-14,1.0837684916165102e-14
original_initial_dozero,1127,0.0,0.0,-0.0002342348934036972,-0.00023423489335336594,0.003934973708056232,-3.930970132737244e-14,1.1021565604618644e-14
original_initial_dozero,1128,0.0,0.0,-0.00012237919679629426,-0.00012237919677333302,0.0020558803806251503,-1.781777850262678e-14,5.143455106271233e-15
original_initial_dozero,1129,-1.1102230246251565e-16,-1.1102230246251565e-16,-0.00012063498954306652,-0.00012063498951992184,0.002026578983284909,-1.800165919108032e-14,5.143021425402239e-15
original_initial_dozero,1130,0.0,0.0,0.0,0.0,0.0,0.0,0.0
original_initial_dozero,1131,0.0,0.0,0.0,0.0,0.0,0.0,0.0
original_initial_dozero,1132,0.0,0.0,-0.00012406399512714886,-0.00012406399510437108,0.0020841837518223777,-1.781777850262678e-14,4.960008098686686e-15
original_initial_dozero,1133,0.0,0.0,0.0,0.0,0.0,0.0,0.0
original_initial_dozero,1134,0.0,0.0,-0.00012646210534740044,-0.00012646210532480696,0.002124470237445427,-1.7633897814173238e-14,4.9595744178176915e-15
original_initial_dozero,1135,0.0,0.0,0.0,0.0,0.0,0.0,0.0
original_initial_dozero,1136,0.0,0.0,-0.0001297868787172706,-0.00012978687869522748,0.0021803239815477173,-1.726657011813515e-14,4.776561091102138e-15
original_initial_dozero,1137,0.0,0.0,0.0,0.0,0.0,0.0,0.0
original_initial_dozero,1138,0.0,0.0,-0.00013418558289664522,-0.00013418558287515373,0.002254218972356509,-1.6715795414512513e-14,4.77569372936415e-15
original_initial_dozero,1139,0.0,0.0,0.0,0.0,0.0,0.0,0.0
original_initial_dozero,1140,0.0,0.0,-0.00013951378350829987,-0.00013951378348809468,0.0023437288187066387,-1.5797259333982794e-14,4.407932352457067e-15
original_initial_dozero,1141,0.0,0.0,0.0,0.0,0.0,0.0,0.0
original_initial_dozero,1142,0.0,0.0,-0.00014486204873138606,-0.0001448620487126493,0.0024335757357496005,-1.469570992673752e-14,4.041038337287972e-15
original_initial_dozero,1143,0.0,0.0,0.0,0.0,0.0,0.0,0.0
original_initial_dozero,1144,0.0,0.0,-0.00014768349748021502,-0.0001476834974623968,0.002480973996887071,-1.3960187172923355e-14,3.858025010572419e-15
original_initial_dozero,1145,0.0,0.0,0.0,0.0,0.0,0.0,0.0
original_initial_dozero,1146,0.0,0.0,-0.0002759501213867605,-0.0002759501213524095,0.004635758817199723,-2.700270562705498e-14,7.348288644237755e-15
original_initial_dozero,1147,0.0,0.0,-0.00027287336790491994,-0.00027287336786763206,0.004584071624564293,-2.9205804441545524e-14,8.082076674575944e-15
original_initial_dozero,1148,0.0,0.0,-0.0002654560984304919,-0.0002654560983887926,0.004459466959805083,-3.269780279868684e-14,9.001480116843652e-15
original_initial_dozero,1149,0.0,0.0,-0.00025674449565909856,-0.00025674449561372686,0.004313118448861446,-3.5452543678538007e-14,9.919148835635383e-15
original_initial_dozero,1150,0.0,0.0,-0.0002487957521990717,-0.0002487957521513113,0.004179585412544846,-3.7289615839597445e-14,1.0470790900996008e-14
original_initial_dozero,1151,0.0,0.0,-0.00024242016775231912,-0.000242420167703275,0.0040724802891090985,-3.839116524684272e-14,1.0652936865973572e-14
original_initial_dozero,1152,0.0,0.0,-0.00038258793596211184,-0.0003825879358838602,0.006427195569174621,-6.11680844864182e-14,1.7083556791419596e-14
original_initial_dozero,1153,0.0,0.0,-0.000540184905663349,-0.0005401849055637863,0.009074708598648529,-7.788561462440668e-14,2.167710455580618e-14
original_initial_dozero,1154,0.0,0.0,-0.0006343216324637031,-0.0006343216323766304,0.010656136282370296,-6.851810785413193e-14,1.855460229904793e-14
original_initial_dozero,1155,0.0,0.0,-0.0004592728980112107,-0.0004592728979669475,0.007715446457342103,-3.5083047578154947e-14,9.180156634869263e-15
original_initial_dozero,1156,0.0,0.0,-4.415986731221011e-05,-4.415986730174626e-05,0.0007418532495309006,-8.264222639553509e-15,2.1996293675385914e-15
original_initial_dozero,1157,0.0,0.0,-0.0004128628100531495,-0.00041286281001935016,0.006935791158124342,-2.6818824938601438e-14,6.980527267330672e-15
original_initial_dozero,1158,0.0,0.0,-0.0005802769809860817,-0.0005802769809265668,0.00974822593846189,-4.7024883986779287e-14,1.2490009027033011e-14
original_initial_dozero,1159,0.0,0.0,-0.0005394722774222718,-0.0005394722773419992,0.009062736969012473,-6.300515664747763e-14,1.7267437479873138e-14
original_initial_dozero,1160,0.0,0.0,-0.00039343483551395643,-0.00039343483544158203,0.006609415493498868,-5.6576271445507587e-14,1.5798126695720782e-14
original_initial_dozero,1161,0.0,0.0,-0.00040278225390567163,-0.00040278225384285035,0.006766445238623212,-4.922798280126983e-14,1.359329315775426e-14
original_initial_dozero,1162,0.0,0.0,-0.0005262725029385878,-0.000526272502877418,0.008840990478590742,-4.8128168117500536e-14,1.3041651092393636e-14
original_initial_dozero,1163,-1.1102230246251565e-16,0.0,-0.0005468381624455301,-0.0005468381623979536,0.00918647841283096,-3.747349652805099e-14,1.0103029524088925e-14
original_initial_dozero,1164,0.0,0.0,-0.0005134101345118831,-0.0005134101344606359,0.00862491216145233,-4.02247679609502e-14,1.1022432966356632e-14
original_initial_dozero,1165,0.0,0.0,-0.0004070183166652013,-0.000407018316613033,0.006837607973356996,-4.0962025438240346e-14,1.1206313654810174e-14
original_initial_dozero,1166,0.0,0.0,-0.0004062863838958618,-0.0004062863838495724,0.006825312041858134,-3.637021239732974e-14,9.919148835635383e-15
original_initial_dozero,1167,0.0,0.0,0.0,0.0,0.0,0.0,0.0
original_initial_dozero,1168,0.0,0.0,-0.00011862031346022072,-0.0001186203134368926,0.0019927339087890015,-1.818510619866487e-14,5.143021425402239e-15
original_initial_dozero,1169,0.0,0.0,0.0,0.0,0.0,0.0,0.0
original_initial_dozero,1170,0.0,0.0,-0.00011629196645733704,-0.0001162919664338246,0.001953619393841089,-1.836898688711841e-14,5.143455106271233e-15
original_initial_dozero,1171,0.0,0.0,0.0,0.0,0.0,0.0,0.0
original_initial_dozero,1172,0.0,0.0,-0.00011360147980390284,-0.0001136014797803904,0.0019084211994588854,-1.836898688711841e-14,5.143455106271233e-15
original_initial_dozero,1173,0.0,0.0,0.0,0.0,0.0,0.0,0.0
original_initial_dozero,1174,0.0,0.0,-0.00011049599732261507,-0.00011049599729910306,0.0018562513807908114,-1.836898688711841e-14,5.143021425402239e-15
original_initial_dozero,1175,0.0,0.0,0.0,0.0,0.0,0.0,0.0
original_initial_dozero,1176,0.0,0.0,-0.00010692033644351057,-0.00010692033641999813,0.0017961829112981772,-1.836898688711841e-14,5.143455106271233e-15
original_initial_dozero,1177,0.0,0.0,-0.0002088018987885798,-0.00020880189873677922,0.003507718128526213,-4.04121180963557e-14,1.1388459619787739e-14
original_initial_dozero,1178,0.0,0.0,-0.00032537752884610575,-0.00032537752875646565,0.005466102861946079,-6.99856839148083e-14,1.9654416982817224e-14
original_initial_dozero,1179,0.0,0.0,-0.00046743690676733125,-0.00046743690662460514,0.007852595792097199,-1.1131547072995573e-13,3.1410637979512046e-14
original_initial_dozero,1180,0.0,0.0,-0.0006429669307891316,-0.000642966930577523,0.010801370927448742,-1.6495138588368263e-13,4.6657122609872204e-14
original_initial_dozero,1181,0.0,0.0,-0.0008312416372780636,-0.0008312416369972049,0.013964247342491415,-2.185890357608855e-13,6.226963389366347e-14
original_initial_dozero,1182,0.0,0.0,-0.0008671791571296522,-0.0008671791568291287,0.014567971209988661,-2.3475665855698935e-13,6.576683642123271e-14
original_initial_dozero,1183,0.0,0.0,-0.00023641785058343273,-0.00023641785043133218,0.003971645781049808,-1.1774609065540176e-13,3.435446371824469e-14
original_initial_dozero,1184,5.551115123125783e-17,1.1102230246251565e-16,3.472642542065585e-06,3.472642544091742e-06,-5.8337837294655065e-05,-1.2906342661267445e-15,7.355227538141662e-16
original_initial_dozero,1185,1.5265566588595902e-16,1.6653345369377348e-16,7.855204681161965e-11,7.85519566059989e-11,-1.319616179984307e-09,1.8735013540549517e-16,9.71445146547012e-17
original_initial_dozero,1186,1.6653345369377348e-16,1.6653345369377348e-16,4.163336342344337e-17,4.85722573273506e-17,-8.678947198979593e-16,1.8041124150158794e-16,1.8735013540549517e-16
original_initial_dozero,1187,9.71445146547012e-17,1.249000902703301e-16,2.6047219936486954e-13,2.6038199374411874e-13,-4.374960850280989e-12,-9.020562075079397e-17,-1.8041124150158794e-16
original_initial_dozero,1188,5.551115123125783e-17,1.1102230246251565e-16,2.437067899221934e-07,2.4370679010954355e-07,-4.094094594829327e-06,0.0,1.8735013540549517e-16
original_initial_dozero,1189,0.0,0.0,-5.8737631365685106e-05,-5.87376312949639e-05,0.000986748949908361,-5.4740934007924125e-14,1.5980272660698347e-14
original_initial_dozero,1190,0.0,0.0,-0.0007916282882640402,-0.0007916282880092579,0.013298772252108798,-1.9949319973733282e-13,5.5289106626332796e-14
original_initial_dozero,1191,0.0,0.0,-0.0008317424533423289,-0.0008317424530827761,0.013972660683547437,-2.0224100172328008e-13,5.731179419932175e-14
original_initial_dozero,1192,0.0,0.0,-0.0006580335986343423,-0.0006580335984321048,0.011054479851476291,-1.5778697792789842e-13,4.4450554348429705e-14
original_initial_dozero,1193,0.0,0.0,-0.0004821728190623747,-0.00048217281892277107,0.008100148266465294,-1.0892675650353567e-13,3.0676849949173857e-14
original_initial_dozero,1194,0.0,0.0,-0.00033624248717505946,-0.0003362424870861514,0.005648626160429574,-6.943577657292366e-14,1.947227101783966e-14
original_initial_dozero,1195,0.0,0.0,-0.00021563049476487454,-0.00021563049471344173,0.0036224335120432034,-4.0228237407902157e-14,1.1204578931334197e-14
original_initial_dozero,1196,0.0,0.0,-0.00022145453027416686,-0.00022145453022273318,0.003720273019516721,-4.0228237407902157e-14,1.1205446293072185e-14
original_initial_dozero,1197,0.0,-5.551115123125783e-17,-0.0003453056971678501,-0.0003453056970800488,0.0058008814137540474,-6.869851909563351e-14,1.91027749174566e-14
original_initial_dozero,1198,0.0,0.0,-0.0004939383569061533,-0.0004939383567700399,0.008297800637572381,-1.0635589631213804e-13,2.975744650690615e-14
original_initial_dozero,1199,0.0,0.0,-0.0006685879780553017,-0.0006685879778616927,0.01123178565302812,-1.5099380079597324e-13,4.261521691084624e-14
original_initial_dozero,1200,0.0,-1.1102230246251565e-16,-0.0008255503258029519,-0.0008255503255648888,0.013868637501047935,-1.857090869972211e-13,5.235395450498004e-14
original_initial_dozero,1201,0.0,0.0,-0.0006679356039484413,-0.000667935603753736,0.011220826248471144,-1.5246137685664962e-13,4.2243986086987206e-14
original_initial_dozero,1202,0.0,0.0,1.270329182568447e-05,1.2703291846632991e-05,-0.0002134059473953723,-1.5432100042289676e-14,5.5164206536062466e-15
original_initial_dozero,1203,2.7755575615628914e-17,8.326672684688674e-17,6.082879699942367e-09,6.0828796097367466e-09,-1.0218789927977824e-07,1.8735013540549517e-16,9.71445146547012e-17
original_initial_dozero,1204,0.0,5.551115123125783e-17,7.896613770735916e-06,7.896613774961703e-06,-0.00013265729592595515,-3.3029134982598407e-15,9.228728892196614e-16
original_initial_dozero,1205,0.0,0.0,-0.0004885829908545317,-0.000488582990728334,0.008207834431837513,-9.919148835635383e-14,2.7006175074006933e-14
original_initial_dozero,1206,0.0,0.0,-0.0008053687148543223,-0.0008053687146474843,0.013529601299758996,-1.616484723854228e-13,4.5189546549195825e-14
original_initial_dozero,1207,0.0,0.0,-0.0006764028963861905,-0.0006764028962021329,0.0113630705257293,-1.436455121517355e-13,4.04121180963557e-14
original_initial_dozero,1208,0.0,0.0,-0.0005032945326142076,-0.0005032945324814006,0.008454977499158032,-1.0378330139726444e-13,2.902365847656796e-14
original_initial_dozero,1209,-5.551115123125783e-17,0.0,-0.00035285266073456154,-0.0003528526606478583,0.005927664843748746,-6.778258510031776e-14,1.8920628952479035e-14
original_initial_dozero,1210,0.0,0.0,-0.00022641389287459627,-0.00022641389282334733,0.003803586658904173,-4.0044356719448615e-14,1.1204578931334197e-14
original_initial_dozero,1211,0.0,0.0,-0.00023063643149124399,-0.0002306364314405467,0.0038745221979959417,-3.967659534254153e-14,1.1020698242880655e-14
original_initial_dozero,1212,0.0,-1.1102230246251565e-16,-0.0003591376306812163,-0.00035913763059561635,0.0060332477103180356,-6.70470623465036e-14,1.8552867575571952e-14
original_initial_dozero,1213,0.0,0.0,-0.0005115192507756054,-0.0005115192506464708,0.008593146707215811,-1.0102856051741327e-13,2.810598975777623e-14
original_initial_dozero,1214,0.0,0.0,-0.0006830092905328426,-0.0006830092903629299,0.011474053082145845,-1.3262307918537886e-13,3.7289615839597445e-14
original_initial_dozero,1215,0.0,0.0,-0.0007599011407226734,-0.0007599011405573543,0.012765779538714562,-1.295005769286206e-13,3.581857033196911e-14
original_initial_dozero,1216,0.0,0.0,-0.00026647498295494926,-0.0002664749828895502,0.00447658346946115,-5.1438020509664284e-14,1.3961054534661343e-14
direct_dozero,0,0.0,0.0,-0.00019156138630326957,-0.00019156138628361428,0.0032180902154614085,-1.9655284344555213e-14,0.0
direct_dozero,1,0.0,0.0,-0.00010282104009637708,-0.00010282104008719258,0.0017273177515736615,-9.184493443559205e-15,0.0
direct_dozero,2,0.0,0.0,-0.00018201138790288358,-0.00018201138788359605,0.0030576572753842545,-1.928752296764813e-14,0.0
direct_dozero,3,0.0,0.0,-0.00026045477820901136,-0.0002604547781763144,0.004375448463281299,-3.269693543694885e-14,0.0
direct_dozero,4,0.0,0.0,-0.00024384713992740836,-0.00024384713989581384,0.004096452370763461,-3.159451866796559e-14,0.0
direct_dozero,5,0.0,0.0,-0.00030455712238805933,-0.00030455712233956513,0.005116335366536548,-4.849419477093164e-14,0.0
direct_dozero,6,0.0,0.0,-0.0002791390466874537,-0.00027913904664208285,0.0046893304137804485,-4.53708251524354e-14,0.0
direct_dozero,7,0.0,0.0,-0.00031230274527490904,-0.00031230274521080147,0.005246456126812317,-6.41075734164609e-14,0.0
direct_dozero,8,0.0,0.0,-0.00027810067168514054,-0.00027810067162764573,0.004671886478449271,-5.74948075260373e-14,0.0
direct_dozero,9,0.0,0.0,-0.00027561310517505364,-0.0002756131051024962,0.004630097193036694,-7.274042479465948e-14,-1.8301332671555315e-16
direct_dozero,10,0.0,0.0,-0.00023573739206921105,-0.00023573739200822685,0.003960214579129795,-6.11680844864182e-14,-1.8388068845354155e-16
direct_dozero,11,0.0,0.0,-0.00019773353084408035,-0.0001977335307810752,0.003321777698303297,-6.337291802438472e-14,-3.677613769070831e-16
direct_dozero,12,0.0,0.0,-0.00015818207357099845,-0.00015818207352287159,0.0026573423435879077,-4.849419477093164e-14,-3.673276960380889e-16
direct_dozero,13,0.0,-1.1102230246251565e-16,-9.628843482075052e-05,-9.628843478750259e-05,0.0016175747938492813,-3.3798918525063115e-14,-5.509915440571334e-16
direct_dozero,14,0.0,0.0,-6.49107768741562e-05,-6.491077685358282e-05,0.001090453248266478,-2.0389722896196893e-14,1.8366384801904445e-16
direct_dozero,15,0.0,0.0,-1.3752314077215448e-05,-1.3752314072990583e-05,0.0002310287486757128,-4.775937674852959e-15,-5.510728592200698e-16
direct_dozero,16,0.0,-1.1102230246251565e-16,-4.605290403130878e-06,-4.605290401845055e-06,7.736548722796785e-05,-1.4695140720596966e-15,-1.836909530733566e-16
direct_dozero,17,-2.7755575615628914e-16,-1.6653345369377348e-16,-5.6755369941785464e-08,-5.6755369941785464e-08,9.534484173144911e-07,-9.184473538284945e-17,-9.184473538284945e-17
direct_dozero,18,-1.942890293094024e-16,-1.942890293094024e-16,-2.0655486465602812e-09,-2.0655479118023783e-09,3.46996842981852e-08,-6.429131609148359e-16,9.184474200029435e-17
direct_dozero,19,-3.3306690738754696e-16,-3.122502256758253e-16,-3.9392207788308187e-13,-3.9318731998542144e-13,6.606028876826396e-12,-6.42913160452778e-16,9.184473720765511e-17
direct_dozero,20,-2.498001805406602e-16,-3.0531133177191805e-16,-1.4695157953204308e-15,-2.2501960615844043e-15,2.507251413038474e-14,5.510684232451576e-16,-2.2961184301881593e-16
direct_dozero,21,-3.3306690738754696e-16,-3.3306690738754696e-16,-7.34757897660214e-16,0.0,9.64327466553287e-17,-2.984953959244618e-16,4.362625017357522e-16
direct_dozero,22,-1.6653345369377348e-16,-2.7755575615628914e-16,0.0,5.740296075470359e-18,0.0,-5.740296075470359e-18,0.0
direct_dozero,23,-2.7755575615628914e-16,-2.7755575615628914e-16,0.0,0.0,0.0,0.0,0.0
direct_dozero,24,-2.220446049250313e-16,-2.220446049250313e-16,0.0,0.0,0.0,0.0,0.0
direct_dozero,25,-1.1102230246251565e-16,-1.1102230246251565e-16,0.0,0.0,0.0,0.0,0.0
direct_dozero,26,-1.1102230246251565e-16,-1.1102230246251565e-16,0.0,0.0,0.0,0.0,0.0
direct_dozero,27,-1.1102230246251565e-16,-1.1102230246251565e-16,0.0,0.0,0.0,0.0,0.0
direct_dozero,28,-5.551115123125783e-17,-5.551115123125783e-17,0.0,0.0,0.0,0.0,0.0
direct_dozero,29,-5.551115123125783e-17,-5.551115123125783e-17,0.0,0.0,0.0,0.0,0.0
direct_dozero,30,-5.551115123125783e-17,-5.551115123125783e-17,-7.5771908196209565e-16,-7.34757897660214e-16,9.64327466553287e-17,-2.2961184301881707e-17,0.0
direct_dozero,31,-2.220446049250313e-16,-1.1102230246251565e-16,0.0,-2.2961184301881682e-17,9.64327466553287e-17,0.0,-2.2961184301881682e-17
direct_dozero,32,-8.326672684688674e-17,-6.938893903907228e-17,-4.133013174338712e-15,-4.0411684371311705e-15,6.894941385855455e-14,-1.836894744150578e-16,-9.184473720751628e-17
direct_dozero,33,-4.163336342344337e-17,-5.551115123125783e-17,-3.0308763278483905e-15,-3.1227210650559194e-15,5.15915194605978e-14,0.0,-9.18447372075289e-17
direct_dozero,34,-5.551115123125783e-17,-8.326672684688674e-17,-1.6392329298641025e-10,-1.6392329298641025e-10,2.7537902072139334e-09,-9.184473703721067e-17,-9.184473703721067e-17
direct_dozero,35,-5.551115123125783e-17,-2.7755575615628914e-17,-1.9582592983439265e-10,-1.9582583798965561e-10,3.2897316830215944e-09,-9.184473703721067e-17,0.0
direct_dozero,36,0.0,0.0,-4.5893714680591016e-07,-4.589371466222209e-07,7.709806085269333e-06,-1.8368925900746208e-16,0.0
direct_dozero,37,0.0,0.0,-2.0939760144825422e-07,-2.0939760144825422e-07,3.5177254962451766e-06,0.0,0.0
direct_dozero,38,0.0,2.7755575615628914e-17,-3.20460983275015e-11,-3.20460983275015e-11,5.383501763489556e-10,0.0,0.0
direct_dozero,39,-2.7755575615628914e-17,2.7755575615628914e-17,-7.347578976602122e-16,-8.266026348677411e-16,1.2632689811847877e-14,4.592236860376445e-17,-4.592236860376445e-17
direct_dozero,40,-5.551115123125783e-17,0.0,-3.2145658022634325e-16,-3.673789488301077e-16,5.593099306009029e-15,0.0,-4.592236860376445e-17
direct_dozero,41,0.0,0.0,0.0,0.0,0.0,0.0,0.0
direct_dozero,42,0.0,0.0,0.0,0.0,-9.643274665532872e-17,0.0,0.0
direct_dozero,43,0.0,0.0,0.0,0.0,0.0,0.0,0.0
direct_dozero,44,0.0,0.0,0.0,0.0,0.0,0.0,0.0
direct_dozero,45,0.0,0.0,0.0,0.0,0.0,0.0,0.0
direct_dozero,46,0.0,0.0,0.0,0.0,0.0,0.0,0.0
direct_dozero,47,0.0,0.0,0.0,0.0,0.0,0.0,0.0
direct_dozero,48,0.0,0.0,0.0,0.0,0.0,0.0,0.0
direct_dozero,49,0.0,0.0,0.0,0.0,0.0,0.0,0.0
direct_dozero,50,0.0,0.0,0.0,0.0,0.0,0.0,0.0
direct_dozero,51,0.0,0.0,0.0,0.0,0.0,0.0,0.0
direct_dozero,52,0.0,0.0,0.0,0.0,0.0,0.0,0.0
direct_dozero,53,-3.3306690738754696e-16,-3.3306690738754696e-16,0.0,0.0,0.0,0.0,0.0
direct_dozero,54,-3.885780586188048e-16,-3.885780586188048e-16,0.0,0.0,0.0,-1.7220888226411274e-17,-1.7220888226411274e-17
direct_dozero,55,-4.996003610813204e-16,-3.885780586188048e-16,-8.725250034715044e-16,-1.377671058112902e-16,1.92865493310657e-15,-2.296118430188171e-16,5.051460546413971e-16
direct_dozero,56,-3.7470027081099033e-16,-3.469446951953614e-16,-4.757088979190132e-11,-4.7570155034003575e-11,7.991432817330318e-10,-9.184473721298655e-16,-1.8368947438461407e-16
direct_dozero,57,-1.6653345369377348e-16,-1.6653345369377348e-16,-5.787739527015659e-07,-5.787739525178766e-07,9.722976170638773e-06,-1.8368925900746208e-16,0.0
direct_dozero,58,-5.551115123125783e-17,0.0,-3.4838904492492874e-05,-3.4838904479818334e-05,0.00058526793853522,-1.3041867932828133e-14,-3.673276960380889e-16
direct_dozero,59,0.0,0.0,-0.0001415634115551948,-0.00014156341150174103,0.002378161060454044,-5.418842458082551e-14,-7.346553920761778e-16
direct_dozero,60,0.0,0.0,-0.00024993180172946505,-0.0002499318016462547,0.004198670208019733,-8.357810971082458e-14,-3.677613769070831e-16
direct_dozero,61,0.0,0.0,-0.0003256215608077248,-0.0003256215607212072,0.0054702024191849484,-8.670147932932082e-14,-1.8388068845354155e-16
direct_dozero,62,0.0,0.0,-0.00035332321215188027,-0.0003533232120802414,0.005935569761023979,-7.16388753874142e-14,0.0
direct_dozero,63,-1.1102230246251565e-16,0.0,-0.0003338815232755213,-0.0003338815232239046,0.005608963705634551,-5.1432816339236354e-14,1.8388068845354155e-16
direct_dozero,64,0.0,0.0,-0.00027903948825463466,-0.0002790394882208353,0.004687657905429411,-3.379935220593211e-14,0.0
direct_dozero,65,0.0,0.0,-0.00036708589512611696,-0.0003670858950719294,0.006166772699531404,-5.4187557219087523e-14,0.0
direct_dozero,66,0.0,0.0,-0.0004018020715927384,-0.00040180207151393685,0.006749978897613662,-7.880154861972244e-14,0.0
direct_dozero,67,0.0,0.0,-0.00038770133808571465,-0.0003877013379833989,0.006513096959111759,-1.024996060250416e-13,-1.8388068845354155e-16
direct_dozero,68,0.0,0.0,-0.00031827024386879826,-0.000318270243759319,0.005346705708454589,-1.1003004063425692e-13,-5.507747036226363e-16
direct_dozero,69,0.0,0.0,-0.00020508243311892146,-0.0002050824330349756,0.0034452338444564846,-8.486440716826138e-14,-9.185360805297194e-16
direct_dozero,70,-5.551115123125783e-17,0.0,-7.704416762399917e-05,-7.704416759185344e-05,0.001294285277286856,-3.269671859651435e-14,-5.509915440571334e-16
direct_dozero,71,-1.6653345369377348e-16,-5.551115123125783e-17,-4.601941269542384e-06,-4.601941267889179e-06,7.730922425160845e-05,-2.3879620611629016e-15,-7.347570360298483e-16
direct_dozero,72,-3.885780586188048e-16,-3.885780586188048e-16,-2.200012464553159e-09,-2.200013291155794e-09,3.69585895722865e-08,-6.429131609148359e-16,-1.4695157959040932e-15
direct_dozero,73,-5.273559366969494e-16,-5.551115123125783e-16,-1.6118751379920955e-14,-1.611875137992093e-14,2.5853619378285933e-13,-9.643697406790408e-16,-9.643697406790156e-16
direct_dozero,74,-5.551115123125783e-16,-4.440892098500626e-16,-7.232773055092731e-16,0.0,-9.643274665532872e-17,-3.0997598807540293e-16,4.1330131743387018e-16
direct_dozero,75,-3.885780586188048e-16,-3.885780586188048e-16,0.0,0.0,0.0,0.0,0.0
direct_dozero,76,-2.220446049250313e-16,-2.220446049250313e-16,0.0,0.0,0.0,0.0,0.0
direct_dozero,77,0.0,0.0,0.0,0.0,0.0,0.0,0.0
direct_dozero,78,-1.1102230246251565e-16,-1.1102230246251565e-16,0.0,0.0,0.0,0.0,0.0
direct_dozero,79,0.0,0.0,0.0,0.0,0.0,0.0,0.0
direct_dozero,80,0.0,0.0,0.0,0.0,0.0,0.0,0.0
direct_dozero,81,0.0,0.0,0.0,0.0,0.0,0.0,0.0
direct_dozero,82,0.0,0.0,0.0,0.0,0.0,0.0,0.0
direct_dozero,83,0.0,0.0,0.0,0.0,0.0,0.0,0.0
direct_dozero,84,0.0,0.0,0.0,0.0,0.0,0.0,0.0
direct_dozero,85,-1.1102230246251565e-16,-1.1102230246251565e-16,-7.34757897660214e-16,-7.34757897660214e-16,0.0,0.0,0.0
direct_dozero,86,-2.220446049250313e-16,-2.220446049250313e-16,0.0,0.0,0.0,0.0,0.0
direct_dozero,87,-4.440892098500626e-16,-4.440892098500626e-16,0.0,0.0,0.0,0.0,0.0
direct_dozero,88,-2.220446049250313e-16,-2.220446049250313e-16,0.0,0.0,0.0,0.0,0.0
direct_dozero,89,0.0,0.0,-7.34757897660214e-16,-7.34757897660214e-16,0.0,0.0,0.0
direct_dozero,90,-1.1102230246251565e-16,-1.1102230246251565e-16,0.0,0.0,0.0,0.0,0.0
direct_dozero,91,-1.1102230246251565e-16,0.0,0.0,0.0,0.0,0.0,0.0
direct_dozero,92,0.0,0.0,0.0,0.0,0.0,0.0,0.0
direct_dozero,93,0.0,0.0,0.0,0.0,0.0,0.0,0.0
direct_dozero,94,0.0,0.0,0.0,0.0,0.0,0.0,0.0
direct_dozero,95,0.0,0.0,0.0,0.0,0.0,0.0,0.0
direct_dozero,96,-1.1102230246251565e-16,-1.1102230246251565e-16,0.0,0.0,0.0,0.0,0.0
direct_dozero,97,-3.3306690738754696e-16,-3.3306690738754696e-16,0.0,0.0,0.0,0.0,0.0
direct_dozero,98,-3.3306690738754696e-16,-3.3306690738754696e-16,0.0,0.0,0.0,0.0,0.0
direct_dozero,99,-2.220446049250313e-16,-2.220446049250313e-16,0.0,0.0,0.0,0.0,0.0
direct_dozero,100,-1.1102230246251565e-16,-1.1102230246251565e-16,0.0,0.0,0.0,0.0,0.0
direct_dozero,101,0.0,0.0,0.0,0.0,0.0,0.0,0.0
direct_dozero,102,0.0,0.0,0.0,0.0,0.0,0.0,0.0
direct_dozero,103,0.0,0.0,0.0,0.0,0.0,0.0,0.0
direct_dozero,104,0.0,0.0,0.0,0.0,0.0,0.0,0.0
direct_dozero,105,0.0,0.0,0.0,0.0,0.0,0.0,0.0
direct_dozero,106,0.0,0.0,0.0,0.0,0.0,0.0,0.0
direct_dozero,107,-1.1102230246251565e-16,-1.1102230246251565e-16,0.0,0.0,0.0,0.0,0.0
direct_dozero,108,-3.3306690738754696e-16,-2.220446049250313e-16,-7.347578976602139e-16,0.0,0.0,0.0,7.347578976602139e-16
direct_dozero,109,-4.440892098500626e-16,-4.440892098500626e-16,-7.34757897660214e-16,-7.34757897660214e-16,0.0,0.0,0.0
direct_dozero,110,-3.3306690738754696e-16,-2.220446049250313e-16,0.0,0.0,0.0,0.0,0.0
direct_dozero,111,-3.3306690738754696e-16,-3.3306690738754696e-16,0.0,0.0,0.0,0.0,0.0
direct_dozero,112,-4.440892098500626e-16,-4.440892098500626e-16,0.0,0.0,0.0,0.0,0.0
direct_dozero,113,-5.551115123125783e-16,-5.551115123125783e-16,-7.34757897660214e-16,-7.34757897660214e-16,0.0,0.0,0.0
direct_dozero,114,-4.440892098500626e-16,-4.440892098500626e-16,-7.34757897660214e-16,-7.34757897660214e-16,0.0,0.0,0.0
direct_dozero,115,-5.551115123125783e-16,-6.106226635438361e-16,-7.232773055092731e-16,0.0,-4.821637332766436e-17,-1.1480592150940836e-16,6.084713839998647e-16
direct_dozero,116,-6.661338147750939e-16,-6.661338147750939e-16,-6.888355290564506e-16,-6.888355290564502e-16,-8.678947198979593e-16,-6.888355290564506e-16,-6.888355290564502e-16
direct_dozero,117,-6.357761539454998e-16,-6.054184931159057e-16,-2.466306728233716e-12,-2.466306728233716e-12,4.141979334142163e-11,-3.0308763278469642e-15,-3.0308763278469642e-15
direct_dozero,118,-3.885780586188048e-16,-3.3306690738754696e-16,-9.531534354331947e-08,-9.531534354331936e-08,1.6012275652205345e-06,-1.7450499722741395e-15,-1.745049866395021e-15
direct_dozero,119,-1.1102230246251565e-16,-1.1102230246251565e-16,-2.536418184988942e-05,-2.5364181839419115e-05,0.00042609957575218425,-1.1572448728458529e-14,-1.1021457184401395e-15
direct_dozero,120,0.0,0.0,-0.0001472920988842461,-0.0001472920988137092,0.002474398788717979,-7.182275607586774e-14,-1.2858637765678083e-15
direct_dozero,121,0.0,0.0,-0.00029253677625797666,-0.0002925367761295785,0.004914402403876727,-1.295005769286206e-13,-1.102416768983261e-15
direct_dozero,122,0.0,0.0,-0.0004065202509105125,-0.00040652025076852016,0.006829240835473695,-1.4236008205603667e-13,-3.677613769070831e-16
direct_dozero,123,0.0,0.0,-0.0004632802078887253,-0.0004632802077695116,0.007782766312120573,-1.1921366671607814e-13,0.0
direct_dozero,124,0.0,0.0,-0.0004576613171400831,-0.00045766131705485096,0.007688373085545974,-8.523216854516846e-14,0.0
direct_dozero,125,0.0,0.0,-0.0005521922283974259,-0.0005521922282635157,0.009276422777848944,-1.3391024400455365e-13,0.0
direct_dozero,126,-1.1102230246251565e-16,0.0,-0.0005176067622026242,-0.0005176067620248134,0.008695412416071387,-1.7799477169955225e-13,-1.8388068845354155e-16
direct_dozero,127,0.0,0.0,-0.00041060511044056867,-0.00041060511025210397,0.006897863467306659,-1.8956711200779353e-13,-1.102416768983261e-15
direct_dozero,128,0.0,0.0,-0.0002524062187331919,-0.00025240621859671034,0.004240238591408455,-1.386855040530488e-13,-2.2039661762285334e-15
direct_dozero,129,-5.551115123125783e-17,-5.551115123125783e-17,-8.662649011689349e-05,-8.662649007133857e-05,0.0014552612383153833,-4.6657122609872204e-14,-1.1021999285487638e-15
direct_dozero,130,-3.3306690738754696e-16,-2.7755575615628914e-16,-2.632696136911304e-06,-2.6326961358091717e-06,4.42273562660043e-05,-2.7553405791778257e-15,-1.6532084132648422e-15
direct_dozero,131,-6.938893903907228e-16,-6.661338147750939e-16,-5.97155102083788e-10,-5.97155010239051e-10,1.0031752326648375e-08,-5.78621844409762e-15,-5.69437370706041e-15
direct_dozero,132,-8.326672684688674e-16,-8.881784197001252e-16,-3.949323699923654e-15,-4.6840815975838665e-15,5.4098770873636037e-14,-3.811556594112361e-15,-4.546314491772573e-15
direct_dozero,133,-7.216449660063518e-16,-7.216449660063518e-16,-7.117967133583324e-16,-7.117967133583324e-16,-4.339473599489794e-16,-4.477430938866931e-16,-4.477430938866931e-16
direct_dozero,134,-6.661338147750939e-16,-6.661338147750939e-16,-7.347578976602142e-16,-7.347578976602138e-16,0.0,-5.740296075470556e-18,-5.740296075470162e-18
direct_dozero,135,-7.216449660063518e-16,-7.216449660063518e-16,-7.347578976602142e-16,-7.347578976602142e-16,0.0,0.0,0.0
direct_dozero,136,-8.326672684688674e-16,-8.326672684688674e-16,-7.347578976602142e-16,-7.347578976602142e-16,-4.821637332766436e-17,2.18131250867876e-16,2.18131250867876e-16
direct_dozero,137,-9.992007221626409e-16,-9.992007221626409e-16,-5.281072389432789e-16,-5.281072389432793e-16,-3.3269297596088534e-15,-2.847186853433329e-15,-2.8471868534333295e-15
direct_dozero,138,-1.0538445116559103e-15,-1.0330278299441886e-15,-3.0993006570679896e-12,-3.0993006570679896e-12,5.20532394484671e-11,-1.3409331632299875e-14,-1.3409331632299875e-14
direct_dozero,139,-6.661338147750939e-16,-6.106226635438361e-16,-9.352501141743576e-08,-9.352501141743565e-08,1.5711513039023886e-06,-1.0102921103871676e-14,-1.0102920997992558e-14
direct_dozero,140,-2.220446049250313e-16,-2.220446049250313e-16,-2.982576156915608e-05,-2.982576155152191e-05,0.0005010508293265343,-1.9471078395449926e-14,-1.836909530733566e-15
direct_dozero,141,0.0,0.0,-0.00020300696258936882,-0.00020300696246078635,0.003410367468030333,-1.311542020820955e-13,-2.5717275531356165e-15
direct_dozero,142,0.0,0.0,-0.00040196743072903624,-0.00040196743049134183,0.006752756809324969,-2.4008225962823815e-13,-2.387846864682075e-15
direct_dozero,143,0.0,0.0,-0.0005647537596085682,-0.0005647537593488315,0.009487447251318068,-2.6047219936486954e-13,-7.355227538141662e-16
direct_dozero,144,0.0,0.0,-0.0006510889752303749,-0.0006510889750209678,0.0109378152926245,-2.0903938302563319e-13,3.677613769070831e-16
direct_dozero,145,0.0,-5.551115123125783e-17,-0.0007536590621898594,-0.0007536590618676675,0.012660917216312684,-3.218241645397413e-13,3.677613769070831e-16
direct_dozero,146,0.0,0.0,-0.0006050644462577363,-0.0006050644458885212,0.010164637100419935,-3.7123602802946465e-13,-2.0209528495129803e-15
direct_dozero,147,0.0,0.0,-0.00038324358249401495,-0.00038324358221186825,0.006438209948063324,-2.8618774017274973e-13,-4.041038337287972e-15
direct_dozero,148,-1.1102230246251565e-16,-5.551115123125783e-17,-0.00013560238026633802,-0.00013560238016567636,0.0022780201247753753,-1.045192578319476e-13,-3.857591329703425e-15
direct_dozero,149,-5.551115123125783e-16,-5.551115123125783e-16,-5.1246073845181425e-06,-5.1246073801095935e-06,8.608963005545708e-05,-1.6899432157477245e-14,-1.2490883165034578e-14
direct_dozero,150,-1.2212453270876722e-15,-1.1934897514720433e-15,-2.1686216784256354e-09,-2.1686209436677374e-09,3.643122216567938e-08,-3.2513036972383943e-14,-3.1778279074431897e-14
direct_dozero,151,-1.4432899320127035e-15,-1.4155343563970746e-15,-3.0813909333125225e-14,-3.0905754070332754e-14,4.933499318883815e-13,-1.846079217871288e-14,-1.8552636915920408e-14
direct_dozero,152,-1.0547118733938987e-15,-1.1102230246251565e-15,-6.543937526036276e-16,-1.3776710581129007e-15,-1.4947075731575976e-15,1.8368947441505345e-16,-5.395878310942196e-16
direct_dozero,153,-8.881784197001252e-16,-8.881784197001252e-16,-7.347578976602138e-16,-7.347578976602142e-16,0.0,-2.5831332339617108e-17,-2.5831332339617502e-17
direct_dozero,154,-6.661338147750939e-16,-6.661338147750939e-16,-7.347578976602142e-16,-7.347578976602142e-16,0.0,0.0,0.0
direct_dozero,155,-4.440892098500626e-16,-4.440892098500626e-16,0.0,0.0,0.0,0.0,0.0
direct_dozero,156,-4.440892098500626e-16,-4.440892098500626e-16,-7.34757897660214e-16,-7.34757897660214e-16,0.0,0.0,0.0
direct_dozero,157,-4.440892098500626e-16,-4.440892098500626e-16,-7.34757897660214e-16,-7.34757897660214e-16,0.0,0.0,0.0
direct_dozero,158,-6.661338147750939e-16,-6.661338147750939e-16,-7.347578976602142e-16,-7.347578976602142e-16,0.0,0.0,0.0
direct_dozero,159,-9.992007221626409e-16,-1.1102230246251565e-15,-1.469515795320428e-15,-1.469515795320428e-15,0.0,0.0,0.0
direct_dozero,160,-1.2212453270876722e-15,-1.1102230246251565e-15,-7.117967133583324e-16,-7.117967133583324e-16,-3.375146132936506e-16,-2.468327312452284e-16,-2.468327312452284e-16
direct_dozero,161,-1.887379141862766e-15,-1.8318679906315083e-15,-1.6991276383392451e-15,-2.433885535999459e-15,3.3751461329364917e-15,-1.3822632949732777e-14,-1.455739084739299e-14
direct_dozero,162,-1.9359513991901167e-15,-1.8943180357666733e-15,-6.098812007160004e-11,-6.098830376107443e-11,1.0245320684384293e-09,-6.557714236621567e-14,-6.576083184060028e-14
direct_dozero,163,-1.2212453270876722e-15,-1.27675647831893e-15,-5.097251431928844e-07,-5.097251420907476e-07,8.563006997432831e-06,-6.190335270683171e-14,-6.080121588223752e-14
direct_dozero,164,-2.7755575615628914e-16,-2.7755575615628914e-16,-6.800118296725315e-05,-6.800118290645196e-05,0.0011423697947044835,-7.108788384335707e-14,-1.0286693372107969e-14
direct_dozero,165,0.0,-5.551115123125783e-17,-0.00034809253573628946,-0.0003480925354117097,0.0058476982493477206,-3.326618494559064e-13,-8.082076674575944e-15
direct_dozero,166,0.0,0.0,-0.0006388931206201629,-0.0006388931201122619,0.010732933916749225,-5.110235151706277e-13,-3.1225022567582528e-15
direct_dozero,167,0.0,-1.1102230246251565e-16,-0.0008583553731668289,-0.0008583553726796821,0.014419738137643792,-4.858596164281082e-13,1.2871648191747909e-15
direct_dozero,168,0.0,0.0,-0.0009629990732692734,-0.0009629990725596831,0.01617767523503234,-7.086727038529972e-13,9.17668718791731e-16
direct_dozero,169,0.0,0.0,-0.0006747177075541047,-0.0006747177068232042,0.011334760594399085,-7.391665404754555e-13,-8.265957363029486e-15
direct_dozero,170,-1.1102230246251565e-16,-1.1102230246251565e-16,-0.00029259203258973467,-0.0002925920322445824,0.004915330669556547,-3.594802407136388e-13,-1.4327948549830438e-14
direct_dozero,171,-9.43689570931383e-16,-9.43689570931383e-16,-2.4195543803049515e-05,-2.4195543775863497e-05,0.0004064673171797336,-1.0598881256158876e-13,-7.88027954522208e-14
direct_dozero,172,-2.192690473634684e-15,-2.248201624865942e-15,-4.490054336713994e-08,-4.490054327529523e-08,7.542960237195421e-07,-1.7395393228265798e-13,-1.738620875737449e-13
direct_dozero,173,-2.7824964554667986e-15,-2.7547408798511697e-15,-3.7371623569742634e-12,-3.7371623569742634e-12,6.273191251342703e-11,-8.918123982850629e-14,-8.918123982850629e-14
direct_dozero,174,-2.220446049250313e-15,-2.275957200481571e-15,-1.745050006943008e-15,-1.745050006943008e-15,-7.811052479081697e-15,-1.3547098738110197e-15,-1.3547098738110197e-15
direct_dozero,175,-1.3877787807814457e-15,-1.27675647831893e-15,-1.463775499244957e-15,-7.318877496224785e-16,-9.643274665532872e-17,-1.0332532935846764e-16,6.285624202640109e-16
direct_dozero,176,-1.27675647831893e-15,-1.27675647831893e-15,-1.4659281102732591e-15,-1.4695157953204276e-15,-9.643274665532872e-17,1.9517006656599417e-16,1.9158238151882567e-16
direct_dozero,177,-1.1102230246251565e-15,-1.1102230246251565e-15,-1.4695157953204276e-15,-1.469515795320428e-15,0.0,3.64150032287655e-17,3.641500322876511e-17
direct_dozero,178,-1.1102230246251565e-15,-1.2212453270876722e-15,-7.347578976602146e-16,-7.347578976602138e-16,0.0,8.32342930943207e-17,8.323429309432149e-17
direct_dozero,179,-7.216449660063518e-16,-7.216449660063518e-16,-7.347578976602138e-16,-1.469515795320428e-15,0.0,1.793842523584529e-17,-7.168194724243689e-16
direct_dozero,180,-7.216449660063518e-16,-7.216449660063518e-16,0.0,-7.347578976602142e-16,0.0,5.568087193206309e-16,-1.779491783395833e-16
direct_dozero,181,-5.551115123125783e-16,-5.551115123125783e-16,-7.34757897660214e-16,-7.34757897660214e-16,0.0,0.0,0.0
direct_dozero,182,-5.551115123125783e-16,-5.551115123125783e-16,0.0,0.0,0.0,5.740296075470359e-18,5.740296075470359e-18
direct_dozero,183,-3.3306690738754696e-16,-3.3306690738754696e-16,0.0,0.0,0.0,0.0,0.0
direct_dozero,184,-4.440892098500626e-16,-3.3306690738754696e-16,-7.34757897660214e-16,-7.34757897660214e-16,0.0,0.0,0.0
direct_dozero,185,-3.3306690738754696e-16,-3.3306690738754696e-16,-7.347578976602141e-16,-7.347578976602141e-16,0.0,0.0,0.0
direct_dozero,186,-3.3306690738754696e-16,-3.3306690738754696e-16,0.0,0.0,0.0,0.0,0.0
direct_dozero,187,-4.440892098500626e-16,-4.440892098500626e-16,-7.347578976602138e-16,-7.347578976602138e-16,0.0,0.0,0.0
direct_dozero,188,-4.440892098500626e-16,-4.440892098500626e-16,0.0,0.0,0.0,0.0,0.0
direct_dozero,189,-4.440892098500626e-16,-4.440892098500626e-16,0.0,0.0,0.0,0.0,0.0
direct_dozero,190,-4.440892098500626e-16,-4.440892098500626e-16,0.0,0.0,0.0,0.0,0.0
direct_dozero,191,-3.3306690738754696e-16,-3.3306690738754696e-16,0.0,0.0,0.0,0.0,0.0
direct_dozero,192,-3.3306690738754696e-16,-4.440892098500626e-16,-7.34757897660214e-16,-7.34757897660214e-16,0.0,0.0,0.0
direct_dozero,193,-3.3306690738754696e-16,-3.3306690738754696e-16,0.0,0.0,0.0,0.0,0.0
direct_dozero,194,-4.440892098500626e-16,-4.440892098500626e-16,0.0,0.0,0.0,0.0,0.0
direct_dozero,195,-4.440892098500626e-16,-4.440892098500626e-16,-7.347578976602138e-16,-7.347578976602138e-16,0.0,0.0,0.0
direct_dozero,196,-5.551115123125783e-16,-5.551115123125783e-16,0.0,0.0,0.0,5.740296075470556e-18,5.740296075470556e-18
direct_dozero,197,-7.216449660063518e-16,-7.771561172376096e-16,-7.347578976602142e-16,-7.404981937356844e-16,-4.821637332766436e-17,-5.051460546413971e-16,-5.108863507168673e-16
direct_dozero,198,-1.0547118733938987e-15,-1.2212453270876722e-15,-7.347578976602138e-16,-1.4809963874713688e-15,0.0,-6.012386109447719e-14,-6.087009958428836e-14
direct_dozero,199,-1.27675647831893e-15,-1.27675647831893e-15,-1.4637754992449579e-15,-1.463775499244957e-15,-1.9286549331065747e-16,-1.4121128345657244e-15,-1.4121128345657237e-15
direct_dozero,200,-1.5543122344752192e-15,-1.5543122344752192e-15,-1.4580352031694873e-15,-1.4580352031694873e-15,-1.446491199829931e-16,4.821848703395157e-16,4.821848703395157e-16
direct_dozero,201,-2.1094237467877974e-15,-2.1094237467877974e-15,-2.1124289557731157e-15,-2.1181692518485847e-15,-1.4464911998299332e-15,-3.145682249357792e-15,-3.151422545433261e-15
direct_dozero,202,-1.6653345369377348e-15,-1.7763568394002505e-15,-1.4178531306411942e-15,-2.1583513243768786e-15,-7.714619732426304e-16,-1.0527703002412754e-14,-1.1268201196148438e-14
direct_dozero,203,-1.5543122344752192e-15,-1.5543122344752192e-15,-2.1583513243768786e-15,-2.158351324376866e-15,-8.196783465702948e-16,-5.889084549746616e-13,-5.889084549746615e-13
direct_dozero,204,-1.3877787807814457e-15,-1.3877787807814457e-15,-1.4465546110185462e-15,-1.4465546110185486e-15,-4.339473599489794e-16,-3.310084328959264e-13,-3.310084328959264e-13
direct_dozero,205,-1.3877787807814457e-15,-1.27675647831893e-15,-1.4695157953204284e-15,-1.4695157953204623e-15,9.64327466553287e-17,-6.787785303322265e-13,-6.787785303322265e-13
direct_dozero,206,-1.1102230246251565e-15,-1.1102230246251565e-15,-1.4924769796223095e-15,-1.4924769796223256e-15,2.8929823996598605e-16,-2.5668307931073537e-13,-2.5668307931073537e-13
direct_dozero,207,-9.992007221626409e-16,-1.0547118733938987e-15,-7.577190819620953e-16,-7.806802662639578e-16,4.821637332766433e-16,-3.366339230498874e-13,-3.366568842341893e-13
direct_dozero,208,-7.216449660063518e-16,-6.106226635438361e-16,-1.469515795320428e-15,-7.404981937356844e-16,0.0,-2.6979391554710982e-15,-1.9689215538863546e-15
direct_dozero,209,-7.771561172376096e-16,-6.661338147750939e-16,-7.347578976602142e-16,-7.404981937356844e-16,9.64327466553287e-17,-3.897661035244416e-15,-3.903401331319887e-15
direct_dozero,210,-4.440892098500626e-16,-4.440892098500626e-16,0.0,0.0,0.0,2.2961184301881633e-17,2.2961184301881633e-17
direct_dozero,211,-4.440892098500626e-16,-4.440892098500626e-16,-7.34757897660214e-16,-7.34757897660214e-16,0.0,8.610444113205637e-17,8.610444113205637e-17
direct_dozero,212,-4.440892098500626e-16,-4.440892098500626e-16,0.0,0.0,0.0,3.444177645282255e-17,3.444177645282255e-17
direct_dozero,213,-3.3306690738754696e-16,-3.3306690738754696e-16,0.0,0.0,0.0,0.0,0.0
direct_dozero,214,-3.3306690738754696e-16,-3.3306690738754696e-16,-7.34757897660214e-16,-7.34757897660214e-16,0.0,0.0,0.0
direct_dozero,215,-4.440892098500626e-16,-4.440892098500626e-16,0.0,0.0,0.0,2.2961184301881633e-17,2.2961184301881633e-17
direct_dozero,216,-3.3306690738754696e-16,-4.440892098500626e-16,0.0,-7.290176015847435e-16,0.0,4.592236860376346e-17,-6.8309523298098e-16
direct_dozero,217,-3.3306690738754696e-16,-4.440892098500626e-16,0.0,-7.34757897660214e-16,0.0,5.740296075470418e-17,-6.773549369055098e-16
direct_dozero,218,-4.440892098500626e-16,-4.440892098500626e-16,-7.347578976602138e-16,-7.347578976602138e-16,-9.643274665532872e-17,1.2054621758487892e-16,1.2054621758487892e-16
direct_dozero,219,-7.216449660063518e-16,-7.216449660063518e-16,-7.462384898111549e-16,-7.519787858866255e-16,2.8929823996598605e-16,-5.780478147998715e-15,-5.786218444074186e-15
direct_dozero,220,-1.1102230246251565e-15,-9.992007221626409e-16,-1.5154381639241917e-15,-7.806802662640082e-16,6.750292265873004e-16,-3.564035027338075e-13,-3.5566874483614734e-13
direct_dozero,221,-1.3322676295501878e-15,-1.27675647831893e-15,-1.492476979622309e-15,-1.515438163924189e-15,5.785964799319719e-16,-7.438046042751554e-13,-7.438275654594573e-13
direct_dozero,222,-1.5543122344752192e-15,-1.5543122344752192e-15,-1.4695157953204284e-15,-1.4695157953204623e-15,9.64327466553287e-17,-9.107094529655333e-13,-9.107094529655333e-13
direct_dozero,223,-1.942890293094024e-15,-1.942890293094024e-15,-1.423593426716664e-15,-2.169831916527823e-15,-6.268128532596371e-16,-8.578298455182999e-13,-8.585760840081111e-13
direct_dozero,224,-2.275957200481571e-15,-2.275957200481571e-15,-2.479807904603222e-15,-2.5027690889049668e-15,4.628771839455753e-15,-1.0412897080903346e-12,-1.0413126692746363e-12
direct_dozero,225,-1.8318679906315083e-15,-1.8318679906315083e-15,-1.6072829011317178e-15,-2.3420407987919742e-15,2.2179531730725548e-15,-1.0926997997422475e-12,-1.093434557639908e-12
direct_dozero,226,-1.6653345369377348e-15,-1.6653345369377348e-15,-2.3190796144900502e-15,-1.5843217168298293e-15,2.025087679761898e-15,-1.0274441139563e-12,-1.0267093560586398e-12
direct_dozero,227,-1.4988010832439613e-15,-1.4988010832439613e-15,-1.5383993482260735e-15,-1.5383993482262037e-15,1.0607602132086145e-15,-9.406278761108852e-13,-9.406278761108852e-13
direct_dozero,228,-1.4988010832439613e-15,-1.4432899320127035e-15,-1.561360532527955e-15,-1.5613605325281175e-15,1.5429239464852566e-15,-9.18309604969456e-13,-9.183096049694563e-13
direct_dozero,229,-1.27675647831893e-15,-1.3322676295501878e-15,-1.5383993482260735e-15,-7.806802662639578e-16,8.678947198979575e-16,-7.410951845275334e-13,-7.403374654455713e-13
direct_dozero,230,-1.27675647831893e-15,-1.27675647831893e-15,-1.5383993482260727e-15,-8.036414505658715e-16,1.157192959863943e-15,-7.146439002117656e-13,-7.139091423141055e-13
direct_dozero,231,-9.992007221626409e-16,-1.0547118733938987e-15,-7.806802662639775e-16,-8.036414505658715e-16,8.678947198979575e-16,-3.573219501058828e-13,-3.573449112901847e-13
direct_dozero,232,-1.0547118733938987e-15,-9.992007221626409e-16,-8.036414505658589e-16,-1.5383993482261027e-15,9.64327466553286e-16,-3.5486510338558146e-13,-3.555998612832417e-13
direct_dozero,233,-7.216449660063518e-16,-7.216449660063518e-16,-7.519787858866255e-16,-1.4867366835468393e-15,2.8929823996598605e-16,-4.982576993508327e-15,-5.7173348911685405e-15
direct_dozero,234,-1.2212453270876722e-15,-1.2212453270876722e-15,-8.2660263486774035e-16,-1.5383993482260017e-15,1.4464911998299282e-15,-7.060793784671638e-13,-7.067911751805221e-13
direct_dozero,235,-1.4988010832439613e-15,-1.4988010832439613e-15,-1.5843217168298364e-15,-1.607282901131743e-15,2.025087679761898e-15,-8.754181126935412e-13,-8.754410738778431e-13
direct_dozero,236,-1.609823385706477e-15,-1.609823385706477e-15,-1.6532052697354815e-15,-2.365001983093686e-15,2.7965496530045236e-15,-9.938289401383453e-13,-9.945407368517034e-13
direct_dozero,237,-1.8318679906315083e-15,-1.8318679906315083e-15,-2.4568467203013404e-15,-1.6991276383391962e-15,3.857309866213131e-15,-1.0867758141923622e-12,-1.0860180951104e-12
direct_dozero,238,-2.0539125955565396e-15,-2.0539125955565396e-15,-1.9517006656599433e-15,-2.686458563320075e-15,8.100350719047535e-15,-1.125993516979976e-12,-1.1267282748776362e-12
direct_dozero,239,-1.7763568394002505e-15,-1.8318679906315083e-15,-1.7680111912448895e-15,-1.7450500069430238e-15,4.9180700794217364e-15,-1.053642825244747e-12,-1.0536198640604452e-12
direct_dozero,240,-1.609823385706477e-15,-1.5543122344752192e-15,-1.6761664540373637e-15,-1.6532052697355706e-15,3.47157887959182e-15,-9.42786227435262e-13,-9.427632662509603e-13
direct_dozero,241,-1.4432899320127035e-15,-1.4432899320127035e-15,-1.5843217168298364e-15,-1.607282901131743e-15,2.1215204264172266e-15,-8.640982488327135e-13,-8.641212100170154e-13
direct_dozero,242,-1.609823385706477e-15,-1.609823385706477e-15,-2.4109243516975775e-15,-1.6761664540374844e-15,3.664444372902476e-15,-9.307316056767743e-13,-9.29996847779114e-13
direct_dozero,243,-1.8318679906315083e-15,-1.7763568394002505e-15,-1.813933559848654e-15,-1.813933559848563e-15,5.785964799319684e-15,-1.004735502681739e-12,-1.0047355026817388e-12
direct_dozero,244,-1.942890293094024e-15,-1.9984014443252818e-15,-2.7553421162258038e-15,-1.9976230342638734e-15,9.16111093225613e-15,-1.0958684431759071e-12,-1.0951107240939454e-12
direct_dozero,245,-2.220446049250313e-15,-2.275957200481571e-15,-3.145682249357792e-15,-3.145682249357745e-15,1.562210495816297e-14,-1.1208502116963546e-12,-1.1208502116963546e-12
direct_dozero,246,-2.220446049250313e-15,-2.275957200481571e-15,-2.9160704063389746e-15,-2.916070406339011e-15,1.2150526078571247e-14,-1.1520774223469137e-12,-1.1520774223469137e-12
direct_dozero,247,-2.831068712794149e-15,-2.7200464103316335e-15,-3.7197118569048335e-15,-4.4774309388669264e-15,2.5747543356972003e-14,-9.956658348824958e-13,-9.964235539644577e-13
direct_dozero,248,-2.609024107869118e-15,-2.55351295663786e-15,-2.1009483636221746e-15,-2.835706261282363e-15,-1.8322221864512493e-15,-2.1715540053504606e-13,-2.1789015843270626e-13
direct_dozero,249,-3.6637359812630166e-15,-3.6637359812630166e-15,-3.983765476376474e-15,-3.9952460685273934e-15,5.496666559353702e-15,-2.2581176701685549e-13,-2.2582324760900642e-13
direct_dozero,250,-2.4980018054066022e-15,-2.3869795029440866e-15,-2.7323809319239216e-15,-2.0091036264146473e-15,-3.3269297596088534e-15,-4.454469754565049e-15,-3.731192449055775e-15
direct_dozero,251,-3.774758283725532e-15,-3.733124920302089e-15,-1.3278912105464221e-12,-1.3277993658092145e-12,2.2244720266894913e-11,-7.641482135666243e-14,-7.632297661945477e-14
direct_dozero,252,-3.58046925441613e-15,-3.552713678800501e-15,-6.054097305005778e-09,-6.054097305005785e-09,1.0170431454616288e-07,-3.225587170702539e-13,-3.2255871707687137e-13
direct_dozero,253,-2.1094237467877974e-15,-2.1094237467877974e-15,-6.6983174208448535e-06,-6.6983174122114465e-06,0.00011252679969068374,-3.7546128586838506e-13,-3.668278788365731e-13
direct_dozero,254,-3.3306690738754696e-16,-4.440892098500626e-16,-0.0002190381327423004,-0.00021903813241772106,0.0036796793205105343,-3.782165552967953e-13,-5.363721619633388e-14
direct_dozero,255,0.0,-1.1102230246251565e-16,-0.0007074750615126361,-0.0007074750604273983,0.011885060016911487,-1.101585836438268e-12,-1.634803403760543e-14
direct_dozero,256,0.0,0.0,-0.0010958842681404023,-0.0010958842670485535,0.018410048646223247,-1.0900134961300267e-12,1.835337437583462e-15
direct_dozero,257,0.0,0.0,-0.0012586809912868632,-0.0012586809895546707,0.021144913704248678,-1.7290700121685987e-12,3.1225022567582528e-15
direct_dozero,258,-1.1102230246251565e-16,-1.6653345369377348e-16,-0.000731618267159416,-0.0007316182654841675,0.012290648091621446,-1.7141904215534076e-12,-3.8941939950465354e-14
direct_dozero,259,-1.27675647831893e-15,-1.3322676295501878e-15,-0.0001441515316064376,-0.00014415153135845682,0.0024216395712829014,-6.754261863348154e-13,-4.2744540545980314e-13
direct_dozero,260,-3.941291737419306e-15,-3.885780586188048e-15,-2.017267302274007e-06,-2.0172673011718698e-06,3.3888604995910044e-05,-9.300198093332166e-13,-9.28917672085106e-13
direct_dozero,261,-5.190292640122607e-15,-5.162537064506978e-15,-2.680936857719241e-09,-2.680936765874504e-09,4.503767755450821e-08,-4.084335463621733e-13,-4.083417016251361e-13
direct_dozero,262,-4.912736883966318e-15,-4.912736883966318e-15,-2.2258112838558067e-12,-2.225168370695354e-12,3.730626166771811e-11,-3.407439750399239e-14,-3.343148434353961e-14
direct_dozero,263,-6.189493362285248e-15,-6.161737786669619e-15,-7.807399653431623e-12,-7.806664895533959e-12,1.3104776321122048e-10,-3.6737894883062046e-16,3.6737894883385163e-16
direct_dozero,264,-6.945832797811136e-15,-6.938893903907228e-15,-3.707062724162402e-09,-3.707062724162402e-09,6.227581221259106e-08,-3.7022613568355613e-13,-3.7022613568355613e-13
direct_dozero,265,-6.300515664747763e-15,-6.2727600891321345e-15,-1.1085587457810165e-06,-1.1085587479852897e-06,1.8622970438747114e-05,-1.4397581006606681e-12,-1.44196237388634e-12
direct_dozero,266,-3.2751579226442118e-15,-3.3306690738754696e-15,-9.07152501261494e-05,-9.071525001336407e-05,0.00152394939526141,-2.2771983951286323e-12,-2.164413071513438e-12
direct_dozero,267,-6.106226635438361e-16,-6.661338147750939e-16,-0.0007394048734801059,-0.0007394048708059542,0.012421457343400352,-2.9065187756582844e-12,-2.323670769688313e-13
direct_dozero,268,-1.1102230246251565e-16,0.0,-0.001460665755695787,-0.001460665752888092,0.02453810899563726,-2.8093482401514436e-12,-1.6531914726058972e-15
direct_dozero,269,-3.3306690738754696e-16,-3.3306690738754696e-16,-0.0017041827864096096,-0.001704182781889746,0.028629015774708395,-4.645690082627496e-12,-1.2582643260650173e-13
direct_dozero,270,-2.0539125955565396e-15,-2.1094237467877974e-15,-0.0007296192065318319,-0.0007296192022221096,0.012257065345262733,-6.288058181785905e-12,-1.978335897878658e-12
direct_dozero,271,-6.5503158452884236e-15,-6.5503158452884236e-15,-6.692640559908793e-05,-6.692640565162311e-05,0.0011243143263337308,-4.584521889720861e-12,-4.637057068618972e-12
direct_dozero,272,-8.965050923848139e-15,-8.965050923848139e-15,-1.191331262824053e-06,-1.1913312664059978e-06,2.0013487717517153e-05,-1.51396864812056e-12,-1.5175505929063702e-12
direct_dozero,273,-8.595554823465079e-15,-8.579942312181288e-15,-8.004207954575188e-09,-8.004208046419927e-09,1.3446465154519123e-07,-2.523893378447848e-13,-2.5248118258347636e-13
direct_dozero,274,-6.467049118441537e-15,-6.439293542825908e-15,-1.6931944683156387e-11,-1.693189876078778e-11,2.843330141803734e-10,-5.143305283622224e-15,-5.097382915013146e-15
direct_dozero,275,-4.052314039881821e-15,-4.107825191113079e-15,-8.72525003471504e-15,-8.0134533213567e-15,7.271029097811177e-14,-5.833518483736062e-13,-5.826400516602478e-13
direct_dozero,276,-3.9968028886505635e-15,-3.941291737419306e-15,-3.1548667230785444e-14,-3.228342512844574e-14,4.679881195180581e-13,-6.339582985749534e-13,-6.346930564726137e-13
direct_dozero,277,-2.7200464103316335e-15,-2.7200464103316335e-15,-5.8551019969798315e-15,-5.8780631812816474e-15,4.908426804755954e-14,-1.0311408646289029e-12,-1.0311638258132048e-12
direct_dozero,278,-2.6645352591003757e-15,-2.6645352591003757e-15,-5.74029607547042e-15,-5.740296075470569e-15,5.949900468633374e-14,-9.929793763191755e-13,-9.929793763191755e-13
direct_dozero,279,-3.774758283725532e-15,-3.774758283725532e-15,-4.973392519787575e-14,-4.9733925197875774e-14,7.737763591616683e-13,-5.924444773571513e-13,-5.924444773571513e-13
direct_dozero,280,-6.328271240363392e-15,-6.2727600891321345e-15,-3.302227011691161e-11,-3.302227011691161e-11,5.54638535133264e-10,-1.3271564526485565e-14,-1.3271564526485565e-14
direct_dozero,281,-9.054822863729939e-15,-9.038776671577153e-15,-1.206683821067334e-08,-1.2066838302518075e-08,2.0271384825830564e-07,-1.9847647710633482e-13,-1.9856832184171766e-13
direct_dozero,282,-1.1546319456101628e-14,-1.1518563880485999e-14,-1.680762604677526e-06,-1.680762604677526e-06,2.8235573772214565e-05,-1.2264946206547687e-12,-1.2264946206547687e-12
direct_dozero,283,-1.0658141036401503e-14,-1.071365218763276e-14,-6.428361265371841e-05,-6.428361273417443e-05,0.0010799173510477069,-5.0182127604801036e-12,-5.0986687745099846e-12
direct_dozero,284,-5.495603971894525e-15,-5.551115123125783e-15,-0.0007172984019149418,-0.0007172983950622224,0.012050084901222098,-1.5548395470438292e-11,-8.695676123604557e-12
direct_dozero,285,-1.27675647831893e-15,-1.27675647831893e-15,-0.0019599126068598274,-0.00195991260008389,0.032925088427299506,-8.414264077161171e-12,-1.638326627140252e-12
direct_dozero,286,-3.774758283725532e-15,-3.83026943495679e-15,-0.00214771208369521,-0.0021477120750851356,0.03607998133410831,-1.8269937646087087e-11,-9.659863187128082e-12
direct_dozero,287,-1.099120794378905e-14,-1.1046719095020308e-14,-0.0007166138100862958,-0.0007166137996920435,0.01203858426257942,-2.348727072207235e-11,-1.3093018422921654e-11
direct_dozero,288,-1.4988010832439613e-14,-1.5015766408055242e-14,-7.071443040849778e-05,-7.071443036533076e-05,0.001187950353324292,-3.9665905109120825e-12,-3.92342348930555e-12
direct_dozero,289,-1.2434497875801753e-14,-1.2434497875801753e-14,-2.0098673621535e-06,-2.009867361510585e-06,3.3764291317539763e-05,-1.0409682522167975e-12,-1.0403253372691726e-12
direct_dozero,290,-9.099491993236342e-15,-9.085614205428527e-15,-1.6780178510655186e-08,-1.6780178510655192e-08,2.81894480574152e-07,-1.5154381639263902e-13,-1.5154381639925646e-13
direct_dozero,291,-6.106226635438361e-15,-6.050715484207103e-15,-4.058393917594448e-11,-4.058393917594448e-11,6.816817355130713e-10,-1.4098167161345576e-14,-1.4098167161345576e-14
direct_dozero,292,-3.6637359812630166e-15,-3.7192471324942744e-15,-5.772441733493056e-14,-5.772441733493056e-14,9.073357132790401e-13,-5.617224127612336e-13,-5.617224127612336e-13
direct_dozero,293,-2.609024107869118e-15,-2.609024107869118e-15,-6.6817046318475695e-15,-6.704665816149534e-15,6.297058356592509e-14,-9.639105169929932e-13,-9.639334781772951e-13
direct_dozero,294,-2.1649348980190553e-15,-2.1649348980190553e-15,-3.2145658022634357e-15,-3.214565802263486e-15,1.7068596157992848e-14,-1.089140816175456e-12,-1.089140816175456e-12
direct_dozero,295,-2.1649348980190553e-15,-2.1649348980190553e-15,-3.2834493551690823e-15,-3.2604881708673137e-15,1.793649087789077e-14,-1.0501986475994646e-12,-1.050175686415163e-12
direct_dozero,296,-1.942890293094024e-15,-1.942890293094024e-15,-2.0435454028674706e-15,-2.043545402867499e-15,9.836140158843418e-15,-1.0549286515656522e-12,-1.0549286515656524e-12
direct_dozero,297,-1.942890293094024e-15,-1.9984014443252818e-15,-2.8012644848295667e-15,-2.043545402867499e-15,1.002900565215407e-14,-1.0464100521896543e-12,-1.0456523331076922e-12
direct_dozero,298,-1.7763568394002505e-15,-1.7763568394002505e-15,-2.548691457508867e-15,-1.813933559848563e-15,5.978830292630339e-15,-9.933008328994019e-13,-9.925660750017416e-13
direct_dozero,299,-2.1094237467877974e-15,-2.1094237467877974e-15,-3.2604881708672e-15,-3.2834493551690255e-15,1.793649087789077e-14,-1.0417259705920702e-12,-1.041748931776372e-12
direct_dozero,300,-2.609024107869118e-15,-2.609024107869118e-15,-6.819471737658863e-15,-6.0847138399986695e-15,6.518853673899732e-14,-9.303183043593404e-13,-9.295835464616802e-13
direct_dozero,301,-3.608224830031759e-15,-3.608224830031759e-15,-6.038791471394887e-14,-6.038791471394882e-14,9.52948402446913e-13,-5.4496074822086e-13,-5.449607482208599e-13
direct_dozero,302,-5.9674487573602164e-15,-5.9119376061289586e-15,-4.330272708676171e-11,-4.330272708676168e-11,7.273546950736102e-10,-1.4695157953224818e-14,-1.469515795319897e-14
direct_dozero,303,-8.871375856145391e-15,-8.857498068337577e-15,-1.8394277026045606e-08,-1.83942770260456e-08,3.090101596387279e-07,-1.3280749000396082e-13,-1.3280748999734337e-13
direct_dozero,304,-1.289246487345963e-14,-1.2934098236883074e-14,-2.3025366472396604e-06,-2.3025366480662637e-06,3.868091975999921e-05,-8.426754633371488e-13,-8.435020666967483e-13
direct_dozero,305,-1.6819878823071122e-14,-1.6819878823071122e-14,-7.468479488190646e-05,-7.468479479630716e-05,0.0012546495524858212,-3.3375459243100564e-12,-3.25194661780423e-12
direct_dozero,306,-1.759703494030873e-14,-1.759703494030873e-14,-0.0007222361026317484,-0.0007222360913539494,0.012133034636721413,-2.097697059458281e-11,-9.699171587412847e-12
direct_dozero,307,-8.659739592076221e-15,-8.659739592076221e-15,-0.002207294503888523,-0.002207294494540749,0.03708092211408761,-2.767134958669981e-11,-1.832357529596429e-11
direct_dozero,308,-1.5210055437364645e-14,-1.5210055437364645e-14,-0.002183329365220142,-0.0021833293555768123,0.036678325433356404,-2.3905532067769464e-11,-1.4262202530090917e-11
direct_dozero,309,-2.0761170560490427e-14,-2.0816681711721685e-14,-0.0007244010074624954,-0.0007244009966045186,0.012169403443481384,-1.8595528328974043e-11,-7.737551484948701e-12
direct_dozero,310,-1.8096635301390052e-14,-1.812439087700568e-14,-7.766415396257248e-05,-7.766415393391696e-05,0.001304700590881175,-2.6154625882603144e-12,-2.586807070631414e-12
direct_dozero,311,-1.2753686995381486e-14,-1.27675647831893e-14,-2.384963328159892e-06,-2.384963330180477e-06,4.0065627297857515e-05,-7.514736395137925e-13,-7.534942247510064e-13
direct_dozero,312,-8.685760444215873e-15,-8.671882656408059e-15,-1.8894336994674666e-08,-1.8894336994674653e-08,3.1741079789745763e-07,-1.2435777418330254e-13,-1.2435777417006765e-13
direct_dozero,313,-5.856426454897701e-15,-5.856426454897701e-15,-4.414912226249767e-11,-4.4149122262497645e-11,7.415737999766382e-10,-1.4098167161371425e-14,-1.4098167161345576e-14
direct_dozero,314,-3.552713678800501e-15,-3.608224830031759e-15,-6.107675024300528e-14,-6.181150814066546e-14,9.761886943907953e-13,-5.264999560421471e-13,-5.272347139398073e-13
direct_dozero,315,-2.55351295663786e-15,-2.55351295663786e-15,-6.10767502430053e-15,-6.819471737658901e-15,6.528496948565263e-14,-9.223048510379836e-13,-9.23016647751342e-13
direct_dozero,316,-3.608224830031759e-15,-3.552713678800501e-15,-6.185743050926926e-14,-6.185743050926929e-14,9.769601563640364e-13,-5.238823810317326e-13,-5.238823810317326e-13
direct_dozero,317,-5.773159728050814e-15,-5.745404152435185e-15,-4.4540518610107544e-11,-4.4540564532476114e-11,7.481495489597869e-10,-1.4098167161371425e-14,-1.4144089529941729e-14
direct_dozero,318,-8.57300341827738e-15,-8.55739090699359e-15,-1.9039799495482354e-08,-1.9039798760724458e-08,3.198544627539012e-07,-1.2059213995319638e-13,-1.198573820568987e-13
direct_dozero,319,-1.2531642390456454e-14,-1.2559397966072083e-14,-2.4083609383552957e-06,-2.4083609407432594e-06,4.0458689928010675e-05,-7.065615623233924e-13,-7.089495260786212e-13
direct_dozero,320,-1.812439087700568e-14,-1.8179902028236938e-14,-7.839760833487988e-05,-7.839760836427022e-05,0.0013170220842012058,-2.264431968757724e-12,-2.2938223044090267e-12
direct_dozero,321,-2.3425705819590803e-14,-2.348121697082206e-14,-0.0007255600624766633,-0.0007255600520965546,0.012188874714104753,-1.631346229977182e-11,-5.93335363480163e-12
direct_dozero,322,-1.8707257964933888e-14,-1.865174681370263e-14,-0.0021607263673224224,-0.002160726357683317,0.03629861171447982,-2.10576105164062e-11,-1.1418505030391657e-11
direct_dozero,323,-2.1899149160731213e-14,-2.195466031196247e-14,-0.0021436382674363853,-0.002143638257840263,0.03601154422079223,-1.8369774451576504e-11,-8.773651943849714e-12
direct_dozero,324,-2.3869795029440866e-14,-2.3925306180672123e-14,-0.0007255329687110407,-0.0007255329585282148,0.012188419558793712,-1.537682958394071e-11,-5.19400364731859e-12
direct_dozero,325,-1.7930101847696278e-14,-1.7957857423311907e-14,-7.859144763476024e-05,-7.859144770033745e-05,0.0013202784416724708,-2.0865287037215297e-12,-2.1521059131827946e-12
direct_dozero,326,-1.2365108936762681e-14,-1.2406742300186124e-14,-2.4148593421078125e-06,-2.414859344863153e-06,4.056785832724911e-05,-6.840596035310228e-13,-6.868149441102006e-13
direct_dozero,327,-8.444633881055097e-15,-8.43249081672326e-15,-1.910046827140268e-08,-1.910046900616059e-08,3.2087366500527177e-07,-1.1609174782679253e-13,-1.168265057363251e-13
direct_dozero,328,-5.745404152435185e-15,-5.717648576819556e-15,-4.455236658120729e-11,-4.4552366581207316e-11,7.483480075520617e-10,-1.428185663575604e-14,-1.428185663578189e-14
direct_dozero,329,-8.418613028915445e-15,-8.403000517631654e-15,-1.9102139570085648e-08,-1.9102139570085648e-08,3.209017407036869e-07,-1.1535698993049484e-13,-1.1535698993049484e-13
direct_dozero,330,-1.2212453270876722e-14,-1.2240208846492351e-14,-2.417816865258619e-06,-2.4178168681976506e-06,4.06175425364867e-05,-6.623842455571538e-13,-6.65323277089405e-13
direct_dozero,331,-1.7708057242771247e-14,-1.7763568394002505e-14,-7.864342232641243e-05,-7.864342241127695e-05,0.0013211515782291855,-1.9982659732638297e-12,-2.0831304888523083e-12
direct_dozero,332,-2.375877272697835e-14,-2.378652830259398e-14,-0.0007254765217301938,-0.000725476511632875,0.012187471291085864,-1.4945985855191468e-11,-4.848667040785459e-12
direct_dozero,333,-2.270406085358445e-14,-2.2676305277968822e-14,-0.0021385747799007124,-0.0021385747703173575,0.035926481359158505,-1.7287567211088373e-11,-7.704212268144772e-12
direct_dozero,334,-2.2593038551121936e-14,-2.2648549702353193e-14,-0.002137089162505098,-0.002137089152925691,0.03590152408098803,-1.6786004877755722e-11,-7.206598165443445e-12
direct_dozero,335,-2.353672812205332e-14,-2.3564483697668948e-14,-0.0007254549970058476,-0.0007254549869458184,0.012187109691567798,-1.474163109291271e-11,-4.681601894346299e-12
direct_dozero,336,-1.7513768213461844e-14,-1.7541523789077473e-14,-7.866664418959074e-05,-7.866664429512032e-05,0.0013215416884403864,-1.9094520886317468e-12,-2.014981660258125e-12
direct_dozero,337,-1.2170819907453279e-14,-1.2198575483068907e-14,-2.417902393374025e-06,-2.417902397139659e-06,4.0618979359475e-05,-6.575164742642255e-13,-6.612821083090432e-13
direct_dozero,338,-1.740274591099933e-14,-1.7513768213461844e-14,-7.866730062284756e-05,-7.866730073159174e-05,0.0013215527160364165,-1.89190975169104e-12,-2.000653928548729e-12
direct_dozero,339,-2.325917236589703e-14,-2.325917236589703e-14,-0.0007254472939555927,-0.0007254472839278007,0.012186980285997654,-1.4545726602366305e-11,-4.517934637515708e-12
direct_dozero,340,-2.2426505097428162e-14,-2.245426067304379e-14,-0.002136671278113971,-0.0021366712685358478,0.03589450393097855,-1.6545922618127484e-11,-6.96779960118743e-12
direct_dozero,341,-2.2176704916887502e-14,-2.2176704916887502e-14,-0.002136487600750109,-0.0021364875911719892,0.03589141828652217,-1.6312451389666194e-11,-6.734331842173091e-12
direct_dozero,342,-2.3175905639050143e-14,-2.3203661214665772e-14,-0.0007254470674541635,-0.0007254470574317904,0.01218697648094044,-1.4507794705159727e-11,-4.485421582767213e-12
direct_dozero,343,-2.2093438190040615e-14,-2.2093438190040615e-14,-0.00213648232403061,-0.002136482314453316,0.03589132964153333,-1.6265978147744775e-11,-6.688684328626238e-12
direct_dozero,344,-3.3306690738754696e-16,-3.3306690738754696e-16,0.0,0.0,0.0,3.444177645282255e-17,3.444177645282255e-17
direct_dozero,345,-3.3306690738754696e-16,-3.3306690738754696e-16,-7.347578976602142e-16,-7.34757897660214e-16,0.0,2.2961184301881633e-17,2.296118430188183e-17
direct_dozero,346,-3.3306690738754696e-16,-3.3306690738754696e-16,0.0,0.0,0.0,0.0,0.0
direct_dozero,347,-3.3306690738754696e-16,-3.3306690738754696e-16,0.0,0.0,0.0,1.1480592150940915e-17,1.1480592150940915e-17
direct_dozero,348,-3.3306690738754696e-16,-3.3306690738754696e-16,-7.34757897660214e-16,-7.34757897660214e-16,0.0,0.0,0.0
direct_dozero,349,-3.3306690738754696e-16,-3.3306690738754696e-16,0.0,0.0,0.0,0.0,0.0
direct_dozero,350,-3.3306690738754696e-16,-3.3306690738754696e-16,0.0,0.0,0.0,1.1480592150940915e-17,1.1480592150940915e-17
direct_dozero,351,-3.3306690738754696e-16,-3.3306690738754696e-16,-1.1480592150940718e-17,-1.1480592150940718e-17,9.64327466553287e-17,0.0,0.0
direct_dozero,352,-4.440892098500626e-16,-3.3306690738754696e-16,-7.34757897660214e-16,0.0,0.0,0.0,7.34757897660214e-16
direct_dozero,353,-2.220446049250313e-16,-2.220446049250313e-16,0.0,0.0,0.0,0.0,0.0
direct_dozero,354,-3.3306690738754696e-16,-3.3306690738754696e-16,0.0,0.0,0.0,0.0,0.0
direct_dozero,355,-1.1102230246251565e-16,-1.1102230246251565e-16,0.0,0.0,0.0,0.0,0.0
direct_dozero,356,0.0,0.0,0.0,0.0,0.0,0.0,0.0
direct_dozero,357,0.0,0.0,0.0,0.0,0.0,0.0,0.0
direct_dozero,358,0.0,0.0,0.0,0.0,0.0,0.0,0.0
direct_dozero,359,-1.1102230246251565e-16,-1.1102230246251565e-16,0.0,0.0,0.0,0.0,0.0
direct_dozero,360,0.0,0.0,0.0,0.0,0.0,0.0,0.0
direct_dozero,361,0.0,0.0,0.0,0.0,0.0,0.0,0.0
direct_dozero,362,0.0,0.0,0.0,0.0,0.0,0.0,0.0
direct_dozero,363,0.0,0.0,0.0,0.0,0.0,0.0,0.0
direct_dozero,364,0.0,0.0,0.0,0.0,0.0,0.0,0.0
direct_dozero,365,0.0,0.0,0.0,0.0,0.0,0.0,0.0
direct_dozero,366,0.0,0.0,0.0,0.0,0.0,0.0,0.0
direct_dozero,367,0.0,0.0,0.0,0.0,0.0,0.0,0.0
direct_dozero,368,0.0,0.0,0.0,0.0,0.0,0.0,0.0
direct_dozero,369,-2.220446049250313e-16,-2.220446049250313e-16,0.0,0.0,0.0,0.0,0.0
direct_dozero,370,-2.220446049250313e-16,-2.220446049250313e-16,0.0,0.0,0.0,0.0,0.0
direct_dozero,371,-3.3306690738754696e-16,-3.3306690738754696e-16,-7.347578976602139e-16,-7.347578976602139e-16,0.0,0.0,0.0
direct_dozero,372,-4.440892098500626e-16,-4.440892098500626e-16,-7.34757897660214e-16,-7.34757897660214e-16,0.0,0.0,0.0
direct_dozero,373,-3.3306690738754696e-16,-3.3306690738754696e-16,-7.34757897660214e-16,-7.34757897660214e-16,0.0,0.0,0.0
direct_dozero,374,-3.3306690738754696e-16,-3.3306690738754696e-16,-7.34757897660214e-16,-7.34757897660214e-16,0.0,0.0,0.0
direct_dozero,375,-3.3306690738754696e-16,-3.3306690738754696e-16,-7.34757897660214e-16,-7.34757897660214e-16,0.0,1.1480592150940915e-17,1.1480592150940915e-17
direct_dozero,376,-4.440892098500626e-16,-4.440892098500626e-16,0.0,0.0,0.0,0.0,0.0
direct_dozero,377,-3.3306690738754696e-16,-3.3306690738754696e-16,-7.347578976602138e-16,-7.347578976602138e-16,0.0,0.0,0.0
direct_dozero,378,-3.3306690738754696e-16,-3.3306690738754696e-16,-7.34757897660214e-16,-7.34757897660214e-16,0.0,0.0,0.0
direct_dozero,379,0.0,0.0,0.0,0.0,0.0,0.0,0.0
direct_dozero,380,-5.551115123125783e-17,0.0,-1.7652925870235506e-11,-1.7652925870235403e-11,2.965561541090017e-10,-9.184473724400583e-17,-9.184473714060825e-17
direct_dozero,381,5.551115123125783e-17,0.0,-1.461242746523144e-07,-1.4612427446862472e-07,2.4547802007187226e-06,-1.836896825239357e-16,0.0
direct_dozero,382,0.0,0.0,-6.2481546007579075e-06,-6.248154599655789e-06,0.00010496439586861784,-1.1021186133858274e-15,0.0
direct_dozero,383,0.0,0.0,-1.1194234987998747e-05,-1.1194234986161837e-05,0.00018805490386035163,-1.836909530733566e-15,0.0
direct_dozero,384,0.0,0.0,-3.911926437656719e-05,-3.9119264369403325e-05,0.0006571748323378431,-7.16386585469797e-15,0.0
direct_dozero,385,0.0,0.0,-6.448036174255996e-05,-6.448036172951787e-05,0.0010832225910320586,-1.304208477326263e-14,0.0
direct_dozero,386,0.0,0.0,-0.00010248948444188275,-0.000102489484422963,0.001721747860751503,-1.8919761590741047e-14,0.0
direct_dozero,387,0.0,0.0,-0.00013614129530166831,-0.00013614129527558414,0.002287073500488856,-2.6267616554109807e-14,-1.8344700758454735e-16
direct_dozero,388,0.0,0.0,-0.0001561559252307278,-0.00015615592520464364,0.002623304543619832,-2.608416954652526e-14,0.0
direct_dozero,389,0.0,0.0,-0.00017947819936530059,-0.00017947819933535926,0.00301510157350857,-2.994132719535969e-14,0.0
direct_dozero,390,0.0,0.0,-0.00016789422343923503,-0.0001678942234155387,0.0028204993089121447,-2.3696322681843185e-14,0.0
direct_dozero,391,0.0,0.0,-0.00017931622488629936,-0.0001793162248613176,0.0030123805215462153,-2.4981752777542e-14,0.0
direct_dozero,392,0.0,0.0,-0.00013897395260514984,-0.0001389739525886175,0.0023346600570878667,-1.6532348406927966e-14,0.0
direct_dozero,393,0.0,0.0,-0.0001434074416683008,-0.000143407441651402,0.0024091394083295714,-1.6898808741228066e-14,0.0
direct_dozero,394,0.0,0.0,-8.165197463703717e-05,-8.165197462877121e-05,0.0013716930417113418,-8.265957363029486e-15,0.0
direct_dozero,395,0.0,0.0,-8.36598170430706e-05,-8.365981703480465e-05,0.0014054233154679422,-8.265957363029486e-15,0.0
direct_dozero,396,0.0,0.0,0.0,0.0,0.0,0.0,0.0
direct_dozero,397,0.0,0.0,0.0,0.0,0.0,0.0,0.0
direct_dozero,398,0.0,0.0,-7.968571146312444e-05,-7.968571145485848e-05,0.0013386612684340845,-8.265957363029486e-15,0.0
direct_dozero,399,0.0,0.0,0.0,0.0,0.0,0.0,0.0
direct_dozero,400,0.0,0.0,-7.683089994910304e-05,-7.683089994102053e-05,0.0012907025374102746,-8.082510355444938e-15,0.0
direct_dozero,401,0.0,0.0,0.0,0.0,0.0,0.0,0.0
direct_dozero,402,0.0,0.0,-7.275622396346994e-05,-7.275622395557131e-05,0.0012222509816238259,-7.898629666991397e-15,0.0
direct_dozero,403,0.0,0.0,0.0,0.0,0.0,0.0,0.0
direct_dozero,404,0.0,0.0,-6.713404784665193e-05,-6.713404783912063e-05,0.001127802563286616,-7.531301970953308e-15,0.0
direct_dozero,405,0.0,0.0,0.0,0.0,0.0,0.0,0.0
direct_dozero,406,0.0,0.0,-5.991182606173741e-05,-5.99118260547571e-05,0.001006474556069078,-6.980310426896175e-15,0.0
direct_dozero,407,0.0,0.0,0.0,0.0,0.0,0.0,0.0
direct_dozero,408,0.0,0.0,-5.209764023414269e-05,-5.2097640227897254e-05,0.0008752019888863953,-6.2454381943855e-15,0.0
direct_dozero,409,0.0,0.0,0.0,0.0,0.0,0.0,0.0
direct_dozero,410,0.0,0.0,-4.765062093678354e-05,-4.765062093072176e-05,0.0008004953396742447,-6.061774346366455e-15,0.0
direct_dozero,411,0.0,0.0,0.0,0.0,0.0,0.0,0.0
direct_dozero,412,0.0,0.0,-7.087854755330339e-05,-7.087854754375157e-05,0.0011907074007403054,-9.551821139597294e-15,0.0
direct_dozero,413,0.0,0.0,-7.974650187656191e-05,-7.974650186590767e-05,0.0013396825026116917,-1.0654237908580555e-14,0.0
direct_dozero,414,0.0,0.0,-9.584558203167481e-05,-9.584558201918393e-05,0.0016101351931292664,-1.2490876388771e-14,0.0
direct_dozero,415,0.0,0.0,-0.00011124445245117628,-0.00011124445243721566,0.001868824875754923,-1.396062085379235e-14,0.0
direct_dozero,416,0.0,0.0,-0.00012352976338410272,-0.00012352976336885667,0.0020752090519694606,-1.5246050949491163e-14,0.0
direct_dozero,417,0.0,0.0,-0.00013257495106637138,-0.00013257495105039067,0.002227161543752352,-1.598070634156734e-14,0.0
direct_dozero,418,0.0,0.0,-0.00015212533847944534,-0.00015212533845776997,0.0025555936545033683,-2.1675369832330205e-14,0.0
direct_dozero,419,0.0,0.0,-0.0001273254269202142,-0.00012732542689945737,0.002138973404082218,-2.0756833751800485e-14,0.0
direct_dozero,420,0.0,0.0,-7.031253434949792e-05,-7.031253433755825e-05,0.0011811987957557942,-1.2123331852298413e-14,-1.8366384801904445e-16
direct_dozero,421,0.0,0.0,-2.4081343117601404e-05,-2.408134311374392e-05,0.00040454882978958607,-3.857482909486176e-15,0.0
direct_dozero,422,0.0,0.0,-4.846718477361509e-06,-4.846718476443054e-06,8.142130107615467e-05,-9.18454765366783e-16,0.0
direct_dozero,423,0.0,0.0,-1.8742003098441836e-05,-1.874200309550278e-05,0.0003148518496000719,-2.9390552491737054e-15,0.0
direct_dozero,424,0.0,0.0,-4.6603549962150135e-05,-4.660354995461883e-05,0.0007829053184099004,-7.531301970953308e-15,0.0
direct_dozero,425,0.0,0.0,-9.593639729995902e-05,-9.593639728471296e-05,0.0016116608227560018,-1.5246050949491163e-14,0.0
direct_dozero,426,0.0,0.0,-0.0001314691671250659,-0.00013146916710614614,0.002208585187885257,-1.8919761590741047e-14,0.0
direct_dozero,427,0.0,0.0,-0.00010693904735921715,-0.00010693904734378722,0.0017964972409033725,-1.5429931637944705e-14,0.0
direct_dozero,428,0.0,0.0,-6.882083466345904e-05,-6.882083465280524e-05,0.0011561393395818288,-1.065380422771156e-14,0.0
direct_dozero,429,0.0,0.0,-3.702814293858191e-05,-3.702814293288746e-05,0.0006220455321773005,-5.694446650328366e-15,0.0
direct_dozero,430,0.0,0.0,-5.6491622324915e-05,-5.649162231646516e-05,0.0009490176520831326,-8.449838051483027e-15,0.0
direct_dozero,431,0.0,0.0,-8.312666641783562e-05,-8.312666640589595e-05,0.001396466777597488,-1.1939668004279369e-14,0.0
direct_dozero,432,0.0,0.0,-7.102697471387327e-05,-7.102697470358658e-05,0.0011932008677285485,-1.0286693372107969e-14,0.0
direct_dozero,433,0.0,0.0,0.0,0.0,0.0,0.0,0.0
direct_dozero,434,0.0,0.0,-8.594691409154415e-05,-8.594691408309475e-05,0.0014438448615608514,-8.449404370614033e-15,0.0
direct_dozero,435,0.0,0.0,0.0,0.0,0.0,0.0,0.0
direct_dozero,436,0.0,0.0,-8.854898492302501e-05,-8.854898491439172e-05,0.0014875577352445617,-8.633285059067575e-15,0.0
direct_dozero,437,0.0,0.0,0.0,0.0,0.0,0.0,0.0
direct_dozero,438,-5.551115123125783e-17,0.0,-9.150325109266028e-05,-9.150325108384311e-05,0.001537187231241077,-8.817165747521116e-15,0.0
direct_dozero,439,0.0,0.0,0.0,0.0,0.0,0.0,0.0
direct_dozero,440,0.0,0.0,-9.484637724419508e-05,-9.484637723537791e-05,0.0015933492885584883,-8.817165747521116e-15,0.0
direct_dozero,441,0.0,0.0,0.0,0.0,0.0,0.0,0.0
direct_dozero,442,0.0,0.0,-9.861111553476293e-05,-9.861111552576188e-05,0.001656594119316963,-9.001046435974658e-15,0.0
direct_dozero,443,0.0,0.0,0.0,0.0,0.0,0.0,0.0
direct_dozero,444,0.0,0.0,-0.00017343187880750153,-0.0001734318787885809,0.0029135278409205853,-1.8920628952479035e-14,0.0
direct_dozero,445,0.0,0.0,-0.00022920931133077038,-0.0002292093113004613,0.0038505476302943343,-3.0309088572266774e-14,0.0
direct_dozero,446,-1.1102230246251565e-16,0.0,-0.0002573547012782035,-0.00025735470123595516,0.004323369453881201,-4.224832289567715e-14,0.0
direct_dozero,447,0.0,0.0,-0.00024980286700873773,-0.00024980286695712103,0.004196504199663045,-5.1616697027689895e-14,0.0
direct_dozero,448,0.0,0.0,-0.00020408515313078465,-0.00020408515307916795,0.003428480275099158,-5.1800577716143437e-14,-1.8388068845354155e-16
direct_dozero,449,0.0,0.0,-0.0001283883993439673,-0.0001283883993064951,0.0021568305579778135,-3.7656076173897546e-14,-1.8388068845354155e-16
direct_dozero,450,0.0,0.0,-4.1947576344068035e-05,-4.1947576331944486e-05,0.0007046883904945774,-1.2674540236790044e-14,-5.509915440571334e-16
direct_dozero,451,-5.551115123125783e-17,-1.1102230246251565e-16,-8.007172237957884e-07,-8.007172236120992e-07,1.3451459674648162e-05,-1.8368925900746208e-16,0.0
direct_dozero,452,-1.5265566588595902e-16,-1.942890293094024e-16,-2.768411622330436e-11,-2.768411622330436e-11,4.650724751741705e-10,-9.184473724400583e-17,-9.184473724400583e-17
direct_dozero,453,-2.220446049250313e-16,-2.7755575615628914e-16,-7.806802662639775e-16,-2.296118430188183e-17,4.821637332766433e-16,-5.740296075470422e-16,1.8368947441505345e-16
direct_dozero,454,-1.5959455978986625e-16,-1.3877787807814457e-16,-1.113158214955225e-13,-1.1058106359786247e-13,1.8572947005776596e-12,-1.8368947441490633e-16,5.510684232451229e-16
direct_dozero,455,-5.551115123125783e-17,-1.6653345369377348e-16,-5.722875920902157e-08,-5.722875920902157e-08,9.614010091691808e-07,0.0,0.0
direct_dozero,456,0.0,0.0,-2.0706874698207258e-05,-2.070687469306391e-05,0.0003478602454556587,-5.694392440219742e-15,-5.510457541657576e-16
direct_dozero,457,0.0,0.0,-0.00010365922075266038,-0.00010365922072382147,0.0017413985693247767,-2.902279111482997e-14,-1.8388068845354155e-16
direct_dozero,458,0.0,0.0,-0.00017898397179226143,-0.00017898397174799215,0.0030067989142535923,-4.445315643364367e-14,-1.8388068845354155e-16
direct_dozero,459,0.0,0.0,-0.00022646282978677854,-0.00022646282974048918,0.003804408762992178,-4.647324192141866e-14,-1.8388068845354155e-16
direct_dozero,460,0.0,0.0,-0.00023880159855039097,-0.0002388015985107135,0.004011690991394749,-3.967746270427952e-14,0.0
direct_dozero,461,0.0,0.0,-0.0002164213051208232,-0.00021642130509161653,0.0036357185436308812,-2.920667180328351e-14,0.0
direct_dozero,462,0.0,0.0,-0.00016580256459197609,-0.00016580256457342322,0.0027853609806691507,-1.8552867575571952e-14,0.0
direct_dozero,463,0.0,0.0,-0.00015906521341773824,-0.00015906521339973702,0.0026721784426309843,-1.8001225510211327e-14,0.0
direct_dozero,464,0.0,0.0,-0.0002053092839915784,-0.00020530928396347414,0.0034490447720536715,-2.8104255034300252e-14,0.0
direct_dozero,465,0.0,0.0,-0.00022304598330555835,-0.0002230459832684526,0.003747008258426031,-3.7105735151143904e-14,0.0
direct_dozero,466,0.0,0.0,-0.00020721316712263033,-0.00020721316708038114,0.003481028606552018,-4.2249190257415137e-14,0.0
direct_dozero,467,0.0,0.0,-0.00015684691274939124,-0.00015684691271155128,0.0026349126250599995,-3.802383755080463e-14,-1.8388068845354155e-16
direct_dozero,468,0.0,0.0,-7.49514543778489e-05,-7.495145435856138e-05,0.0012591292359230362,-1.9471186815667174e-14,-1.8366384801904445e-16
direct_dozero,469,0.0,0.0,-7.061307110234886e-06,-7.061307108765358e-06,0.00011862475918577528,-1.1021457184401395e-15,3.673819061467132e-16
direct_dozero,470,-8.326672684688674e-17,-1.1102230246251565e-16,-1.647156926411414e-09,-1.647156926411414e-09,2.7671023888125928e-08,0.0,0.0
direct_dozero,471,0.0,-5.551115123125783e-17,-1.7267072975223394e-06,-1.7267072969712733e-06,2.9007410971138453e-05,-5.510660829564917e-16,0.0
direct_dozero,472,0.0,0.0,-4.647946542422725e-05,-4.64794654132059e-05,0.0007808207895526371,-1.1021348764184147e-14,0.0
direct_dozero,473,0.0,0.0,-0.00012880732420463047,-0.00012880732417450526,0.0021638681871230677,-3.012520788381323e-14,0.0
direct_dozero,474,0.0,0.0,-0.00018951839412129773,-0.00018951839408290656,0.003183769451356193,-3.839116524684272e-14,0.0
direct_dozero,475,0.0,0.0,-0.00020967421194683852,-0.00020967421191175374,0.0035223723471743836,-3.5084782301630923e-14,0.0
direct_dozero,476,0.0,0.0,-0.00019568200485691866,-0.00019568200482991596,0.0032873135725550785,-2.700270562705498e-14,0.0
direct_dozero,477,0.0,0.0,-0.00015314266382413216,-0.00015314266380649783,0.002572683971091003,-1.7634331495042233e-14,0.0
direct_dozero,478,0.0,0.0,-0.00014795107819512866,-0.0001479510781776782,0.002485469155840385,-1.745045080658869e-14,0.0
direct_dozero,479,0.0,0.0,-0.00018735168058764146,-0.0001873516805615573,0.003147370259654331,-2.608416954652526e-14,0.0
direct_dozero,480,0.0,0.0,-0.0001970225158545282,-0.00019702251582164824,0.003309833170101507,-3.28799487636644e-14,0.0
direct_dozero,481,0.0,0.0,-0.00016586273702148564,-0.0001658627369884218,0.0027863718331701875,-3.3063829452117943e-14,0.0
direct_dozero,482,0.0,0.0,-9.647092834038935e-05,-9.647092831944907e-05,0.001620640550582915,-2.1124161447838574e-14,-1.8388068845354155e-16
direct_dozero,483,0.0,0.0,-2.416061997288061e-05,-2.4160619967921034e-05,0.0004058806225767572,-4.9595744178176915e-15,0.0
direct_dozero,759,0.0,0.0,-0.00020082405913017087,-0.00020082405911033257,0.003373696297506634,-1.9838297671270766e-14,0.0
direct_dozero,760,0.0,0.0,-0.00029703978607041083,-0.0002970397860358777,0.0049900496525044176,-3.434925954781676e-14,1.8388068845354155e-16
direct_dozero,761,0.0,0.0,-0.00031240762980112163,-0.00031240762976658676,0.0052482181096109,-3.4534874959746276e-14,0.0
direct_dozero,762,0.0,0.0,-0.0004265924823197882,-0.0004265924822635797,0.007166439541055325,-5.6208510068600503e-14,0.0
direct_dozero,763,0.0,0.0,-0.00044911580870906666,-0.00044911580865285815,0.007544814837201761,-5.602462938014696e-14,1.8388068845354155e-16
direct_dozero,764,0.0,0.0,-0.000594090992257254,-0.0005940909921685351,0.00998029115455646,-8.835467080192672e-14,3.642919299551295e-16
direct_dozero,765,0.0,0.0,-0.0006220951481411656,-0.0006220951480551962,0.010450740349885536,-8.560166464555152e-14,3.677613769070831e-16
direct_dozero,766,0.0,0.0,-0.0008005804453089307,-0.0008005804451794302,0.013449161897689863,-1.2876505417480644e-13,7.355227538141662e-16
direct_dozero,767,0.0,0.0,-0.0008219779568392656,-0.0008219779567189521,0.013808624333311323,-1.1976530878143876e-13,5.48172618408671e-16
direct_dozero,768,0.0,0.0,-0.0009670495269244357,-0.0009670495267620517,0.016245719873502682,-1.6109683032006217e-13,1.2871648191747909e-15
direct_dozero,769,0.0,-1.1102230246251565e-16,-0.0009269040935606897,-0.0009269040934199828,0.015571306157896004,-1.3960360645270953e-13,1.1032841307212493e-15
direct_dozero,770,0.0,0.0,-0.0006675959044572868,-0.0006675959043189739,0.01121511954718698,-1.3666151543745286e-13,1.6514567491299204e-15
direct_dozero,771,0.0,0.0,-0.00043614704715050356,-0.0004361470470540599,0.007326949193798539,-9.478529072737274e-14,1.6583956430338276e-15
direct_dozero,772,5.551115123125783e-17,0.0,8.661070312228347e-06,8.661070334640975e-06,-0.0001454996028439351,-2.185751579730777e-14,5.551115123125783e-16
direct_dozero,773,1.1102230246251565e-16,5.551115123125783e-17,1.4546496098291617e-05,1.4546496104529683e-05,-0.000244370421758588,-6.05765437811101e-15,1.8041124150158794e-16
direct_dozero,774,2.220446049250313e-16,1.6653345369377348e-16,2.1843006551419686e-07,2.18430065701547e-07,-3.669464238573691e-06,-5.551115123125783e-16,-3.677613769070831e-16
direct_dozero,775,2.220446049250313e-16,2.220446049250313e-16,6.914849928763012e-09,6.914849103034637e-09,-1.1616437333471826e-07,9.020562075079397e-17,-7.355227538141662e-16
direct_dozero,776,3.0531133177191805e-16,2.7755575615628914e-16,8.785819294310215e-13,8.785888683249254e-13,-1.4759080092222174e-11,-9.71445146547012e-17,-9.020562075079397e-17
direct_dozero,777,3.3306690738754696e-16,2.7755575615628914e-16,2.6645352591003757e-15,3.3514857555871913e-15,-4.4069765221487454e-14,-5.48172618408671e-16,1.3877787807814457e-16
direct_dozero,778,3.885780586188048e-16,3.3306690738754696e-16,2.7755575615628914e-17,7.632783294297951e-16,-1.446491199829931e-16,-4.371503159461554e-16,2.983724378680108e-16
direct_dozero,779,2.220446049250313e-16,2.220446049250313e-16,7.355227538141662e-16,7.355227538141662e-16,0.0,-1.3877787807814457e-17,-1.3877787807814457e-17
direct_dozero,780,3.3306690738754696e-16,3.3306690738754696e-16,7.355227538141662e-16,7.355227538141662e-16,0.0,0.0,0.0
direct_dozero,781,1.1102230246251565e-16,1.1102230246251565e-16,0.0,0.0,0.0,0.0,0.0
direct_dozero,782,1.1102230246251565e-16,1.1102230246251565e-16,0.0,0.0,0.0,0.0,0.0
direct_dozero,783,1.1102230246251565e-16,1.1102230246251565e-16,0.0,0.0,0.0,0.0,0.0
direct_dozero,784,1.1102230246251565e-16,1.1102230246251565e-16,0.0,0.0,0.0,0.0,0.0
direct_dozero,785,1.1102230246251565e-16,1.1102230246251565e-16,7.355227538141662e-16,7.355227538141662e-16,0.0,0.0,0.0
direct_dozero,786,1.1102230246251565e-16,1.1102230246251565e-16,0.0,0.0,0.0,0.0,0.0
direct_dozero,787,1.1102230246251565e-16,1.1102230246251565e-16,0.0,0.0,-2.4108186663832183e-16,-2.0816681711721685e-17,-2.0816681711721685e-17
direct_dozero,788,5.551115123125783e-17,5.551115123125783e-17,7.355227538141662e-16,7.355227538141662e-16,9.64327466553287e-17,0.0,0.0
direct_dozero,789,5.551115123125783e-17,8.326672684688674e-17,8.354428260304303e-15,8.451572774959004e-15,-1.411293247300965e-13,-1.8735013540549517e-16,-9.020562075079397e-17
direct_dozero,790,5.551115123125783e-17,5.551115123125783e-17,6.2450045135165055e-15,6.1547988927657116e-15,-1.043402318810782e-13,0.0,-9.020562075079397e-17
direct_dozero,791,5.551115123125783e-17,5.551115123125783e-17,5.438082831266122e-10,5.438082761877183e-10,-9.1355792532554e-09,-1.8041124150158794e-16,-1.8735013540549517e-16
direct_dozero,792,2.7755575615628914e-17,5.551115123125783e-17,6.421578338522416e-10,6.421577367077269e-10,-1.0787777692083699e-08,0.0,-9.71445146547012e-17
direct_dozero,793,0.0,5.551115123125783e-17,2.3942146990182933e-06,2.3942146993860547e-06,-4.0221043736132344e-05,-3.677613769070831e-16,0.0
direct_dozero,794,0.0,0.0,1.3525939817557453e-06,1.3525939817626842e-06,-2.2722582780275945e-05,-1.8735013540549517e-16,-1.8041124150158794e-16
direct_dozero,795,2.7755575615628914e-17,0.0,1.205169228302161e-10,1.205169228302161e-10,-2.024595154227492e-09,-9.020562075079397e-17,-9.020562075079397e-17
direct_dozero,796,2.7755575615628914e-17,2.7755575615628914e-17,1.8388068845354155e-15,1.8388068845354155e-15,-3.066561343639561e-14,0.0,0.0
direct_dozero,797,2.7755575615628914e-17,2.7755575615628914e-17,9.159339953157541e-16,8.257283745649602e-16,-1.5959619571457196e-14,9.020562075079397e-17,0.0
direct_dozero,798,1.1102230246251565e-16,1.1102230246251565e-16,0.0,-1.3877787807814457e-17,0.0,0.0,-1.3877787807814457e-17
direct_dozero,799,1.1102230246251565e-16,1.1102230246251565e-16,0.0,0.0,0.0,0.0,0.0
direct_dozero,800,0.0,0.0,0.0,0.0,0.0,0.0,0.0
direct_dozero,801,0.0,0.0,0.0,0.0,0.0,0.0,0.0
direct_dozero,802,0.0,0.0,0.0,0.0,0.0,0.0,0.0
direct_dozero,803,0.0,0.0,0.0,0.0,0.0,0.0,0.0
direct_dozero,804,0.0,0.0,0.0,0.0,0.0,0.0,0.0
direct_dozero,805,0.0,0.0,0.0,0.0,0.0,0.0,0.0
direct_dozero,806,0.0,0.0,0.0,0.0,0.0,0.0,0.0
direct_dozero,807,1.1102230246251565e-16,0.0,0.0,0.0,0.0,0.0,0.0
direct_dozero,808,0.0,0.0,0.0,0.0,0.0,0.0,0.0
direct_dozero,809,1.1102230246251565e-16,1.1102230246251565e-16,0.0,0.0,0.0,0.0,0.0
direct_dozero,810,2.220446049250313e-16,2.220446049250313e-16,7.355227538141662e-16,7.355227538141662e-16,0.0,0.0,0.0
direct_dozero,811,4.440892098500626e-16,4.440892098500626e-16,7.355227538141662e-16,7.355227538141662e-16,0.0,-2.7755575615628914e-17,-2.7755575615628914e-17
direct_dozero,812,4.440892098500626e-16,3.885780586188048e-16,1.8041124150158794e-16,1.8041124150158794e-16,-3.3269297596088534e-15,-3.191891195797325e-16,-3.191891195797325e-16
direct_dozero,813,3.122502256758253e-16,3.122502256758253e-16,1.3075319993394174e-10,1.307538383121809e-10,-2.196556343284888e-09,-1.0061396160665481e-15,-3.677613769070831e-16
direct_dozero,814,2.220446049250313e-16,1.6653345369377348e-16,2.3836643458161055e-06,2.3836643465516283e-06,-4.0043805572347574e-05,-7.355227538141662e-16,0.0
direct_dozero,815,0.0,0.0,-9.527951904103604e-05,-9.52795189760186e-05,0.0016006257517599534,-6.318556788897922e-14,1.8318679906315083e-15
direct_dozero,816,0.0,0.0,-0.0008943265296611214,-0.0008943265294732022,0.01502402707596823,-1.8571255644417306e-13,2.2065682614424986e-15
direct_dozero,817,0.0,0.0,-0.0009764194497653908,-0.000976419449580785,0.01640312767679809,-1.8332210749427702e-13,1.2836953722228372e-15
direct_dozero,818,0.0,0.0,-0.0007642050522689466,-0.0007642050521317299,0.012838082083096254,-1.3648110419595127e-13,7.355227538141662e-16
direct_dozero,819,0.0,0.0,-0.0005577550668845119,-0.0005577550667946879,0.009369874367707105,-8.964010089762553e-14,1.8388068845354155e-16
direct_dozero,820,-1.1102230246251565e-16,0.0,-0.0003993429994867629,-0.0003993429994311043,0.006708668297208385,-5.5658602726715856e-14,0.0
direct_dozero,821,0.0,0.0,-0.0005122859315328538,-0.0005122859314437636,0.008606026379315521,-8.890631286728734e-14,1.8388068845354155e-16
direct_dozero,822,0.0,0.0,-0.0007108226599104733,-0.0007108226597686666,0.011941297204675507,-1.41438943890293e-13,3.677613769070831e-16
direct_dozero,823,0.0,0.0,-0.0009491738306780795,-0.0009491738304725321,0.015945421341031562,-2.0426368929626904e-13,1.2836953722228372e-15
direct_dozero,824,0.0,0.0,-0.0010505742525780959,-0.0010505742523370977,0.017648873753114056,-2.3824345274370273e-13,2.7547408798511697e-15
direct_dozero,825,0.0,0.0,-0.00040909909302572905,-0.0004090990928765706,0.006872563483833994,-1.4548778848322286e-13,3.670674875166924e-15
direct_dozero,826,1.1102230246251565e-16,1.6653345369377348e-16,1.4820552817949861e-05,1.4820552824930389e-05,-0.000248974372808082,-7.348288644237755e-15,-3.677613769070831e-16
direct_dozero,827,2.7755575615628914e-16,3.3306690738754696e-16,7.148252018085444e-09,7.14825128256269e-09,-1.2008535649564009e-07,-6.453171330633722e-16,-1.3808398868775384e-15
direct_dozero,828,4.718447854656915e-16,4.718447854656915e-16,3.012173843686128e-14,3.0080105073437835e-14,-4.938320956222191e-13,-1.1518563880486e-15,-1.1934897514720433e-15
direct_dozero,829,4.996003610813204e-16,4.440892098500626e-16,7.424616477180734e-16,7.28583859910259e-16,-9.643274665532872e-17,1.734723475976807e-16,1.5959455978986625e-16
direct_dozero,830,5.551115123125783e-16,5.551115123125783e-16,7.355227538141662e-16,7.355227538141662e-16,0.0,0.0,0.0
direct_dozero,831,3.3306690738754696e-16,3.3306690738754696e-16,7.355227538141662e-16,7.355227538141662e-16,0.0,0.0,0.0
direct_dozero,832,1.1102230246251565e-16,1.1102230246251565e-16,0.0,0.0,0.0,0.0,0.0
direct_dozero,833,1.1102230246251565e-16,1.1102230246251565e-16,0.0,0.0,0.0,0.0,0.0
direct_dozero,834,0.0,0.0,0.0,0.0,0.0,0.0,0.0
direct_dozero,835,0.0,0.0,0.0,0.0,0.0,0.0,0.0
direct_dozero,836,0.0,0.0,0.0,0.0,0.0,0.0,0.0
direct_dozero,837,0.0,0.0,0.0,0.0,0.0,0.0,0.0
direct_dozero,838,0.0,0.0,0.0,0.0,0.0,0.0,0.0
direct_dozero,839,1.1102230246251565e-16,1.1102230246251565e-16,7.355227538141662e-16,7.355227538141662e-16,0.0,0.0,0.0
direct_dozero,840,1.1102230246251565e-16,1.1102230246251565e-16,7.355227538141662e-16,7.355227538141662e-16,0.0,0.0,0.0
direct_dozero,841,3.3306690738754696e-16,3.3306690738754696e-16,0.0,0.0,0.0,0.0,0.0
direct_dozero,842,3.3306690738754696e-16,3.3306690738754696e-16,7.355227538141662e-16,7.355227538141662e-16,0.0,0.0,0.0
direct_dozero,843,3.3306690738754696e-16,3.3306690738754696e-16,0.0,0.0,0.0,0.0,0.0
direct_dozero,844,1.1102230246251565e-16,1.1102230246251565e-16,0.0,0.0,0.0,0.0,0.0
direct_dozero,845,0.0,0.0,0.0,0.0,0.0,0.0,0.0
direct_dozero,846,0.0,0.0,0.0,0.0,0.0,0.0,0.0
direct_dozero,847,0.0,0.0,0.0,0.0,0.0,0.0,0.0
direct_dozero,848,0.0,0.0,0.0,0.0,0.0,0.0,0.0
direct_dozero,849,0.0,0.0,0.0,0.0,0.0,0.0,0.0
direct_dozero,850,1.1102230246251565e-16,1.1102230246251565e-16,0.0,0.0,0.0,0.0,0.0
direct_dozero,851,0.0,0.0,0.0,0.0,0.0,0.0,0.0
direct_dozero,852,3.3306690738754696e-16,3.3306690738754696e-16,7.355227538141662e-16,7.355227538141662e-16,0.0,0.0,0.0
direct_dozero,853,2.220446049250313e-16,2.220446049250313e-16,0.0,0.0,0.0,0.0,0.0
direct_dozero,854,3.3306690738754696e-16,3.3306690738754696e-16,0.0,0.0,0.0,0.0,0.0
direct_dozero,855,1.1102230246251565e-16,1.1102230246251565e-16,0.0,0.0,0.0,0.0,0.0
direct_dozero,856,0.0,0.0,0.0,0.0,0.0,0.0,0.0
direct_dozero,857,0.0,0.0,0.0,0.0,0.0,0.0,0.0
direct_dozero,858,0.0,0.0,0.0,0.0,0.0,0.0,0.0
direct_dozero,859,0.0,0.0,0.0,0.0,0.0,0.0,0.0
direct_dozero,860,0.0,0.0,0.0,0.0,0.0,0.0,0.0
direct_dozero,861,0.0,0.0,0.0,0.0,0.0,0.0,0.0
direct_dozero,862,1.1102230246251565e-16,1.1102230246251565e-16,0.0,0.0,0.0,0.0,0.0
direct_dozero,863,3.3306690738754696e-16,3.3306690738754696e-16,7.355227538141662e-16,7.355227538141662e-16,0.0,0.0,0.0
direct_dozero,864,3.3306690738754696e-16,3.3306690738754696e-16,0.0,0.0,0.0,0.0,0.0
direct_dozero,865,3.3306690738754696e-16,3.3306690738754696e-16,7.355227538141662e-16,7.355227538141662e-16,0.0,0.0,0.0
direct_dozero,866,3.3306690738754696e-16,3.3306690738754696e-16,7.355227538141662e-16,7.355227538141662e-16,0.0,0.0,0.0
direct_dozero,867,5.551115123125783e-16,5.551115123125783e-16,0.0,0.0,0.0,0.0,0.0
direct_dozero,868,4.440892098500626e-16,4.440892098500626e-16,7.355227538141662e-16,7.355227538141662e-16,0.0,0.0,0.0
direct_dozero,869,4.440892098500626e-16,4.440892098500626e-16,7.355227538141662e-16,7.355227538141662e-16,0.0,0.0,0.0
direct_dozero,870,5.551115123125783e-16,5.551115123125783e-16,7.355227538141662e-16,7.355227538141662e-16,9.64327466553287e-17,-1.249000902703301e-16,-1.249000902703301e-16
direct_dozero,871,5.551115123125783e-16,6.106226635438361e-16,4.85722573273506e-17,4.85722573273506e-17,-9.161110932256237e-16,-9.43689570931383e-16,-9.43689570931383e-16
direct_dozero,872,4.718447854656915e-16,4.718447854656915e-16,5.736806862888244e-12,5.737542385642058e-12,-9.637474236890884e-11,-3.309852392163748e-15,-2.5743296383495817e-15
direct_dozero,873,2.7755575615628914e-16,3.3306690738754696e-16,3.582218121439551e-07,3.582218121439551e-07,-6.017862621552829e-06,-1.8318679906315083e-15,-1.8318679906315083e-15
direct_dozero,874,5.551115123125783e-17,5.551115123125783e-17,4.125357771299354e-06,4.125357824937004e-06,-6.930297245991744e-05,-5.1431081615760377e-14,2.2065682614424986e-15
direct_dozero,875,0.0,0.0,-0.0008354561193362683,-0.0008354561190734092,0.0140350475373333,-2.5826563110342704e-13,4.593547764386585e-15
direct_dozero,876,0.0,0.0,-0.0011051890059315256,-0.0011051890056398249,0.018566361388689348,-2.8875860036414736e-13,2.942091015256665e-15
direct_dozero,877,-5.551115123125783e-17,-5.551115123125783e-17,-0.0008837809112876016,-0.000883780911066806,0.014846868453562208,-2.1951190865010517e-13,1.2836953722228372e-15
direct_dozero,878,0.0,0.0,-0.0006397177192206827,-0.000639717719078876,0.010746786565965845,-1.4144067861376897e-13,3.660266534311063e-16
direct_dozero,879,0.0,0.0,-0.0007823745988147814,-0.0007823745985906794,0.01314331708419605,-2.2336646421372564e-13,7.355227538141662e-16
direct_dozero,880,0.0,0.0,-0.001060966575444841,-0.0010609665751129121,0.01782345712390046,-3.2917071846050305e-13,2.7582103268031233e-15
direct_dozero,881,0.0,0.0,-0.0011369079755925056,-0.0011369079752137391,0.01909921671971675,-3.7325698087897763e-13,5.509481759702339e-15
direct_dozero,882,0.0,5.551115123125783e-17,-0.00031490652486651505,-0.0003149065246626226,0.005290197706409872,-1.9801521533580058e-13,5.8772431366094224e-15
direct_dozero,883,2.220446049250313e-16,2.220446049250313e-16,9.650551345836977e-06,9.650551350062764e-06,-0.00016212215549711234,-6.2450045135165055e-15,-2.0192181260370035e-15
direct_dozero,884,4.85722573273506e-16,5.134781488891349e-16,1.6918915574093418e-09,1.6918915643482357e-09,-2.8422520163784837e-08,-6.432354648922001e-15,-6.4254157550180935e-15
direct_dozero,885,6.938893903907228e-16,6.661338147750939e-16,6.432354648922001e-15,6.473988012345444e-15,-9.638453028201175e-14,-4.593547764386585e-15,-4.551914400963142e-15
direct_dozero,886,7.216449660063518e-16,7.771561172376096e-16,7.355227538141662e-16,7.216449660063518e-16,9.64327466553287e-17,-1.3877787807814457e-16,-1.5265566588595902e-16
direct_dozero,887,6.661338147750939e-16,6.661338147750939e-16,7.355227538141662e-16,7.355227538141662e-16,0.0,0.0,0.0
direct_dozero,888,7.771561172376096e-16,7.771561172376096e-16,7.355227538141662e-16,7.355227538141662e-16,0.0,0.0,0.0
direct_dozero,889,8.881784197001252e-16,8.881784197001252e-16,7.28583859910259e-16,7.355227538141662e-16,0.0,-5.551115123125783e-16,-5.48172618408671e-16
direct_dozero,890,8.326672684688674e-16,8.881784197001252e-16,7.147060721024445e-16,7.147060721024445e-16,3.857309866213147e-16,-3.073929999430902e-15,-3.073929999430902e-15
direct_dozero,891,7.494005416219807e-16,7.494005416219807e-16,6.652407791296611e-12,6.652310646781956e-12,-1.1174284347606422e-10,-1.4051260155412137e-14,-1.4148404670066839e-14
direct_dozero,892,4.718447854656915e-16,4.718447854656915e-16,3.244858305315179e-07,3.244858299833453e-07,-5.45112297560519e-06,-1.0658141036401503e-14,-1.1206313654810174e-14
direct_dozero,893,1.1102230246251565e-16,1.1102230246251565e-16,3.4361644125534274e-05,3.4361644202313135e-05,-0.0005772503158451575,-7.328859741306815e-14,3.490263633665336e-15
direct_dozero,894,0.0,0.0,-0.0009208519967725606,-0.0009208519963434594,0.015469635388893462,-4.18630408116627e-13,1.0470790900996008e-14
direct_dozero,895,0.0,-1.1102230246251565e-16,-0.001208974087292862,-0.001208974086818939,0.020309874323550466,-4.682261522948039e-13,5.6968318951078345e-15
direct_dozero,896,0.0,0.0,-0.0009360642432764549,-0.000936064242928733,0.01572518992717641,-3.460703945634691e-13,1.6514567491299204e-15
direct_dozero,897,0.0,0.0,-0.0010919025634262766,-0.0010919025629044163,0.01834315893933624,-5.18186188402936e-13,3.6741443221188774e-15
direct_dozero,898,0.0,0.0,-0.0012765411900065998,-0.0012765411893750737,0.02144495188968381,-6.201358870860929e-13,1.1390194343263715e-14
direct_dozero,899,0.0,5.551115123125783e-17,-0.00038909708567654716,-0.00038909708528694215,0.00653654449074727,-3.7270880826056896e-13,1.68962066560141e-14
direct_dozero,900,3.885780586188048e-16,3.3306690738754696e-16,1.8535020018167758e-05,1.853502003158064e-05,-0.00031137468627945953,-2.5902890943285684e-14,-1.2490009027033011e-14
direct_dozero,901,8.049116928532385e-16,8.049116928532385e-16,6.020261615613531e-09,6.0202608800907775e-09,-1.0113593637979805e-07,-3.297362383136715e-14,-3.3709146585181315e-14
direct_dozero,902,1.0547118733938987e-15,1.0547118733938987e-15,5.115352585960409e-14,5.189598750732216e-14,-8.477884922211498e-13,-1.8832158055204218e-14,-1.8089696407486144e-14
direct_dozero,903,9.992007221626409e-16,9.992007221626409e-16,1.4363510381087963e-15,7.008282842946301e-16,5.785964799319719e-16,1.249000902703301e-16,-6.106226635438361e-16
direct_dozero,904,8.881784197001252e-16,8.881784197001252e-16,7.355227538141662e-16,7.28583859910259e-16,0.0,-2.0816681711721685e-17,-2.7755575615628914e-17
direct_dozero,905,7.771561172376096e-16,7.771561172376096e-16,7.355227538141662e-16,7.355227538141662e-16,0.0,0.0,0.0
direct_dozero,906,4.440892098500626e-16,4.440892098500626e-16,7.355227538141662e-16,7.355227538141662e-16,0.0,0.0,0.0
direct_dozero,907,4.440892098500626e-16,4.440892098500626e-16,7.355227538141662e-16,7.355227538141662e-16,0.0,0.0,0.0
direct_dozero,908,4.440892098500626e-16,4.440892098500626e-16,0.0,0.0,0.0,0.0,0.0
direct_dozero,909,6.661338147750939e-16,6.661338147750939e-16,7.355227538141662e-16,7.355227538141662e-16,0.0,0.0,0.0
direct_dozero,910,1.1102230246251565e-15,1.1102230246251565e-15,1.4710455076283324e-15,1.4710455076283324e-15,0.0,0.0,0.0
direct_dozero,911,1.2212453270876722e-15,1.1102230246251565e-15,1.4641066137244252e-15,1.457167719820518e-15,9.64327466553287e-17,-2.7755575615628914e-16,-2.8449465006019636e-16
direct_dozero,912,1.3877787807814457e-15,1.4432899320127035e-15,1.7416623698807143e-15,1.7416623698807143e-15,-1.7068596157993517e-14,-1.3912482277333993e-14,-1.3912482277333993e-14
direct_dozero,913,1.2212453270876722e-15,1.214306433183765e-15,1.3999544579146317e-10,1.3999544579146317e-10,-2.3517963833477076e-09,-6.557948628582722e-14,-6.557948628582722e-14
direct_dozero,914,6.661338147750939e-16,7.216449660063518e-16,1.8231695268697279e-06,1.8231695281534233e-06,-3.0627905374701246e-05,-6.612765890423589e-14,-6.484396353201305e-14
direct_dozero,915,2.220446049250313e-16,1.6653345369377348e-16,4.8874005500680606e-05,4.887400573084372e-05,-0.000821047299381833,-2.1969231989160676e-13,1.0470790900996008e-14
direct_dozero,916,0.0,0.0,-0.0011744098406153598,-0.001174409839796657,0.01972922043403746,-7.95374183182318e-13,2.3328561304936102e-14
direct_dozero,917,0.0,0.0,-0.001237693534028736,-0.001237693533281306,0.02079233987841846,-7.391656731137175e-13,8.264222639553509e-15
direct_dozero,918,0.0,0.0,-0.001388168393484334,-0.0013881683923807307,0.02332020670080934,-1.0876230471801307e-12,1.5980272660698347e-14
direct_dozero,919,5.551115123125783e-17,5.551115123125783e-17,-0.0007712881023381954,-0.0007712881013934789,0.012957072107983277,-9.013692570114529e-13,4.3347270217708456e-14
direct_dozero,920,4.996003610813204e-16,4.440892098500626e-16,7.964653110881237e-05,7.964653119900411e-05,-0.001338003067337042,-1.6440321326527396e-13,-7.421147030228781e-14
direct_dozero,921,1.2212453270876722e-15,1.2212453270876722e-15,1.4044240533028773e-07,1.404424046849706e-07,-2.359328956950628e-06,-1.740413368978011e-13,-1.7468665403086447e-13
direct_dozero,922,1.790234627208065e-15,1.762479051592436e-15,7.588943362613065e-12,7.58967888536688e-12,-1.274639366529987e-10,-8.633371795241374e-14,-8.559819519859957e-14
direct_dozero,923,1.887379141862766e-15,1.8318679906315083e-15,1.4224732503009818e-15,1.4432899320127035e-15,7.71461973242629e-16,-1.3739009929736312e-15,-1.3530843112619095e-15
direct_dozero,924,1.4432899320127035e-15,1.4432899320127035e-15,1.457167719820518e-15,7.28583859910259e-16,9.64327466553287e-17,6.314393452555578e-16,-9.71445146547012e-17
direct_dozero,925,1.3322676295501878e-15,1.3322676295501878e-15,1.4641066137244252e-15,1.4710455076283324e-15,9.64327466553287e-17,1.8735013540549517e-16,1.942890293094024e-16
direct_dozero,926,1.1102230246251565e-15,1.1102230246251565e-15,7.355227538141662e-16,7.28583859910259e-16,0.0,4.85722573273506e-17,4.163336342344337e-17
direct_dozero,927,1.2212453270876722e-15,9.992007221626409e-16,7.355227538141662e-16,1.4710455076283324e-15,0.0,-5.412337245047638e-16,1.942890293094024e-16
direct_dozero,928,6.661338147750939e-16,6.661338147750939e-16,7.28583859910259e-16,7.355227538141662e-16,0.0,2.0816681711721685e-17,2.7755575615628914e-17
direct_dozero,929,7.771561172376096e-16,7.771561172376096e-16,7.355227538141662e-16,7.355227538141662e-16,0.0,-1.6653345369377348e-16,-1.6653345369377348e-16
direct_dozero,930,4.440892098500626e-16,4.440892098500626e-16,7.355227538141662e-16,7.355227538141662e-16,0.0,0.0,0.0
direct_dozero,931,5.551115123125783e-16,5.551115123125783e-16,7.355227538141662e-16,7.355227538141662e-16,0.0,0.0,0.0
direct_dozero,932,3.3306690738754696e-16,3.3306690738754696e-16,0.0,0.0,0.0,0.0,0.0
direct_dozero,933,4.440892098500626e-16,4.440892098500626e-16,7.355227538141662e-16,7.355227538141662e-16,0.0,0.0,0.0
direct_dozero,934,3.3306690738754696e-16,3.3306690738754696e-16,7.28583859910259e-16,7.28583859910259e-16,0.0,0.0,0.0
direct_dozero,935,3.3306690738754696e-16,4.440892098500626e-16,0.0,0.0,0.0,0.0,0.0
direct_dozero,936,4.440892098500626e-16,4.440892098500626e-16,0.0,0.0,0.0,0.0,0.0
direct_dozero,937,3.3306690738754696e-16,3.3306690738754696e-16,7.355227538141662e-16,7.355227538141662e-16,0.0,0.0,0.0
direct_dozero,938,3.3306690738754696e-16,3.3306690738754696e-16,0.0,0.0,0.0,0.0,0.0
direct_dozero,939,3.3306690738754696e-16,3.3306690738754696e-16,0.0,0.0,0.0,0.0,0.0
direct_dozero,940,3.3306690738754696e-16,3.3306690738754696e-16,0.0,0.0,0.0,0.0,0.0
direct_dozero,941,3.3306690738754696e-16,3.3306690738754696e-16,0.0,0.0,0.0,1.3877787807814457e-17,1.3877787807814457e-17
direct_dozero,942,3.3306690738754696e-16,3.3306690738754696e-16,0.0,0.0,0.0,0.0,0.0
direct_dozero,943,3.3306690738754696e-16,3.3306690738754696e-16,7.355227538141662e-16,7.355227538141662e-16,0.0,0.0,0.0
direct_dozero,944,3.3306690738754696e-16,3.3306690738754696e-16,0.0,0.0,0.0,0.0,0.0
direct_dozero,945,4.440892098500626e-16,4.440892098500626e-16,7.355227538141662e-16,7.355227538141662e-16,0.0,0.0,0.0
direct_dozero,946,7.771561172376096e-16,6.661338147750939e-16,7.355227538141662e-16,7.28583859910259e-16,9.64327466553287e-17,-5.273559366969494e-16,-5.342948306008566e-16
direct_dozero,947,1.1102230246251565e-15,9.992007221626409e-16,7.28583859910259e-16,7.355227538141662e-16,-9.643274665532872e-17,-6.888933867799096e-14,-6.888239978408706e-14
direct_dozero,948,1.4432899320127035e-15,1.4432899320127035e-15,1.4641066137244252e-15,1.4710455076283324e-15,9.64327466553287e-17,-9.922618282587337e-16,-9.853229343548264e-16
direct_dozero,949,1.5543122344752192e-15,1.4432899320127035e-15,1.457167719820518e-15,1.457167719820518e-15,2.8929823996598605e-16,-2.636779683484747e-16,-2.636779683484747e-16
direct_dozero,950,2.220446049250313e-15,2.1094237467877974e-15,2.1371793224034263e-15,1.394717674685353e-15,1.157192959863943e-15,-3.073929999430902e-15,-3.816391647148976e-15
direct_dozero,951,1.6653345369377348e-15,1.6653345369377348e-15,2.1718737919229625e-15,2.157996004115148e-15,5.785964799319719e-16,-1.2129186544029835e-14,-1.214306433183765e-14
direct_dozero,952,1.4432899320127035e-15,1.5543122344752192e-15,1.4502288259166107e-15,1.4502288259166107e-15,4.821637332766433e-16,-6.173464517367222e-13,-6.173464517367222e-13
direct_dozero,953,1.3877787807814457e-15,1.27675647831893e-15,1.4432899320127035e-15,1.4502288259166107e-15,1.9286549331065737e-16,-3.639380463660302e-13,-3.639311074721263e-13
direct_dozero,954,1.27675647831893e-15,1.27675647831893e-15,1.4918621893400541e-15,7.632783294297951e-16,-2.4108186663832183e-16,-6.618386394485753e-13,-6.625672233084856e-13
direct_dozero,955,9.992007221626409e-16,1.1102230246251565e-15,7.7021722333370235e-16,7.494005416219807e-16,-4.339473599489794e-16,-2.6433022437544196e-13,-2.643510410571537e-13
direct_dozero,956,9.992007221626409e-16,1.0547118733938987e-15,7.771561172376096e-16,7.563394355258879e-16,-7.232455999149659e-16,-3.3585634273691767e-13,-3.358771594186294e-13
direct_dozero,957,7.771561172376096e-16,7.771561172376096e-16,7.424616477180734e-16,7.28583859910259e-16,0.0,-2.824129818890242e-15,-2.8380076066980564e-15
direct_dozero,958,7.771561172376096e-16,5.551115123125783e-16,7.494005416219807e-16,7.424616477180734e-16,-9.643274665532872e-17,-4.1147640850169864e-15,-4.121702978920894e-15
direct_dozero,959,4.440892098500626e-16,4.440892098500626e-16,7.355227538141662e-16,0.0,0.0,2.7755575615628914e-17,-7.077671781985373e-16
direct_dozero,960,4.440892098500626e-16,4.440892098500626e-16,7.355227538141662e-16,7.355227538141662e-16,0.0,7.632783294297951e-17,7.632783294297951e-17
direct_dozero,961,4.440892098500626e-16,4.440892098500626e-16,7.28583859910259e-16,7.355227538141662e-16,0.0,2.7755575615628914e-17,3.469446951953614e-17
direct_dozero,962,3.3306690738754696e-16,3.3306690738754696e-16,0.0,-6.938893903907228e-18,0.0,1.3877787807814457e-17,6.938893903907228e-18
direct_dozero,963,4.440892098500626e-16,4.440892098500626e-16,7.355227538141662e-16,7.355227538141662e-16,0.0,1.3877787807814457e-17,1.3877787807814457e-17
direct_dozero,964,3.3306690738754696e-16,3.3306690738754696e-16,0.0,0.0,0.0,2.7755575615628914e-17,2.7755575615628914e-17
direct_dozero,965,3.3306690738754696e-16,3.3306690738754696e-16,0.0,0.0,0.0,3.469446951953614e-17,3.469446951953614e-17
direct_dozero,966,4.440892098500626e-16,4.440892098500626e-16,7.355227538141662e-16,7.355227538141662e-16,9.64327466553287e-17,5.551115123125783e-17,5.551115123125783e-17
direct_dozero,967,5.551115123125783e-16,4.440892098500626e-16,0.0,7.355227538141662e-16,0.0,-6.175615574477433e-16,1.1796119636642288e-16
direct_dozero,968,7.771561172376096e-16,7.771561172376096e-16,7.494005416219807e-16,7.494005416219807e-16,-2.8929823996598625e-16,-5.329070518200751e-15,-5.329070518200751e-15
direct_dozero,969,9.992007221626409e-16,1.1102230246251565e-15,7.771561172376096e-16,7.840950111415168e-16,-8.196783465702948e-16,-3.5101088702305105e-13,-3.5100394812914715e-13
direct_dozero,970,1.27675647831893e-15,1.27675647831893e-15,1.5126788710517758e-15,1.5126788710517758e-15,-7.714619732426304e-16,-7.021744297119881e-13,-7.021744297119881e-13
direct_dozero,971,1.609823385706477e-15,1.4432899320127035e-15,2.248201624865942e-15,1.519617764955683e-15,-6.750292265873015e-16,-8.565231857105005e-13,-8.572517695704107e-13
direct_dozero,972,1.8318679906315083e-15,1.8318679906315083e-15,1.519617764955683e-15,1.4918621893400541e-15,-6.268128532596371e-16,-8.365391712672476e-13,-8.365669268428633e-13
direct_dozero,973,2.1094237467877974e-15,2.1649348980190553e-15,1.9567680809018384e-15,2.6645352591003757e-15,-8.003917972392357e-15,-9.464373729173303e-13,-9.457296057391318e-13
direct_dozero,974,1.7763568394002505e-15,1.7208456881689926e-15,1.700029006457271e-15,1.700029006457271e-15,-4.0983917328514896e-15,-9.842751613753364e-13,-9.842751613753364e-13
direct_dozero,975,1.5543122344752192e-15,1.609823385706477e-15,1.6792123247455493e-15,1.6792123247455493e-15,-3.3269297596088534e-15,-9.19687936917768e-13,-9.19687936917768e-13
direct_dozero,976,1.4432899320127035e-15,1.4988010832439613e-15,1.582067810090848e-15,1.582067810090848e-15,-1.7357894397959204e-15,-8.587713873353664e-13,-8.587713873353664e-13
direct_dozero,977,1.4432899320127035e-15,1.4432899320127035e-15,1.582067810090848e-15,1.6028844918025698e-15,-2.0733040530895722e-15,-8.31425206460068e-13,-8.314043897783563e-13
direct_dozero,978,1.1657341758564144e-15,1.27675647831893e-15,1.5334955527634975e-15,1.519617764955683e-15,-1.0125438398809526e-15,-6.913428163279889e-13,-6.913566941157967e-13
direct_dozero,979,1.2212453270876722e-15,1.27675647831893e-15,8.257283745649602e-16,1.5334955527634975e-15,-1.3982748265022685e-15,-6.636913241209186e-13,-6.6298355694272e-13
direct_dozero,980,9.992007221626409e-16,9.992007221626409e-16,1.5404344466674047e-15,7.840950111415168e-16,-1.1089765865362815e-15,-3.499769918313689e-13,-3.5073333126689477e-13
direct_dozero,981,9.992007221626409e-16,9.992007221626409e-16,1.5404344466674047e-15,1.519617764955683e-15,-1.060760213208617e-15,-3.481590016285452e-13,-3.481798183102569e-13
direct_dozero,982,7.771561172376096e-16,6.661338147750939e-16,7.563394355258879e-16,7.563394355258879e-16,-2.8929823996598625e-16,-5.2735593669694936e-15,-5.2735593669694936e-15
direct_dozero,983,1.27675647831893e-15,1.27675647831893e-15,1.5612511283791264e-15,1.5404344466674047e-15,-1.4947075731575976e-15,-6.55357712542326e-13,-6.553785292240377e-13
direct_dozero,984,1.3877787807814457e-15,1.3877787807814457e-15,1.6306400674181987e-15,1.6028844918025698e-15,-2.7965496530045417e-15,-7.886677422241917e-13,-7.886954977998073e-13
direct_dozero,985,1.609823385706477e-15,1.5543122344752192e-15,1.7208456881689926e-15,1.700029006457271e-15,-3.953742612868495e-15,-8.844175392042075e-13,-8.844383558859192e-13
direct_dozero,986,1.6653345369377348e-15,1.609823385706477e-15,1.8110513089197866e-15,1.8110513089197866e-15,-6.0752630392857514e-15,-9.561934577462239e-13,-9.561934577462239e-13
direct_dozero,987,1.8318679906315083e-15,1.8318679906315083e-15,2.157996004115148e-15,2.1788126858268697e-15,-1.1716578718622597e-14,-9.712369797298948e-13,-9.71216163048183e-13
direct_dozero,988,1.7208456881689926e-15,1.6653345369377348e-15,1.9012569296705806e-15,1.887379141862766e-15,-6.9913741325113875e-15,-9.22081855314616e-13,-9.220957331024238e-13
direct_dozero,989,1.4432899320127035e-15,1.5543122344752192e-15,1.7416623698807143e-15,1.7416623698807143e-15,-4.676988212783468e-15,-8.357411984682983e-13,-8.357411984682983e-13
direct_dozero,990,1.3877787807814457e-15,1.3877787807814457e-15,1.6306400674181987e-15,1.6306400674181987e-15,-2.8447660263322064e-15,-7.788700240318747e-13,-7.788700240318747e-13
direct_dozero,991,1.5543122344752192e-15,1.4432899320127035e-15,1.7486012637846216e-15,1.7486012637846216e-15,-4.773420959438797e-15,-8.248818295086835e-13,-8.248818295086835e-13
direct_dozero,992,1.7763568394002505e-15,1.609823385706477e-15,1.9290125052862095e-15,2.6645352591003757e-15,-7.811052479081697e-15,-8.779921234491894e-13,-8.772566006953753e-13
direct_dozero,993,1.8318679906315083e-15,1.8318679906315083e-15,2.248201624865942e-15,2.2273849431542203e-15,-1.2729122558503577e-14,-9.403103296001802e-13,-9.40331146281892e-13
direct_dozero,994,2.0539125955565396e-15,2.0539125955565396e-15,3.490263633665336e-15,3.462508058049707e-15,-2.1842017117432502e-14,-9.498790642936683e-13,-9.49906819869284e-13
direct_dozero,995,2.1094237467877974e-15,2.1094237467877974e-15,3.2335245592207684e-15,3.2404634531246757e-15,-1.7357894397959515e-14,-9.903189379656396e-13,-9.903119990717357e-13
direct_dozero,996,2.6645352591003757e-15,2.55351295663786e-15,5.100087019371813e-15,4.3576253716537394e-15,-3.625871274240511e-14,-8.567452303154255e-13,-8.574876919631436e-13
direct_dozero,997,2.4980018054066022e-15,2.4980018054066022e-15,2.192690473634684e-15,2.921274333544943e-15,2.8929823996598605e-16,-2.4003715681786275e-13,-2.393085729579525e-13
direct_dozero,998,3.608224830031759e-15,3.608224830031759e-15,4.40619762898109e-15,4.40619762898109e-15,-1.234339157188225e-14,-2.5943830417318736e-13,-2.5943830417318736e-13
direct_dozero,999,2.3869795029440866e-15,2.4980018054066022e-15,2.1441182163073336e-15,2.157996004115148e-15,8.678947198979575e-16,-6.349087922075114e-15,-6.3352101342672995e-15
direct_dozero,1000,2.525757381022231e-15,2.4980018054066022e-15,2.547677346864674e-12,2.547677346864674e-12,-4.276199252982422e-11,-7.145672942243664e-14,-7.145672942243664e-14
direct_dozero,1001,1.915134717478395e-15,1.915134717478395e-15,1.75113495926027e-08,1.7511349689747213e-08,-2.941777405814062e-07,-3.1089714136456337e-13,-3.1079999684990867e-13
direct_dozero,1002,8.881784197001252e-16,9.43689570931383e-16,2.648925443546335e-05,2.648925446136624e-05,-0.0004449999666112616,-3.9842434906844915e-13,-3.7252145812516346e-13
direct_dozero,1003,1.6653345369377348e-16,1.6653345369377348e-16,-0.00015384345354768625,-0.000153843452651653,0.0025844567223522025,-8.660919204039885e-13,2.994132719535969e-14
direct_dozero,1004,0.0,0.0,-0.0014894513793960278,-0.001489451377788012,0.02502168627477184,-1.5751358550808447e-12,3.28799487636644e-14
direct_dozero,1005,0.0,-5.551115123125783e-17,-0.0014447899756412363,-0.0014447899734253908,0.024271407582360377,-2.1662498184138457e-12,4.9595744178176915e-14
direct_dozero,1006,3.885780586188048e-16,3.885780586188048e-16,0.00026699851243047745,0.0002669985131224309,-0.004485378379088366,-1.1094805629774385e-12,-4.1752712398590575e-13
direct_dozero,1007,1.609823385706477e-15,1.6653345369377348e-15,7.991617318660327e-06,7.991617326744138e-06,-0.00013425328554286702,-9.094461295156009e-13,-9.01362318117549e-13
direct_dozero,1008,2.914335439641036e-15,2.8727020762175925e-15,7.679497496249077e-09,7.679497593393592e-09,-1.2900985305324064e-07,-3.8400532753612993e-13,-3.839081830214752e-13
direct_dozero,1009,3.552713678800501e-15,3.524958103184872e-15,4.1996475741434836e-12,4.1996475741434836e-12,-7.048876979913944e-11,-2.998989945268704e-14,-2.998989945268704e-14
direct_dozero,1010,4.718447854656915e-15,4.718447854656915e-15,1.5479138804064263e-11,1.5479145742958167e-11,-2.599638806749742e-10,1.3183898417423734e-16,1.3877787807814457e-16
direct_dozero,1011,4.1494585545365226e-15,4.1147640850169864e-15,1.07455120634814e-08,1.0745511327958646e-08,-1.80516615249832e-07,-3.4303809792746165e-13,-3.437736206812758e-13
direct_dozero,1012,2.6645352591003757e-15,2.6645352591003757e-15,4.443812749055365e-06,4.443812753739118e-06,-7.465278152281936e-05,-1.3601272885743754e-12,-1.355443535189238e-12
direct_dozero,1013,7.771561172376096e-16,8.326672684688674e-16,0.0003352948585758492,0.00033529485906262646,-0.005632706697814329,-2.865922776873475e-12,-2.3791454917265753e-12
direct_dozero,1014,-5.551115123125783e-17,-5.551115123125783e-17,-0.0011249362058654566,-0.0011249362031755111,0.018898099804849692,-2.8319395439790895e-12,-1.4199405540260557e-13
direct_dozero,1015,-3.3306690738754696e-16,-3.3306690738754696e-16,-0.0005150129291409122,-0.0005150129264311215,0.00865183793083967,-5.096097155377066e-12,-2.3863064302354076e-12
direct_dozero,1016,1.4988010832439613e-15,1.4432899320127035e-15,0.0003039855937356714,0.0003039855940855929,-0.005106734106052327,-5.184998264073926e-12,-4.835076783393788e-12
direct_dozero,1017,4.107825191113079e-15,4.08006961549745e-15,4.848295711332162e-06,4.848295716564088e-06,-8.14477973859317e-05,-1.4177131690829015e-12,-1.4124812430793554e-12
direct_dozero,1018,5.530298441414061e-15,5.500808142322455e-15,2.406091977047442e-08,2.4060919777413314e-08,-4.042056333724756e-07,-2.335631688055173e-13,-2.335562299116134e-13
direct_dozero,1019,4.9404924595819466e-15,4.9404924595819466e-15,3.5357793082280153e-11,3.535852860503397e-11,-5.939109166180273e-10,-5.419276138951545e-15,-4.683753385137379e-15
direct_dozero,1020,3.774758283725532e-15,3.774758283725532e-15,9.804657086220914e-15,9.783840404509192e-15,-1.0279730793459257e-13,-5.237962841242449e-13,-5.238171008059567e-13
direct_dozero,1021,3.497202527569243e-15,3.497202527569243e-15,4.431871536425547e-14,4.427014310692812e-14,-6.822616825869865e-13,-5.167186123422596e-13,-5.167671845995869e-13
direct_dozero,1022,2.4424906541753444e-15,2.4980018054066022e-15,6.224187831804784e-15,6.95971058561895e-15,-6.731005716542465e-14,-8.545733565235025e-13,-8.538378337696884e-13
direct_dozero,1023,2.4424906541753444e-15,2.4424906541753444e-15,7.78543896018391e-15,7.764622278472189e-15,-8.124458905712204e-14,-8.151465613615017e-13,-8.151673780432134e-13
direct_dozero,1024,3.2751579226442118e-15,3.2751579226442118e-15,7.237266341775239e-14,7.306655280814311e-14,-1.1662094216777836e-12,-4.74655037496774e-13,-4.739611481063832e-13
direct_dozero,1025,4.884981308350689e-15,4.829470157119431e-15,7.331203005778164e-11,7.331130147392173e-11,-1.2315017700130409e-09,-9.645062526431047e-15,-1.0373646386341306e-14
direct_dozero,1026,5.988265439071938e-15,5.9674487573602164e-15,3.716648072638051e-08,3.7166480816586134e-08,-6.243694065918165e-07,-1.848798891757042e-13,-1.847896835549534e-13
direct_dozero,1027,5.9396931817445875e-15,5.9119376061289586e-15,6.899384288300281e-06,6.899384296106537e-06,-0.00011590457492759377,-1.1551315459712441e-12,-1.1473252903293485e-12
direct_dozero,1028,2.609024107869118e-15,2.6645352591003757e-15,0.0003057603010080054,0.0003057603013568236,-0.005136547881241477,-5.5819515676347464e-12,-5.23313337108533e-12
direct_dozero,1029,-9.43689570931383e-16,-9.992007221626409e-16,8.113778868974048e-05,8.113779146437516e-05,-0.0013630550964760452,-1.3393723630183985e-11,-1.0619088941510313e-11
direct_dozero,1030,-1.9984014443252818e-15,-1.9984014443252818e-15,0.00033595841052815045,0.00033595841415472866,-0.005643853882006454,-1.8944998347869557e-11,-1.5318420143461964e-11
direct_dozero,1031,4.524158825347513e-15,4.524158825347513e-15,0.00032770885201505867,0.00032770885244948894,-0.0055052673742227755,-4.552379306854704e-12,-4.11794903731888e-12
direct_dozero,1032,6.786238238021269e-15,6.772360450213455e-15,8.257271586362136e-06,8.25727159600026e-06,-0.00013871608151316966,-9.874184803138064e-13,-9.777803566812793e-13
direct_dozero,1033,6.151329445813758e-15,6.130512764102036e-15,5.292676732993051e-08,5.292676815565889e-08,-8.891306146527841e-07,-1.425456974679662e-13,-1.4171996909340123e-13
direct_dozero,1034,4.690692279041286e-15,4.690692279041286e-15,9.228127290095145e-11,9.228200842370526e-11,-1.5501838885838425e-09,-1.1206313654810174e-14,-1.0470790900996008e-14
direct_dozero,1035,3.219646771412954e-15,3.219646771412954e-15,8.623657343775903e-14,8.550798957784878e-14,-1.3872332770124468e-12,-4.478362125581725e-13,-4.485647964180828e-13
direct_dozero,1036,2.3869795029440866e-15,2.3869795029440866e-15,7.348288644237755e-15,7.299716386910404e-15,-8.616265913654474e-14,-7.896808207341621e-13,-7.897293929914895e-13
direct_dozero,1037,2.0539125955565396e-15,2.0539125955565396e-15,2.8727020762175925e-15,2.8449465006019636e-15,-2.343315743724551e-14,-9.199585537800203e-13,-9.19986309355636e-13
direct_dozero,1038,1.9984014443252818e-15,1.9984014443252818e-15,3.649858193455202e-15,2.914335439641036e-15,-2.4349268530471183e-14,-8.851114285945982e-13,-8.858469513484124e-13
direct_dozero,1039,1.8318679906315083e-15,1.887379141862766e-15,2.275957200481571e-15,3.00454106039183e-15,-1.3693450025056894e-14,-9.049427873719651e-13,-9.042142035120548e-13
direct_dozero,1040,1.8318679906315083e-15,1.887379141862766e-15,2.2690183065776637e-15,2.248201624865942e-15,-1.3693450025056894e-14,-8.968173426104897e-13,-8.968381592922015e-13
direct_dozero,1041,1.6653345369377348e-15,1.609823385706477e-15,2.6645352591003757e-15,1.949829186997931e-15,-7.955701599064691e-15,-8.671743878529981e-13,-8.678890939251005e-13
direct_dozero,1042,1.9984014443252818e-15,1.9984014443252818e-15,3.670674875166924e-15,3.649858193455202e-15,-2.454213402378185e-14,-8.786582572639645e-13,-8.786790739456762e-13
direct_dozero,1043,2.3869795029440866e-15,2.3869795029440866e-15,8.222589276130066e-15,7.4870665223159e-15,-8.900742516287752e-14,-7.613007446671816e-13,-7.620362674209957e-13
direct_dozero,1044,3.219646771412954e-15,3.164135620181696e-15,9.005296508490801e-14,9.010153734223536e-14,-1.464090176096996e-12,-4.339723025381659e-13,-4.3392373028083853e-13
direct_dozero,1045,4.551914400963142e-15,4.551914400963142e-15,9.93264151483153e-11,9.932558248104684e-11,-1.6685229252207748e-09,-1.0373646386341306e-14,-1.1206313654810174e-14
direct_dozero,1046,6.026429355543428e-15,6.00908212078366e-15,5.848484647963392e-08,5.848484583431679e-08,-9.825022392915145e-07,-1.2463641230198164e-13,-1.25281729435045e-13
direct_dozero,1047,7.382983113757291e-15,7.382983113757291e-15,9.477002299147774e-06,9.477002310354088e-06,-0.00015920665921144038,-8.083256286539608e-13,-7.971193149991507e-13
direct_dozero,1048,5.745404152435185e-15,5.717648576819556e-15,0.0003361004482459809,0.00033610044872595807,-0.005646240010924347,-3.963010475338535e-12,-3.4830333062174645e-12
direct_dozero,1049,-2.7200464103316335e-15,-2.831068712794149e-15,0.0003239054487556431,0.00032390545293752016,-0.005441373000583478,-1.562481394268289e-11,-1.1442936875827314e-11
direct_dozero,1050,-2.831068712794149e-15,-2.886579864025407e-15,0.00028602521252512475,0.000286025216613868,-0.004805012928619623,-1.3391697473164044e-11,-9.30295424028671e-12
direct_dozero,1051,6.966649479522857e-15,6.938893903907228e-15,0.00034054496072757207,0.0003405449612358391,-0.005720904547465105,-3.3544417243902558e-12,-2.8461746848229552e-12
direct_dozero,1052,7.396860901565105e-15,7.396860901565105e-15,9.82142797095742e-06,9.821427982899256e-06,-0.0001649927568466252,-7.253919687144617e-13,-7.134501323058373e-13
direct_dozero,1053,5.904998712225051e-15,5.88418203051333e-15,6.023235645663538e-08,6.0232356546841e-08,-1.011859130701565e-06,-1.1719097914308918e-13,-1.1710077352233839e-13
direct_dozero,1054,4.496403249731884e-15,4.496403249731884e-15,1.0155419560842205e-10,1.0155346008566823e-10,-1.7059486672086002e-09,-1.0560996521746802e-14,-1.1296519275560968e-14
direct_dozero,1055,3.164135620181696e-15,3.0531133177191805e-15,9.239137233052475e-14,9.239831122442865e-14,-1.5030972221192098e-12,-4.202818648657569e-13,-4.20274925971853e-13
direct_dozero,1056,2.3314683517128287e-15,2.3314683517128287e-15,7.4870665223159e-15,7.4870665223159e-15,-8.910385790953287e-14,-7.560688186636355e-13,-7.560688186636355e-13
direct_dozero,1057,3.1086244689504383e-15,3.1086244689504383e-15,9.32171007050897e-14,9.248851684517945e-14,-1.504495496945717e-12,-4.169303791101697e-13,-4.1765896297008e-13
direct_dozero,1058,4.440892098500626e-15,4.413136522884997e-15,1.0261261285116063e-10,1.0261261285116063e-10,-1.7237419555279664e-09,-1.0748346657152297e-14,-1.0748346657152297e-14
direct_dozero,1059,5.828670879282072e-15,5.814793091474257e-15,6.074523675736465e-08,6.074523684757027e-08,-1.0204751428578208e-06,-1.1315254289101517e-13,-1.1306233727026438e-13
direct_dozero,1060,7.299716386910404e-15,7.299716386910404e-15,9.919674477665286e-06,9.919674489974883e-06,-0.00016664322580603938,-6.846120892411989e-13,-6.723024914556675e-13
direct_dozero,1061,7.244205235679146e-15,7.188694084447889e-15,0.00034091372432067807,0.00034091372482830673,-0.005727099504241841,-3.071015663991261e-12,-2.56338700266312e-12
direct_dozero,1062,-2.609024107869118e-15,-2.609024107869118e-15,0.00025770503535438305,0.00025770503916042187,-0.004329254808394951,-1.1169877522920757e-11,-7.363838705476411e-12
direct_dozero,1063,-2.4702462297909733e-15,-2.4424906541753444e-15,0.00024991747898465283,0.00024991748264108216,-0.004198429596503954,-1.0229025959596072e-11,-6.57259663361387e-12
direct_dozero,1064,7.244205235679146e-15,7.188694084447889e-15,0.0003409008413002568,0.0003409008418044923,-0.005726883078987975,-2.929302633791764e-12,-2.4250670915826333e-12
direct_dozero,1065,7.216449660063518e-15,7.202571872255703e-15,9.947072021593284e-06,9.947072033993087e-06,-0.00016710348436783232,-6.644962358137718e-13,-6.520964324074896e-13
direct_dozero,1066,5.738465258531278e-15,5.7245874707234634e-15,6.09551345856496e-08,6.095513385012685e-08,-1.024001271579001e-06,-1.0910716774503726e-13,-1.0984269049885143e-13
direct_dozero,1067,4.440892098500626e-15,4.413136522884997e-15,1.026452187136151e-10,1.026452187136151e-10,-1.7242894042329018e-09,-1.083855227790309e-14,-1.083855227790309e-14
direct_dozero,1068,5.717648576819556e-15,5.707240235963695e-15,6.096083465800817e-08,6.096083401269103e-08,-1.0240970300526042e-06,-1.084687895058778e-13,-1.0911410663894117e-13
direct_dozero,1069,7.119305145408816e-15,7.105427357601002e-15,9.959656239025283e-06,9.959656251702642e-06,-0.00016731488995353155,-6.444775269009995e-13,-6.31800167738561e-13
direct_dozero,1070,7.188694084447889e-15,7.16093850883226e-15,0.0003408836354873365,0.0003408836359889908,-0.005726594034000694,-2.858387138093832e-12,-2.356732864416955e-12
direct_dozero,1071,-2.3869795029440866e-15,-2.4147350785597155e-15,0.00024774354299164636,0.00024774354657387115,-0.004161909072793151,-9.78477715518622e-12,-6.202552360612401e-12
direct_dozero,1072,-2.3592239273284576e-15,-2.3314683517128287e-15,0.0002471491835574005,0.0002471491871037096,-0.0041519242720109845,-9.570039205542002e-12,-6.023730125814808e-12
direct_dozero,1073,7.049916206369744e-15,7.049916206369744e-15,0.0003408738498358946,0.0003408738503345235,-0.005726429642275767,-2.7884083930729275e-12,-2.289779477138154e-12
direct_dozero,1074,7.0915495697931874e-15,7.077671781985373e-15,9.960022236264743e-06,9.96002224958048e-06,-0.00016732103844880074,-6.407999131319286e-13,-6.274841757303307e-13
direct_dozero,1075,7.049916206369744e-15,6.994405055138486e-15,0.000340873488439343,0.0003408734889379719,-0.0057264235710800925,-2.7743571329175154e-12,-2.275728216982742e-12
direct_dozero,1076,-2.3314683517128287e-15,-2.3314683517128287e-15,0.0002468975269198509,0.0002468975304308896,-0.004147696625830345,-9.360262565039079e-12,-5.849223883025445e-12
direct_dozero,1077,-2.3314683517128287e-15,-2.3314683517128287e-15,0.00024689051168923226,0.00024689051519338756,-0.004147578775123883,-9.317928373331341e-12,-5.813773074070383e-12
direct_dozero,1078,4.440892098500626e-16,4.440892098500626e-16,-1.3877787807814457e-17,0.0,9.64327466553287e-17,3.469446951953614e-17,4.85722573273506e-17
direct_dozero,1079,3.3306690738754696e-16,4.440892098500626e-16,0.0,7.355227538141662e-16,0.0,-7.147060721024445e-16,2.0816681711721685e-17
direct_dozero,1080,3.3306690738754696e-16,3.3306690738754696e-16,0.0,0.0,0.0,0.0,0.0
direct_dozero,1081,3.3306690738754696e-16,3.3306690738754696e-16,0.0,0.0,0.0,0.0,0.0
direct_dozero,1082,3.3306690738754696e-16,3.3306690738754696e-16,0.0,0.0,0.0,0.0,0.0
direct_dozero,1083,4.440892098500626e-16,4.440892098500626e-16,0.0,0.0,0.0,0.0,0.0
direct_dozero,1084,3.3306690738754696e-16,3.3306690738754696e-16,0.0,0.0,0.0,6.938893903907228e-18,6.938893903907228e-18
direct_dozero,1085,3.3306690738754696e-16,3.3306690738754696e-16,7.355227538141662e-16,7.355227538141662e-16,0.0,0.0,0.0
direct_dozero,1086,3.3306690738754696e-16,3.3306690738754696e-16,7.355227538141662e-16,7.355227538141662e-16,0.0,0.0,0.0
direct_dozero,1087,4.440892098500626e-16,3.3306690738754696e-16,7.355227538141662e-16,7.355227538141662e-16,0.0,0.0,0.0
direct_dozero,1088,2.220446049250313e-16,2.220446049250313e-16,7.355227538141662e-16,7.355227538141662e-16,0.0,0.0,0.0
direct_dozero,1089,0.0,0.0,0.0,0.0,0.0,0.0,0.0
direct_dozero,1090,1.1102230246251565e-16,1.1102230246251565e-16,0.0,0.0,0.0,0.0,0.0
direct_dozero,1091,0.0,0.0,0.0,0.0,0.0,0.0,0.0
direct_dozero,1092,0.0,0.0,0.0,0.0,0.0,0.0,0.0
direct_dozero,1093,1.1102230246251565e-16,1.1102230246251565e-16,0.0,0.0,0.0,0.0,0.0
direct_dozero,1094,0.0,0.0,0.0,0.0,0.0,0.0,0.0
direct_dozero,1095,1.1102230246251565e-16,1.1102230246251565e-16,0.0,0.0,0.0,0.0,0.0
direct_dozero,1096,0.0,0.0,0.0,0.0,0.0,0.0,0.0
direct_dozero,1097,0.0,0.0,0.0,0.0,0.0,0.0,0.0
direct_dozero,1098,0.0,0.0,0.0,0.0,0.0,0.0,0.0
direct_dozero,1099,0.0,0.0,0.0,0.0,0.0,0.0,0.0
direct_dozero,1100,0.0,0.0,0.0,0.0,0.0,0.0,0.0
direct_dozero,1101,0.0,0.0,0.0,0.0,0.0,0.0,0.0
direct_dozero,1102,0.0,0.0,0.0,0.0,0.0,0.0,0.0
direct_dozero,1103,3.3306690738754696e-16,3.3306690738754696e-16,7.355227538141662e-16,7.355227538141662e-16,0.0,0.0,0.0
direct_dozero,1104,4.440892098500626e-16,4.440892098500626e-16,7.355227538141662e-16,7.355227538141662e-16,0.0,0.0,0.0
direct_dozero,1105,2.220446049250313e-16,2.220446049250313e-16,0.0,0.0,0.0,0.0,0.0
direct_dozero,1106,3.3306690738754696e-16,3.3306690738754696e-16,0.0,0.0,0.0,0.0,0.0
direct_dozero,1107,3.3306690738754696e-16,3.3306690738754696e-16,7.355227538141662e-16,7.355227538141662e-16,0.0,0.0,0.0
direct_dozero,1108,2.220446049250313e-16,2.220446049250313e-16,7.355227538141662e-16,7.355227538141662e-16,0.0,0.0,0.0
direct_dozero,1109,3.3306690738754696e-16,3.3306690738754696e-16,7.355227538141662e-16,7.355227538141662e-16,0.0,0.0,0.0
direct_dozero,1110,3.3306690738754696e-16,3.3306690738754696e-16,7.355227538141662e-16,7.355227538141662e-16,0.0,0.0,0.0
direct_dozero,1111,3.3306690738754696e-16,3.3306690738754696e-16,7.355227538141662e-16,7.355227538141662e-16,0.0,0.0,0.0
direct_dozero,1112,3.3306690738754696e-16,3.3306690738754696e-16,0.0,1.3877787807814457e-17,0.0,-1.3877787807814457e-17,0.0
direct_dozero,1113,0.0,0.0,0.0,0.0,0.0,0.0,0.0
direct_dozero,1114,1.3877787807814457e-17,1.3877787807814457e-17,7.350086511648257e-11,7.350076797196792e-11,-1.2347601843154029e-09,0.0,-9.71445146547012e-17
direct_dozero,1115,0.0,5.551115123125783e-17,1.0435258849667006e-06,1.0435258847862894e-06,-1.7530466366114062e-05,0.0,-1.8041124150158794e-16
direct_dozero,1116,0.0,0.0,-5.1689173070586236e-05,-5.168917306489634e-05,0.0008683400413494181,-5.689893001203927e-15,0.0
direct_dozero,1117,0.0,0.0,-9.299462155572952e-05,-9.299462154489097e-05,0.0015622411567090336,-1.083855227790309e-14,0.0
direct_dozero,1118,0.0,0.0,-0.0005643976068467407,-0.0005643976068175419,0.009481464147206688,-2.901845430614003e-14,1.8041124150158794e-16
direct_dozero,1119,0.0,0.0,-0.00067812673924382,-0.0006781267391969825,0.011392029816220556,-4.646977247446671e-14,3.677613769070831e-16
direct_dozero,1120,-1.1102230246251565e-16,-1.1102230246251565e-16,-0.0006698718575648029,-0.0006698718575175941,0.011253353883281273,-4.7024883986779287e-14,1.8388068845354155e-16
direct_dozero,1121,0.0,0.0,-0.0006834915819643843,-0.0006834915819057853,0.011482155223016013,-5.823119764158946e-14,3.677613769070831e-16
direct_dozero,1122,0.0,0.0,-0.0005323538826588585,-0.0005323538826142206,0.008943153179291374,-4.445402379538166e-14,1.8388068845354155e-16
direct_dozero,1123,0.0,0.0,-0.0005216442786793729,-0.0005216442786310643,0.008763239719469722,-4.812469867054858e-14,1.8388068845354155e-16
direct_dozero,1124,0.0,0.0,-0.0003727836520435422,-0.00037278365201139606,0.00626249081965802,-3.196228004487267e-14,1.8388068845354155e-16
direct_dozero,1125,0.0,0.0,-0.0003649643393235022,-0.00036496433929099,0.0061311321244591445,-3.251218738675732e-14,0.0
direct_dozero,1126,0.0,0.0,-0.0002376554981711968,-0.0002376554981519093,0.0039924373490623786,-1.928752296764813e-14,0.0
direct_dozero,1127,0.0,0.0,-0.00023423489337283648,-0.00023423489335336594,0.003934973707538186,-1.9470536294363683e-14,0.0
direct_dozero,1128,0.0,0.0,-0.00012237919678214975,-0.00012237919677333302,0.0020558803803881823,-8.816732066652122e-15,0.0
direct_dozero,1129,-1.1102230246251565e-16,-1.1102230246251565e-16,-0.00012063498952892288,-0.00012063498951992184,0.002026578983046485,-9.001046435974658e-15,0.0
direct_dozero,1130,0.0,0.0,0.0,0.0,0.0,0.0,0.0
direct_dozero,1131,0.0,0.0,0.0,0.0,0.0,0.0,0.0
direct_dozero,1132,0.0,0.0,-0.00012406399511318824,-0.00012406399510437108,0.0020841837515870563,-8.817165747521116e-15,0.0
direct_dozero,1133,0.0,0.0,0.0,0.0,0.0,0.0,0.0
direct_dozero,1134,0.0,0.0,-0.00012646210533344025,-0.00012646210532480696,0.002124470237212719,-8.633285059067575e-15,0.0
direct_dozero,1135,0.0,0.0,0.0,0.0,0.0,0.0,0.0
direct_dozero,1136,0.0,0.0,-0.00012978687870367732,-0.00012978687869522748,0.0021803239813195483,-8.449838051483027e-15,0.0
direct_dozero,1137,0.0,0.0,0.0,0.0,0.0,0.0,0.0
direct_dozero,1138,0.0,0.0,-0.0001341855828834197,-0.00013418558287515373,0.00225421897213567,-8.265957363029486e-15,0.0
direct_dozero,1139,0.0,0.0,0.0,0.0,0.0,0.0,0.0
direct_dozero,1140,0.0,0.0,-0.00013951378349599287,-0.00013951378348809468,0.0023437288184976427,-7.898195986122403e-15,0.0
direct_dozero,1141,0.0,0.0,0.0,0.0,0.0,0.0,0.0
direct_dozero,1142,0.0,0.0,-0.00014486204871981372,-0.0001448620487126493,0.0024335757355559906,-7.164407955784213e-15,0.0
direct_dozero,1143,0.0,0.0,0.0,0.0,0.0,0.0,0.0
direct_dozero,1144,0.0,0.0,-0.00014768349746937647,-0.0001476834974623968,0.002480973996703742,-6.979659905592683e-15,0.0
direct_dozero,1145,0.0,0.0,0.0,0.0,0.0,0.0,0.0
direct_dozero,1146,0.0,0.0,-0.00027595012136581894,-0.0002759501213524095,0.004635758816847951,-1.3409412469300719e-14,0.0
direct_dozero,1147,0.0,0.0,-0.000272873367882143,-0.00027287336786763206,0.004584071624182611,-1.451096187654599e-14,0.0
direct_dozero,1148,0.0,0.0,-0.0002654560984049585,-0.0002654560983887926,0.004459466959375951,-1.6165888072627865e-14,0.0
direct_dozero,1149,0.0,0.0,-0.00025674449563117645,-0.00025674449561372686,0.004313118448395027,-1.7449583444850703e-14,0.0
direct_dozero,1150,0.0,0.0,-0.0002487957521696803,-0.0002487957521513113,0.004179585412054502,-1.836898688711841e-14,0.0
direct_dozero,1151,0.0,0.0,-0.00024242016772219478,-0.000242420167703275,0.004072480288604591,-1.8919761590741047e-14,0.0
direct_dozero,1152,0.0,0.0,-0.0003825879359141693,-0.0003825879358838602,0.006427195568372114,-3.0309088572266774e-14,0.0
direct_dozero,1153,0.0,0.0,-0.0005401849056029112,-0.0005401849055637863,0.009074708597633313,-3.8941072588727366e-14,1.8388068845354155e-16
direct_dozero,1154,0.0,0.0,-0.0006343216324109814,-0.0006343216323766304,0.010656136281485611,-3.416711358283919e-14,1.8388068845354155e-16
direct_dozero,1155,0.0,0.0,-0.0004592728979847596,-0.0004592728979669475,0.007715446456894955,-1.7631729409828267e-14,1.8041124150158794e-16
direct_dozero,1156,0.0,0.0,-4.4159867305972045e-05,-4.415986730174626e-05,0.0007418532494232728,-4.225786387479502e-15,0.0
direct_dozero,1157,0.0,0.0,-0.0004128628100327561,-0.00041286281001935016,0.006935791157782115,-1.3405943022348765e-14,0.0
direct_dozero,1158,0.0,0.0,-0.0005802769809502631,-0.0005802769809265668,0.009748225937858514,-2.3512441993389643e-14,1.8388068845354155e-16
direct_dozero,1159,0.0,0.0,-0.0005394722773734081,-0.0005394722773419992,0.009062736968192438,-3.140890325603607e-14,0.0
direct_dozero,1160,0.0,0.0,-0.00039343483546987017,-0.00039343483544158203,0.006609415492760142,-2.8104255034300252e-14,1.8388068845354155e-16
direct_dozero,1161,0.0,0.0,-0.00040278225386728046,-0.00040278225384285035,0.0067664452379779865,-2.4430110712181374e-14,0.0
direct_dozero,1162,0.0,0.0,-0.0005262725029014821,-0.000526272502877418,0.00884099047796919,-2.4064084058750268e-14,0.0
direct_dozero,1163,0.0,0.0,-0.0005468381624168725,-0.0005468381623979536,0.009186478412348974,-1.8735013540549517e-14,1.8388068845354155e-16
direct_dozero,1164,0.0,0.0,-0.000513410134480842,-0.0005134101344606359,0.008624912160930582,-2.0022178359724307e-14,1.8388068845354155e-16
direct_dozero,1165,0.0,0.0,-0.0004070183166334229,-0.000407018316613033,0.006837607972821326,-2.038993973663139e-14,0.0
direct_dozero,1166,0.0,0.0,-0.0004062863838677558,-0.0004062863838495724,0.0068253120413850074,-1.8183371475188892e-14,0.0
direct_dozero,1167,0.0,0.0,0.0,0.0,0.0,0.0,0.0
direct_dozero,1168,0.0,0.0,-0.00011862031344589321,-0.0001186203134368926,0.001992733908549215,-9.000612755105664e-15,0.0
direct_dozero,1169,0.0,0.0,0.0,0.0,0.0,0.0,0.0
direct_dozero,1170,0.0,0.0,-0.00011629196644300909,-0.0001162919664338246,0.001953619393599937,-9.000612755105664e-15,1.8388068845354155e-16
direct_dozero,1171,0.0,0.0,0.0,0.0,0.0,0.0,0.0
direct_dozero,1172,0.0,0.0,-0.00011360147978957489,-0.0001136014797803904,0.0019084211992166525,-9.184493443559205e-15,0.0
direct_dozero,1173,0.0,0.0,0.0,0.0,0.0,0.0,0.0
direct_dozero,1174,0.0,0.0,-0.00011049599730810367,-0.00011049599729910306,0.001856251380547877,-9.000612755105664e-15,0.0
direct_dozero,1175,0.0,0.0,0.0,0.0,0.0,0.0,0.0
direct_dozero,1176,0.0,0.0,-0.00010692033642899874,-0.00010692033641999813,0.0017961829110550174,-9.000612755105664e-15,0.0
direct_dozero,1177,0.0,0.0,-0.00020880189875698528,-0.00020880189873677922,0.003507718127992447,-2.0022178359724307e-14,1.8388068845354155e-16
direct_dozero,1178,0.0,0.0,-0.00032537752879118094,-0.00032537752875646565,0.005466102861022858,-3.45331402362703e-14,1.8214596497756474e-16
direct_dozero,1179,0.0,0.0,-0.00046743690668007813,-0.00046743690662460514,0.00785259579063259,-5.529084134980877e-14,1.8214596497756474e-16
direct_dozero,1180,0.0,0.0,-0.0006429669306605504,-0.000642966930577523,0.01080137092528753,-8.265957363029486e-14,3.677613769070831e-16
direct_dozero,1181,0.0,0.0,-0.0008312416371085221,-0.0008312416369972049,0.013964247339644402,-1.1076556338807109e-13,5.516420653606247e-16
direct_dozero,1182,0.0,0.0,-0.0008671791569505524,-0.0008671791568291287,0.01456797120697887,-1.2050083153525293e-13,9.228728892196614e-16
direct_dozero,1183,0.0,0.0,-0.0002364178504934214,-0.00023641785043133218,0.003971645779536123,-6.098593852144063e-14,1.1032841307212493e-15
direct_dozero,1184,1.1102230246251565e-16,1.1102230246251565e-16,3.472642543168869e-06,3.472642544091742e-06,-5.83378373158249e-05,-7.355227538141662e-16,1.8735013540549517e-16
direct_dozero,1185,2.220446049250313e-16,1.6653345369377348e-16,7.85519566059989e-11,7.85519566059989e-11,-1.319614878142223e-09,2.7755575615628914e-16,2.7755575615628914e-16
direct_dozero,1186,2.220446049250313e-16,1.6653345369377348e-16,4.85722573273506e-17,4.85722573273506e-17,-7.232455999149659e-16,6.938893903907228e-17,6.938893903907228e-17
direct_dozero,1187,1.8041124150158794e-16,1.249000902703301e-16,2.61110577604029e-13,2.6038199374411874e-13,-4.374334037427723e-12,4.579669976578771e-16,-2.706168622523819e-16
direct_dozero,1188,1.6653345369377348e-16,1.1102230246251565e-16,2.437067899221934e-07,2.4370679010954355e-07,-4.0940945952632785e-06,1.8041124150158794e-16,3.677613769070831e-16
direct_dozero,1189,0.0,0.0,-5.873763132343418e-05,-5.87376312949639e-05,0.00098674894919811,-2.7922109069322687e-14,5.48172618408671e-16
direct_dozero,1190,0.0,0.0,-0.000791628288112127,-0.0007916282880092579,0.013298772249556418,-1.021335793716105e-13,7.355227538141662e-16
direct_dozero,1191,0.0,0.0,-0.0008317424531860095,-0.0008317424530827761,0.013972660680920203,-1.0268175199001917e-13,5.516420653606247e-16
direct_dozero,1192,0.0,0.0,-0.0006580335985112741,-0.0006580335984321048,0.011054479849410251,-7.898542930817598e-14,1.8388068845354155e-16
direct_dozero,1193,0.0,0.0,-0.0004821728189771425,-0.00048217281892277107,0.008100148265032565,-5.4187557219087523e-14,1.8388068845354155e-16
direct_dozero,1194,0.0,0.0,-0.0003362424871205024,-0.0003362424870861514,0.005648626159514068,-3.4350994271292734e-14,0.0
direct_dozero,1195,0.0,0.0,-0.00021563049473328003,-0.00021563049471344173,0.003622433511510343,-1.9838297671270766e-14,0.0
direct_dozero,1196,0.0,0.0,-0.00022145453024275622,-0.00022145453022273318,0.003720273018986563,-1.9839165033008754e-14,1.8388068845354155e-16
direct_dozero,1197,-5.551115123125783e-17,-5.551115123125783e-17,-0.0003453056971140303,-0.0003453056970800488,0.00580088141284914,-3.3981498170909674e-14,0.0
direct_dozero,1198,0.0,0.0,-0.000493938356822942,-0.0004939383567700399,0.008297800636174645,-5.290212712338871e-14,0.0
direct_dozero,1199,0.0,0.0,-0.0006685879779377429,-0.0006685879778616927,0.011231785651054359,-7.568251580991614e-14,3.677613769070831e-16
direct_dozero,1200,-1.1102230246251565e-16,-1.1102230246251565e-16,-0.0008255503256596741,-0.0008255503255648888,0.013868637498639941,-9.423364866201211e-14,5.516420653606247e-16
direct_dozero,1201,0.0,0.0,-0.0006679356038323536,-0.000667935603753736,0.011220826246520262,-7.806949531286023e-14,5.48172618408671e-16
direct_dozero,1202,0.0,0.0,1.270329183817448e-05,1.2703291846632991e-05,-0.0002134059476065191,-7.903400156550333e-15,5.551115123125783e-16
direct_dozero,1203,1.1102230246251565e-16,8.326672684688674e-17,6.0828796097367466e-09,6.0828796097367466e-09,-1.0218789826723416e-07,6.453171330633722e-16,6.453171330633722e-16
direct_dozero,1204,0.0,5.551115123125783e-17,7.896613773310246e-06,7.896613774961703e-06,-0.00013265729597003838,-1.8318679906315083e-15,-1.8041124150158794e-16
direct_dozero,1205,0.0,0.0,-0.0004885829907792169,-0.000488582990728334,0.008207834430570262,-5.051514762044462e-14,3.677613769070831e-16
direct_dozero,1206,0.0,0.0,-0.0008053687147299635,-0.0008053687146474843,0.013529601297666654,-8.192752032343265e-14,5.516420653606247e-16
direct_dozero,1207,0.0,0.0,-0.0006764028962743217,-0.0006764028962021329,0.011363070523852143,-7.200490204084531e-14,1.8388068845354155e-16
direct_dozero,1208,0.0,0.0,-0.0005032945325333833,-0.0005032945324814006,0.0084549774977957,-5.179884299266746e-14,1.8388068845354155e-16
direct_dozero,1209,0.0,0.0,-0.0003528526606814738,-0.0003528526606478583,0.005927664842855803,-3.361547151747857e-14,0.0
direct_dozero,1210,0.0,0.0,-0.00022641389284318563,-0.00022641389282334733,0.003803586658377557,-1.9838297671270766e-14,0.0
direct_dozero,1211,0.0,0.0,-0.00023063643146001723,-0.0002306364314405467,0.003874522197473522,-1.9470536294363683e-14,0.0
direct_dozero,1212,-1.1102230246251565e-16,-1.1102230246251565e-16,-0.00035913763062886406,-0.00035913763059561635,0.006033247709437958,-3.3247710140571485e-14,0.0
direct_dozero,1213,0.0,0.0,-0.0005115192506968003,-0.0005115192506464708,0.008593146705892108,-5.0329532208515104e-14,0.0
direct_dozero,1214,0.0,0.0,-0.0006830092904297931,-0.0006830092903629299,0.011474053080416715,-6.649542028114297e-14,3.677613769070831e-16
direct_dozero,1215,0.0,0.0,-0.0007599011406232981,-0.0007599011405573543,0.012765779537043755,-6.557601683887526e-14,3.677613769070831e-16
direct_dozero,1216,0.0,0.0,-0.0002664749829156404,-0.0002664749828895502,0.004476583468804495,-2.5902890943285684e-14,1.8735013540549517e-16
