state,variant,target_row_node,edge_class,edge_id,carrier,node0,node1,row_node,column_node,row_endpoint,column_endpoint,length_m,couple_m,qfp_drive_V_m,d_qfp_drive_d_column_per_m,mobility_m2_V_s,d_mobility_d_column_m2_V2_s,bernoulli_node0,bernoulli_node1,carrier_density_node0_m3,carrier_density_node1_m3,flux_physical,flux_scaled,row_sign,production_frozen_mobility_derivative_physical,frozen_mobility_fd_derivative_physical,live_mobility_fd_derivative_physical,mobility_response_derivative_physical,live_minus_frozen_fd_derivative_physical,bernoulli_qfp_derivative_physical,carrier_population_derivative_physical,production_row_derivative_scaled,live_mobility_row_derivative_scaled,row_constrained,column_constrained,contact_eliminated_production_edge_derivative,contact_identity_entry,continuity_row_weight,solver_production_edge_derivative,solver_contact_identity_entry
n17_vd_0p05_vg_0,baseline,991,internal,2091,electron,986,991,991,986,1,0,6.4696812499999939e-10,3.8864649999999965e-08,0,0,0.00043709809994140945,0,1.0006256438328525,0.99937461701182517,3.2004666053200116e+26,3.2044729804018841e+26,0,0,-1,-8.4088329337664476e+26,-8.4088329337874181e+26,-8.4088319237198449e+26,0,1.0100675731911606e+20,0,-8.4088329337664476e+26,1835.9571421166431,1835.9569215863639,0,0,1835.9571421166431,0,1,1835.9571421166431,0
n17_vd_0p05_vg_0,baseline,991,internal,2091,electron,986,991,991,991,1,1,6.4696812499999939e-10,3.8864649999999965e-08,0,0,0.00043709809994140945,0,1.0006256438328525,0.99937461701182517,3.2004666053200116e+26,3.2044729804018841e+26,0,0,-1,8.4088329337664339e+26,8.4088329337873562e+26,8.4088319237198751e+26,0,-1.0100674811070618e+20,0,8.4088329337664339e+26,-1835.9571421166399,-1835.9569215863705,0,0,-1835.9571421166399,0,1,-1835.9571421166399,0
n17_vd_0p05_vg_0,baseline,991,internal,2092,electron,991,992,991,991,0,0,1.8448199999999969e-08,3.6410894004419148e-10,4.0201558017576765e-07,-4.0201557985342085,0.00043637789091979302,4.4408920985006262e-13,1.0008580202577091,0.99914247026089897,3.2044729804018841e+26,3.2099751322711227e+26,2048641912.7977309,1.7302096301194625e-13,1,-2.7622893616243581e+23,-2.7622893616312475e+23,-2.7622893535697482e+23,2.0848438641161229,806149926420480,0,-2.7622893616243581e+23,-0.60310924500618934,-0.6031092432475722,0,0,-0.60310924500618934,0,1,-0.60310924500618934,0
n17_vd_0p05_vg_0,baseline,991,internal,2092,electron,991,992,991,992,0,1,1.8448199999999969e-08,3.6410894004419148e-10,4.0201558017576765e-07,4.0201557985342085,0.00043637789091979302,-4.4408920985006262e-13,1.0008580202577091,0.99914247026089897,3.2044729804018841e+26,3.2099751322711227e+26,2048641912.7977309,1.7302096301194625e-13,1,2.7622893616235618e+23,2.7622893616304546e+23,2.762289353568956e+23,-2.0848438641161229,-806149859311616,0,2.7622893616235618e+23,0.60310924500601548,0.60310924324739923,0,0,0.60310924500601548,0,1,0.60310924500601548,0
n17_vd_0p05_vg_0,baseline,991,internal,2108,electron,991,998,991,991,0,0,8.1249755088383561e-11,3.8864649999999965e-08,0,0,0.00043678680566463282,0,1.0000099647490517,0.99999003531714514,3.2044729804018841e+26,3.2045368443643293e+26,0,0,1,-6.6951938035821592e+27,-6.6951938035988641e+27,-6.6951857810813896e+27,0,8.0225174745676387e+21,0,-6.6951938035821592e+27,-14618.067665706303,-14618.050149639921,0,0,-14618.067665706303,0,1,-14618.067665706303,0
n17_vd_0p05_vg_0,baseline,991,internal,2108,electron,991,998,991,998,0,1,8.1249755088383561e-11,3.8864649999999965e-08,0,0,0.00043678680566463282,0,1.0000099647490517,0.99999003531714514,3.2044729804018841e+26,3.2045368443643293e+26,0,0,1,6.6951938035821625e+27,6.695193803598841e+27,6.6951857810813654e+27,0,-8.0225174756671504e+21,0,6.6951938035821625e+27,14618.06766570631,14618.050149639868,0,0,14618.06766570631,0,1,14618.06766570631,0
n17_vd_0p05_vg_0,baseline,991,internal,2110,electron,991,999,991,991,0,0,5.9281099999999972e-08,3.6410894004419148e-10,2.8265209609632812e-07,2.8265209617295284,0.00046175083186374729,-8.8817841970012523e-13,0.9485140150872492,1.0533162340808451,3.2044729804018841e+26,2.8856362738336733e+26,-1444413722.4558899,-1.2199001284011265e-13,1,-8.6203151127659831e+22,-8.6203151127874831e+22,-8.6203151054479561e+22,2.7783319679705589,73395270057984,0,-8.6203151127659831e+22,-0.1882131470947157,-0.18821314693493629,0,0,-0.1882131470947157,0,1,-0.1882131470947157,0
n17_vd_0p05_vg_0,baseline,991,internal,2110,electron,991,999,991,999,0,1,5.9281099999999972e-08,3.6410894004419148e-10,2.8265209609632812e-07,-2.8265209617295284,0.00046175083186374729,8.8817841970012523e-13,0.9485140150872492,1.0533162340808451,3.2044729804018841e+26,2.8856362738336733e+26,-1444413722.4558899,-1.2199001284011265e-13,1,8.6203151127715749e+22,8.6203151127930699e+22,8.6203151054535446e+22,-2.7783319679705589,-73395253280768,0,8.6203151127715749e+22,0.1882131470948378,0.18821314693505831,0,0,0.1882131470948378,0,1,0.1882131470948378,0
n17_vd_0p05_vg_0,baseline,992,internal,2092,electron,991,992,992,991,1,0,1.8448199999999969e-08,3.6410894004419148e-10,4.0201558017576765e-07,-4.0201557985342085,0.00043637789091979302,4.4408920985006262e-13,1.0008580202577091,0.99914247026089897,3.2044729804018841e+26,3.2099751322711227e+26,2048641912.7977309,1.7302096301194625e-13,-1,-2.7622893616243581e+23,-2.7622893616312475e+23,-2.7622893535697482e+23,2.0848438641161229,806149926420480,0,-2.7622893616243581e+23,0.60310924500618934,0.6031092432475722,0,0,0.60310924500618934,0,1,0.60310924500618934,0
n17_vd_0p05_vg_0,baseline,992,internal,2092,electron,991,992,992,992,1,1,1.8448199999999969e-08,3.6410894004419148e-10,4.0201558017576765e-07,4.0201557985342085,0.00043637789091979302,-4.4408920985006262e-13,1.0008580202577091,0.99914247026089897,3.2044729804018841e+26,3.2099751322711227e+26,2048641912.7977309,1.7302096301194625e-13,-1,2.7622893616235618e+23,2.7622893616304546e+23,2.762289353568956e+23,-2.0848438641161229,-806149859311616,0,2.7622893616235618e+23,-0.60310924500601548,-0.60310924324739923,0,0,-0.60310924500601548,0,1,-0.60310924500601548,0
n17_vd_0p05_vg_0,baseline,992,internal,2094,electron,985,992,992,985,1,0,6.4696812499999939e-10,4.3976850000000036e-08,1.951974616063559e-07,-1.9519746929930193,0.00043630813503516886,8.8817841970012523e-13,1.0006632591900859,0.99933703395546747,3.205720803970569e+26,3.2099751322711227e+26,120144873487.68329,1.0147005966210474e-11,-1,-9.5136724420746366e+26,-9.5136724420983819e+26,-9.5136713016079571e+26,244.57504983435754,1.140490424768822e+20,0,-9.5136724420746366e+26,2077.1841949250866,2077.1839459193138,0,0,2077.1841949250866,0,1,2077.1841949250866,0
n17_vd_0p05_vg_0,baseline,992,internal,2094,electron,985,992,992,992,1,1,6.4696812499999939e-10,4.3976850000000036e-08,1.951974616063559e-07,1.9519746929930193,0.00043630813503516886,-8.8817841970012523e-13,1.0006632591900859,0.99933703395546747,3.205720803970569e+26,3.2099751322711227e+26,120144873487.68329,1.0147005966210474e-11,-1,9.5136724420745802e+26,9.5136724420983022e+26,9.5136713016079434e+26,-244.57504983435754,-1.1404903587981243e+20,0,9.5136724420745802e+26,-2077.1841949250743,-2077.1839459193106,0,0,-2077.1841949250743,0,1,-2077.1841949250743,0
n17_vd_0p05_vg_0,baseline,992,contact_cut,2107,electron,992,997,992,992,0,0,8.1249755088383561e-11,4.3976850000000036e-08,2.8471959335277733e-05,-284.71959279130488,0.00043599619190680524,1.3367085216486885e-10,1.0000444903311627,0.99995551098839108,3.2099751322711227e+26,3.210260766455996e+26,17524480738898.689,1.4800549157894359e-09,1,-7.5754030268842304e+27,-7.5754030269031046e+27,-7.5753939678942715e+27,5372781.500385521,9.0590088330795412e+21,0,-7.5754030268842304e+27,-16539.887759894496,-16539.867980791441,0,0,-16539.887759894496,0,1,-16539.887759894496,0
n17_vd_0p05_vg_0,baseline,992,contact_cut,2107,electron,992,997,992,997,0,1,8.1249755088383561e-11,4.3976850000000036e-08,2.8471959335277733e-05,284.71959279130488,0.00043599619190680524,-1.3367085216486885e-10,1.0000444903311627,0.99995551098839108,3.2099751322711227e+26,3.210260766455996e+26,17524480738898.689,1.4800549157894359e-09,1,7.575403026883541e+27,7.5754030269024284e+27,7.5753939678935942e+27,-5372781.500385521,-9.0590088341790529e+21,0,7.575403026883541e+27,16539.88775989299,16539.867980789964,0,1,16539.88775989299,0,1,16539.88775989299,0
n17_vd_0p05_vg_0,baseline,992,internal,2112,electron,992,993,992,992,0,0,6.9505500000000106e-08,3.6410894004419148e-10,1.9490689379514587e-08,-0.19490689444345843,0.00043447280062207708,0,1.0030760688425988,0.99693022638336048,3.2099751322711227e+26,3.2297638807098317e+26,99278835.226376891,8.3847350629050788e-15,1,-7.3284191536325641e+22,-7.328419153650801e+22,-7.3284191487621165e+22,0,48886844489728,0,-7.3284191536325641e+22,-0.16000631230890155,-0.16000631220256178,0,0,-0.16000631230890155,0,1,-0.16000631230890155,0
n17_vd_0p05_vg_0,baseline,992,internal,2112,electron,992,993,992,993,0,1,6.9505500000000106e-08,3.6410894004419148e-10,1.9490689379514587e-08,0.19490689444345843,0.00043447280062207708,0,1.0030760688425988,0.99693022638336048,3.2099751322711227e+26,3.2297638807098317e+26,99278835.226376891,8.3847350629050788e-15,1,7.328419153632185e+22,7.3284191536504436e+22,7.3284191487617583e+22,0,-48886852878336,0,7.328419153632185e+22,0.16000631230889326,0.16000631220255396,0,0,0.16000631230889326,0,1,0.16000631230889326,0
n17_vd_0p05_vg_0,baseline,993,internal,2088,electron,984,993,993,984,1,0,6.4696812499999939e-10,9.9999999999999995e-08,2.6617835673594042e-08,-0.26617841264453546,0.00043334296718873343,0,1.0006718727990778,0.99932842800823085,3.2254277845536901e+26,3.2297638807098317e+26,37229183175.235291,3.1442435522226573e-12,-1,-2.1618615820876516e+27,-2.1618615820930194e+27,-2.1618613248835513e+27,0,2.5720946811893029e+20,0,-2.1618615820876516e+27,4720.1380300507335,4720.1374684796947,0,0,4720.1380300507335,0,1,4720.1380300507335,0
n17_vd_0p05_vg_0,baseline,993,internal,2088,electron,984,993,993,993,1,1,6.4696812499999939e-10,9.9999999999999995e-08,2.6617835673594042e-08,0.26617841264453546,0.00043334296718873343,0,1.0006718727990778,0.99932842800823085,3.2254277845536901e+26,3.2297638807098317e+26,37229183175.235291,3.1442435522226573e-12,-1,2.1618615820876499e+27,2.1618615820930337e+27,2.1618613248835579e+27,0,-2.5720947581551169e+20,0,2.1618615820876499e+27,-4720.1380300507299,-4720.1374684797092,0,0,-4720.1380300507299,0,1,-4720.1380300507299,0
n17_vd_0p05_vg_0,baseline,993,internal,2112,electron,992,993,993,992,1,0,6.9505500000000106e-08,3.6410894004419148e-10,1.9490689379514587e-08,-0.19490689444345843,0.00043447280062207708,0,1.0030760688425988,0.99693022638336048,3.2099751322711227e+26,3.2297638807098317e+26,99278835.226376891,8.3847350629050788e-15,-1,-7.3284191536325641e+22,-7.328419153650801e+22,-7.3284191487621165e+22,0,48886844489728,0,-7.3284191536325641e+22,0.16000631230890155,0.16000631220256178,0,0,0.16000631230890155,0,1,0.16000631230890155,0
n17_vd_0p05_vg_0,baseline,993,internal,2112,electron,992,993,993,993,1,1,6.9505500000000106e-08,3.6410894004419148e-10,1.9490689379514587e-08,0.19490689444345843,0.00043447280062207708,0,1.0030760688425988,0.99693022638336048,3.2099751322711227e+26,3.2297638807098317e+26,99278835.226376891,8.3847350629050788e-15,-1,7.328419153632185e+22,7.3284191536504436e+22,7.3284191487617583e+22,0,-48886852878336,0,7.328419153632185e+22,-0.16000631230889326,-0.16000631220255396,0,0,-0.16000631230889326,0,1,-0.16000631230889326,0
n17_vd_0p05_vg_0,baseline,993,contact_cut,2114,electron,993,994,993,993,0,0,8.1249755088383561e-11,9.9999999999999995e-08,1.1798553868464969e-05,-117.98553778419318,0.00043302861599836789,5.5067062021407764e-11,1.0000440781523237,0.99995592314289372,3.2297638807098317e+26,3.2300486131251823e+26,16501950975071.637,1.3936957119966537e-09,1,-1.7214105181907399e+28,-1.7214105181950374e+28,-1.7214084751873836e+28,2098507.8681772966,2.0430076537861013e+22,0,-1.7214105181907399e+28,-37584.715504288077,-37584.670898019496,0,0,-37584.715504288077,0,1,-37584.715504288077,0
n17_vd_0p05_vg_0,baseline,993,contact_cut,2114,electron,993,994,993,994,0,1,8.1249755088383561e-11,9.9999999999999995e-08,1.1798553868464969e-05,117.98553778419318,0.00043302861599836789,-5.5067062021407764e-11,1.0000440781523237,0.99995592314289372,3.2297638807098317e+26,3.2300486131251823e+26,16501950975071.637,1.3936957119966537e-09,1,1.7214105181906765e+28,1.7214105181949673e+28,1.7214084751873137e+28,-2098507.8681772966,-2.0430076535661989e+22,0,1.7214105181906765e+28,37584.715504286694,37584.670898017968,0,1,37584.715504286694,0,1,37584.715504286694,0
n17_vd_0p05_vg_0,baseline,993,internal,2115,electron,993,996,993,993,0,0,1.3049449999999989e-07,3.6410894004419148e-10,1.6275857750843123e-09,-0.016275857397940463,0.00043285632271457817,0,1.0003419059678529,0.99965817194751472,3.2297638807098317e+26,3.2319729352695226e+26,8287780.2911695661,6.9995625797350658e-16,1,-3.9021336149831996e+22,-3.9021336149929488e+22,-3.9021336137038136e+22,0,12891352727552,0,-3.9021336149831996e+22,-0.085197911961760256,-0.085197911933826559,0,0,-0.085197911961760256,0,1,-0.085197911961760256,0
n17_vd_0p05_vg_0,baseline,993,internal,2115,electron,993,996,993,996,0,1,1.3049449999999989e-07,3.6410894004419148e-10,1.6275857750843123e-09,0.016275857397940463,0.00043285632271457817,0,1.0003419059678529,0.99965817194751472,3.2297638807098317e+26,3.2319729352695226e+26,8287780.2911695661,6.9995625797350658e-16,1,3.902133614983166e+22,3.9021336149928893e+22,3.9021336137037532e+22,0,-12891361116160,0,3.902133614983166e+22,0.08519791196175952,0.085197911933825241,0,0,0.08519791196175952,0,1,0.08519791196175952,0
n17_vd_0p05_vg_0,baseline,996,internal,2085,electron,983,996,996,983,1,0,6.4696812499999939e-10,6.5247249999999943e-08,0,0,0.00043301879886063868,0,1.0006793987285669,0.99932090885388025,3.2275853137062128e+26,3.2319729352695226e+26,0,0,-1,-1.4104534854007727e+27,-1.4104534854042791e+27,-1.4104533177334884e+27,0,1.6767079066291615e+20,0,-1.4104534854007727e+27,3079.5381125320669,3079.5377464527901,0,0,3079.5381125320669,0,1,3079.5381125320669,0
n17_vd_0p05_vg_0,baseline,996,internal,2085,electron,983,996,996,996,1,1,6.4696812499999939e-10,6.5247249999999943e-08,0,0,0.00043301879886063868,0,1.0006793987285669,0.99932090885388025,3.2275853137062128e+26,3.2319729352695226e+26,0,0,-1,1.4104534854007711e+27,1.4104534854042893e+27,1.4104533177334884e+27,0,-1.676708008333987e+20,0,1.4104534854007711e+27,-3079.5381125320632,-3079.5377464527901,0,0,-3079.5381125320632,0,1,-3079.5381125320632,0
n17_vd_0p05_vg_0,baseline,996,internal,2115,electron,993,996,996,993,1,0,1.3049449999999989e-07,3.6410894004419148e-10,1.6275857750843123e-09,-0.016275857397940463,0.00043285632271457817,0,1.0003419059678529,0.99965817194751472,3.2297638807098317e+26,3.2319729352695226e+26,8287780.2911695661,6.9995625797350658e-16,-1,-3.9021336149831996e+22,-3.9021336149929488e+22,-3.9021336137038136e+22,0,12891352727552,0,-3.9021336149831996e+22,0.085197911961760256,0.085197911933826559,0,0,0.085197911961760256,0,1,0.085197911961760256,0
n17_vd_0p05_vg_0,baseline,996,internal,2115,electron,993,996,996,996,1,1,1.3049449999999989e-07,3.6410894004419148e-10,1.6275857750843123e-09,0.016275857397940463,0.00043285632271457817,0,1.0003419059678529,0.99965817194751472,3.2297638807098317e+26,3.2319729352695226e+26,8287780.2911695661,6.9995625797350658e-16,-1,3.902133614983166e+22,3.9021336149928893e+22,3.9021336137037532e+22,0,-12891361116160,0,3.902133614983166e+22,-0.08519791196175952,-0.085197911933825241,0,0,-0.08519791196175952,0,1,-0.08519791196175952,0
n17_vd_0p05_vg_0,baseline,996,contact_cut,2118,electron,995,996,996,995,1,0,8.1249755088383561e-11,6.5247249999999943e-08,9.1845030113799145e-06,91.845029359660657,0.00043270209425701119,-4.2632564145606011e-11,0.99995899210721506,1.0000410090139138,3.2322380225627774e+26,3.2319729352695226e+26,-8380933506383.6289,-7.0782364509631789e-10,-1,-1.1230902929150953e+28,-1.1230902929179012e+28,-1.1230889611243477e+28,825742.9073101125,1.3317935535400323e+22,0,-1.1230902929150953e+28,24521.186956151883,24521.157878267306,0,1,24521.186956151883,0,1,24521.186956151883,0
n17_vd_0p05_vg_0,baseline,996,contact_cut,2118,electron,995,996,996,996,1,1,8.1249755088383561e-11,6.5247249999999943e-08,9.1845030113799145e-06,-91.845029359660657,0.00043270209425701119,4.2632564145606011e-11,0.99995899210721506,1.0000410090139138,3.2322380225627774e+26,3.2319729352695226e+26,-8380933506383.6289,-7.0782364509631789e-10,-1,1.1230902929151305e+28,1.1230902929179336e+28,1.12308896112438e+28,-825742.9073101125,-1.3317935535400323e+22,0,1.1230902929151305e+28,-24521.186956152651,-24521.157878268012,0,0,-24521.186956152651,0,1,-24521.186956152651,0
n17_vd_0p05_vg_0,baseline,998,internal,2108,electron,991,998,998,991,1,0,8.1249755088383561e-11,3.8864649999999965e-08,0,0,0.00043678680566463282,0,1.0000099647490517,0.99999003531714514,3.2044729804018841e+26,3.2045368443643293e+26,0,0,-1,-6.6951938035821592e+27,-6.6951938035988641e+27,-6.6951857810813896e+27,0,8.0225174745676387e+21,0,-6.6951938035821592e+27,14618.067665706303,14618.050149639921,0,0,14618.067665706303,0,1,14618.067665706303,0
n17_vd_0p05_vg_0,baseline,998,internal,2108,electron,991,998,998,998,1,1,8.1249755088383561e-11,3.8864649999999965e-08,0,0,0.00043678680566463282,0,1.0000099647490517,0.99999003531714514,3.2044729804018841e+26,3.2045368443643293e+26,0,0,-1,6.6951938035821625e+27,6.695193803598841e+27,6.6951857810813654e+27,0,-8.0225174756671504e+21,0,6.6951938035821625e+27,-14618.06766570631,-14618.050149639868,0,0,-14618.06766570631,0,1,-14618.06766570631,0
n17_vd_0p05_vg_0,baseline,998,contact_cut,2109,electron,997,998,998,997,1,0,1.8448199999999969e-08,4.0624877544191781e-11,5.274120808033485e-07,5.2741208032835996,0.00043634014312258059,-1.7763568394002505e-12,0.99910796544588443,1.0008925653535592,3.210260766455996e+26,3.2045368443643293e+26,-299861038.45403874,-2.532518998023767e-14,-1,-3.0818817352427081e+22,-3.0818817352504143e+22,-3.0818817262570665e+22,1.2207453632746632,89933477838848,0,-3.0818817352427081e+22,0.067288800093252485,0.06728879989706292,0,1,0.067288800093252485,0,1,0.067288800093252485,0
n17_vd_0p05_vg_0,baseline,998,contact_cut,2109,electron,997,998,998,998,1,1,1.8448199999999969e-08,4.0624877544191781e-11,5.274120808033485e-07,-5.2741208032835996,0.00043634014312258059,1.7763568394002505e-12,0.99910796544588443,1.0008925653535592,3.210260766455996e+26,3.2045368443643293e+26,-299861038.45403874,-2.532518998023767e-14,-1,3.0818817352438771e+22,3.0818817352515522e+22,3.0818817262582048e+22,-1.2207453632746632,-89933473644544,0,3.0818817352438771e+22,-0.067288800093278006,-0.067288799897087775,0,0,-0.067288800093278006,0,1,-0.067288800093278006,0
n17_vd_0p05_vg_0,baseline,998,internal,2274,electron,998,1055,998,998,0,0,5.9281099999999972e-08,4.0624877544191781e-11,2.8265209609632812e-07,2.8265209617295284,0.00046148733900966871,-8.8817841970012523e-13,0.94851399165118355,1.0533162592129752,3.2045368443643293e+26,2.8856936433454303e+26,-161069413.31933936,-1.3603346114413327e-14,1,-9.6126828224830494e+21,-9.6126828225070136e+21,-9.6126828143277559e+21,0.30999415344957043,8179257704448,0,-9.6126828224830494e+21,-0.020988017982817384,-0.020988017965011381,0,0,-0.020988017982817384,0,1,-0.020988017982817384,0
n17_vd_0p05_vg_0,baseline,998,internal,2274,electron,998,1055,998,1055,0,1,5.9281099999999972e-08,4.0624877544191781e-11,2.8265209609632812e-07,-2.8265209617295284,0.00046148733900966871,8.8817841970012523e-13,0.94851399165118355,1.0533162592129752,3.2045368443643293e+26,2.8856936433454303e+26,-161069413.31933936,-1.3603346114413327e-14,1,9.6126828224892885e+21,9.6126828225132442e+21,9.6126828143339844e+21,-0.30999415344957043,-8179259801600,0,9.6126828224892885e+21,0.020988017982831005,0.020988017965024981,0,0,0.020988017982831005,0,1,0.020988017982831005,0
n17_vd_0p05_vg_0,sentaurus,991,internal,2091,electron,986,991,991,986,1,0,6.4696812499999939e-10,3.8864649999999965e-08,9.7598730803179166e-08,0.97598729098535841,0.00043709810001297048,0,1.0006183906996293,0.99938186413335561,3.200469339170543e+26,3.2044292522973107e+26,-53095779532.019455,-4.4842794873576434e-12,-1,-8.4087791656964416e+26,-8.4087791657174189e+26,-8.4087781556563658e+26,-0,1.0100610530872079e+20,0,-8.4087791656964416e+26,1835.9454025716998,1835.9451820428458,0,0,1835.9454025716998,0,1,1835.9454025716998,0
n17_vd_0p05_vg_0,sentaurus,991,internal,2091,electron,986,991,991,991,1,1,6.4696812499999939e-10,3.8864649999999965e-08,9.7598730803179166e-08,-0.97598729098535841,0.00043709810001297048,0,1.0006183906996293,0.99938186413335561,3.200469339170543e+26,3.2044292522973107e+26,-53095779532.019455,-4.4842794873576434e-12,-1,8.4087791656964581e+26,8.4087791657174409e+26,8.4087781556563287e+26,-0,-1.0100611121859579e+20,0,8.4087791656964581e+26,-1835.9454025717034,-1835.9451820428378,0,0,-1835.9454025717034,0,1,-1835.9454025717034,0
n17_vd_0p05_vg_0,sentaurus,991,internal,2092,electron,991,992,991,991,0,0,1.8448199999999969e-08,3.6410894004419148e-10,3.7992339272028818e-07,-3.7992339170511702,0.0004363778699081202,8.8817841970012523e-13,1.0008681531900943,0.99913234897925696,3.2044292522973107e+26,3.2099963443790312e+26,1936054834.0211146,1.6351226133453634e-13,1,-2.7622795002489707e+23,-2.7622795002558732e+23,-2.7622794921944035e+23,3.9405346639042844,806146973630464,0,-2.7622795002489707e+23,-0.60310709190566802,-0.6031070901470601,0,0,-0.60310709190566802,0,1,-0.60310709190566802,0
n17_vd_0p05_vg_0,sentaurus,991,internal,2092,electron,991,992,991,992,0,1,1.8448199999999969e-08,3.6410894004419148e-10,3.7992339272028818e-07,3.7992339170511702,0.0004363778699081202,-8.8817841970012523e-13,1.0008681531900943,0.99913234897925696,3.2044292522973107e+26,3.2099963443790312e+26,1936054834.0211146,1.6351226133453634e-13,1,2.7622795002482174e+23,2.7622795002551243e+23,2.7622794921936542e+23,-3.9405346639042844,-806147007184896,0,2.7622795002482174e+23,0.6031070919055036,0.60310709014689656,0,0,0.6031070919055036,0,1,0.6031070919055036,0
n17_vd_0p05_vg_0,sentaurus,991,internal,2108,electron,991,998,991,991,0,0,8.1249755088383561e-11,3.8864649999999965e-08,2.1901507180982914e-06,-21.901507274435517,0.00043678680689611567,1.0658141036401503e-11,1.0000097025434915,0.99999029751926771,3.2044292522973107e+26,3.2044914349278826e+26,1191387877594.4558,1.0062035566803512e-10,1,-6.6951007046475652e+27,-6.6951007046642591e+27,-6.6950926822583388e+27,29071.345168813255,8.0224059203169078e+21,0,-6.6951007046475652e+27,-14617.864396530618,-14617.846880707777,0,0,-14617.864396530618,0,1,-14617.864396530618,0
n17_vd_0p05_vg_0,sentaurus,991,internal,2108,electron,991,998,991,998,0,1,8.1249755088383561e-11,3.8864649999999965e-08,2.1901507180982914e-06,21.901507274435517,0.00043678680689611567,-1.0658141036401503e-11,1.0000097025434915,0.99999029751926771,3.2044292522973107e+26,3.2044914349278826e+26,1191387877594.4558,1.0062035566803512e-10,1,6.6951007046475256e+27,6.6951007046642382e+27,6.6950926822582937e+27,-29071.345168813255,-8.0224059445061637e+21,0,6.6951007046475256e+27,14617.864396530533,14617.846880707679,0,0,14617.864396530533,0,1,14617.864396530533,0
n17_vd_0p05_vg_0,sentaurus,991,internal,2110,electron,991,999,991,991,0,0,5.9281099999999972e-08,3.6410894004419148e-10,2.5883146723723362e-07,2.5883146719668515,0.00046175086910720209,-8.8817841970012523e-13,0.94853913241295962,1.0532892994860978,3.2044292522973107e+26,2.8857471013306667e+26,-1322702207.6295407,-1.1171069395410053e-13,1,-8.6204264445637164e+22,-8.6204264445852617e+22,-8.6204264372456089e+22,2.5442194809026479,73396528349184,0,-8.6204264445637164e+22,-0.18821557787685636,-0.1882155777170752,0,0,-0.18821557787685636,0,1,-0.18821557787685636,0
n17_vd_0p05_vg_0,sentaurus,991,internal,2110,electron,991,999,991,999,0,1,5.9281099999999972e-08,3.6410894004419148e-10,2.5883146723723362e-07,-2.5883146719668515,0.00046175086910720209,8.8817841970012523e-13,0.94853913241295962,1.0532892994860978,3.2044292522973107e+26,2.8857471013306667e+26,-1322702207.6295407,-1.1171069395410053e-13,1,8.6204264445688637e+22,8.6204264445903771e+22,8.6204264372507259e+22,-2.5442194809026479,-73396511571968,0,8.6204264445688637e+22,0.18821557787696877,0.18821557771718692,0,0,0.18821557787696877,0,1,0.18821557787696877,0
n17_vd_0p05_vg_0,sentaurus,992,internal,2092,electron,991,992,992,991,1,0,1.8448199999999969e-08,3.6410894004419148e-10,3.7992339272028818e-07,-3.7992339170511702,0.0004363778699081202,8.8817841970012523e-13,1.0008681531900943,0.99913234897925696,3.2044292522973107e+26,3.2099963443790312e+26,1936054834.0211146,1.6351226133453634e-13,-1,-2.7622795002489707e+23,-2.7622795002558732e+23,-2.7622794921944035e+23,3.9405346639042844,806146973630464,0,-2.7622795002489707e+23,0.60310709190566802,0.6031070901470601,0,0,0.60310709190566802,0,1,0.60310709190566802,0
n17_vd_0p05_vg_0,sentaurus,992,internal,2092,electron,991,992,992,992,1,1,1.8448199999999969e-08,3.6410894004419148e-10,3.7992339272028818e-07,3.7992339170511702,0.0004363778699081202,-8.8817841970012523e-13,1.0008681531900943,0.99913234897925696,3.2044292522973107e+26,3.2099963443790312e+26,1936054834.0211146,1.6351226133453634e-13,-1,2.7622795002482174e+23,2.7622795002551243e+23,2.7622794921936542e+23,-3.9405346639042844,-806147007184896,0,2.7622795002482174e+23,-0.6031070919055036,-0.60310709014689656,0,0,-0.6031070919055036,0,1,-0.6031070919055036,0
n17_vd_0p05_vg_0,sentaurus,992,internal,2094,electron,985,992,992,985,1,0,6.4696812499999939e-10,4.3976850000000036e-08,7.0980895129584019e-08,0.70980910038542788,0.0004363081348855552,-4.4408920985006262e-13,1.0006642740062925,0.99933602003680022,3.2057354843711017e+26,3.2099963443790312e+26,-43689289268.081871,-3.689840989413241e-12,-1,-9.5137256543618571e+26,-9.5137256543855749e+26,-9.5137245138887675e+26,44.468439615645678,1.1404968074338212e+20,0,-9.5137256543618571e+26,2077.19581312223,2077.1955641150576,0,0,2077.19581312223,0,1,2077.19581312223,0
n17_vd_0p05_vg_0,sentaurus,992,internal,2094,electron,985,992,992,992,1,1,6.4696812499999939e-10,4.3976850000000036e-08,7.0980895129584019e-08,-0.70980910038542788,0.0004363081348855552,4.4408920985006262e-13,1.0006642740062925,0.99933602003680022,3.2057354843711017e+26,3.2099963443790312e+26,-43689289268.081871,-3.689840989413241e-12,-1,9.5137256543618584e+26,9.51372565438559e+26,9.5137245138887853e+26,-44.468439615645678,-1.1404968046850422e+20,0,9.5137256543618584e+26,-2077.1958131222304,-2077.1955641150616,0,0,-2077.1958131222304,0,1,-2077.1958131222304,0
n17_vd_0p05_vg_0,sentaurus,992,contact_cut,2107,electron,992,997,992,992,0,0,8.1249755088383561e-11,4.3976850000000036e-08,1.6249505327826e-06,16.249504852794416,0.00043599619129728044,-7.5495165674510645e-12,1.0000428462640527,0.99995715495978055,3.2099963443790312e+26,3.2102714249383439e+26,-1000161432527.6224,-8.4470054596809674e-11,1,-7.5754406219553961e+27,-7.5754406219742527e+27,-7.5754315629204606e+27,17318.35152625099,9.059053792110001e+21,0,-7.5754406219553961e+27,-16539.969843746036,-16539.950064544781,0,0,-16539.969843746036,0,1,-16539.969843746036,0
n17_vd_0p05_vg_0,sentaurus,992,contact_cut,2107,electron,992,997,992,997,0,1,8.1249755088383561e-11,4.3976850000000036e-08,1.6249505327826e-06,-16.249504852794416,0.00043599619129728044,7.5495165674510645e-12,1.0000428462640527,0.99995715495978055,3.2099963443790312e+26,3.2102714249383439e+26,-1000161432527.6224,-8.4470054596809674e-11,1,7.5754406219554346e+27,7.5754406219742923e+27,7.5754315629204991e+27,-17318.35152625099,-9.0590537932095126e+21,0,7.5754406219554346e+27,16539.969843746119,16539.950064544864,0,1,16539.969843746119,0,1,16539.969843746119,0
n17_vd_0p05_vg_0,sentaurus,992,internal,2112,electron,992,993,992,992,0,0,6.9505500000000106e-08,3.6410894004419148e-10,7.9284160187855928e-09,-0.079284161701165257,0.00043447280845977806,0,1.003075277713225,0.9969310142783423,3.2099963443790312e+26,3.2297801236800353e+26,40384846.68534372,3.41075959685194e-15,1,-7.3284619333943521e+22,-7.3284619334126083e+22,-7.3284619285238945e+22,0,48887138091008,0,-7.3284619333943521e+22,-0.16000724634826005,-0.16000724624192006,0,0,-0.16000724634826005,0,1,-0.16000724634826005,0
n17_vd_0p05_vg_0,sentaurus,992,internal,2112,electron,992,993,992,993,0,1,6.9505500000000106e-08,3.6410894004419148e-10,7.9284160187855928e-09,0.079284161701165257,0.00043447280845977806,0,1.003075277713225,0.9969310142783423,3.2099963443790312e+26,3.2297801236800353e+26,40384846.68534372,3.41075959685194e-15,1,7.3284619333942003e+22,7.3284619334124782e+22,7.3284619285237644e+22,0,-48887138091008,0,7.3284619333942003e+22,0.16000724634825675,0.16000724624191723,0,0,0.16000724634825675,0,1,0.16000724634825675,0
n17_vd_0p05_vg_0,sentaurus,993,internal,2088,electron,984,993,993,984,1,0,6.4696812499999939e-10,9.9999999999999995e-08,4.6137581834229627e-07,-4.6137582643268615,0.0004333429672062254,1.7763568394002505e-12,1.0006724042923811,0.99932789699092361,3.2254405786503913e+26,3.2297801236800353e+26,645308744170.07104,5.4500466703748001e-11,-1,-2.1618713057400824e+27,-2.1618713057454679e+27,-2.1618710485348274e+27,2645.2456552404956,2.5721064047320341e+20,0,-2.1618713057400824e+27,4720.1592603561385,4720.1586987825776,0,0,4720.1592603561385,0,1,4720.1592603561385,0
n17_vd_0p05_vg_0,sentaurus,993,internal,2088,electron,984,993,993,993,1,1,6.4696812499999939e-10,9.9999999999999995e-08,4.6137581834229627e-07,4.6137582643268615,0.0004333429672062254,-1.7763568394002505e-12,1.0006724042923811,0.99932789699092361,3.2254405786503913e+26,3.2297801236800353e+26,645308744170.07104,5.4500466703748001e-11,-1,2.1618713057400547e+27,2.1618713057454426e+27,2.1618710485348175e+27,-2645.2456552404956,-2.5721062508004062e+20,0,2.1618713057400547e+27,-4720.1592603560775,-4720.1586987825558,0,0,-4720.1592603560775,0,1,-4720.1592603560775,0
n17_vd_0p05_vg_0,sentaurus,993,internal,2112,electron,992,993,993,992,1,0,6.9505500000000106e-08,3.6410894004419148e-10,7.9284160187855928e-09,-0.079284161701165257,0.00043447280845977806,0,1.003075277713225,0.9969310142783423,3.2099963443790312e+26,3.2297801236800353e+26,40384846.68534372,3.41075959685194e-15,-1,-7.3284619333943521e+22,-7.3284619334126083e+22,-7.3284619285238945e+22,0,48887138091008,0,-7.3284619333943521e+22,0.16000724634826005,0.16000724624192006,0,0,0.16000724634826005,0,1,0.16000724634826005,0
n17_vd_0p05_vg_0,sentaurus,993,internal,2112,electron,992,993,993,993,1,1,6.9505500000000106e-08,3.6410894004419148e-10,7.9284160187855928e-09,0.079284161701165257,0.00043447280845977806,0,1.003075277713225,0.9969310142783423,3.2099963443790312e+26,3.2297801236800353e+26,40384846.68534372,3.41075959685194e-15,-1,7.3284619333942003e+22,7.3284619334124782e+22,7.3284619285237644e+22,0,-48887138091008,0,7.3284619333942003e+22,-0.16000724634825675,-0.16000724624191723,0,0,-0.16000724634825675,0,1,-0.16000724634825675,0
n17_vd_0p05_vg_0,sentaurus,993,contact_cut,2114,electron,993,994,993,993,0,0,8.1249755088383561e-11,9.9999999999999995e-08,5.6520018531568721e-07,5.6520024216411002,0.00043302861600750316,-2.6645352591003757e-12,1.0000432230831753,0.99995677816227868,3.2297801236800353e+26,3.2300593338353254e+26,-790515921267.78516,-6.6764145124435125e-11,1,-1.7214177035929088e+28,-1.7214177035972101e+28,-1.7214156605810164e+28,4864.2456115688501,2.0430161936929142e+22,0,-1.7214177035929088e+28,-37584.872388014221,-37584.827781559259,0,0,-37584.872388014221,0,1,-37584.872388014221,0
n17_vd_0p05_vg_0,sentaurus,993,contact_cut,2114,electron,993,994,993,994,0,1,8.1249755088383561e-11,9.9999999999999995e-08,5.6520018531568721e-07,-5.6520024216411002,0.00043302861600750316,2.6645352591003757e-12,1.0000432230831753,0.99995677816227868,3.2297801236800353e+26,3.2300593338353254e+26,-790515921267.78516,-6.6764145124435125e-11,1,1.7214177035929137e+28,1.7214177035972009e+28,1.7214156605810074e+28,-4864.2456115688501,-2.0430161934730119e+22,0,1.7214177035929137e+28,37584.872388014322,37584.827781559063,0,1,37584.872388014322,0,1,37584.872388014322,0
n17_vd_0p05_vg_0,sentaurus,993,internal,2115,electron,993,996,993,993,0,0,1.3049449999999989e-07,3.6410894004419148e-10,3.0792163312405915e-09,0.03079216352383507,0.00043285632867895094,0,1.0003385269866378,0.99966154939647123,3.2297801236800353e+26,3.2319673527139734e+26,-15679610.442514278,-1.3242437741162444e-15,1,-3.9021401123744123e+22,-3.9021401123841456e+22,-3.9021401110950355e+22,-0,12891101069312,0,-3.9021401123744123e+22,-0.08519805382367969,-0.085198053795746201,0,0,-0.08519805382367969,0,1,-0.08519805382367969,0
n17_vd_0p05_vg_0,sentaurus,993,internal,2115,electron,993,996,993,996,0,1,1.3049449999999989e-07,3.6410894004419148e-10,3.0792163312405915e-09,-0.03079216352383507,0.00043285632867895094,0,1.0003385269866378,0.99966154939647123,3.2297801236800353e+26,3.2319673527139734e+26,-15679610.442514278,-1.3242437741162444e-15,1,3.9021401123744786e+22,3.902140112384206e+22,3.9021401110950959e+22,-0,-12891101069312,0,3.9021401123744786e+22,0.085198053823681133,0.085198053795747519,0,0,0.085198053823681133,0,1,0.085198053823681133,0
n17_vd_0p05_vg_0,sentaurus,996,internal,2085,electron,983,996,996,983,1,0,6.4696812499999939e-10,6.5247249999999943e-08,1.7745223782396012e-07,-1.7745225289189648,0.00043301879886474711,4.4408920985006262e-13,1.0006778179303801,0.99932248822271319,3.2275899384365286e+26,3.2319673527139734e+26,161928416671.27267,1.3675894462786723e-11,-1,-1.4104532782877281e+27,-1.4104532782912559e+27,-1.4104531106204749e+27,166.06822336662202,1.676707810421894e+20,0,-1.4104532782877281e+27,3079.5376603282043,3079.5372942489948,0,0,3079.5376603282043,0,1,3079.5376603282043,0
n17_vd_0p05_vg_0,sentaurus,996,internal,2085,electron,983,996,996,996,1,1,6.4696812499999939e-10,6.5247249999999943e-08,1.7745223782396012e-07,1.7745225289189648,0.00043301879886474711,-4.4408920985006262e-13,1.0006778179303801,0.99932248822271319,3.2275899384365286e+26,3.2319673527139734e+26,161928416671.27267,1.3675894462786723e-11,-1,1.4104532782877229e+27,1.4104532782912397e+27,1.4104531106204586e+27,-166.06822336662202,-1.676707810421894e+20,0,1.4104532782877229e+27,-3079.5376603281929,-3079.5372942489594,0,0,-3079.5376603281929,0,1,-3079.5376603281929,0
n17_vd_0p05_vg_0,sentaurus,996,internal,2115,electron,993,996,996,993,1,0,1.3049449999999989e-07,3.6410894004419148e-10,3.0792163312405915e-09,0.03079216352383507,0.00043285632867895094,0,1.0003385269866378,0.99966154939647123,3.2297801236800353e+26,3.2319673527139734e+26,-15679610.442514278,-1.3242437741162444e-15,-1,-3.9021401123744123e+22,-3.9021401123841456e+22,-3.9021401110950355e+22,-0,12891101069312,0,-3.9021401123744123e+22,0.08519805382367969,0.085198053795746201,0,0,0.08519805382367969,0,1,0.08519805382367969,0
n17_vd_0p05_vg_0,sentaurus,996,internal,2115,electron,993,996,996,996,1,1,1.3049449999999989e-07,3.6410894004419148e-10,3.0792163312405915e-09,-0.03079216352383507,0.00043285632867895094,0,1.0003385269866378,0.99966154939647123,3.2297801236800353e+26,3.2319673527139734e+26,-15679610.442514278,-1.3242437741162444e-15,-1,3.9021401123744786e+22,3.902140112384206e+22,3.9021401110950959e+22,-0,-12891101069312,0,3.9021401123744786e+22,-0.085198053823681133,-0.085198053795747519,0,0,-0.085198053823681133,0,1,-0.085198053823681133,0
n17_vd_0p05_vg_0,sentaurus,996,contact_cut,2118,electron,995,996,996,995,1,0,8.1249755088383561e-11,6.5247249999999943e-08,2.4021007875916701e-06,-24.021007405394812,0.00043270209426124836,1.1102230246251565e-11,0.99995646906673397,1.0000435321965973,3.2322487501568391e+26,3.2319673527139734e+26,2191938199846.3738,1.8512325449896044e-10,-1,-1.1230911866640322e+28,-1.1230911866668311e+28,-1.1230898548722178e+28,56240.547256413018,1.3317946132493391e+22,0,-1.1230911866640322e+28,24521.206469974513,24521.177392066642,0,1,24521.206469974513,0,1,24521.206469974513,0
n17_vd_0p05_vg_0,sentaurus,996,contact_cut,2118,electron,995,996,996,996,1,1,8.1249755088383561e-11,6.5247249999999943e-08,2.4021007875916701e-06,24.021007405394812,0.00043270209426124836,-1.1102230246251565e-11,0.99995646906673397,1.0000435321965973,3.2322487501568391e+26,3.2319673527139734e+26,2191938199846.3738,1.8512325449896044e-10,-1,1.123091186664022e+28,1.1230911866668188e+28,1.1230898548722055e+28,-56240.547256413018,-1.3317946132493391e+22,0,1.123091186664022e+28,-24521.206469974291,-24521.177392066373,0,0,-24521.206469974291,0,1,-24521.206469974291,0
n17_vd_0p05_vg_0,sentaurus,998,internal,2108,electron,991,998,998,991,1,0,8.1249755088383561e-11,3.8864649999999965e-08,2.1901507180982914e-06,-21.901507274435517,0.00043678680689611567,1.0658141036401503e-11,1.0000097025434915,0.99999029751926771,3.2044292522973107e+26,3.2044914349278826e+26,1191387877594.4558,1.0062035566803512e-10,-1,-6.6951007046475652e+27,-6.6951007046642591e+27,-6.6950926822583388e+27,29071.345168813255,8.0224059203169078e+21,0,-6.6951007046475652e+27,14617.864396530618,14617.846880707777,0,0,14617.864396530618,0,1,14617.864396530618,0
n17_vd_0p05_vg_0,sentaurus,998,internal,2108,electron,991,998,998,998,1,1,8.1249755088383561e-11,3.8864649999999965e-08,2.1901507180982914e-06,21.901507274435517,0.00043678680689611567,-1.0658141036401503e-11,1.0000097025434915,0.99999029751926771,3.2044292522973107e+26,3.2044914349278826e+26,1191387877594.4558,1.0062035566803512e-10,-1,6.6951007046475256e+27,6.6951007046642382e+27,6.6950926822582937e+27,-29071.345168813255,-8.0224059445061637e+21,0,6.6951007046475256e+27,-14617.864396530533,-14617.846880707679,0,0,-14617.864396530533,0,1,-14617.864396530533,0
n17_vd_0p05_vg_0,sentaurus,998,contact_cut,2109,electron,997,998,998,997,1,0,1.8448199999999969e-08,4.0624877544191781e-11,3.6312088395133194e-07,3.6312088405598963,0.00043633969847763825,-1.3322676295501878e-12,0.9990992253820542,1.0009013158729396,3.2102714249383439e+26,3.2044914349278826e+26,-206451667.19692439,-1.743616883491951e-14,-1,-3.0818618669865611e+22,-3.0818618669942601e+22,-3.0818618580009933e+22,0.63035491437693836,89932668338176,0,-3.0818618669865611e+22,0.067288366296231403,0.067288366100043448,0,1,0.067288366296231403,0,1,0.067288366296231403,0
n17_vd_0p05_vg_0,sentaurus,998,contact_cut,2109,electron,997,998,998,998,1,1,1.8448199999999969e-08,4.0624877544191781e-11,3.6312088395133194e-07,-3.6312088405598963,0.00043633969847763825,1.3322676295501878e-12,0.9990992253820542,1.0009013158729396,3.2102714249383439e+26,3.2044914349278826e+26,-206451667.19692439,-1.743616883491951e-14,-1,3.0818618669873681e+22,3.0818618669950592e+22,3.0818618580017915e+22,-0.63035491437693836,-89932676726784,0,3.0818618669873681e+22,-0.067288366296249028,-0.067288366100060878,0,0,-0.067288366296249028,0,1,-0.067288366296249028,0
n17_vd_0p05_vg_0,sentaurus,998,internal,2274,electron,998,1055,998,998,0,0,5.9281099999999972e-08,4.0624877544191781e-11,2.707417816667809e-07,2.7074178177155517,0.00046148753393230007,-8.8817841970012523e-13,0.94853985077694747,1.0532885291613525,3.2044914349278826e+26,2.8858073959321976e+26,-154284400.77411887,-1.3030308241230805e-14,1,-9.6128127322875694e+21,-9.6128127323114454e+21,-9.6128127241320074e+21,0.29693559454639612,8179438059520,0,-9.6128127322875694e+21,-0.020988301623645209,-0.020988301605838623,0,0,-0.020988301623645209,0,1,-0.020988301623645209,0
n17_vd_0p05_vg_0,sentaurus,998,internal,2274,electron,998,1055,998,1055,0,1,5.9281099999999972e-08,4.0624877544191781e-11,2.707417816667809e-07,-2.7074178177155517,0.00046148753393230007,8.8817841970012523e-13,0.94853985077694747,1.0532885291613525,3.2044914349278826e+26,2.8858073959321976e+26,-154284400.77411887,-1.3030308241230805e-14,1,9.6128127322935043e+21,9.612812732317481e+21,9.612812724138043e+21,-0.29693559454639612,-8179438059520,0,9.6128127322935043e+21,0.020988301623658168,0.0209883016058518,0,0,0.020988301623658168,0,1,0.020988301623658168,0
n17_vd_0p05_vg_0p05,baseline,991,internal,2091,electron,986,991,991,986,1,0,6.4696812499999939e-10,3.8864649999999965e-08,0,0,0.00043709809994140945,0,1.0006256438328525,0.99937461701182517,3.2004666053200116e+26,3.2044729804018841e+26,0,0,-1,-8.4088329337664476e+26,-8.4088329337874181e+26,-8.4088319237198449e+26,0,1.0100675731911606e+20,0,-8.4088329337664476e+26,1835.9571421166431,1835.9569215863639,0,0,1835.9571421166431,0,1,1835.9571421166431,0
n17_vd_0p05_vg_0p05,baseline,991,internal,2091,electron,986,991,991,991,1,1,6.4696812499999939e-10,3.8864649999999965e-08,0,0,0.00043709809994140945,0,1.0006256438328525,0.99937461701182517,3.2004666053200116e+26,3.2044729804018841e+26,0,0,-1,8.4088329337664339e+26,8.4088329337873562e+26,8.4088319237198751e+26,0,-1.0100674811070618e+20,0,8.4088329337664339e+26,-1835.9571421166399,-1835.9569215863705,0,0,-1835.9571421166399,0,1,-1835.9571421166399,0
n17_vd_0p05_vg_0p05,baseline,991,internal,2092,electron,991,992,991,991,0,0,1.8448199999999969e-08,3.6410894004419148e-10,1.4932451774485366e-06,-14.932451771615396,0.00043637789091978716,3.9968028886505635e-12,1.0008580202580657,0.9991424702605427,3.2044729804018841e+26,3.2099751322709179e+26,7609467909.8420286,6.4266842220920704e-13,1,-2.7622893616253057e+23,-2.7622893616322041e+23,-2.7622893535707049e+23,69.695426729904739,806149926420480,0,-2.7622893616253057e+23,-0.60310924500639629,-0.60310924324778104,0,0,-0.60310924500639629,0,1,-0.60310924500639629,0
n17_vd_0p05_vg_0p05,baseline,991,internal,2092,electron,991,992,991,992,0,1,1.8448199999999969e-08,3.6410894004419148e-10,1.4932451774485366e-06,14.932451771615396,0.00043637789091978716,-3.9968028886505635e-12,1.0008580202580657,0.9991424702605427,3.2044729804018841e+26,3.2099751322709179e+26,7609467909.8420286,6.4266842220920704e-13,1,2.7622893616223633e+23,2.7622893616292409e+23,2.762289353567742e+23,-69.695426729904739,-806149892866048,0,2.7622893616223633e+23,0.6031092450057538,0.60310924324713411,0,0,0.6031092450057538,0,1,0.6031092450057538,0
n17_vd_0p05_vg_0p05,baseline,991,internal,2108,electron,991,998,991,991,0,0,8.1249755088383561e-11,3.8864649999999965e-08,0,0,0.00043678680566463265,0,1.0000099647490517,0.99999003531714514,3.2044729804018841e+26,3.2045368443643293e+26,0,0,1,-6.695193803582157e+27,-6.6951938035988641e+27,-6.6951857810813896e+27,0,8.0225174745676387e+21,0,-6.695193803582157e+27,-14618.067665706298,-14618.050149639921,0,0,-14618.067665706298,0,1,-14618.067665706298,0
n17_vd_0p05_vg_0p05,baseline,991,internal,2108,electron,991,998,991,998,0,1,8.1249755088383561e-11,3.8864649999999965e-08,0,0,0.00043678680566463265,0,1.0000099647490517,0.99999003531714514,3.2044729804018841e+26,3.2045368443643293e+26,0,0,1,6.6951938035821592e+27,6.695193803598841e+27,6.6951857810813654e+27,0,-8.0225174756671504e+21,0,6.6951938035821592e+27,14618.067665706303,14618.050149639868,0,0,14618.067665706303,0,1,14618.067665706303,0
n17_vd_0p05_vg_0p05,baseline,991,internal,2110,electron,991,999,991,991,0,0,5.9281099999999972e-08,3.6410894004419148e-10,1.0246743682395838e-06,10.246743682718051,0.00046175083186374464,-2.2204460492503131e-12,0.94851401508652189,1.0533162340816249,3.2044729804018841e+26,2.8856362738342272e+26,-5236309013.7133656,-4.4223991636662002e-13,1,-8.6203151127593259e+22,-8.6203151127807605e+22,-8.6203151054412636e+22,25.180120662098933,73394968068096,0,-8.6203151127593259e+22,-0.18821314709457035,-0.18821314693479016,0,0,-0.18821314709457035,0,1,-0.18821314709457035,0
n17_vd_0p05_vg_0p05,baseline,991,internal,2110,electron,991,999,991,999,0,1,5.9281099999999972e-08,3.6410894004419148e-10,1.0246743682395838e-06,-10.246743682718051,0.00046175083186374464,2.2204460492503131e-12,0.94851401508652189,1.0533162340816249,3.2044729804018841e+26,2.8856362738342272e+26,-5236309013.7133656,-4.4223991636662002e-13,1,8.6203151127795642e+22,8.620315112801076e+22,8.6203151054615205e+22,-25.180120662098933,-73395555270656,0,8.6203151127795642e+22,0.18821314709501222,0.18821314693523244,0,0,0.18821314709501222,0,1,0.18821314709501222,0
n17_vd_0p05_vg_0p05,baseline,992,internal,2092,electron,991,992,992,991,1,0,1.8448199999999969e-08,3.6410894004419148e-10,1.4932451774485366e-06,-14.932451771615396,0.00043637789091978716,3.9968028886505635e-12,1.0008580202580657,0.9991424702605427,3.2044729804018841e+26,3.2099751322709179e+26,7609467909.8420286,6.4266842220920704e-13,-1,-2.7622893616253057e+23,-2.7622893616322041e+23,-2.7622893535707049e+23,69.695426729904739,806149926420480,0,-2.7622893616253057e+23,0.60310924500639629,0.60310924324778104,0,0,0.60310924500639629,0,1,0.60310924500639629,0
n17_vd_0p05_vg_0p05,baseline,992,internal,2092,electron,991,992,992,992,1,1,1.8448199999999969e-08,3.6410894004419148e-10,1.4932451774485366e-06,14.932451771615396,0.00043637789091978716,-3.9968028886505635e-12,1.0008580202580657,0.9991424702605427,3.2044729804018841e+26,3.2099751322709179e+26,7609467909.8420286,6.4266842220920704e-13,-1,2.7622893616223633e+23,2.7622893616292409e+23,2.762289353567742e+23,-69.695426729904739,-806149892866048,0,2.7622893616223633e+23,-0.6031092450057538,-0.60310924324713411,0,0,-0.6031092450057538,0,1,-0.6031092450057538,0
n17_vd_0p05_vg_0p05,baseline,992,internal,2094,electron,985,992,992,985,1,0,6.4696812499999939e-10,4.3976850000000036e-08,7.8078984642542433e-07,-7.8078985499274722,0.00043630813503516886,2.6645352591003757e-12,1.0006632591900646,0.9993370339554889,3.2057208039705346e+26,3.2099751322709179e+26,480579493950.7179,4.0588023864840603e-11,-1,-9.5136724420743315e+26,-9.5136724420981139e+26,-9.5136713016076878e+26,2934.9005980121974,1.1404904261432115e+20,0,-9.5136724420743315e+26,2077.1841949250202,2077.1839459192547,0,0,2077.1841949250202,0,1,2077.1841949250202,0
n17_vd_0p05_vg_0p05,baseline,992,internal,2094,electron,985,992,992,992,1,1,6.4696812499999939e-10,4.3976850000000036e-08,7.8078984642542433e-07,7.8078985499274722,0.00043630813503516886,-2.6645352591003757e-12,1.0006632591900646,0.9993370339554889,3.2057208039705346e+26,3.2099751322709179e+26,480579493950.7179,4.0588023864840603e-11,-1,9.5136724420741748e+26,9.5136724420979284e+26,9.5136713016075352e+26,-2934.9005980121974,-1.1404903931578627e+20,0,9.5136724420741748e+26,-2077.1841949249861,-2077.1839459192215,0,0,-2077.1841949249861,0,1,-2077.1841949249861,0
n17_vd_0p05_vg_0p05,baseline,992,contact_cut,2107,electron,992,997,992,992,0,0,8.1249755088383561e-11,4.3976850000000036e-08,7.7715025480906979e-07,-7.7715016644219759,0.00043599619190680703,3.5527136788005009e-12,1.0000444903311521,0.99995551098840196,3.2099751322709179e+26,3.210260766455996e+26,478335702550.57587,4.0398521274648879e-11,1,-7.5754030268836949e+27,-7.575403026902612e+27,-7.5753939678937251e+27,3897.7170559171273,9.059008886955611e+21,0,-7.5754030268836949e+27,-16539.887759893325,-16539.867980790248,0,0,-16539.887759893325,0,1,-16539.887759893325,0
n17_vd_0p05_vg_0p05,baseline,992,contact_cut,2107,electron,992,997,992,997,0,1,8.1249755088383561e-11,4.3976850000000036e-08,7.7715025480906979e-07,7.7715016644219759,0.00043599619190680703,-3.5527136788005009e-12,1.0000444903311521,0.99995551098840196,3.2099751322709179e+26,3.210260766455996e+26,478335702550.57587,4.0398521274648879e-11,1,7.5754030268836532e+27,7.5754030269025406e+27,7.5753939678936789e+27,-3897.7170559171273,-9.0590088616668436e+21,0,7.5754030268836532e+27,16539.887759893234,16539.86798079015,0,1,16539.887759893234,0,1,16539.887759893234,0
n17_vd_0p05_vg_0p05,baseline,992,internal,2112,electron,992,993,992,992,0,0,6.9505500000000106e-08,3.6410894004419148e-10,8.2587666862349939e-10,-0.008258765199498086,0.00043447280062207741,0,1.0030760688425924,0.99693022638336715,3.2099751322709179e+26,3.2297638807097396e+26,4206730.3062022384,3.5528538402138708e-16,1,-7.3284191536320541e+22,-7.3284191536503304e+22,-7.3284191487616442e+22,0,48886861266944,0,-7.3284191536320541e+22,-0.1600063123088904,-0.16000631220255146,0,0,-0.1600063123088904,0,1,-0.1600063123088904,0
n17_vd_0p05_vg_0p05,baseline,992,internal,2112,electron,992,993,992,993,0,1,6.9505500000000106e-08,3.6410894004419148e-10,8.2587666862349939e-10,0.008258765199498086,0.00043447280062207741,0,1.0030760688425924,0.99693022638336715,3.2099751322709179e+26,3.2297638807097396e+26,4206730.3062022384,3.5528538402138708e-16,1,7.3284191536320331e+22,7.3284191536502884e+22,7.3284191487616023e+22,0,-48886861266944,0,7.3284191536320331e+22,0.16000631230888995,0.16000631220255054,0,0,0.16000631230888995,0,1,0.16000631230888995,0
n17_vd_0p05_vg_0p05,baseline,993,internal,2088,electron,984,993,993,984,1,0,6.4696812499999939e-10,9.9999999999999995e-08,7.9853507020782039e-08,-0.79853512691130391,0.00043334296718873343,8.8817841970012523e-13,1.0006718727990671,0.99932842800824162,3.2254277845536784e+26,3.2297638807097396e+26,111687549525.70403,9.4327306566678152e-12,-1,-2.1618615820876205e+27,-2.161861582092998e+27,-2.1618613248835219e+27,228.91445979026463,2.5720947609038959e+20,0,-2.1618615820876205e+27,4720.1380300506662,4720.1374684796301,0,0,4720.1380300506662,0,1,4720.1380300506662,0
n17_vd_0p05_vg_0p05,baseline,993,internal,2088,electron,984,993,993,993,1,1,6.4696812499999939e-10,9.9999999999999995e-08,7.9853507020782039e-08,0.79853512691130391,0.00043334296718873343,-8.8817841970012523e-13,1.0006718727990671,0.99932842800824162,3.2254277845536784e+26,3.2297638807097396e+26,111687549525.70403,9.4327306566678152e-12,-1,2.161861582087612e+27,2.161861582093009e+27,2.1618613248835329e+27,-228.91445979026463,-2.5720947609038959e+20,0,2.161861582087612e+27,-4720.1380300506471,-4720.1374684796547,0,0,-4720.1380300506471,0,1,-4720.1380300506471,0
n17_vd_0p05_vg_0p05,baseline,993,internal,2112,electron,992,993,993,992,1,0,6.9505500000000106e-08,3.6410894004419148e-10,8.2587666862349939e-10,-0.008258765199498086,0.00043447280062207741,0,1.0030760688425924,0.99693022638336715,3.2099751322709179e+26,3.2297638807097396e+26,4206730.3062022384,3.5528538402138708e-16,-1,-7.3284191536320541e+22,-7.3284191536503304e+22,-7.3284191487616442e+22,0,48886861266944,0,-7.3284191536320541e+22,0.1600063123088904,0.16000631220255146,0,0,0.1600063123088904,0,1,0.1600063123088904,0
n17_vd_0p05_vg_0p05,baseline,993,internal,2112,electron,992,993,993,993,1,1,6.9505500000000106e-08,3.6410894004419148e-10,8.2587666862349939e-10,0.008258765199498086,0.00043447280062207741,0,1.0030760688425924,0.99693022638336715,3.2099751322709179e+26,3.2297638807097396e+26,4206730.3062022384,3.5528538402138708e-16,-1,7.3284191536320331e+22,7.3284191536502884e+22,7.3284191487616023e+22,0,-48886861266944,0,7.3284191536320331e+22,-0.16000631230888995,-0.16000631220255054,0,0,-0.16000631230888995,0,1,-0.16000631230888995,0
n17_vd_0p05_vg_0p05,baseline,993,contact_cut,2114,electron,993,994,993,993,0,0,8.1249755088383561e-11,9.9999999999999995e-08,7.0650023164460888e-08,-0.70650063577204492,0.00043302861599836859,4.4408920985006262e-13,1.0000440781523194,0.99995592314289805,3.2297638807097396e+26,3.2300486131251823e+26,98814077695.03891,8.3454833053691138e-12,1,-1.7214105181906869e+28,-1.7214105181949809e+28,-1.7214084751873337e+28,101.33802724441161,2.0430076471890315e+22,0,-1.7214105181906869e+28,-37584.71550428692,-37584.670898018405,0,0,-37584.71550428692,0,1,-37584.71550428692,0
n17_vd_0p05_vg_0p05,baseline,993,contact_cut,2114,electron,993,994,993,994,0,1,8.1249755088383561e-11,9.9999999999999995e-08,7.0650023164460888e-08,0.70650063577204492,0.00043302861599836859,-4.4408920985006262e-13,1.0000440781523194,0.99995592314289805,3.2297638807097396e+26,3.2300486131251823e+26,98814077695.03891,8.3454833053691138e-12,1,1.7214105181906869e+28,1.7214105181949684e+28,1.7214084751873212e+28,-101.33802724441161,-2.0430076471890315e+22,0,1.7214105181906869e+28,37584.71550428692,37584.670898018136,0,1,37584.71550428692,0,1,37584.71550428692,0
n17_vd_0p05_vg_0p05,baseline,993,internal,2115,electron,993,996,993,993,0,0,1.3049449999999989e-07,3.6410894004419148e-10,4.3988804732008451e-11,-0.00043988857695298478,0.00043285632271457849,0,1.0003419059678529,0.99965817194751472,3.2297638807097396e+26,3.2319729352694532e+26,223994.06192349514,1.8917736701986104e-17,1,-3.9021336149830914e+22,-3.9021336149928079e+22,-3.9021336137036735e+22,0,12891344338944,0,-3.9021336149830914e+22,-0.085197911961757897,-0.085197911933823506,0,0,-0.085197911961757897,0,1,-0.085197911961757897,0
n17_vd_0p05_vg_0p05,baseline,993,internal,2115,electron,993,996,993,996,0,1,1.3049449999999989e-07,3.6410894004419148e-10,4.3988804732008451e-11,0.00043988857695298478,0.00043285632271457849,0,1.0003419059678529,0.99965817194751472,3.2297638807097396e+26,3.2319729352694532e+26,223994.06192349514,1.8917736701986104e-17,1,3.9021336149830847e+22,3.9021336149928356e+22,3.9021336137037003e+22,0,-12891352727552,0,3.9021336149830847e+22,0.085197911961757744,0.085197911933824089,0,0,0.085197911961757744,0,1,0.085197911961757744,0
n17_vd_0p05_vg_0p05,baseline,996,internal,2085,electron,983,996,996,983,1,0,6.4696812499999939e-10,6.5247249999999943e-08,2.6617835673594012e-08,-0.26617841264453546,0.00043301879886063868,4.4408920985006262e-13,1.0006793987285583,0.99932090885388869,3.2275853137062018e+26,3.2319729352694532e+26,24289266067.361496,2.0513844706462405e-12,-1,-1.4104534854007557e+27,-1.4104534854042645e+27,-1.4104533177334689e+27,24.910237163084524,1.6767079561071847e+20,0,-1.4104534854007557e+27,3079.53811253203,3079.5377464527473,0,0,3079.53811253203,0,1,3079.53811253203,0
n17_vd_0p05_vg_0p05,baseline,996,internal,2085,electron,983,996,996,996,1,1,6.4696812499999939e-10,6.5247249999999943e-08,2.6617835673594012e-08,0.26617841264453546,0.00043301879886063868,-4.4408920985006262e-13,1.0006793987285583,0.99932090885388869,3.2275853137062018e+26,3.2319729352694532e+26,24289266067.361496,2.0513844706462405e-12,-1,1.4104534854007527e+27,1.4104534854042733e+27,1.4104533177334777e+27,-24.910237163084524,-1.6767079561071847e+20,0,1.4104534854007527e+27,-3079.5381125320232,-3079.5377464527664,0,0,-3079.5381125320232,0,1,-3079.5381125320232,0
n17_vd_0p05_vg_0p05,baseline,996,internal,2115,electron,993,996,996,993,1,0,1.3049449999999989e-07,3.6410894004419148e-10,4.3988804732008451e-11,-0.00043988857695298478,0.00043285632271457849,0,1.0003419059678529,0.99965817194751472,3.2297638807097396e+26,3.2319729352694532e+26,223994.06192349514,1.8917736701986104e-17,-1,-3.9021336149830914e+22,-3.9021336149928079e+22,-3.9021336137036735e+22,0,12891344338944,0,-3.9021336149830914e+22,0.085197911961757897,0.085197911933823506,0,0,0.085197911961757897,0,1,0.085197911961757897,0
n17_vd_0p05_vg_0p05,baseline,996,internal,2115,electron,993,996,996,996,1,1,1.3049449999999989e-07,3.6410894004419148e-10,4.3988804732008451e-11,0.00043988857695298478,0.00043285632271457849,0,1.0003419059678529,0.99965817194751472,3.2297638807097396e+26,3.2319729352694532e+26,223994.06192349514,1.8917736701986104e-17,-1,3.9021336149830847e+22,3.9021336149928356e+22,3.9021336137037003e+22,0,-12891352727552,0,3.9021336149830847e+22,-0.085197911961757744,-0.085197911933824089,0,0,-0.085197911961757744,0,1,-0.085197911961757744,0
n17_vd_0p05_vg_0p05,baseline,996,contact_cut,2118,electron,995,996,996,995,1,0,8.1249755088383561e-11,6.5247249999999943e-08,0,0,0.00043270209425701162,0,0.99995899210721928,1.0000410090139096,3.2322380225627774e+26,3.2319729352694532e+26,0,0,-1,-1.1230902929151012e+28,-1.1230902929179094e+28,-1.12308896112436e+28,0,1.3317935493618881e+22,0,-1.1230902929151012e+28,24521.186956152011,24521.157878267575,0,1,24521.186956152011,0,1,24521.186956152011,0
n17_vd_0p05_vg_0p05,baseline,996,contact_cut,2118,electron,995,996,996,996,1,1,8.1249755088383561e-11,6.5247249999999943e-08,0,0,0.00043270209425701162,0,0.99995899210721928,1.0000410090139096,3.2322380225627774e+26,3.2319729352694532e+26,0,0,-1,1.1230902929151025e+28,1.1230902929179015e+28,1.1230889611243519e+28,0,-1.3317935495817904e+22,0,1.1230902929151025e+28,-24521.18695615204,-24521.157878267397,0,0,-24521.18695615204,0,1,-24521.18695615204,0
n17_vd_0p05_vg_0p05,baseline,998,internal,2108,electron,991,998,998,991,1,0,8.1249755088383561e-11,3.8864649999999965e-08,0,0,0.00043678680566463265,0,1.0000099647490517,0.99999003531714514,3.2044729804018841e+26,3.2045368443643293e+26,0,0,-1,-6.695193803582157e+27,-6.6951938035988641e+27,-6.6951857810813896e+27,0,8.0225174745676387e+21,0,-6.695193803582157e+27,14618.067665706298,14618.050149639921,0,0,14618.067665706298,0,1,14618.067665706298,0
n17_vd_0p05_vg_0p05,baseline,998,internal,2108,electron,991,998,998,998,1,1,8.1249755088383561e-11,3.8864649999999965e-08,0,0,0.00043678680566463265,0,1.0000099647490517,0.99999003531714514,3.2044729804018841e+26,3.2045368443643293e+26,0,0,-1,6.6951938035821592e+27,6.695193803598841e+27,6.6951857810813654e+27,0,-8.0225174756671504e+21,0,6.6951938035821592e+27,-14618.067665706303,-14618.050149639868,0,0,-14618.067665706303,0,1,-14618.067665706303,0
n17_vd_0p05_vg_0p05,baseline,998,contact_cut,2109,electron,997,998,998,997,1,0,1.8448199999999969e-08,4.0624877544191781e-11,1.4966679107162867e-06,14.966679100919533,0.00043634014312256161,-3.9968028886505635e-12,0.99910796544553881,1.0008925653539051,3.210260766455996e+26,3.2045368443643293e+26,-850933094.37395644,-7.1866763306747651e-14,-1,-3.0818817352415069e+22,-3.0818817352492101e+22,-3.0818817262558627e+22,7.7944051292271244,89933473644544,0,-3.0818817352415069e+22,0.067288800093226256,0.067288799897036636,0,1,0.067288800093226256,0,1,0.067288800093226256,0
n17_vd_0p05_vg_0p05,baseline,998,contact_cut,2109,electron,997,998,998,998,1,1,1.8448199999999969e-08,4.0624877544191781e-11,1.4966679107162867e-06,-14.966679100919533,0.00043634014312256161,3.9968028886505635e-12,0.99910796544553881,1.0008925653539051,3.210260766455996e+26,3.2045368443643293e+26,-850933094.37395644,-7.1866763306747651e-14,-1,3.0818817352448074e+22,3.0818817352524905e+22,3.0818817262591431e+22,-7.7944051292271244,-89933473644544,0,3.0818817352448074e+22,-0.067288800093298323,-0.067288799897108259,0,0,-0.067288800093298323,0,1,-0.067288800093298323,0
n17_vd_0p05_vg_0p05,baseline,998,internal,2274,electron,998,1055,998,998,0,0,5.9281099999999972e-08,4.0624877544191781e-11,1.0246743682395838e-06,10.246743682718051,0.00046148733900966291,-3.1086244689504383e-12,0.94851399165046013,1.0533162592137508,3.2045368443643293e+26,2.8856936433460148e+26,-583911110.56710601,-4.931504233735289e-14,1,-9.6126828224755941e+21,-9.6126828224995876e+21,-9.6126828143203613e+21,3.9332831316590546,8179226247168,0,-9.6126828224755941e+21,-0.020988017982801106,-0.020988017964995234,0,0,-0.020988017982801106,0,1,-0.020988017982801106,0
n17_vd_0p05_vg_0p05,baseline,998,internal,2274,electron,998,1055,998,1055,0,1,5.9281099999999972e-08,4.0624877544191781e-11,1.0246743682395838e-06,-10.246743682718051,0.00046148733900966291,3.1086244689504383e-12,0.94851399165046013,1.0533162592137508,3.2045368443643293e+26,2.8856936433460148e+26,-583911110.56710601,-4.931504233735289e-14,1,9.6126828224981909e+21,9.6126828225221047e+21,9.6126828143428806e+21,-3.9332831316590546,-8179224150016,0,9.6126828224981909e+21,0.020988017982850441,0.020988017965044403,0,0,0.020988017982850441,0,1,0.020988017982850441,0
n17_vd_0p05_vg_0p05,sentaurus,991,internal,2091,electron,986,991,991,986,1,0,6.4696812499999939e-10,3.8864649999999965e-08,1.0647134269437371e-07,1.0647135395558394,0.00043709810001297048,0,1.0006183906996315,0.99938186413335373,3.2004693391705313e+26,3.2044292522973217e+26,-57922668580.382774,-4.891941258935435e-12,-1,-8.4087791656964293e+26,-8.4087791657174176e+26,-8.4087781556563933e+26,-0,1.0100610242250277e+20,0,-8.4087791656964293e+26,1835.9454025716973,1835.9451820428519,0,0,1835.9454025716973,0,1,1835.9454025716973,0
n17_vd_0p05_vg_0p05,sentaurus,991,internal,2091,electron,986,991,991,991,1,1,6.4696812499999939e-10,3.8864649999999965e-08,1.0647134269437371e-07,-1.0647135395558394,0.00043709810001297048,0,1.0006183906996315,0.99938186413335373,3.2004693391705313e+26,3.2044292522973217e+26,-57922668580.382774,-4.891941258935435e-12,-1,8.4087791656964719e+26,8.4087791657174107e+26,8.4087781556563576e+26,-0,-1.0100610530872079e+20,0,8.4087791656964719e+26,-1835.9454025717064,-1835.945182042844,0,0,-1835.9454025717064,0,1,-1835.9454025717064,0
n17_vd_0p05_vg_0p05,sentaurus,991,internal,2092,electron,991,992,991,991,0,0,1.8448199999999969e-08,3.6410894004419148e-10,1.3759387736356383e-06,-13.759387729878059,0.00043637786990811413,3.9968028886505635e-12,1.0008681531904486,0.99913234897890302,3.2044292522973217e+26,3.2099963443790312e+26,7011658047.5358248,5.9217954104939318e-13,1,-2.7622795002499197e+23,-2.7622795002568194e+23,-2.7622794921953494e+23,64.220064927953544,806147007184896,0,-2.7622795002499197e+23,-0.60310709190587519,-0.6031070901472666,0,0,-0.60310709190587519,0,1,-0.60310709190587519,0
n17_vd_0p05_vg_0p05,sentaurus,991,internal,2092,electron,991,992,991,992,0,1,1.8448199999999969e-08,3.6410894004419148e-10,1.3759387736356383e-06,13.759387729878059,0.00043637786990811413,-3.9968028886505635e-12,1.0008681531904486,0.99913234897890302,3.2044292522973217e+26,3.2099963443790312e+26,7011658047.5358248,5.9217954104939318e-13,1,2.7622795002472004e+23,2.7622795002540972e+23,2.7622794921926274e+23,-64.220064927953544,-806146973630464,0,2.7622795002472004e+23,0.60310709190528156,0.6031070901466723,0,0,0.60310709190528156,0,1,0.60310709190528156,0
n17_vd_0p05_vg_0p05,sentaurus,991,internal,2108,electron,991,998,991,991,0,0,8.1249755088383561e-11,3.8864649999999965e-08,2.2608007412627632e-06,-22.608007910207562,0.00043678680689611567,1.0658141036401503e-11,1.0000097025434893,0.99999029751926993,3.2044292522973217e+26,3.2044914349278716e+26,1229819744613.6401,1.0386617359281115e-10,1,-6.6951007046475718e+27,-6.6951007046642844e+27,-6.6950926822583651e+27,30009.130496839694,8.0224059192173962e+21,0,-6.6951007046475718e+27,-14617.864396530633,-14617.846880707835,0,0,-14617.864396530633,0,1,-14617.864396530633,0
n17_vd_0p05_vg_0p05,sentaurus,991,internal,2108,electron,991,998,991,998,0,1,8.1249755088383561e-11,3.8864649999999965e-08,2.2608007412627632e-06,22.608007910207562,0.00043678680689611567,-1.0658141036401503e-11,1.0000097025434893,0.99999029751926993,3.2044292522973217e+26,3.2044914349278716e+26,1229819744613.6401,1.0386617359281115e-10,1,6.6951007046475168e+27,6.695100704664236e+27,6.6950926822582926e+27,-30009.130496839694,-8.022405943406652e+21,0,6.6951007046475168e+27,14617.864396530513,14617.846880707677,0,0,14617.864396530513,0,1,14617.864396530513,0
n17_vd_0p05_vg_0p05,sentaurus,991,internal,2110,electron,991,999,991,991,0,0,5.9281099999999972e-08,3.6410894004419148e-10,9.4992019962486426e-07,9.4992019944450945,0.0004617508691071997,-1.7763568394002505e-12,0.94853913241228205,1.0532892994868246,3.2044292522973217e+26,2.8857471013311787e+26,-4854361637.4286118,-4.0998200811440359e-13,1,-8.6204264445575424e+22,-8.6204264445789619e+22,-8.6204264372393711e+22,18.674742317737984,73395907592192,0,-8.6204264445575424e+22,-0.18821557787672158,-0.188215577716939,0,0,-0.18821557787672158,0,1,-0.18821557787672158,0
n17_vd_0p05_vg_0p05,sentaurus,991,internal,2110,electron,991,999,991,999,0,1,5.9281099999999972e-08,3.6410894004419148e-10,9.4992019962486426e-07,-9.4992019944450945,0.0004617508691071997,1.7763568394002505e-12,0.94853913241228205,1.0532892994868246,3.2044292522973217e+26,2.8857471013311787e+26,-4854361637.4286118,-4.0998200811440359e-13,1,8.620426444576296e+22,8.620426444597801e+22,8.6204264372582086e+22,-18.674742317737984,-73395924369408,0,8.620426444576296e+22,0.18821557787713103,0.18821557771735031,0,0,0.18821557787713103,0,1,0.18821557787713103,0
n17_vd_0p05_vg_0p05,sentaurus,992,internal,2092,electron,991,992,992,991,1,0,1.8448199999999969e-08,3.6410894004419148e-10,1.3759387736356383e-06,-13.759387729878059,0.00043637786990811413,3.9968028886505635e-12,1.0008681531904486,0.99913234897890302,3.2044292522973217e+26,3.2099963443790312e+26,7011658047.5358248,5.9217954104939318e-13,-1,-2.7622795002499197e+23,-2.7622795002568194e+23,-2.7622794921953494e+23,64.220064927953544,806147007184896,0,-2.7622795002499197e+23,0.60310709190587519,0.6031070901472666,0,0,0.60310709190587519,0,1,0.60310709190587519,0
n17_vd_0p05_vg_0p05,sentaurus,992,internal,2092,electron,991,992,992,992,1,1,1.8448199999999969e-08,3.6410894004419148e-10,1.3759387736356383e-06,13.759387729878059,0.00043637786990811413,-3.9968028886505635e-12,1.0008681531904486,0.99913234897890302,3.2044292522973217e+26,3.2099963443790312e+26,7011658047.5358248,5.9217954104939318e-13,-1,2.7622795002472004e+23,2.7622795002540972e+23,2.7622794921926274e+23,-64.220064927953544,-806146973630464,0,2.7622795002472004e+23,-0.60310709190528156,-0.6031070901466723,0,0,-0.60310709190528156,0,1,-0.60310709190528156,0
n17_vd_0p05_vg_0p05,sentaurus,992,internal,2094,electron,985,992,992,985,1,0,6.4696812499999939e-10,4.3976850000000036e-08,1.0735860388349586e-06,-10.735860311861245,0.0004363081348855552,3.5527136788005009e-12,1.000664274006301,0.99933602003679156,3.205735484371125e+26,3.2099963443790312e+26,660800500179.74182,5.5808844964875563e-11,-1,-9.5137256543620069e+26,-9.5137256543857426e+26,-9.5137245138889723e+26,5380.6811934931557,1.1404967703253038e+20,0,-9.5137256543620069e+26,2077.1958131222627,2077.1955641151021,0,0,2077.1958131222627,0,1,2077.1958131222627,0
n17_vd_0p05_vg_0p05,sentaurus,992,internal,2094,electron,985,992,992,992,1,1,6.4696812499999939e-10,4.3976850000000036e-08,1.0735860388349586e-06,10.735860311861245,0.0004363081348855552,-3.5527136788005009e-12,1.000664274006301,0.99933602003679156,3.205735484371125e+26,3.2099963443790312e+26,660800500179.74182,5.5808844964875563e-11,-1,9.513725654361776e+26,9.5137256543855213e+26,9.5137245138887166e+26,-5380.6811934931557,-1.1404968046850422e+20,0,9.513725654361776e+26,-2077.1958131222127,-2077.1955641150466,0,0,-2077.1958131222127,0,1,-2077.1958131222127,0
n17_vd_0p05_vg_0p05,sentaurus,992,contact_cut,2107,electron,992,997,992,992,0,0,8.1249755088383561e-11,4.3976850000000036e-08,1.6249505327826e-06,16.249504852794416,0.00043599619129728033,-7.9936057773011271e-12,1.0000428462640527,0.99995715495978055,3.2099963443790312e+26,3.2102714249383439e+26,-1000161432527.6224,-8.4470054596809674e-11,1,-7.575440621955395e+27,-7.5754406219742527e+27,-7.5754315629204606e+27,18337.078086618698,9.059053792110001e+21,0,-7.575440621955395e+27,-16539.969843746032,-16539.950064544781,0,0,-16539.969843746032,0,1,-16539.969843746032,0
n17_vd_0p05_vg_0p05,sentaurus,992,contact_cut,2107,electron,992,997,992,997,0,1,8.1249755088383561e-11,4.3976850000000036e-08,1.6249505327826e-06,-16.249504852794416,0.00043599619129728033,7.9936057773011271e-12,1.0000428462640527,0.99995715495978055,3.2099963443790312e+26,3.2102714249383439e+26,-1000161432527.6224,-8.4470054596809674e-11,1,7.5754406219554324e+27,7.5754406219742923e+27,7.5754315629204991e+27,-18337.078086618698,-9.0590537932095126e+21,0,7.5754406219554324e+27,16539.969843746112,16539.950064544864,0,1,16539.969843746112,0,1,16539.969843746112,0
n17_vd_0p05_vg_0p05,sentaurus,992,internal,2112,electron,992,993,992,992,0,0,6.9505500000000106e-08,3.6410894004419148e-10,7.9284160187855928e-09,-0.079284161701165257,0.00043447280845977795,0,1.003075277713225,0.9969310142783423,3.2099963443790312e+26,3.2297801236800353e+26,40384846.68534372,3.41075959685194e-15,1,-7.3284619333943513e+22,-7.3284619334126083e+22,-7.3284619285238945e+22,0,48887138091008,0,-7.3284619333943513e+22,-0.16000724634826002,-0.16000724624192006,0,0,-0.16000724634826002,0,1,-0.16000724634826002,0
n17_vd_0p05_vg_0p05,sentaurus,992,internal,2112,electron,992,993,992,993,0,1,6.9505500000000106e-08,3.6410894004419148e-10,7.9284160187855928e-09,0.079284161701165257,0.00043447280845977795,0,1.003075277713225,0.9969310142783423,3.2099963443790312e+26,3.2297801236800353e+26,40384846.68534372,3.41075959685194e-15,1,7.3284619333941995e+22,7.3284619334124782e+22,7.3284619285237644e+22,0,-48887138091008,0,7.3284619333941995e+22,0.16000724634825672,0.16000724624191723,0,0,0.16000724634825672,0,1,0.16000724634825672,0
n17_vd_0p05_vg_0p05,sentaurus,993,internal,2088,electron,984,993,993,984,1,0,6.4696812499999939e-10,9.9999999999999995e-08,4.6137581834229627e-07,-4.6137582643268615,0.0004333429672062254,1.7763568394002505e-12,1.0006724042923834,0.9993278969909215,3.2254405786503803e+26,3.2297801236800353e+26,645308744170.07104,5.4500466703748001e-11,-1,-2.1618713057400794e+27,-2.1618713057454679e+27,-2.1618710485348274e+27,2645.2456552404956,2.5721064047320341e+20,0,-2.1618713057400794e+27,4720.1592603561321,4720.1586987825776,0,0,4720.1592603561321,0,1,4720.1592603561321,0
n17_vd_0p05_vg_0p05,sentaurus,993,internal,2088,electron,984,993,993,993,1,1,6.4696812499999939e-10,9.9999999999999995e-08,4.6137581834229627e-07,4.6137582643268615,0.0004333429672062254,-1.7763568394002505e-12,1.0006724042923834,0.9993278969909215,3.2254405786503803e+26,3.2297801236800353e+26,645308744170.07104,5.4500466703748001e-11,-1,2.1618713057400503e+27,2.1618713057454426e+27,2.1618710485348175e+27,-2645.2456552404956,-2.5721062508004062e+20,0,2.1618713057400503e+27,-4720.1592603560684,-4720.1586987825558,0,0,-4720.1592603560684,0,1,-4720.1592603560684,0
n17_vd_0p05_vg_0p05,sentaurus,993,internal,2112,electron,992,993,993,992,1,0,6.9505500000000106e-08,3.6410894004419148e-10,7.9284160187855928e-09,-0.079284161701165257,0.00043447280845977795,0,1.003075277713225,0.9969310142783423,3.2099963443790312e+26,3.2297801236800353e+26,40384846.68534372,3.41075959685194e-15,-1,-7.3284619333943513e+22,-7.3284619334126083e+22,-7.3284619285238945e+22,0,48887138091008,0,-7.3284619333943513e+22,0.16000724634826002,0.16000724624192006,0,0,0.16000724634826002,0,1,0.16000724634826002,0
n17_vd_0p05_vg_0p05,sentaurus,993,internal,2112,electron,992,993,993,993,1,1,6.9505500000000106e-08,3.6410894004419148e-10,7.9284160187855928e-09,0.079284161701165257,0.00043447280845977795,0,1.003075277713225,0.9969310142783423,3.2099963443790312e+26,3.2297801236800353e+26,40384846.68534372,3.41075959685194e-15,-1,7.3284619333941995e+22,7.3284619334124782e+22,7.3284619285237644e+22,0,-48887138091008,0,7.3284619333941995e+22,-0.16000724634825672,-0.16000724624191723,0,0,-0.16000724634825672,0,1,-0.16000724634825672,0
n17_vd_0p05_vg_0p05,sentaurus,993,contact_cut,2114,electron,993,994,993,993,0,0,8.1249755088383561e-11,9.9999999999999995e-08,5.6520018531568721e-07,5.6520024216411002,0.00043302861600750316,-2.6645352591003757e-12,1.0000432230831753,0.99995677816227868,3.2297801236800353e+26,3.2300593338353254e+26,-790515921267.78516,-6.6764145124435125e-11,1,-1.7214177035929088e+28,-1.7214177035972101e+28,-1.7214156605810164e+28,4864.2456115688501,2.0430161936929142e+22,0,-1.7214177035929088e+28,-37584.872388014221,-37584.827781559259,0,0,-37584.872388014221,0,1,-37584.872388014221,0
n17_vd_0p05_vg_0p05,sentaurus,993,contact_cut,2114,electron,993,994,993,994,0,1,8.1249755088383561e-11,9.9999999999999995e-08,5.6520018531568721e-07,-5.6520024216411002,0.00043302861600750316,2.6645352591003757e-12,1.0000432230831753,0.99995677816227868,3.2297801236800353e+26,3.2300593338353254e+26,-790515921267.78516,-6.6764145124435125e-11,1,1.7214177035929137e+28,1.7214177035972009e+28,1.7214156605810074e+28,-4864.2456115688501,-2.0430161934730119e+22,0,1.7214177035929137e+28,37584.872388014322,37584.827781559063,0,1,37584.872388014322,0,1,37584.872388014322,0
n17_vd_0p05_vg_0p05,sentaurus,993,internal,2115,electron,993,996,993,993,0,0,1.3049449999999989e-07,3.6410894004419148e-10,3.0792163312405915e-09,0.03079216352383507,0.00043285632867895088,0,1.0003385269866378,0.99966154939647123,3.2297801236800353e+26,3.2319673527139734e+26,-15679610.442514278,-1.3242437741162444e-15,1,-3.9021401123744115e+22,-3.9021401123841456e+22,-3.9021401110950078e+22,-0,12891377893376,0,-3.9021401123744115e+22,-0.085198053823679676,-0.08519805379574559,0,0,-0.085198053823679676,0,1,-0.085198053823679676,0
n17_vd_0p05_vg_0p05,sentaurus,993,internal,2115,electron,993,996,993,996,0,1,1.3049449999999989e-07,3.6410894004419148e-10,3.0792163312405915e-09,-0.03079216352383507,0.00043285632867895088,0,1.0003385269866378,0.99966154939647123,3.2297801236800353e+26,3.2319673527139734e+26,-15679610.442514278,-1.3242437741162444e-15,1,3.9021401123744777e+22,3.902140112384206e+22,3.9021401110950959e+22,-0,-12891101069312,0,3.9021401123744777e+22,0.085198053823681119,0.085198053795747519,0,0,0.085198053823681119,0,1,0.085198053823681119,0
n17_vd_0p05_vg_0p05,sentaurus,996,internal,2085,electron,983,996,996,983,1,0,6.4696812499999939e-10,6.5247249999999943e-08,1.7745223782396012e-07,-1.7745225289189648,0.00043301879886474711,4.4408920985006262e-13,1.0006778179303801,0.99932248822271319,3.2275899384365286e+26,3.2319673527139734e+26,161928416671.27267,1.3675894462786723e-11,-1,-1.4104532782877281e+27,-1.4104532782912559e+27,-1.4104531106204749e+27,166.06822336662202,1.676707810421894e+20,0,-1.4104532782877281e+27,3079.5376603282043,3079.5372942489948,0,0,3079.5376603282043,0,1,3079.5376603282043,0
n17_vd_0p05_vg_0p05,sentaurus,996,internal,2085,electron,983,996,996,996,1,1,6.4696812499999939e-10,6.5247249999999943e-08,1.7745223782396012e-07,1.7745225289189648,0.00043301879886474711,-4.4408920985006262e-13,1.0006778179303801,0.99932248822271319,3.2275899384365286e+26,3.2319673527139734e+26,161928416671.27267,1.3675894462786723e-11,-1,1.4104532782877229e+27,1.4104532782912397e+27,1.4104531106204586e+27,-166.06822336662202,-1.676707810421894e+20,0,1.4104532782877229e+27,-3079.5376603281929,-3079.5372942489594,0,0,-3079.5376603281929,0,1,-3079.5376603281929,0
n17_vd_0p05_vg_0p05,sentaurus,996,internal,2115,electron,993,996,996,993,1,0,1.3049449999999989e-07,3.6410894004419148e-10,3.0792163312405915e-09,0.03079216352383507,0.00043285632867895088,0,1.0003385269866378,0.99966154939647123,3.2297801236800353e+26,3.2319673527139734e+26,-15679610.442514278,-1.3242437741162444e-15,-1,-3.9021401123744115e+22,-3.9021401123841456e+22,-3.9021401110950078e+22,-0,12891377893376,0,-3.9021401123744115e+22,0.085198053823679676,0.08519805379574559,0,0,0.085198053823679676,0,1,0.085198053823679676,0
n17_vd_0p05_vg_0p05,sentaurus,996,internal,2115,electron,993,996,996,996,1,1,1.3049449999999989e-07,3.6410894004419148e-10,3.0792163312405915e-09,-0.03079216352383507,0.00043285632867895088,0,1.0003385269866378,0.99966154939647123,3.2297801236800353e+26,3.2319673527139734e+26,-15679610.442514278,-1.3242437741162444e-15,-1,3.9021401123744777e+22,3.902140112384206e+22,3.9021401110950959e+22,-0,-12891101069312,0,3.9021401123744777e+22,-0.085198053823681119,-0.085198053795747519,0,0,-0.085198053823681119,0,1,-0.085198053823681119,0
n17_vd_0p05_vg_0p05,sentaurus,996,contact_cut,2118,electron,995,996,996,995,1,0,8.1249755088383561e-11,6.5247249999999943e-08,2.4021007875916701e-06,-24.021007405394812,0.00043270209426124836,1.1102230246251565e-11,0.99995646906673397,1.0000435321965973,3.2322487501568391e+26,3.2319673527139734e+26,2191938199846.3738,1.8512325449896044e-10,-1,-1.1230911866640322e+28,-1.1230911866668311e+28,-1.1230898548722178e+28,56240.547256413018,1.3317946132493391e+22,0,-1.1230911866640322e+28,24521.206469974513,24521.177392066642,0,1,24521.206469974513,0,1,24521.206469974513,0
n17_vd_0p05_vg_0p05,sentaurus,996,contact_cut,2118,electron,995,996,996,996,1,1,8.1249755088383561e-11,6.5247249999999943e-08,2.4021007875916701e-06,24.021007405394812,0.00043270209426124836,-1.1102230246251565e-11,0.99995646906673397,1.0000435321965973,3.2322487501568391e+26,3.2319673527139734e+26,2191938199846.3738,1.8512325449896044e-10,-1,1.123091186664022e+28,1.1230911866668188e+28,1.1230898548722055e+28,-56240.547256413018,-1.3317946132493391e+22,0,1.123091186664022e+28,-24521.206469974291,-24521.177392066373,0,0,-24521.206469974291,0,1,-24521.206469974291,0
n17_vd_0p05_vg_0p05,sentaurus,998,internal,2108,electron,991,998,998,991,1,0,8.1249755088383561e-11,3.8864649999999965e-08,2.2608007412627632e-06,-22.608007910207562,0.00043678680689611567,1.0658141036401503e-11,1.0000097025434893,0.99999029751926993,3.2044292522973217e+26,3.2044914349278716e+26,1229819744613.6401,1.0386617359281115e-10,-1,-6.6951007046475718e+27,-6.6951007046642844e+27,-6.6950926822583651e+27,30009.130496839694,8.0224059192173962e+21,0,-6.6951007046475718e+27,14617.864396530633,14617.846880707835,0,0,14617.864396530633,0,1,14617.864396530633,0
n17_vd_0p05_vg_0p05,sentaurus,998,internal,2108,electron,991,998,998,998,1,1,8.1249755088383561e-11,3.8864649999999965e-08,2.2608007412627632e-06,22.608007910207562,0.00043678680689611567,-1.0658141036401503e-11,1.0000097025434893,0.99999029751926993,3.2044292522973217e+26,3.2044914349278716e+26,1229819744613.6401,1.0386617359281115e-10,-1,6.6951007046475168e+27,6.695100704664236e+27,6.6950926822582926e+27,-30009.130496839694,-8.022405943406652e+21,0,6.6951007046475168e+27,-14617.864396530513,-14617.846880707677,0,0,-14617.864396530513,0,1,-14617.864396530513,0
n17_vd_0p05_vg_0p05,sentaurus,998,contact_cut,2109,electron,997,998,998,997,1,0,1.8448199999999969e-08,4.0624877544191781e-11,1.3588251072968865e-06,13.588251069479584,0.00043633969847761868,-3.5527136788005009e-12,0.99909922538169793,1.000901315873296,3.2102714249383439e+26,3.2044914349278716e+26,-772557352.74115205,-6.5247428707874686e-14,-1,-3.0818618669853246e+22,-3.0818618669930031e+22,-3.0818618579997363e+22,6.2902254466359953,89932668338176,0,-3.0818618669853246e+22,0.06728836629620441,0.067288366100015998,0,1,0.06728836629620441,0,1,0.06728836629620441,0
n17_vd_0p05_vg_0p05,sentaurus,998,contact_cut,2109,electron,997,998,998,998,1,1,1.8448199999999969e-08,4.0624877544191781e-11,1.3588251072968865e-06,-13.588251069479584,0.00043633969847761868,3.5527136788005009e-12,0.99909922538169793,1.000901315873296,3.2102714249383439e+26,3.2044914349278716e+26,-772557352.74115205,-6.5247428707874686e-14,-1,3.0818618669883172e+22,3.0818618669960142e+22,3.0818618580027465e+22,-6.2902254466359953,-89932676726784,0,3.0818618669883172e+22,-0.067288366296269747,-0.067288366100081723,0,0,-0.067288366296269747,0,1,-0.067288366296269747,0
n17_vd_0p05_vg_0p05,sentaurus,998,internal,2274,electron,998,1055,998,998,0,0,5.9281099999999972e-08,4.0624877544191781e-11,9.4992019962486426e-07,9.4992019961798171,0.00046148753393229482,-2.6645352591003757e-12,0.94853985077627379,1.0532885291620746,3.2044914349278716e+26,2.8858073959326594e+26,-541319732.32982719,-4.5717926983720259e-14,1,-9.6128127322805984e+21,-9.6128127323045395e+21,-9.6128127241252063e+21,3.1254701528973752,8179333201920,0,-9.6128127322805984e+21,-0.020988301623629989,-0.020988301605823774,0,0,-0.020988301623629989,0,1,-0.020988301623629989,0
n17_vd_0p05_vg_0p05,sentaurus,998,internal,2274,electron,998,1055,998,1055,0,1,5.9281099999999972e-08,4.0624877544191781e-11,9.4992019962486426e-07,-9.4992019961798171,0.00046148753393229482,2.6645352591003757e-12,0.94853985077627379,1.0532885291620746,3.2044914349278716e+26,2.8858073959326594e+26,-541319732.32982719,-4.5717926983720259e-14,1,9.6128127323015238e+21,9.6128127323254796e+21,9.6128127241460751e+21,-3.1254701528973752,-8179404505088,0,9.6128127323015238e+21,0.020988301623675678,0.020988301605869338,0,0,0.020988301623675678,0,1,0.020988301623675678,0
n17_vd_0p05_vg_0p8,baseline,991,internal,2091,electron,986,991,991,986,1,0,6.4696812499999939e-10,3.8864649999999965e-08,1.0861397731842382,-10861397.731842469,0.000437098073918291,4.0916017240988367e-06,1.0006256574415724,0.99937460341445061,3.2004666045910244e+26,3.2044729797505843e+26,5.9088681555322022e+17,4.9904185411525599e-05,-1,-8.4088325455838578e+26,-8.4088325456047581e+26,-8.408831539613414e+26,5531192328513384,1.0059913441127799e+20,0,-8.4088325455838578e+26,1835.9570573621231,1835.9568377218193,0,0,1835.9570573621231,0,1,1835.9570573621231,0
n17_vd_0p05_vg_0p8,baseline,991,internal,2091,electron,986,991,991,991,1,1,6.4696812499999939e-10,3.8864649999999965e-08,1.0861397731842382,10861397.731842469,0.000437098073918291,-4.0916017240988367e-06,1.0006256574415724,0.99937460341445061,3.2004666045910244e+26,3.2044729797505843e+26,5.9088681555322022e+17,4.9904185411525599e-05,-1,8.4088323170186052e+26,8.4088323170395921e+26,8.4088313110483057e+26,-5531192328513384,-1.0059912863884195e+20,0,8.4088323170186052e+26,-1835.9570074579317,-1835.9567878176595,0,0,-1835.9570074579317,0,1,-1835.9570074579317,0
n17_vd_0p05_vg_0p8,baseline,991,internal,2092,electron,991,992,991,991,0,0,1.8448199999999969e-08,3.6410894004419148e-10,320.9655123436994,-54205830.379115537,0.00043637584663440648,2.2035736790826377e-05,1.0009726119659299,0.99902801827480081,3.2044729797505843e+26,3.2099751318147986e+26,1.6356089951678579e+18,0.00013813768120582502,1,-2.7625926832692263e+23,-2.7625926832762369e+23,-2.7625918573276803e+23,82593593546030080,82594855661862912,0,-2.7625926832692263e+23,-0.60317547126429694,-0.60317529093091504,0,0,-0.60317547126429694,0,1,-0.60317547126429694,0
n17_vd_0p05_vg_0p8,baseline,991,internal,2092,electron,991,992,991,992,0,1,1.8448199999999969e-08,3.6410894004419148e-10,320.9655123436994,54205830.379115537,0.00043637584663440648,-2.2035736790826377e-05,1.0009726119659299,0.99902801827480081,3.2044729797505843e+26,3.2099751318147986e+26,1.6356089951678579e+18,0.00013813768120582502,1,2.7619600014617547e+23,2.7619600014685568e+23,2.7619591755195009e+23,-82593593546030080,-82594905590857728,0,2.7619600014617547e+23,0.60303733358309142,0.60303715324955498,0,0,0.60303733358309142,0,1,0.60303733358309142,0
n17_vd_0p05_vg_0p8,baseline,991,internal,2108,electron,991,998,991,991,0,0,8.1249755088383561e-11,3.8864649999999965e-08,0.10972358367132579,-1097235.8367133951,0.00043678677981576756,5.1745230322808311e-07,1.0000099649218372,0.99999003514436213,3.2044729797505843e+26,3.2045368437153275e+26,59687744960587040,5.0410132920637223e-06,1,-6.6951934071593595e+27,-6.6951934071760589e+27,-6.6951853849183737e+27,70710842295578.203,8.0222576852587627e+21,0,-6.6951934071593595e+27,-14618.066800169699,-14618.04928467052,0,0,-14618.066800169699,0,1,-14618.066800169699,0
n17_vd_0p05_vg_0p8,baseline,991,internal,2108,electron,991,998,991,998,0,1,8.1249755088383561e-11,3.8864649999999965e-08,0.10972358367132579,1097235.8367133951,0.00043678677981576756,-5.1745230322808311e-07,1.0000099649218372,0.99999003514436213,3.2044729797505843e+26,3.2045368437153275e+26,59687744960587040,5.0410132920637223e-06,1,6.6951934048505434e+27,6.6951934048672109e+27,6.6951853826095323e+27,-70710842295578.203,-8.0222576786616929e+21,0,6.6951934048505434e+27,14618.066795128705,14618.049279629473,0,0,14618.066795128705,0,1,14618.066795128705,0
n17_vd_0p05_vg_0p8,baseline,991,internal,2110,electron,991,999,991,991,0,0,5.9281099999999972e-08,3.6410894004419148e-10,221.11085787489424,16868782.799239535,0.00046174991855888489,-7.4181087938995915e-06,0.9482693751592034,1.053578622905186,3.2044729797505843e+26,2.8856362718699542e+26,-1.1299173644746044e+18,-9.5428776158509949e-05,1,-8.6180747208012039e+22,-8.6180747208232962e+22,-8.6180729055834888e+22,18152358237438464,18152398073626624,0,-8.6180747208012039e+22,-0.18816423110766642,-0.18816419147479518,0,0,-0.18816423110766642,0,1,-0.18816423110766642,0
n17_vd_0p05_vg_0p8,baseline,991,internal,2110,electron,991,999,991,999,0,1,5.9281099999999972e-08,3.6410894004419148e-10,221.11085787489424,-16868782.799239535,0.00046174991855888489,7.4181087938995915e-06,0.9482693751592034,1.053578622905186,3.2044729797505843e+26,2.8856362718699542e+26,-1.1299173644746044e+18,-9.5428776158509949e-05,1,8.6224454363118676e+22,8.6224454363352316e+22,8.6224436210953605e+22,-18152358237438464,-18152398711160832,0,8.6224454363118676e+22,0.18825965988382559,0.18825962025098072,0,0,0.18825965988382559,0,1,0.18825965988382559,0
n17_vd_0p05_vg_0p8,baseline,992,internal,2092,electron,991,992,992,991,1,0,1.8448199999999969e-08,3.6410894004419148e-10,320.9655123436994,-54205830.379115537,0.00043637584663440648,2.2035736790826377e-05,1.0009726119659299,0.99902801827480081,3.2044729797505843e+26,3.2099751318147986e+26,1.6356089951678579e+18,0.00013813768120582502,-1,-2.7625926832692263e+23,-2.7625926832762369e+23,-2.7625918573276803e+23,82593593546030080,82594855661862912,0,-2.7625926832692263e+23,0.60317547126429694,0.60317529093091504,0,0,0.60317547126429694,0,1,0.60317547126429694,0
n17_vd_0p05_vg_0p8,baseline,992,internal,2092,electron,991,992,992,992,1,1,1.8448199999999969e-08,3.6410894004419148e-10,320.9655123436994,54205830.379115537,0.00043637584663440648,-2.2035736790826377e-05,1.0009726119659299,0.99902801827480081,3.2044729797505843e+26,3.2099751318147986e+26,1.6356089951678579e+18,0.00013813768120582502,-1,2.7619600014617547e+23,2.7619600014685568e+23,2.7619591755195009e+23,-82593593546030080,-82594905590857728,0,2.7619600014617547e+23,-0.60303733358309142,-0.60303715324955498,0,0,-0.60303733358309142,0,1,-0.60303733358309142,0
n17_vd_0p05_vg_0p8,baseline,992,internal,2094,electron,985,992,992,985,1,0,6.4696812499999939e-10,4.3976850000000036e-08,167.78719715376479,-1545671202.8896334,0.00043630806952579831,0.00057379597651063818,1.0006653597677229,0.99933493523717376,3.2057208026184088e+26,3.2099751318147986e+26,1.0327372275860685e+20,0.0087221289645103162,-1,-9.5136909805925998e+26,-9.5136909806162585e+26,-9.5136895458336686e+26,1.3581698514668405e+20,1.4347825899438814e+20,0,-9.5136909805925998e+26,2077.1882425646018,2077.1879293040188,0,0,2077.1882425646018,0,1,2077.1882425646018,0
n17_vd_0p05_vg_0p8,baseline,992,internal,2094,electron,985,992,992,992,1,1,6.4696812499999939e-10,4.3976850000000036e-08,167.78719715376479,1545671202.8896334,0.00043630806952579831,-0.00057379597651063818,1.0006653597677229,0.99933493523717376,3.2057208026184088e+26,3.2099751318147986e+26,1.0327372275860685e+20,0.0087221289645103162,-1,9.5136510325329803e+26,9.5136510325567078e+26,9.5136495977792773e+26,-1.3581698514668405e+20,-1.4347774304855681e+20,0,9.5136510325329803e+26,-2077.1795204356276,-2077.1792071761861,0,0,-2077.1795204356276,0,1,-2077.1795204356276,0
n17_vd_0p05_vg_0p8,baseline,992,contact_cut,2107,electron,992,997,992,992,0,0,8.1249755088383561e-11,4.3976850000000036e-08,170.38729932998965,-1703872993.2998962,0.00043599612547789529,0.00080022559334480547,1.0000447581636542,0.99995524317183482,3.2099751318147986e+26,3.210260766455996e+26,1.0487330551904597e+20,0.0088572239988838567,1,-7.5754039004582e+27,-7.5754039004770545e+27,-7.5753956494265235e+27,1.9248405715308226e+20,8.2510505309942757e+21,0,-7.5754039004582e+27,-16539.889667227395,-16539.871652194088,0,0,-16539.889667227395,0,1,-16539.889667227395,0
n17_vd_0p05_vg_0p8,baseline,992,contact_cut,2107,electron,992,997,992,997,0,1,8.1249755088383561e-11,4.3976850000000036e-08,170.38729932998965,1703872993.2998962,0.00043599612547789529,-0.00080022559334480547,1.0000447581636542,0.99995524317183482,3.2099751318147986e+26,3.210260766455996e+26,1.0487330551904597e+20,0.0088572239988838567,1,7.5753998437776182e+27,7.5753998437965287e+27,7.5753915927556921e+27,-1.9248405715308226e+20,-8.2510408366002536e+21,0,7.5753998437776182e+27,16539.880810003393,16539.862794991375,0,1,16539.880810003393,0,1,16539.880810003393,0
n17_vd_0p05_vg_0p8,baseline,992,internal,2112,electron,992,993,992,992,0,0,6.9505500000000106e-08,3.6410894004419148e-10,0.18051808074318731,-1805180.807431875,0.00043447277115588837,4.031863731768226e-07,1.0030763120742205,0.99692998414631495,3.2099751318147986e+26,3.2297638806676977e+26,919496649052322.38,7.7657395717353985e-08,1,-7.3284204326101428e+22,-7.3284204326283746e+22,-7.3284204281389082e+22,853283666300.52979,44894663999488,0,-7.3284204326101428e+22,-0.16000634023368063,-0.16000634013605716,0,0,-0.16000634023368063,0,1,-0.16000634023368063,0
n17_vd_0p05_vg_0p8,baseline,992,internal,2112,electron,992,993,992,993,0,1,6.9505500000000106e-08,3.6410894004419148e-10,0.18051808074318731,1805180.807431875,0.00043447277115588837,-4.031863731768226e-07,1.0030763120742205,0.99692998414631495,3.2099751318147986e+26,3.2297638806676977e+26,919496649052322.38,7.7657395717353985e-08,1,7.3284168758383199e+22,7.3284168758565576e+22,7.3284168713670962e+22,-853283666300.52979,-44894613667840,0,7.3284168758383199e+22,0.16000626257628534,0.16000626247866209,0,0,0.16000626257628534,0,1,0.16000626257628534,0
n17_vd_0p05_vg_0p8,baseline,993,internal,2088,electron,984,993,993,984,1,0,6.4696812499999939e-10,9.9999999999999995e-08,15.966826761161359,-159668267.61161348,0.00043334296301719401,5.9053900436367712e-05,1.0006720726938927,0.99932822829239409,3.2254277844234577e+26,3.2297638806676977e+26,2.2332090397699498e+19,0.0018860884191337455,-1,-2.1618619930441511e+27,-2.1618619930495475e+27,-2.1618617533760988e+27,3.0433101617699118e+18,2.3967344870187388e+20,0,-2.1618619930441511e+27,4720.1389273197437,4720.13840403634,0,0,4720.1389273197437,0,1,4720.1389273197437,0
n17_vd_0p05_vg_0p8,baseline,993,internal,2088,electron,984,993,993,993,1,1,6.4696812499999939e-10,9.9999999999999995e-08,15.966826761161359,159668267.61161348,0.00043334296301719401,-5.9053900436367712e-05,1.0006720726938927,0.99932822829239409,3.2254277844234577e+26,3.2297638806676977e+26,2.2332090397699498e+19,0.0018860884191337455,-1,2.1618611292003283e+27,2.1618611292057071e+27,2.1618608895324673e+27,-3.0433101617699118e+18,-2.396732397946646e+20,0,2.1618611292003283e+27,-4720.1370412313318,-4720.1365179483446,0,0,-4720.1370412313318,0,1,-4720.1370412313318,0
n17_vd_0p05_vg_0p8,baseline,993,internal,2112,electron,992,993,993,992,1,0,6.9505500000000106e-08,3.6410894004419148e-10,0.18051808074318731,-1805180.807431875,0.00043447277115588837,4.031863731768226e-07,1.0030763120742205,0.99692998414631495,3.2099751318147986e+26,3.2297638806676977e+26,919496649052322.38,7.7657395717353985e-08,-1,-7.3284204326101428e+22,-7.3284204326283746e+22,-7.3284204281389082e+22,853283666300.52979,44894663999488,0,-7.3284204326101428e+22,0.16000634023368063,0.16000634013605716,0,0,0.16000634023368063,0,1,0.16000634023368063,0
n17_vd_0p05_vg_0p8,baseline,993,internal,2112,electron,992,993,993,993,1,1,6.9505500000000106e-08,3.6410894004419148e-10,0.18051808074318731,1805180.807431875,0.00043447277115588837,-4.031863731768226e-07,1.0030763120742205,0.99692998414631495,3.2099751318147986e+26,3.2297638806676977e+26,919496649052322.38,7.7657395717353985e-08,-1,7.3284168758383199e+22,7.3284168758565576e+22,7.3284168713670962e+22,-853283666300.52979,-44894613667840,0,7.3284168758383199e+22,-0.16000626257628534,-0.16000626247866209,0,0,-0.16000626257628534,0,1,-0.16000626257628534,0
n17_vd_0p05_vg_0p8,baseline,993,contact_cut,2114,electron,993,994,993,993,0,0,8.1249755088383561e-11,9.9999999999999995e-08,15.962225095033652,-159622250.95033666,0.00043302861184613698,7.391753120700173e-05,1.0000441032432517,0.99995589805344087,3.2297638806676977e+26,3.2300486131251823e+26,2.2325435505087615e+19,0.0018855263707243791,1,-1.721410544851881e+28,-1.7214105448561581e+28,-1.7214085179469117e+28,3.8109284941281879e+18,2.0269092464270934e+22,0,-1.721410544851881e+28,-37584.716086398737,-37584.671831617074,0,0,-37584.716086398737,0,1,-37584.716086398737,0
n17_vd_0p05_vg_0p8,baseline,993,contact_cut,2114,electron,993,994,993,994,0,1,8.1249755088383561e-11,9.9999999999999995e-08,15.962225095033652,159622250.95033666,0.00043302861184613698,-7.391753120700173e-05,1.0000441032432517,0.99995589805344087,3.2297638806676977e+26,3.2300486131251823e+26,2.2325435505087615e+19,0.0018855263707243791,1,1.7214104584932398e+28,1.7214104584975297e+28,1.7214084315884987e+28,-3.8109284941281879e+18,-2.0269090309228143e+22,0,1.7214104584932398e+28,37584.714200872346,37584.669946095673,0,1,37584.714200872346,0,1,37584.714200872346,0
n17_vd_0p05_vg_0p8,baseline,993,internal,2115,electron,993,996,993,993,0,0,1.3049449999999989e-07,3.6410894004419148e-10,0.0082759205241793414,-82759.205241793577,0.00043285631857207271,1.7126744467077515e-08,1.0003419268655547,0.99965815105933686,3.2297638806676977e+26,3.2319729352631956e+26,42141564152549.758,3.5591256661084298e-09,1,-3.9021336591059934e+22,-3.9021336591157174e+22,-3.9021336578349137e+22,1667407335.2206345,12808037072896,0,-3.9021336591059934e+22,-0.085197912925122937,-0.085197912897370595,0,0,-0.085197912925122937,0,1,-0.085197912925122937,0
n17_vd_0p05_vg_0p8,baseline,993,internal,2115,electron,993,996,993,996,0,1,1.3049449999999989e-07,3.6410894004419148e-10,0.0082759205241793414,82759.205241793577,0.00043285631857207271,-1.7126744467077515e-08,1.0003419268655547,0.99965815105933686,3.2297638806676977e+26,3.2319729352631956e+26,42141564152549.758,3.5591256661084298e-09,1,3.9021334960951427e+22,3.9021334961048693e+22,3.9021334948240656e+22,-1667407335.2206345,-12808037072896,0,3.9021334960951427e+22,0.085197909365997221,0.085197909338244934,0,0,0.085197909365997221,0,1,0.085197909365997221,0
n17_vd_0p05_vg_0p8,baseline,996,internal,2085,electron,983,996,996,983,1,0,6.4696812499999939e-10,6.5247249999999943e-08,2.6711720595237893,-26711720.595237739,0.00043301879828863801,9.8655101865574579e-06,1.0006794321701586,0.99932087544256232,3.2275853136851255e+26,3.2319729352631956e+26,2.4374937757756621e+18,0.00020586199949623385,-1,-1.4104535306641901e+27,-1.4104535306677118e+27,-1.4104533648001631e+27,55533662209639384,1.6586754871241002e+20,0,-1.4104535306641901e+27,3079.5382113587352,3079.5378492166315,0,0,3079.5382113587352,0,1,3079.5382113587352,0
n17_vd_0p05_vg_0p8,baseline,996,internal,2085,electron,983,996,996,996,1,1,6.4696812499999939e-10,6.5247249999999943e-08,2.6711720595237893,26711720.595237739,0.00043301879828863801,-9.8655101865574579e-06,1.0006794321701586,0.99932087544256232,3.2275853136851255e+26,3.2319729352631956e+26,2.4374937757756621e+18,0.00020586199949623385,-1,1.4104534363777233e+27,1.4104534363812428e+27,1.4104532705137224e+27,-55533662209639384,-1.6586752039998561e+20,0,1.4104534363777233e+27,-3079.5380054967404,-3079.537643354694,0,0,-3079.5380054967404,0,1,-3079.5380054967404,0
n17_vd_0p05_vg_0p8,baseline,996,internal,2115,electron,993,996,996,993,1,0,1.3049449999999989e-07,3.6410894004419148e-10,0.0082759205241793414,-82759.205241793577,0.00043285631857207271,1.7126744467077515e-08,1.0003419268655547,0.99965815105933686,3.2297638806676977e+26,3.2319729352631956e+26,42141564152549.758,3.5591256661084298e-09,-1,-3.9021336591059934e+22,-3.9021336591157174e+22,-3.9021336578349137e+22,1667407335.2206345,12808037072896,0,-3.9021336591059934e+22,0.085197912925122937,0.085197912897370595,0,0,0.085197912925122937,0,1,0.085197912925122937,0
n17_vd_0p05_vg_0p8,baseline,996,internal,2115,electron,993,996,996,996,1,1,1.3049449999999989e-07,3.6410894004419148e-10,0.0082759205241793414,82759.205241793577,0.00043285631857207271,-1.7126744467077515e-08,1.0003419268655547,0.99965815105933686,3.2297638806676977e+26,3.2319729352631956e+26,42141564152549.758,3.5591256661084298e-09,-1,3.9021334960951427e+22,3.9021334961048693e+22,3.9021334948240656e+22,-1667407335.2206345,-12808037072896,0,3.9021334960951427e+22,-0.085197909365997221,-0.085197909338244934,0,0,-0.085197909365997221,0,1,-0.085197909365997221,0
n17_vd_0p05_vg_0p8,baseline,996,contact_cut,2118,electron,995,996,996,995,1,0,8.1249755088383561e-11,6.5247249999999943e-08,2.6703436651421244,26703436.651421163,0.00043270209368645007,-1.2346146327502083e-05,0.99995898791007942,1.0000410132112787,3.2322380225627774e+26,3.2319729352631956e+26,-2.4367102541624576e+18,-0.00020579582606533291,-1,-1.1230902867202328e+28,-1.1230902867230341e+28,-1.1230889564029524e+28,69525851144631432,1.3303200817348776e+22,0,-1.1230902867202328e+28,24521.186820895276,24521.157775181902,0,1,24521.186820895276,0,1,24521.186820895276,0
n17_vd_0p05_vg_0p8,baseline,996,contact_cut,2118,electron,995,996,996,996,1,1,8.1249755088383561e-11,6.5247249999999943e-08,2.6703436651421244,-26703436.651421163,0.00043270209368645007,1.2346146327502083e-05,0.99995898791007942,1.0000410132112787,3.2322380225627774e+26,3.2319729352631956e+26,-2.4367102541624576e+18,-0.00020579582606533291,-1,1.1230902961458514e+28,1.1230902961486462e+28,1.1230889658285409e+28,-69525851144631432,-1.3303201052644264e+22,0,1.1230902961458514e+28,-24521.187026691157,-24521.157980977125,0,0,-24521.187026691157,0,1,-24521.187026691157,0
n17_vd_0p05_vg_0p8,baseline,998,internal,2108,electron,991,998,998,991,1,0,8.1249755088383561e-11,3.8864649999999965e-08,0.10972358367132579,-1097235.8367133951,0.00043678677981576756,5.1745230322808311e-07,1.0000099649218372,0.99999003514436213,3.2044729797505843e+26,3.2045368437153275e+26,59687744960587040,5.0410132920637223e-06,-1,-6.6951934071593595e+27,-6.6951934071760589e+27,-6.6951853849183737e+27,70710842295578.203,8.0222576852587627e+21,0,-6.6951934071593595e+27,14618.066800169699,14618.04928467052,0,0,14618.066800169699,0,1,14618.066800169699,0
n17_vd_0p05_vg_0p8,baseline,998,internal,2108,electron,991,998,998,998,1,1,8.1249755088383561e-11,3.8864649999999965e-08,0.10972358367132579,1097235.8367133951,0.00043678677981576756,-5.1745230322808311e-07,1.0000099649218372,0.99999003514436213,3.2044729797505843e+26,3.2045368437153275e+26,59687744960587040,5.0410132920637223e-06,-1,6.6951934048505434e+27,6.6951934048672109e+27,6.6951853826095323e+27,-70710842295578.203,-8.0222576786616929e+21,0,6.6951934048505434e+27,-14618.066795128705,-14618.049279629473,0,0,-14618.066795128705,0,1,-14618.066795128705,0
n17_vd_0p05_vg_0p8,baseline,998,contact_cut,2109,electron,997,998,998,997,1,0,1.8448199999999969e-08,4.0624877544191781e-11,321.71545062095316,54205830.379115753,0.00043633402813748,-2.2036888758236728e-05,0.99899324862362893,1.0010074275291023,3.210260766455996e+26,3.2045368437153275e+26,-1.8290929874924723e+17,-1.5447864663774042e-05,-1,-3.0814846905696096e+22,-3.0814846905772323e+22,-3.0814837667862881e+22,9237766503313470,9237909441871872,0,-3.0814846905696096e+22,0.067280131149428102,0.067280110979844515,0,1,0.067280131149428102,0,1,0.067280131149428102,0
n17_vd_0p05_vg_0p8,baseline,998,contact_cut,2109,electron,997,998,998,998,1,1,1.8448199999999969e-08,4.0624877544191781e-11,321.71545062095316,-54205830.379115753,0.00043633402813748,2.2036888758236728e-05,0.99899324862362893,1.0010074275291023,3.210260766455996e+26,3.2045368437153275e+26,-1.8290929874924723e+17,-1.5447864663774042e-05,-1,3.0821922153269241e+22,3.0821922153341123e+22,3.0821912915431362e+22,-9237766503313470,-9237909760638976,0,3.0821922153269241e+22,-0.06729557901409193,-0.067295558844498171,0,0,-0.06729557901409193,0,1,-0.06729557901409193,0
n17_vd_0p05_vg_0p8,baseline,998,internal,2274,electron,998,1055,998,998,0,0,5.9281099999999972e-08,4.0624877544191781e-11,221.11100512947078,16868782.799239535,0.00046148533576093851,-7.4091484059124468e-06,0.94826935156267933,1.0535786482179426,3.2045368437153275e+26,2.8856936413738802e+26,-1.2599909245197685e+17,-1.0641432345245937e-05,1,-9.6101618073900459e+21,-9.6101618074162414e+21,-9.6101597844947211e+21,2022915795249842.2,2022921520283648,0,-9.6101618073900459e+21,-0.020982513680731896,-0.020982509264008256,0,0,-0.020982513680731896,0,1,-0.020982513680731896,0
n17_vd_0p05_vg_0p8,baseline,998,internal,2274,electron,998,1055,998,1055,0,1,5.9281099999999972e-08,4.0624877544191781e-11,221.11100512947078,-16868782.799239535,0.00046148533576093851,7.4091484059124468e-06,0.94826935156267933,1.0535786482179426,3.2045368437153275e+26,2.8856936413738802e+26,-1.2599909245197685e+17,-1.0641432345245937e-05,1,9.6150356698955556e+21,9.6150356699276798e+21,9.6150336470061595e+21,-2022915795249842.2,-2022921520283648,0,9.6150356698955556e+21,0.020993155113077106,0.020993150696366411,0,0,0.020993155113077106,0,1,0.020993155113077106,0
n17_vd_0p05_vg_0p8,sentaurus,991,internal,2091,electron,986,991,991,986,1,0,6.4696812499999939e-10,3.8864649999999965e-08,0.99632854270966309,-9963285.4270966798,0.00043709807568304736,3.7532732477529862e-06,1.0006184032246608,0.99938185161864501,3.2004693387650988e+26,3.204429252230314e+26,5.4202382819121171e+17,4.5777392399920356e-05,-1,-8.4087788018336114e+26,-8.4087788018545461e+26,-8.4087777955015135e+26,4654249577318919,1.0063530325859054e+20,0,-8.4087788018336114e+26,1835.945323127077,1835.9451034078106,0,0,1835.945323127077,0,1,1835.945323127077,0
n17_vd_0p05_vg_0p8,sentaurus,991,internal,2091,electron,986,991,991,991,1,1,6.4696812499999939e-10,3.8864649999999965e-08,0.99632854270966309,9963285.4270966798,0.00043709807568304736,-3.7532732477529862e-06,1.0006184032246608,0.99938185161864501,3.2004693387650988e+26,3.204429252230314e+26,5.4202382819121171e+17,4.5777392399920356e-05,-1,8.4087785921694186e+26,8.4087785921903698e+26,8.4087775858373895e+26,-4654249577318919,-1.0063529803591031e+20,0,8.4087785921694186e+26,-1835.9452773496812,-1835.94505763043,0,0,-1835.9452773496812,0,1,-1835.9452773496812,0
n17_vd_0p05_vg_0p8,sentaurus,991,internal,2092,electron,991,992,991,991,0,0,1.8448199999999969e-08,3.6410894004419148e-10,301.84111422759463,-54205830.379115753,0.00043637594712633051,2.188867131991401e-05,1.0009759175073001,0.99902471702321438,3.204429252230314e+26,3.2099963442093024e+26,1.5381478644306509e+18,0.00012990646295775351,1,-2.7625647445993718e+23,-2.7625647446061185e+23,-2.7625639730556417e+23,77153686557804960,77155047686799360,0,-2.7625647445993718e+23,-0.60316937122629344,-0.60316920276995323,0,0,-0.60316937122629344,0,1,-0.60316937122629344,0
n17_vd_0p05_vg_0p8,sentaurus,991,internal,2092,electron,991,992,991,992,0,1,1.8448199999999969e-08,3.6410894004419148e-10,301.84111422759463,54205830.379115753,0.00043637594712633051,-2.188867131991401e-05,1.0009759175073001,0.99902471702321438,3.204429252230314e+26,3.2099963442093024e+26,1.5381478644306509e+18,0.00012990646295775351,1,2.761969762440492e+23,2.7619697624470529e+23,2.7619689908966147e+23,-77153686557804960,-77155043828039680,0,2.761969762440492e+23,0.60303946476333581,0.6030392963069634,0,0,0.60303946476333581,0,1,0.60303946476333581,0
n17_vd_0p05_vg_0p8,sentaurus,991,internal,2108,electron,991,998,991,991,0,0,8.1249755088383561e-11,3.8864649999999965e-08,0.099960033077992089,-999600.33078083652,0.00043678678272210121,4.7140735759398922e-07,1.0000097027022592,0.99999029736050216,3.204429252230314e+26,3.2044914348717113e+26,54375785225897952,4.5923841865889423e-06,1,-6.695100335029445e+27,-6.6951003350461971e+27,-6.6950923128745223e+27,58685716336676.609,8.0221716748621683e+21,0,-6.695100335029445e+27,-14617.863589518478,-14617.846074207207,0,0,-14617.863589518478,0,1,-14617.863589518478,0
n17_vd_0p05_vg_0p8,sentaurus,991,internal,2108,electron,991,998,991,998,0,1,8.1249755088383561e-11,3.8864649999999965e-08,0.099960033077992089,999600.33078083652,0.00043678678272210121,-4.7140735759398922e-07,1.0000097027022592,0.99999029736050216,3.204429252230314e+26,3.2044914348717113e+26,54375785225897952,4.5923841865889423e-06,1,6.6951003329261111e+27,6.6951003329428017e+27,6.6950923107711313e+27,-58685716336676.609,-8.0221716704641218e+21,0,6.6951003329261111e+27,14617.863584926126,14617.846069614732,0,0,14617.863584926126,0,1,14617.863584926126,0
n17_vd_0p05_vg_0p8,sentaurus,991,internal,2110,electron,991,999,991,991,0,0,5.9281099999999972e-08,3.6410894004419148e-10,206.2295398155876,16868782.799239755,0.00046175001761608706,-7.3619887963616293e-06,0.94831095188339132,1.0535340234869242,3.204429252230314e+26,2.885747099723034e+26,-1.0538851460414834e+18,-8.9007367140636303e-05,1,-8.6183368223364462e+22,-8.6183368223587851e+22,-8.6183351420707844e+22,16802794459793936,16802880006651904,0,-8.6183368223364462e+22,-0.188169953747055,-0.18816991706068287,0,0,-0.188169953747055,0,1,-0.188169953747055,0
n17_vd_0p05_vg_0p8,sentaurus,991,internal,2110,electron,991,999,991,999,0,1,5.9281099999999972e-08,3.6410894004419148e-10,206.2295398155876,-16868782.799239315,0.00046175001761608706,7.3619887963616293e-06,0.94831095188339132,1.0535340234869242,3.204429252230314e+26,2.885747099723034e+26,-1.0538851460414834e+18,-8.9007367140636303e-05,1,8.6224134320948509e+22,8.6224134321184648e+22,8.6224117518304641e+22,-16802794459793936,-16802880006651904,0,8.6224134320948509e+22,0.18825896111419521,0.18825892442785092,0,0,0.18825896111419521,0,1,0.18825896111419521,0
n17_vd_0p05_vg_0p8,sentaurus,992,internal,2092,electron,991,992,992,991,1,0,1.8448199999999969e-08,3.6410894004419148e-10,301.84111422759463,-54205830.379115753,0.00043637594712633051,2.188867131991401e-05,1.0009759175073001,0.99902471702321438,3.204429252230314e+26,3.2099963442093024e+26,1.5381478644306509e+18,0.00012990646295775351,-1,-2.7625647445993718e+23,-2.7625647446061185e+23,-2.7625639730556417e+23,77153686557804960,77155047686799360,0,-2.7625647445993718e+23,0.60316937122629344,0.60316920276995323,0,0,0.60316937122629344,0,1,0.60316937122629344,0
n17_vd_0p05_vg_0p8,sentaurus,992,internal,2092,electron,991,992,992,992,1,1,1.8448199999999969e-08,3.6410894004419148e-10,301.84111422759463,54205830.379115753,0.00043637594712633051,-2.188867131991401e-05,1.0009759175073001,0.99902471702321438,3.204429252230314e+26,3.2099963442093024e+26,1.5381478644306509e+18,0.00012990646295775351,-1,2.761969762440492e+23,2.7619697624470529e+23,2.7619689908966147e+23,-77153686557804960,-77155043828039680,0,2.761969762440492e+23,-0.60303946476333581,-0.6030392963069634,0,0,-0.60303946476333581,0,1,-0.60303946476333581,0
n17_vd_0p05_vg_0p8,sentaurus,992,internal,2094,electron,985,992,992,985,1,0,6.4696812499999939e-10,4.3976850000000036e-08,157.98366730051541,-1545671202.8896339,0.00043630807356602529,0.00056719346686051608,1.0006662519253622,0.99933404387101232,3.2057354828866861e+26,3.2099963442093024e+26,9.7240153887544525e+19,0.0082125553343172022,-1,-9.5137431177655611e+26,-9.5137431177892199e+26,-9.5137417687606836e+26,1.2641063354785749e+20,1.3490285362391548e+20,0,-9.5137431177655611e+26,2077.1996260248065,2077.1993314874835,0,0,2077.1996260248065,0,1,2077.1996260248065,0
n17_vd_0p05_vg_0p8,sentaurus,992,internal,2094,electron,985,992,992,992,1,1,6.4696812499999939e-10,4.3976850000000036e-08,157.98366730051541,1545671202.8896337,0.00043630807356602529,-0.00056719346686051608,1.0006662519253622,0.99933404387101232,3.2057354828866861e+26,3.2099963442093024e+26,9.7240153887544525e+19,0.0082125553343172022,-1,9.5137055035946159e+26,9.5137055036183118e+26,9.5137041545948965e+26,-1.2641063354785749e+20,-1.3490234152637484e+20,0,9.5137055035946159e+26,-2077.1914134694689,-2077.1911189332723,0,0,-2077.1914134694689,0,1,-2077.1914134694689,0
n17_vd_0p05_vg_0p8,sentaurus,992,contact_cut,2107,electron,992,997,992,992,0,0,8.1249755088383561e-11,4.3976850000000036e-08,160.47137824769516,-1604713782.4769511,0.00043599612910312263,0.0007536820678666345,1.000043098468929,0.99995690276935401,3.2099963442093024e+26,3.2102714249383439e+26,9.8770551724769657e+19,0.0083418072577177548,1,-7.5754414514113188e+27,-7.5754414514301633e+27,-7.5754331582393725e+27,1.7073911601321974e+20,8.293190790772907e+21,0,-7.5754414514113188e+27,-16539.97165475303,-16539.953547712033,0,0,-16539.97165475303,0,1,-16539.97165475303,0
n17_vd_0p05_vg_0p8,sentaurus,992,contact_cut,2107,electron,992,997,992,997,0,1,8.1249755088383561e-11,4.3976850000000036e-08,160.47137824769516,1604713782.4769511,0.00043599612910312263,-0.0007536820678666345,1.000043098468929,0.99995690276935401,3.2099963442093024e+26,3.2102714249383439e+26,9.8770551724769657e+19,0.0083418072577177548,1,7.5754376307957877e+27,7.5754376308146949e+27,7.5754293376330664e+27,-1.7073911601321974e+20,-8.2931816285425128e+21,0,7.5754376307957877e+27,16539.963312945758,16539.945205924902,0,1,16539.963312945758,0,1,16539.963312945758,0
n17_vd_0p05_vg_0p8,sentaurus,992,internal,2112,electron,992,993,992,992,0,0,6.9505500000000106e-08,3.6410894004419148e-10,0.1697298326232573,-1697298.3262325721,0.00043447278071111732,3.791016389698143e-07,1.003075506372245,0.99693078655406886,3.2099963442093024e+26,3.2297801236672301e+26,864550095832702,7.3016806509031698e-08,1,-7.3284631355381611e+22,-7.328463135556408e+22,-7.3284631310449685e+22,754367990015.95264,45114395197440,0,-7.3284631355381611e+22,-0.16000727259547567,-0.16000727249737279,0,0,-0.16000727259547567,0,1,-0.16000727259547567,0
n17_vd_0p05_vg_0p8,sentaurus,992,internal,2112,electron,992,993,992,993,0,1,6.9505500000000106e-08,3.6410894004419148e-10,0.1697298326232573,1697298.3262325721,0.00043447278071111732,-3.791016389698143e-07,1.003075506372245,0.99693078655406886,3.2099963442093024e+26,3.2297801236672301e+26,864550095832702,7.3016806509031698e-08,1,7.3284597913090687e+22,7.3284597913273776e+22,7.3284597868159423e+22,-754367990015.95264,-45114353254400,0,7.3284597913090687e+22,0.16000719957866899,0.16000719948056755,0,0,0.16000719957866899,0,1,0.16000719957866899,0
n17_vd_0p05_vg_0p8,sentaurus,993,internal,2088,electron,984,993,993,984,1,0,6.4696812499999939e-10,9.9999999999999995e-08,15.275023693240056,-152750236.93240044,0.00043334296323478742,5.6496073597145369e-05,1.000672595532569,0.99932770592209952,3.2254405785129166e+26,3.2297801236672301e+26,2.1364592321028354e+19,0.0018043769946568145,-1,-2.161871698994e+27,-2.161871698999386e+27,-2.1618714586024886e+27,2.7853586709514824e+18,2.4039689739125863e+20,0,-2.161871698994e+27,4720.1601189739085,4720.1595941109272,0,0,4720.1601189739085,0,1,4720.1601189739085,0
n17_vd_0p05_vg_0p8,sentaurus,993,internal,2088,electron,984,993,993,993,1,1,6.4696812499999939e-10,9.9999999999999995e-08,15.275023693240056,152750236.93240044,0.00043334296323478742,-5.6496073597145369e-05,1.000672595532569,0.99932770592209952,3.2254405785129166e+26,3.2297801236672301e+26,2.1364592321028354e+19,0.0018043769946568145,-1,2.1618708725746688e+27,2.1618708725800641e+27,2.1618706321833585e+27,-2.7853586709514824e+18,-2.4039670552647959e+20,0,2.1618708725746688e+27,-4720.1583145969098,-4720.1577897343677,0,0,-4720.1583145969098,0,1,-4720.1583145969098,0
n17_vd_0p05_vg_0p8,sentaurus,993,internal,2112,electron,992,993,993,992,1,0,6.9505500000000106e-08,3.6410894004419148e-10,0.1697298326232573,-1697298.3262325721,0.00043447278071111732,3.791016389698143e-07,1.003075506372245,0.99693078655406886,3.2099963442093024e+26,3.2297801236672301e+26,864550095832702,7.3016806509031698e-08,-1,-7.3284631355381611e+22,-7.328463135556408e+22,-7.3284631310449685e+22,754367990015.95264,45114395197440,0,-7.3284631355381611e+22,0.16000727259547567,0.16000727249737279,0,0,0.16000727259547567,0,1,0.16000727259547567,0
n17_vd_0p05_vg_0p8,sentaurus,993,internal,2112,electron,992,993,993,993,1,1,6.9505500000000106e-08,3.6410894004419148e-10,0.1697298326232573,1697298.3262325721,0.00043447278071111732,-3.791016389698143e-07,1.003075506372245,0.99693078655406886,3.2099963442093024e+26,3.2297801236672301e+26,864550095832702,7.3016806509031698e-08,-1,7.3284597913090687e+22,7.3284597913273776e+22,7.3284597868159423e+22,-754367990015.95264,-45114353254400,0,7.3284597913090687e+22,-0.16000719957866899,-0.16000719948056755,0,0,-0.16000719957866899,0,1,-0.16000719957866899,0
n17_vd_0p05_vg_0p8,sentaurus,993,contact_cut,2114,electron,993,994,993,993,0,0,8.1249755088383561e-11,9.9999999999999995e-08,15.275171423565109,-152751714.23565137,0.00043302861205301961,7.0735953539013963e-05,1.0000432470898721,0.99995675415696572,3.2297801236672301e+26,3.2300593338353254e+26,2.1364582698034799e+19,0.0018043761819332236,1,-1.7214177291896004e+28,-1.7214177291939031e+28,-1.7214157015242799e+28,3.4899405883220849e+18,2.0276696231490819e+22,0,-1.7214177291896004e+28,-37584.872946884032,-37584.828675501114,0,0,-37584.872946884032,0,1,-37584.872946884032,0
n17_vd_0p05_vg_0p8,sentaurus,993,contact_cut,2114,electron,993,994,993,994,0,1,8.1249755088383561e-11,9.9999999999999995e-08,15.275171423565109,152751714.23565137,0.00043302861205301961,-7.0735953539013963e-05,1.0000432470898721,0.99995675415696572,3.2297801236672301e+26,3.2300593338353254e+26,2.1364582698034799e+19,0.0018043761819332236,1,1.7214176465477075e+28,1.7214176465520008e+28,1.721415618882584e+28,-3.4899405883220849e+18,-2.0276694168807005e+22,0,1.7214176465477075e+28,37584.871142507909,37584.826871129291,0,1,37584.871142507909,0,1,37584.871142507909,0
n17_vd_0p05_vg_0p8,sentaurus,993,internal,2115,electron,993,996,993,993,0,0,1.3049449999999989e-07,3.6410894004419148e-10,0.0078703822347543639,-78703.822347543639,0.00043285632471533602,1.6288304038880597e-08,1.0003385468574655,0.99966152953460996,3.2297801236672301e+26,3.2319673527170967e+26,40076601663921.758,3.3847263256799998e-09,1,-3.9021401541400123e+22,-3.9021401541497707e+22,-3.902140152868509e+22,1508075163.6847639,12812617252864,0,-3.9021401541400123e+22,-0.085198054735576179,-0.08519805470781458,0,0,-0.085198054735576179,0,1,-0.085198054735576179,0
n17_vd_0p05_vg_0p8,sentaurus,993,internal,2115,electron,993,996,993,996,0,1,1.3049449999999989e-07,3.6410894004419148e-10,0.0078703822347543639,78703.822347543639,0.00043285632471533602,-1.6288304038880597e-08,1.0003385468574655,0.99966152953460996,3.2297801236672301e+26,3.2319673527170967e+26,40076601663921.758,3.3847263256799998e-09,1,3.9021399991168017e+22,3.90213999912654e+22,3.9021399978452783e+22,-1508075163.6847639,-12812617252864,0,3.9021399991168017e+22,0.085198051350849985,0.085198051323087956,0,0,0.085198051350849985,0,1,0.085198051350849985,0
n17_vd_0p05_vg_0p8,sentaurus,996,internal,2085,electron,983,996,996,983,1,0,6.4696812499999939e-10,6.5247249999999943e-08,2.6339147022817602,-26339147.022817478,0.00043301879830160025,9.7279082567069963e-06,1.0006778509054362,0.99932245527743913,3.2275899384254517e+26,3.2319673527170967e+26,2.4034953971806075e+18,0.00020299061813445758,-1,-1.4104533229268458e+27,-1.4104533229303584e+27,-1.4104531570356897e+27,53995306464514032,1.6589466871646493e+20,0,-1.4104533229268458e+27,3079.537757791797,3079.5373955904602,0,0,3079.537757791797,0,1,3079.537757791797,0
n17_vd_0p05_vg_0p8,sentaurus,996,internal,2085,electron,983,996,996,996,1,1,6.4696812499999939e-10,6.5247249999999943e-08,2.6339147022817602,26339147.022817478,0.00043301879830160025,-9.7279082567069963e-06,1.0006778509054362,0.99932245527743913,3.2275899384254517e+26,3.2319673527170967e+26,2.4034953971806075e+18,0.00020299061813445758,-1,1.4104532299554985e+27,1.4104532299590156e+27,1.410453064064365e+27,-53995306464514032,-1.6589465057452307e+20,0,1.4104532299554985e+27,-3079.5375548011912,-3079.5371925999038,0,0,-3079.5375548011912,0,1,-3079.5375548011912,0
n17_vd_0p05_vg_0p8,sentaurus,996,internal,2115,electron,993,996,996,993,1,0,1.3049449999999989e-07,3.6410894004419148e-10,0.0078703822347543639,-78703.822347543639,0.00043285632471533602,1.6288304038880597e-08,1.0003385468574655,0.99966152953460996,3.2297801236672301e+26,3.2319673527170967e+26,40076601663921.758,3.3847263256799998e-09,-1,-3.9021401541400123e+22,-3.9021401541497707e+22,-3.902140152868509e+22,1508075163.6847639,12812617252864,0,-3.9021401541400123e+22,0.085198054735576179,0.08519805470781458,0,0,0.085198054735576179,0,1,0.085198054735576179,0
n17_vd_0p05_vg_0p8,sentaurus,996,internal,2115,electron,993,996,996,996,1,1,1.3049449999999989e-07,3.6410894004419148e-10,0.0078703822347543639,78703.822347543639,0.00043285632471533602,-1.6288304038880597e-08,1.0003385468574655,0.99966152953460996,3.2297801236672301e+26,3.2319673527170967e+26,40076601663921.758,3.3847263256799998e-09,-1,3.9021399991168017e+22,3.90213999912654e+22,3.9021399978452783e+22,-1508075163.6847639,-12812617252864,0,3.9021399991168017e+22,-0.085198051350849985,-0.085198051323087956,0,0,-0.085198051350849985,0,1,-0.085198051350849985,0
n17_vd_0p05_vg_0p8,sentaurus,996,contact_cut,2118,electron,995,996,996,995,1,0,8.1249755088383561e-11,6.5247249999999943e-08,2.6346146060774163,26346146.060773458,0.00043270209369914841,-1.2180955799578896e-05,0.99995646492719381,1.000043536336378,3.2322487501568391e+26,3.2319673527170967e+26,-2.4041091111854505e+18,-0.00020304245022256849,-1,-1.1230911805558013e+28,-1.1230911805586037e+28,-1.1230898502156948e+28,67677848679594952,1.3303429089156842e+22,0,-1.1230911805558013e+28,24521.206336609393,24521.177290397638,0,1,24521.206336609393,0,1,24521.206336609393,0
n17_vd_0p05_vg_0p8,sentaurus,996,contact_cut,2118,electron,995,996,996,996,1,1,8.1249755088383561e-11,6.5247249999999943e-08,2.6346146060774163,-26346146.060773458,0.00043270209369914841,1.2180955799578896e-05,0.99995646492719381,1.000043536336378,3.2322487501568391e+26,3.2319673527170967e+26,-2.4041091111854505e+18,-0.00020304245022256849,-1,1.1230911898553086e+28,1.1230911898581051e+28,1.1230898595151849e+28,-67677848679594952,-1.3303429201307028e+22,0,1.1230911898553086e+28,-24521.206539651801,-24521.177493439671,0,0,-24521.206539651801,0,1,-24521.206539651801,0
n17_vd_0p05_vg_0p8,sentaurus,998,internal,2108,electron,991,998,998,991,1,0,8.1249755088383561e-11,3.8864649999999965e-08,0.099960033077992089,-999600.33078083652,0.00043678678272210121,4.7140735759398922e-07,1.0000097027022592,0.99999029736050216,3.204429252230314e+26,3.2044914348717113e+26,54375785225897952,4.5923841865889423e-06,-1,-6.695100335029445e+27,-6.6951003350461971e+27,-6.6950923128745223e+27,58685716336676.609,8.0221716748621683e+21,0,-6.695100335029445e+27,14617.863589518478,14617.846074207207,0,0,14617.863589518478,0,1,14617.863589518478,0
n17_vd_0p05_vg_0p8,sentaurus,998,internal,2108,electron,991,998,998,998,1,1,8.1249755088383561e-11,3.8864649999999965e-08,0.099960033077992089,999600.33078083652,0.00043678678272210121,-4.7140735759398922e-07,1.0000097027022592,0.99999029736050216,3.204429252230314e+26,3.2044914348717113e+26,54375785225897952,4.5923841865889423e-06,-1,6.6951003329261111e+27,6.6951003329428017e+27,6.6950923107711313e+27,-58685716336676.609,-8.0221716704641218e+21,0,6.6951003329261111e+27,-14617.863584926126,-14617.846069614732,0,0,-14617.863584926126,0,1,-14617.863584926126,0
n17_vd_0p05_vg_0p8,sentaurus,998,contact_cut,2109,electron,997,998,998,997,1,0,1.8448199999999969e-08,4.0624877544191781e-11,302.54742370240052,54205830.379115976,0.00043633396634649388,-2.1889807300112807e-05,0.99899134393627842,1.0010093347781817,3.2102714249383439e+26,3.2044914348717113e+26,-1.7201047975415168e+17,-1.4527389422862329e-05,-1,-3.0814886099175699e+22,-3.0814886099248961e+22,-3.0814877469754083e+22,8629344827187531,8629494877257728,0,-3.0814886099175699e+22,0.067280216723192454,0.067280197881994908,0,1,0.067280216723192454,0,1,0.067280216723192454,0
n17_vd_0p05_vg_0p8,sentaurus,998,contact_cut,2109,electron,997,998,998,998,1,1,1.8448199999999969e-08,4.0624877544191781e-11,302.54742370240052,-54205830.379115537,0.00043633396634649388,2.1889807300112807e-05,0.99899134393627842,1.0010093347781817,3.2102714249383439e+26,3.2044914348717113e+26,-1.7201047975415168e+17,-1.4527389422862329e-05,-1,3.0821539761607124e+22,3.0821539761676003e+22,3.0821531132180321e+22,-8629344827187531,-8629495682564096,0,3.0821539761607124e+22,-0.067294744112615504,-0.067294725271406619,0,0,-0.067294744112615504,0,1,-0.067294744112615504,0
n17_vd_0p05_vg_0p8,sentaurus,998,internal,2274,electron,998,1055,998,998,0,0,5.9281099999999972e-08,4.0624877544191781e-11,206.22967481135191,16868782.799239315,0.00046148566589335015,-7.3531021271833197e-06,0.94831166997904937,1.0535332532070796,3.2044914348717113e+26,2.88580739432362e+26,-1.1752069252042555e+17,-9.9253770347529032e-06,1,-9.610461371365654e+21,-9.6104613713920802e+21,-9.6104594988616814e+21,1872521116093998.2,1872530398773248,0,-9.610461371365654e+21,-0.020983167738940534,-0.020983163650576463,0,0,-0.020983167738940534,0,1,-0.020983167738940534,0
n17_vd_0p05_vg_0p8,sentaurus,998,internal,2274,electron,998,1055,998,1055,0,1,5.9281099999999972e-08,4.0624877544191781e-11,206.22967481135191,-16868782.799239315,0.00046148566589335015,7.3531021271833197e-06,0.94831166997904937,1.0535332532070796,3.2044914348717113e+26,2.88580739432362e+26,-1.1752069252042555e+17,-9.9253770347529032e-06,1,9.6150072747189841e+21,9.6150072747469602e+21,9.6150054022163999e+21,-1872521116093998.2,-1872530560253952,0,9.6150072747189841e+21,0.020993093115975203,0.020993089027614167,0,0,0.020993093115975203,0,1,0.020993093115975203,0
n17_vd_0p05_vg_2p5,baseline,991,internal,2091,electron,986,991,991,986,1,0,6.4696812499999939e-10,3.8864649999999965e-08,32.83402556596085,-328340255.65960842,0.00043709732269841476,0.00012359735590550258,1.0006260552280477,0.9993742059597106,3.2004665830354728e+26,3.2044729604867111e+26,1.7862488620972235e+19,0.0015086018516383304,-1,-8.4088213799075018e+26,-8.4088213799287691e+26,-8.4088204978085149e+26,5.0509491794979195e+18,8.8212025417637298e+19,0,-8.4088213799075018e+26,1835.9546194847846,1835.9544268901705,0,0,1835.9546194847846,0,1,1835.9546194847846,0
n17_vd_0p05_vg_2p5,baseline,991,internal,2091,electron,986,991,991,991,1,1,6.4696812499999939e-10,3.8864649999999965e-08,32.83402556596085,328340255.65960842,0.00043709732269841476,-0.00012359735590550258,1.0006260552280477,0.9993742059597106,3.2004665830354728e+26,3.2044729604867111e+26,1.7862488620972235e+19,0.0015086018516383304,-1,8.4088144703884301e+26,8.4088144704096177e+26,8.4088135882909647e+26,-5.0509491794979195e+18,-8.8211865301256503e+19,0,8.4088144703884301e+26,-1835.9531108829385,-1835.9529182886563,0,0,-1835.9531108829385,0,1,-1835.9531108829385,0
n17_vd_0p05_vg_2p5,baseline,991,internal,2092,electron,991,992,991,991,0,0,1.8448199999999969e-08,3.6410894004419148e-10,9754.6581659721342,-54205830.379125081,0.00043632938155019211,3.1963343083418749e-05,1.0043445517032425,0.99566799538593609,3.2044729604867111e+26,3.2099751184234397e+26,4.9703447045959508e+19,0.0041977752281563661,1,-2.771603760863153e+23,-2.7716037608837121e+23,-2.7715673505513473e+23,3.6410299134893097e+18,3.64103323648367e+18,0,-2.771603760863153e+23,-0.60514292054020091,-0.60513497083153944,0,0,-0.60514292054020091,0,1,-0.60514292054020091,0
n17_vd_0p05_vg_2p5,baseline,991,internal,2092,electron,991,992,991,992,0,1,1.8448199999999969e-08,3.6410894004419148e-10,9754.6581659721342,54205830.379110865,0.00043632938155019211,-3.1963343083418749e-05,1.0043445517032425,0.99566799538593609,3.2044729604867111e+26,3.2099751184234397e+26,4.9703447045959508e+19,0.0041977752281563661,1,2.7523776091315399e+23,2.7523776091287552e+23,2.7523411988316162e+23,-3.6410299134893097e+18,-3.6410297139058442e+18,0,2.7523776091315399e+23,0.60094514531204424,0.60093719560597703,0,0,0.60094514531204424,0,1,0.60094514531204424,0
n17_vd_0p05_vg_2p5,baseline,991,internal,2108,electron,991,998,991,991,0,0,8.1249755088383561e-11,3.8864649999999965e-08,3.3170475543182087,-33170475.543181866,0.00043678603648407481,1.5643003337117989e-05,1.0000099699726233,0.99999003009364329,3.2044729604867111e+26,3.2045368245192199e+26,1.804413816005214e+18,0.00015239433215096364,1,-6.6951820067244699e+27,-6.6951820067413221e+27,-6.6951739955307403e+27,64623062523979056,8.0112105818722182e+21,0,-6.6951820067244699e+27,-14618.041908832192,-14618.024417453233,0,0,-14618.041908832192,0,1,-14618.041908832192,0
n17_vd_0p05_vg_2p5,baseline,991,internal,2108,electron,991,998,991,998,0,1,8.1249755088383561e-11,3.8864649999999965e-08,3.3170475543182087,33170475.543181866,0.00043678603648407481,-1.5643003337117989e-05,1.0000099699726233,0.99999003009364329,3.2044729604867111e+26,3.2045368245192199e+26,1.804413816005214e+18,0.00015239433215096364,1,6.6951819369266285e+27,6.6951819369435027e+27,6.6951739257330978e+27,-64623062523979056,-8.0112104048508461e+21,0,6.6951819369266285e+27,14618.041756437864,14618.024265059339,0,0,14618.041756437864,0,1,14618.041756437864,0
n17_vd_0p05_vg_2p5,baseline,991,internal,2110,electron,991,999,991,991,0,0,5.9281099999999972e-08,3.6410894004419148e-10,6737.5853153894286,16868782.799242865,0.00046172328165296775,-1.0764286351161445e-05,0.941078678582836,1.0613308377233353,3.2044729604867111e+26,2.8856362134219529e+26,-3.4423828312224276e+19,-0.0029073133220266223,1,-8.5522307024396789e+22,-8.5522307024302081e+22,-8.5521504491356163e+22,8.0253251239452416e+17,8.0253294591816499e+17,0,-8.5522307024396789e+22,-0.18672661429771567,-0.18672486207326391,0,0,-0.18672661429771567,0,1,-0.18672661429771567,0
n17_vd_0p05_vg_2p5,baseline,991,internal,2110,electron,991,999,991,999,0,1,5.9281099999999972e-08,3.6410894004419148e-10,6737.5853153894286,-16868782.799235761,0.00046172328165296775,1.0764286351161445e-05,0.941078678582836,1.0613308377233353,3.2044729604867111e+26,2.8856362134219529e+26,-3.4423828312224276e+19,-0.0029073133220266223,1,8.6853880155938061e+22,8.6853880156262398e+22,8.6853077623296011e+22,-8.0253251239452416e+17,-8.0253296638636851e+17,0,8.6853880155938061e+22,0.18963392761974263,0.18963217539616112,0,0,0.18963392761974263,0,1,0.18963392761974263,0
n17_vd_0p05_vg_2p5,baseline,992,internal,2092,electron,991,992,992,991,1,0,1.8448199999999969e-08,3.6410894004419148e-10,9754.6581659721342,-54205830.379125081,0.00043632938155019211,3.1963343083418749e-05,1.0043445517032425,0.99566799538593609,3.2044729604867111e+26,3.2099751184234397e+26,4.9703447045959508e+19,0.0041977752281563661,-1,-2.771603760863153e+23,-2.7716037608837121e+23,-2.7715673505513473e+23,3.6410299134893097e+18,3.64103323648367e+18,0,-2.771603760863153e+23,0.60514292054020091,0.60513497083153944,0,0,0.60514292054020091,0,1,0.60514292054020091,0
n17_vd_0p05_vg_2p5,baseline,992,internal,2092,electron,991,992,992,992,1,1,1.8448199999999969e-08,3.6410894004419148e-10,9754.6581659721342,54205830.379110865,0.00043632938155019211,-3.1963343083418749e-05,1.0043445517032425,0.99566799538593609,3.2044729604867111e+26,3.2099751184234397e+26,4.9703447045959508e+19,0.0041977752281563661,-1,2.7523776091315399e+23,2.7523776091287552e+23,2.7523411988316162e+23,-3.6410299134893097e+18,-3.6410297139058442e+18,0,2.7523776091315399e+23,-0.60094514531204424,-0.60093719560597703,0,0,-0.60094514531204424,0,1,-0.60094514531204424,0
n17_vd_0p05_vg_2p5,baseline,992,internal,2094,electron,985,992,992,985,1,0,6.4696812499999939e-10,4.3976850000000036e-08,5095.5891723585064,-1545671202.8896294,0.00043630536526552839,0.0008490367795488396,1.0007270536946222,0.99927329853937397,3.2057207628967604e+26,3.2099751184234397e+26,3.1363369745005627e+21,0.26488379460956535,-1,-9.5142184394040501e+26,-9.5142184394282765e+26,-9.5141574042141069e+26,6.1032149874877944e+21,6.1035214169515166e+21,0,-9.5142184394040501e+26,2077.3034062002316,2077.2900799760359,0,0,2077.3034062002316,0,1,2077.3034062002316,0
n17_vd_0p05_vg_2p5,baseline,992,internal,2094,electron,985,992,992,992,1,1,6.4696812499999939e-10,4.3976850000000036e-08,5095.5891723585064,1545671202.8896294,0.00043630536526552839,-0.0008490367795488396,1.0007270536946222,0.99927329853937397,3.2057207628967604e+26,3.2099751184234397e+26,3.1363369745005627e+21,0.26488379460956535,-1,9.5130052500955647e+26,9.5130052501193623e+26,9.5129442149127162e+26,-6.1032149874877944e+21,-6.1035206646106853e+21,0,9.5130052500955647e+26,-2077.0385224056317,-2077.0251961829854,0,0,-2077.0385224056317,0,1,-2077.0385224056317,0
n17_vd_0p05_vg_2p5,baseline,992,contact_cut,2107,electron,992,997,992,992,0,0,8.1249755088383561e-11,4.3976850000000036e-08,5174.6124974174645,-12307729406.841888,0.00043599338204493727,0.0067555842488964402,1.0000526243466581,0.9999473774994917,3.2099751184234397e+26,3.210260766455996e+26,3.1849515991369573e+21,0.26898961179435893,1,-7.5754157883600338e+27,-7.5754157883788519e+27,-7.5753662849905615e+27,4.934985195350858e+22,4.9503388290480467e+22,0,-7.5754157883600338e+27,-16539.915622884317,-16539.807538842862,0,0,-16539.915622884317,0,1,-16539.915622884317,0
n17_vd_0p05_vg_2p5,baseline,992,contact_cut,2107,electron,992,997,992,997,0,1,8.1249755088383561e-11,4.3976850000000036e-08,5174.6124974174645,12307729406.841888,0.00043599338204493727,-0.0067555842488964402,1.0000526243466581,0.9999473774994917,3.2099751184234397e+26,3.210260766455996e+26,3.1849515991369573e+21,0.26898961179435893,1,7.5752925889315164e+27,7.5752925889504874e+27,7.5752430856100961e+27,-4.934985195350858e+22,-4.9503340391355914e+22,0,7.5752925889315164e+27,16539.646633272474,16539.538549335932,0,1,16539.646633272474,0,1,16539.646633272474,0
n17_vd_0p05_vg_2p5,baseline,992,internal,2112,electron,992,993,992,992,0,0,6.9505500000000106e-08,3.6410894004419148e-10,5.4829875762681395,-14387350.641316138,0.00043447191038926638,3.714621943373686e-06,1.0030834566844882,0.99692286878538772,3.2099751184234397e+26,3.2297638794345411e+26,27928386153062384,2.3587315271575512e-06,1,-7.3284580811801838e+22,-7.3284580811984442e+22,-7.3284580572297601e+22,238780444872098,239686840745984,0,-7.3284580811801838e+22,-0.160007162240273,-0.16000716171734727,0,0,-0.160007162240273,0,1,-0.160007162240273,0
n17_vd_0p05_vg_2p5,baseline,992,internal,2112,electron,992,993,992,993,0,1,6.9505500000000106e-08,3.6410894004419148e-10,5.4829875762681395,14387350.641316138,0.00043447191038926638,-3.714621943373686e-06,1.0030834566844882,0.99692286878538772,3.2099751184234397e+26,3.2297638794345411e+26,27928386153062384,2.3587315271575512e-06,1,7.3283500493591108e+22,7.3283500493773124e+22,7.3283500254086543e+22,-238780444872098,-239686580699136,0,7.3283500493591108e+22,0.16000480350874585,0.1600048029858194,0,0,0.16000480350874585,0,1,0.16000480350874585,0
n17_vd_0p05_vg_2p5,baseline,993,internal,2088,electron,984,993,993,984,1,0,6.4696812499999939e-10,9.9999999999999995e-08,484.30353813742403,-1545671202.8896341,0.00043334278383107733,0.00064647022712804869,1.0006779359926452,0.99932237026708481,3.2254277806039488e+26,3.2297638794345411e+26,6.7737353580325673e+20,0.05720854423183816,-1,-2.1618737636843906e+27,-2.161873763689776e+27,-2.1618727474656766e+27,1.0105206314268767e+21,1.0162240994348924e+21,0,-2.1618737636843906e+27,4720.1646269515304,4720.1624081727523,0,0,4720.1646269515304,0,1,4720.1646269515304,0
n17_vd_0p05_vg_2p5,baseline,993,internal,2088,electron,984,993,993,993,1,1,6.4696812499999939e-10,9.9999999999999995e-08,484.30353813742403,1545671202.8896341,0.00043334278383107733,-0.00064647022712804869,1.0006779359926452,0.99932237026708481,3.2254277806039488e+26,3.2297638794345411e+26,6.7737353580325673e+20,0.05720854423183816,-1,2.1618475617061503e+27,2.161847561711539e+27,2.1618465454887565e+27,-1.0105206314268767e+21,-1.0162227824948402e+21,0,2.1618475617061503e+27,-4720.1074184072922,-4720.1051996313972,0,0,-4720.1074184072922,0,1,-4720.1074184072922,0
n17_vd_0p05_vg_2p5,baseline,993,internal,2112,electron,992,993,993,992,1,0,6.9505500000000106e-08,3.6410894004419148e-10,5.4829875762681395,-14387350.641316138,0.00043447191038926638,3.714621943373686e-06,1.0030834566844882,0.99692286878538772,3.2099751184234397e+26,3.2297638794345411e+26,27928386153062384,2.3587315271575512e-06,-1,-7.3284580811801838e+22,-7.3284580811984442e+22,-7.3284580572297601e+22,238780444872098,239686840745984,0,-7.3284580811801838e+22,0.160007162240273,0.16000716171734727,0,0,0.160007162240273,0,1,0.160007162240273,0
n17_vd_0p05_vg_2p5,baseline,993,internal,2112,electron,992,993,993,993,1,1,6.9505500000000106e-08,3.6410894004419148e-10,5.4829875762681395,14387350.641316138,0.00043447191038926638,-3.714621943373686e-06,1.0030834566844882,0.99692286878538772,3.2099751184234397e+26,3.2297638794345411e+26,27928386153062384,2.3587315271575512e-06,-1,7.3283500493591108e+22,7.3283500493773124e+22,7.3283500254086543e+22,-238780444872098,-239686580699136,0,7.3283500493591108e+22,-0.16000480350874585,-0.1600048029858194,0,0,-0.16000480350874585,0,1,-0.16000480350874585,0
n17_vd_0p05_vg_2p5,baseline,993,contact_cut,2114,electron,993,994,993,993,0,0,8.1249755088383561e-11,9.9999999999999995e-08,484.1639838465955,-4841639838.4659548,0.00043302843333173195,0.0022361904123968657,1.0000448392071462,0.99995516213318347,3.2297638794345411e+26,3.2300486131251823e+26,6.7717171463745752e+20,0.057191499138576803,1,-1.7214111013892671e+28,-1.721411101393564e+28,-1.7214094151090115e+28,3.4969641235049664e+21,1.6862845525216788e+22,0,-1.7214111013892671e+28,-37584.72823765441,-37584.691419961593,0,0,-37584.72823765441,0,1,-37584.72823765441,0
n17_vd_0p05_vg_2p5,baseline,993,contact_cut,2114,electron,993,994,993,994,0,1,8.1249755088383561e-11,9.9999999999999995e-08,484.1639838465955,4841639838.4659548,0.00043302843333173195,-0.0022361904123968657,1.0000448392071462,0.99995516213318347,3.2297638794345411e+26,3.2300486131251823e+26,6.7717171463745752e+20,0.057191499138576803,1,1.7214084819721218e+28,1.721408481976409e+28,1.7214067956973287e+28,-3.4969641235049664e+21,-1.6862790802523074e+22,0,1.7214084819721218e+28,37584.671046155257,37584.634228581708,0,1,37584.671046155257,0,1,37584.671046155257,0
n17_vd_0p05_vg_2p5,baseline,993,internal,2115,electron,993,996,993,993,0,0,1.3049449999999989e-07,3.6410894004419148e-10,0.25104476549039328,-2510447.654903932,0.00043285619718994478,5.1860338246001447e-07,1.0003425398864645,0.99965753831805992,3.2297638794345411e+26,3.231972935079938e+26,1278337085211604,1.0796377451593897e-07,1,-3.9021349546459734e+22,-3.9021349546556589e+22,-3.9021349535788602e+22,1531570855675.8855,10767986327552,0,-3.9021349546459734e+22,-0.085197941211520078,-0.085197941188221091,0,0,-0.085197941211520078,0,1,-0.085197941211520078,0
n17_vd_0p05_vg_2p5,baseline,993,internal,2115,electron,993,996,993,996,0,1,1.3049449999999989e-07,3.6410894004419148e-10,0.25104476549039328,2510447.654903932,0.00043285619718994478,-5.1860338246001447e-07,1.0003425398864645,0.99965753831805992,3.2297638794345411e+26,3.231972935079938e+26,1278337085211604,1.0796377451593897e-07,1,3.9021300098173403e+22,3.902130009827066e+22,3.9021300087502699e+22,-1531570855675.8855,-10767961161728,0,3.9021300098173403e+22,0.085197833247745366,0.085197833224447295,0,0,0.085197833247745366,0,1,0.085197833247745366,0
n17_vd_0p05_vg_2p5,baseline,996,internal,2085,electron,983,996,996,983,1,0,6.4696812499999939e-10,6.5247249999999943e-08,80.988365871101877,-809883658.7110188,0.00043301877371117571,0.00029767416220849441,1.0006804126586355,0.99931989584235636,3.2275853130671395e+26,3.231972935079938e+26,7.3903373518868185e+19,0.006241614396438752,-1,-1.4104548323334023e+27,-1.4104548323369158e+27,-1.4104546928373514e+27,5.0804090104610513e+19,1.3949956443141151e+20,0,-1.4104548323334023e+27,3079.5410533808158,3079.5407488096903,0,0,3079.5410533808158,0,1,3079.5410533808158,0
n17_vd_0p05_vg_2p5,baseline,996,internal,2085,electron,983,996,996,996,1,1,6.4696812499999939e-10,6.5247249999999943e-08,80.988365871101877,809883658.7110188,0.00043301877371117571,-0.00029767416220849441,1.0006804126586355,0.99931989584235636,3.2275853130671395e+26,3.231972935079938e+26,7.3903373518868185e+19,0.006241614396438752,-1,1.4104519736232728e+27,1.4104519736267956e+27,1.4104518341277861e+27,-5.0804090104610513e+19,-1.3949900945291739e+20,0,1.4104519736232728e+27,-3079.5348117664075,-3079.5345071965144,0,0,-3079.5348117664075,0,1,-3079.5348117664075,0
n17_vd_0p05_vg_2p5,baseline,996,internal,2115,electron,993,996,996,993,1,0,1.3049449999999989e-07,3.6410894004419148e-10,0.25104476549039328,-2510447.654903932,0.00043285619718994478,5.1860338246001447e-07,1.0003425398864645,0.99965753831805992,3.2297638794345411e+26,3.231972935079938e+26,1278337085211604,1.0796377451593897e-07,-1,-3.9021349546459734e+22,-3.9021349546556589e+22,-3.9021349535788602e+22,1531570855675.8855,10767986327552,0,-3.9021349546459734e+22,0.085197941211520078,0.085197941188221091,0,0,0.085197941211520078,0,1,0.085197941211520078,0
n17_vd_0p05_vg_2p5,baseline,996,internal,2115,electron,993,996,996,996,1,1,1.3049449999999989e-07,3.6410894004419148e-10,0.25104476549039328,2510447.654903932,0.00043285619718994478,-5.1860338246001447e-07,1.0003425398864645,0.99965753831805992,3.2297638794345411e+26,3.231972935079938e+26,1278337085211604,1.0796377451593897e-07,-1,3.9021300098173403e+22,3.902130009827066e+22,3.9021300087502699e+22,-1531570855675.8855,-10767961161728,0,3.9021300098173403e+22,-0.085197833247745366,-0.085197833224447295,0,0,-0.085197833247745366,0,1,-0.085197833247745366,0
n17_vd_0p05_vg_2p5,baseline,996,contact_cut,2118,electron,995,996,996,995,1,0,8.1249755088383561e-11,6.5247249999999943e-08,80.963246630221363,809632466.30221343,0.00043270206916590177,-0.00037430165944485339,0.99995886485246654,1.0000411362756314,3.2322380225627774e+26,3.231972935079938e+26,-7.3879615071173329e+19,-0.0062396078429878274,-1,-1.123090084865999e+28,-1.1230900848687996e+28,-1.123088811457286e+28,6.3908320506978386e+19,1.2734115136045683e+22,0,-1.123090084865999e+28,24521.182413675808,24521.154610485522,0,1,24521.182413675808,0,1,24521.182413675808,0
n17_vd_0p05_vg_2p5,baseline,996,contact_cut,2118,electron,995,996,996,996,1,1,8.1249755088383561e-11,6.5247249999999943e-08,80.963246630221363,-809632466.30221343,0.00043270206916590177,0.00037430165944485339,0.99995886485246654,1.0000411362756314,3.2322380225627774e+26,3.231972935079938e+26,-7.3879615071173329e+19,-0.0062396078429878274,-1,1.1230903706451105e+28,1.1230903706479182e+28,1.1230890972357062e+28,-6.3908320506978386e+19,-1.2734122120143543e+22,0,1.1230903706451105e+28,-24521.188653283669,-24521.16085007829,0,0,-24521.188653283669,0,1,-24521.188653283669,0
n17_vd_0p05_vg_2p5,baseline,998,internal,2108,electron,991,998,998,991,1,0,8.1249755088383561e-11,3.8864649999999965e-08,3.3170475543182087,-33170475.543181866,0.00043678603648407481,1.5643003337117989e-05,1.0000099699726233,0.99999003009364329,3.2044729604867111e+26,3.2045368245192199e+26,1.804413816005214e+18,0.00015239433215096364,-1,-6.6951820067244699e+27,-6.6951820067413221e+27,-6.6951739955307403e+27,64623062523979056,8.0112105818722182e+21,0,-6.6951820067244699e+27,14618.041908832192,14618.024417453233,0,0,14618.041908832192,0,1,14618.041908832192,0
n17_vd_0p05_vg_2p5,baseline,998,internal,2108,electron,991,998,998,998,1,1,8.1249755088383561e-11,3.8864649999999965e-08,3.3170475543182087,33170475.543181866,0.00043678603648407481,-1.5643003337117989e-05,1.0000099699726233,0.99999003009364329,3.2044729604867111e+26,3.2045368245192199e+26,1.804413816005214e+18,0.00015239433215096364,-1,6.6951819369266285e+27,6.6951819369435027e+27,6.6951739257330978e+27,-64623062523979056,-8.0112104048508461e+21,0,6.6951819369266285e+27,-14618.041756437864,-14618.024265059339,0,0,-14618.041756437864,0,1,-14618.041756437864,0
n17_vd_0p05_vg_2p5,baseline,998,contact_cut,2109,electron,997,998,998,997,1,0,1.8448199999999969e-08,4.0624877544191781e-11,9777.4336393945305,54205830.379117966,0.0004362304856834807,-3.1956188362158855e-05,0.9956254658697542,1.0043873291552468,3.210260766455996e+26,3.2045368245192199e+26,-5.557573758201943e+18,-0.00046937278674575331,-1,-3.0703676872791264e+22,-3.0703676872965122e+22,-3.070326975130624e+22,4.0712164711604832e+17,4.0712165888150733e+17,0,-3.0703676872791264e+22,0.067037406127408244,0.0670365172316435,0,1,0.067037406127408244,0,1,0.067037406127408244,0
n17_vd_0p05_vg_2p5,baseline,998,contact_cut,2109,electron,997,998,998,998,1,1,1.8448199999999969e-08,4.0624877544191781e-11,9777.4336393945305,-54205830.379117966,0.0004362304856834807,3.1956188362158855e-05,0.9956254658697542,1.0043873291552468,3.210260766455996e+26,3.2045368245192199e+26,-5.557573758201943e+18,-0.00046937278674575331,-1,3.091865342408771e+22,3.0918653424133122e+22,3.0918246302474241e+22,-4.0712164711604832e+17,-4.0712165888150733e+17,0,3.091865342408771e+22,-0.067506778914154214,-0.067505890018109013,0,0,-0.067506778914154214,0,1,-0.067506778914154214,0
n17_vd_0p05_vg_2p5,baseline,998,internal,2274,electron,998,1055,998,998,0,0,5.9281099999999972e-08,4.0624877544191781e-11,6737.5899196865275,16868782.799235761,0.00046142559249577462,-1.0749656276232145e-05,0.94107865015343217,1.0613308685258513,3.2045368245192199e+26,2.8856935826911239e+26,-3.8383867867783327e+18,-0.00032417640882576628,1,-9.5360534631038006e+21,-9.5360534631091211e+21,-9.5359640416076809e+21,89421434970527952,89421501440196608,0,-9.5360534631038006e+21,-0.020820707940203492,-0.020820512700226966,0,0,-0.020820707940203492,0,1,-0.020820707940203492,0
n17_vd_0p05_vg_2p5,baseline,998,internal,2274,electron,998,1055,998,1055,0,1,5.9281099999999972e-08,4.0624877544191781e-11,6737.5899196865275,-16868782.799228657,0.00046142559249577462,1.0749656276232145e-05,0.94107865015343217,1.0613308685258513,3.2045368245192199e+26,2.8856935826911239e+26,-3.8383867867783327e+18,-0.00032417640882576628,1,9.6845288931860656e+21,9.6845288933734398e+21,9.6844394717363202e+21,-89421434970527952,-89421637119639552,0,9.6845288931860656e+21,0.021144884349029201,0.021144689109153927,0,0,0.021144884349029201,0,1,0.021144884349029201,0
n17_vd_0p05_vg_2p5,sentaurus,991,internal,2091,electron,986,991,991,986,1,0,6.4696812499999939e-10,3.8864649999999965e-08,32.782943242029589,-327829432.42029583,0.00043709730803858071,0.00012340534549792892,1.0006188028346801,0.99938145233802222,3.2004693255580606e+26,3.2044292499140739e+26,1.783458405785301e+19,0.0015062451321193381,-1,-8.4087673575396332e+26,-8.4087673575608304e+26,-8.4087664752992271e+26,5.0352243470621962e+18,8.8226160326807126e+19,0,-8.4087673575396332e+26,1835.9428244172759,1835.9426317917848,0,0,1835.9428244172759,0,1,1835.9428244172759,0
n17_vd_0p05_vg_2p5,sentaurus,991,internal,2091,electron,986,991,991,991,1,1,6.4696812499999939e-10,3.8864649999999965e-08,32.782943242029589,327829432.42029583,0.00043709730803858071,-0.00012340534549792892,1.0006188028346801,0.99938145233802222,3.2004693255580606e+26,3.2044292499140739e+26,1.783458405785301e+19,0.0015062451321193381,-1,8.408760458814507e+26,8.4087604588357647e+26,8.4087595765757612e+26,-5.0352243470621962e+18,-8.8226000347865285e+19,0,8.408760458814507e+26,-1835.9413181721447,-1835.9411255470159,0,0,-1835.9413181721447,0,1,-1835.9413181721447,0
n17_vd_0p05_vg_2p5,sentaurus,991,internal,2092,electron,991,992,991,991,0,0,1.8448199999999969e-08,3.6410894004419148e-10,9998.7775718687626,-54205830.379110865,0.00043632839114803262,3.2049423559499246e-05,1.0044420645711203,0.99557105122464284,3.2044292499140739e+26,3.2099963390931291e+26,5.0947025354876568e+19,0.00430280340084261,1,-2.7718287574389752e+23,-2.7718287574593538e+23,-2.7717913355780097e+23,3.7421878287563018e+18,3.7421881344068157e+18,0,-2.7718287574389752e+23,-0.60519204555833206,-0.60518387499132797,0,0,-0.60519204555833206,0,1,-0.60519204555833206,0
n17_vd_0p05_vg_2p5,sentaurus,991,internal,2092,electron,991,992,991,992,0,1,1.8448199999999969e-08,3.6410894004419148e-10,9998.7775718687626,54205830.379110865,0.00043632839114803262,-3.2049423559499246e-05,1.0044420645711203,0.99557105122464284,3.2044292499140739e+26,3.2099963390931291e+26,5.0947025354876568e+19,0.00430280340084261,1,2.7521215681399865e+23,2.7521215681724417e+23,2.7520841462910976e+23,-3.7421878287563018e+18,-3.7421881344068157e+18,0,2.7521215681399865e+23,0.60088924215748996,0.60088107159312276,0,0,0.60088924215748996,0,1,0.60088924215748996,0
n17_vd_0p05_vg_2p5,sentaurus,991,internal,2108,electron,991,998,991,991,0,0,8.1249755088383561e-11,3.8864649999999965e-08,3.2890472542559634,-32890472.542558949,0.00043678602290610718,1.5510953854658283e-05,1.0000097077679315,0.99999029229489522,3.2044292499140739e+26,3.2044914329026578e+26,1.7891572297267635e+18,0.0001511058154835645,1,-6.6950887175887239e+27,-6.6950887176056685e+27,-6.6950807064019541e+27,63535767569617560,8.0112037143225911e+21,0,-6.6950887175887239e+27,-14617.83822437752,-14617.820733013757,0,0,-14617.83822437752,0,1,-14617.83822437752,0
n17_vd_0p05_vg_2p5,sentaurus,991,internal,2108,electron,991,998,991,998,0,1,8.1249755088383561e-11,3.8864649999999965e-08,3.2890472542559634,32890472.542558949,0.00043678602290610718,-1.5510953854658283e-05,1.0000097077679315,0.99999029229489522,3.2044292499140739e+26,3.2044914329026578e+26,1.7891572297267635e+18,0.0001511058154835645,1,6.6950886483810442e+27,6.6950886483979305e+27,6.6950806371943899e+27,-63535767569617560,-8.0112035405997539e+21,0,6.6950886483810442e+27,14617.838073271731,14617.82058190822,0,0,14617.838073271731,0,1,14617.838073271731,0
n17_vd_0p05_vg_2p5,sentaurus,991,internal,2110,electron,991,999,991,991,0,0,5.9281099999999972e-08,3.6410894004419148e-10,6853.7689628684448,16868782.799235761,0.00046172285609814986,-1.0784344528502743e-05,0.94097579110123342,1.0614423215855622,3.2044292499140739e+26,2.8857470478031013e+26,-3.5017774736969224e+19,-0.0029574759110788649,1,-8.5511711677927804e+22,-8.5511711677419522e+22,-8.5510893776097289e+22,8.1790135012224461e+17,8.1790132223265997e+17,0,-8.5511711677927804e+22,-0.18670348076399446,-0.18670169498382838,0,0,-0.18670348076399446,0,1,-0.18670348076399446,0
n17_vd_0p05_vg_2p5,sentaurus,991,internal,2110,electron,991,999,991,999,0,1,5.9281099999999972e-08,3.6410894004419148e-10,6853.7689628684448,-16868782.799235761,0.00046172285609814986,1.0784344528502743e-05,0.94097579110123342,1.0614423215855622,3.2044292499140739e+26,2.8857470478031013e+26,-3.5017774736969224e+19,-0.0029574759110788649,1,8.6866259682966207e+22,8.6866259682877438e+22,8.6865441781555206e+22,-8.1790135012224461e+17,-8.1790132223265997e+17,0,8.6866259682966207e+22,0.18966095667507335,0.18965917089582324,0,0,0.18966095667507335,0,1,0.18966095667507335,0
n17_vd_0p05_vg_2p5,sentaurus,992,internal,2092,electron,991,992,992,991,1,0,1.8448199999999969e-08,3.6410894004419148e-10,9998.7775718687626,-54205830.379110865,0.00043632839114803262,3.2049423559499246e-05,1.0044420645711203,0.99557105122464284,3.2044292499140739e+26,3.2099963390931291e+26,5.0947025354876568e+19,0.00430280340084261,-1,-2.7718287574389752e+23,-2.7718287574593538e+23,-2.7717913355780097e+23,3.7421878287563018e+18,3.7421881344068157e+18,0,-2.7718287574389752e+23,0.60519204555833206,0.60518387499132797,0,0,0.60519204555833206,0,1,0.60519204555833206,0
n17_vd_0p05_vg_2p5,sentaurus,992,internal,2092,electron,991,992,992,992,1,1,1.8448199999999969e-08,3.6410894004419148e-10,9998.7775718687626,54205830.379110865,0.00043632839114803262,-3.2049423559499246e-05,1.0044420645711203,0.99557105122464284,3.2044292499140739e+26,3.2099963390931291e+26,5.0947025354876568e+19,0.00430280340084261,-1,2.7521215681399865e+23,2.7521215681724417e+23,2.7520841462910976e+23,-3.7421878287563018e+18,-3.7421881344068157e+18,0,2.7521215681399865e+23,-0.60088924215748996,-0.60088107159312276,0,0,-0.60088924215748996,0,1,-0.60088924215748996,0
n17_vd_0p05_vg_2p5,sentaurus,992,internal,2094,electron,985,992,992,985,1,0,6.4696812499999939e-10,4.3976850000000036e-08,5228.7534117897831,-1545671202.8896327,0.00043630528581553157,0.0008514278890814353,1.000729738220518,0.99927061661877759,3.2057354352929763e+26,3.2099963390931291e+26,3.2183170267334794e+21,0.27180753638039445,-1,-9.51428577562565e+26,-9.5142857756495053e+26,-9.5142229688108193e+26,6.2803843124308612e+21,6.2806838685973631e+21,0,-9.51428577562565e+26,2077.3181081711164,2077.3043951361246,0,0,2077.3181081711164,0,1,2077.3181081711164,0
n17_vd_0p05_vg_2p5,sentaurus,992,internal,2094,electron,985,992,992,992,1,1,6.4696812499999939e-10,4.3976850000000036e-08,5228.7534117897831,1545671202.8896363,0.00043630528581553157,-0.0008514278890814353,1.000729738220518,0.99927061661877759,3.2057354352929763e+26,3.2099963390931291e+26,3.2183170267334794e+21,0.27180753638039445,-1,9.5130408750170712e+26,9.5130408750393858e+26,9.5129780682094547e+26,-6.2803843124308612e+21,-6.2806829931112295e+21,0,9.5130408750170712e+26,-2077.0463006347381,-2077.0325876013212,0,0,-2077.0463006347381,0,1,-2077.0463006347381,0
n17_vd_0p05_vg_2p5,sentaurus,992,contact_cut,2107,electron,992,997,992,992,0,0,8.1249755088383561e-11,4.3976850000000036e-08,5311.216682921975,-12307729406.841883,0.00043599330023296281,0.0067751209464894657,1.0000511936096599,0.999948808137471,3.2099963390931291e+26,3.2102714249383439e+26,3.2690465031641288e+21,0.27609196637779509,1,-7.5754536088857487e+27,-7.575453608904612e+27,-7.5754026595826559e+27,5.0799371060979761e+22,5.0949321956104316e+22,0,-7.5754536088857487e+27,-16539.998198985963,-16539.886957940224,0,0,-16539.998198985963,0,1,-16539.998198985963,0
n17_vd_0p05_vg_2p5,sentaurus,992,contact_cut,2107,electron,992,997,992,997,0,1,8.1249755088383561e-11,4.3976850000000036e-08,5311.216682921975,12307729406.841883,0.00043599330023296281,-0.0067751209464894657,1.0000511936096599,0.999948808137471,3.2099963390931291e+26,3.2102714249383439e+26,3.2690465031641288e+21,0.27609196637779509,1,7.5753271565211041e+27,7.5753271565401223e+27,7.5752762072660609e+27,-5.0799371060979761e+22,-5.094927406137781e+22,0,7.5753271565211041e+27,16539.72210701953,16539.610866078703,0,1,16539.72210701953,0,1,16539.72210701953,0
n17_vd_0p05_vg_2p5,sentaurus,992,internal,2112,electron,992,993,992,992,0,0,6.9505500000000106e-08,3.6410894004419148e-10,5.6185897076442188,-14387350.641316129,0.00043447189496580591,3.7247329665035522e-06,1.0030828470121369,0.99692347595915975,3.2099963390931291e+26,3.2297801232655998e+26,28619260689580544,2.4170803175840633e-06,1,-7.3285018141200516e+22,-7.3285018141382867e+22,-7.3285017895142561e+22,245353278319255.78,246240306528256,0,-7.3285018141200516e+22,-0.16000811709101065,-0.16000811655377575,0,0,-0.16000811709101065,0,1,-0.16000811709101065,0
n17_vd_0p05_vg_2p5,sentaurus,992,internal,2112,electron,992,993,992,993,0,1,6.9505500000000106e-08,3.6410894004419148e-10,5.6185897076442188,14387350.641316129,0.00043447189496580591,-3.7247329665035522e-06,1.0030828470121369,0.99692347595915975,3.2099963390931291e+26,3.2297801232655998e+26,28619260689580544,2.4170803175840633e-06,1,7.3283911098769215e+22,7.3283911098951801e+22,7.3283910852713239e+22,-245353278319255.78,-246238561697792,0,7.3283911098769215e+22,0.16000570001069239,0.1600056994734618,0,0,0.16000570001069239,0,1,0.16000570001069239,0
n17_vd_0p05_vg_2p5,sentaurus,993,internal,2088,electron,984,993,993,984,1,0,6.4696812499999939e-10,9.9999999999999995e-08,504.76017326173536,-1545671202.8896337,0.00043334277524824963,0.00064948209121951095,1.0006787238015291,0.99932158317024355,3.225440574107089e+26,3.2297801232655998e+26,7.0598847093159546e+20,0.059625259228002728,-1,-2.161883997829803e+27,-2.1618839978351834e+27,-2.1618829342288544e+27,1.0581158719326535e+21,1.0636063290025795e+21,0,-2.161883997829803e+27,4720.1869718506514,4720.1846496190492,0,0,4720.1869718506514,0,1,4720.1869718506514,0
n17_vd_0p05_vg_2p5,sentaurus,993,internal,2088,electron,984,993,993,993,1,1,6.4696812499999939e-10,9.9999999999999995e-08,504.76017326173536,1545671202.8896337,0.00043334277524824963,-0.00064948209121951095,1.0006787238015291,0.99932158317024355,3.225440574107089e+26,3.2297801232655998e+26,7.0598847093159546e+20,0.059625259228002728,-1,2.1618566889764525e+27,2.1618566889818693e+27,2.1618556253768281e+27,-1.0581158719326535e+21,-1.0636050411995854e+21,0,2.1618566889764525e+27,-4720.1273465914192,-4720.1250243627073,0,0,-4720.1273465914192,0,1,-4720.1273465914192,0
n17_vd_0p05_vg_2p5,sentaurus,993,internal,2112,electron,992,993,993,992,1,0,6.9505500000000106e-08,3.6410894004419148e-10,5.6185897076442188,-14387350.641316129,0.00043447189496580591,3.7247329665035522e-06,1.0030828470121369,0.99692347595915975,3.2099963390931291e+26,3.2297801232655998e+26,28619260689580544,2.4170803175840633e-06,-1,-7.3285018141200516e+22,-7.3285018141382867e+22,-7.3285017895142561e+22,245353278319255.78,246240306528256,0,-7.3285018141200516e+22,0.16000811709101065,0.16000811655377575,0,0,0.16000811709101065,0,1,0.16000811709101065,0
n17_vd_0p05_vg_2p5,sentaurus,993,internal,2112,electron,992,993,993,993,1,1,6.9505500000000106e-08,3.6410894004419148e-10,5.6185897076442188,14387350.641316129,0.00043447189496580591,-3.7247329665035522e-06,1.0030828470121369,0.99692347595915975,3.2099963390931291e+26,3.2297801232655998e+26,28619260689580544,2.4170803175840633e-06,-1,7.3283911098769215e+22,7.3283911098951801e+22,7.3283910852713239e+22,-245353278319255.78,-246238561697792,0,7.3283911098769215e+22,-0.16000570001069239,-0.1600056994734618,0,0,-0.16000570001069239,0,1,-0.16000570001069239,0
n17_vd_0p05_vg_2p5,sentaurus,993,contact_cut,2114,electron,993,994,993,993,0,0,8.1249755088383561e-11,9.9999999999999995e-08,504.76667131662634,-5047666713.1662636,0.00043302842470178206,0.0023307878374012603,1.0000440163811546,0.99995598491043569,3.2297801232655998e+26,3.2300593338353254e+26,7.0599041588106219e+20,0.059625423491472901,1,-1.7214183084123695e+28,-1.7214183084166725e+28,-1.7214166244158908e+28,3.800013534424835e+21,1.6840007817685881e+22,0,-1.7214183084123695e+28,-37584.885593444953,-37584.848825615372,0,0,-37584.885593444953,0,1,-37584.885593444953,0
n17_vd_0p05_vg_2p5,sentaurus,993,contact_cut,2114,electron,993,994,993,994,0,1,8.1249755088383561e-11,9.9999999999999995e-08,504.76667131662634,5047666713.1662636,0.00043302842470178206,-0.0023307878374012603,1.0000440163811546,0.99995598491043569,3.2297801232655998e+26,3.2300593338353254e+26,7.0599041588106219e+20,0.059625423491472901,1,1.7214155775195164e+28,1.7214155775238034e+28,1.7214138935286747e+28,-3.800013534424835e+21,-1.683995128739505e+22,0,1.7214155775195164e+28,37584.825968021571,37584.78920031507,0,1,37584.825968021571,0,1,37584.825968021571,0
n17_vd_0p05_vg_2p5,sentaurus,993,internal,2115,electron,993,996,993,993,0,0,1.3049449999999989e-07,3.6410894004419148e-10,0.26010544413554026,-2601054.4413554035,0.00043285619783888391,5.372471356679398e-07,1.0003391836890381,0.9996608929906734,3.2297801232655998e+26,3.231967352817153e+26,1324476868798507.5,1.1186057548417973e-07,1,-3.9021414940453468e+22,-3.9021414940550692e+22,-3.9021414929813635e+22,1643897921695.6904,10737057529856,0,-3.9021414940453468e+22,-0.085198083990632001,-0.085198083967401333,0,0,-0.085198083990632001,0,1,-0.085198083990632001,0
n17_vd_0p05_vg_2p5,sentaurus,993,internal,2115,electron,993,996,993,996,0,1,1.3049449999999989e-07,3.6410894004419148e-10,0.26010544413554026,2601054.4413554035,0.00043285619783888391,-5.372471356679398e-07,1.0003391836890381,0.9996608929906734,3.2297801232655998e+26,3.231967352817153e+26,1324476868798507.5,1.1186057548417973e-07,1,3.9021363707400751e+22,3.9021363707498058e+22,3.9021363696761035e+22,-1643897921695.6904,-10737023975424,0,3.9021363707400751e+22,0.085197972130056587,0.085197972106826184,0,0,0.085197972130056587,0,1,0.085197972130056587,0
n17_vd_0p05_vg_2p5,sentaurus,996,internal,2085,electron,983,996,996,983,1,0,6.4696812499999939e-10,6.5247249999999943e-08,86.990460126530991,-869904601.26530981,0.00043301877164065043,0.00031947079381922094,1.0006789069997191,0.99932140013775161,3.2275899380729194e+26,3.231967352817153e+26,7.9380382895641723e+19,0.00670418300390255,-1,-1.4104547244938115e+27,-1.4104547244973343e+27,-1.410454583522319e+27,5.8564929740250735e+19,1.4097501530252064e+20,0,-1.4104547244938115e+27,3079.5408179273722,3079.540510134816,0,0,3079.5408179273722,0,1,3079.5408179273722,0
n17_vd_0p05_vg_2p5,sentaurus,996,internal,2085,electron,983,996,996,996,1,1,6.4696812499999939e-10,6.5247249999999943e-08,86.990460126530991,869904601.26530981,0.00043301877164065043,-0.00031947079381922094,1.0006789069997191,0.99932140013775161,3.2275899380729194e+26,3.231967352817153e+26,7.9380382895641723e+19,0.00670418300390255,-1,1.4104516539235044e+27,1.4104516539270245e+27,1.4104515129525914e+27,-5.8564929740250735e+19,-1.4097443311111373e+20,0,1.4104516539235044e+27,-3079.5341137443661,-3079.533805953075,0,0,-3079.5341137443661,0,1,-3079.5341137443661,0
n17_vd_0p05_vg_2p5,sentaurus,996,internal,2115,electron,993,996,996,993,1,0,1.3049449999999989e-07,3.6410894004419148e-10,0.26010544413554026,-2601054.4413554035,0.00043285619783888391,5.372471356679398e-07,1.0003391836890381,0.9996608929906734,3.2297801232655998e+26,3.231967352817153e+26,1324476868798507.5,1.1186057548417973e-07,-1,-3.9021414940453468e+22,-3.9021414940550692e+22,-3.9021414929813635e+22,1643897921695.6904,10737057529856,0,-3.9021414940453468e+22,0.085198083990632001,0.085198083967401333,0,0,0.085198083990632001,0,1,0.085198083990632001,0
n17_vd_0p05_vg_2p5,sentaurus,996,internal,2115,electron,993,996,996,996,1,1,1.3049449999999989e-07,3.6410894004419148e-10,0.26010544413554026,2601054.4413554035,0.00043285619783888391,-5.372471356679398e-07,1.0003391836890381,0.9996608929906734,3.2297801232655998e+26,3.231967352817153e+26,1324476868798507.5,1.1186057548417973e-07,-1,3.9021363707400751e+22,3.9021363707498058e+22,3.9021363696761035e+22,-1643897921695.6904,-10737023975424,0,3.9021363707400751e+22,-0.085197972130056587,-0.085197972106826184,0,0,-0.085197972130056587,0,1,-0.085197972130056587,0
n17_vd_0p05_vg_2p5,sentaurus,996,contact_cut,2118,electron,995,996,996,995,1,0,8.1249755088383561e-11,6.5247249999999943e-08,87.013652936555559,870136529.36555541,0.00043270206708246413,-0.00040226894837402938,0.999956332349896,1.0000436689213834,3.2322487501568391e+26,3.231967352817153e+26,-7.9400722395874656e+19,-0.0067059008052886776,-1,-1.1230909625685367e+28,-1.1230909625713347e+28,-1.1230896935324458e+28,7.3816252632413585e+19,1.2690388889018101e+22,0,-1.1230909625685367e+28,24521.201577146592,24521.173869426711,0,1,24521.201577146592,0,1,24521.201577146592,0
n17_vd_0p05_vg_2p5,sentaurus,996,contact_cut,2118,electron,995,996,996,996,1,1,8.1249755088383561e-11,6.5247249999999943e-08,87.013652936555559,-870136529.36555541,0.00043270206708246413,0.00040226894837402938,0.999956332349896,1.0000436689213834,3.2322487501568391e+26,3.231967352817153e+26,-7.9400722395874656e+19,-0.0067059008052886776,-1,1.1230912697042399e+28,1.1230912697070426e+28,1.1230900006674122e+28,-7.3816252632413585e+19,-1.2690396304124519e+22,0,1.1230912697042399e+28,-24521.208283047308,-24521.18057531134,0,0,-24521.208283047308,0,1,-24521.208283047308,0
n17_vd_0p05_vg_2p5,sentaurus,998,internal,2108,electron,991,998,998,991,1,0,8.1249755088383561e-11,3.8864649999999965e-08,3.2890472542559634,-32890472.542558949,0.00043678602290610718,1.5510953854658283e-05,1.0000097077679315,0.99999029229489522,3.2044292499140739e+26,3.2044914329026578e+26,1.7891572297267635e+18,0.0001511058154835645,-1,-6.6950887175887239e+27,-6.6950887176056685e+27,-6.6950807064019541e+27,63535767569617560,8.0112037143225911e+21,0,-6.6950887175887239e+27,14617.83822437752,14617.820733013757,0,0,14617.83822437752,0,1,14617.83822437752,0
n17_vd_0p05_vg_2p5,sentaurus,998,internal,2108,electron,991,998,998,998,1,1,8.1249755088383561e-11,3.8864649999999965e-08,3.2890472542559634,32890472.542558949,0.00043678602290610718,-1.5510953854658283e-05,1.0000097077679315,0.99999029229489522,3.2044292499140739e+26,3.2044914329026578e+26,1.7891572297267635e+18,0.0001511058154835645,-1,6.6950886483810442e+27,6.6950886483979305e+27,6.6950806371943899e+27,-63535767569617560,-8.0112035405997539e+21,0,6.6950886483810442e+27,-14617.838073271731,-14617.82058190822,0,0,-14617.838073271731,0,1,-14617.838073271731,0
n17_vd_0p05_vg_2p5,sentaurus,998,contact_cut,2109,electron,997,998,998,997,1,0,1.8448199999999969e-08,4.0624877544191781e-11,10022.154802190684,54205830.379110865,0.00043622849568844037,-3.2042105857499337e-05,0.99552968946973741,1.0044836728153668,3.2102714249383439e+26,3.2044914329026578e+26,-5.69661818279475e+18,-0.00048111598114893483,-1,-3.0700685143937481e+22,-3.0700685143992321e+22,-3.0700266712550401e+22,4.1843126858276397e+17,4.1843144192006554e+17,0,-3.0700685143937481e+22,0.067030874084258341,0.067029960494822502,0,1,0.067030874084258341,0,1,0.067030874084258341,0
n17_vd_0p05_vg_2p5,sentaurus,998,contact_cut,2109,electron,997,998,998,998,1,1,1.8448199999999969e-08,4.0624877544191781e-11,10022.154802190684,-54205830.379110865,0.00043622849568844037,3.2042105857499337e-05,0.99552968946973741,1.0044836728153668,3.2102714249383439e+26,3.2044914329026578e+26,-5.69661818279475e+18,-0.00048111598114893483,-1,3.0921040173716893e+22,3.092104017363968e+22,3.0920621742192643e+22,-4.1843126858276397e+17,-4.1843144703711642e+17,0,3.0921040173716893e+22,-0.067511990065407493,-0.067511076475672172,0,0,-0.067511990065407493,0,1,-0.067511990065407493,0
n17_vd_0p05_vg_2p5,sentaurus,998,internal,2274,electron,998,1055,998,998,0,0,5.9281099999999972e-08,4.0624877544191781e-11,6853.7735997601048,16868782.799242865,0.00046142471671900467,-1.0769664715581939e-05,0.94097650040972758,1.0614415529588845,3.2044914329026578e+26,2.8858073423775037e+26,-3.9046112302875576e+18,-0.00032976948827968046,1,-9.5348652098854291e+21,-9.5348652097791999e+21,-9.5347740762367999e+21,91133726198939296,91133542400000000,0,-9.5348652098854291e+21,-0.020818113546902904,-0.020817914568668463,0,0,-0.020818113546902904,0,1,-0.020818113546902904,0
n17_vd_0p05_vg_2p5,sentaurus,998,internal,2274,electron,998,1055,998,1055,0,1,5.9281099999999972e-08,4.0624877544191781e-11,6853.7735997601048,-16868782.799235761,0.00046142471671900467,1.0769664715581939e-05,0.94097650040972758,1.0614415529588845,3.2044914329026578e+26,2.8858073423775037e+26,-3.9046112302875576e+18,-0.00032976948827968046,1,9.6859023158170071e+21,9.6859023156172806e+21,9.6858111820748806e+21,-91133726198939296,-91133542400000000,0,9.6859023158170071e+21,0.021147883035182537,0.021147684056743957,0,0,0.021147883035182537,0,1,0.021147883035182537,0
n17_vd_1_vg_0,baseline,991,internal,2091,electron,986,991,991,986,1,0,6.4696812499999939e-10,3.8864649999999965e-08,0,0,0.00043709809994140923,0,1.0006256438328502,0.99937461701182739,3.2004666053200467e+26,3.2044729804019075e+26,0,0,-1,-8.4088329337665163e+26,-8.4088329337874181e+26,-8.4088319237199356e+26,0,1.0100674824814513e+20,0,-8.4088329337665163e+26,1835.9571421166581,1835.9569215863837,0,0,1835.9571421166581,0,1,1835.9571421166581,0
n17_vd_1_vg_0,baseline,991,internal,2091,electron,986,991,991,991,1,1,6.4696812499999939e-10,3.8864649999999965e-08,0,0,0.00043709809994140923,0,1.0006256438328502,0.99937461701182739,3.2004666053200467e+26,3.2044729804019075e+26,0,0,-1,8.4088329337665095e+26,8.4088329337874758e+26,8.4088319237199356e+26,0,-1.0100675402058118e+20,0,8.4088329337665095e+26,-1835.9571421166565,-1835.9569215863837,0,0,-1835.9571421166565,0,1,-1835.9571421166565,0
n17_vd_1_vg_0,baseline,991,internal,2092,electron,991,992,991,991,0,0,1.8448199999999969e-08,3.6410894004419148e-10,3.1563823880054075e-06,-31.563823877506223,0.00043637789091977616,8.4376949871511897e-12,1.0008580202586845,0.99914247025992475,3.2044729804019075e+26,3.2099751322711117e+26,16084693160.541323,1.3584556105209875e-12,1,-2.7622893616269636e+23,-2.7622893616338533e+23,-2.7622893535723641e+23,311.00964937638173,806148919787520,0,-2.7622893616269636e+23,-0.60310924500675822,-0.6031092432481433,0,0,-0.60310924500675822,0,1,-0.60310924500675822,0
n17_vd_1_vg_0,baseline,991,internal,2092,electron,991,992,991,992,0,1,1.8448199999999969e-08,3.6410894004419148e-10,3.1563823880054075e-06,31.563823877506223,0.00043637789091977616,-8.4376949871511897e-12,1.0008580202586845,0.99914247025992475,3.2044729804019075e+26,3.2099751322711117e+26,16084693160.541323,1.3584556105209875e-12,1,2.7622893616207517e+23,2.7622893616276414e+23,2.7622893535661522e+23,-311.00964937638173,-806148919787520,0,2.7622893616207517e+23,0.60310924500540197,0.60310924324678705,0,0,0.60310924500540197,0,1,0.60310924500540197,0
n17_vd_1_vg_0,baseline,991,internal,2108,electron,991,998,991,991,0,0,8.1249755088383561e-11,3.8864649999999965e-08,0,0,0.00043678680566463249,0,1.0000099647490539,0.99999003531714314,3.2044729804019075e+26,3.2045368443643747e+26,0,0,1,-6.6951938035822186e+27,-6.6951938035989598e+27,-6.6951857810814852e+27,0,8.0225174745676387e+21,0,-6.6951938035822186e+27,-14618.067665706432,-14618.05014964013,0,0,-14618.067665706432,0,1,-14618.067665706432,0
n17_vd_1_vg_0,baseline,991,internal,2108,electron,991,998,991,998,0,1,8.1249755088383561e-11,3.8864649999999965e-08,0,0,0.00043678680566463249,0,1.0000099647490539,0.99999003531714314,3.2044729804019075e+26,3.2045368443643747e+26,0,0,1,6.6951938035822406e+27,6.6951938035989367e+27,6.695185781081461e+27,0,-8.0225174756671504e+21,0,6.6951938035822406e+27,14618.067665706481,14618.050149640078,0,0,14618.067665706481,0,1,14618.067665706481,0
n17_vd_1_vg_0,baseline,991,internal,2110,electron,991,999,991,991,0,0,5.9281099999999972e-08,3.6410894004419148e-10,2.1721314901105971e-06,21.721314899525446,0.00046175083186373786,-5.3290705182007514e-12,0.94851401508330579,1.0533162340850737,3.2044729804019075e+26,2.8856362738226222e+26,-11100064618.727522,-9.3747172594173587e-13,1,-8.6203151127300329e+22,-8.620315112751548e+22,-8.620315105412021e+22,128.10594595147387,73395270057984,0,-8.6203151127300329e+22,-0.18821314709393078,-0.1882131469341517,0,0,-0.18821314709393078,0,1,-0.18821314709393078,0
n17_vd_1_vg_0,baseline,991,internal,2110,electron,991,999,991,999,0,1,5.9281099999999972e-08,3.6410894004419148e-10,2.1721314901105971e-06,-21.721314899525446,0.00046175083186373786,5.3290705182007514e-12,0.94851401508330579,1.0533162340850737,3.2044729804019075e+26,2.8856362738226222e+26,-11100064618.727522,-9.3747172594173587e-13,1,8.620315112772996e+22,8.620315112794454e+22,8.6203151054549287e+22,-128.10594595147387,-73395253280768,0,8.620315112772996e+22,0.1882131470948688,0.18821314693508853,0,0,0.1882131470948688,0,1,0.1882131470948688,0
n17_vd_1_vg_0,baseline,992,internal,2092,electron,991,992,992,991,1,0,1.8448199999999969e-08,3.6410894004419148e-10,3.1563823880054075e-06,-31.563823877506223,0.00043637789091977616,8.4376949871511897e-12,1.0008580202586845,0.99914247025992475,3.2044729804019075e+26,3.2099751322711117e+26,16084693160.541323,1.3584556105209875e-12,-1,-2.7622893616269636e+23,-2.7622893616338533e+23,-2.7622893535723641e+23,311.00964937638173,806148919787520,0,-2.7622893616269636e+23,0.60310924500675822,0.6031092432481433,0,0,0.60310924500675822,0,1,0.60310924500675822,0
n17_vd_1_vg_0,baseline,992,internal,2092,electron,991,992,992,992,1,1,1.8448199999999969e-08,3.6410894004419148e-10,3.1563823880054075e-06,31.563823877506223,0.00043637789091977616,-8.4376949871511897e-12,1.0008580202586845,0.99914247025992475,3.2044729804019075e+26,3.2099751322711117e+26,16084693160.541323,1.3584556105209875e-12,-1,2.7622893616207517e+23,2.7622893616276414e+23,2.7622893535661522e+23,-311.00964937638173,-806148919787520,0,2.7622893616207517e+23,-0.60310924500540197,-0.60310924324678705,0,0,-0.60310924500540197,0,1,-0.60310924500540197,0
n17_vd_1_vg_0,baseline,992,internal,2094,electron,985,992,992,985,1,0,6.4696812499999939e-10,4.3976850000000036e-08,1.7035414831100168e-06,-17.03541485653659,0.0004363081350351687,6.6613381477509392e-12,1.000663259190099,0.99933703395545448,3.2057208039705807e+26,3.2099751322711117e+26,1048537077710.6921,8.8555688432382449e-11,-1,-9.5136724420747933e+26,-9.5136724420984946e+26,-9.5136713016081358e+26,16008.548716430707,1.1404903587981243e+20,0,-9.5136724420747933e+26,2077.1841949251211,2077.1839459193525,0,0,2077.1841949251211,0,1,2077.1841949251211,0
n17_vd_1_vg_0,baseline,992,internal,2094,electron,985,992,992,992,1,1,6.4696812499999939e-10,4.3976850000000036e-08,1.7035414831100168e-06,17.03541485653659,0.0004363081350351687,-6.6613381477509392e-12,1.000663259190099,0.99933703395545448,3.2057208039705807e+26,3.2099751322711117e+26,1048537077710.6921,8.8555688432382449e-11,-1,9.5136724420744194e+26,9.5136724420981565e+26,9.5136713016077304e+26,-16008.548716430707,-1.1404904261432115e+20,0,9.5136724420744194e+26,-2077.1841949250393,-2077.1839459192643,0,0,-2077.1841949250393,0,1,-2077.1841949250393,0
n17_vd_1_vg_0,baseline,992,contact_cut,2107,electron,992,997,992,992,0,0,8.1249755088383561e-11,4.3976850000000036e-08,2.9390409636415729e-05,-293.90409572727094,0.00043599619190680503,1.3811174426336947e-10,1.0000444903311669,0.99995551098838675,3.2099751322711117e+26,3.210260766455996e+26,18089786569185.672,1.5277986227503794e-09,1,-7.5754030268842315e+27,-7.5754030269030892e+27,-7.5753939678942561e+27,5730352.7480266327,9.0590088330795412e+21,0,-7.5754030268842315e+27,-16539.887759894496,-16539.867980791409,0,0,-16539.887759894496,0,1,-16539.887759894496,0
n17_vd_1_vg_0,baseline,992,contact_cut,2107,electron,992,997,992,997,0,1,8.1249755088383561e-11,4.3976850000000036e-08,2.9390409636415729e-05,293.90409572727094,0.00043599619190680503,-1.3811174426336947e-10,1.0000444903311669,0.99995551098838675,3.2099751322711117e+26,3.210260766455996e+26,18089786569185.672,1.5277986227503794e-09,1,7.5754030268835047e+27,7.5754030269024174e+27,7.5753939678936096e+27,-5730352.7480266327,-9.0590088077907738e+21,0,7.5754030268835047e+27,16539.88775989291,16539.867980789997,0,1,16539.88775989291,0,1,16539.88775989291,0
n17_vd_1_vg_0,baseline,992,internal,2112,electron,992,993,992,992,0,0,6.9505500000000106e-08,3.6410894004419148e-10,2.114244271676158e-08,-0.2114244291792633,0.00043447280062207681,0,1.003076068842603,0.99693022638335627,3.2099751322711117e+26,3.2297638807098193e+26,107692295.83878185,9.0953058309478935e-15,1,-7.3284191536325641e+22,-7.3284191536508186e+22,-7.3284191487621325e+22,0,48886861266944,0,-7.3284191536325641e+22,-0.16000631230890155,-0.16000631220256212,0,0,-0.16000631230890155,0,1,-0.16000631230890155,0
n17_vd_1_vg_0,baseline,992,internal,2112,electron,992,993,992,993,0,1,6.9505500000000106e-08,3.6410894004419148e-10,2.114244271676158e-08,0.2114244291792633,0.00043447280062207681,0,1.003076068842603,0.99693022638335627,3.2099751322711117e+26,3.2297638807098193e+26,107692295.83878185,9.0953058309478935e-15,1,7.3284191536321246e+22,7.3284191536503757e+22,7.3284191487616904e+22,0,-48886852878336,0,7.3284191536321246e+22,0.16000631230889195,0.16000631220255249,0,0,0.16000631230889195,0,1,0.16000631230889195,0
n17_vd_1_vg_0,baseline,993,internal,2088,electron,984,993,993,984,1,0,6.4696812499999939e-10,9.9999999999999995e-08,2.8392358051833608e-07,-2.8392358464301992,0.00043334296718873343,1.3322676295501878e-12,1.000671872799082,0.99932842800822663,3.2254277845536784e+26,3.2297638807098193e+26,397111287202.5116,3.3538597890375168e-11,-1,-2.1618615820876527e+27,-2.1618615820930342e+27,-2.1618613248835656e+27,1220.8771188814371,2.5720946866868611e+20,0,-2.1618615820876527e+27,4720.1380300507362,4720.1374684797256,0,0,4720.1380300507362,0,1,4720.1380300507362,0
n17_vd_1_vg_0,baseline,993,internal,2088,electron,984,993,993,993,1,1,6.4696812499999939e-10,9.9999999999999995e-08,2.8392358051833608e-07,2.8392358464301992,0.00043334296718873343,-1.3322676295501878e-12,1.000671872799082,0.99932842800822663,3.2254277845536784e+26,3.2297638807098193e+26,397111287202.5116,3.3538597890375168e-11,-1,2.1618615820876334e+27,2.1618615820930189e+27,2.1618613248835428e+27,-1220.8771188814371,-2.5720947609038959e+20,0,2.1618615820876334e+27,-4720.1380300506944,-4720.1374684796756,0,0,-4720.1380300506944,0,1,-4720.1380300506944,0
n17_vd_1_vg_0,baseline,993,internal,2112,electron,992,993,993,992,1,0,6.9505500000000106e-08,3.6410894004419148e-10,2.114244271676158e-08,-0.2114244291792633,0.00043447280062207681,0,1.003076068842603,0.99693022638335627,3.2099751322711117e+26,3.2297638807098193e+26,107692295.83878185,9.0953058309478935e-15,-1,-7.3284191536325641e+22,-7.3284191536508186e+22,-7.3284191487621325e+22,0,48886861266944,0,-7.3284191536325641e+22,0.16000631230890155,0.16000631220256212,0,0,0.16000631230890155,0,1,0.16000631230890155,0
n17_vd_1_vg_0,baseline,993,internal,2112,electron,992,993,993,993,1,1,6.9505500000000106e-08,3.6410894004419148e-10,2.114244271676158e-08,0.2114244291792633,0.00043447280062207681,0,1.003076068842603,0.99693022638335627,3.2099751322711117e+26,3.2297638807098193e+26,107692295.83878185,9.0953058309478935e-15,-1,7.3284191536321246e+22,7.3284191536503757e+22,7.3284191487616904e+22,0,-48886852878336,0,7.3284191536321246e+22,-0.16000631230889195,-0.16000631220255249,0,0,-0.16000631230889195,0,1,-0.16000631230889195,0
n17_vd_1_vg_0,baseline,993,contact_cut,2114,electron,993,994,993,993,0,0,8.1249755088383561e-11,9.9999999999999995e-08,1.1304003706313738e-05,-113.04003599832413,0.00043302861599836811,5.2402526762307389e-11,1.0000440781523283,0.99995592314288961,3.2297638807098193e+26,3.2300486131252063e+26,15810252431206.475,1.3352773288590792e-09,1,-1.7214105181907429e+28,-1.721410518195042e+28,-1.7214084751873885e+28,1913261.9543745236,2.0430076535661989e+22,0,-1.7214105181907429e+28,-37584.71550428815,-37584.670898019598,0,0,-37584.71550428815,0,1,-37584.71550428815,0
n17_vd_1_vg_0,baseline,993,contact_cut,2114,electron,993,994,993,994,0,1,8.1249755088383561e-11,9.9999999999999995e-08,1.1304003706313738e-05,113.04003599832413,0.00043302861599836811,-5.2402526762307389e-11,1.0000440781523283,0.99995592314288961,3.2297638807098193e+26,3.2300486131252063e+26,15810252431206.475,1.3352773288590792e-09,1,1.7214105181906831e+28,1.7214105181949747e+28,1.7214084751873212e+28,-1913261.9543745236,-2.0430076535661989e+22,0,1.7214105181906831e+28,37584.71550428684,37584.670898018136,0,1,37584.71550428684,0,1,37584.71550428684,0
n17_vd_1_vg_0,baseline,993,internal,2115,electron,993,996,993,993,0,0,1.3049449999999989e-07,3.6410894004419148e-10,1.4076417514242704e-09,-0.014076417115260753,0.00043285632271457817,0,1.0003419059678573,0.9996581719475105,3.2297638807098193e+26,3.2319729352695563e+26,7167809.9815520644,6.0536757446357395e-16,1,-3.9021336149832029e+22,-3.9021336149929463e+22,-3.902133613703811e+22,0,12891352727552,0,-3.9021336149832029e+22,-0.085197911961760325,-0.085197911933826503,0,0,-0.085197911961760325,0,1,-0.085197911961760325,0
n17_vd_1_vg_0,baseline,993,internal,2115,electron,993,996,993,996,0,1,1.3049449999999989e-07,3.6410894004419148e-10,1.4076417514242704e-09,0.014076417115260753,0.00043285632271457817,0,1.0003419059678573,0.9996581719475105,3.2297638807098193e+26,3.2319729352695563e+26,7167809.9815520644,6.0536757446357395e-16,1,3.9021336149831912e+22,3.9021336149929195e+22,3.9021336137037834e+22,0,-12891361116160,0,3.9021336149831912e+22,0.085197911961760076,0.085197911933825893,0,0,0.085197911961760076,0,1,0.085197911961760076,0
n17_vd_1_vg_0,baseline,996,internal,2085,electron,983,996,996,983,1,0,6.4696812499999939e-10,6.5247249999999943e-08,0,0,0.00043301879886063868,0,1.0006793987285689,0.99932090885387814,3.2275853137062237e+26,3.2319729352695563e+26,0,0,-1,-1.4104534854007807e+27,-1.4104534854042989e+27,-1.4104533177335085e+27,0,1.6767079038803824e+20,0,-1.4104534854007807e+27,3079.5381125320846,3079.5377464528337,0,0,3079.5381125320846,0,1,3079.5381125320846,0
n17_vd_1_vg_0,baseline,996,internal,2085,electron,983,996,996,996,1,1,6.4696812499999939e-10,6.5247249999999943e-08,0,0,0.00043301879886063868,0,1.0006793987285689,0.99932090885387814,3.2275853137062237e+26,3.2319729352695563e+26,0,0,-1,1.4104534854007829e+27,1.4104534854042893e+27,1.4104533177334983e+27,0,-1.6767079093779405e+20,0,1.4104534854007829e+27,-3079.5381125320891,-3079.5377464528115,0,0,-3079.5381125320891,0,1,-3079.5381125320891,0
n17_vd_1_vg_0,baseline,996,internal,2115,electron,993,996,996,993,1,0,1.3049449999999989e-07,3.6410894004419148e-10,1.4076417514242704e-09,-0.014076417115260753,0.00043285632271457817,0,1.0003419059678573,0.9996581719475105,3.2297638807098193e+26,3.2319729352695563e+26,7167809.9815520644,6.0536757446357395e-16,-1,-3.9021336149832029e+22,-3.9021336149929463e+22,-3.902133613703811e+22,0,12891352727552,0,-3.9021336149832029e+22,0.085197911961760325,0.085197911933826503,0,0,0.085197911961760325,0,1,0.085197911961760325,0
n17_vd_1_vg_0,baseline,996,internal,2115,electron,993,996,996,996,1,1,1.3049449999999989e-07,3.6410894004419148e-10,1.4076417514242704e-09,0.014076417115260753,0.00043285632271457817,0,1.0003419059678573,0.9996581719475105,3.2297638807098193e+26,3.2319729352695563e+26,7167809.9815520644,6.0536757446357395e-16,-1,3.9021336149831912e+22,3.9021336149929195e+22,3.9021336137037834e+22,0,-12891361116160,0,3.9021336149831912e+22,-0.085197911961760076,-0.085197911933825893,0,0,-0.085197911961760076,0,1,-0.085197911961760076,0
n17_vd_1_vg_0,baseline,996,contact_cut,2118,electron,995,996,996,995,1,0,8.1249755088383561e-11,6.5247249999999943e-08,9.0432029650509936e-06,90.432028976294987,0.00043270209425701119,-4.1744385725905886e-11,0.99995899210721506,1.0000410090139138,3.2322380225628117e+26,3.2319729352695563e+26,-8251996067823.9541,-6.9693405055638064e-10,-1,-1.1230902929151072e+28,-1.1230902929179094e+28,-1.1230889611243558e+28,796100.85422719247,1.3317935535400323e+22,0,-1.1230902929151072e+28,24521.186956152142,24521.157878267481,0,1,24521.186956152142,0,1,24521.186956152142,0
n17_vd_1_vg_0,baseline,996,contact_cut,2118,electron,995,996,996,996,1,1,8.1249755088383561e-11,6.5247249999999943e-08,9.0432029650509936e-06,-90.432028976294987,0.00043270209425701119,4.1744385725905886e-11,0.99995899210721506,1.0000410090139138,3.2322380225628117e+26,3.2319729352695563e+26,-8251996067823.9541,-6.9693405055638064e-10,-1,1.1230902929151423e+28,1.1230902929179413e+28,1.1230889611243879e+28,-796100.85422719247,-1.33179355332013e+22,0,1.1230902929151423e+28,-24521.186956152909,-24521.157878268183,0,0,-24521.186956152909,0,1,-24521.186956152909,0
n17_vd_1_vg_0,baseline,998,internal,2108,electron,991,998,998,991,1,0,8.1249755088383561e-11,3.8864649999999965e-08,0,0,0.00043678680566463249,0,1.0000099647490539,0.99999003531714314,3.2044729804019075e+26,3.2045368443643747e+26,0,0,-1,-6.6951938035822186e+27,-6.6951938035989598e+27,-6.6951857810814852e+27,0,8.0225174745676387e+21,0,-6.6951938035822186e+27,14618.067665706432,14618.05014964013,0,0,14618.067665706432,0,1,14618.067665706432,0
n17_vd_1_vg_0,baseline,998,internal,2108,electron,991,998,998,998,1,1,8.1249755088383561e-11,3.8864649999999965e-08,0,0,0.00043678680566463249,0,1.0000099647490539,0.99999003531714314,3.2044729804019075e+26,3.2045368443643747e+26,0,0,-1,6.6951938035822406e+27,6.6951938035989367e+27,6.695185781081461e+27,0,-8.0225174756671504e+21,0,6.6951938035822406e+27,-14618.067665706481,-14618.050149640078,0,0,-14618.067665706481,0,1,-14618.067665706481,0
n17_vd_1_vg_0,baseline,998,contact_cut,2109,electron,997,998,998,997,1,0,1.8448199999999969e-08,4.0624877544191781e-11,3.2858239370403301e-06,32.858239368965812,0.00043634014312252659,-8.4376949871511897e-12,0.99910796544490776,1.0008925653545369,3.210260766455996e+26,3.2045368443643747e+26,-1868160805.9435241,-1.5777817474411684e-13,-1,-3.0818817352393145e+22,-3.0818817352470341e+22,-3.0818817262536763e+22,36.125420307880489,89933578502144,0,-3.0818817352393145e+22,0.067288800093178391,0.067288799896988896,0,1,0.067288800093178391,0,1,0.067288800093178391,0
n17_vd_1_vg_0,baseline,998,contact_cut,2109,electron,997,998,998,998,1,1,1.8448199999999969e-08,4.0624877544191781e-11,3.2858239370403301e-06,-32.858239368965812,0.00043634014312252659,8.4376949871511897e-12,0.99910796544490776,1.0008925653545369,3.210260766455996e+26,3.2045368443643747e+26,-1868160805.9435241,-1.5777817474411684e-13,-1,3.0818817352465501e+22,3.08188173525425e+22,3.0818817262609135e+22,-36.125420307880489,-89933364592640,0,3.0818817352465501e+22,-0.067288800093336362,-0.067288799897146909,0,0,-0.067288800093336362,0,1,-0.067288800093336362,0
n17_vd_1_vg_0,baseline,998,internal,2274,electron,998,1055,998,998,0,0,5.9281099999999972e-08,4.0624877544191781e-11,2.1721314901105971e-06,21.721314899525446,0.00046148733900963781,-5.3290705182007514e-12,0.94851399164721717,1.0533162592172285,3.2045368443643747e+26,2.8856936433342455e+26,-1237790023.8341742,-1.045393148468274e-13,1,-9.6126828224423458e+21,-9.6126828224663268e+21,-9.6126828142870334e+21,14.293502261391282,8179293356032,0,-9.6126828224423458e+21,-0.020988017982728511,-0.020988017964922469,0,0,-0.020988017982728511,0,1,-0.020988017982728511,0
n17_vd_1_vg_0,baseline,998,internal,2274,electron,998,1055,998,1055,0,1,5.9281099999999972e-08,4.0624877544191781e-11,2.1721314901105971e-06,-21.721314899525446,0.00046148733900963781,5.3290705182007514e-12,0.94851399164721717,1.0533162592172285,3.2045368443643747e+26,2.8856936433342455e+26,-1237790023.8341742,-1.045393148468274e-13,1,9.6126828224902028e+21,9.6126828225142089e+21,9.6126828143349135e+21,-14.293502261391282,-8179295453184,0,9.6126828224902028e+21,0.020988017982833,0.020988017965027007,0,0,0.020988017982833,0,1,0.020988017982833,0
n17_vd_1_vg_0,sentaurus,991,internal,2091,electron,986,991,991,986,1,0,6.4696812499999939e-10,3.8864649999999965e-08,0,0,0.00043709810001297031,0,1.0006183906996315,0.99938186413335373,3.2004693391705774e+26,3.204429252297345e+26,0,0,-1,-8.4087791656965475e+26,-8.408779165717489e+26,-8.4087781556563768e+26,0,1.0100611121859579e+20,0,-8.4087791656965475e+26,1835.945402571723,1835.9451820428483,0,0,1835.945402571723,0,1,1835.945402571723,0
n17_vd_1_vg_0,sentaurus,991,internal,2091,electron,986,991,991,991,1,1,6.4696812499999939e-10,3.8864649999999965e-08,0,0,0.00043709810001297031,0,1.0006183906996315,0.99938186413335373,3.2004693391705774e+26,3.204429252297345e+26,0,0,-1,8.4087791656965296e+26,8.4087791657175193e+26,8.4087781556564071e+26,0,-1.0100611121859579e+20,0,8.4087791656965296e+26,-1835.9454025717191,-1835.9451820428549,0,0,-1835.9454025717191,0,1,-1835.9454025717191,0
n17_vd_1_vg_0,sentaurus,991,internal,2092,electron,991,992,991,991,0,0,1.8448199999999969e-08,3.6410894004419148e-10,3.0070267545035751e-06,-30.07026755028064,0.00043637786990810432,7.9936057773011271e-12,1.0008681531910266,0.99913234897832559,3.204429252297345e+26,3.2099963443790312e+26,15323533100.720228,1.2941707563774809e-12,1,-2.7622795002514715e+23,-2.7622795002583609e+23,-2.7622794921968805e+23,280.69774195556067,806148047372288,0,-2.7622795002514715e+23,-0.60310709190621403,-0.60310709014760089,0,0,-0.60310709190621403,0,1,-0.60310709190621403,0
n17_vd_1_vg_0,sentaurus,991,internal,2092,electron,991,992,991,992,0,1,1.8448199999999969e-08,3.6410894004419148e-10,3.0070267545035751e-06,30.07026755028064,0.00043637786990810432,-7.9936057773011271e-12,1.0008681531910266,0.99913234897832559,3.204429252297345e+26,3.2099963443790312e+26,15323533100.720228,1.2941707563774809e-12,1,2.7622795002455405e+23,2.7622795002524433e+23,2.7622794921909635e+23,-280.69774195556067,-806147980263424,0,2.7622795002455405e+23,0.60310709190491907,0.60310709014630903,0,0,0.60310709190491907,0,1,0.60310709190491907,0
n17_vd_1_vg_0,sentaurus,991,internal,2108,electron,991,998,991,991,0,0,8.1249755088383561e-11,3.8864649999999965e-08,2.2608007412628018e-06,-22.608007910207562,0.0004367868068961154,1.0658141036401503e-11,1.0000097025434893,0.99999029751926993,3.204429252297345e+26,3.204491434927895e+26,1229819744613.6663,1.0386617359281336e-10,1,-6.6951007046476147e+27,-6.6951007046643316e+27,-6.6950926822583882e+27,30009.130496840353,8.022405943406652e+21,0,-6.6951007046476147e+27,-14617.864396530727,-14617.846880707886,0,0,-14617.864396530727,0,1,-14617.864396530727,0
n17_vd_1_vg_0,sentaurus,991,internal,2108,electron,991,998,991,998,0,1,8.1249755088383561e-11,3.8864649999999965e-08,2.2608007412628018e-06,22.608007910207562,0.0004367868068961154,-1.0658141036401503e-11,1.0000097025434893,0.99999029751926993,3.204429252297345e+26,3.204491434927895e+26,1229819744613.6663,1.0386617359281336e-10,1,6.6951007046475586e+27,6.6951007046643075e+27,6.6950926822583651e+27,-30009.130496840353,-8.0224059423071404e+21,0,6.6951007046475586e+27,14617.864396530604,14617.846880707835,0,0,14617.864396530604,0,1,14617.864396530604,0
n17_vd_1_vg_0,sentaurus,991,internal,2110,electron,991,999,991,991,0,0,5.9281099999999972e-08,3.6410894004419148e-10,2.045088136195426e-06,20.450881361641638,0.00046175086910719325,-5.3290705182007514e-12,0.94853913240945331,1.0532892994898577,3.204429252297345e+26,2.8857471013215422e+26,-10450980405.944504,-8.8265239667291343e-13,1,-8.6204264445317759e+22,-8.620426444553291e+22,-8.6204264372137003e+22,120.6148494648171,73395907592192,0,-8.6204264445317759e+22,-0.188215577876159,-0.18821557771637851,0,0,-0.188215577876159,0,1,-0.188215577876159,0
n17_vd_1_vg_0,sentaurus,991,internal,2110,electron,991,999,991,999,0,1,5.9281099999999972e-08,3.6410894004419148e-10,2.045088136195426e-06,-20.450881361641638,0.00046175086910719325,5.3290705182007514e-12,0.94853913240945331,1.0532892994898577,3.204429252297345e+26,2.8857471013215422e+26,-10450980405.944504,-8.8265239667291343e-13,1,8.6204264445722124e+22,8.6204264445937157e+22,8.6204264372540646e+22,-120.6148494648171,-73396511571968,0,8.6204264445722124e+22,0.18821557787704188,0.18821557771725983,0,0,0.18821557787704188,0,1,0.18821557787704188,0
n17_vd_1_vg_0,sentaurus,992,internal,2092,electron,991,992,992,991,1,0,1.8448199999999969e-08,3.6410894004419148e-10,3.0070267545035751e-06,-30.07026755028064,0.00043637786990810432,7.9936057773011271e-12,1.0008681531910266,0.99913234897832559,3.204429252297345e+26,3.2099963443790312e+26,15323533100.720228,1.2941707563774809e-12,-1,-2.7622795002514715e+23,-2.7622795002583609e+23,-2.7622794921968805e+23,280.69774195556067,806148047372288,0,-2.7622795002514715e+23,0.60310709190621403,0.60310709014760089,0,0,0.60310709190621403,0,1,0.60310709190621403,0
n17_vd_1_vg_0,sentaurus,992,internal,2092,electron,991,992,992,992,1,1,1.8448199999999969e-08,3.6410894004419148e-10,3.0070267545035751e-06,30.07026755028064,0.00043637786990810432,-7.9936057773011271e-12,1.0008681531910266,0.99913234897832559,3.204429252297345e+26,3.2099963443790312e+26,15323533100.720228,1.2941707563774809e-12,-1,2.7622795002455405e+23,2.7622795002524433e+23,2.7622794921909635e+23,-280.69774195556067,-806147980263424,0,2.7622795002455405e+23,-0.60310709190491907,-0.60310709014630903,0,0,-0.60310709190491907,0,1,-0.60310709190491907,0
n17_vd_1_vg_0,sentaurus,992,internal,2094,electron,985,992,992,985,1,0,6.4696812499999939e-10,4.3976850000000036e-08,1.1356943220733443e-06,-11.356943385720797,0.00043630813488555503,3.9968028886505635e-12,1.0006642740063054,0.99933602003678723,3.2057354843711133e+26,3.2099963443790312e+26,699028628289.31018,5.9037455830611869e-11,-1,-9.5137256543620069e+26,-9.5137256543857165e+26,-9.5137245138889118e+26,6403.4553046529827,1.1404968046850422e+20,0,-9.5137256543620069e+26,2077.1958131222627,2077.1955641150889,0,0,2077.1958131222627,0,1,2077.1958131222627,0
n17_vd_1_vg_0,sentaurus,992,internal,2094,electron,985,992,992,992,1,1,6.4696812499999939e-10,4.3976850000000036e-08,1.1356943220733443e-06,11.356943385720797,0.00043630813488555503,-3.9968028886505635e-12,1.0006642740063054,0.99933602003678723,3.2057354843711133e+26,3.2099963443790312e+26,699028628289.31018,5.9037455830611869e-11,-1,9.5137256543617293e+26,9.5137256543855158e+26,9.5137245138887084e+26,-6403.4553046529827,-1.1404968074338212e+20,0,9.5137256543617293e+26,-2077.1958131222023,-2077.1955641150448,0,0,-2077.1958131222023,0,1,-2077.1958131222023,0
n17_vd_1_vg_0,sentaurus,992,contact_cut,2107,electron,992,997,992,992,0,0,8.1249755088383561e-11,4.3976850000000036e-08,6.7824022237882444e-06,-67.824021954265845,0.00043599619129728017,3.1974423109204508e-11,1.0000428462640547,0.99995715495977844,3.2099963443790312e+26,3.2102714249382752e+26,4174586848810.916,3.525706626649422e-10,1,-7.5754406219554082e+27,-7.5754406219742989e+27,-7.5754315629205068e+27,306149.47762006667,9.059053792110001e+21,0,-7.5754406219554082e+27,-16539.969843746061,-16539.950064544882,0,0,-16539.969843746061,0,1,-16539.969843746061,0
n17_vd_1_vg_0,sentaurus,992,contact_cut,2107,electron,992,997,992,997,0,1,8.1249755088383561e-11,4.3976850000000036e-08,6.7824022237882444e-06,67.824021954265845,0.00043599619129728017,-3.1974423109204508e-11,1.0000428462640547,0.99995715495977844,3.2099963443790312e+26,3.2102714249382752e+26,4174586848810.916,3.525706626649422e-10,1,7.5754406219552521e+27,7.5754406219741637e+27,7.5754315629203716e+27,-306149.47762006667,-9.059053792110001e+21,0,7.5754406219552521e+27,16539.969843745719,16539.950064544588,0,1,16539.969843745719,0,1,16539.969843745719,0
n17_vd_1_vg_0,sentaurus,992,internal,2112,electron,992,993,992,992,0,0,6.9505500000000106e-08,3.6410894004419148e-10,5.2856106791903949e-09,-0.052856105776932782,0.00043447280845977795,0,1.0030752777132295,0.99693101427833786,3.2099963443790312e+26,3.229780123680093e+26,26923231.123562783,2.2738397312346521e-15,1,-7.3284619333943832e+22,-7.3284619334126343e+22,-7.3284619285239205e+22,0,48887138091008,0,-7.3284619333943832e+22,-0.16000724634826075,-0.16000724624192064,0,0,-0.16000724634826075,0,1,-0.16000724634826075,0
n17_vd_1_vg_0,sentaurus,992,internal,2112,electron,992,993,992,993,0,1,6.9505500000000106e-08,3.6410894004419148e-10,5.2856106791903949e-09,0.052856105776932782,0.00043447280845977795,0,1.0030752777132295,0.99693101427833786,3.2099963443790312e+26,3.229780123680093e+26,26923231.123562783,2.2738397312346521e-15,1,7.3284619333942968e+22,7.3284619334125563e+22,7.3284619285238425e+22,0,-48887138091008,0,7.3284619333942968e+22,0.16000724634825886,0.16000724624191895,0,0,0.16000724634825886,0,1,0.16000724634825886,0
n17_vd_1_vg_0,sentaurus,993,internal,2088,electron,984,993,993,984,1,0,6.4696812499999939e-10,9.9999999999999995e-08,2.8392358051833618e-07,-2.8392358464301992,0.0004333429672062254,1.3322676295501878e-12,1.0006724042923854,0.9993278969909194,3.225440578650403e+26,3.229780123680093e+26,397113073335.43353,3.3538748740768436e-11,-1,-2.1618713057400995e+27,-2.1618713057454937e+27,-2.1618710485348529e+27,1220.8826101110139,2.5721064074808132e+20,0,-2.1618713057400995e+27,4720.1592603561758,4720.158698782634,0,0,4720.1592603561758,0,1,4720.1592603561758,0
n17_vd_1_vg_0,sentaurus,993,internal,2088,electron,984,993,993,993,1,1,6.4696812499999939e-10,9.9999999999999995e-08,2.8392358051833618e-07,2.8392358464301992,0.0004333429672062254,-1.3322676295501878e-12,1.0006724042923854,0.9993278969909194,3.225440578650403e+26,3.229780123680093e+26,397113073335.43353,3.3538748740768436e-11,-1,2.1618713057400841e+27,2.1618713057454629e+27,2.1618710485348378e+27,-1220.8826101110139,-2.5721062508004062e+20,0,2.1618713057400841e+27,-4720.1592603561421,-4720.1586987826004,0,0,-4720.1592603561421,0,1,-4720.1592603561421,0
n17_vd_1_vg_0,sentaurus,993,internal,2112,electron,992,993,993,992,1,0,6.9505500000000106e-08,3.6410894004419148e-10,5.2856106791903949e-09,-0.052856105776932782,0.00043447280845977795,0,1.0030752777132295,0.99693101427833786,3.2099963443790312e+26,3.229780123680093e+26,26923231.123562783,2.2738397312346521e-15,-1,-7.3284619333943832e+22,-7.3284619334126343e+22,-7.3284619285239205e+22,0,48887138091008,0,-7.3284619333943832e+22,0.16000724634826075,0.16000724624192064,0,0,0.16000724634826075,0,1,0.16000724634826075,0
n17_vd_1_vg_0,sentaurus,993,internal,2112,electron,992,993,993,993,1,1,6.9505500000000106e-08,3.6410894004419148e-10,5.2856106791903949e-09,0.052856105776932782,0.00043447280845977795,0,1.0030752777132295,0.99693101427833786,3.2099963443790312e+26,3.229780123680093e+26,26923231.123562783,2.2738397312346521e-15,-1,7.3284619333942968e+22,7.3284619334125563e+22,7.3284619285238425e+22,0,-48887138091008,0,7.3284619333942968e+22,-0.16000724634825886,-0.16000724624191895,0,0,-0.16000724634825886,0,1,-0.16000724634825886,0
n17_vd_1_vg_0,sentaurus,993,contact_cut,2114,electron,993,994,993,993,0,0,8.1249755088383561e-11,9.9999999999999995e-08,0,0,0.00043302861600750316,0,1.0000432230831775,0.99995677816227657,3.229780123680093e+26,3.2300593338353824e+26,0,0,1,-1.7214177035929434e+28,-1.7214177035972363e+28,-1.7214156605810426e+28,0,2.0430161936929142e+22,0,-1.7214177035929434e+28,-37584.87238801497,-37584.827781559827,0,0,-37584.87238801497,0,1,-37584.87238801497,0
n17_vd_1_vg_0,sentaurus,993,contact_cut,2114,electron,993,994,993,994,0,1,8.1249755088383561e-11,9.9999999999999995e-08,0,0,0.00043302861600750316,0,1.0000432230831775,0.99995677816227657,3.229780123680093e+26,3.2300593338353824e+26,0,0,1,1.7214177035929405e+28,1.7214177035972238e+28,1.7214156605810303e+28,0,-2.0430161934730119e+22,0,1.7214177035929405e+28,37584.872388014912,37584.827781559557,0,1,37584.872388014912,0,1,37584.872388014912,0
n17_vd_1_vg_0,sentaurus,993,internal,2115,electron,993,996,993,993,0,0,1.3049449999999989e-07,3.6410894004419148e-10,1.4076417514242704e-09,0.014076417548941622,0.00043285632867895094,0,1.0003385269866378,0.99966154939647123,3.229780123680093e+26,3.2319673527139968e+26,-7167821.9165780516,-6.0536858245314834e-16,1,-3.9021401123744819e+22,-3.9021401123842035e+22,-3.9021401110950934e+22,-0,12891101069312,0,-3.9021401123744819e+22,-0.085198053823681216,-0.085198053795747464,0,0,-0.085198053823681216,0,1,-0.085198053823681216,0
n17_vd_1_vg_0,sentaurus,993,internal,2115,electron,993,996,993,996,0,1,1.3049449999999989e-07,3.6410894004419148e-10,1.4076417514242704e-09,-0.014076417548941622,0.00043285632867895094,0,1.0003385269866378,0.99966154939647123,3.229780123680093e+26,3.2319673527139968e+26,-7167821.9165780516,-6.0536858245314834e-16,1,3.9021401123745054e+22,3.9021401123842312e+22,3.9021401110951211e+22,-0,-12891101069312,0,3.9021401123745054e+22,0.08519805382368173,0.08519805379574806,0,0,0.08519805382368173,0,1,0.08519805382368173,0
n17_vd_1_vg_0,sentaurus,996,internal,2085,electron,983,996,996,983,1,0,6.4696812499999939e-10,6.5247249999999943e-08,8.5177074155500838e-07,8.5177073172459927,0.00043301879886474711,-2.6645352591003757e-12,1.0006778179303801,0.99932248822271319,3.2275899384364715e+26,3.2319673527139968e+26,-777256400022.09802,-6.5644293421375364e-11,-1,-1.4104532782877034e+27,-1.4104532782912229e+27,-1.4104531106204416e+27,4782.7648329586473,1.6767078131706731e+20,0,-1.4104532782877034e+27,3079.5376603281502,3079.5372942489221,0,0,3079.5376603281502,0,1,3079.5376603281502,0
n17_vd_1_vg_0,sentaurus,996,internal,2085,electron,983,996,996,996,1,1,6.4696812499999939e-10,6.5247249999999943e-08,8.5177074155500838e-07,-8.5177073172459927,0.00043301879886474711,2.6645352591003757e-12,1.0006778179303801,0.99932248822271319,3.2275899384364715e+26,3.2319673527139968e+26,-777256400022.09802,-6.5644293421375364e-11,-1,1.4104532782877331e+27,1.4104532782912529e+27,1.4104531106204817e+27,-4782.7648329586473,-1.6767077114658475e+20,0,1.4104532782877331e+27,-3079.5376603282148,-3079.5372942490098,0,0,-3079.5376603282148,0,1,-3079.5376603282148,0
n17_vd_1_vg_0,sentaurus,996,internal,2115,electron,993,996,996,993,1,0,1.3049449999999989e-07,3.6410894004419148e-10,1.4076417514242704e-09,0.014076417548941622,0.00043285632867895094,0,1.0003385269866378,0.99966154939647123,3.229780123680093e+26,3.2319673527139968e+26,-7167821.9165780516,-6.0536858245314834e-16,-1,-3.9021401123744819e+22,-3.9021401123842035e+22,-3.9021401110950934e+22,-0,12891101069312,0,-3.9021401123744819e+22,0.085198053823681216,0.085198053795747464,0,0,0.085198053823681216,0,1,0.085198053823681216,0
n17_vd_1_vg_0,sentaurus,996,internal,2115,electron,993,996,996,996,1,1,1.3049449999999989e-07,3.6410894004419148e-10,1.4076417514242704e-09,-0.014076417548941622,0.00043285632867895094,0,1.0003385269866378,0.99966154939647123,3.229780123680093e+26,3.2319673527139968e+26,-7167821.9165780516,-6.0536858245314834e-16,-1,3.9021401123745054e+22,3.9021401123842312e+22,3.9021401110951211e+22,-0,-12891101069312,0,3.9021401123745054e+22,-0.08519805382368173,-0.08519805379574806,0,0,-0.08519805382368173,0,1,-0.08519805382368173,0
n17_vd_1_vg_0,sentaurus,996,contact_cut,2118,electron,995,996,996,995,1,0,8.1249755088383561e-11,6.5247249999999943e-08,2.2608007412627484e-06,-22.608006133850722,0.00043270209426124836,1.021405182655144e-11,0.99995646906673841,1.0000435321965928,3.2322487501568281e+26,3.2319673527139968e+26,2063000658678.9351,1.7423365129313882e-10,-1,-1.1230911866640332e+28,-1.1230911866668308e+28,-1.1230898548722178e+28,48697.697389082219,1.3317946130294368e+22,0,-1.1230911866640332e+28,24521.206469974535,24521.177392066642,0,1,24521.206469974535,0,1,24521.206469974535,0
n17_vd_1_vg_0,sentaurus,996,contact_cut,2118,electron,995,996,996,996,1,1,8.1249755088383561e-11,6.5247249999999943e-08,2.2608007412627484e-06,22.608006133850722,0.00043270209426124836,-1.021405182655144e-11,0.99995646906673841,1.0000435321965928,3.2322487501568281e+26,3.2319673527139968e+26,2063000658678.9351,1.7423365129313882e-10,-1,1.1230911866640251e+28,1.1230911866668269e+28,1.1230898548722178e+28,-48697.697389082219,-1.331794609071195e+22,0,1.1230911866640251e+28,-24521.206469974357,-24521.177392066642,0,0,-24521.206469974357,0,1,-24521.206469974357,0
n17_vd_1_vg_0,sentaurus,998,internal,2108,electron,991,998,998,991,1,0,8.1249755088383561e-11,3.8864649999999965e-08,2.2608007412628018e-06,-22.608007910207562,0.0004367868068961154,1.0658141036401503e-11,1.0000097025434893,0.99999029751926993,3.204429252297345e+26,3.204491434927895e+26,1229819744613.6663,1.0386617359281336e-10,-1,-6.6951007046476147e+27,-6.6951007046643316e+27,-6.6950926822583882e+27,30009.130496840353,8.022405943406652e+21,0,-6.6951007046476147e+27,14617.864396530727,14617.846880707886,0,0,14617.864396530727,0,1,14617.864396530727,0
n17_vd_1_vg_0,sentaurus,998,internal,2108,electron,991,998,998,998,1,1,8.1249755088383561e-11,3.8864649999999965e-08,2.2608007412628018e-06,22.608007910207562,0.0004367868068961154,-1.0658141036401503e-11,1.0000097025434893,0.99999029751926993,3.204429252297345e+26,3.204491434927895e+26,1229819744613.6663,1.0386617359281336e-10,-1,6.6951007046475586e+27,6.6951007046643075e+27,6.6950926822583651e+27,-30009.130496840353,-8.0224059423071404e+21,0,6.6951007046475586e+27,-14617.864396530604,-14617.846880707835,0,0,-14617.864396530604,0,1,-14617.864396530604,0
n17_vd_1_vg_0,sentaurus,998,contact_cut,2109,electron,997,998,998,997,1,0,1.8448199999999969e-08,4.0624877544191781e-11,3.0269408389704858e-06,30.269408392985532,0.0004363396984775874,-7.5495165674510645e-12,0.99909922538111828,1.0009013158738762,3.2102714249382752e+26,3.204491434927895e+26,-1720961284.0543487,-1.4534623001377499e-13,-1,-3.0818618669832493e+22,-3.0818618669909399e+22,-3.0818618579976609e+22,29.775942393601664,89932789972992,0,-3.0818618669832493e+22,0.067288366296159086,0.067288366099970687,0,1,0.067288366296159086,0,1,0.067288366296159086,0
n17_vd_1_vg_0,sentaurus,998,contact_cut,2109,electron,997,998,998,998,1,1,1.8448199999999969e-08,4.0624877544191781e-11,3.0269408389704858e-06,-30.269408392985532,0.0004363396984775874,7.5495165674510645e-12,0.99909922538111828,1.0009013158738762,3.2102714249382752e+26,3.204491434927895e+26,-1720961284.0543487,-1.4534623001377499e-13,-1,3.0818618669899039e+22,3.0818618669975971e+22,3.0818618580043186e+22,-29.775942393601664,-89932785778688,0,3.0818618669899039e+22,-0.067288366296304386,-0.067288366100116043,0,0,-0.067288366296304386,0,1,-0.067288366296304386,0
n17_vd_1_vg_0,sentaurus,998,internal,2274,electron,998,1055,998,998,0,0,5.9281099999999972e-08,4.0624877544191781e-11,2.0636798465244762e-06,20.636798464535033,0.00046148753393227264,-5.773159728050814e-12,0.9485398507734325,1.0532885291651213,3.204491434927895e+26,2.8858073959230627e+26,-1176004702.8942895,-9.9321147795650563e-14,1,-9.6128127322514103e+21,-9.6128127322753933e+21,-9.6128127240959909e+21,14.711693147802471,8179402407936,0,-9.6128127322514103e+21,-0.020988301623566262,-0.020988301605759985,0,0,-0.020988301623566262,0,1,-0.020988301623566262,0
n17_vd_1_vg_0,sentaurus,998,internal,2274,electron,998,1055,998,1055,0,1,5.9281099999999972e-08,4.0624877544191781e-11,2.0636798465244762e-06,-20.636798464535033,0.00046148753393227264,5.773159728050814e-12,0.9485398507734325,1.0532885291651213,3.204491434927895e+26,2.8858073959230627e+26,-1176004702.8942895,-9.9321147795650563e-14,1,9.6128127322968996e+21,9.6128127323209183e+21,9.6128127241415159e+21,-14.711693147802471,-8179402407936,0,9.6128127322968996e+21,0.020988301623665582,0.020988301605859381,0,0,0.020988301623665582,0,1,0.020988301623665582,0
n17_vd_1_vg_0p05,baseline,991,internal,2091,electron,986,991,991,986,1,0,6.4696812499999939e-10,3.8864649999999965e-08,0,0,0.00043709809994140852,0,1.0006256438328547,0.99937461701182306,3.200466605319989e+26,3.2044729804018841e+26,0,0,-1,-8.4088329337663871e+26,-8.4088329337872971e+26,-8.408831923719816e+26,0,1.0100674811070618e+20,0,-8.4088329337663871e+26,1835.9571421166297,1835.9569215863576,0,0,1835.9571421166297,0,1,1835.9571421166297,0
n17_vd_1_vg_0p05,baseline,991,internal,2091,electron,986,991,991,991,1,1,6.4696812499999939e-10,3.8864649999999965e-08,0,0,0.00043709809994140852,0,1.0006256438328547,0.99937461701182306,3.200466605319989e+26,3.2044729804018841e+26,0,0,-1,8.4088329337663968e+26,8.4088329337873562e+26,8.4088319237198751e+26,0,-1.0100674811070618e+20,0,8.4088329337663968e+26,-1835.957142116632,-1835.9569215863705,0,0,-1835.957142116632,0,1,-1835.957142116632,0
n17_vd_1_vg_0p05,baseline,991,internal,2092,electron,991,992,991,991,0,0,1.8448199999999969e-08,3.6410894004419148e-10,1.1629825328676077e-05,-116.29825328110522,0.00043637789091972477,3.0642155479654321e-11,1.0008580202616837,0.99914247025692871,3.2044729804018841e+26,3.2099751322709179e+26,59264736944.824516,5.0052875491743495e-12,1,-2.7622893616348959e+23,-2.7622893616417842e+23,-2.762289353580285e+23,4161.5290822746892,806149926420480,0,-2.7622893616348959e+23,-0.60310924500849017,-0.6031092432498727,0,0,-0.60310924500849017,0,1,-0.60310924500849017,0
n17_vd_1_vg_0p05,baseline,991,internal,2092,electron,991,992,991,992,0,1,1.8448199999999969e-08,3.6410894004419148e-10,1.1629825328676077e-05,116.29825328110522,0.00043637789091972477,-3.0642155479654321e-11,1.0008580202616837,0.99914247025692871,3.2044729804018841e+26,3.2099751322709179e+26,59264736944.824516,5.0052875491743495e-12,1,2.7622893616119765e+23,2.7622893616188689e+23,2.76228935355737e+23,-4161.5290822746892,-806149892866048,0,2.7622893616119765e+23,0.60310924500348606,0.60310924324486948,0,0,0.60310924500348606,0,1,0.60310924500348606,0
n17_vd_1_vg_0p05,baseline,991,internal,2108,electron,991,998,991,991,0,0,8.1249755088383561e-11,3.8864649999999965e-08,0,0,0.00043678680566463179,0,1.0000099647490539,0.99999003531714314,3.2044729804018841e+26,3.204536844364341e+26,0,0,1,-6.6951938035821581e+27,-6.6951938035988641e+27,-6.6951857810813896e+27,0,8.0225174745676387e+21,0,-6.6951938035821581e+27,-14618.067665706301,-14618.050149639921,0,0,-14618.067665706301,0,1,-14618.067665706301,0
n17_vd_1_vg_0p05,baseline,991,internal,2108,electron,991,998,991,998,0,1,8.1249755088383561e-11,3.8864649999999965e-08,0,0,0.00043678680566463179,0,1.0000099647490539,0.99999003531714314,3.2044729804018841e+26,3.204536844364341e+26,0,0,1,6.6951938035821592e+27,6.6951938035988652e+27,6.6951857810814379e+27,0,-8.0225174272886388e+21,0,6.6951938035821592e+27,14618.067665706303,14618.050149640028,0,0,14618.067665706303,0,1,14618.067665706303,0
n17_vd_1_vg_0p05,baseline,991,internal,2110,electron,991,999,991,991,0,0,5.9281099999999972e-08,3.6410894004419148e-10,7.9913368231030393e-06,79.913368233527905,0.00046175083186371585,-2.0872192862952943e-11,0.94851401507696054,1.0533162340918785,3.2044729804018841e+26,2.8856362738231555e+26,-40837470259.195808,-3.4489865637711357e-12,1,-8.6203151126718897e+22,-8.6203151126933948e+22,-8.6203151053538376e+22,1845.9469836680514,73395572047872,0,-8.6203151126718897e+22,-0.18821314709266129,-0.18821314693288133,0,0,-0.18821314709266129,0,1,-0.18821314709266129,0
n17_vd_1_vg_0p05,baseline,991,internal,2110,electron,991,999,991,999,0,1,5.9281099999999972e-08,3.6410894004419148e-10,7.9913368231030393e-06,-79.913368233527905,0.00046175083186371585,2.0872192862952943e-11,0.94851401507696054,1.0533162340918785,3.2044729804018841e+26,2.8856362738231555e+26,-40837470259.195808,-3.4489865637711357e-12,1,8.6203151128298657e+22,8.6203151128514227e+22,8.6203151055118655e+22,-1845.9469836680514,-73395572047872,0,8.6203151128298657e+22,0.18821314709611048,0.18821314693633168,0,0,0.18821314709611048,0,1,0.18821314709611048,0
n17_vd_1_vg_0p05,baseline,992,internal,2092,electron,991,992,992,991,1,0,1.8448199999999969e-08,3.6410894004419148e-10,1.1629825328676077e-05,-116.29825328110522,0.00043637789091972477,3.0642155479654321e-11,1.0008580202616837,0.99914247025692871,3.2044729804018841e+26,3.2099751322709179e+26,59264736944.824516,5.0052875491743495e-12,-1,-2.7622893616348959e+23,-2.7622893616417842e+23,-2.762289353580285e+23,4161.5290822746892,806149926420480,0,-2.7622893616348959e+23,0.60310924500849017,0.6031092432498727,0,0,0.60310924500849017,0,1,0.60310924500849017,0
n17_vd_1_vg_0p05,baseline,992,internal,2092,electron,991,992,992,992,1,1,1.8448199999999969e-08,3.6410894004419148e-10,1.1629825328676077e-05,116.29825328110522,0.00043637789091972477,-3.0642155479654321e-11,1.0008580202616837,0.99914247025692871,3.2044729804018841e+26,3.2099751322709179e+26,59264736944.824516,5.0052875491743495e-12,-1,2.7622893616119765e+23,2.7622893616188689e+23,2.76228935355737e+23,-4161.5290822746892,-806149892866048,0,2.7622893616119765e+23,-0.60310924500348606,-0.60310924324486948,0,0,-0.60310924500348606,0,1,-0.60310924500348606,0
n17_vd_1_vg_0p05,baseline,992,internal,2094,electron,985,992,992,985,1,0,6.4696812499999939e-10,4.3976850000000036e-08,5.9623951908850592e-06,-59.623951997878066,0.00043630813503516821,2.3092638912203256e-11,1.0006632591901292,0.9993370339554245,3.2057208039705573e+26,3.2099751322709179e+26,3669879771987.3052,3.0994490951332867e-10,-1,-9.5136724420750008e+26,-9.5136724420987379e+26,-9.5136713016083131e+26,194237.05775935322,1.140490424768822e+20,0,-9.5136724420750008e+26,2077.1841949251661,2077.1839459193916,0,0,2077.1841949251661,0,1,2077.1841949251661,0
n17_vd_1_vg_0p05,baseline,992,internal,2094,electron,985,992,992,992,1,1,6.4696812499999939e-10,4.3976850000000036e-08,5.9623951908850592e-06,59.623951997878066,0.00043630813503516821,-2.3092638912203256e-11,1.0006632591901292,0.9993370339554245,3.2057208039705573e+26,3.2099751322709179e+26,3669879771987.3052,3.0994490951332867e-10,-1,9.5136724420735508e+26,9.5136724420972522e+26,9.5136713016068247e+26,-194237.05775935322,-1.1404904275176011e+20,0,9.5136724420735508e+26,-2077.1841949248496,-2077.1839459190664,0,0,-2077.1841949248496,0,1,-2077.1841949248496,0
n17_vd_1_vg_0p05,baseline,992,contact_cut,2107,electron,992,997,992,992,0,0,8.1249755088383561e-11,4.3976850000000036e-08,6.7824022237882444e-06,-67.824021954265845,0.00043599619190680638,3.1974423109204508e-11,1.0000444903311627,0.99995551098839108,3.2099751322709179e+26,3.2102607664560187e+26,4174566131350.4424,3.5256891294238702e-10,1,-7.5754030268837664e+27,-7.5754030269026571e+27,-7.5753939678937691e+27,306147.95784657926,9.0590088880551226e+21,0,-7.5754030268837664e+27,-16539.887759893481,-16539.867980790346,0,0,-16539.887759893481,0,1,-16539.887759893481,0
n17_vd_1_vg_0p05,baseline,992,contact_cut,2107,electron,992,997,992,997,0,1,8.1249755088383561e-11,4.3976850000000036e-08,6.7824022237882444e-06,67.824021954265845,0.00043599619190680638,-3.1974423109204508e-11,1.0000444903311627,0.99995551098839108,3.2099751322709179e+26,3.2102607664560187e+26,4174566131350.4424,3.5256891294238702e-10,1,7.5754030268836147e+27,7.5754030269025494e+27,7.5753939678936624e+27,-306147.95784657926,-9.059008886955611e+21,0,7.5754030268836147e+27,16539.88775989315,16539.867980790114,0,1,16539.88775989315,0,1,16539.88775989315,0
n17_vd_1_vg_0p05,baseline,992,internal,2112,electron,992,993,992,992,0,0,6.9505500000000106e-08,3.6410894004419148e-10,7.9284160187855928e-09,-0.079284159099080043,0.00043447280062207665,0,1.0030760688425988,0.99693022638336048,3.2099751322709179e+26,3.2297638807097279e+26,40384610.939541295,3.4107396866052995e-15,1,-7.3284191536320868e+22,-7.328419153650374e+22,-7.3284191487616887e+22,0,48886852878336,0,-7.3284191536320868e+22,-0.16000631230889112,-0.16000631220255243,0,0,-0.16000631230889112,0,1,-0.16000631230889112,0
n17_vd_1_vg_0p05,baseline,992,internal,2112,electron,992,993,992,993,0,1,6.9505500000000106e-08,3.6410894004419148e-10,7.9284160187855928e-09,0.079284159099080043,0.00043447280062207665,0,1.0030760688425988,0.99693022638336048,3.2099751322709179e+26,3.2297638807097279e+26,40384610.939541295,3.4107396866052995e-15,1,7.3284191536319417e+22,7.328419153650192e+22,7.3284191487615067e+22,0,-48886852878336,0,7.3284191536319417e+22,0.16000631230888795,0.16000631220254846,0,0,0.16000631230888795,0,1,0.16000631230888795,0
n17_vd_1_vg_0p05,baseline,993,internal,2088,electron,984,993,993,984,1,0,6.4696812499999939e-10,9.9999999999999995e-08,5.6784716103667236e-07,-5.678471581838096,0.00043334296718873343,2.2204460492503131e-12,1.0006718727990733,0.99932842800823507,3.225427784553644e+26,3.2297638807097279e+26,794222574405.00208,6.7077195780748553e-11,-1,-2.1618615820876109e+27,-2.1618615820929881e+27,-2.1618613248835123e+27,4069.5903962713492,2.5720947581551169e+20,0,-2.1618615820876109e+27,4720.1380300506453,4720.1374684796092,0,0,4720.1380300506453,0,1,4720.1380300506453,0
n17_vd_1_vg_0p05,baseline,993,internal,2088,electron,984,993,993,993,1,1,6.4696812499999939e-10,9.9999999999999995e-08,5.6784716103667236e-07,5.678471581838096,0.00043334296718873343,-2.2204460492503131e-12,1.0006718727990733,0.99932842800823507,3.225427784553644e+26,3.2297638807097279e+26,794222574405.00208,6.7077195780748553e-11,-1,2.1618615820875897e+27,2.1618615820929729e+27,2.1618613248834969e+27,-4069.5903962713492,-2.5720947609038959e+20,0,2.1618615820875897e+27,-4720.1380300505989,-4720.1374684795755,0,0,-4720.1380300505989,0,1,-4720.1380300505989,0
n17_vd_1_vg_0p05,baseline,993,internal,2112,electron,992,993,993,992,1,0,6.9505500000000106e-08,3.6410894004419148e-10,7.9284160187855928e-09,-0.079284159099080043,0.00043447280062207665,0,1.0030760688425988,0.99693022638336048,3.2099751322709179e+26,3.2297638807097279e+26,40384610.939541295,3.4107396866052995e-15,-1,-7.3284191536320868e+22,-7.328419153650374e+22,-7.3284191487616887e+22,0,48886852878336,0,-7.3284191536320868e+22,0.16000631230889112,0.16000631220255243,0,0,0.16000631230889112,0,1,0.16000631230889112,0
n17_vd_1_vg_0p05,baseline,993,internal,2112,electron,992,993,993,993,1,1,6.9505500000000106e-08,3.6410894004419148e-10,7.9284160187855928e-09,0.079284159099080043,0.00043447280062207665,0,1.0030760688425988,0.99693022638336048,3.2099751322709179e+26,3.2297638807097279e+26,40384610.939541295,3.4107396866052995e-15,-1,7.3284191536319417e+22,7.328419153650192e+22,7.3284191487615067e+22,0,-48886852878336,0,7.3284191536319417e+22,-0.16000631230888795,-0.16000631220254846,0,0,-0.16000631230888795,0,1,-0.16000631230888795,0
n17_vd_1_vg_0p05,baseline,993,contact_cut,2114,electron,993,994,993,993,0,0,8.1249755088383561e-11,9.9999999999999995e-08,0,0,0.00043302861599836859,0,1.0000440781523194,0.99995592314289805,3.2297638807097279e+26,3.2300486131251713e+26,0,0,1,-1.7214105181906805e+28,-1.7214105181949686e+28,-1.7214084751873027e+28,0,2.0430076658807292e+22,0,-1.7214105181906805e+28,-37584.715504286782,-37584.670898017728,0,0,-37584.715504286782,0,1,-37584.715504286782,0
n17_vd_1_vg_0p05,baseline,993,contact_cut,2114,electron,993,994,993,994,0,1,8.1249755088383561e-11,9.9999999999999995e-08,0,0,0.00043302861599836859,0,1.0000440781523194,0.99995592314289805,3.2297638807097279e+26,3.2300486131251713e+26,0,0,1,1.7214105181906809e+28,1.7214105181949626e+28,1.721408475187315e+28,0,-2.0430076476288362e+22,0,1.7214105181906809e+28,37584.715504286796,37584.670898017997,0,1,37584.715504286796,0,1,37584.715504286796,0
n17_vd_1_vg_0p05,baseline,993,internal,2115,electron,993,996,993,993,0,0,1.3049449999999989e-07,3.6410894004419148e-10,0,0,0.00043285632271457817,0,1.0003419059678529,0.99965817194751472,3.2297638807097279e+26,3.2319729352694409e+26,0,0,1,-3.9021336149830746e+22,-3.9021336149927945e+22,-3.9021336137036718e+22,0,12891226898432,0,-3.9021336149830746e+22,-0.085197911961757522,-0.085197911933823464,0,0,-0.085197911961757522,0,1,-0.085197911961757522,0
n17_vd_1_vg_0p05,baseline,993,internal,2115,electron,993,996,993,996,0,1,1.3049449999999989e-07,3.6410894004419148e-10,0,0,0.00043285632271457817,0,1.0003419059678529,0.99965817194751472,3.2297638807097279e+26,3.2319729352694409e+26,0,0,1,3.9021336149830679e+22,3.9021336149928079e+22,3.9021336137036584e+22,0,-12891495333888,0,3.9021336149830679e+22,0.085197911961757383,0.085197911933823173,0,0,0.085197911961757383,0,1,0.085197911961757383,0
n17_vd_1_vg_0p05,baseline,996,internal,2085,electron,983,996,996,983,1,0,6.4696812499999939e-10,6.5247249999999943e-08,0,0,0.00043301879886063868,0,1.0006793987285563,0.99932090885389091,3.2275853137062018e+26,3.2319729352694409e+26,0,0,-1,-1.410453485400753e+27,-1.410453485404259e+27,-1.4104533177334684e+27,0,1.6767079066291615e+20,0,-1.410453485400753e+27,3079.5381125320237,3079.537746452746,0,0,3079.5381125320237,0,1,3079.5381125320237,0
n17_vd_1_vg_0p05,baseline,996,internal,2085,electron,983,996,996,996,1,1,6.4696812499999939e-10,6.5247249999999943e-08,0,0,0.00043301879886063868,0,1.0006793987285563,0.99932090885389091,3.2275853137062018e+26,3.2319729352694409e+26,0,0,-1,1.4104534854007508e+27,1.4104534854042689e+27,1.4104533177334783e+27,0,-1.6767079066291615e+20,0,1.4104534854007508e+27,-3079.5381125320191,-3079.5377464527678,0,0,-3079.5381125320191,0,1,-3079.5381125320191,0
n17_vd_1_vg_0p05,baseline,996,internal,2115,electron,993,996,996,993,1,0,1.3049449999999989e-07,3.6410894004419148e-10,0,0,0.00043285632271457817,0,1.0003419059678529,0.99965817194751472,3.2297638807097279e+26,3.2319729352694409e+26,0,0,-1,-3.9021336149830746e+22,-3.9021336149927945e+22,-3.9021336137036718e+22,0,12891226898432,0,-3.9021336149830746e+22,0.085197911961757522,0.085197911933823464,0,0,0.085197911961757522,0,1,0.085197911961757522,0
n17_vd_1_vg_0p05,baseline,996,internal,2115,electron,993,996,996,996,1,1,1.3049449999999989e-07,3.6410894004419148e-10,0,0,0.00043285632271457817,0,1.0003419059678529,0.99965817194751472,3.2297638807097279e+26,3.2319729352694409e+26,0,0,-1,3.9021336149830679e+22,3.9021336149928079e+22,3.9021336137036584e+22,0,-12891495333888,0,3.9021336149830679e+22,-0.085197911961757383,-0.085197911933823173,0,0,-0.085197911961757383,0,1,-0.085197911961757383,0
n17_vd_1_vg_0p05,baseline,996,contact_cut,2118,electron,995,996,996,995,1,0,8.1249755088383561e-11,6.5247249999999943e-08,0,0,0.00043270209425701162,0,0.99995899210721928,1.0000410090139096,3.2322380225627657e+26,3.2319729352694409e+26,0,0,-1,-1.1230902929150973e+28,-1.1230902929178973e+28,-1.1230889611243479e+28,0,1.3317935493618881e+22,0,-1.1230902929150973e+28,24521.186956151927,24521.15787826731,0,1,24521.186956151927,0,1,24521.186956151927,0
n17_vd_1_vg_0p05,baseline,996,contact_cut,2118,electron,995,996,996,996,1,1,8.1249755088383561e-11,6.5247249999999943e-08,0,0,0.00043270209425701162,0,0.99995899210721928,1.0000410090139096,3.2322380225627657e+26,3.2319729352694409e+26,0,0,-1,1.1230902929150986e+28,1.1230902929179015e+28,1.1230889611243519e+28,0,-1.3317935495817904e+22,0,1.1230902929150986e+28,-24521.186956151956,-24521.157878267397,0,0,-24521.186956151956,0,1,-24521.186956151956,0
n17_vd_1_vg_0p05,baseline,998,internal,2108,electron,991,998,998,991,1,0,8.1249755088383561e-11,3.8864649999999965e-08,0,0,0.00043678680566463179,0,1.0000099647490539,0.99999003531714314,3.2044729804018841e+26,3.204536844364341e+26,0,0,-1,-6.6951938035821581e+27,-6.6951938035988641e+27,-6.6951857810813896e+27,0,8.0225174745676387e+21,0,-6.6951938035821581e+27,14618.067665706301,14618.050149639921,0,0,14618.067665706301,0,1,14618.067665706301,0
n17_vd_1_vg_0p05,baseline,998,internal,2108,electron,991,998,998,998,1,1,8.1249755088383561e-11,3.8864649999999965e-08,0,0,0.00043678680566463179,0,1.0000099647490539,0.99999003531714314,3.2044729804018841e+26,3.204536844364341e+26,0,0,-1,6.6951938035821592e+27,6.6951938035988652e+27,6.6951857810814379e+27,0,-8.0225174272886388e+21,0,6.6951938035821592e+27,-14618.067665706303,-14618.050149640028,0,0,-14618.067665706303,0,1,-14618.067665706303,0
n17_vd_1_vg_0p05,baseline,998,contact_cut,2109,electron,997,998,998,997,1,0,1.8448199999999969e-08,4.0624877544191781e-11,1.1659696455376444e-05,116.59696455210144,0.00043634014312236255,-3.0198066269804258e-11,0.99910796544191638,1.0008925653575318,3.2102607664560187e+26,3.204536844364341e+26,-6629140314.4212837,-5.5987346250087766e-13,-1,-3.0818817352289487e+22,-3.0818817352366272e+22,-3.0818817262432803e+22,458.78707628004474,89933469450240,0,-3.0818817352289487e+22,0.067288800092952072,0.067288799896761911,0,1,0.067288800092952072,0,1,0.067288800092952072,0
n17_vd_1_vg_0p05,baseline,998,contact_cut,2109,electron,997,998,998,998,1,1,1.8448199999999969e-08,4.0624877544191781e-11,1.1659696455376444e-05,-116.59696455210144,0.00043634014312236255,3.0198066269804258e-11,0.99910796544191638,1.0008925653575318,3.2102607664560187e+26,3.204536844364341e+26,-6629140314.4212837,-5.5987346250087766e-13,-1,3.0818817352545805e+22,3.0818817352622913e+22,3.0818817262689439e+22,-458.78707628004474,-89933473644544,0,3.0818817352545805e+22,-0.067288800093511708,-0.067288799897322241,0,0,-0.067288800093511708,0,1,-0.067288800093511708,0
n17_vd_1_vg_0p05,baseline,998,internal,2274,electron,998,1055,998,998,0,0,5.9281099999999972e-08,4.0624877544191781e-11,7.9913368231030393e-06,79.913368233527905,0.00046148733900958772,-2.042810365310288e-11,0.94851399164087591,1.0533162592240286,3.204536844364341e+26,2.8856936433348094e+26,-4553866578.4135933,-3.8460327102700933e-13,1,-9.6126828223769336e+21,-9.6126828224009334e+21,-9.61268281422164e+21,201.58052154991222,8179293356032,0,-9.6126828223769336e+21,-0.020988017982585691,-0.020988017964779691,0,0,-0.020988017982585691,0,1,-0.020988017982585691,0
n17_vd_1_vg_0p05,baseline,998,internal,2274,electron,998,1055,998,1055,0,1,5.9281099999999972e-08,4.0624877544191781e-11,7.9913368231030393e-06,-79.913368233527905,0.00046148733900958772,2.042810365310288e-11,0.94851399164087591,1.0533162592240286,3.204536844364341e+26,2.8856936433348094e+26,-4553866578.4135933,-3.8460327102700933e-13,1,9.6126828225530943e+21,9.6126828225771172e+21,9.6126828143978259e+21,-201.58052154991222,-8179291258880,0,9.6126828225530943e+21,0.020988017982970317,0.02098801796516437,0,0,0.020988017982970317,0,1,0.020988017982970317,0
n17_vd_1_vg_0p05,sentaurus,991,internal,2091,electron,986,991,991,986,1,0,6.4696812499999939e-10,3.8864649999999965e-08,8.5177074155498964e-07,-8.5177073172459927,0.00043709810001296961,3.5527136788005009e-12,1.0006183906996358,0.99938186413334928,3.2004693391705774e+26,3.2044292522973107e+26,463381348643.06482,3.9135530071483699e-11,-1,-8.4087791656965708e+26,-8.4087791657175784e+26,-8.4087781556564662e+26,3766.3427403971614,1.0100611121859579e+20,0,-8.4087791656965708e+26,1835.945402571728,1835.9451820428676,0,0,1835.945402571728,0,1,1835.945402571728,0
n17_vd_1_vg_0p05,sentaurus,991,internal,2091,electron,986,991,991,991,1,1,6.4696812499999939e-10,3.8864649999999965e-08,8.5177074155498964e-07,8.5177073172459927,0.00043709810001296961,-3.5527136788005009e-12,1.0006183906996358,0.99938186413334928,3.2004693391705774e+26,3.2044292522973107e+26,463381348643.06482,3.9135530071483699e-11,-1,8.4087791656963894e+26,8.4087791657174011e+26,8.4087781556562861e+26,-3766.3427403971614,-1.010061114934737e+20,0,8.4087791656963894e+26,-1835.9454025716884,-1835.9451820428285,0,0,-1835.9454025716884,0,1,-1835.9454025716884,0
n17_vd_1_vg_0p05,sentaurus,991,internal,2092,electron,991,992,991,991,0,0,1.8448199999999969e-08,3.6410894004419148e-10,1.0982617583501467e-05,-109.82617583768506,0.0004363778699080552,2.8421709430404007e-11,1.0008681531938755,0.99913234897547987,3.2044292522973107e+26,3.2099963443790086e+26,55966413940.703033,4.726722994318491e-12,1,-2.7622795002589944e+23,-2.7622795002658822e+23,-2.7622794922044121e+23,3645.1462472639278,806147007184896,0,-2.7622795002589944e+23,-0.60310709190785661,-0.60310709014924535,0,0,-0.60310709190785661,0,1,-0.60310709190785661,0
n17_vd_1_vg_0p05,sentaurus,991,internal,2092,electron,991,992,991,992,0,1,1.8448199999999969e-08,3.6410894004419148e-10,1.0982617583501467e-05,109.82617583768506,0.0004363778699080552,-2.8421709430404007e-11,1.0008681531938755,0.99913234897547987,3.2044292522973107e+26,3.2099963443790086e+26,55966413940.703033,4.726722994318491e-12,1,2.7622795002373431e+23,2.762279500244253e+23,2.7622794921827826e+23,-3645.1462472639278,-806147040739328,0,2.7622795002373431e+23,0.60310709190312928,0.60310709014452279,0,0,0.60310709190312928,0,1,0.60310709190312928,0
n17_vd_1_vg_0p05,sentaurus,991,internal,2108,electron,991,998,991,991,0,0,8.1249755088383561e-11,3.8864649999999965e-08,6.7824022237880953e-06,67.824021954265845,0.00043678680689611442,-3.1974423109204508e-11,1.0000097025434893,0.99999029751926993,3.2044292522973107e+26,3.2044914349279514e+26,-3689459233840.8066,-3.1159852077842386e-10,1,-6.6951007046475289e+27,-6.6951007046641887e+27,-6.6950926822583179e+27,270082.17447154969,8.0224058708388846e+21,0,-6.6951007046475289e+27,-14617.86439653054,-14617.846880707732,0,0,-14617.86439653054,0,1,-14617.86439653054,0
n17_vd_1_vg_0p05,sentaurus,991,internal,2108,electron,991,998,991,998,0,1,8.1249755088383561e-11,3.8864649999999965e-08,6.7824022237880953e-06,-67.824021954265845,0.00043678680689611442,3.1974423109204508e-11,1.0000097025434893,0.99999029751926993,3.2044292522973107e+26,3.2044914349279514e+26,-3689459233840.8066,-3.1159852077842386e-10,1,6.6951007046476619e+27,6.69510070466438e+27,6.6950926822585059e+27,-270082.17447154969,-8.0224058741374195e+21,0,6.6951007046476619e+27,14617.864396530831,14617.846880708143,0,0,14617.864396530831,0,1,14617.864396530831,0
n17_vd_1_vg_0p05,sentaurus,991,internal,2110,electron,991,999,991,991,0,0,5.9281099999999972e-08,3.6410894004419148e-10,7.4986564993832296e-06,74.986564993842492,0.00046175086910717238,-1.9539925233402755e-11,0.94853913240351406,1.0532892994962266,3.2044292522973107e+26,2.8857471013220747e+26,-38320261488.460754,-3.2363921211338113e-12,1,-8.6204264444773171e+22,-8.6204264444988121e+22,-8.6204264371591609e+22,1621.599642804734,73396511571968,0,-8.6204264444773171e+22,-0.18821557787496995,-0.18821557771518774,0,0,-0.18821557787496995,0,1,-0.18821557787496995,0
n17_vd_1_vg_0p05,sentaurus,991,internal,2110,electron,991,999,991,999,0,1,5.9281099999999972e-08,3.6410894004419148e-10,7.4986564993832296e-06,-74.986564993842492,0.00046175086910717238,1.9539925233402755e-11,0.94853913240351406,1.0532892994962266,3.2044292522973107e+26,2.8857471013220747e+26,-38320261488.460754,-3.2363921211338113e-12,1,8.6204264446255388e+22,8.6204264446470723e+22,8.6204264373074212e+22,-1621.599642804734,-73396511571968,0,8.6204264446255388e+22,0.18821557787820617,0.18821557771842479,0,0,0.18821557787820617,0,1,0.18821557787820617,0
n17_vd_1_vg_0p05,sentaurus,992,internal,2092,electron,991,992,992,991,1,0,1.8448199999999969e-08,3.6410894004419148e-10,1.0982617583501467e-05,-109.82617583768506,0.0004363778699080552,2.8421709430404007e-11,1.0008681531938755,0.99913234897547987,3.2044292522973107e+26,3.2099963443790086e+26,55966413940.703033,4.726722994318491e-12,-1,-2.7622795002589944e+23,-2.7622795002658822e+23,-2.7622794922044121e+23,3645.1462472639278,806147007184896,0,-2.7622795002589944e+23,0.60310709190785661,0.60310709014924535,0,0,0.60310709190785661,0,1,0.60310709190785661,0
n17_vd_1_vg_0p05,sentaurus,992,internal,2092,electron,991,992,992,992,1,1,1.8448199999999969e-08,3.6410894004419148e-10,1.0982617583501467e-05,109.82617583768506,0.0004363778699080552,-2.8421709430404007e-11,1.0008681531938755,0.99913234897547987,3.2044292522973107e+26,3.2099963443790086e+26,55966413940.703033,4.726722994318491e-12,-1,2.7622795002373431e+23,2.762279500244253e+23,2.7622794921827826e+23,-3645.1462472639278,-806147040739328,0,2.7622795002373431e+23,-0.60310709190312928,-0.60310709014452279,0,0,-0.60310709190312928,0,1,-0.60310709190312928,0
n17_vd_1_vg_0p05,sentaurus,992,internal,2094,electron,985,992,992,985,1,0,6.4696812499999939e-10,4.3976850000000036e-08,5.6784716103667238e-06,-56.78471626247017,0.00043630813488555465,2.1316282072803006e-11,1.0006642740063654,0.99933602003672706,3.205735484371057e+26,3.2099963443790086e+26,3495143141446.5234,2.9518727915305703e-10,-1,-9.5137256543624041e+26,-9.5137256543861632e+26,-9.5137245138893571e+26,170758.80812407832,1.1404968060594317e+20,0,-9.5137256543624041e+26,2077.1958131223496,2077.1955641151862,0,0,2077.1958131223496,0,1,2077.1958131223496,0
n17_vd_1_vg_0p05,sentaurus,992,internal,2094,electron,985,992,992,992,1,1,6.4696812499999939e-10,4.3976850000000036e-08,5.6784716103667238e-06,56.78471626247017,0.00043630813488555465,-2.1316282072803006e-11,1.0006642740063654,0.99933602003672706,3.205735484371057e+26,3.2099963443790086e+26,3495143141446.5234,2.9518727915305703e-10,-1,9.5137256543610833e+26,9.5137256543848437e+26,9.5137245138880404e+26,-170758.80812407832,-1.1404968033106526e+20,0,9.5137256543610833e+26,-2077.1958131220613,-2077.1955641148988,0,0,-2077.1958131220613,0,1,-2077.1958131220613,0
n17_vd_1_vg_0p05,sentaurus,992,contact_cut,2107,electron,992,997,992,992,0,0,8.1249755088383561e-11,4.3976850000000036e-08,6.7824022237882444e-06,-67.824021954265845,0.00043599619129727985,3.1974423109204508e-11,1.0000428462640591,0.999957154959774,3.2099963443790086e+26,3.2102714249382752e+26,4174586848810.8862,3.5257066266493967e-10,1,-7.5754406219553807e+27,-7.575440621974245e+27,-7.5754315629204529e+27,306149.47762006475,9.059053792110001e+21,0,-7.5754406219553807e+27,-16539.969843745999,-16539.950064544762,0,0,-16539.969843745999,0,1,-16539.969843745999,0
n17_vd_1_vg_0p05,sentaurus,992,contact_cut,2107,electron,992,997,992,997,0,1,8.1249755088383561e-11,4.3976850000000036e-08,6.7824022237882444e-06,67.824021954265845,0.00043599619129727985,-3.1974423109204508e-11,1.0000428462640591,0.999957154959774,3.2099963443790086e+26,3.2102714249382752e+26,4174586848810.8862,3.5257066266493967e-10,1,7.5754406219552114e+27,7.5754406219740834e+27,7.5754315629202913e+27,-306149.47762006475,-9.059053792110001e+21,0,7.5754406219552114e+27,16539.969843745632,16539.95006454441,0,1,16539.969843745632,0,1,16539.969843745632,0
n17_vd_1_vg_0p05,sentaurus,992,internal,2112,electron,992,993,992,992,0,0,6.9505500000000106e-08,3.6410894004419148e-10,5.2856106791903949e-09,-0.052856105776932782,0.00043447280845977697,0,1.0030752777132339,0.99693101427833353,3.2099963443790086e+26,3.229780123680093e+26,26923231.123562593,2.2738397312346363e-15,1,-7.328461933394348e+22,-7.3284619334126083e+22,-7.3284619285238945e+22,0,48887138091008,0,-7.328461933394348e+22,-0.16000724634825997,-0.16000724624192006,0,0,-0.16000724634825997,0,1,-0.16000724634825997,0
n17_vd_1_vg_0p05,sentaurus,992,internal,2112,electron,992,993,992,993,0,1,6.9505500000000106e-08,3.6410894004419148e-10,5.2856106791903949e-09,0.052856105776932782,0.00043447280845977697,0,1.0030752777132339,0.99693101427833353,3.2099963443790086e+26,3.229780123680093e+26,26923231.123562593,2.2738397312346363e-15,1,7.328461933394249e+22,7.3284619334124782e+22,7.3284619285237644e+22,0,-48887138091008,0,7.328461933394249e+22,0.1600072463482578,0.16000724624191723,0,0,0.1600072463482578,0,1,0.1600072463482578,0
n17_vd_1_vg_0p05,sentaurus,993,internal,2088,electron,984,993,993,984,1,0,6.4696812499999939e-10,9.9999999999999995e-08,2.8392358051833618e-07,-2.8392358464301992,0.0004333429672062254,1.3322676295501878e-12,1.0006724042923898,0.99932789699091507,3.2254405786503803e+26,3.229780123680093e+26,397113073335.43353,3.3538748740768436e-11,-1,-2.1618713057400937e+27,-2.1618713057454937e+27,-2.1618710485348529e+27,1220.8826101110139,2.5721064074808132e+20,0,-2.1618713057400937e+27,4720.159260356163,4720.158698782634,0,0,4720.159260356163,0,1,4720.159260356163,0
n17_vd_1_vg_0p05,sentaurus,993,internal,2088,electron,984,993,993,993,1,1,6.4696812499999939e-10,9.9999999999999995e-08,2.8392358051833618e-07,2.8392358464301992,0.0004333429672062254,-1.3322676295501878e-12,1.0006724042923898,0.99932789699091507,3.2254405786503803e+26,3.229780123680093e+26,397113073335.43353,3.3538748740768436e-11,-1,2.1618713057400745e+27,2.1618713057454629e+27,2.1618710485348222e+27,-1220.8826101110139,-2.5721064074808132e+20,0,2.1618713057400745e+27,-4720.1592603561212,-4720.1586987825667,0,0,-4720.1592603561212,0,1,-4720.1592603561212,0
n17_vd_1_vg_0p05,sentaurus,993,internal,2112,electron,992,993,993,992,1,0,6.9505500000000106e-08,3.6410894004419148e-10,5.2856106791903949e-09,-0.052856105776932782,0.00043447280845977697,0,1.0030752777132339,0.99693101427833353,3.2099963443790086e+26,3.229780123680093e+26,26923231.123562593,2.2738397312346363e-15,-1,-7.328461933394348e+22,-7.3284619334126083e+22,-7.3284619285238945e+22,0,48887138091008,0,-7.328461933394348e+22,0.16000724634825997,0.16000724624192006,0,0,0.16000724634825997,0,1,0.16000724634825997,0
n17_vd_1_vg_0p05,sentaurus,993,internal,2112,electron,992,993,993,993,1,1,6.9505500000000106e-08,3.6410894004419148e-10,5.2856106791903949e-09,0.052856105776932782,0.00043447280845977697,0,1.0030752777132339,0.99693101427833353,3.2099963443790086e+26,3.229780123680093e+26,26923231.123562593,2.2738397312346363e-15,-1,7.328461933394249e+22,7.3284619334124782e+22,7.3284619285237644e+22,0,-48887138091008,0,7.328461933394249e+22,-0.1600072463482578,-0.16000724624191723,0,0,-0.1600072463482578,0,1,-0.1600072463482578,0
n17_vd_1_vg_0p05,sentaurus,993,contact_cut,2114,electron,993,994,993,993,0,0,8.1249755088383561e-11,9.9999999999999995e-08,0,0,0.00043302861600750316,0,1.0000432230831775,0.99995677816227657,3.229780123680093e+26,3.2300593338353824e+26,0,0,1,-1.7214177035929434e+28,-1.7214177035972363e+28,-1.7214156605810426e+28,0,2.0430161936929142e+22,0,-1.7214177035929434e+28,-37584.87238801497,-37584.827781559827,0,0,-37584.87238801497,0,1,-37584.87238801497,0
n17_vd_1_vg_0p05,sentaurus,993,contact_cut,2114,electron,993,994,993,994,0,1,8.1249755088383561e-11,9.9999999999999995e-08,0,0,0.00043302861600750316,0,1.0000432230831775,0.99995677816227657,3.229780123680093e+26,3.2300593338353824e+26,0,0,1,1.7214177035929405e+28,1.7214177035972238e+28,1.7214156605810303e+28,0,-2.0430161934730119e+22,0,1.7214177035929405e+28,37584.872388014912,37584.827781559557,0,1,37584.872388014912,0,1,37584.872388014912,0
n17_vd_1_vg_0p05,sentaurus,993,internal,2115,electron,993,996,993,993,0,0,1.3049449999999989e-07,3.6410894004419148e-10,1.4076417514242704e-09,0.014076417548941622,0.00043285632867895094,0,1.0003385269866378,0.99966154939647123,3.229780123680093e+26,3.2319673527139968e+26,-7167821.9165780516,-6.0536858245314834e-16,1,-3.9021401123744819e+22,-3.9021401123842035e+22,-3.9021401110950934e+22,-0,12891101069312,0,-3.9021401123744819e+22,-0.085198053823681216,-0.085198053795747464,0,0,-0.085198053823681216,0,1,-0.085198053823681216,0
n17_vd_1_vg_0p05,sentaurus,993,internal,2115,electron,993,996,993,996,0,1,1.3049449999999989e-07,3.6410894004419148e-10,1.4076417514242704e-09,-0.014076417548941622,0.00043285632867895094,0,1.0003385269866378,0.99966154939647123,3.229780123680093e+26,3.2319673527139968e+26,-7167821.9165780516,-6.0536858245314834e-16,1,3.9021401123745054e+22,3.9021401123842312e+22,3.9021401110951211e+22,-0,-12891101069312,0,3.9021401123745054e+22,0.08519805382368173,0.08519805379574806,0,0,0.08519805382368173,0,1,0.08519805382368173,0
n17_vd_1_vg_0p05,sentaurus,996,internal,2085,electron,983,996,996,983,1,0,6.4696812499999939e-10,6.5247249999999943e-08,8.5177074155500838e-07,8.5177073172459927,0.00043301879886474711,-2.6645352591003757e-12,1.0006778179303801,0.99932248822271319,3.2275899384364715e+26,3.2319673527139968e+26,-777256400022.09802,-6.5644293421375364e-11,-1,-1.4104532782877034e+27,-1.4104532782912229e+27,-1.4104531106204416e+27,4782.7648329586473,1.6767078131706731e+20,0,-1.4104532782877034e+27,3079.5376603281502,3079.5372942489221,0,0,3079.5376603281502,0,1,3079.5376603281502,0
n17_vd_1_vg_0p05,sentaurus,996,internal,2085,electron,983,996,996,996,1,1,6.4696812499999939e-10,6.5247249999999943e-08,8.5177074155500838e-07,-8.5177073172459927,0.00043301879886474711,2.6645352591003757e-12,1.0006778179303801,0.99932248822271319,3.2275899384364715e+26,3.2319673527139968e+26,-777256400022.09802,-6.5644293421375364e-11,-1,1.4104532782877331e+27,1.4104532782912529e+27,1.4104531106204817e+27,-4782.7648329586473,-1.6767077114658475e+20,0,1.4104532782877331e+27,-3079.5376603282148,-3079.5372942490098,0,0,-3079.5376603282148,0,1,-3079.5376603282148,0
n17_vd_1_vg_0p05,sentaurus,996,internal,2115,electron,993,996,996,993,1,0,1.3049449999999989e-07,3.6410894004419148e-10,1.4076417514242704e-09,0.014076417548941622,0.00043285632867895094,0,1.0003385269866378,0.99966154939647123,3.229780123680093e+26,3.2319673527139968e+26,-7167821.9165780516,-6.0536858245314834e-16,-1,-3.9021401123744819e+22,-3.9021401123842035e+22,-3.9021401110950934e+22,-0,12891101069312,0,-3.9021401123744819e+22,0.085198053823681216,0.085198053795747464,0,0,0.085198053823681216,0,1,0.085198053823681216,0
n17_vd_1_vg_0p05,sentaurus,996,internal,2115,electron,993,996,996,996,1,1,1.3049449999999989e-07,3.6410894004419148e-10,1.4076417514242704e-09,-0.014076417548941622,0.00043285632867895094,0,1.0003385269866378,0.99966154939647123,3.229780123680093e+26,3.2319673527139968e+26,-7167821.9165780516,-6.0536858245314834e-16,-1,3.9021401123745054e+22,3.9021401123842312e+22,3.9021401110951211e+22,-0,-12891101069312,0,3.9021401123745054e+22,-0.08519805382368173,-0.08519805379574806,0,0,-0.08519805382368173,0,1,-0.08519805382368173,0
n17_vd_1_vg_0p05,sentaurus,996,contact_cut,2118,electron,995,996,996,995,1,0,8.1249755088383561e-11,6.5247249999999943e-08,2.2608007412627484e-06,-22.608006133850722,0.00043270209426124836,1.021405182655144e-11,0.99995646906673841,1.0000435321965928,3.2322487501568281e+26,3.2319673527139968e+26,2063000658678.9351,1.7423365129313882e-10,-1,-1.1230911866640332e+28,-1.1230911866668308e+28,-1.1230898548722178e+28,48697.697389082219,1.3317946130294368e+22,0,-1.1230911866640332e+28,24521.206469974535,24521.177392066642,0,1,24521.206469974535,0,1,24521.206469974535,0
n17_vd_1_vg_0p05,sentaurus,996,contact_cut,2118,electron,995,996,996,996,1,1,8.1249755088383561e-11,6.5247249999999943e-08,2.2608007412627484e-06,22.608006133850722,0.00043270209426124836,-1.021405182655144e-11,0.99995646906673841,1.0000435321965928,3.2322487501568281e+26,3.2319673527139968e+26,2063000658678.9351,1.7423365129313882e-10,-1,1.1230911866640251e+28,1.1230911866668269e+28,1.1230898548722178e+28,-48697.697389082219,-1.331794609071195e+22,0,1.1230911866640251e+28,-24521.206469974357,-24521.177392066642,0,0,-24521.206469974357,0,1,-24521.206469974357,0
n17_vd_1_vg_0p05,sentaurus,998,internal,2108,electron,991,998,998,991,1,0,8.1249755088383561e-11,3.8864649999999965e-08,6.7824022237880953e-06,67.824021954265845,0.00043678680689611442,-3.1974423109204508e-11,1.0000097025434893,0.99999029751926993,3.2044292522973107e+26,3.2044914349279514e+26,-3689459233840.8066,-3.1159852077842386e-10,-1,-6.6951007046475289e+27,-6.6951007046641887e+27,-6.6950926822583179e+27,270082.17447154969,8.0224058708388846e+21,0,-6.6951007046475289e+27,14617.86439653054,14617.846880707732,0,0,14617.86439653054,0,1,14617.86439653054,0
n17_vd_1_vg_0p05,sentaurus,998,internal,2108,electron,991,998,998,998,1,1,8.1249755088383561e-11,3.8864649999999965e-08,6.7824022237880953e-06,-67.824021954265845,0.00043678680689611442,3.1974423109204508e-11,1.0000097025434893,0.99999029751926993,3.2044292522973107e+26,3.2044914349279514e+26,-3689459233840.8066,-3.1159852077842386e-10,-1,6.6951007046476619e+27,6.69510070466438e+27,6.6950926822585059e+27,-270082.17447154969,-8.0224058741374195e+21,0,6.6951007046476619e+27,-14617.864396530831,-14617.846880708143,0,0,-14617.864396530831,0,1,-14617.864396530831,0
n17_vd_1_vg_0p05,sentaurus,998,contact_cut,2109,electron,997,998,998,997,1,0,1.8448199999999969e-08,4.0624877544191781e-11,1.10423598369022e-05,110.42359836579973,0.00043633969847743404,-2.886579864025407e-11,0.99909922537826867,1.0009013158767295,3.2102714249382752e+26,3.2044914349279514e+26,-6278112052.682951,-5.3022687199085887e-13,-1,-3.0818618669733759e+22,-3.0818618669810548e+22,-3.0818618579878089e+22,415.32484664140736,89932458622976,0,-3.0818618669733759e+22,0.067288366295943522,0.067288366099755581,0,1,0.067288366295943522,0,1,0.067288366295943522,0
n17_vd_1_vg_0p05,sentaurus,998,contact_cut,2109,electron,997,998,998,998,1,1,1.8448199999999969e-08,4.0624877544191781e-11,1.10423598369022e-05,-110.42359836579973,0.00043633969847743404,2.886579864025407e-11,0.99909922537826867,1.0009013158767295,3.2102714249382752e+26,3.2044914349279514e+26,-6278112052.682951,-5.3022687199085887e-13,-1,3.0818618669976605e+22,3.0818618670053612e+22,3.0818618580120721e+22,-415.32484664140736,-89932890636288,0,3.0818618669976605e+22,-0.067288366296473737,-0.067288366100285338,0,0,-0.067288366296473737,0,1,-0.067288366296473737,0
n17_vd_1_vg_0p05,sentaurus,998,internal,2274,electron,998,1055,998,998,0,0,5.9281099999999972e-08,4.0624877544191781e-11,7.4893606442187062e-06,74.893606443263153,0.00046148753393222581,-1.9539925233402755e-11,0.94853985076749325,1.0532885291714902,3.2044914349279514e+26,2.8858073959235035e+26,-4267872923.2660093,-3.6044927060369229e-13,1,-9.6128127321904146e+21,-9.6128127322144522e+21,-9.6128127240350477e+21,180.7067617096871,8179404505088,0,-9.6128127321904146e+21,-0.020988301623433084,-0.020988301605626924,0,0,-0.020988301623433084,0,1,-0.020988301623433084,0
n17_vd_1_vg_0p05,sentaurus,998,internal,2274,electron,998,1055,998,1055,0,1,5.9281099999999972e-08,4.0624877544191781e-11,7.4893606442187062e-06,-74.893606443263153,0.00046148753393222581,1.9539925233402755e-11,0.94853985076749325,1.0532885291714902,3.2044914349279514e+26,2.8858073959235035e+26,-4267872923.2660093,-3.6044927060369229e-13,1,9.6128127323555192e+21,9.6128127323794729e+21,9.6128127242000683e+21,-180.7067617096871,-8179404505088,0,9.6128127323555192e+21,0.02098830162379357,0.020988301605987223,0,0,0.02098830162379357,0,1,0.02098830162379357,0
n17_vd_1_vg_0p8,baseline,991,internal,2091,electron,986,991,991,986,1,0,6.4696812499999939e-10,3.8864649999999965e-08,4.1332714688739394,-41332714.688739337,0.00043709800097793211,1.5570289058075559e-05,1.000625695620438,0.9993745652674153,3.2004666025439317e+26,3.2044729779215838e+26,2.2486012088908163e+18,0.00018990880942233666,-1,-8.408831457827693e+26,-8.4088314578485713e+26,-8.4088304651374929e+26,80099590298825872,9.9271107845927469e+19,0,-8.408831457827693e+26,1835.9568198649918,1835.956603124253,0,0,1835.9568198649918,0,1,1835.9568198649918,0
n17_vd_1_vg_0p8,baseline,991,internal,2091,electron,986,991,991,991,1,1,6.4696812499999939e-10,3.8864649999999965e-08,4.1332714688739394,41332714.688739337,0.00043709800097793211,-1.5570289058075559e-05,1.000625695620438,0.9993745652674153,3.2004666025439317e+26,3.2044729779215838e+26,2.2486012088908163e+18,0.00018990880942233666,-1,8.4088305880298965e+26,8.4088305880508175e+26,8.4088295953399561e+26,-80099590298825872,-9.927108613057282e+19,0,8.4088305880298965e+26,-1835.9566299561793,-1835.9564132154972,0,0,-1835.9566299561793,0,1,-1835.9566299561793,0
n17_vd_1_vg_0p8,baseline,991,internal,2092,electron,991,992,991,991,0,0,1.8448199999999969e-08,3.6410894004419148e-10,1221.7019899686106,-54205830.3791162,0.00043637032920246672,2.5491366795193926e-05,1.0012942412889207,0.99870687445547657,3.2044729779215838e+26,3.2099751305353697e+26,6.2255950800643512e+18,0.00052579147646361754,1,-2.7634454083651122e+23,-2.763445408370637e+23,-2.7634417715726848e+23,3.6367946462886598e+17,3.636797952187433e+17,0,-2.7634454083651122e+23,-0.60336165247902496,-0.6033608584336343,0,0,-0.60336165247902496,0,1,-0.60336165247902496,0
n17_vd_1_vg_0p8,baseline,991,internal,2092,electron,991,992,991,992,0,1,1.8448199999999969e-08,3.6410894004419148e-10,1221.7019899686106,54205830.379117079,0.00043637032920246672,-2.5491366795193926e-05,1.0012942412889207,0.99870687445547657,3.2044729779215838e+26,3.2099751305353697e+26,6.2255950800643512e+18,0.00052579147646361754,1,2.7610372406676471e+23,2.7610372406746627e+23,2.7610336038767618e+23,-3.6367946462886598e+17,-3.636797900849152e+17,0,2.7610372406676471e+23,0.60283586100256192,0.60283506695750799,0,0,0.60283586100256192,0,1,0.60283586100256192,0
n17_vd_1_vg_0p8,baseline,991,internal,2108,electron,991,998,991,991,0,0,8.1249755088383561e-11,3.8864649999999965e-08,0.41754954969169844,-4175495.4969164259,0.00043678670748390354,1.9691457353587793e-06,1.0000099654065817,0.99999003465962422,3.2044729779215838e+26,3.2045368418927687e+26,2.2713974566927696e+17,1.9183409891442097e-05,1,-6.6951922978597858e+27,-6.6951922978764115e+27,-6.695184276501014e+27,1024003830362940.6,8.0213753975462167e+21,0,-6.6951922978597858e+27,-14618.064378161209,-14618.046864588228,0,0,-14618.064378161209,0,1,-14618.064378161209,0
n17_vd_1_vg_0p8,baseline,991,internal,2108,electron,991,998,991,998,0,1,8.1249755088383561e-11,3.8864649999999965e-08,0.41754954969169844,4175495.4969164259,0.00043678670748390354,-1.9691457353587793e-06,1.0000099654065817,0.99999003465962422,3.2044729779215838e+26,3.2045368418927687e+26,2.2713974566927696e+17,1.9183409891442097e-05,1,6.6951922890736324e+27,6.6951922890902526e+27,6.6951842677149243e+27,-1024003830362940.6,-8.0213753282769841e+21,0,6.6951922890736324e+27,14618.064358977808,14618.046845404968,0,0,14618.064358977808,0,1,14618.064358977808,0
n17_vd_1_vg_0p8,baseline,991,internal,2110,electron,991,999,991,991,0,0,5.9281099999999972e-08,3.6410894004419148e-10,841.72027226012585,16868782.799239315,0.00046174732235385854,-8.5816198591714965e-06,0.94758295347802479,1.0543153191181938,3.2044729779215838e+26,2.8856362663450333e+26,-4.3012685754498913e+18,-0.00036326974785018986,1,-8.6117879486127853e+22,-8.611787948640513e+22,-8.6117799546890249e+22,79939503792993968,79939514881015808,0,-8.6117879486127853e+22,-0.18802696777527414,-0.18802679323855143,0,0,-0.18802696777527414,0,1,-0.18802696777527414,0
n17_vd_1_vg_0p8,baseline,991,internal,2110,electron,991,999,991,999,0,1,5.9281099999999972e-08,3.6410894004419148e-10,841.72027226012585,-16868782.799240202,0.00046174732235385854,8.5816198591714965e-06,0.94758295347802479,1.0543153191181938,3.2044729779215838e+26,2.8856362663450333e+26,-4.3012685754498913e+18,-0.00036326974785018986,1,8.6284259983226051e+22,8.628425998340352e+22,8.6284180043888639e+22,-79939503792993968,-79939514881015808,0,8.6284259983226051e+22,0.18839023752312431,0.18839006298618366,0,0,0.18839023752312431,0,1,0.18839023752312431,0
n17_vd_1_vg_0p8,baseline,992,internal,2092,electron,991,992,992,991,1,0,1.8448199999999969e-08,3.6410894004419148e-10,1221.7019899686106,-54205830.3791162,0.00043637032920246672,2.5491366795193926e-05,1.0012942412889207,0.99870687445547657,3.2044729779215838e+26,3.2099751305353697e+26,6.2255950800643512e+18,0.00052579147646361754,-1,-2.7634454083651122e+23,-2.763445408370637e+23,-2.7634417715726848e+23,3.6367946462886598e+17,3.636797952187433e+17,0,-2.7634454083651122e+23,0.60336165247902496,0.6033608584336343,0,0,0.60336165247902496,0,1,0.60336165247902496,0
n17_vd_1_vg_0p8,baseline,992,internal,2092,electron,991,992,992,992,1,1,1.8448199999999969e-08,3.6410894004419148e-10,1221.7019899686106,54205830.379117079,0.00043637032920246672,-2.5491366795193926e-05,1.0012942412889207,0.99870687445547657,3.2044729779215838e+26,3.2099751305353697e+26,6.2255950800643512e+18,0.00052579147646361754,-1,2.7610372406676471e+23,2.7610372406746627e+23,2.7610336038767618e+23,-3.6367946462886598e+17,-3.636797900849152e+17,0,2.7610372406676471e+23,-0.60283586100256192,-0.60283506695750799,0,0,-0.60283586100256192,0,1,-0.60283586100256192,0
n17_vd_1_vg_0p8,baseline,992,internal,2094,electron,985,992,992,985,1,0,6.4696812499999939e-10,4.3976850000000036e-08,638.47724785610455,-1545671202.8896341,0.00043630785161454178,0.00067638798650904164,1.0006712524917325,0.99932904776051534,3.2057207988251858e+26,3.2099751305353697e+26,3.929852237299904e+20,0.033190125338386271,-1,-9.5137422420345704e+26,-9.5137422420584037e+26,-9.5137361301448525e+26,6.0922690990526785e+20,6.1119135511883861e+20,0,-9.5137422420345704e+26,2077.1994348205599,2077.1981003705037,0,0,2077.1994348205599,0,1,2077.1994348205599,0
n17_vd_1_vg_0p8,baseline,992,internal,2094,electron,985,992,992,992,1,1,6.4696812499999939e-10,4.3976850000000036e-08,638.47724785610455,1545671202.8896337,0.00043630785161454178,-0.00067638798650904164,1.0006712524917325,0.99932904776051534,3.2057207988251858e+26,3.2099751305353697e+26,3.929852237299904e+20,0.033190125338386271,-1,9.5135902285629067e+26,9.5135902285864733e+26,9.513584116678942e+26,-6.0922690990526785e+20,-6.111907531362224e+20,0,9.5135902285629067e+26,-2077.1662446952241,-2077.1649102464239,0,0,-2077.1662446952241,0,1,-2077.1662446952241,0
n17_vd_1_vg_0p8,baseline,992,contact_cut,2107,electron,992,997,992,992,0,0,8.1249755088383561e-11,4.3976850000000036e-08,648.37416965685668,-6483741696.5685663,0.00043599590445282037,0.0030311684837691644,1.000045509513444,0.99995449186725804,3.2099751305353697e+26,3.2102607664560187e+26,3.990738051926343e+20,0.03370434513515138,1,-7.5754057486632162e+27,-7.5754057486821168e+27,-7.5753982068833382e+27,2.7744754678736827e+21,7.5417987786283218e+21,0,-7.5754057486632162e+27,-16539.893702537913,-16539.877236061839,0,0,-16539.893702537913,0,1,-16539.893702537913,0
n17_vd_1_vg_0p8,baseline,992,contact_cut,2107,electron,992,997,992,997,0,1,8.1249755088383561e-11,4.3976850000000036e-08,648.37416965685668,6483741696.5685663,0.00043599590445282037,-0.0030311684837691644,1.000045509513444,0.99995449186725804,3.2099751305353697e+26,3.2102607664560187e+26,3.990738051926343e+20,0.03370434513515138,1,7.5753903117992096e+27,7.5753903118181003e+27,7.5753827700494329e+27,-2.7744754678736827e+21,-7.5417686674028836e+21,0,7.5753903117992096e+27,16539.859998192795,16539.843531782441,0,1,16539.859998192795,0,1,16539.859998192795,0
n17_vd_1_vg_0p8,baseline,992,internal,2112,electron,992,993,992,992,0,0,6.9505500000000106e-08,3.6410894004419148e-10,0.68717547881987395,-6871754.7881987412,0.00043447268853835527,1.5291314880983009e-06,1.0030769947489919,0.99692930426342463,3.2099751305353697e+26,3.2297638805503139e+26,3500233476641853.5,2.9561719064322413e-07,1,-7.3284240237307007e+22,-7.32842402374894e+22,-7.3284240197128443e+22,12319110880904.873,40360956919808,0,-7.3284240237307007e+22,-0.16000641864103499,-0.16000641855331044,0,0,-0.16000641864103499,0,1,-0.16000641864103499,0
n17_vd_1_vg_0p8,baseline,992,internal,2112,electron,992,993,992,993,0,1,6.9505500000000106e-08,3.6410894004419148e-10,0.68717547881987395,6871754.7881987393,0.00043447268853835527,-1.5291314880983009e-06,1.0030769947489919,0.99692930426342463,3.2099751305353697e+26,3.2297638805503139e+26,3500233476641853.5,2.9561719064322413e-07,1,7.3284104842230878e+22,7.3284104842413456e+22,7.3284104802052642e+22,-12319110880904.873,-40360814313472,0,7.3284104842230878e+22,0.16000612302384415,0.16000612293612029,0,0,0.16000612302384415,0,1,0.16000612302384415,0
n17_vd_1_vg_0p8,baseline,993,internal,2088,electron,984,993,993,984,1,0,6.4696812499999939e-10,9.9999999999999995e-08,60.54398696471678,-605439869.64716792,0.00043334294890506853,0.00022338166472124499,1.0006726307725953,0.99932767071365569,3.2254277840599324e+26,3.2297638805503139e+26,8.468017883936442e+19,0.0071517847991315843,-1,-2.1618631280766975e+27,-2.1618631280820755e+27,-2.1618629157458344e+27,4.3651337504914276e+19,2.1233624107270013e+20,0,-2.1618631280766975e+27,4720.1414055127661,4720.1409419164884,0,0,4720.1414055127661,0,1,4720.1414055127661,0
n17_vd_1_vg_0p8,baseline,993,internal,2088,electron,984,993,993,993,1,1,6.4696812499999939e-10,9.9999999999999995e-08,60.54398696471678,605439869.64716768,0.00043334294890506853,-0.00022338166472124499,1.0006726307725953,0.99932767071365569,3.2254277840599324e+26,3.2297638805503139e+26,8.468017883936442e+19,0.0071517847991315843,-1,2.1618598525011293e+27,2.1618598525065266e+27,2.1618596401709721e+27,-4.3651337504914276e+19,-2.1233555442768858e+20,0,2.1618598525011293e+27,-4720.1342537279625,-4720.1337901332263,0,0,-4720.1342537279625,0,1,-4720.1342537279625,0
n17_vd_1_vg_0p8,baseline,993,internal,2112,electron,992,993,993,992,1,0,6.9505500000000106e-08,3.6410894004419148e-10,0.68717547881987395,-6871754.7881987412,0.00043447268853835527,1.5291314880983009e-06,1.0030769947489919,0.99692930426342463,3.2099751305353697e+26,3.2297638805503139e+26,3500233476641853.5,2.9561719064322413e-07,-1,-7.3284240237307007e+22,-7.32842402374894e+22,-7.3284240197128443e+22,12319110880904.873,40360956919808,0,-7.3284240237307007e+22,0.16000641864103499,0.16000641855331044,0,0,0.16000641864103499,0,1,0.16000641864103499,0
n17_vd_1_vg_0p8,baseline,993,internal,2112,electron,992,993,993,993,1,1,6.9505500000000106e-08,3.6410894004419148e-10,0.68717547881987395,6871754.7881987393,0.00043447268853835527,-1.5291314880983009e-06,1.0030769947489919,0.99692930426342463,3.2099751305353697e+26,3.2297638805503139e+26,3500233476641853.5,2.9561719064322413e-07,-1,7.3284104842230878e+22,7.3284104842413456e+22,7.3284104802052642e+22,-12319110880904.873,-40360814313472,0,7.3284104842230878e+22,-0.16000612302384415,-0.16000612293612029,0,0,-0.16000612302384415,0,1,-0.16000612302384415,0
n17_vd_1_vg_0p8,baseline,993,contact_cut,2114,electron,993,994,993,993,0,0,8.1249755088383561e-11,9.9999999999999995e-08,60.526548563614533,-605265485.63614571,0.00043302859779262618,0.00028027483089942962,1.0000441732936611,0.99995582800715377,3.2297638805503139e+26,3.2300486131251713e+26,8.4654959091043647e+19,0.0071496548294603989,1,-1.7214106095028509e+28,-1.7214106095071427e+28,-1.7214086330715693e+28,5.4792349662326202e+19,1.976435573396878e+22,0,-1.7214106095028509e+28,-37584.717497966914,-37584.674345211286,0,0,-37584.717497966914,0,1,-37584.717497966914,0
n17_vd_1_vg_0p8,baseline,993,contact_cut,2114,electron,993,994,993,994,0,1,8.1249755088383561e-11,9.9999999999999995e-08,60.526548563614533,605265485.63614571,0.00043302859779262618,-0.00028027483089942962,1.0000441732936611,0.99995582800715377,3.2297638805503139e+26,3.2300486131251713e+26,8.4654959091043647e+19,0.0071496548294603989,1,1.7214102820428527e+28,1.7214102820471463e+28,1.7214083056123727e+28,-5.4792349662326202e+19,-1.97643477361212e+22,0,1.7214102820428527e+28,37584.710348312175,37584.667195574046,0,1,37584.710348312175,0,1,37584.710348312175,0
n17_vd_1_vg_0p8,baseline,993,internal,2115,electron,993,996,993,993,0,0,1.3049449999999989e-07,3.6410894004419148e-10,0.031428030282568048,-314280.30282568047,0.0004328563070078534,6.503864113938107e-08,1.0003419853274396,0.9996580926240981,3.2297638805503139e+26,3.2319729352459258e+26,160033716497364.06,1.351587486801973e-08,1,-3.9021337827626073e+22,-3.9021337827723516e+22,-3.9021337815180189e+22,24045798314.50779,12543326158848,0,-3.9021337827626073e+22,-0.085197915625001092,-0.085197915597827162,0,0,-0.085197915625001092,0,1,-0.085197915625001092,0
n17_vd_1_vg_0p8,baseline,993,internal,2115,electron,993,996,993,996,0,1,1.3049449999999989e-07,3.6410894004419148e-10,0.031428030282568048,314280.30282568047,0.0004328563070078534,-6.503864113938107e-08,1.0003419853274396,0.9996580926240981,3.2297638805503139e+26,3.2319729352459258e+26,160033716497364.06,1.351587486801973e-08,1,3.902133163724551e+22,3.9021331637342961e+22,3.9021331624799643e+22,-24045798314.50779,-12543317770240,0,3.902133163724551e+22,0.085197902109126186,0.085197902081952284,0,0,0.085197902109126186,0,1,0.085197902109126186,0
n17_vd_1_vg_0p8,baseline,996,internal,2085,electron,983,996,996,983,1,0,6.4696812499999939e-10,6.5247249999999943e-08,10.053388735080372,-100533887.3508037,0.00043301879637344751,3.7128079721782115e-05,1.0006795245914546,0.99932078310494032,3.2275853136268521e+26,3.2319729352459258e+26,9.1739026210083502e+18,0.00077479497815067871,-1,-1.4104536546678916e+27,-1.4104536546714163e+27,-1.4104534942674726e+27,7.8659261612956147e+17,1.6040394376747365e+20,0,-1.4104536546678916e+27,3079.5384821043704,3079.5381318913301,0,0,3079.5384821043704,0,1,3079.5384821043704,0
n17_vd_1_vg_0p8,baseline,996,internal,2085,electron,983,996,996,996,1,1,6.4696812499999939e-10,6.5247249999999943e-08,10.053388735080372,100533887.3508037,0.00043301879637344751,-3.7128079721782115e-05,1.0006795245914546,0.99932078310494032,3.2275853136268521e+26,3.2319729352459258e+26,9.1739026210083502e+18,0.00077479497815067871,-1,1.4104532998054956e+27,1.4104532998090187e+27,1.4104531394051618e+27,-7.8659261612956147e+17,-1.6040385690605506e+20,0,1.4104532998054956e+27,-3079.5377073093955,-3079.5373570965412,0,0,-3079.5377073093955,0,1,-3079.5377073093955,0
n17_vd_1_vg_0p8,baseline,996,internal,2115,electron,993,996,996,993,1,0,1.3049449999999989e-07,3.6410894004419148e-10,0.031428030282568048,-314280.30282568047,0.0004328563070078534,6.503864113938107e-08,1.0003419853274396,0.9996580926240981,3.2297638805503139e+26,3.2319729352459258e+26,160033716497364.06,1.351587486801973e-08,-1,-3.9021337827626073e+22,-3.9021337827723516e+22,-3.9021337815180189e+22,24045798314.50779,12543326158848,0,-3.9021337827626073e+22,0.085197915625001092,0.085197915597827162,0,0,0.085197915625001092,0,1,0.085197915625001092,0
n17_vd_1_vg_0p8,baseline,996,internal,2115,electron,993,996,996,996,1,1,1.3049449999999989e-07,3.6410894004419148e-10,0.031428030282568048,314280.30282568047,0.0004328563070078534,-6.503864113938107e-08,1.0003419853274396,0.9996580926240981,3.2297638805503139e+26,3.2319729352459258e+26,160033716497364.06,1.351587486801973e-08,-1,3.902133163724551e+22,3.9021331637342961e+22,3.9021331624799643e+22,-24045798314.50779,-12543317770240,0,3.902133163724551e+22,-0.085197902109126186,-0.085197902081952284,0,0,-0.085197902109126186,0,1,-0.085197902109126186,0
n17_vd_1_vg_0p8,baseline,996,contact_cut,2118,electron,995,996,996,995,1,0,8.1249755088383561e-11,6.5247249999999943e-08,10.050272133645002,100502721.33644977,0.00043270209177587767,-4.6466680725387732e-05,0.99995897631061026,1.0000410248113827,3.2322380225627657e+26,3.2319729352459258e+26,-9.1709548013067295e+18,-0.00077454601585015472,-1,-1.1230902687334991e+28,-1.1230902687362993e+28,-1.1230889432783339e+28,9.8484346805516928e+17,1.3254579654505498e+22,0,-1.1230902687334991e+28,24521.186428178804,24521.157488623263,0,1,24521.186428178804,0,1,24521.186428178804,0
n17_vd_1_vg_0p8,baseline,996,contact_cut,2118,electron,995,996,996,996,1,1,8.1249755088383561e-11,6.5247249999999943e-08,10.050272133645002,-100502721.33644977,0.00043270209177587767,4.6466680725387732e-05,0.99995897631061026,1.0000410248113827,3.2322380225627657e+26,3.2319729352459258e+26,-9.1709548013067295e+18,-0.00077454601585015472,-1,1.1230903042083358e+28,1.1230903042111444e+28,1.1230889787530905e+28,-9.8484346805516928e+17,-1.3254580538512847e+22,0,1.1230903042083358e+28,-24521.18720272481,-24521.158263167523,0,0,-24521.18720272481,0,1,-24521.18720272481,0
n17_vd_1_vg_0p8,baseline,998,internal,2108,electron,991,998,998,991,1,0,8.1249755088383561e-11,3.8864649999999965e-08,0.41754954969169844,-4175495.4969164259,0.00043678670748390354,1.9691457353587793e-06,1.0000099654065817,0.99999003465962422,3.2044729779215838e+26,3.2045368418927687e+26,2.2713974566927696e+17,1.9183409891442097e-05,-1,-6.6951922978597858e+27,-6.6951922978764115e+27,-6.695184276501014e+27,1024003830362940.6,8.0213753975462167e+21,0,-6.6951922978597858e+27,14618.064378161209,14618.046864588228,0,0,14618.064378161209,0,1,14618.064378161209,0
n17_vd_1_vg_0p8,baseline,998,internal,2108,electron,991,998,998,998,1,1,8.1249755088383561e-11,3.8864649999999965e-08,0.41754954969169844,4175495.4969164259,0.00043678670748390354,-1.9691457353587793e-06,1.0000099654065817,0.99999003465962422,3.2044729779215838e+26,3.2045368418927687e+26,2.2713974566927696e+17,1.9183409891442097e-05,-1,6.6951922890736324e+27,6.6951922890902526e+27,6.6951842677149243e+27,-1024003830362940.6,-8.0213753282769841e+21,0,6.6951922890736324e+27,-14618.064358977808,-14618.046845404968,0,0,-14618.064358977808,0,1,-14618.064358977808,0
n17_vd_1_vg_0p8,baseline,998,contact_cut,2109,electron,997,998,998,997,1,0,1.8448199999999969e-08,4.0624877544191781e-11,1224.555727281281,54205830.379114419,0.00043631877548739499,-2.5491497801510832e-05,0.998671362081615,1.0013298158142876,3.2102607664560187e+26,3.2045368418927687e+26,-6.9618906329362867e+17,-5.8797636335062808e-05,-1,-3.0803841197414212e+22,-3.080384119749184e+22,-3.0803800523283842e+22,40674165251222648,40674207998148608,0,-3.0803841197414212e+22,0.067256101645115987,0.067256012838547055,0,1,0.067256101645115987,0,1,0.067256101645115987,0
n17_vd_1_vg_0p8,baseline,998,contact_cut,2109,electron,997,998,998,998,1,1,1.8448199999999969e-08,4.0624877544191781e-11,1224.555727281281,-54205830.379114419,0.00043631877548739499,2.5491497801510832e-05,0.998671362081615,1.0013298158142876,3.2102607664560187e+26,3.2045368418927687e+26,-6.9618906329362867e+17,-5.8797636335062808e-05,-1,3.0830770992750896e+22,3.0830770992837122e+22,3.0830730318628482e+22,-40674165251222648,-40674208639877120,0,3.0830770992750896e+22,-0.067314899281450971,-0.067314810474899414,0,0,-0.067314899281450971,0,1,-0.067314899281450971,0
n17_vd_1_vg_0p8,baseline,998,internal,2274,electron,998,1055,998,998,0,0,5.9281099999999972e-08,4.0624877544191781e-11,841.72082563308788,16868782.799240202,0.00046147967010308391,-8.5711326924808873e-06,0.94758292943934941,1.0543153449297404,3.2045368418927687e+26,2.885693635826787e+26,-4.7963890355885088e+17,-4.0508584967108416e-05,1,-9.6030874118380616e+21,-9.6030874118630408e+21,-9.603078503450561e+21,8908406920635618,8908412479864832,0,-9.6030874118380616e+21,-0.020967067676343265,-0.020967048226060703,0,0,-0.020967067676343265,0,1,-0.020967067676343265,0
n17_vd_1_vg_0p8,baseline,998,internal,2274,electron,998,1055,998,1055,0,1,5.9281099999999972e-08,4.0624877544191781e-11,841.72082563308788,-16868782.799240202,0.00046147967010308391,8.5711326924808873e-06,0.94758292943934941,1.0543153449297404,3.2045368418927687e+26,2.885693635826787e+26,-4.7963890355885088e+17,-4.0508584967108416e-05,1,9.6216406729985716e+21,9.6216406730288e+21,9.6216317646163201e+21,-8908406920635618,-8908412479864832,0,9.6216406729985716e+21,0.0210075762613104,0.021007556811039302,0,0,0.0210075762613104,0,1,0.0210075762613104,0
n17_vd_1_vg_0p8,sentaurus,991,internal,2091,electron,986,991,991,986,1,0,6.4696812499999939e-10,3.8864649999999965e-08,3.8689119265954157,-38689119.265954196,0.00043709800552423327,1.4574451423499113e-05,1.0006184393366047,0.99938181553645955,3.2004693375926456e+26,3.2044292520347521e+26,2.1047696883436859e+18,0.0001777613140298639,-1,-8.408777752525822e+26,-8.4087777525467471e+26,-8.4087767586602e+26,70180744804880392,9.9388654709907653e+19,0,-8.408777752525822e+26,1835.9450940246384,1835.9448770272618,0,0,1835.9450940246384,0,1,1835.9450940246384,0
n17_vd_1_vg_0p8,sentaurus,991,internal,2091,electron,986,991,991,991,1,1,6.4696812499999939e-10,3.8864649999999965e-08,3.8689119265954157,38689119.265954196,0.00043709800552423327,-1.4574451423499113e-05,1.0006184393366047,0.99938181553645955,3.2004693375926456e+26,3.2044292520347521e+26,2.1047696883436859e+18,0.0001777613140298639,-1,8.4087769383645825e+26,8.4087769383854512e+26,8.4087759444991089e+26,-70180744804880392,-9.9388634231503585e+19,0,8.4087769383645825e+26,-1835.9449162633302,-1835.9446992659859,0,0,-1835.9449162633302,0,1,-1835.9449162633302,0
n17_vd_1_vg_0p8,sentaurus,991,internal,2092,electron,991,992,991,991,0,0,1.8448199999999969e-08,3.6410894004419148e-10,1173.0164369850713,-54205830.379114419,0.00043637059980611981,2.5378655177377141e-05,1.001286990782428,0.99871411250122533,3.2044292520347521e+26,3.2099963437264491e+26,5.9774840821032612e+18,0.00050483690966845833,1,-2.7633894038520754e+23,-2.7633894038603264e+23,-2.7633859274416641e+23,3.4764144838208666e+17,3.4764186623515034e+17,0,-2.7633894038520754e+23,-0.60334942463640862,-0.60334866560830402,0,0,-0.60334942463640862,0,1,-0.60334942463640862,0
n17_vd_1_vg_0p8,sentaurus,991,internal,2092,electron,991,992,991,992,0,1,1.8448199999999969e-08,3.6410894004419148e-10,1173.0164369850713,54205830.379114419,0.00043637059980611981,-2.5378655177377141e-05,1.001286990782428,0.99871411250122533,3.2044292520347521e+26,3.2099963437264491e+26,5.9774840821032612e+18,0.00050483690966845833,1,2.7610772097736743e+23,2.761077209783296e+23,2.761073733364736e+23,-3.4764144838208666e+17,-3.4764185600104858e+17,0,2.7610772097736743e+23,0.60284458772674021,0.60284382869895725,0,0,0.60284458772674021,0,1,0.60284458772674021,0
n17_vd_1_vg_0p8,sentaurus,991,internal,2108,electron,991,998,991,991,0,0,8.1249755088383561e-11,3.8864649999999965e-08,0.38816366168109667,-3881636.616811513,0.00043678671312558797,1.8305632565329688e-06,1.0000097031600208,0.99999029690274621,3.2044292520347521e+26,3.2044914347073055e+26,2.1115139607172982e+17,1.7833091113397846e-05,1,-6.6950992709050426e+27,-6.6950992709217002e+27,-6.6950912495692462e+27,884930735297829,8.0213524540370799e+21,0,-6.6950992709050426e+27,-14617.861266143982,-14617.843752621166,0,0,-14617.861266143982,0,1,-14617.861266143982,0
n17_vd_1_vg_0p8,sentaurus,991,internal,2108,electron,991,998,991,998,0,1,8.1249755088383561e-11,3.8864649999999965e-08,0.38816366168109667,3881636.616811513,0.00043678671312558797,-1.8305632565329688e-06,1.0000097031600208,0.99999029690274621,3.2044292520347521e+26,3.2044914347073055e+26,2.1115139607172982e+17,1.7833091113397846e-05,1,6.6950992627373293e+27,6.6950992627539979e+27,6.6950912414015427e+27,-884930735297829,-8.0213524551365915e+21,0,6.6950992627373293e+27,14617.861248310865,14617.843734788068,0,0,14617.861248310865,0,1,14617.861248310865,0
n17_vd_1_vg_0p8,sentaurus,991,internal,2110,electron,991,999,991,991,0,0,5.9281099999999972e-08,3.6410894004419148e-10,801.75311685025099,16868782.799239315,0.00046174752639722901,-8.5362437118874368e-06,0.94765224999688324,1.0542409154921299,3.2044292520347521e+26,2.8857470950512555e+26,-4.0970904154590147e+18,-0.00034602559129606362,1,-8.6123040136343035e+22,-8.6123040136614407e+22,-8.6122964394383361e+22,75742175748894672,75742231046127616,0,-8.6123040136343035e+22,-0.18803823537054587,-0.18803806999802281,0,0,-0.18803823537054587,0,1,-0.18803823537054587,0
n17_vd_1_vg_0p8,sentaurus,991,internal,2110,electron,991,999,991,999,0,1,5.9281099999999972e-08,3.6410894004419148e-10,801.75311685025099,-16868782.799240202,0.00046174752639722901,8.5362437118874368e-06,0.94765224999688324,1.0542409154921299,3.2044292520347521e+26,2.8857470950512555e+26,-4.0970904154590147e+18,-0.00034602559129606362,1,8.6281522669582008e+22,8.6281522669759997e+22,8.6281446927526401e+22,-75742175748894672,-75742233596264448,0,8.6281522669582008e+22,0.18838426096184097,0.18838409558910846,0,0,0.18838426096184097,0,1,0.18838426096184097,0
n17_vd_1_vg_0p8,sentaurus,992,internal,2092,electron,991,992,992,991,1,0,1.8448199999999969e-08,3.6410894004419148e-10,1173.0164369850713,-54205830.379114419,0.00043637059980611981,2.5378655177377141e-05,1.001286990782428,0.99871411250122533,3.2044292520347521e+26,3.2099963437264491e+26,5.9774840821032612e+18,0.00050483690966845833,-1,-2.7633894038520754e+23,-2.7633894038603264e+23,-2.7633859274416641e+23,3.4764144838208666e+17,3.4764186623515034e+17,0,-2.7633894038520754e+23,0.60334942463640862,0.60334866560830402,0,0,0.60334942463640862,0,1,0.60334942463640862,0
n17_vd_1_vg_0p8,sentaurus,992,internal,2092,electron,991,992,992,992,1,1,1.8448199999999969e-08,3.6410894004419148e-10,1173.0164369850713,54205830.379114419,0.00043637059980611981,-2.5378655177377141e-05,1.001286990782428,0.99871411250122533,3.2044292520347521e+26,3.2099963437264491e+26,5.9774840821032612e+18,0.00050483690966845833,-1,2.7610772097736743e+23,2.761077209783296e+23,2.761073733364736e+23,-3.4764144838208666e+17,-3.4764185600104858e+17,0,2.7610772097736743e+23,-0.60284458772674021,-0.60284382869895725,0,0,-0.60284458772674021,0,1,-0.60284458772674021,0
n17_vd_1_vg_0p8,sentaurus,992,internal,2094,electron,985,992,992,985,1,0,6.4696812499999939e-10,4.3976850000000036e-08,613.71320346911864,-1545671202.8896341,0.00043630786353193447,0.00067342333309738933,1.000671957569504,0.99932834331369869,3.205735478605732e+26,3.2099963437264491e+26,3.7774498161768058e+20,0.031902989040756786,-1,-9.5137927711106556e+26,-9.5137927711345136e+26,-9.5137869204318079e+26,5.8303392132920305e+20,5.8507027057190371e+20,0,-9.5137927711106556e+26,2077.2104671741399,2077.2091897560131,0,0,2077.2104671741399,0,1,2077.2104671741399,0
n17_vd_1_vg_0p8,sentaurus,992,internal,2094,electron,985,992,992,992,1,1,6.4696812499999939e-10,4.3976850000000036e-08,613.71320346911864,1545671202.8896341,0.00043630786353193447,-0.00067342333309738933,1.000671957569504,0.99932834331369869,3.205735478605732e+26,3.2099963437264491e+26,3.7774498161768058e+20,0.031902989040756786,-1,9.5136466528278639e+26,9.5136466528517164e+26,9.5136408021550058e+26,-5.8303392132920305e+20,-5.8506967106318867e+20,0,9.5136466528278639e+26,-2077.1785641851047,-2077.1772867682853,0,0,-2077.1785641851047,0,1,-2077.1785641851047,0
n17_vd_1_vg_0p8,sentaurus,992,contact_cut,2107,electron,992,997,992,992,0,0,8.1249755088383561e-11,4.3976850000000036e-08,623.38210716815422,-6233821071.6815434,0.00043599591601703474,0.0029155028338223588,1.0000438260018425,0.99995617527859881,3.2099963437264491e+26,3.2102714249382752e+26,3.8369312481266467e+20,0.032405347924122418,1,-7.5754432590395466e+27,-7.5754432590583406e+27,-7.5754357486323472e+27,2.5657542917575698e+21,7.5104259933395474e+21,0,-7.5754432590395466e+27,-16539.975601469512,-16539.959203491522,0,0,-16539.975601469512,0,1,-16539.975601469512,0
n17_vd_1_vg_0p8,sentaurus,992,contact_cut,2107,electron,992,997,992,997,0,1,8.1249755088383561e-11,4.3976850000000036e-08,623.38210716815422,6233821071.6815434,0.00043599591601703474,-0.0029155028338223588,1.0000438260018425,0.99995617527859881,3.2099963437264491e+26,3.2102714249382752e+26,3.8369312481266467e+20,0.032405347924122418,1,7.575428417126787e+27,7.575428417145669e+27,7.5754209067489589e+27,-2.5657542917575698e+21,-7.5103967100463649e+21,0,7.575428417126787e+27,16539.94319612153,16539.926798207667,0,1,16539.94319612153,0,1,16539.94319612153,0
n17_vd_1_vg_0p8,sentaurus,992,internal,2112,electron,992,993,992,992,0,0,6.9505500000000106e-08,3.6410894004419148e-10,0.65963502108599026,-6596350.2108599031,0.00043447270070526864,1.4683352311806175e-06,1.0030761663687924,0.99693012925594293,3.2099963437264491e+26,3.2297801236307291e+26,3359971587989325.5,2.8377117358336967e-07,1,-7.3284666068679447e+22,-7.3284666068862201e+22,-7.328466602856592e+22,11355292634962.061,40296280752128,0,-7.3284666068679447e+22,-0.16000734838735736,-0.16000734829977481,0,0,-0.16000734838735736,0,1,-0.16000734838735736,0
n17_vd_1_vg_0p8,sentaurus,992,internal,2112,electron,992,993,992,993,0,1,6.9505500000000106e-08,3.6410894004419148e-10,0.65963502108599026,6596350.2108599013,0.00043447270070526864,-1.4683352311806175e-06,1.0030761663687924,0.99693012925594293,3.2099963437264491e+26,3.2297801236307291e+26,3359971587989325.5,2.8377117358336967e-07,1,7.3284536099175448e+22,7.3284536099357824e+22,7.3284536059061686e+22,-11355292634962.061,-40296138145792,0,7.3284536099175448e+22,0.16000706461618366,0.16000706452860058,0,0,0.16000706461618366,0,1,0.16000706461618366,0
n17_vd_1_vg_0p8,sentaurus,993,internal,2088,electron,984,993,993,984,1,0,6.4696812499999939e-10,9.9999999999999995e-08,59.093479596182618,-590934795.96182632,0.00043334294940831805,0.00021805795347162871,1.0006731441309245,0.99932715781559334,3.225440578118427e+26,3.2297801236307291e+26,8.2651790611653493e+19,0.0069804743898656922,-1,-2.1618728149538297e+27,-2.1618728149592212e+27,-2.1618726023876379e+27,4.1590339328587186e+19,2.1257158329028837e+20,0,-2.1618728149538297e+27,4720.1625555241835,4720.1620914140976,0,0,4720.1625555241835,0,1,4720.1625555241835,0
n17_vd_1_vg_0p8,sentaurus,993,internal,2088,electron,984,993,993,993,1,1,6.4696812499999939e-10,9.9999999999999995e-08,59.093479596182618,590934795.96182644,0.00043334294940831805,-0.00021805795347162871,1.0006731441309245,0.99932715781559334,3.225440578118427e+26,3.2297801236307291e+26,8.2651790611653493e+19,0.0069804743898656922,-1,2.1618696178398297e+27,2.1618696178452104e+27,2.1618694052742962e+27,-4.1590339328587186e+19,-2.1257091423746287e+20,0,2.1618696178398297e+27,-4720.1555750498082,-4720.1551109411585,0,0,-4720.1555750498082,0,1,-4720.1555750498082,0
n17_vd_1_vg_0p8,sentaurus,993,internal,2112,electron,992,993,993,992,1,0,6.9505500000000106e-08,3.6410894004419148e-10,0.65963502108599026,-6596350.2108599031,0.00043447270070526864,1.4683352311806175e-06,1.0030761663687924,0.99693012925594293,3.2099963437264491e+26,3.2297801236307291e+26,3359971587989325.5,2.8377117358336967e-07,-1,-7.3284666068679447e+22,-7.3284666068862201e+22,-7.328466602856592e+22,11355292634962.061,40296280752128,0,-7.3284666068679447e+22,0.16000734838735736,0.16000734829977481,0,0,0.16000734838735736,0,1,0.16000734838735736,0
n17_vd_1_vg_0p8,sentaurus,993,internal,2112,electron,992,993,993,993,1,1,6.9505500000000106e-08,3.6410894004419148e-10,0.65963502108599026,6596350.2108599013,0.00043447270070526864,-1.4683352311806175e-06,1.0030761663687924,0.99693012925594293,3.2099963437264491e+26,3.2297801236307291e+26,3359971587989325.5,2.8377117358336967e-07,-1,7.3284536099175448e+22,7.3284536099357824e+22,7.3284536059061686e+22,-11355292634962.061,-40296138145792,0,7.3284536099175448e+22,-0.16000706461618366,-0.16000706452860058,0,0,-0.16000706461618366,0,1,-0.16000706461618366,0
n17_vd_1_vg_0p8,sentaurus,993,contact_cut,2114,electron,993,994,993,993,0,0,8.1249755088383561e-11,9.9999999999999995e-08,59.094102953149715,-590941029.53149629,0.00043302859827903934,0.00027364223598169701,1.0000433159563609,0.99995668529445092,3.2297801236307291e+26,3.2300593338353824e+26,8.2651825916258796e+19,0.0069804773715662861,1,-1.721417792957336e+28,-1.7214177929616331e+28,-1.721415814891602e+28,5.2229877060269449e+19,1.9780700310766229e+22,0,-1.721417792957336e+28,-37584.87433916796,-37584.831150726226,0,0,-37584.87433916796,0,1,-37584.87433916796,0
n17_vd_1_vg_0p8,sentaurus,993,contact_cut,2114,electron,993,994,993,994,0,1,8.1249755088383561e-11,9.9999999999999995e-08,59.094102953149715,590941029.53149629,0.00043302859827903934,-0.00027364223598169701,1.0000433159563609,0.99995668529445092,3.2297801236307291e+26,3.2300593338353824e+26,8.2651825916258796e+19,0.0069804773715662861,1,1.7214174732457946e+28,1.721417473250084e+28,1.7214154951808402e+28,-5.2229877060269449e+19,-1.9780692438262974e+22,0,1.7214174732457946e+28,37584.867358690492,37584.824170265783,0,1,37584.867358690492,0,1,37584.867358690492,0
n17_vd_1_vg_0p8,sentaurus,993,internal,2115,electron,993,996,993,993,0,0,1.3049449999999989e-07,3.6410894004419148e-10,0.030500281757039331,-305002.81757039245,0.00043285631334619759,6.31183993959894e-08,1.0003386039924402,0.99966147242541892,3.2297801236307291e+26,3.2319673527259148e+26,155309815207956.44,1.311691107392724e-08,1,-3.9021402744779167e+22,-3.9021402744876291e+22,-3.902140273232216e+22,22647023144.08144,12554130685952,0,-3.9021402744779167e+22,-0.085198057362994711,-0.085198057335796482,0,0,-0.085198057362994711,0,1,-0.085198057362994711,0
n17_vd_1_vg_0p8,sentaurus,993,internal,2115,electron,993,996,993,996,0,1,1.3049449999999989e-07,3.6410894004419148e-10,0.030500281757039331,305002.81757039245,0.00043285631334619759,-6.31183993959894e-08,1.0003386039924402,0.99966147242541892,3.2297801236307291e+26,3.2319673527259148e+26,155309815207956.44,1.311691107392724e-08,1,3.9021396737127308e+22,3.9021396737224272e+22,3.9021396724670133e+22,-22647023144.08144,-12554139074560,0,3.9021396737127308e+22,0.085198044246083696,0.085198044218885105,0,0,0.085198044246083696,0,1,0.085198044246083696,0
n17_vd_1_vg_0p8,sentaurus,996,internal,2085,electron,983,996,996,983,1,0,6.4696812499999939e-10,6.5247249999999943e-08,10.1051883209573,-101051883.20957281,0.0004330187963633904,3.7319353385356635e-05,1.0006779444413381,0.99932236182602363,3.227589938394286e+26,3.2319673527259148e+26,9.2211693441378007e+18,0.00077878695639889677,-1,-1.4104534484386355e+27,-1.4104534484421666e+27,-1.4104532880759509e+27,7.9471856711573965e+17,1.6036621567523396e+20,0,-1.4104534484386355e+27,3079.5380318301427,3079.5376816994903,0,0,3079.5380318301427,0,1,3079.5380318301427,0
n17_vd_1_vg_0p8,sentaurus,996,internal,2085,electron,983,996,996,996,1,1,6.4696812499999939e-10,6.5247249999999943e-08,10.1051883209573,101051883.20957281,0.0004330187963633904,-3.7319353385356635e-05,1.0006779444413381,0.99932236182602363,3.227589938394286e+26,3.2319673527259148e+26,9.2211693441378007e+18,0.00077878695639889677,-1,1.4104530917478833e+27,1.4104530917514012e+27,1.4104529313852724e+27,-7.9471856711573965e+17,-1.6036612881381537e+20,0,1.4104530917478833e+27,-3079.5372530431946,-3079.5369029127028,0,0,-3079.5372530431946,0,1,-3079.5372530431946,0
n17_vd_1_vg_0p8,sentaurus,996,internal,2115,electron,993,996,996,993,1,0,1.3049449999999989e-07,3.6410894004419148e-10,0.030500281757039331,-305002.81757039245,0.00043285631334619759,6.31183993959894e-08,1.0003386039924402,0.99966147242541892,3.2297801236307291e+26,3.2319673527259148e+26,155309815207956.44,1.311691107392724e-08,-1,-3.9021402744779167e+22,-3.9021402744876291e+22,-3.902140273232216e+22,22647023144.08144,12554130685952,0,-3.9021402744779167e+22,0.085198057362994711,0.085198057335796482,0,0,0.085198057362994711,0,1,0.085198057362994711,0
n17_vd_1_vg_0p8,sentaurus,996,internal,2115,electron,993,996,996,996,1,1,1.3049449999999989e-07,3.6410894004419148e-10,0.030500281757039331,305002.81757039245,0.00043285631334619759,-6.31183993959894e-08,1.0003386039924402,0.99966147242541892,3.2297801236307291e+26,3.2319673527259148e+26,155309815207956.44,1.311691107392724e-08,-1,3.9021396737127308e+22,3.9021396737224272e+22,3.9021396724670133e+22,-22647023144.08144,-12554139074560,0,3.9021396737127308e+22,-0.085198044246083696,-0.085198044218885105,0,0,-0.085198044246083696,0,1,-0.085198044246083696,0
n17_vd_1_vg_0p8,sentaurus,996,contact_cut,2118,electron,995,996,996,995,1,0,8.1249755088383561e-11,6.5247249999999943e-08,10.107870554130152,101078705.54130293,0.00043270209176434583,-4.6732981928698791e-05,0.99995645318512205,1.0000435480791312,3.2322487501568281e+26,3.2319673527259148e+26,-9.223521166694783e+18,-0.00077898558291390676,-1,-1.1230911623459686e+28,-1.1230911623487697e+28,-1.1230898369294993e+28,9.961649278018016e+17,1.3254192703378335e+22,0,-1.1230911623459686e+28,24521.205939021846,24521.177000311181,0,1,24521.205939021846,0,1,24521.205939021846,0
n17_vd_1_vg_0p8,sentaurus,996,contact_cut,2118,electron,995,996,996,996,1,1,8.1249755088383561e-11,6.5247249999999943e-08,10.107870554130152,-101078705.54130293,0.00043270209176434583,4.6732981928698791e-05,0.99995645318512205,1.0000435480791312,3.2322487501568281e+26,3.2319673527259148e+26,-9.223521166694783e+18,-0.00077898558291390676,-1,1.1230911980241438e+28,1.1230911980269423e+28,1.1230898726075831e+28,-9.961649278018016e+17,-1.325419359178373e+22,0,1.1230911980241438e+28,-24521.206718007485,-24521.177779294823,0,0,-24521.206718007485,0,1,-24521.206718007485,0
n17_vd_1_vg_0p8,sentaurus,998,internal,2108,electron,991,998,998,991,1,0,8.1249755088383561e-11,3.8864649999999965e-08,0.38816366168109667,-3881636.616811513,0.00043678671312558797,1.8305632565329688e-06,1.0000097031600208,0.99999029690274621,3.2044292520347521e+26,3.2044914347073055e+26,2.1115139607172982e+17,1.7833091113397846e-05,-1,-6.6950992709050426e+27,-6.6950992709217002e+27,-6.6950912495692462e+27,884930735297829,8.0213524540370799e+21,0,-6.6950992709050426e+27,14617.861266143982,14617.843752621166,0,0,14617.861266143982,0,1,14617.861266143982,0
n17_vd_1_vg_0p8,sentaurus,998,internal,2108,electron,991,998,998,998,1,1,8.1249755088383561e-11,3.8864649999999965e-08,0.38816366168109667,3881636.616811513,0.00043678671312558797,-1.8305632565329688e-06,1.0000097031600208,0.99999029690274621,3.2044292520347521e+26,3.2044914347073055e+26,2.1115139607172982e+17,1.7833091113397846e-05,-1,6.6950992627373293e+27,6.6950992627539979e+27,6.6950912414015427e+27,-884930735297829,-8.0213524551365915e+21,0,6.6950992627373293e+27,-14617.861248310865,-14617.843734788068,0,0,-14617.861248310865,0,1,-14617.861248310865,0
n17_vd_1_vg_0p8,sentaurus,998,contact_cut,2109,electron,997,998,998,997,1,0,1.8448199999999969e-08,4.0624877544191781e-11,1175.76023341678,54205830.3791162,0.00043631918891031004,-2.5378811940868218e-05,0.99868001992046052,1.0013211426676318,3.2102714249382752e+26,3.2044914347073055e+26,-6.6844467224916211e+17,-5.6454444376182104e-05,-1,-3.0804239708312524e+22,-3.0804239708391041e+22,-3.0804200827768323e+22,38880553642975288,38880622717960192,0,-3.0804239708312524e+22,0.067256971740806706,0.067256886850295294,0,1,0.067256971740806706,0,1,0.067256971740806706,0
n17_vd_1_vg_0p8,sentaurus,998,contact_cut,2109,electron,997,998,998,998,1,1,1.8448199999999969e-08,4.0624877544191781e-11,1175.76023341678,-54205830.379114419,0.00043631918891031004,2.5378811940868218e-05,0.99868001992046052,1.0013211426676318,3.2102714249382752e+26,3.2044914347073055e+26,-6.6844467224916211e+17,-5.6454444376182104e-05,-1,3.0830096302687121e+22,3.083009630274944e+22,3.0830057422173443e+22,-38880553642975288,-38880575997607936,0,3.0830096302687121e+22,-0.067313426185182962,-0.067313341294738191,0,0,-0.067313426185182962,0,1,-0.067313426185182962,0
n17_vd_1_vg_0p8,sentaurus,998,internal,2274,electron,998,1055,998,998,0,0,5.9281099999999972e-08,4.0624877544191781e-11,801.75363406233635,16868782.799239315,0.00046148022992160124,-8.5258258231135642e-06,0.94765296732632143,1.0542401453332693,3.2044914347073055e+26,2.8858073896488116e+26,-4.5687125047651494e+17,-3.8585710482690595e-05,1,-9.6036727642732217e+21,-9.6036727642899213e+21,-9.6036643236080014e+21,8440675141842144,8440681919938560,0,-9.6036727642732217e+21,-0.020968345715748318,-0.020968327286675321,0,0,-0.020968345715748318,0,1,-0.020968345715748318,0
n17_vd_1_vg_0p8,sentaurus,998,internal,2274,electron,998,1055,998,1055,0,1,5.9281099999999972e-08,4.0624877544191781e-11,801.75363406233635,-16868782.799239315,0.00046148022992160124,8.5258258231135642e-06,0.94765296732632143,1.0542401453332693,3.2044914347073055e+26,2.8858073896488116e+26,-4.5687125047651494e+17,-3.8585710482690595e-05,1,9.6213453332911091e+21,9.6213453333129614e+21,9.6213368926313602e+21,-8440675141842144,-8440681601171456,0,9.6213453332911091e+21,0.021006931426230981,0.021006912997169929,0,0,0.021006931426230981,0,1,0.021006931426230981,0
n17_vd_1_vg_2p5,baseline,991,internal,2091,electron,986,991,991,986,1,0,6.4696812499999939e-10,3.8864649999999965e-08,199.35943973680884,-1545671202.8905091,0.00043709379402219874,0.00059144559960699894,1.000628141743088,0.99937212118817753,3.2004664676448047e+26,3.2044728572806687e+26,1.0845538404123471e+20,0.0091597535291164534,-1,-8.4087707265347249e+26,-8.4087707265604714e+26,-8.4087692048531392e+26,1.4675445069718295e+20,1.5217073321616081e+20,0,-8.4087707265347249e+26,1835.9435599926703,1835.9432277536785,0,0,1835.9435599926703,0,1,1835.9435599926703,0
n17_vd_1_vg_2p5,baseline,991,internal,2091,electron,986,991,991,991,1,1,6.4696812499999939e-10,3.8864649999999965e-08,199.35943973680884,1545671202.8905091,0.00043709379402219874,-0.00059144559960699894,1.000628141743088,0.99937212118817753,3.2004664676448047e+26,3.2044728572806687e+26,1.0845538404123471e+20,0.0091597535291164534,-1,8.4087287741190463e+26,8.4087287741447777e+26,8.408727252442117e+26,-1.4675445069718295e+20,-1.5217026606115796e+20,0,8.4087287741190463e+26,-1835.9344002391349,-1835.9340680011599,0,0,-1835.9344002391349,0,1,-1835.9344002391349,0
n17_vd_1_vg_2p5,baseline,991,internal,2092,electron,991,992,991,991,0,0,1.8448199999999969e-08,3.6410894004419148e-10,59326.615679854898,-54205830.379146397,0.00043619570561141354,3.888943567176284e-05,1.0221874681148049,0.9781359442183809,3.2044728572806687e+26,3.2099750482789285e+26,3.021960251497144e+20,0.025522394598664205,1,-2.8199790334703735e+23,-2.8199790334672898e+23,-2.8197096077197315e+23,2.6942568964197376e+19,2.6942574755835806e+19,0,-2.8199790334703735e+23,-0.61570501969767399,-0.61564619415849897,0,0,-0.61570501969767399,0,1,-0.61570501969767399,0
n17_vd_1_vg_2p5,baseline,991,internal,2092,electron,991,992,991,992,0,1,1.8448199999999969e-08,3.6410894004419148e-10,59326.615679854898,54205830.379146397,0.00043619570561141354,-3.888943567176284e-05,1.0221874681148049,0.9781359442183809,3.2044728572806687e+26,3.2099750482789285e+26,3.021960251497144e+20,0.025522394598664205,1,2.703084391800042e+23,2.7030843917631489e+23,2.7028149660123136e+23,-2.6942568964197376e+19,-2.6942575083528389e+19,0,2.703084391800042e+23,0.59018262509901209,0.59012379955173977,0,0,0.59018262509901209,0,1,0.59018262509901209,0
n17_vd_1_vg_2p5,baseline,991,internal,2108,electron,991,998,991,991,0,0,8.1249755088383561e-11,3.8864649999999965e-08,20.140314012127888,-201403140.12127903,0.000436782562027513,9.4978553910607388e-05,1.0000099964664331,0.99999000360018619,3.2044728572806687e+26,3.2045367216756157e+26,1.0955878689420044e+19,0.00092529429845394071,1,-6.6951287110034355e+27,-6.6951287110239326e+27,-6.6951207700084875e+27,2.3823604814049567e+18,7.9410154450830219e+21,0,-6.6951287110034355e+27,-14617.925544694092,-14617.908206584862,0,0,-14617.925544694092,0,1,-14617.925544694092,0
n17_vd_1_vg_2p5,baseline,991,internal,2108,electron,991,998,991,998,0,1,8.1249755088383561e-11,3.8864649999999965e-08,20.140314012127888,201403140.12127903,0.000436782562027513,-9.4978553910607388e-05,1.0000099964664331,0.99999000360018619,3.2044728572806687e+26,3.2045367216756157e+26,1.0955878689420044e+19,0.00092529429845394071,1,6.6951282872111173e+27,6.6951282872316716e+27,6.6951203462172909e+27,-2.3823604814049567e+18,-7.9410143807557662e+21,0,6.6951282872111173e+27,14617.924619399773,14617.907281292992,0,0,14617.924619399773,0,1,14617.924619399773,0
n17_vd_1_vg_2p5,baseline,991,internal,2110,electron,991,999,991,991,0,0,5.9281099999999972e-08,3.6410894004419148e-10,41022.647094758693,16868782.799207337,0.00046160539288155977,-1.3099779483383145e-05,0.90385806726540208,1.1027292140439044,3.2044728572806687e+26,2.885635911107654e+26,-2.0939660577289549e+20,-0.017684887805883891,1,-8.211883862314063e+22,-8.2118838625894408e+22,-8.2112896210534402e+22,5.9424118576051067e+18,5.9424153600062915e+18,0,-8.211883862314063e+22,-0.17929559245619156,-0.17928261798642658,0,0,-0.17929559245619156,0,1,-0.17929559245619156,0
n17_vd_1_vg_2p5,baseline,991,internal,2110,electron,991,999,991,999,0,1,5.9281099999999972e-08,3.6410894004419148e-10,41022.647094758693,-16868782.799207337,0.00046160539288155977,1.3099779483383145e-05,0.90385806726540208,1.1027292140439044,3.2044728572806687e+26,2.885635911107654e+26,-2.0939660577289549e+20,-0.017684887805883891,1,9.0218660977416291e+22,9.021866098278401e+22,9.0212718567260158e+22,-5.9424118576051067e+18,-5.9424155238525829e+18,0,9.0218660977416291e+22,0.19698048026207585,0.19696750579766031,0,0,0.19698048026207585,0,1,0.19698048026207585,0
n17_vd_1_vg_2p5,baseline,992,internal,2092,electron,991,992,992,991,1,0,1.8448199999999969e-08,3.6410894004419148e-10,59326.615679854898,-54205830.379146397,0.00043619570561141354,3.888943567176284e-05,1.0221874681148049,0.9781359442183809,3.2044728572806687e+26,3.2099750482789285e+26,3.021960251497144e+20,0.025522394598664205,-1,-2.8199790334703735e+23,-2.8199790334672898e+23,-2.8197096077197315e+23,2.6942568964197376e+19,2.6942574755835806e+19,0,-2.8199790334703735e+23,0.61570501969767399,0.61564619415849897,0,0,0.61570501969767399,0,1,0.61570501969767399,0
n17_vd_1_vg_2p5,baseline,992,internal,2092,electron,991,992,992,992,1,1,1.8448199999999969e-08,3.6410894004419148e-10,59326.615679854898,54205830.379146397,0.00043619570561141354,-3.888943567176284e-05,1.0221874681148049,0.9781359442183809,3.2044728572806687e+26,3.2099750482789285e+26,3.021960251497144e+20,0.025522394598664205,-1,2.703084391800042e+23,2.7030843917631489e+23,2.7028149660123136e+23,-2.6942568964197376e+19,-2.6942575083528389e+19,0,2.703084391800042e+23,-0.59018262509901209,-0.59012379955173977,0,0,-0.59018262509901209,0,1,-0.59018262509901209,0
n17_vd_1_vg_2p5,baseline,992,internal,2094,electron,985,992,992,985,1,0,6.4696812499999939e-10,4.3976850000000036e-08,30971.71874686603,-1545671202.889622,0.00043628805347792121,0.0010335404634354006,1.0010510532223929,0.99894968273720586,3.2057205539201328e+26,3.2099750482789285e+26,1.9062345483243731e+22,1.6099374674381637,-1,-9.5169205529379628e+26,-9.5169205529646988e+26,-9.5164689767133617e+26,4.5157563283851109e+22,4.5157625133702012e+22,0,-9.5169205529379628e+26,2077.8933768513875,2077.7947811721419,0,0,2077.8933768513875,0,1,2077.8933768513875,0
n17_vd_1_vg_2p5,baseline,992,internal,2094,electron,985,992,992,992,1,1,6.4696812499999939e-10,4.3976850000000036e-08,30971.71874686603,1545671202.889622,0.00043628805347792121,-0.0010335404634354006,1.0010510532223929,0.99894968273720586,3.2057205539201328e+26,3.2099750482789285e+26,1.9062345483243731e+22,1.6099374674381637,-1,9.5095469084846833e+26,9.5095469085158284e+26,9.5090953322735073e+26,-4.5157563283851109e+22,-4.5157624232102477e+22,0,9.5095469084846833e+26,-2076.283439383958,-2076.1848437076437,0,0,-2076.283439383958,0,1,-2076.283439383958,0
n17_vd_1_vg_2p5,baseline,992,contact_cut,2107,electron,992,997,992,992,0,0,8.1249755088383561e-11,4.3976850000000036e-08,31452.367996809193,-12307729406.841873,0.00043597581576638604,0.0082309691080695302,1.0000939312177302,0.99990607466395054,3.2099750482789285e+26,3.2102607664560187e+26,1.9358016198649773e+22,1.6349087577326795,1,-7.5754232951420774e+27,-7.5754232951606031e+27,-7.5750577965977461e+27,3.6546805479222794e+23,3.6549856285693284e+23,0,-7.5754232951420774e+27,-16539.932012947262,-16539.133995352924,0,0,-16539.932012947262,0,1,-16539.932012947262,0
n17_vd_1_vg_2p5,baseline,992,contact_cut,2107,electron,992,997,992,997,0,1,8.1249755088383561e-11,4.3976850000000036e-08,31452.367996809193,12307729406.841873,0.00043597581576638604,-0.0082309691080695302,1.0000939312177302,0.99990607466395054,3.2099750482789285e+26,3.2102607664560187e+26,1.9358016198649773e+22,1.6349087577326795,1,7.5746744936428213e+27,7.5746744936618682e+27,7.5743089951573546e+27,-3.6546805479222794e+23,-3.6549850451354734e+23,0,7.5746744936428213e+27,16538.297104189511,16537.499086723699,0,1,16538.297104189511,0,1,16538.297104189511,0
n17_vd_1_vg_2p5,baseline,992,internal,2112,electron,992,993,992,992,0,0,6.9505500000000106e-08,3.6410894004419148e-10,33.33976228705707,-14387350.641316133,0.00043446753956609982,4.5272661175488338e-06,1.0031209917620194,0.99688548848396996,3.2099750482789285e+26,3.2297638729863604e+26,1.6981915943132918e+17,1.4342318352045166e-05,1,-7.3286584220540243e+22,-7.3286584220719205e+22,-7.328658245098736e+22,1769560339011500.8,1769731845521408,0,-7.3286584220540243e+22,-0.16001153641753496,-0.16001153255395095,0,0,-0.16001153641753496,0,1,-0.16001153641753496,0
n17_vd_1_vg_2p5,baseline,992,internal,2112,electron,992,993,992,993,0,1,6.9505500000000106e-08,3.6410894004419148e-10,33.33976228705707,14387350.641316133,0.00043446753956609982,-4.5272661175488338e-06,1.0031209917620194,0.99688548848396996,3.2099750482789285e+26,3.2297638729863604e+26,1.6981915943132918e+17,1.4342318352045166e-05,1,7.3280015322163255e+22,7.3280015322340162e+22,7.3280013552608644e+22,-1769560339011500.8,-1769731518365696,0,7.3280015322163255e+22,0.15999719409918228,0.15999719023559447,0,0,0.15999719409918228,0,1,0.15999719409918228,0
n17_vd_1_vg_2p5,baseline,993,internal,2088,electron,984,993,993,984,1,0,6.4696812499999939e-10,9.9999999999999995e-08,2932.5501708932843,-1545671202.889631,0.00043334161663605207,0.00078798151115222481,1.0007085869667425,0.9992917476055424,3.2254277606296708e+26,3.2297638729863604e+26,4.1016146891401284e+21,0.34640769525691001,-1,-2.1619341458241168e+27,-2.1619341458293156e+27,-2.1619266863882727e+27,7.4583109879964243e+21,7.4594410429493941e+21,0,-2.1619341458241168e+27,4720.296463344951,4720.2801766561533,0,0,4720.296463344951,0,1,4720.296463344951,0
n17_vd_1_vg_2p5,baseline,993,internal,2088,electron,984,993,993,993,1,1,6.4696812499999939e-10,9.9999999999999995e-08,2932.5501708932843,1545671202.8896344,0.00043334161663605207,-0.00078798151115222481,1.0007085869667425,0.9992917476055424,3.2254277606296708e+26,3.2297638729863604e+26,4.1016146891401284e+21,0.34640769525691001,-1,2.1617754882841505e+27,2.1617754882894727e+27,2.1617680288500287e+27,-7.4583109879964243e+21,-7.4594394439846094e+21,0,2.1617754882841505e+27,-4719.9500556496787,-4719.9337689646418,0,0,-4719.9500556496787,0,1,-4719.9500556496787,0
n17_vd_1_vg_2p5,baseline,993,internal,2112,electron,992,993,993,992,1,0,6.9505500000000106e-08,3.6410894004419148e-10,33.33976228705707,-14387350.641316133,0.00043446753956609982,4.5272661175488338e-06,1.0031209917620194,0.99688548848396996,3.2099750482789285e+26,3.2297638729863604e+26,1.6981915943132918e+17,1.4342318352045166e-05,-1,-7.3286584220540243e+22,-7.3286584220719205e+22,-7.328658245098736e+22,1769560339011500.8,1769731845521408,0,-7.3286584220540243e+22,0.16001153641753496,0.16001153255395095,0,0,0.16001153641753496,0,1,0.16001153641753496,0
n17_vd_1_vg_2p5,baseline,993,internal,2112,electron,992,993,993,993,1,1,6.9505500000000106e-08,3.6410894004419148e-10,33.33976228705707,14387350.641316133,0.00043446753956609982,-4.5272661175488338e-06,1.0031209917620194,0.99688548848396996,3.2099750482789285e+26,3.2297638729863604e+26,1.6981915943132918e+17,1.4342318352045166e-05,-1,7.3280015322163255e+22,7.3280015322340162e+22,7.3280013552608644e+22,-1769560339011500.8,-1769731518365696,0,7.3280015322163255e+22,-0.15999719409918228,-0.15999719023559447,0,0,-0.15999719409918228,0,1,-0.15999719409918228,0
n17_vd_1_vg_2p5,baseline,993,contact_cut,2114,electron,993,994,993,993,0,0,8.1249755088383561e-11,9.9999999999999995e-08,2931.7054406908292,-12307729406.841892,0.00043302727007922483,0.0062461466425745016,1.0000486864909084,0.99995131508929003,3.2297638729863604e+26,3.2300486131251713e+26,4.1003931130004903e+21,0.34630452530868611,1,-1.7214130961353865e+28,-1.7214130961396918e+28,-1.7214071230836064e+28,5.9145597623257822e+22,5.9730560853297993e+22,0,-1.7214130961353865e+28,-37584.77179029023,-37584.64137662686,0,0,-37584.77179029023,0,1,-37584.77179029023,0
n17_vd_1_vg_2p5,baseline,993,contact_cut,2114,electron,993,994,993,994,0,1,8.1249755088383561e-11,9.9999999999999995e-08,2931.7054406908292,12307729406.841892,0.00043302727007922483,-0.0062461466425745016,1.0000486864909084,0.99995131508929003,3.2297638729863604e+26,3.2300486131251713e+26,4.1003931130004903e+21,0.34630452530868611,1,1.7213972351066642e+28,1.7213972351109609e+28,1.7213912620650196e+28,-5.9145597623257822e+22,-5.9730459412355214e+22,0,1.7213972351066642e+28,37584.425485765059,37584.295072322981,0,1,37584.425485765059,0,1,37584.425485765059,0
n17_vd_1_vg_2p5,baseline,993,internal,2115,electron,993,996,993,993,0,0,1.3049449999999989e-07,3.6410894004419148e-10,1.5223985670129878,-7663158.2173961429,0.00043285556689602416,1.7015269193620952e-06,1.00034575021387,0.9996543294632384,3.2297638729863604e+26,3.2319729341305379e+26,7752146140619231,6.5471851487581628e-07,1,-3.9021417876713841e+22,-3.9021417876810939e+22,-3.9021417845898265e+22,30473179392564.148,30912674791424,0,-3.9021417876713841e+22,-0.085198090401567075,-0.085198090334285353,0,0,-0.085198090401567075,0,1,-0.085198090401567075,0
n17_vd_1_vg_2p5,baseline,993,internal,2115,electron,993,996,993,996,0,1,1.3049449999999989e-07,3.6410894004419148e-10,1.5223985670129878,7663158.2173961429,0.00043285556689602416,-1.7015269193620952e-06,1.00034575021387,0.9996543294632384,3.2297638729863604e+26,3.2319729341305379e+26,7752146140619231,6.5471851487581628e-07,1,3.9021118010312786e+22,3.9021118010409339e+22,3.9021117979496731e+22,-30473179392564.148,-30912607682560,0,3.9021118010312786e+22,0.085197435683052589,0.085197435615769812,0,0,0.085197435683052589,0,1,0.085197435683052589,0
n17_vd_1_vg_2p5,baseline,996,internal,2085,electron,983,996,996,983,1,0,6.4696812499999939e-10,6.5247249999999943e-08,486.74570738309961,-1545671202.8896334,0.00043301861509283698,0.00064581602110536096,1.000685492529136,0.99931482059444654,3.2275853098651816e+26,3.2319729341305379e+26,4.4416424745888986e+20,0.037512522491480016,-1,-1.4104614743264123e+27,-1.4104614743299296e+27,-1.4104608081901928e+27,6.6243892759589185e+20,6.6613973678899069e+20,0,-1.4104614743264123e+27,3079.5555552916048,3079.5541008715213,0,0,3079.5555552916048,0,1,3079.5555552916048,0
n17_vd_1_vg_2p5,baseline,996,internal,2085,electron,983,996,996,996,1,1,6.4696812499999939e-10,6.5247249999999943e-08,486.74570738309961,1545671202.8896334,0.00043301861509283698,-0.00064581602110536096,1.000685492529136,0.99931482059444654,3.2275853098651816e+26,3.2319729341305379e+26,4.4416424745888986e+20,0.037512522491480016,-1,1.4104442932862176e+27,1.4104442932897349e+27,1.4104436271508569e+27,-6.6243892759589185e+20,-6.661388780704094e+20,0,1.4104442932862176e+27,-3079.5180427691148,-3079.5165883509062,0,0,-3079.5180427691148,0,1,-3079.5180427691148,0
n17_vd_1_vg_2p5,baseline,996,internal,2115,electron,993,996,996,993,1,0,1.3049449999999989e-07,3.6410894004419148e-10,1.5223985670129878,-7663158.2173961429,0.00043285556689602416,1.7015269193620952e-06,1.00034575021387,0.9996543294632384,3.2297638729863604e+26,3.2319729341305379e+26,7752146140619231,6.5471851487581628e-07,-1,-3.9021417876713841e+22,-3.9021417876810939e+22,-3.9021417845898265e+22,30473179392564.148,30912674791424,0,-3.9021417876713841e+22,0.085198090401567075,0.085198090334285353,0,0,0.085198090401567075,0,1,0.085198090401567075,0
n17_vd_1_vg_2p5,baseline,996,internal,2115,electron,993,996,996,996,1,1,1.3049449999999989e-07,3.6410894004419148e-10,1.5223985670129878,7663158.2173961429,0.00043285556689602416,-1.7015269193620952e-06,1.00034575021387,0.9996543294632384,3.2297638729863604e+26,3.2319729341305379e+26,7752146140619231,6.5471851487581628e-07,-1,3.9021118010312786e+22,3.9021118010409339e+22,3.9021117979496731e+22,-30473179392564.148,-30912607682560,0,3.9021118010312786e+22,-0.085197435683052589,-0.085197435615769812,0,0,-0.085197435683052589,0,1,-0.085197435683052589,0
n17_vd_1_vg_2p5,baseline,996,contact_cut,2118,electron,995,996,996,995,1,0,8.1249755088383561e-11,6.5247249999999943e-08,486.59481128685604,4865948112.8685617,0.00043270191090190606,-0.0022437829447774504,0.99995822729737227,1.0000417738659657,3.2322380225627657e+26,3.2319729341305379e+26,-4.440215245236608e+20,-0.037500468623235417,-1,-1.1230889580264561e+28,-1.1230889580292682e+28,-1.1230878589954622e+28,2.3024809891956594e+21,1.099033805971043e+22,0,-1.1230889580264561e+28,24521.157810628949,24521.133814744877,0,1,24521.157810628949,0,1,24521.157810628949,0
n17_vd_1_vg_2p5,baseline,996,contact_cut,2118,electron,995,996,996,996,1,1,8.1249755088383561e-11,6.5247249999999943e-08,486.59481128685604,-4865948112.8685617,0.00043270191090190606,0.0022437829447774504,0.99995822729737227,1.0000417738659657,3.2322380225627657e+26,3.2319729341305379e+26,-4.440215245236608e+20,-0.037500468623235417,-1,1.1230906755784024e+28,1.1230906755812018e+28,1.12308957654382e+28,-2.3024809891956594e+21,-1.0990373818027588e+22,0,1.1230906755784024e+28,-24521.195311097654,-24521.171315135231,0,0,-24521.195311097654,0,1,-24521.195311097654,0
n17_vd_1_vg_2p5,baseline,998,internal,2108,electron,991,998,998,991,1,0,8.1249755088383561e-11,3.8864649999999965e-08,20.140314012127888,-201403140.12127903,0.000436782562027513,9.4978553910607388e-05,1.0000099964664331,0.99999000360018619,3.2044728572806687e+26,3.2045367216756157e+26,1.0955878689420044e+19,0.00092529429845394071,-1,-6.6951287110034355e+27,-6.6951287110239326e+27,-6.6951207700084875e+27,2.3823604814049567e+18,7.9410154450830219e+21,0,-6.6951287110034355e+27,14617.925544694092,14617.908206584862,0,0,14617.925544694092,0,1,14617.925544694092,0
n17_vd_1_vg_2p5,baseline,998,internal,2108,electron,991,998,998,998,1,1,8.1249755088383561e-11,3.8864649999999965e-08,20.140314012127888,201403140.12127903,0.000436782562027513,-9.4978553910607388e-05,1.0000099964664331,0.99999000360018619,3.2044728572806687e+26,3.2045367216756157e+26,1.0955878689420044e+19,0.00092529429845394071,-1,6.6951282872111173e+27,6.6951282872316716e+27,6.6951203462172909e+27,-2.3823604814049567e+18,-7.9410143807557662e+21,0,6.6951282872111173e+27,-14617.924619399773,-14617.907281292992,0,0,-14617.924619399773,0,1,-14617.924619399773,0
n17_vd_1_vg_2p5,baseline,998,contact_cut,2109,electron,997,998,998,997,1,0,1.8448199999999969e-08,4.0624877544191781e-11,59465.049825251721,54205830.379146397,0.00043600755449132506,-3.8863938289779298e-05,0.97805324708450192,1.0222726346684587,3.2102607664560187e+26,3.2045367216756157e+26,-3.3782971726635581e+19,-0.0028531888687005264,-1,-3.0146360704333131e+22,-3.0146360704778243e+22,-3.0143349428654082e+22,3.0112765590978918e+18,3.0112761241613107e+18,0,-3.0146360704333131e+22,0.065820580192159847,0.065814005471109521,0,1,0.065820580192159847,0,1,0.065820580192159847,0
n17_vd_1_vg_2p5,baseline,998,contact_cut,2109,electron,997,998,998,998,1,1,1.8448199999999969e-08,4.0624877544191781e-11,59465.049825251721,-54205830.379146397,0.00043600755449132506,3.8863938289779298e-05,0.97805324708450192,1.0222726346684587,3.2102607664560187e+26,3.2045367216756157e+26,-3.3782971726635581e+19,-0.0028531888687005264,-1,3.1453144396338215e+22,3.1453144396001282e+22,3.1450133119836159e+22,-3.0112765590978918e+18,-3.0112761651228836e+18,0,3.1453144396338215e+22,-0.068673769060860146,-0.068667194338012896,0,0,-0.068673769060860146,0,1,-0.068673769060860146,0
n17_vd_1_vg_2p5,baseline,998,internal,2274,electron,998,1055,998,998,0,0,5.9281099999999972e-08,4.0624877544191781e-11,41022.674780582427,16868782.799264185,0.00046108807295198312,-1.3068837567686842e-05,0.90385801464952031,1.1027292741203729,3.2045367216756157e+26,2.8856932791630322e+26,-2.3337391492584006e+19,-0.0019709925512162245,1,-9.152192909795554e+21,-9.15219290988544e+21,-9.1515314470297608e+21,6.6146273686384973e+17,6.6146285567921357e+17,0,-9.152192909795554e+21,-0.019982599334676169,-0.019981155118458927,0,0,-0.019982599334676169,0,1,-0.019982599334676169,0
n17_vd_1_vg_2p5,baseline,998,internal,2274,electron,998,1055,998,1055,0,1,5.9281099999999972e-08,4.0624877544191781e-11,41022.674780582427,-16868782.799207337,0.00046108807295198312,1.3068837567686842e-05,0.90385801464952031,1.1027292741203729,3.2045367216756157e+26,2.8856932791630322e+26,-2.3337391492584006e+19,-0.0019709925512162245,1,1.0054923518080243e+22,1.0054923517603841e+22,1.005426205474816e+22,-6.6146273686384973e+17,-6.6146285568131072e+17,0,1.0054923518080243e+22,0.021953591885892444,0.021952147668438785,0,0,0.021953591885892444,0,1,0.021953591885892444,0
n17_vd_1_vg_2p5,sentaurus,991,internal,2091,electron,986,991,991,986,1,0,6.4696812499999939e-10,3.8864649999999965e-08,193.35029965141973,-1545671202.8905091,0.00043709383138346045,0.00058888282161717598,1.0006208214146282,0.99937943542522756,3.2004692567146902e+26,3.2044292359705162e+26,1.0518563487242161e+20,0.0088836022181130788,-1,-8.4087172567910404e+26,-8.4087172568167909e+26,-8.4087157835113075e+26,1.4171330961411857e+20,1.4733054834051645e+20,0,-8.4087172567910404e+26,1835.9318855833226,1835.9315639122335,0,0,1835.9318855833226,0,1,1835.9318855833226,0
n17_vd_1_vg_2p5,sentaurus,991,internal,2091,electron,986,991,991,991,1,1,6.4696812499999939e-10,3.8864649999999965e-08,193.35029965141973,1545671202.8905091,0.00043709383138346045,-0.00058888282161717598,1.0006208214146282,0.99937943542522756,3.2004692567146902e+26,3.2044292359705162e+26,1.0518563487242161e+20,0.0088836022181130788,-1,8.4086765691708414e+26,8.4086765691966098e+26,8.4086750958957773e+26,-1.4171330961411857e+20,-1.4733008324709791e+20,0,8.4086765691708414e+26,-1835.9230019811048,-1835.922680311035,0,0,-1835.9230019811048,0,1,-1835.9230019811048,0
n17_vd_1_vg_2p5,sentaurus,991,internal,2092,electron,991,992,991,991,0,0,1.8448199999999969e-08,3.6410894004419148e-10,59086.424187185592,-54205830.379146397,0.00043619620173659723,3.8872335572648353e-05,1.0221107784549783,0.97821041816700749,3.2044292359705162e+26,3.209996318589362e+26,3.00971821433601e+20,0.025419002734736417,1,-2.8197322870972074e+23,-2.8197322870784001e+23,-2.8194640711483392e+23,2.6821594489130881e+19,2.6821593006088389e+19,0,-2.8197322870972074e+23,-0.61565114589976722,-0.61559258450476351,0,0,-0.61565114589976722,0,1,-0.61565114589976722,0
n17_vd_1_vg_2p5,sentaurus,991,internal,2092,electron,991,992,991,992,0,1,1.8448199999999969e-08,3.6410894004419148e-10,59086.424187185592,54205830.379146397,0.00043619620173659723,-3.8872335572648353e-05,1.0221107784549783,0.97821041816700749,3.2044292359705162e+26,3.209996318589362e+26,3.00971821433601e+20,0.025419002734736417,1,2.7033111885671447e+23,2.7033111885152256e+23,2.7030429725818881e+23,-2.6821594489130881e+19,-2.6821593333747417e+19,0,2.7033111885671447e+23,0.59023214316503281,0.59017358176208412,0,0,0.59023214316503281,0,1,0.59023214316503281,0
n17_vd_1_vg_2p5,sentaurus,991,internal,2108,electron,991,998,991,991,0,0,8.1249755088383561e-11,3.8864649999999965e-08,19.398719372269209,-193987193.72269204,0.00043678259819648685,9.1481354935751824e-05,1.0000097333567928,0.99999026670636548,3.2044292359705162e+26,3.2044914207104249e+26,1.0552322316373146e+19,0.00089121137168279613,1,-6.6950363655687009e+27,-6.6950363655891551e+27,-6.6950284214471124e+27,2.2101172235491113e+18,7.9441420427360448e+21,0,-6.6950363655687009e+27,-14617.723920685412,-14617.706575749577,0,0,-14617.723920685412,0,1,-14617.723920685412,0
n17_vd_1_vg_2p5,sentaurus,991,internal,2108,electron,991,998,991,998,0,1,8.1249755088383561e-11,3.8864649999999965e-08,19.398719372269209,193987193.72269204,0.00043678259819648685,-9.1481354935751824e-05,1.0000097333567928,0.99999026670636548,3.2044292359705162e+26,3.2044914207104249e+26,1.0552322316373146e+19,0.00089121137168279613,1,6.6950359573866309e+27,6.69503595740715e+27,6.6950280132661353e+27,-2.2101172235491113e+18,-7.9441410146926728e+21,0,6.6950359573866309e+27,14617.723029474,14617.705684540551,0,0,14617.723029474,0,1,14617.723029474,0
n17_vd_1_vg_2p5,sentaurus,991,internal,2110,electron,991,999,991,991,0,0,5.9281099999999972e-08,3.6410894004419148e-10,40551.285950059115,16868782.799292602,0.00046160687944923499,-1.3083377048417333e-05,0.90438712852026049,1.1021253635801533,3.2044292359705162e+26,2.8857467878931564e+26,-2.0699594657900551e+20,-0.017482136723327407,1,-8.2166051890468814e+22,-8.2166051890462724e+22,-8.2160184986337286e+22,5.8669099988684534e+18,5.8669041254379028e+18,0,-8.2166051890468814e+22,-0.1793986763633599,-0.1793858667563345,0,0,-0.1793986763633599,0,1,-0.1793986763633599,0
n17_vd_1_vg_2p5,sentaurus,991,internal,2110,electron,991,999,991,999,0,1,5.9281099999999972e-08,3.6410894004419148e-10,40551.285950059115,-16868782.799207337,0.00046160687944923499,1.3083377048417333e-05,0.90438712852026049,1.1021253635801533,3.2044292359705162e+26,2.8857467878931564e+26,-2.0699594657900551e+20,-0.017482136723327407,1,9.0173012601013646e+22,9.0173012603535362e+22,9.0167145699409924e+22,-5.8669099988684534e+18,-5.8669041254379028e+18,0,9.0173012601013646e+22,0.19688081308668709,0.1968680034851808,0,0,0.19688081308668709,0,1,0.19688081308668709,0
n17_vd_1_vg_2p5,sentaurus,992,internal,2092,electron,991,992,992,991,1,0,1.8448199999999969e-08,3.6410894004419148e-10,59086.424187185592,-54205830.379146397,0.00043619620173659723,3.8872335572648353e-05,1.0221107784549783,0.97821041816700749,3.2044292359705162e+26,3.209996318589362e+26,3.00971821433601e+20,0.025419002734736417,-1,-2.8197322870972074e+23,-2.8197322870784001e+23,-2.8194640711483392e+23,2.6821594489130881e+19,2.6821593006088389e+19,0,-2.8197322870972074e+23,0.61565114589976722,0.61559258450476351,0,0,0.61565114589976722,0,1,0.61565114589976722,0
n17_vd_1_vg_2p5,sentaurus,992,internal,2092,electron,991,992,992,992,1,1,1.8448199999999969e-08,3.6410894004419148e-10,59086.424187185592,54205830.379146397,0.00043619620173659723,-3.8872335572648353e-05,1.0221107784549783,0.97821041816700749,3.2044292359705162e+26,3.209996318589362e+26,3.00971821433601e+20,0.025419002734736417,-1,2.7033111885671447e+23,2.7033111885152256e+23,2.7030429725818881e+23,-2.6821594489130881e+19,-2.6821593333747417e+19,0,2.7033111885671447e+23,-0.59023214316503281,-0.59017358176208412,0,0,-0.59023214316503281,0,1,-0.59023214316503281,0
n17_vd_1_vg_2p5,sentaurus,992,internal,2094,electron,985,992,992,985,1,0,6.4696812499999939e-10,4.3976850000000036e-08,30878.222991466071,-1545671202.889622,0.00043628812121004136,0.0010332002613466784,1.0010509126813569,0.9989498230815067,3.2057351956641532e+26,3.209996318589362e+26,1.9004910417508779e+22,1.6050867073702195,-1,-9.5169641616846921e+26,-9.5169641617112961e+26,-9.5165140943188794e+26,4.5006676679118239e+22,4.5006739241670436e+22,0,-9.5169641616846921e+26,2077.9028982428395,2077.804632002898,0,0,2077.9028982428395,0,1,2077.9028982428395,0
n17_vd_1_vg_2p5,sentaurus,992,internal,2094,electron,985,992,992,992,1,1,6.4696812499999939e-10,4.3976850000000036e-08,30878.222991466071,1545671202.889622,0.00043628812121004136,-0.0010332002613466784,1.0010509126813569,0.9989498230815067,3.2057351956641532e+26,3.209996318589362e+26,1.9004910417508779e+22,1.6050867073702195,-1,9.5096127341067714e+26,9.5096127341310513e+26,9.5091626667612832e+26,-4.5006676679118239e+22,-4.5006736976813922e+22,0,9.5096127341067714e+26,-2076.2978115354749,-2076.1995452999713,0,0,-2076.2978115354749,0,1,-2076.2978115354749,0
n17_vd_1_vg_2p5,sentaurus,992,contact_cut,2107,electron,992,997,992,992,0,0,8.1249755088383561e-11,4.3976850000000036e-08,31366.426658973476,-12307729406.841902,0.0004359758780540874,0.0082285160099004884,1.0000921429700074,0.99990786268986287,3.209996318589362e+26,3.2102714249382752e+26,1.9305220576753259e+22,1.6304498284848274,1,-7.5754610290462498e+27,-7.5754610290649997e+27,-7.5750966358544852e+27,3.6436262781209904e+23,3.6439321051453844e+23,0,-7.5754610290462498e+27,-16540.014399922256,-16539.218795718643,0,0,-16540.014399922256,0,1,-16540.014399922256,0
n17_vd_1_vg_2p5,sentaurus,992,contact_cut,2107,electron,992,997,992,997,0,1,8.1249755088383561e-11,4.3976850000000036e-08,31366.426658973476,12307729406.841928,0.0004359758780540874,-0.0082285160099004884,1.0000921429700074,0.99990786268986287,3.209996318589362e+26,3.2102714249382752e+26,1.9305220576753259e+22,1.6304498284848274,1,7.5747142697728048e+27,7.5747142697920496e+27,7.5743498766398575e+27,-3.6436262781209904e+23,-3.6439315219204366e+23,0,7.5747142697728048e+27,16538.383950093699,16537.588346018507,0,1,16538.383950093699,0,1,16538.383950093699,0
n17_vd_1_vg_2p5,sentaurus,992,internal,2112,electron,992,993,992,992,0,0,6.9505500000000106e-08,3.6410894004419148e-10,33.197032021586985,-14387350.641316133,0.00043446756203297687,4.5251487001962687e-06,1.0031200001031677,0.9968864760297006,3.209996318589362e+26,3.2297801214314042e+26,1.6909314412217123e+17,1.4281001697744963e-05,1,-7.3287001180746535e+22,-7.3287001180930086e+22,-7.3286999419579684e+22,1761170886397419,1761350401392640,0,-7.3287001180746535e+22,-0.16001244679484267,-0.16001244294956843,0,0,-0.16001244679484267,0,1,-0.16001244679484267,0
n17_vd_1_vg_2p5,sentaurus,992,internal,2112,electron,992,993,992,993,0,1,6.9505500000000106e-08,3.6410894004419148e-10,33.197032021586985,14387350.641316133,0.00043446756203297687,-4.5251487001962687e-06,1.0031200001031677,0.9968864760297006,3.209996318589362e+26,3.2297801214314042e+26,1.6909314412217123e+17,1.4281001697744963e-05,1,7.3280460365895492e+22,7.328046036607776e+22,7.3280458604727526e+22,-1761170886397419,-1761350233620480,0,7.3280460365895492e+22,0.15999816579314408,0.1599981619478674,0,0,0.15999816579314408,0,1,0.15999816579314408,0
n17_vd_1_vg_2p5,sentaurus,993,internal,2088,electron,984,993,993,984,1,0,6.4696812499999939e-10,9.9999999999999995e-08,2967.7932534456327,-1545671202.8896327,0.00043334159868143891,0.00078900901279155278,1.0007095609546077,0.99929077453786397,3.2254405519461937e+26,3.2297801214314042e+26,4.1509259664743166e+21,0.35057234923494895,-1,-2.1619447342048971e+27,-2.1619447342102165e+27,-2.1619371752712256e+27,7.5578204560655395e+21,7.5589389909018091e+21,0,-2.1619447342048971e+27,4720.3195816700154,4720.3030777409085,0,0,4720.3195816700154,0,1,4720.3195816700154,0
n17_vd_1_vg_2p5,sentaurus,993,internal,2088,electron,984,993,993,993,1,1,6.4696812499999939e-10,9.9999999999999995e-08,2967.7932534456327,1545671202.8896344,0.00043334159868143891,-0.00078900901279155278,1.0007095609546077,0.99929077453786397,3.2254405519461937e+26,3.2297801214314042e+26,4.1509259664743166e+21,0.35057234923494895,-1,2.1617841692195678e+27,2.1617841692246882e+27,2.1617766102874587e+27,-7.5578204560655395e+21,-7.5589372294841814e+21,0,2.1617841692195678e+27,-4719.9690093207828,-4719.9525053950874,0,0,-4719.9690093207828,0,1,-4719.9690093207828,0
n17_vd_1_vg_2p5,sentaurus,993,internal,2112,electron,992,993,993,992,1,0,6.9505500000000106e-08,3.6410894004419148e-10,33.197032021586985,-14387350.641316133,0.00043446756203297687,4.5251487001962687e-06,1.0031200001031677,0.9968864760297006,3.209996318589362e+26,3.2297801214314042e+26,1.6909314412217123e+17,1.4281001697744963e-05,-1,-7.3287001180746535e+22,-7.3287001180930086e+22,-7.3286999419579684e+22,1761170886397419,1761350401392640,0,-7.3287001180746535e+22,0.16001244679484267,0.16001244294956843,0,0,0.16001244679484267,0,1,0.16001244679484267,0
n17_vd_1_vg_2p5,sentaurus,993,internal,2112,electron,992,993,993,993,1,1,6.9505500000000106e-08,3.6410894004419148e-10,33.197032021586985,14387350.641316133,0.00043446756203297687,-4.5251487001962687e-06,1.0031200001031677,0.9968864760297006,3.209996318589362e+26,3.2297801214314042e+26,1.6909314412217123e+17,1.4281001697744963e-05,-1,7.3280460365895492e+22,7.328046036607776e+22,7.3280458604727526e+22,-1761170886397419,-1761350233620480,0,7.3280460365895492e+22,-0.15999816579314408,-0.1599981619478674,0,0,-0.15999816579314408,0,1,-0.15999816579314408,0
n17_vd_1_vg_2p5,sentaurus,993,contact_cut,2114,electron,993,994,993,993,0,0,8.1249755088383561e-11,9.9999999999999995e-08,2967.8634036117646,-12307729406.841888,0.00043302725167147912,0.0062549775625697634,1.0000478873934731,0.99995211413527985,3.2297801214314042e+26,3.2300593338353824e+26,4.1509821488539144e+21,0.35057709419762961,1,-1.7214203076064253e+28,-1.721420307610724e+28,-1.7214142537916206e+28,5.9959968116295273e+22,6.0538191033625739e+22,0,-1.7214203076064253e+28,-37584.929243195569,-37584.797066178668,0,0,-37584.929243195569,0,1,-37584.929243195569,0
n17_vd_1_vg_2p5,sentaurus,993,contact_cut,2114,electron,993,994,993,994,0,1,8.1249755088383561e-11,9.9999999999999995e-08,2967.8634036117646,12307729406.841888,0.00043302725167147912,-0.0062549775625697634,1.0000478873934731,0.99995211413527985,3.2297801214314042e+26,3.2300593338353824e+26,4.1509821488539144e+21,0.35057709419762961,1,1.7214042508905716e+28,1.7214042508948652e+28,1.72139819708592e+28,-5.9959968116295273e+22,-6.0538089451945472e+22,0,1.7214042508905716e+28,37584.578666101421,37584.446489306203,0,1,37584.578666101421,0,1,37584.578666101421,0
n17_vd_1_vg_2p5,sentaurus,993,internal,2115,electron,993,996,993,993,0,0,1.3049449999999989e-07,3.6410894004419148e-10,1.5319790809386713,-7663158.217396142,0.00043285556372566289,1.7027934617885876e-06,1.0003423948320482,0.99965768330626337,3.2297801214314042e+26,3.2319673533214076e+26,7800943533832458,6.5883976804040421e-07,1,-3.9021483014497057e+22,-3.9021483014594423e+22,-3.9021482983470104e+22,30687824665713.852,31124319371264,0,-3.9021483014497057e+22,-0.085198232621277292,-0.085198232553534065,0,0,-0.085198232621277292,0,1,-0.085198232621277292,0
n17_vd_1_vg_2p5,sentaurus,993,internal,2115,electron,993,996,993,996,0,1,1.3049449999999989e-07,3.6410894004419148e-10,1.5319790809386713,7663158.217396142,0.00043285556372566289,-1.7027934617885876e-06,1.0003423948320482,0.99965768330626337,3.2297801214314042e+26,3.2319673533214076e+26,7800943533832458,6.5883976804040421e-07,1,3.9021181260528473e+22,3.9021181260626066e+22,3.9021181229501537e+22,-30687824665713.852,-31124529086464,0,3.9021181260528473e+22,0.085197573781509467,0.085197573713766267,0,0,0.085197573781509467,0,1,0.085197573781509467,0
n17_vd_1_vg_2p5,sentaurus,996,internal,2085,electron,983,996,996,983,1,0,6.4696812499999939e-10,6.5247249999999943e-08,507.2292863672086,-1545671202.8896337,0.00043301860650395282,0.00064881294958851754,1.0006841681543324,0.99931614376078159,3.2275899363168743e+26,3.2319673533214076e+26,4.6285580623833445e+20,0.039091144641115398,-1,-1.4104616014163164e+27,-1.4104616014198382e+27,-1.410460904337235e+27,6.9351948477281849e+20,6.9708260313570004e+20,0,-1.4104616014163164e+27,3079.5558327755543,3079.5543107958356,0,0,3079.5558327755543,0,1,3079.5558327755543,0
n17_vd_1_vg_2p5,sentaurus,996,internal,2085,electron,983,996,996,996,1,1,6.4696812499999939e-10,6.5247249999999943e-08,507.2292863672086,1545671202.8896337,0.00043301860650395282,-0.00064881294958851754,1.0006841681543324,0.99931614376078159,3.2275899363168743e+26,3.2319673533214076e+26,4.6285580623833445e+20,0.039091144641115398,-1,1.410443697354348e+27,1.4104436973578571e+27,1.4104430002761165e+27,-6.9351948477281849e+20,-6.9708174056882805e+20,0,1.410443697354348e+27,-3079.5167416309177,-3079.5152196530548,0,0,-3079.5167416309177,0,1,-3079.5167416309177,0
n17_vd_1_vg_2p5,sentaurus,996,internal,2115,electron,993,996,996,993,1,0,1.3049449999999989e-07,3.6410894004419148e-10,1.5319790809386713,-7663158.217396142,0.00043285556372566289,1.7027934617885876e-06,1.0003423948320482,0.99965768330626337,3.2297801214314042e+26,3.2319673533214076e+26,7800943533832458,6.5883976804040421e-07,-1,-3.9021483014497057e+22,-3.9021483014594423e+22,-3.9021482983470104e+22,30687824665713.852,31124319371264,0,-3.9021483014497057e+22,0.085198232621277292,0.085198232553534065,0,0,0.085198232621277292,0,1,0.085198232621277292,0
n17_vd_1_vg_2p5,sentaurus,996,internal,2115,electron,993,996,996,996,1,1,1.3049449999999989e-07,3.6410894004419148e-10,1.5319790809386713,7663158.217396142,0.00043285556372566289,-1.7027934617885876e-06,1.0003423948320482,0.99965768330626337,3.2297801214314042e+26,3.2319673533214076e+26,7800943533832458,6.5883976804040421e-07,-1,3.9021181260528473e+22,3.9021181260626066e+22,3.9021181229501537e+22,-30687824665713.852,-31124529086464,0,3.9021181260528473e+22,-0.085197573781509467,-0.085197573713766267,0,0,-0.085197573781509467,0,1,-0.085197573781509467,0
n17_vd_1_vg_2p5,sentaurus,996,contact_cut,2118,electron,995,996,996,995,1,0,8.1249755088383561e-11,6.5247249999999943e-08,507.3655925419007,5073655925.4190092,0.0004327019022067227,-0.0023389915524418825,0.9999556718892485,1.0000443294207777,3.2322487501568281e+26,3.2319673533214076e+26,-4.629753821345172e+20,-0.039101243593295046,-1,-1.1230897928391952e+28,-1.1230897928419957e+28,-1.1230886952189322e+28,2.5026363468211343e+21,1.0976230635032761e+22,0,-1.1230897928391952e+28,24521.176037657871,24521.152072575234,0,1,24521.176037657871,0,1,24521.176037657871,0
n17_vd_1_vg_2p5,sentaurus,996,contact_cut,2118,electron,995,996,996,996,1,1,8.1249755088383561e-11,6.5247249999999943e-08,507.3655925419007,-5073655925.4190063,0.0004327019022067227,0.0023389915524418825,0.9999556718892485,1.0000443294207777,3.2322487501568281e+26,3.2319673533214076e+26,-4.629753821345172e+20,-0.039101243593295046,-1,1.1230915837079332e+28,1.1230915837107317e+28,1.1230904860839688e+28,-2.5026363468211343e+21,-1.0976267629200989e+22,0,1.1230915837079332e+28,-24521.21513890148,-24521.191173738029,0,0,-24521.21513890148,0,1,-24521.21513890148,0
n17_vd_1_vg_2p5,sentaurus,998,internal,2108,electron,991,998,998,991,1,0,8.1249755088383561e-11,3.8864649999999965e-08,19.398719372269209,-193987193.72269204,0.00043678259819648685,9.1481354935751824e-05,1.0000097333567928,0.99999026670636548,3.2044292359705162e+26,3.2044914207104249e+26,1.0552322316373146e+19,0.00089121137168279613,-1,-6.6950363655687009e+27,-6.6950363655891551e+27,-6.6950284214471124e+27,2.2101172235491113e+18,7.9441420427360448e+21,0,-6.6950363655687009e+27,14617.723920685412,14617.706575749577,0,0,14617.723920685412,0,1,14617.723920685412,0
n17_vd_1_vg_2p5,sentaurus,998,internal,2108,electron,991,998,998,998,1,1,8.1249755088383561e-11,3.8864649999999965e-08,19.398719372269209,193987193.72269204,0.00043678259819648685,-9.1481354935751824e-05,1.0000097333567928,0.99999026670636548,3.2044292359705162e+26,3.2044914207104249e+26,1.0552322316373146e+19,0.00089121137168279613,-1,6.6950359573866309e+27,6.69503595740715e+27,6.6950280132661353e+27,-2.2101172235491113e+18,-7.9441410146926728e+21,0,6.6950359573866309e+27,-14617.723029474,-14617.705684540551,0,0,-14617.723029474,0,1,-14617.723029474,0
n17_vd_1_vg_2p5,sentaurus,998,contact_cut,2109,electron,997,998,998,997,1,0,1.8448199999999969e-08,4.0624877544191781e-11,59224.483094983712,54205830.379146397,0.00043600831343430086,-3.8846911909473647e-05,0.97812921943416398,1.0221943933518514,3.2102714249382752e+26,3.2044914207104249e+26,-3.3646177521924411e+19,-0.0028416357198140737,-1,-3.0148854963070659e+22,-3.0148854963814401e+22,-3.0145857199411202e+22,2.9977641572691267e+18,2.9977644031992136e+18,0,-3.0148854963070659e+22,0.065826026075291935,0.065819480855944246,0,1,0.065826026075291935,0,1,0.065826026075291935,0
n17_vd_1_vg_2p5,sentaurus,998,contact_cut,2109,electron,997,998,998,998,1,1,1.8448199999999969e-08,4.0624877544191781e-11,59224.483094983712,-54205830.379146397,0.00043600831343430086,3.8846911909473647e-05,0.97812921943416398,1.0221943933518514,3.2102714249382752e+26,3.2044914207104249e+26,-3.3646177521924411e+19,-0.0028416357198140737,-1,3.1450347218984122e+22,3.1450347221319682e+22,3.1447349456916483e+22,-2.9977641572691267e+18,-2.9977644031992136e+18,0,3.1450347218984122e+22,-0.068667661795105833,-0.068661116579233669,0,0,-0.068667661795105833,0,1,-0.068667661795105833,0
n17_vd_1_vg_2p5,sentaurus,998,internal,2274,electron,998,1055,998,998,0,0,5.9281099999999972e-08,4.0624877544191781e-11,40551.312978926187,16868782.799235761,0.00046109338198723285,-1.3052702474425359e-05,0.90438779458307894,1.1021246036488155,3.2044914207104249e+26,2.885807082325145e+26,-2.3070033793940414e+19,-0.0019484124769733821,1,-9.1575332852443245e+21,-9.1575332851097608e+21,-9.1568802147942405e+21,6.5307006986185843e+17,6.5307031552026214e+17,0,-9.1575332852443245e+21,-0.019994259336157925,-0.019992833443448935,0,0,-0.019994259336157925,0,1,-0.019994259336157925,0
n17_vd_1_vg_2p5,sentaurus,998,internal,2274,electron,998,1055,998,1055,0,1,5.9281099999999972e-08,4.0624877544191781e-11,40551.312978926187,-16868782.799235761,0.00046109338198723285,1.3052702474425359e-05,0.90438779458307894,1.1021246036488155,3.2044914207104249e+26,2.885807082325145e+26,-2.3070033793940414e+19,-0.0019484124769733821,1,1.0049922035999538e+22,1.004992203614208e+22,1.0049268965826561e+22,-6.5307006986185843e+17,-6.5307031551921357e+17,0,1.0049922035999538e+22,0.021942671813131379,0.021941245921027412,0,0,0.021942671813131379,0,1,0.021942671813131379,0
n21_vd_0p05_vg_0,baseline,990,internal,2091,electron,985,990,990,985,1,0,6.4696812499999939e-10,3.8864649999999965e-08,0,0,0.00043712900791501437,0,1.0006224583095304,0.99937779988622799,3.1997242863630456e+26,3.2037093296426866e+26,0,0,-1,-8.4074502818264185e+26,-8.4074502818473244e+26,-8.4074492718667446e+26,0,1.009980579831171e+20,0,-8.4074502818264185e+26,1836.103866923808,1836.1036463586188,0,0,1836.103866923808,0,1,1836.103866923808,0
n21_vd_0p05_vg_0,baseline,990,internal,2091,electron,985,990,990,990,1,1,6.4696812499999939e-10,3.8864649999999965e-08,0,0,0.00043712900791501437,0,1.0006224583095304,0.99937779988622799,3.1997242863630456e+26,3.2037093296426866e+26,0,0,-1,8.4074502818263966e+26,8.4074502818473244e+26,8.4074492718666841e+26,0,-1.0099806403043105e+20,0,8.4074502818263966e+26,-1836.1038669238033,-1836.1036463586054,0,0,-1836.1038669238033,0,1,-1836.1038669238033,0
n21_vd_0p05_vg_0,baseline,990,internal,2092,electron,990,991,990,990,0,0,1.8448199999999969e-08,3.6410840056203397e-10,3.4227332677503406e-09,-0.034227339712478155,0.00043640722359010627,0,1.0008569859264689,0.99914350341056268,3.2037093296426866e+26,3.2092035353335023e+26,17438969.431178465,1.4731928766292514e-15,1,-2.7618097731418007e+23,-2.7618097731486878e+23,-2.7618097650879801e+23,0,806070771515392,0,-2.7618097731418007e+23,-0.60315189911203582,-0.60315189735316121,0,0,-0.60315189911203582,0,1,-0.60315189911203582,0
n21_vd_0p05_vg_0,baseline,990,internal,2092,electron,990,991,990,991,0,1,1.8448199999999969e-08,3.6410840056203397e-10,3.4227332677503406e-09,0.034227339712478155,0.00043640722359010627,0,1.0008569859264689,0.99914350341056268,3.2037093296426866e+26,3.2092035353335023e+26,17438969.431178465,1.4731928766292514e-15,1,2.7618097731417933e+23,2.7618097731486811e+23,2.7618097650879737e+23,0,-806070737960960,0,2.7618097731417933e+23,0.60315189911203426,0.60315189735315977,0,0,0.60315189911203426,0,1,0.60315189911203426,0
n21_vd_0p05_vg_0,baseline,990,internal,2108,electron,990,997,990,990,0,0,8.1248676124068538e-11,3.8864649999999965e-08,0,0,0.00043681583305211157,0,1.0000099245552718,0.99999007551039243,3.2037093296426866e+26,3.2037729208440624e+26,0,0,1,-6.6941317474371327e+27,-6.6941317474538046e+27,-6.6941237254996549e+27,0,8.0219541496807524e+21,0,-6.6941317474371327e+27,-14619.320691952575,-14619.303172835685,0,0,-14619.320691952575,0,1,-14619.320691952575,0
n21_vd_0p05_vg_0,baseline,990,internal,2108,electron,990,997,990,997,0,1,8.1248676124068538e-11,3.8864649999999965e-08,0,0,0.00043681583305211157,0,1.0000099245552718,0.99999007551039243,3.2037093296426866e+26,3.2037729208440624e+26,0,0,1,6.6941317474371338e+27,6.6941317474538046e+27,6.6941237254996549e+27,0,-8.0219541496807524e+21,0,6.6941317474371338e+27,14619.320691952578,14619.303172835685,0,0,14619.320691952578,0,1,14619.320691952578,0
n21_vd_0p05_vg_0,baseline,990,internal,2110,electron,990,998,990,990,0,0,5.9281099999999972e-08,3.6410840056203397e-10,8.4243687428504802e-09,0.084243684944640407,0.00046177647767022467,0,0.94851632748441062,1.0533137543398705,3.2037093296426866e+26,2.8849624294374941e+26,-43042529.994898893,-3.636106412757265e-15,1,-8.6187477278922681e+22,-8.6187477279138084e+22,-8.618747720575127e+22,-0,73386814341120,0,-8.6187477278922681e+22,-0.18822491362727395,-0.18822491346747486,0,0,-0.18822491362727395,0,1,-0.18822491362727395,0
n21_vd_0p05_vg_0,baseline,990,internal,2110,electron,990,998,990,998,0,1,5.9281099999999972e-08,3.6410840056203397e-10,8.4243687428504802e-09,-0.084243684944640407,0.00046177647767022467,0,0.94851632748441062,1.0533137543398705,3.2037093296426866e+26,2.8849624294374941e+26,-43042529.994898893,-3.636106412757265e-15,1,8.6187477278924292e+22,8.6187477279139443e+22,8.6187477205752629e+22,-0,-73386814341120,0,8.6187477278924292e+22,0.18822491362727747,0.1882249134674778,0,0,0.18822491362727747,0,1,0.18822491362727747,0
n21_vd_0p05_vg_0,baseline,991,internal,2092,electron,990,991,991,990,1,0,1.8448199999999969e-08,3.6410840056203397e-10,3.4227332677503406e-09,-0.034227339712478155,0.00043640722359010627,0,1.0008569859264689,0.99914350341056268,3.2037093296426866e+26,3.2092035353335023e+26,17438969.431178465,1.4731928766292514e-15,-1,-2.7618097731418007e+23,-2.7618097731486878e+23,-2.7618097650879801e+23,0,806070771515392,0,-2.7618097731418007e+23,0.60315189911203582,0.60315189735316121,0,0,0.60315189911203582,0,1,0.60315189911203582,0
n21_vd_0p05_vg_0,baseline,991,internal,2092,electron,990,991,991,991,1,1,1.8448199999999969e-08,3.6410840056203397e-10,3.4227332677503406e-09,0.034227339712478155,0.00043640722359010627,0,1.0008569859264689,0.99914350341056268,3.2037093296426866e+26,3.2092035353335023e+26,17438969.431178465,1.4731928766292514e-15,-1,2.7618097731417933e+23,2.7618097731486811e+23,2.7618097650879737e+23,0,-806070737960960,0,2.7618097731417933e+23,-0.60315189911203426,-0.60315189735315977,0,0,-0.60315189911203426,0,1,-0.60315189911203426,0
n21_vd_0p05_vg_0,baseline,991,internal,2094,electron,984,991,991,984,1,0,6.4696812499999939e-10,4.3976850000000036e-08,8.8726118911982174e-09,0.088726137548178485,0.00043633926744795739,0,1.0006593864236135,0.99934090330933179,3.2049750428723862e+26,3.2092035353335023e+26,-5460228617.5904922,-4.6126406356444394e-13,-1,-9.5121011026931258e+26,-9.5121011027168807e+26,-9.5120999623245626e+26,-0,1.1403923180950546e+20,0,-9.5121011026931258e+26,2077.3486647881737,2077.3484157429748,0,0,2077.3486647881737,0,1,2077.3486647881737,0
n21_vd_0p05_vg_0,baseline,991,internal,2094,electron,984,991,991,991,1,1,6.4696812499999939e-10,4.3976850000000036e-08,8.8726118911982174e-09,-0.088726137548178485,0.00043633926744795739,0,1.0006593864236135,0.99934090330933179,3.2049750428723862e+26,3.2092035353335023e+26,-5460228617.5904922,-4.6126406356444394e-13,-1,9.5121011026931491e+26,9.5121011027168821e+26,9.5120999623245654e+26,-0,-1.1403923167206651e+20,0,9.5121011026931491e+26,-2077.3486647881791,-2077.3484157429752,0,0,-2077.3486647881791,0,1,-2077.3486647881791,0
n21_vd_0p05_vg_0,baseline,991,contact_cut,2107,electron,991,996,991,991,0,0,8.1248676124068538e-11,4.3976850000000042e-08,2.7624525899981246e-05,-276.24525866798422,0.00043602543907884716,1.2967404927621828e-10,1.0000437592472404,0.99995624202930333,3.2092035353335023e+26,3.2094844081888549e+26,16999926572705.564,1.4361038264884305e-09,1,-7.5741851818553546e+27,-7.5741851818742827e+27,-7.5741761235145364e+27,5055781.4258229099,9.0583597462856883e+21,0,-7.5741851818553546e+27,-16541.27022465186,-16541.250442132728,0,0,-16541.27022465186,0,1,-16541.27022465186,0
n21_vd_0p05_vg_0,baseline,991,contact_cut,2107,electron,991,996,991,996,0,1,8.1248676124068538e-11,4.3976850000000042e-08,2.7624525899981246e-05,276.24525866798422,0.00043602543907884716,-1.2967404927621828e-10,1.0000437592472404,0.99995624202930333,3.2092035353335023e+26,3.2094844081888549e+26,16999926572705.564,1.4361038264884305e-09,1,7.5741851818546927e+27,7.5741851818736252e+27,7.5741761235139064e+27,-5055781.4258229099,-9.0583597187978976e+21,0,7.5741851818546927e+27,16541.270224650416,16541.250442131353,0,1,16541.270224650416,0,1,16541.270224650416,0
n21_vd_0p05_vg_0,baseline,991,internal,2112,electron,991,992,991,991,0,0,6.9505500000000106e-08,3.6410840056203397e-10,1.8995163378340489e-08,-0.18995163341556376,0.00043450260794550153,0,1.003075012750827,0.99693127815767391,3.2092035353335023e+26,3.2289807207908271e+26,96737930.788221866,8.1721360370221955e-15,1,-7.3271416667707116e+22,-7.3271416667890021e+22,-7.327141661900779e+22,0,48882230755328,0,-7.3271416667707116e+22,-0.16001751657023977,-0.16001751646388526,0,0,-0.16001751657023977,0,1,-0.16001751657023977,0
n21_vd_0p05_vg_0,baseline,991,internal,2112,electron,991,992,991,992,0,1,6.9505500000000106e-08,3.6410840056203397e-10,1.8995163378340489e-08,0.18995163341556376,0.00043450260794550153,0,1.003075012750827,0.99693127815767391,3.2092035353335023e+26,3.2289807207908271e+26,96737930.788221866,8.1721360370221955e-15,1,7.3271416667703341e+22,7.327141666788602e+22,7.3271416619004301e+22,0,-48881719050240,0,7.3271416667703341e+22,0.16001751657023153,0.16001751646387763,0,0,0.16001751657023153,0,1,0.16001751657023153,0
n21_vd_0p05_vg_0,baseline,992,internal,2088,electron,983,992,992,983,1,0,6.4696812499999939e-10,9.9999999999999995e-08,8.8726118911982174e-09,-0.088726137548178485,0.00043337492859146337,0,1.0006679412804882,0.99933235601750203,3.2246710203524994e+26,3.2289807207908271e+26,12407682421.359747,1.0481645392384827e-12,-1,-2.1615052758388763e+27,-2.1615052758442663e+27,-2.1615050186561334e+27,0,2.5718813292042702e+20,0,-2.1615052758388763e+27,4720.5134283372881,4720.5128666756518,0,0,4720.5134283372881,0,1,4720.5134283372881,0
n21_vd_0p05_vg_0,baseline,992,internal,2088,electron,983,992,992,992,1,1,6.4696812499999939e-10,9.9999999999999995e-08,8.8726118911982174e-09,0.088726137548178485,0.00043337492859146337,0,1.0006679412804882,0.99933235601750203,3.2246710203524994e+26,3.2289807207908271e+26,12407682421.359747,1.0481645392384827e-12,-1,2.1615052758388782e+27,2.1615052758442661e+27,2.1615050186561483e+27,0,-2.5718811780214214e+20,0,2.1615052758388782e+27,-4720.5134283372927,-4720.5128666756846,0,0,-4720.5134283372927,0,1,-4720.5134283372927,0
n21_vd_0p05_vg_0,baseline,992,internal,2112,electron,991,992,992,991,1,0,6.9505500000000106e-08,3.6410840056203397e-10,1.8995163378340489e-08,-0.18995163341556376,0.00043450260794550153,0,1.003075012750827,0.99693127815767391,3.2092035353335023e+26,3.2289807207908271e+26,96737930.788221866,8.1721360370221955e-15,-1,-7.3271416667707116e+22,-7.3271416667890021e+22,-7.327141661900779e+22,0,48882230755328,0,-7.3271416667707116e+22,0.16001751657023977,0.16001751646388526,0,0,0.16001751657023977,0,1,0.16001751657023977,0
n21_vd_0p05_vg_0,baseline,992,internal,2112,electron,991,992,992,992,1,1,6.9505500000000106e-08,3.6410840056203397e-10,1.8995163378340489e-08,0.18995163341556376,0.00043450260794550153,0,1.003075012750827,0.99693127815767391,3.2092035353335023e+26,3.2289807207908271e+26,96737930.788221866,8.1721360370221955e-15,-1,7.3271416667703341e+22,7.327141666788602e+22,7.3271416619004301e+22,0,-48881719050240,0,7.3271416667703341e+22,-0.16001751657023153,-0.16001751646387763,0,0,-0.16001751657023153,0,1,-0.16001751657023153,0
n21_vd_0p05_vg_0,baseline,992,contact_cut,2114,electron,992,993,992,992,0,0,8.1248676124068538e-11,1.0000000000000004e-07,1.137480478234522e-05,-113.74804742558808,0.00043305867544140214,5.2846615972157451e-11,1.0000433573285064,0.99995664392469608,3.2289807207908271e+26,3.2292607288398993e+26,15906512700134.141,1.3437354365651175e-09,1,-1.7211341881325976e+28,-1.7211341881368852e+28,-1.7211321452698504e+28,1941088.8542145784,2.0428670348250994e+22,0,-1.7211341881325976e+28,-37587.865909312517,-37587.821295213544,0,0,-37587.865909312517,0,1,-37587.865909312517,0
n21_vd_0p05_vg_0,baseline,992,contact_cut,2114,electron,992,993,992,993,0,1,8.1248676124068538e-11,1.0000000000000004e-07,1.137480478234522e-05,113.74804742558808,0.00043305867544140214,-5.2846615972157451e-11,1.0000433573285064,0.99995664392469608,3.2289807207908271e+26,3.2292607288398993e+26,15906512700134.141,1.3437354365651175e-09,1,1.721134188132536e+28,1.721134188136836e+28,1.7211321452698009e+28,-1941088.8542145784,-2.0428670350450017e+22,0,1.721134188132536e+28,37587.865909311171,37587.82129521246,0,1,37587.865909311171,0,1,37587.865909311171,0
n21_vd_0p05_vg_0,baseline,992,internal,2115,electron,992,995,992,992,0,0,1.3049449999999989e-07,3.6410840056203397e-10,1.5396081656202955e-09,-0.015396081978757969,0.0004328865968168801,0,1.0003416384520789,0.99965843934142451,3.2289807207908271e+26,3.2311875113003993e+26,7838425.6325450316,6.6216715680504144e-16,1,-3.9014534437263769e+22,-3.9014534437361529e+22,-3.9014534424471594e+22,0,12889935052800,0,-3.9014534437263769e+22,-0.085203878875546896,-0.085203878847610048,0,0,-0.085203878875546896,0,1,-0.085203878875546896,0
n21_vd_0p05_vg_0,baseline,992,internal,2115,electron,992,995,992,995,0,1,1.3049449999999989e-07,3.6410840056203397e-10,1.5396081656202955e-09,0.015396081978757969,0.0004328865968168801,0,1.0003416384520789,0.99965843934142451,3.2289807207908271e+26,3.2311875113003993e+26,7838425.6325450316,6.6216715680504144e-16,1,3.9014534437263626e+22,3.9014534437360951e+22,3.9014534424471016e+22,0,-12889935052800,0,3.9014534437263626e+22,0.08520387887554659,0.085203878847608785,0,0,0.08520387887554659,0,1,0.08520387887554659,0
n21_vd_0p05_vg_0,baseline,995,internal,2085,electron,982,995,995,982,1,0,6.4696812499999939e-10,6.5247249999999943e-08,0,0,0.00043305077989413179,0,1.0006753758590949,0.99932492809242435,3.2268269063893527e+26,3.2311875113003993e+26,0,0,-1,-1.4102205383692507e+27,-1.4102205383727686e+27,-1.4102203707159423e+27,0,1.6765682631548758e+20,0,-1.4102205383692507e+27,3079.781975413191,3079.7816092749713,0,0,3079.781975413191,0,1,3079.781975413191,0
n21_vd_0p05_vg_0,baseline,995,internal,2085,electron,982,995,995,995,1,1,6.4696812499999939e-10,6.5247249999999943e-08,0,0,0.00043305077989413179,0,1.0006753758590949,0.99932492809242435,3.2268269063893527e+26,3.2311875113003993e+26,0,0,-1,1.4102205383692529e+27,1.4102205383727587e+27,1.4102203707159324e+27,0,-1.6765682631548758e+20,0,1.4102205383692529e+27,-3079.7819754131956,-3079.7816092749495,0,0,-3079.7819754131956,0,1,-3079.7819754131956,0
n21_vd_0p05_vg_0,baseline,995,internal,2115,electron,992,995,995,992,1,0,1.3049449999999989e-07,3.6410840056203397e-10,1.5396081656202955e-09,-0.015396081978757969,0.0004328865968168801,0,1.0003416384520789,0.99965843934142451,3.2289807207908271e+26,3.2311875113003993e+26,7838425.6325450316,6.6216715680504144e-16,-1,-3.9014534437263769e+22,-3.9014534437361529e+22,-3.9014534424471594e+22,0,12889935052800,0,-3.9014534437263769e+22,0.085203878875546896,0.085203878847610048,0,0,0.085203878875546896,0,1,0.085203878875546896,0
n21_vd_0p05_vg_0,baseline,995,internal,2115,electron,992,995,995,995,1,1,1.3049449999999989e-07,3.6410840056203397e-10,1.5396081656202955e-09,0.015396081978757969,0.0004328865968168801,0,1.0003416384520789,0.99965843934142451,3.2289807207908271e+26,3.2311875113003993e+26,7838425.6325450316,6.6216715680504144e-16,-1,3.9014534437263626e+22,3.9014534437360951e+22,3.9014534424471016e+22,0,-12889935052800,0,3.9014534437263626e+22,-0.08520387887554659,-0.085203878847608785,0,0,-0.08520387887554659,0,1,-0.08520387887554659,0
n21_vd_0p05_vg_0,baseline,995,contact_cut,2118,electron,994,995,995,994,1,0,8.1248676124068538e-11,6.5247249999999956e-08,8.9020211340093024e-06,89.020210758405938,0.00043273215778086397,-4.1300296516055823e-11,0.9999596469756693,1.0000403541099376,3.2314483017083006e+26,3.2311875113003993e+26,-8121751365223.8232,-6.8610168188092794e-10,-1,-1.1229095511993219e+28,-1.1229095512021294e+28,-1.1229082195006947e+28,775146.31991664367,1.3317014346966386e+22,0,-1.1229095511993219e+28,24523.232371882143,24523.203288903154,0,1,24523.232371882143,0,1,24523.232371882143,0
n21_vd_0p05_vg_0,baseline,995,contact_cut,2118,electron,994,995,995,995,1,1,8.1248676124068538e-11,6.5247249999999956e-08,8.9020211340093024e-06,-89.020210758405938,0.00043273215778086397,4.1300296516055823e-11,0.9999596469756693,1.0000403541099376,3.2314483017083006e+26,3.2311875113003993e+26,-8121751365223.8232,-6.8610168188092794e-10,-1,1.1229095511993571e+28,1.122909551202153e+28,1.122908219500722e+28,-775146.31991664367,-1.3317014309582991e+22,0,1.1229095511993571e+28,-24523.23237188291,-24523.203288903751,0,0,-24523.23237188291,0,1,-24523.23237188291,0
n21_vd_0p05_vg_0,baseline,997,internal,2108,electron,990,997,997,990,1,0,8.1248676124068538e-11,3.8864649999999965e-08,0,0,0.00043681583305211157,0,1.0000099245552718,0.99999007551039243,3.2037093296426866e+26,3.2037729208440624e+26,0,0,-1,-6.6941317474371327e+27,-6.6941317474538046e+27,-6.6941237254996549e+27,0,8.0219541496807524e+21,0,-6.6941317474371327e+27,14619.320691952575,14619.303172835685,0,0,14619.320691952575,0,1,14619.320691952575,0
n21_vd_0p05_vg_0,baseline,997,internal,2108,electron,990,997,997,997,1,1,8.1248676124068538e-11,3.8864649999999965e-08,0,0,0.00043681583305211157,0,1.0000099245552718,0.99999007551039243,3.2037093296426866e+26,3.2037729208440624e+26,0,0,-1,6.6941317474371338e+27,6.6941317474538046e+27,6.6941237254996549e+27,0,-8.0219541496807524e+21,0,6.6941317474371338e+27,-14619.320691952578,-14619.303172835685,0,0,-14619.320691952578,0,1,-14619.320691952578,0
n21_vd_0p05_vg_0,baseline,997,contact_cut,2109,electron,996,997,997,996,1,0,1.8448199999999969e-08,4.0624338062034256e-11,1.2508534305778529e-07,1.2508534312505315,0.00043636934781014623,0,0.99910968903031894,1.0008908397192826,3.2094844081888549e+26,3.2037729208440624e+26,-71104223.652552128,-6.0066758071101374e-15,-1,-3.081307043918198e+22,-3.0813070439258853e+22,-3.0813070349335471e+22,-0,89923382149120,0,-3.081307043918198e+22,0.067292693847351842,0.067292693651135965,0,1,0.067292693847351842,0,1,0.067292693847351842,0
n21_vd_0p05_vg_0,baseline,997,contact_cut,2109,electron,996,997,997,997,1,1,1.8448199999999969e-08,4.0624338062034256e-11,1.2508534305778529e-07,-1.2508534312505315,0.00043636934781014623,0,0.99910968903031894,1.0008908397192826,3.2094844081888549e+26,3.2037729208440624e+26,-71104223.652552128,-6.0066758071101374e-15,-1,3.0813070439184748e+22,3.0813070439261713e+22,3.0813070349338331e+22,-0,-89923382149120,0,3.0813070439184748e+22,-0.067292693847357879,-0.06729269365114221,0,0,-0.067292693847357879,0,1,-0.067292693847357879,0
n21_vd_0p05_vg_0,baseline,997,internal,2274,electron,997,1054,997,997,0,0,5.9281099999999972e-08,4.0624338062034256e-11,8.4243687428504802e-09,0.084243684944640407,0.00046151285126553665,0,0.94851631741294939,1.0533137651401674,3.2037729208440624e+26,2.8850196335391193e+26,-4799698.9414857291,-4.0546445811872202e-16,1,-9.6108184977509188e+21,-9.6108184977748808e+21,-9.6108184895966612e+21,-0,8178219614208,0,-9.6108184977509188e+21,-0.020989075660867114,-0.020989075643059026,0,0,-0.020989075660867114,0,1,-0.020989075660867114,0
n21_vd_0p05_vg_0,baseline,997,internal,2274,electron,997,1054,997,1054,0,1,5.9281099999999972e-08,4.0624338062034256e-11,8.4243687428504802e-09,-0.084243684944640407,0.00046151285126553665,0,0.94851631741294939,1.0533137651401674,3.2037729208440624e+26,2.8850196335391193e+26,-4799698.9414857291,-4.0546445811872202e-16,1,9.610818497751097e+21,9.610818497775101e+21,9.6108184895968814e+21,-0,-8178219614208,0,9.610818497751097e+21,0.020989075660867506,0.020989075643059504,0,0,0.020989075660867506,0,1,0.020989075660867506,0
n21_vd_0p05_vg_0,sentaurus,990,internal,2091,electron,985,990,990,985,1,0,6.4696812499999939e-10,3.8864649999999965e-08,0,0,0.00043712900798672936,0,1.0006153600644287,0.9993848922773938,3.1997271116277207e+26,3.203666696034674e+26,0,0,-1,-8.4073980656715403e+26,-8.4073980656924695e+26,-8.4073970557181335e+26,0,1.0099743359795148e+20,0,-8.4073980656715403e+26,1836.0924634327764,1836.0922428689557,0,0,1836.0924634327764,0,1,1836.0924634327764,0
n21_vd_0p05_vg_0,sentaurus,990,internal,2091,electron,985,990,990,990,1,1,6.4696812499999939e-10,3.8864649999999965e-08,0,0,0.00043712900798672936,0,1.0006153600644287,0.9993848922773938,3.1997271116277207e+26,3.203666696034674e+26,0,0,-1,8.407398065671543e+26,8.4073980656925313e+26,8.4073970557181335e+26,0,-1.0099743978270438e+20,0,8.407398065671543e+26,-1836.0924634327769,-1836.0922428689557,0,0,-1836.0924634327769,0,1,-1836.0924634327769,0
n21_vd_0p05_vg_0,sentaurus,990,internal,2092,electron,990,991,990,990,0,0,1.8448199999999969e-08,3.6410840056203397e-10,2.0225242036706578e-08,-0.20225241967319896,0.0004364072027628222,0,1.0008669153150846,0.99913358542364228,3.203666696034674e+26,3.2092245226630941e+26,103048101.80497263,8.7052007361075357e-15,1,-2.7618002875775691e+23,-2.7618002875844602e+23,-2.76180027952378e+23,0,806068020051968,0,-2.7618002875775691e+23,-0.60314982755876079,-0.60314982579989307,0,0,-0.60314982755876079,0,1,-0.60314982755876079,0
n21_vd_0p05_vg_0,sentaurus,990,internal,2092,electron,990,991,990,991,0,1,1.8448199999999969e-08,3.6410840056203397e-10,2.0225242036706578e-08,0.20225241967319896,0.0004364072027628222,0,1.0008669153150846,0.99913358542364228,3.203666696034674e+26,3.2092245226630941e+26,103048101.80497263,8.7052007361075357e-15,1,2.7618002875775349e+23,2.7618002875844397e+23,2.7618002795237602e+23,0,-806067952943104,0,2.7618002875775349e+23,0.60314982755875335,0.60314982579988874,0,0,0.60314982755875335,0,1,0.60314982755875335,0
n21_vd_0p05_vg_0,sentaurus,990,internal,2108,electron,990,997,990,990,0,0,8.1248676124068538e-11,3.8864649999999965e-08,2.6140855710979695e-06,-26.14085570229463,0.00043681583425971839,1.2434497875801753e-11,1.0000096674091419,0.99999033265316373,3.203666696034674e+26,3.2037286387472719e+26,1421753999904.8159,1.2010559874221765e-10,1,-6.6940409619407081e+27,-6.6940409619574405e+27,-6.6940329401120116e+27,40471.969432357539,8.0218454288714862e+21,0,-6.6940409619407081e+27,-14619.122425420561,-14619.104906541239,0,0,-14619.122425420561,0,1,-14619.122425420561,0
n21_vd_0p05_vg_0,sentaurus,990,internal,2108,electron,990,997,990,997,0,1,8.1248676124068538e-11,3.8864649999999965e-08,2.6140855710979695e-06,26.14085570229463,0.00043681583425971839,-1.2434497875801753e-11,1.0000096674091419,0.99999033265316373,3.203666696034674e+26,3.2037286387472719e+26,1421753999904.8159,1.2010559874221765e-10,1,6.6940409619406531e+27,6.6940409619573382e+27,6.6940329401119336e+27,-40471.969432357539,-8.0218454046822304e+21,0,6.6940409619406531e+27,14619.122425420441,14619.104906541068,0,0,14619.122425420441,0,1,14619.122425420441,0
n21_vd_0p05_vg_0,sentaurus,990,internal,2110,electron,990,998,990,990,0,0,5.9281099999999972e-08,3.6410840056203397e-10,1.2684969026590951e-08,0.12684969047382921,0.00046177651424482717,0,0.94854095151497131,1.0532873488061465,3.203666696034674e+26,2.8850712577512688e+26,-64811991.021026805,-5.4751264900797208e-15,1,-8.6188574605749013e+22,-8.6188574605963979e+22,-8.6188574532575924e+22,-0,73388055855104,0,-8.6188574605749013e+22,-0.18822731008037397,-0.18822730992057118,0,0,-0.18822731008037397,0,1,-0.18822731008037397,0
n21_vd_0p05_vg_0,sentaurus,990,internal,2110,electron,990,998,990,998,0,1,5.9281099999999972e-08,3.6410840056203397e-10,1.2684969026590951e-08,-0.12684969047382921,0.00046177651424482717,0,0.94854095151497131,1.0532873488061465,3.203666696034674e+26,2.8850712577512688e+26,-64811991.021026805,-5.4751264900797208e-15,1,8.6188574605751697e+22,8.61885746059671e+22,8.6188574532579044e+22,-0,-73388055855104,0,8.6188574605751697e+22,0.18822731008037982,0.18822730992057801,0,0,0.18822731008037982,0,1,0.18822731008037982,0
n21_vd_0p05_vg_0,sentaurus,991,internal,2092,electron,990,991,991,990,1,0,1.8448199999999969e-08,3.6410840056203397e-10,2.0225242036706578e-08,-0.20225241967319896,0.0004364072027628222,0,1.0008669153150846,0.99913358542364228,3.203666696034674e+26,3.2092245226630941e+26,103048101.80497263,8.7052007361075357e-15,-1,-2.7618002875775691e+23,-2.7618002875844602e+23,-2.76180027952378e+23,0,806068020051968,0,-2.7618002875775691e+23,0.60314982755876079,0.60314982579989307,0,0,0.60314982755876079,0,1,0.60314982755876079,0
n21_vd_0p05_vg_0,sentaurus,991,internal,2092,electron,990,991,991,991,1,1,1.8448199999999969e-08,3.6410840056203397e-10,2.0225242036706578e-08,0.20225241967319896,0.0004364072027628222,0,1.0008669153150846,0.99913358542364228,3.203666696034674e+26,3.2092245226630941e+26,103048101.80497263,8.7052007361075357e-15,-1,2.7618002875775349e+23,2.7618002875844397e+23,2.7618002795237602e+23,0,-806067952943104,0,2.7618002875775349e+23,-0.60314982755875335,-0.60314982579988874,0,0,-0.60314982755875335,0,1,-0.60314982755875335,0
n21_vd_0p05_vg_0,sentaurus,991,internal,2094,electron,984,991,991,984,1,0,6.4696812499999939e-10,4.3976850000000036e-08,3.1941402808312816e-07,3.1941402856006107,0.00043633926730061106,-8.8817841970012523e-13,1.0006603672761629,0.99933992331920263,3.204989718061967e+26,3.2092245226630941e+26,-196569322907.09445,-1.6605598594193852e-11,-1,-9.512153978094376e+26,-9.5121539781181406e+26,-9.5121528377194825e+26,400.12129016311036,1.1403986581539783e+20,0,-9.512153978094376e+26,2077.3602122520833,2077.359963205502,0,0,2077.3602122520833,0,1,2077.3602122520833,0
n21_vd_0p05_vg_0,sentaurus,991,internal,2094,electron,984,991,991,991,1,1,6.4696812499999939e-10,4.3976850000000036e-08,3.1941402808312816e-07,-3.1941402856006107,0.00043633926730061106,8.8817841970012523e-13,1.0006603672761629,0.99933992331920263,3.204989718061967e+26,3.2092245226630941e+26,-196569322907.09445,-1.6605598594193852e-11,-1,9.5121539780944571e+26,9.5121539781182162e+26,9.5121528377195594e+26,-400.12129016311036,-1.1403986567795887e+20,0,9.5121539780944571e+26,-2077.3602122521011,-2077.3599632055189,0,0,-2077.3602122521011,0,1,-2077.3602122521011,0
n21_vd_0p05_vg_0,sentaurus,991,contact_cut,2107,electron,991,996,991,991,0,0,8.1248676124068538e-11,4.3976850000000042e-08,1.2717173048584718e-06,12.717173092369194,0.00043602543848138205,-5.773159728050814e-12,1.0000421494292722,0.99995785175507723,3.2092245226630941e+26,3.2094950642291902e+26,-782609172518.63452,-6.6112522456623977e-11,1,-7.5742225120089089e+27,-7.5742225120277656e+27,-7.5742134536234286e+27,10362.073766438454,9.0584043369797528e+21,0,-7.5742225120089089e+27,-16541.351750009722,-16541.331967393053,0,0,-16541.351750009722,0,1,-16541.351750009722,0
n21_vd_0p05_vg_0,sentaurus,991,contact_cut,2107,electron,991,996,991,996,0,1,8.1248676124068538e-11,4.3976850000000042e-08,1.2717173048584718e-06,-12.717173092369194,0.00043602543848138205,5.773159728050814e-12,1.0000421494292722,0.99995785175507723,3.2092245226630941e+26,3.2094950642291902e+26,-782609172518.63452,-6.6112522456623977e-11,1,7.5742225120089419e+27,7.5742225120278513e+27,7.5742134536234869e+27,-10362.073766438454,-9.0584043644675435e+21,0,7.5742225120089419e+27,16541.351750009795,16541.33196739318,0,1,16541.351750009795,0,1,16541.351750009795,0
n21_vd_0p05_vg_0,sentaurus,991,internal,2112,electron,991,992,991,991,0,0,6.9505500000000106e-08,3.6410840056203397e-10,1.156227336072899e-09,-0.011562274575271925,0.00043450261579385582,0,1.0030742381201612,0.9969320496224755,3.2092245226630941e+26,3.2289968451168136e+26,5888429.8546202527,4.9743724539411398e-16,1,-7.3271840581941119e+22,-7.3271840582123882e+22,-7.3271840533241114e+22,0,48882767626240,0,-7.3271840581941119e+22,-0.16001844235693871,-0.16001844225058273,0,0,-0.16001844235693871,0,1,-0.16001844235693871,0
n21_vd_0p05_vg_0,sentaurus,991,internal,2112,electron,991,992,991,992,0,1,6.9505500000000106e-08,3.6410840056203397e-10,1.156227336072899e-09,0.011562274575271925,0.00043450261579385582,0,1.0030742381201612,0.9969320496224755,3.2092245226630941e+26,3.2289968451168136e+26,5888429.8546202527,4.9743724539411398e-16,1,7.3271840581940918e+22,7.3271840582123664e+22,7.3271840533240879e+22,0,-48882784403456,0,7.3271840581940918e+22,0.16001844235693827,0.1600184422505822,0,0,0.16001844235693827,0,1,0.16001844235693827,0
n21_vd_0p05_vg_0,sentaurus,992,internal,2088,electron,983,992,992,983,1,0,6.4696812499999939e-10,9.9999999999999995e-08,7.452993988606324e-07,-7.4529939997347583,0.00043337492860866586,2.2204460492503131e-12,1.0006684551648606,0.99933184259065921,3.2246838104019629e+26,3.2289968451168136e+26,1042249992543.2751,8.8046215732020115e-11,-1,-2.1615149591544713e+27,-2.1615149591598561e+27,-2.161514701970594e+27,5340.0871289525894,2.5718926211886875e+20,0,-2.1615149591544713e+27,4720.5345757394289,4720.5340140753151,0,0,4720.5345757394289,0,1,4720.5345757394289,0
n21_vd_0p05_vg_0,sentaurus,992,internal,2088,electron,983,992,992,992,1,1,6.4696812499999939e-10,9.9999999999999995e-08,7.452993988606324e-07,7.4529939997347583,0.00043337492860866586,-2.2204460492503131e-12,1.0006684551648606,0.99933184259065921,3.2246838104019629e+26,3.2289968451168136e+26,1042249992543.2751,8.8046215732020115e-11,-1,2.1615149591544325e+27,2.1615149591598157e+27,2.1615147019705382e+27,-5340.0871289525894,-2.5718927751203154e+20,0,2.1615149591544325e+27,-4720.5345757393443,-4720.5340140751932,0,0,-4720.5345757393443,0,1,-4720.5345757393443,0
n21_vd_0p05_vg_0,sentaurus,992,internal,2112,electron,991,992,992,991,1,0,6.9505500000000106e-08,3.6410840056203397e-10,1.156227336072899e-09,-0.011562274575271925,0.00043450261579385582,0,1.0030742381201612,0.9969320496224755,3.2092245226630941e+26,3.2289968451168136e+26,5888429.8546202527,4.9743724539411398e-16,-1,-7.3271840581941119e+22,-7.3271840582123882e+22,-7.3271840533241114e+22,0,48882767626240,0,-7.3271840581941119e+22,0.16001844235693871,0.16001844225058273,0,0,0.16001844235693871,0,1,0.16001844235693871,0
n21_vd_0p05_vg_0,sentaurus,992,internal,2112,electron,991,992,992,992,1,1,6.9505500000000106e-08,3.6410840056203397e-10,1.156227336072899e-09,0.011562274575271925,0.00043450261579385582,0,1.0030742381201612,0.9969320496224755,3.2092245226630941e+26,3.2289968451168136e+26,5888429.8546202527,4.9743724539411398e-16,-1,7.3271840581940918e+22,7.3271840582123664e+22,7.3271840533240879e+22,0,-48882784403456,0,7.3271840581940918e+22,-0.16001844235693827,-0.1600184422505822,0,0,-0.16001844235693827,0,1,-0.16001844235693827,0
n21_vd_0p05_vg_0,sentaurus,992,contact_cut,2114,electron,992,993,992,992,0,0,8.1248676124068538e-11,1.0000000000000004e-07,3.3912461462892577e-06,33.912460395413291,0.00043305867545034821,-1.5987211554602254e-11,1.0000425200434027,0.99995748116186589,3.2289968451168136e+26,3.229271447072796e+26,-4742334056312.7754,-4.006184412403187e-10,1,-1.7211413418459313e+28,-1.7211413418502108e+28,-1.7211392989746851e+28,175072.57588598994,2.0428755256936938e+22,0,-1.7211413418459313e+28,-37588.022139326065,-37587.97752504149,0,0,-37588.022139326065,0,1,-37588.022139326065,0
n21_vd_0p05_vg_0,sentaurus,992,contact_cut,2114,electron,992,993,992,993,0,1,8.1248676124068538e-11,1.0000000000000004e-07,3.3912461462892577e-06,-33.912460395413291,0.00043305867545034821,1.5987211554602254e-11,1.0000425200434027,0.99995748116186589,3.2289968451168136e+26,3.229271447072796e+26,-4742334056312.7754,-4.006184412403187e-10,1,1.7211413418459482e+28,1.7211413418502354e+28,1.7211392989747034e+28,-175072.57588598994,-2.0428755320708612e+22,0,1.7211413418459482e+28,37588.022139326436,37587.977525041882,0,1,37588.022139326436,0,1,37588.022139326436,0
n21_vd_0p05_vg_0,sentaurus,992,internal,2115,electron,992,995,992,992,0,0,1.3049449999999989e-07,3.6410840056203397e-10,3.5191043785606761e-10,0.0035191038451343193,0.00043288660279902337,0,1.0003383297917645,0.99966174650239303,3.2289968451168136e+26,3.2311822696511502e+26,-1791643.1901900396,-1.5135275026804777e-16,1,-3.9014600758054261e+22,-3.9014600758151636e+22,-3.9014600745261533e+22,-0,12890102824960,0,-3.9014600758054261e+22,-0.085204023713584348,-0.085204023685646293,0,0,-0.085204023713584348,0,1,-0.085204023713584348,0
n21_vd_0p05_vg_0,sentaurus,992,internal,2115,electron,992,995,992,995,0,1,1.3049449999999989e-07,3.6410840056203397e-10,3.5191043785606761e-10,-0.0035191038451343193,0.00043288660279902337,0,1.0003383297917645,0.99966174650239303,3.2289968451168136e+26,3.2311822696511502e+26,-1791643.1901900396,-1.5135275026804777e-16,1,3.9014600758054319e+22,3.9014600758151845e+22,3.9014600745261466e+22,-0,-12890379649024,0,3.9014600758054319e+22,0.085204023713584473,0.085204023685646155,0,0,0.085204023713584473,0,1,0.085204023713584473,0
n21_vd_0p05_vg_0,sentaurus,995,internal,2085,electron,982,995,995,982,1,0,6.4696812499999939e-10,6.5247249999999943e-08,3.5490447564792024e-07,3.5490446137487197,0.00043305077989818773,-1.3322676295501878e-12,1.0006738469950156,0.99932645558224498,3.2268315341379517e+26,3.2311822696511502e+26,-323803363158.75726,-2.7353956317006979e-11,-1,-1.410220406264504e+27,-1.4102204062680271e+27,-1.4102202386112013e+27,996.17125542948713,1.6765682576573176e+20,0,-1.410220406264504e+27,3079.7816869095086,3079.7813207713016,0,0,3079.7816869095086,0,1,3079.7816869095086,0
n21_vd_0p05_vg_0,sentaurus,995,internal,2085,electron,982,995,995,995,1,1,6.4696812499999939e-10,6.5247249999999943e-08,3.5490447564792024e-07,-3.5490446137487197,0.00043305077989818773,1.3322676295501878e-12,1.0006738469950156,0.99932645558224498,3.2268315341379517e+26,3.2311822696511502e+26,-323803363158.75726,-2.7353956317006979e-11,-1,1.4102204062645153e+27,1.4102204062680345e+27,1.410220238611209e+27,-996.17125542948713,-1.6765682549085386e+20,0,1.4102204062645153e+27,-3079.7816869095336,-3079.7813207713184,0,0,-3079.7816869095336,0,1,-3079.7816869095336,0
n21_vd_0p05_vg_0,sentaurus,995,internal,2115,electron,992,995,995,992,1,0,1.3049449999999989e-07,3.6410840056203397e-10,3.5191043785606761e-10,0.0035191038451343193,0.00043288660279902337,0,1.0003383297917645,0.99966174650239303,3.2289968451168136e+26,3.2311822696511502e+26,-1791643.1901900396,-1.5135275026804777e-16,-1,-3.9014600758054261e+22,-3.9014600758151636e+22,-3.9014600745261533e+22,-0,12890102824960,0,-3.9014600758054261e+22,0.085204023713584348,0.085204023685646293,0,0,0.085204023713584348,0,1,0.085204023713584348,0
n21_vd_0p05_vg_0,sentaurus,995,internal,2115,electron,992,995,995,995,1,1,1.3049449999999989e-07,3.6410840056203397e-10,3.5191043785606761e-10,-0.0035191038451343193,0.00043288660279902337,0,1.0003383297917645,0.99966174650239303,3.2289968451168136e+26,3.2311822696511502e+26,-1791643.1901900396,-1.5135275026804777e-16,-1,3.9014600758054319e+22,3.9014600758151845e+22,3.9014600745261466e+22,-0,-12890379649024,0,3.9014600758054319e+22,-0.085204023713584473,-0.085204023685646155,0,0,-0.085204023713584473,0,1,-0.085204023713584473,0
n21_vd_0p05_vg_0,sentaurus,995,contact_cut,2118,electron,994,995,995,994,1,0,8.1248676124068538e-11,6.5247249999999956e-08,1.6956230731446288e-06,16.956230197706645,0.00043273215778501353,-7.9936057773011271e-12,0.99995717645386173,1.0000428247687438,3.2314590268193235e+26,3.2311822696511502e+26,-1547001572454.9668,-1.3068614551272246e-10,-1,-1.1229105038303008e+28,-1.1229105038331028e+28,-1.1229091721305382e+28,28576.847097214311,1.3317025645547873e+22,0,-1.1229105038303008e+28,24523.253176399154,24523.224093395369,0,1,24523.253176399154,0,1,24523.253176399154,0
n21_vd_0p05_vg_0,sentaurus,995,contact_cut,2118,electron,994,995,995,995,1,1,8.1248676124068538e-11,6.5247249999999956e-08,1.6956230731446288e-06,-16.956230197706645,0.00043273215778501353,7.9936057773011271e-12,0.99995717645386173,1.0000428247687438,3.2314590268193235e+26,3.2311822696511502e+26,-1547001572454.9668,-1.3068614551272246e-10,-1,1.1229105038303089e+28,1.1229105038331048e+28,1.1229091721305442e+28,-28576.847097214311,-1.3317025605965455e+22,0,1.1229105038303089e+28,-24523.253176399332,-24523.2240933955,0,0,-24523.253176399332,0,1,-24523.253176399332,0
n21_vd_0p05_vg_0,sentaurus,997,internal,2108,electron,990,997,997,990,1,0,8.1248676124068538e-11,3.8864649999999965e-08,2.6140855710979695e-06,-26.14085570229463,0.00043681583425971839,1.2434497875801753e-11,1.0000096674091419,0.99999033265316373,3.203666696034674e+26,3.2037286387472719e+26,1421753999904.8159,1.2010559874221765e-10,-1,-6.6940409619407081e+27,-6.6940409619574405e+27,-6.6940329401120116e+27,40471.969432357539,8.0218454288714862e+21,0,-6.6940409619407081e+27,14619.122425420561,14619.104906541239,0,0,14619.122425420561,0,1,14619.122425420561,0
n21_vd_0p05_vg_0,sentaurus,997,internal,2108,electron,990,997,997,997,1,1,8.1248676124068538e-11,3.8864649999999965e-08,2.6140855710979695e-06,26.14085570229463,0.00043681583425971839,-1.2434497875801753e-11,1.0000096674091419,0.99999033265316373,3.203666696034674e+26,3.2037286387472719e+26,1421753999904.8159,1.2010559874221765e-10,-1,6.6940409619406531e+27,6.6940409619573382e+27,6.6940329401119336e+27,-40471.969432357539,-8.0218454046822304e+21,0,6.6940409619406531e+27,-14619.122425420441,-14619.104906541068,0,0,-14619.122425420441,0,1,-14619.122425420441,0
n21_vd_0p05_vg_0,sentaurus,997,contact_cut,2109,electron,996,997,997,996,1,0,1.8448199999999969e-08,4.0624338062034256e-11,3.111575697954858e-09,0.031115745396936845,0.00043636891141533938,0,0.99910112308324162,1.0008994158929008,3.2094950642291902e+26,3.2037286387472719e+26,-1768750.7214680186,-1.4941886180159726e-16,-1,-3.0812877749961403e+22,-3.0812877750038222e+22,-3.0812877660115733e+22,-0,89922488762368,0,-3.0812877749961403e+22,0.067292273033179695,0.06729227283696565,0,1,0.067292273033179695,0,1,0.067292273033179695,0
n21_vd_0p05_vg_0,sentaurus,997,contact_cut,2109,electron,996,997,997,997,1,1,1.8448199999999969e-08,4.0624338062034256e-11,3.111575697954858e-09,-0.031115745396936845,0.00043636891141533938,0,0.99910112308324162,1.0008994158929008,3.2094950642291902e+26,3.2037286387472719e+26,-1768750.7214680186,-1.4941886180159726e-16,-1,3.0812877749961387e+22,3.0812877750038285e+22,3.08128776601158e+22,-0,-89922484568064,0,3.0812877749961387e+22,-0.067292273033179667,-0.067292272836965802,0,0,-0.067292273033179667,0,1,-0.067292273033179667,0
n21_vd_0p05_vg_0,sentaurus,997,internal,2274,electron,997,1054,997,997,0,0,5.9281099999999972e-08,4.0624338062034256e-11,1.4718437343830719e-08,0.14718437406358031,0.00046151304237506601,0,0.94854166891813751,1.0532865795136539,3.2037286387472719e+26,2.8851313297483126e+26,-8385792.6015680935,-7.084071093922183e-16,1,-9.610946508163916e+21,-9.6109465081879032e+21,-9.6109465000095745e+21,-0,8178328666112,0,-9.610946508163916e+21,-0.020989355222929846,-0.020989355205121574,0,0,-0.020989355222929846,0,1,-0.020989355222929846,0
n21_vd_0p05_vg_0,sentaurus,997,internal,2274,electron,997,1054,997,1054,0,1,5.9281099999999972e-08,4.0624338062034256e-11,1.4718437343830719e-08,-0.14718437406358031,0.00046151304237506601,0,0.94854166891813751,1.0532865795136539,3.2037286387472719e+26,2.8851313297483126e+26,-8385792.6015680935,-7.084071093922183e-16,1,9.6109465081642641e+21,9.6109465081881926e+21,9.610946500009866e+21,-0,-8178326568960,0,9.6109465081642641e+21,0.020989355222930609,0.020989355205122209,0,0,0.020989355222930609,0,1,0.020989355222930609,0
n21_vd_0p05_vg_0p05,baseline,990,internal,2091,electron,985,990,990,985,1,0,6.4696812499999939e-10,3.8864649999999965e-08,0,0,0.00043712900791501437,0,1.0006224583095304,0.99937779988622799,3.1997242863630456e+26,3.2037093296426866e+26,0,0,-1,-8.4074502818264185e+26,-8.4074502818473244e+26,-8.4074492718667446e+26,0,1.009980579831171e+20,0,-8.4074502818264185e+26,1836.103866923808,1836.1036463586188,0,0,1836.103866923808,0,1,1836.103866923808,0
n21_vd_0p05_vg_0p05,baseline,990,internal,2091,electron,985,990,990,990,1,1,6.4696812499999939e-10,3.8864649999999965e-08,0,0,0.00043712900791501437,0,1.0006224583095304,0.99937779988622799,3.1997242863630456e+26,3.2037093296426866e+26,0,0,-1,8.4074502818263966e+26,8.4074502818473244e+26,8.4074492718667432e+26,0,-1.0099805812055605e+20,0,8.4074502818263966e+26,-1836.1038669238033,-1836.1036463586183,0,0,-1836.1038669238033,0,1,-1836.1038669238033,0
n21_vd_0p05_vg_0p05,baseline,990,internal,2092,electron,990,991,990,990,0,0,1.8448199999999969e-08,3.6410840056203397e-10,5.4452574714210016e-08,-0.54452574047014757,0.00043640722359010681,4.4408920985006262e-13,1.0008569859264538,0.99914350341057756,3.2037093296426866e+26,3.2092035353332975e+26,277438150.04146826,2.343715940091929e-14,1,-2.7618097731417621e+23,-2.7618097731486596e+23,-2.7618097650879425e+23,0.28232183651914194,806071711039488,0,-2.7618097731417621e+23,-0.60315189911202738,-0.603151897353153,0,0,-0.60315189911202738,0,1,-0.60315189911202738,0
n21_vd_0p05_vg_0p05,baseline,990,internal,2092,electron,990,991,990,991,0,1,1.8448199999999969e-08,3.6410840056203397e-10,5.4452574714210016e-08,0.54452574047014757,0.00043640722359010681,-4.4408920985006262e-13,1.0008569859264538,0.99914350341057756,3.2037093296426866e+26,3.2092035353332975e+26,277438150.04146826,2.343715940091929e-14,1,2.7618097731416611e+23,2.761809773148572e+23,2.7618097650878546e+23,-0.28232183651914194,-806071744593920,0,2.7618097731416611e+23,0.6031518991120054,0.60315189735313379,0,0,0.6031518991120054,0,1,0.6031518991120054,0
n21_vd_0p05_vg_0p05,baseline,990,internal,2108,electron,990,997,990,990,0,0,8.1248676124068538e-11,3.8864649999999965e-08,0,0,0.00043681583305211157,0,1.0000099245552738,0.99999007551039021,3.2037093296426866e+26,3.2037729208440734e+26,0,0,1,-6.6941317474371459e+27,-6.6941317474538046e+27,-6.6941237254996549e+27,0,8.0219541496807524e+21,0,-6.6941317474371459e+27,-14619.320691952604,-14619.303172835685,0,0,-14619.320691952604,0,1,-14619.320691952604,0
n21_vd_0p05_vg_0p05,baseline,990,internal,2108,electron,990,997,990,997,0,1,8.1248676124068538e-11,3.8864649999999965e-08,0,0,0.00043681583305211157,0,1.0000099245552738,0.99999007551039021,3.2037093296426866e+26,3.2037729208440734e+26,0,0,1,6.6941317474371426e+27,6.6941317474538519e+27,6.6941237254997022e+27,0,-8.0219541496807524e+21,0,6.6941317474371426e+27,14619.320691952596,14619.303172835789,0,0,14619.320691952596,0,1,14619.320691952596,0
n21_vd_0p05_vg_0p05,baseline,990,internal,2110,electron,990,998,990,990,0,0,5.9281099999999972e-08,3.6410840056203397e-10,3.5246784165489362e-08,0.35246784137188403,0.00046177647767022467,0,0.94851632748447501,1.0533137543398017,3.2037093296426866e+26,2.8849624294380683e+26,-180085987.56488159,-1.521313487636519e-14,1,-8.6187477278928537e+22,-8.6187477279144023e+22,-8.6187477205756907e+22,-0,73387116331008,0,-8.6187477278928537e+22,-0.18822491362728674,-0.18822491346748715,0,0,-0.18822491362728674,0,1,-0.18822491362728674,0
n21_vd_0p05_vg_0p05,baseline,990,internal,2110,electron,990,998,990,998,0,1,5.9281099999999972e-08,3.6410840056203397e-10,3.5246784165489362e-08,-0.35246784137188403,0.00046177647767022467,0,0.94851632748447501,1.0533137543398017,3.2037093296426866e+26,2.8849624294380683e+26,-180085987.56488159,-1.521313487636519e-14,1,8.6187477278935818e+22,8.6187477279151002e+22,8.6187477205763869e+22,-0,-73387133108224,0,8.6187477278935818e+22,0.18822491362730265,0.18822491346750236,0,0,0.18822491362730265,0,1,0.18822491362730265,0
n21_vd_0p05_vg_0p05,baseline,991,internal,2092,electron,990,991,991,990,1,0,1.8448199999999969e-08,3.6410840056203397e-10,5.4452574714210016e-08,-0.54452574047014757,0.00043640722359010681,4.4408920985006262e-13,1.0008569859264538,0.99914350341057756,3.2037093296426866e+26,3.2092035353332975e+26,277438150.04146826,2.343715940091929e-14,-1,-2.7618097731417621e+23,-2.7618097731486596e+23,-2.7618097650879425e+23,0.28232183651914194,806071711039488,0,-2.7618097731417621e+23,0.60315189911202738,0.603151897353153,0,0,0.60315189911202738,0,1,0.60315189911202738,0
n21_vd_0p05_vg_0p05,baseline,991,internal,2092,electron,990,991,991,991,1,1,1.8448199999999969e-08,3.6410840056203397e-10,5.4452574714210016e-08,0.54452574047014757,0.00043640722359010681,-4.4408920985006262e-13,1.0008569859264538,0.99914350341057756,3.2037093296426866e+26,3.2092035353332975e+26,277438150.04146826,2.343715940091929e-14,-1,2.7618097731416611e+23,2.761809773148572e+23,2.7618097650878546e+23,-0.28232183651914194,-806071744593920,0,2.7618097731416611e+23,-0.6031518991120054,-0.60315189735313379,0,0,-0.6031518991120054,0,1,-0.6031518991120054,0
n21_vd_0p05_vg_0p05,baseline,991,internal,2094,electron,984,991,991,984,1,0,6.4696812499999939e-10,4.3976850000000036e-08,3.5490447564792023e-08,-0.35490455019271394,0.00043633926744795739,0,1.0006593864235858,0.99934090330935976,3.2049750428723635e+26,3.2092035353332975e+26,21840914470.360657,1.8450562542576647e-12,-1,-9.5121011026927973e+26,-9.5121011027165811e+26,-9.51209996232423e+26,0,1.1403923510804034e+20,0,-9.5121011026927973e+26,2077.3486647881023,2077.348415742902,0,0,2077.3486647881023,0,1,2077.3486647881023,0
n21_vd_0p05_vg_0p05,baseline,991,internal,2094,electron,984,991,991,991,1,1,6.4696812499999939e-10,4.3976850000000036e-08,3.5490447564792023e-08,0.35490455019271394,0.00043633926744795739,0,1.0006593864235858,0.99934090330935976,3.2049750428723635e+26,3.2092035353332975e+26,21840914470.360657,1.8450562542576647e-12,-1,9.5121011026928069e+26,9.5121011027165399e+26,9.5120999623242547e+26,0,-1.1403922851097058e+20,0,9.5121011026928069e+26,-2077.3486647881041,-2077.3484157429075,0,0,-2077.3486647881041,0,1,-2077.3486647881041,0
n21_vd_0p05_vg_0p05,baseline,991,contact_cut,2107,electron,991,996,991,991,0,0,8.1248676124068538e-11,4.3976850000000042e-08,0,0,0.0004360254390788489,0,1.0000437592472298,0.9999562420293141,3.2092035353332975e+26,3.2094844081888549e+26,0,0,1,-7.5741851818548214e+27,-7.5741851818737099e+27,-7.57417612351399e+27,0,9.0583597198974093e+21,0,-7.5741851818548214e+27,-16541.270224650696,-16541.250442131535,0,0,-16541.270224650696,0,1,-16541.270224650696,0
n21_vd_0p05_vg_0p05,baseline,991,contact_cut,2107,electron,991,996,991,996,0,1,8.1248676124068538e-11,4.3976850000000042e-08,0,0,0.0004360254390788489,0,1.0000437592472298,0.9999562420293141,3.2092035353332975e+26,3.2094844081888549e+26,0,0,1,7.574185181854806e+27,7.5741851818736571e+27,7.5741761235139383e+27,0,-9.0583597187978976e+21,0,7.574185181854806e+27,16541.270224650663,16541.250442131422,0,1,16541.270224650663,0,1,16541.270224650663,0
n21_vd_0p05_vg_0p05,baseline,991,internal,2112,electron,991,992,991,991,0,0,6.9505500000000106e-08,3.6410840056203397e-10,0,0,0.00043450260794550201,0,1.0030750127508206,0.99693127815768057,3.2092035353332975e+26,3.2289807207907474e+26,0,0,1,-7.3271416667702066e+22,-7.3271416667884241e+22,-7.3271416619002522e+22,0,48881719050240,0,-7.3271416667702066e+22,-0.16001751657022872,-0.16001751646387377,0,0,-0.16001751657022872,0,1,-0.16001751657022872,0
n21_vd_0p05_vg_0p05,baseline,991,internal,2112,electron,991,992,991,992,0,1,6.9505500000000106e-08,3.6410840056203397e-10,0,0,0.00043450260794550201,0,1.0030750127508206,0.99693127815768057,3.2092035353332975e+26,3.2289807207907474e+26,0,0,1,7.3271416667702116e+22,7.3271416667884761e+22,7.3271416619003042e+22,0,-48881719050240,0,7.3271416667702116e+22,0.16001751657022883,0.16001751646387488,0,0,0.16001751657022883,0,1,0.16001751657022883,0
n21_vd_0p05_vg_0p05,baseline,992,internal,2088,electron,983,992,992,983,1,0,6.4696812499999939e-10,9.9999999999999995e-08,0,0,0.00043337492859146337,0,1.0006679412804753,0.99933235601751491,3.2246710203524994e+26,3.2289807207907474e+26,0,0,-1,-2.1615052758388482e+27,-2.1615052758442507e+27,-2.1615050186561252e+27,0,2.5718812549872353e+20,0,-2.1615052758388482e+27,4720.5134283372272,4720.5128666756336,0,0,4720.5134283372272,0,1,4720.5134283372272,0
n21_vd_0p05_vg_0p05,baseline,992,internal,2088,electron,983,992,992,992,1,1,6.4696812499999939e-10,9.9999999999999995e-08,0,0,0.00043337492859146337,0,1.0006679412804753,0.99933235601751491,3.2246710203524994e+26,3.2289807207907474e+26,0,0,-1,2.1615052758388523e+27,2.1615052758442353e+27,2.1615050186561101e+27,0,-2.5718812522384563e+20,0,2.1615052758388523e+27,-4720.5134283372363,-4720.5128666756009,0,0,-4720.5134283372363,0,1,-4720.5134283372363,0
n21_vd_0p05_vg_0p05,baseline,992,internal,2112,electron,991,992,992,991,1,0,6.9505500000000106e-08,3.6410840056203397e-10,0,0,0.00043450260794550201,0,1.0030750127508206,0.99693127815768057,3.2092035353332975e+26,3.2289807207907474e+26,0,0,-1,-7.3271416667702066e+22,-7.3271416667884241e+22,-7.3271416619002522e+22,0,48881719050240,0,-7.3271416667702066e+22,0.16001751657022872,0.16001751646387377,0,0,0.16001751657022872,0,1,0.16001751657022872,0
n21_vd_0p05_vg_0p05,baseline,992,internal,2112,electron,991,992,992,992,1,1,6.9505500000000106e-08,3.6410840056203397e-10,0,0,0.00043450260794550201,0,1.0030750127508206,0.99693127815768057,3.2092035353332975e+26,3.2289807207907474e+26,0,0,-1,7.3271416667702116e+22,7.3271416667884761e+22,7.3271416619003042e+22,0,-48881719050240,0,7.3271416667702116e+22,-0.16001751657022883,-0.16001751646387488,0,0,-0.16001751657022883,0,1,-0.16001751657022883,0
n21_vd_0p05_vg_0p05,baseline,992,contact_cut,2114,electron,992,993,992,992,0,0,8.1248676124068538e-11,1.0000000000000004e-07,0,0,0.00043305867544140268,0,1.0000433573285019,0.99995664392470052,3.2289807207907474e+26,3.2292607288398993e+26,0,0,1,-1.721134188132549e+28,-1.7211341881368298e+28,-1.7211321452698009e+28,0,2.0428670288877366e+22,0,-1.721134188132549e+28,-37587.865909311455,-37587.82129521246,0,0,-37587.865909311455,0,1,-37587.865909311455,0
n21_vd_0p05_vg_0p05,baseline,992,contact_cut,2114,electron,992,993,992,993,0,1,8.1248676124068538e-11,1.0000000000000004e-07,0,0,0.00043305867544140268,0,1.0000433573285019,0.99995664392470052,3.2289807207907474e+26,3.2292607288398993e+26,0,0,1,1.7211341881325452e+28,1.721134188136836e+28,1.7211321452697952e+28,0,-2.0428670407624622e+22,0,1.7211341881325452e+28,37587.865909311367,37587.821295212336,0,1,37587.865909311367,0,1,37587.865909311367,0
n21_vd_0p05_vg_0p05,baseline,992,internal,2115,electron,992,995,992,992,0,0,1.3049449999999989e-07,3.6410840056203397e-10,0,0,0.00043288659681688042,0,1.0003416384520769,0.99965843934142662,3.2289807207907474e+26,3.2311875113003079e+26,0,0,1,-3.9014534437262754e+22,-3.901453443735986e+22,-3.9014534424469917e+22,0,12889943441408,0,-3.9014534437262754e+22,-0.085203878875544675,-0.085203878847606385,0,0,-0.085203878875544675,0,1,-0.085203878875544675,0
n21_vd_0p05_vg_0p05,baseline,992,internal,2115,electron,992,995,992,995,0,1,1.3049449999999989e-07,3.6410840056203397e-10,0,0,0.00043288659681688042,0,1.0003416384520769,0.99965843934142662,3.2289807207907474e+26,3.2311875113003079e+26,0,0,1,3.9014534437262636e+22,3.9014534437359717e+22,3.9014534424469774e+22,0,-12889943441408,0,3.9014534437262636e+22,0.085203878875544425,0.085203878847606079,0,0,0.085203878875544425,0,1,0.085203878875544425,0
n21_vd_0p05_vg_0p05,baseline,995,internal,2085,electron,982,995,995,982,1,0,6.4696812499999939e-10,6.5247249999999943e-08,0,0,0.00043305077989413179,0,1.0006753758590841,0.99932492809243501,3.2268269063893418e+26,3.2311875113003079e+26,0,0,-1,-1.4102205383692304e+27,-1.4102205383727486e+27,-1.4102203707159071e+27,0,1.6765684143377246e+20,0,-1.4102205383692304e+27,3079.7819754131465,3079.7816092748944,0,0,3079.7819754131465,0,1,3079.7819754131465,0
n21_vd_0p05_vg_0p05,baseline,995,internal,2085,electron,982,995,995,995,1,1,6.4696812499999939e-10,6.5247249999999943e-08,0,0,0.00043305077989413179,0,1.0006753758590841,0.99932492809243501,3.2268269063893418e+26,3.2311875113003079e+26,0,0,-1,1.4102205383692276e+27,1.4102205383727387e+27,1.4102203707159121e+27,0,-1.6765682659036548e+20,0,1.4102205383692276e+27,-3079.7819754131406,-3079.7816092749049,0,0,-3079.7819754131406,0,1,-3079.7819754131406,0
n21_vd_0p05_vg_0p05,baseline,995,internal,2115,electron,992,995,995,992,1,0,1.3049449999999989e-07,3.6410840056203397e-10,0,0,0.00043288659681688042,0,1.0003416384520769,0.99965843934142662,3.2289807207907474e+26,3.2311875113003079e+26,0,0,-1,-3.9014534437262754e+22,-3.901453443735986e+22,-3.9014534424469917e+22,0,12889943441408,0,-3.9014534437262754e+22,0.085203878875544675,0.085203878847606385,0,0,0.085203878875544675,0,1,0.085203878875544675,0
n21_vd_0p05_vg_0p05,baseline,995,internal,2115,electron,992,995,995,995,1,1,1.3049449999999989e-07,3.6410840056203397e-10,0,0,0.00043288659681688042,0,1.0003416384520769,0.99965843934142662,3.2289807207907474e+26,3.2311875113003079e+26,0,0,-1,3.9014534437262636e+22,3.9014534437359717e+22,3.9014534424469774e+22,0,-12889943441408,0,3.9014534437262636e+22,-0.085203878875544425,-0.085203878847606079,0,0,-0.085203878875544425,0,1,-0.085203878875544425,0
n21_vd_0p05_vg_0p05,baseline,995,contact_cut,2118,electron,994,995,995,994,1,0,8.1248676124068538e-11,6.5247249999999956e-08,0,0,0.0004327321577808644,0,0.99995964697567152,1.0000403541099354,3.2314483017083006e+26,3.2311875113003079e+26,0,0,-1,-1.1229095511993257e+28,-1.1229095512021253e+28,-1.1229082195006862e+28,0,1.3317014390946851e+22,0,-1.1229095511993257e+28,24523.232371882226,24523.203288902965,0,1,24523.232371882226,0,1,24523.232371882226,0
n21_vd_0p05_vg_0p05,baseline,995,contact_cut,2118,electron,994,995,995,995,1,1,8.1248676124068538e-11,6.5247249999999956e-08,0,0,0.0004327321577808644,0,0.99995964697567152,1.0000403541099354,3.2314483017083006e+26,3.2311875113003079e+26,0,0,-1,1.1229095511993239e+28,1.1229095512021292e+28,1.1229082195006901e+28,0,-1.3317014390946851e+22,0,1.1229095511993239e+28,-24523.232371882186,-24523.203288903052,0,0,-24523.232371882186,0,1,-24523.232371882186,0
n21_vd_0p05_vg_0p05,baseline,997,internal,2108,electron,990,997,997,990,1,0,8.1248676124068538e-11,3.8864649999999965e-08,0,0,0.00043681583305211157,0,1.0000099245552738,0.99999007551039021,3.2037093296426866e+26,3.2037729208440734e+26,0,0,-1,-6.6941317474371459e+27,-6.6941317474538046e+27,-6.6941237254996549e+27,0,8.0219541496807524e+21,0,-6.6941317474371459e+27,14619.320691952604,14619.303172835685,0,0,14619.320691952604,0,1,14619.320691952604,0
n21_vd_0p05_vg_0p05,baseline,997,internal,2108,electron,990,997,997,997,1,1,8.1248676124068538e-11,3.8864649999999965e-08,0,0,0.00043681583305211157,0,1.0000099245552738,0.99999007551039021,3.2037093296426866e+26,3.2037729208440734e+26,0,0,-1,6.6941317474371426e+27,6.6941317474538519e+27,6.6941237254997022e+27,0,-8.0219541496807524e+21,0,6.6941317474371426e+27,-14619.320691952596,-14619.303172835789,0,0,-14619.320691952596,0,1,-14619.320691952596,0
n21_vd_0p05_vg_0p05,baseline,997,contact_cut,2109,electron,996,997,997,996,1,0,1.8448199999999969e-08,4.0624338062034256e-11,5.4452574714210016e-08,0.54452574047014757,0.00043636934781014764,0,0.9991096890303468,1.0008908397192549,3.2094844081888549e+26,3.2037729208440734e+26,-30953331.192031793,-2.614846433443501e-15,-1,-3.0813070439182936e+22,-3.0813070439259952e+22,-3.0813070349336461e+22,-0,89923491201024,0,-3.0813070439182936e+22,0.067292693847353924,0.06729269365113813,0,1,0.067292693847353924,0,1,0.067292693847353924,0
n21_vd_0p05_vg_0p05,baseline,997,contact_cut,2109,electron,996,997,997,997,1,1,1.8448199999999969e-08,4.0624338062034256e-11,5.4452574714210016e-08,-0.54452574047014757,0.00043636934781014764,0,0.9991096890303468,1.0008908397192549,3.2094844081888549e+26,3.2037729208440734e+26,-30953331.192031793,-2.614846433443501e-15,-1,3.0813070439184102e+22,3.081307043926126e+22,3.0813070349337773e+22,-0,-89923487006720,0,3.0813070439184102e+22,-0.067292693847356477,-0.067292693651140989,0,0,-0.067292693847356477,0,1,-0.067292693847356477,0
n21_vd_0p05_vg_0p05,baseline,997,internal,2274,electron,997,1054,997,997,0,0,5.9281099999999972e-08,4.0624338062034256e-11,3.5246784165489362e-08,0.35246784137188403,0.00046151285126553714,-4.4408920985006262e-13,0.94851631741301357,1.0533137651400983,3.2037729208440734e+26,2.8850196335397035e+26,-20081499.019551698,-1.6964260086808169e-15,1,-9.6108184977516108e+21,-9.6108184977756463e+21,-9.6108184895974602e+21,0.019323355801995755,8178186059776,0,-9.6108184977516108e+21,-0.020989075660868627,-0.020989075643060771,0,0,-0.020989075660868627,0,1,-0.020989075660868627,0
n21_vd_0p05_vg_0p05,baseline,997,internal,2274,electron,997,1054,997,1054,0,1,5.9281099999999972e-08,4.0624338062034256e-11,3.5246784165489362e-08,-0.35246784137188403,0.00046151285126553714,4.4408920985006262e-13,0.94851631741301357,1.0533137651400983,3.2037729208440734e+26,2.8850196335397035e+26,-20081499.019551698,-1.6964260086808169e-15,1,9.6108184977524245e+21,9.6108184977763551e+21,9.6108184895981691e+21,-0.019323355801995755,-8178186059776,0,9.6108184977524245e+21,0.020989075660870403,0.020989075643062318,0,0,0.020989075660870403,0,1,0.020989075660870403,0
n21_vd_0p05_vg_0p05,sentaurus,990,internal,2091,electron,985,990,990,985,1,0,6.4696812499999939e-10,3.8864649999999965e-08,0,0,0.00043712900798672936,0,1.0006153600644287,0.9993848922773938,3.1997271116276636e+26,3.2036666960346176e+26,0,0,-1,-8.4073980656713905e+26,-8.4073980656923513e+26,-8.4073970557180125e+26,0,1.0099743387282938e+20,0,-8.4073980656713905e+26,1836.0924634327437,1836.0922428689294,0,0,1836.0924634327437,0,1,1836.0924634327437,0
n21_vd_0p05_vg_0p05,sentaurus,990,internal,2091,electron,985,990,990,990,1,1,6.4696812499999939e-10,3.8864649999999965e-08,0,0,0.00043712900798672936,0,1.0006153600644287,0.9993848922773938,3.1997271116276636e+26,3.2036666960346176e+26,0,0,-1,8.407398065671396e+26,8.4073980656923513e+26,8.4073970557180125e+26,0,-1.0099743387282938e+20,0,8.407398065671396e+26,-1836.0924634327448,-1836.0922428689294,0,0,-1836.0924634327448,0,1,-1836.0924634327448,0
n21_vd_0p05_vg_0p05,sentaurus,990,internal,2092,electron,990,991,990,990,0,0,1.8448199999999969e-08,3.6410840056203397e-10,2.0225242036706578e-08,-0.20225241967319896,0.00043640720276282203,0,1.0008669153150933,0.99913358542363384,3.2036666960346176e+26,3.2092245226630941e+26,103048101.80497263,8.7052007361075357e-15,1,-2.7618002875775433e+23,-2.7618002875844602e+23,-2.76180027952378e+23,0,806068020051968,0,-2.7618002875775433e+23,-0.60314982755875524,-0.60314982579989307,0,0,-0.60314982755875524,0,1,-0.60314982755875524,0
n21_vd_0p05_vg_0p05,sentaurus,990,internal,2092,electron,990,991,990,991,0,1,1.8448199999999969e-08,3.6410840056203397e-10,2.0225242036706578e-08,0.20225241967319896,0.00043640720276282203,0,1.0008669153150933,0.99913358542363384,3.2036666960346176e+26,3.2092245226630941e+26,103048101.80497263,8.7052007361075357e-15,1,2.7618002875775107e+23,2.7618002875844005e+23,2.7618002795237206e+23,0,-806067986497536,0,2.7618002875775107e+23,0.60314982755874813,0.60314982579988008,0,0,0.60314982755874813,0,1,0.60314982755874813,0
n21_vd_0p05_vg_0p05,sentaurus,990,internal,2108,electron,990,997,990,990,0,0,8.1248676124068538e-11,3.8864649999999965e-08,6.4292374856733858e-06,64.292374979402211,0.00043681583425971823,-3.0198066269804258e-11,1.0000096674091419,0.99999033265316373,3.2036666960346176e+26,3.2037286387473172e+26,-3496746324090.2236,-2.9539485096058938e-10,1,-6.6940409619405872e+27,-6.6940409619573459e+27,-6.6940329401119413e+27,241737.97958246007,8.0218454046822304e+21,0,-6.6940409619405872e+27,-14619.122425420297,-14619.104906541086,0,0,-14619.122425420297,0,1,-14619.122425420297,0
n21_vd_0p05_vg_0p05,sentaurus,990,internal,2108,electron,990,997,990,997,0,1,8.1248676124068538e-11,3.8864649999999965e-08,6.4292374856733858e-06,-64.292374979402211,0.00043681583425971823,3.0198066269804258e-11,1.0000096674091419,0.99999033265316373,3.2036666960346176e+26,3.2037286387473172e+26,-3496746324090.2236,-2.9539485096058938e-10,1,6.6940409619407444e+27,6.6940409619574339e+27,6.6940329401120534e+27,-241737.97958246007,-8.0218453804929746e+21,0,6.6940409619407444e+27,14619.122425420641,14619.10490654133,0,0,14619.122425420641,0,1,14619.122425420641,0
n21_vd_0p05_vg_0p05,sentaurus,990,internal,2110,electron,990,998,990,990,0,0,5.9281099999999972e-08,3.6410840056203397e-10,3.4568961393076102e-08,0.3456896158215983,0.00046177651424482723,0,0.9485409515150357,1.0532873488060777,3.2036666960346176e+26,2.8850712577517502e+26,-176625044.23288855,-1.4920764556935991e-14,1,-8.6188574605753358e+22,-8.618857460596856e+22,-8.6188574532581124e+22,-0,73387435098112,0,-8.6188574605753358e+22,-0.18822731008038346,-0.18822730992058254,0,0,-0.18822731008038346,0,1,-0.18822731008038346,0
n21_vd_0p05_vg_0p05,sentaurus,990,internal,2110,electron,990,998,990,998,0,1,5.9281099999999972e-08,3.6410840056203397e-10,3.4568961393076102e-08,-0.3456896158215983,0.00046177651424482723,0,0.9485409515150357,1.0532873488060777,3.2036666960346176e+26,2.8850712577517502e+26,-176625044.23288855,-1.4920764556935991e-14,1,8.6188574605760438e+22,8.6188574605975707e+22,8.6188574532587651e+22,-0,-73388055855104,0,8.6188574605760438e+22,0.18822731008039892,0.1882273099205968,0,0,0.18822731008039892,0,1,0.18822731008039892,0
n21_vd_0p05_vg_0p05,sentaurus,991,internal,2092,electron,990,991,991,990,1,0,1.8448199999999969e-08,3.6410840056203397e-10,2.0225242036706578e-08,-0.20225241967319896,0.00043640720276282203,0,1.0008669153150933,0.99913358542363384,3.2036666960346176e+26,3.2092245226630941e+26,103048101.80497263,8.7052007361075357e-15,-1,-2.7618002875775433e+23,-2.7618002875844602e+23,-2.76180027952378e+23,0,806068020051968,0,-2.7618002875775433e+23,0.60314982755875524,0.60314982579989307,0,0,0.60314982755875524,0,1,0.60314982755875524,0
n21_vd_0p05_vg_0p05,sentaurus,991,internal,2092,electron,990,991,991,991,1,1,1.8448199999999969e-08,3.6410840056203397e-10,2.0225242036706578e-08,0.20225241967319896,0.00043640720276282203,0,1.0008669153150933,0.99913358542363384,3.2036666960346176e+26,3.2092245226630941e+26,103048101.80497263,8.7052007361075357e-15,-1,2.7618002875775107e+23,2.7618002875844005e+23,2.7618002795237206e+23,0,-806067986497536,0,2.7618002875775107e+23,-0.60314982755874813,-0.60314982579988008,0,0,-0.60314982755874813,0,1,-0.60314982755874813,0
n21_vd_0p05_vg_0p05,sentaurus,991,internal,2094,electron,984,991,991,984,1,0,6.4696812499999939e-10,4.3976850000000036e-08,3.1941402808312816e-07,3.1941402856006107,0.00043633926730061106,-8.8817841970012523e-13,1.0006603672761629,0.99933992331920263,3.204989718061967e+26,3.2092245226630941e+26,-196569322907.09445,-1.6605598594193852e-11,-1,-9.512153978094376e+26,-9.5121539781181406e+26,-9.5121528377194825e+26,400.12129016311036,1.1403986581539783e+20,0,-9.512153978094376e+26,2077.3602122520833,2077.359963205502,0,0,2077.3602122520833,0,1,2077.3602122520833,0
n21_vd_0p05_vg_0p05,sentaurus,991,internal,2094,electron,984,991,991,991,1,1,6.4696812499999939e-10,4.3976850000000036e-08,3.1941402808312816e-07,-3.1941402856006107,0.00043633926730061106,8.8817841970012523e-13,1.0006603672761629,0.99933992331920263,3.204989718061967e+26,3.2092245226630941e+26,-196569322907.09445,-1.6605598594193852e-11,-1,9.5121539780944571e+26,9.5121539781182162e+26,9.5121528377195594e+26,-400.12129016311036,-1.1403986567795887e+20,0,9.5121539780944571e+26,-2077.3602122521011,-2077.3599632055189,0,0,-2077.3602122521011,0,1,-2077.3602122521011,0
n21_vd_0p05_vg_0p05,sentaurus,991,contact_cut,2107,electron,991,996,991,991,0,0,8.1248676124068538e-11,4.3976850000000042e-08,1.2717173048584718e-06,12.717173092369194,0.00043602543848138205,-5.773159728050814e-12,1.0000421494292722,0.99995785175507723,3.2092245226630941e+26,3.2094950642291902e+26,-782609172518.63452,-6.6112522456623977e-11,1,-7.5742225120089089e+27,-7.5742225120277656e+27,-7.5742134536234286e+27,10362.073766438454,9.0584043369797528e+21,0,-7.5742225120089089e+27,-16541.351750009722,-16541.331967393053,0,0,-16541.351750009722,0,1,-16541.351750009722,0
n21_vd_0p05_vg_0p05,sentaurus,991,contact_cut,2107,electron,991,996,991,996,0,1,8.1248676124068538e-11,4.3976850000000042e-08,1.2717173048584718e-06,-12.717173092369194,0.00043602543848138205,5.773159728050814e-12,1.0000421494292722,0.99995785175507723,3.2092245226630941e+26,3.2094950642291902e+26,-782609172518.63452,-6.6112522456623977e-11,1,7.5742225120089419e+27,7.5742225120278513e+27,7.5742134536234869e+27,-10362.073766438454,-9.0584043644675435e+21,0,7.5742225120089419e+27,16541.351750009795,16541.33196739318,0,1,16541.351750009795,0,1,16541.351750009795,0
n21_vd_0p05_vg_0p05,sentaurus,991,internal,2112,electron,991,992,991,991,0,0,6.9505500000000106e-08,3.6410840056203397e-10,1.156227336072899e-09,-0.011562274575271925,0.00043450261579385582,0,1.0030742381201612,0.9969320496224755,3.2092245226630941e+26,3.2289968451168136e+26,5888429.8546202527,4.9743724539411398e-16,1,-7.3271840581941119e+22,-7.3271840582123882e+22,-7.3271840533241114e+22,0,48882767626240,0,-7.3271840581941119e+22,-0.16001844235693871,-0.16001844225058273,0,0,-0.16001844235693871,0,1,-0.16001844235693871,0
n21_vd_0p05_vg_0p05,sentaurus,991,internal,2112,electron,991,992,991,992,0,1,6.9505500000000106e-08,3.6410840056203397e-10,1.156227336072899e-09,0.011562274575271925,0.00043450261579385582,0,1.0030742381201612,0.9969320496224755,3.2092245226630941e+26,3.2289968451168136e+26,5888429.8546202527,4.9743724539411398e-16,1,7.3271840581940918e+22,7.3271840582123664e+22,7.3271840533240879e+22,0,-48882784403456,0,7.3271840581940918e+22,0.16001844235693827,0.1600184422505822,0,0,0.16001844235693827,0,1,0.16001844235693827,0
n21_vd_0p05_vg_0p05,sentaurus,992,internal,2088,electron,983,992,992,983,1,0,6.4696812499999939e-10,9.9999999999999995e-08,7.452993988606324e-07,-7.4529939997347583,0.00043337492860866586,2.2204460492503131e-12,1.0006684551648606,0.99933184259065921,3.2246838104019629e+26,3.2289968451168136e+26,1042249992543.2751,8.8046215732020115e-11,-1,-2.1615149591544713e+27,-2.1615149591598561e+27,-2.161514701970594e+27,5340.0871289525894,2.5718926211886875e+20,0,-2.1615149591544713e+27,4720.5345757394289,4720.5340140753151,0,0,4720.5345757394289,0,1,4720.5345757394289,0
n21_vd_0p05_vg_0p05,sentaurus,992,internal,2088,electron,983,992,992,992,1,1,6.4696812499999939e-10,9.9999999999999995e-08,7.452993988606324e-07,7.4529939997347583,0.00043337492860866586,-2.2204460492503131e-12,1.0006684551648606,0.99933184259065921,3.2246838104019629e+26,3.2289968451168136e+26,1042249992543.2751,8.8046215732020115e-11,-1,2.1615149591544325e+27,2.1615149591598157e+27,2.1615147019705382e+27,-5340.0871289525894,-2.5718927751203154e+20,0,2.1615149591544325e+27,-4720.5345757393443,-4720.5340140751932,0,0,-4720.5345757393443,0,1,-4720.5345757393443,0
n21_vd_0p05_vg_0p05,sentaurus,992,internal,2112,electron,991,992,992,991,1,0,6.9505500000000106e-08,3.6410840056203397e-10,1.156227336072899e-09,-0.011562274575271925,0.00043450261579385582,0,1.0030742381201612,0.9969320496224755,3.2092245226630941e+26,3.2289968451168136e+26,5888429.8546202527,4.9743724539411398e-16,-1,-7.3271840581941119e+22,-7.3271840582123882e+22,-7.3271840533241114e+22,0,48882767626240,0,-7.3271840581941119e+22,0.16001844235693871,0.16001844225058273,0,0,0.16001844235693871,0,1,0.16001844235693871,0
n21_vd_0p05_vg_0p05,sentaurus,992,internal,2112,electron,991,992,992,992,1,1,6.9505500000000106e-08,3.6410840056203397e-10,1.156227336072899e-09,0.011562274575271925,0.00043450261579385582,0,1.0030742381201612,0.9969320496224755,3.2092245226630941e+26,3.2289968451168136e+26,5888429.8546202527,4.9743724539411398e-16,-1,7.3271840581940918e+22,7.3271840582123664e+22,7.3271840533240879e+22,0,-48882784403456,0,7.3271840581940918e+22,-0.16001844235693827,-0.1600184422505822,0,0,-0.16001844235693827,0,1,-0.16001844235693827,0
n21_vd_0p05_vg_0p05,sentaurus,992,contact_cut,2114,electron,992,993,992,992,0,0,8.1248676124068538e-11,1.0000000000000004e-07,3.3912461462892577e-06,33.912460395413291,0.00043305867545034821,-1.5987211554602254e-11,1.0000425200434027,0.99995748116186589,3.2289968451168136e+26,3.229271447072796e+26,-4742334056312.7754,-4.006184412403187e-10,1,-1.7211413418459313e+28,-1.7211413418502108e+28,-1.7211392989746851e+28,175072.57588598994,2.0428755256936938e+22,0,-1.7211413418459313e+28,-37588.022139326065,-37587.97752504149,0,0,-37588.022139326065,0,1,-37588.022139326065,0
n21_vd_0p05_vg_0p05,sentaurus,992,contact_cut,2114,electron,992,993,992,993,0,1,8.1248676124068538e-11,1.0000000000000004e-07,3.3912461462892577e-06,-33.912460395413291,0.00043305867545034821,1.5987211554602254e-11,1.0000425200434027,0.99995748116186589,3.2289968451168136e+26,3.229271447072796e+26,-4742334056312.7754,-4.006184412403187e-10,1,1.7211413418459482e+28,1.7211413418502354e+28,1.7211392989747034e+28,-175072.57588598994,-2.0428755320708612e+22,0,1.7211413418459482e+28,37588.022139326436,37587.977525041882,0,1,37588.022139326436,0,1,37588.022139326436,0
n21_vd_0p05_vg_0p05,sentaurus,992,internal,2115,electron,992,995,992,992,0,0,1.3049449999999989e-07,3.6410840056203397e-10,3.5191043785606761e-10,0.0035191038451343193,0.00043288660279902337,0,1.0003383297917645,0.99966174650239303,3.2289968451168136e+26,3.2311822696511502e+26,-1791643.1901900396,-1.5135275026804777e-16,1,-3.9014600758054261e+22,-3.9014600758151636e+22,-3.9014600745261533e+22,-0,12890102824960,0,-3.9014600758054261e+22,-0.085204023713584348,-0.085204023685646293,0,0,-0.085204023713584348,0,1,-0.085204023713584348,0
n21_vd_0p05_vg_0p05,sentaurus,992,internal,2115,electron,992,995,992,995,0,1,1.3049449999999989e-07,3.6410840056203397e-10,3.5191043785606761e-10,-0.0035191038451343193,0.00043288660279902337,0,1.0003383297917645,0.99966174650239303,3.2289968451168136e+26,3.2311822696511502e+26,-1791643.1901900396,-1.5135275026804777e-16,1,3.9014600758054319e+22,3.9014600758151845e+22,3.9014600745261466e+22,-0,-12890379649024,0,3.9014600758054319e+22,0.085204023713584473,0.085204023685646155,0,0,0.085204023713584473,0,1,0.085204023713584473,0
n21_vd_0p05_vg_0p05,sentaurus,995,internal,2085,electron,982,995,995,982,1,0,6.4696812499999939e-10,6.5247249999999943e-08,3.5490447564792024e-07,3.5490446137487197,0.00043305077989818773,-1.3322676295501878e-12,1.0006738469950156,0.99932645558224498,3.2268315341379517e+26,3.2311822696511502e+26,-323803363158.75726,-2.7353956317006979e-11,-1,-1.410220406264504e+27,-1.4102204062680271e+27,-1.4102202386112013e+27,996.17125542948713,1.6765682576573176e+20,0,-1.410220406264504e+27,3079.7816869095086,3079.7813207713016,0,0,3079.7816869095086,0,1,3079.7816869095086,0
n21_vd_0p05_vg_0p05,sentaurus,995,internal,2085,electron,982,995,995,995,1,1,6.4696812499999939e-10,6.5247249999999943e-08,3.5490447564792024e-07,-3.5490446137487197,0.00043305077989818773,1.3322676295501878e-12,1.0006738469950156,0.99932645558224498,3.2268315341379517e+26,3.2311822696511502e+26,-323803363158.75726,-2.7353956317006979e-11,-1,1.4102204062645153e+27,1.4102204062680345e+27,1.410220238611209e+27,-996.17125542948713,-1.6765682549085386e+20,0,1.4102204062645153e+27,-3079.7816869095336,-3079.7813207713184,0,0,-3079.7816869095336,0,1,-3079.7816869095336,0
n21_vd_0p05_vg_0p05,sentaurus,995,internal,2115,electron,992,995,995,992,1,0,1.3049449999999989e-07,3.6410840056203397e-10,3.5191043785606761e-10,0.0035191038451343193,0.00043288660279902337,0,1.0003383297917645,0.99966174650239303,3.2289968451168136e+26,3.2311822696511502e+26,-1791643.1901900396,-1.5135275026804777e-16,-1,-3.9014600758054261e+22,-3.9014600758151636e+22,-3.9014600745261533e+22,-0,12890102824960,0,-3.9014600758054261e+22,0.085204023713584348,0.085204023685646293,0,0,0.085204023713584348,0,1,0.085204023713584348,0
n21_vd_0p05_vg_0p05,sentaurus,995,internal,2115,electron,992,995,995,995,1,1,1.3049449999999989e-07,3.6410840056203397e-10,3.5191043785606761e-10,-0.0035191038451343193,0.00043288660279902337,0,1.0003383297917645,0.99966174650239303,3.2289968451168136e+26,3.2311822696511502e+26,-1791643.1901900396,-1.5135275026804777e-16,-1,3.9014600758054319e+22,3.9014600758151845e+22,3.9014600745261466e+22,-0,-12890379649024,0,3.9014600758054319e+22,-0.085204023713584473,-0.085204023685646155,0,0,-0.085204023713584473,0,1,-0.085204023713584473,0
n21_vd_0p05_vg_0p05,sentaurus,995,contact_cut,2118,electron,994,995,995,994,1,0,8.1248676124068538e-11,6.5247249999999956e-08,1.6956230731446288e-06,16.956230197706645,0.00043273215778501353,-7.9936057773011271e-12,0.99995717645386173,1.0000428247687438,3.2314590268193235e+26,3.2311822696511502e+26,-1547001572454.9668,-1.3068614551272246e-10,-1,-1.1229105038303008e+28,-1.1229105038331028e+28,-1.1229091721305382e+28,28576.847097214311,1.3317025645547873e+22,0,-1.1229105038303008e+28,24523.253176399154,24523.224093395369,0,1,24523.253176399154,0,1,24523.253176399154,0
n21_vd_0p05_vg_0p05,sentaurus,995,contact_cut,2118,electron,994,995,995,995,1,1,8.1248676124068538e-11,6.5247249999999956e-08,1.6956230731446288e-06,-16.956230197706645,0.00043273215778501353,7.9936057773011271e-12,0.99995717645386173,1.0000428247687438,3.2314590268193235e+26,3.2311822696511502e+26,-1547001572454.9668,-1.3068614551272246e-10,-1,1.1229105038303089e+28,1.1229105038331048e+28,1.1229091721305442e+28,-28576.847097214311,-1.3317025605965455e+22,0,1.1229105038303089e+28,-24523.253176399332,-24523.2240933955,0,0,-24523.253176399332,0,1,-24523.253176399332,0
n21_vd_0p05_vg_0p05,sentaurus,997,internal,2108,electron,990,997,997,990,1,0,8.1248676124068538e-11,3.8864649999999965e-08,6.4292374856733858e-06,64.292374979402211,0.00043681583425971823,-3.0198066269804258e-11,1.0000096674091419,0.99999033265316373,3.2036666960346176e+26,3.2037286387473172e+26,-3496746324090.2236,-2.9539485096058938e-10,-1,-6.6940409619405872e+27,-6.6940409619573459e+27,-6.6940329401119413e+27,241737.97958246007,8.0218454046822304e+21,0,-6.6940409619405872e+27,14619.122425420297,14619.104906541086,0,0,14619.122425420297,0,1,14619.122425420297,0
n21_vd_0p05_vg_0p05,sentaurus,997,internal,2108,electron,990,997,997,997,1,1,8.1248676124068538e-11,3.8864649999999965e-08,6.4292374856733858e-06,-64.292374979402211,0.00043681583425971823,3.0198066269804258e-11,1.0000096674091419,0.99999033265316373,3.2036666960346176e+26,3.2037286387473172e+26,-3496746324090.2236,-2.9539485096058938e-10,-1,6.6940409619407444e+27,6.6940409619574339e+27,6.6940329401120534e+27,-241737.97958246007,-8.0218453804929746e+21,0,6.6940409619407444e+27,-14619.122425420641,-14619.10490654133,0,0,-14619.122425420641,0,1,-14619.122425420641,0
n21_vd_0p05_vg_0p05,sentaurus,997,contact_cut,2109,electron,996,997,997,996,1,0,1.8448199999999969e-08,4.0624338062034256e-11,4.2939744631777044e-08,0.42939743774561556,0.00043636891141533938,0,0.99910112308323318,1.0008994158929092,3.2094950642291902e+26,3.2037286387473172e+26,-24408759.956258792,-2.0619802928620536e-15,-1,-3.0812877749961148e+22,-3.0812877750038e+22,-3.0812877660115511e+22,-0,89922488762368,0,-3.0812877749961148e+22,0.06729227303317914,0.067292272836965164,0,1,0.06729227303317914,0,1,0.06729227303317914,0
n21_vd_0p05_vg_0p05,sentaurus,997,contact_cut,2109,electron,996,997,997,997,1,1,1.8448199999999969e-08,4.0624338062034256e-11,4.2939744631777044e-08,-0.42939743774561556,0.00043636891141533938,0,0.99910112308323318,1.0008994158929092,3.2094950642291902e+26,3.2037286387473172e+26,-24408759.956258792,-2.0619802928620536e-15,-1,3.0812877749962083e+22,3.0812877750039053e+22,3.0812877660116568e+22,-0,-89922484568064,0,3.0812877749962083e+22,-0.06729227303318118,-0.067292272836967482,0,0,-0.06729227303318118,0,1,-0.06729227303318118,0
n21_vd_0p05_vg_0p05,sentaurus,997,internal,2274,electron,997,1054,997,997,0,0,5.9281099999999972e-08,4.0624338062034256e-11,2.4401619806877246e-08,0.24401619787284279,0.00046151304237506649,0,0.94854166891820191,1.0532865795135851,3.2037286387473172e+26,2.885131329748794e+26,-13902761.418390404,-1.1744644182029892e-15,1,-9.6109465081647129e+21,-9.6109465081886498e+21,-9.6109465000103903e+21,-0,8178259460096,0,-9.6109465081647129e+21,-0.020989355222931588,-0.020989355205123354,0,0,-0.020989355222931588,0,1,-0.020989355222931588,0
n21_vd_0p05_vg_0p05,sentaurus,997,internal,2274,electron,997,1054,997,1054,0,1,5.9281099999999972e-08,4.0624338062034256e-11,2.4401619806877246e-08,-0.24401619787284279,0.00046151304237506649,0,0.94854166891820191,1.0532865795135851,3.2037286387473172e+26,2.885131329748794e+26,-13902761.418390404,-1.1744644182029892e-15,1,9.6109465081652456e+21,9.6109465081892223e+21,9.6109465000109272e+21,-0,-8178295111680,0,9.6109465081652456e+21,0.02098935522293275,0.020989355205124526,0,0,0.02098935522293275,0,1,0.02098935522293275,0
n21_vd_0p05_vg_0p8,baseline,990,internal,2091,electron,985,990,990,985,1,0,6.4696812499999939e-10,3.8864649999999965e-08,0.01741900446100195,-174190.04460994535,0.0004371290074961463,6.5628835699271804e-08,1.0006224585277792,0.99937779966816032,3.1997242863512808e+26,3.2037093296321691e+26,9474810266902260,8.0040412065054334e-07,-1,-8.4074502755730492e+26,-8.4074502755939867e+26,-8.4074492656556267e+26,1422510873506.3389,1.0099383599590539e+20,0,-8.4074502755730492e+26,1836.103865558134,1836.103645002172,0,0,1836.103865558134,0,1,1836.103865558134,0
n21_vd_0p05_vg_0p8,baseline,990,internal,2091,electron,985,990,990,990,1,1,6.4696812499999939e-10,3.8864649999999965e-08,0.01741900446100195,174190.04460994535,0.0004371290074961463,-6.5628835699271804e-08,1.0006224585277792,0.99937779966816032,3.1997242863512808e+26,3.2037093296321691e+26,9474810266902260,8.0040412065054334e-07,-1,8.407450271908032e+26,8.4074502719290244e+26,8.4074492619906054e+26,-1422510873506.3389,-1.0099384190578039e+20,0,8.407450271908032e+26,-1836.1038647577307,-1836.1036442017678,0,0,-1836.1038647577307,0,1,-1836.1038647577307,0
n21_vd_0p05_vg_0p8,baseline,990,internal,2092,electron,990,991,990,990,0,0,1.8448199999999969e-08,3.6410840056203397e-10,5.1696371087237507,-51696371.087237515,0.00043640719078148787,1.3173621304929384e-05,1.0008588315294658,0.99914165991690107,3.2037093296321691e+26,3.209203535326297e+26,26339515712020644,2.2250848637556715e-06,1,-2.7618146583424108e+23,-2.7618146583492962e+23,-2.7618146494422907e+23,795098735023218.5,890700551946240,0,-2.7618146583424108e+23,-0.60315296599146184,-0.60315296404776375,0,0,-0.60315296599146184,0,1,-0.60315296599146184,0
n21_vd_0p05_vg_0p8,baseline,990,internal,2092,electron,990,991,990,991,0,1,1.8448199999999969e-08,3.6410840056203397e-10,5.1696371087237507,51696371.087237515,0.00043640719078148787,-1.3173621304929384e-05,1.0008588315294658,0.99914165991690107,3.2037093296321691e+26,3.209203535326297e+26,26339515712020644,2.2250848637556715e-06,1,2.761804469762835e+23,2.7618044697697422e+23,2.7618044608627726e+23,-795098735023218.5,-890696961622016,0,2.761804469762835e+23,0.60315074090659893,0.60315073896291349,0,0,0.60315074090659893,0,1,0.60315074090659893,0
n21_vd_0p05_vg_0p8,baseline,990,internal,2108,electron,990,997,990,990,0,0,8.1248676124068538e-11,3.8864649999999965e-08,0.0017597741460044411,-17597.741462260787,0.00043681583263490098,8.3004714213075204e-09,1.0000099245580436,0.99999007550762031,3.2037093296321691e+26,3.2037729208335792e+26,957122401913283,8.0854887103592055e-08,1,-6.6941317410400267e+27,-6.6941317410566909e+27,-6.6941237191052131e+27,18187452354.582207,8.0219514778674969e+21,0,-6.6941317410400267e+27,-14619.32067798193,-14619.303158870858,0,0,-14619.32067798193,0,1,-14619.32067798193,0
n21_vd_0p05_vg_0p8,baseline,990,internal,2108,electron,990,997,990,997,0,1,8.1248676124068538e-11,3.8864649999999965e-08,0.0017597741460044411,17597.741460484427,0.00043681583263490098,-8.3004714213075204e-09,1.0000099245580436,0.99999007550762031,3.2037093296321691e+26,3.2037729208335792e+26,957122401913283,8.0854887103592055e-08,1,6.6941317410029886e+27,6.6941317410196693e+27,6.6941237190681419e+27,-18187452354.582207,-8.0219515273455201e+21,0,6.6941317410029886e+27,14619.320677901042,14619.303158789899,0,0,14619.320677901042,0,1,14619.320677901042,0
n21_vd_0p05_vg_0p8,baseline,990,internal,2110,electron,990,998,990,990,0,0,5.9281099999999972e-08,3.6410840056203397e-10,3.5686602071126714,16868782.799239565,0.00046177646341080669,-4.7133079661421107e-06,0.94851237872750138,1.053317988865643,3.2037093296321691e+26,2.884962429414638e+26,-18233312545480632,-1.5402966479964548e-06,1,-8.6187115811176716e+22,-8.6187115811392052e+22,-8.6187115622933283e+22,186105668173302.5,188458769317888,0,-8.6187115811176716e+22,-0.18822412421751966,-0.18822412380641465,0,0,-0.18822412421751966,0,1,-0.18822412421751966,0
n21_vd_0p05_vg_0p8,baseline,990,internal,2110,electron,990,998,990,998,0,1,5.9281099999999972e-08,3.6410840056203397e-10,3.5686602071126714,-16868782.799239557,0.00046177646341080669,4.7133079661421107e-06,0.94851237872750138,1.053317988865643,3.2037093296321691e+26,2.884962429414638e+26,-18233312545480632,-1.5402966479964548e-06,1,8.6187821107196455e+22,8.6187821107411438e+22,8.6187820918952316e+22,-186105668173302.5,-188459121639424,0,8.6187821107196455e+22,0.18822566451416817,0.18822566410306163,0,0,0.18822566451416817,0,1,0.18822566451416817,0
n21_vd_0p05_vg_0p8,baseline,991,internal,2092,electron,990,991,991,990,1,0,1.8448199999999969e-08,3.6410840056203397e-10,5.1696371087237507,-51696371.087237515,0.00043640719078148787,1.3173621304929384e-05,1.0008588315294658,0.99914165991690107,3.2037093296321691e+26,3.209203535326297e+26,26339515712020644,2.2250848637556715e-06,-1,-2.7618146583424108e+23,-2.7618146583492962e+23,-2.7618146494422907e+23,795098735023218.5,890700551946240,0,-2.7618146583424108e+23,0.60315296599146184,0.60315296404776375,0,0,0.60315296599146184,0,1,0.60315296599146184,0
n21_vd_0p05_vg_0p8,baseline,991,internal,2092,electron,990,991,991,991,1,1,1.8448199999999969e-08,3.6410840056203397e-10,5.1696371087237507,51696371.087237515,0.00043640719078148787,-1.3173621304929384e-05,1.0008588315294658,0.99914165991690107,3.2037093296321691e+26,3.209203535326297e+26,26339515712020644,2.2250848637556715e-06,-1,2.761804469762835e+23,2.7618044697697422e+23,2.7618044608627726e+23,-795098735023218.5,-890696961622016,0,2.761804469762835e+23,-0.60315074090659893,-0.60315073896291349,0,0,-0.60315074090659893,0,1,-0.60315074090659893,0
n21_vd_0p05_vg_0p8,baseline,991,internal,2094,electron,984,991,991,984,1,0,6.4696812499999939e-10,4.3976850000000036e-08,2.6996314057954018,-26996314.05795411,0.00043633926672768193,1.0132551242492127e-05,1.0006594202209051,0.99934086954173551,3.2049750428513099e+26,3.209203535326297e+26,1.6613602415074501e+18,0.00014034682972309301,-1,-9.5121014082001377e+26,-9.5121014082238446e+26,-9.5121002802373698e+26,38579653638688616,1.1279864747976661e+20,0,-9.5121014082001377e+26,2077.3487315078792,2077.3484851719832,0,0,2077.3487315078792,0,1,2077.3487315078792,0
n21_vd_0p05_vg_0p8,baseline,991,internal,2094,electron,984,991,991,991,1,1,6.4696812499999939e-10,4.3976850000000036e-08,2.6996314057954018,26996314.05795411,0.00043633926672768193,-1.0132551242492127e-05,1.0006594202209051,0.99934086954173551,3.2049750428513099e+26,3.209203535326297e+26,1.6613602415074501e+18,0.00014034682972309301,-1,9.5121007655573108e+26,9.5121007655810451e+26,9.5120996375946624e+26,-38579653638688616,-1.1279863827135673e+20,0,9.5121007655573108e+26,-2077.348591161051,-2077.3483448251809,0,0,-2077.348591161051,0,1,-2077.348591161051,0
n21_vd_0p05_vg_0p8,baseline,991,contact_cut,2107,electron,991,996,991,991,0,0,8.1248676124068538e-11,4.3976850000000042e-08,2.7415562964523814,-27415562.964523409,0.00043602543834900199,1.2881602895475908e-05,1.0000437635565815,0.99995623772021391,3.209203535326297e+26,3.2094844081888549e+26,1.6871332317269955e+18,0.00014252405617851572,1,-7.5741852017985505e+27,-7.5741852018174489e+27,-7.5741761537749766e+27,49843377040475912,9.0480424723293825e+21,0,-7.5741852017985505e+27,-16541.270268205823,-16541.250508218534,0,0,-16541.270268205823,0,1,-16541.270268205823,0
n21_vd_0p05_vg_0p8,baseline,991,contact_cut,2107,electron,991,996,991,996,0,1,8.1248676124068538e-11,4.3976850000000042e-08,2.7415562964523814,27415562.964523409,0.00043602543834900199,-1.2881602895475908e-05,1.0000437635565815,0.99995623772021391,3.209203535326297e+26,3.2094844081888549e+26,1.6871332317269955e+18,0.00014252405617851572,1,7.5741851365373072e+27,7.5741851365562199e+27,7.5741760885139125e+27,-49843377040475912,-9.0480423074026383e+21,0,7.5741851365373072e+27,16541.270125681734,16541.250365694832,0,1,16541.270125681734,0,1,16541.270125681734,0
n21_vd_0p05_vg_0p8,baseline,991,internal,2112,electron,991,992,991,991,0,0,6.9505500000000106e-08,3.6410840056203397e-10,0.0029065803544458526,-29065.803544458395,0.00043450260747061035,6.4943606048473157e-09,1.0030750166671212,0.99693127425738737,3.209203535326297e+26,3.2289807207901041e+26,14802534900574.725,1.2504746371419569e-09,1,-7.3271416873533089e+22,-7.3271416873715944e+22,-7.3271416824883474e+22,221248383.45572504,48832469532672,0,-7.3271416873533089e+22,-0.16001751701974332,-0.16001751691349736,0,0,-0.16001751701974332,0,1,-0.16001751701974332,0
n21_vd_0p05_vg_0p8,baseline,991,internal,2112,electron,991,992,991,992,0,1,6.9505500000000106e-08,3.6410840056203397e-10,0.0029065803544458526,29065.803544458395,0.00043450260747061035,-6.4943606048473157e-09,1.0030750166671212,0.99693127425738737,3.209203535326297e+26,3.2289807207901041e+26,14802534900574.725,1.2504746371419569e-09,1,7.3271416300945489e+22,7.3271416301127815e+22,7.3271416252295866e+22,-221248383.45572504,-48831949438976,0,7.3271416300945489e+22,0.1600175157692687,0.16001751566302275,0,0,0.1600175157692687,0,1,0.1600175157692687,0
n21_vd_0p05_vg_0p8,baseline,992,internal,2088,electron,983,992,992,983,1,0,6.4696812499999939e-10,9.9999999999999995e-08,0.25514406604663015,-2551440.6604663087,0.00043337492854891234,9.439702353120083e-07,1.0006679444747069,0.99933235282612609,3.2246710203504941e+26,3.2289807207901041e+26,3.5679984447725869e+17,3.0141402067404257e-05,-1,-2.1615052825250164e+27,-2.1615052825304073e+27,-2.1615050255526508e+27,777175630067562.62,2.5697775648873696e+20,0,-2.1615052825250164e+27,4720.5134429391564,4720.5128817369623,0,0,4720.5134429391564,0,1,4720.5134429391564,0
n21_vd_0p05_vg_0p8,baseline,992,internal,2088,electron,983,992,992,992,1,1,6.4696812499999939e-10,9.9999999999999995e-08,0.25514406604663015,2551440.6604663087,0.00043337492854891234,-9.439702353120083e-07,1.0006679444747069,0.99933235282612609,3.2246710203504941e+26,3.2289807207901041e+26,3.5679984447725869e+17,3.0141402067404257e-05,-1,2.1615052687233815e+27,2.1615052687287576e+27,2.161505011751005e+27,-777175630067562.62,-2.5697775264044627e+20,0,2.1615052687233815e+27,-4720.5134127977526,-4720.5128515955348,0,0,-4720.5134127977526,0,1,-4720.5134127977526,0
n21_vd_0p05_vg_0p8,baseline,992,internal,2112,electron,991,992,992,991,1,0,6.9505500000000106e-08,3.6410840056203397e-10,0.0029065803544458526,-29065.803544458395,0.00043450260747061035,6.4943606048473157e-09,1.0030750166671212,0.99693127425738737,3.209203535326297e+26,3.2289807207901041e+26,14802534900574.725,1.2504746371419569e-09,-1,-7.3271416873533089e+22,-7.3271416873715944e+22,-7.3271416824883474e+22,221248383.45572504,48832469532672,0,-7.3271416873533089e+22,0.16001751701974332,0.16001751691349736,0,0,0.16001751701974332,0,1,0.16001751701974332,0
n21_vd_0p05_vg_0p8,baseline,992,internal,2112,electron,991,992,992,992,1,1,6.9505500000000106e-08,3.6410840056203397e-10,0.0029065803544458526,29065.803544458395,0.00043450260747061035,-6.4943606048473157e-09,1.0030750166671212,0.99693127425738737,3.209203535326297e+26,3.2289807207901041e+26,14802534900574.725,1.2504746371419569e-09,-1,7.3271416300945489e+22,7.3271416301127815e+22,7.3271416252295866e+22,-221248383.45572504,-48831949438976,0,7.3271416300945489e+22,-0.1600175157692687,-0.16001751566302275,0,0,-0.1600175157692687,0,1,-0.1600175157692687,0
n21_vd_0p05_vg_0p8,baseline,992,contact_cut,2114,electron,992,993,992,992,0,0,8.1248676124068538e-11,1.0000000000000004e-07,0.25507491037487212,-2550749.1037481953,0.00043305867539911641,1.1813732214704942e-06,1.0000433577294428,0.999956643523783,3.2289807207901041e+26,3.2292607288398993e+26,3.5669643379412006e+17,3.0132666236862871e-05,1,-1.7211341886541883e+28,-1.7211341886584749e+28,-1.7211321459592935e+28,973058938699317.5,2.0426991814008822e+22,0,-1.7211341886541883e+28,-37587.865920703538,-37587.821310270294,0,0,-37587.865920703538,0,1,-37587.865920703538,0
n21_vd_0p05_vg_0p8,baseline,992,contact_cut,2114,electron,992,993,992,993,0,1,8.1248676124068538e-11,1.0000000000000004e-07,0.25507491037487212,2550749.1037481953,0.00043305867539911641,-1.1813732214704942e-06,1.0000433577294428,0.999956643523783,3.2289807207901041e+26,3.2292607288398993e+26,3.5669643379412006e+17,3.0132666236862871e-05,1,1.7211341872744213e+28,1.7211341872787239e+28,1.7211321445795458e+28,-973058938699317.5,-2.0426991781023473e+22,0,1.7211341872744213e+28,37587.865890570793,37587.82128013797,0,1,37587.865890570793,0,1,37587.865890570793,0
n21_vd_0p05_vg_0p8,baseline,992,internal,2115,electron,992,995,992,992,0,0,1.3049449999999989e-07,3.6410840056203397e-10,0.00013257266790284191,-1325.7266790285203,0.0004328865967504532,2.744471316873387e-10,1.0003416387868347,0.99965843900682116,3.2289807207901041e+26,3.2311875113002158e+26,674951602173.52478,5.7017927367531571e-11,1,-3.9014534444324099e+22,-3.9014534444421348e+22,-3.9014534431532244e+22,427914.68397226057,12889104580608,0,-3.9014534444324099e+22,-0.085203878890965964,-0.085203878863029811,0,0,-0.085203878890965964,0,1,-0.085203878890965964,0
n21_vd_0p05_vg_0p8,baseline,992,internal,2115,electron,992,995,992,995,0,1,1.3049449999999989e-07,3.6410840056203397e-10,0.00013257266790284191,1325.7266790285203,0.0004328865967504532,-2.744471316873387e-10,1.0003416387868347,0.99965843900682116,3.2289807207901041e+26,3.2311875113002158e+26,674951602173.52478,5.7017927367531571e-11,1,3.901453441821574e+22,3.9014534418313198e+22,3.9014534405424085e+22,-427914.68397226057,-12889112969216,0,3.901453441821574e+22,0.085203878833947894,0.085203878806012184,0,0,0.085203878833947894,0,1,0.085203878833947894,0
n21_vd_0p05_vg_0p8,baseline,995,internal,2085,electron,982,995,995,982,1,0,6.4696812499999939e-10,6.5247249999999943e-08,0.042160788458475769,-421607.8845846738,0.00043305077988838443,1.5573853318073816e-07,1.0006753763869116,0.99932492756508262,3.2268269063890208e+26,3.2311875113002158e+26,38466143178464920,3.2495067065488837e-06,-1,-1.4102205390942247e+27,-1.4102205390977407e+27,-1.4102203714595833e+27,13833621815156.254,1.6763815743268166e+20,0,-1.4102205390942247e+27,3079.7819769964622,3079.7816108990091,0,0,3079.7819769964622,0,1,3079.7819769964622,0
n21_vd_0p05_vg_0p8,baseline,995,internal,2085,electron,982,995,995,995,1,1,6.4696812499999939e-10,6.5247249999999943e-08,0.042160788458475769,421607.8845846738,0.00043305077988838443,-1.5573853318073816e-07,1.0006753763869116,0.99932492756508262,3.2268269063890208e+26,3.2311875113002158e+26,38466143178464920,3.2495067065488837e-06,-1,1.4102205376062859e+27,1.4102205376098139e+27,1.4102203699716568e+27,-13833621815156.254,-1.6763815715780375e+20,0,1.4102205376062859e+27,-3079.7819737469513,-3079.7816076495251,0,0,-3079.7819737469513,0,1,-3079.7819737469513,0
n21_vd_0p05_vg_0p8,baseline,995,internal,2115,electron,992,995,995,992,1,0,1.3049449999999989e-07,3.6410840056203397e-10,0.00013257266790284191,-1325.7266790285203,0.0004328865967504532,2.744471316873387e-10,1.0003416387868347,0.99965843900682116,3.2289807207901041e+26,3.2311875113002158e+26,674951602173.52478,5.7017927367531571e-11,-1,-3.9014534444324099e+22,-3.9014534444421348e+22,-3.9014534431532244e+22,427914.68397226057,12889104580608,0,-3.9014534444324099e+22,0.085203878890965964,0.085203878863029811,0,0,0.085203878890965964,0,1,0.085203878890965964,0
n21_vd_0p05_vg_0p8,baseline,995,internal,2115,electron,992,995,995,995,1,1,1.3049449999999989e-07,3.6410840056203397e-10,0.00013257266790284191,1325.7266790285203,0.0004328865967504532,-2.744471316873387e-10,1.0003416387868347,0.99965843900682116,3.2289807207901041e+26,3.2311875113002158e+26,674951602173.52478,5.7017927367531571e-11,-1,3.901453441821574e+22,3.9014534418313198e+22,3.9014534405424085e+22,-427914.68397226057,-12889112969216,0,3.901453441821574e+22,-0.085203878833947894,-0.085203878806012184,0,0,-0.085203878833947894,0,1,-0.085203878833947894,0
n21_vd_0p05_vg_0p8,baseline,995,contact_cut,2118,electron,994,995,995,994,1,0,8.1248676124068538e-11,6.5247249999999956e-08,0.042148314682040187,421483.14681966783,0.00043273215777513374,-1.9489831970531668e-07,0.99995964690942563,1.0000403541761846,3.2314483017083006e+26,3.2311875113002158e+26,-38453978838401592,-3.2484790988567595e-06,-1,-1.1229095511100638e+28,-1.1229095511128603e+28,-1.1229082194262961e+28,17319294919336.227,1.3316865642416776e+22,0,-1.1229095511100638e+28,24523.232369932834,24523.20328727836,0,1,24523.232369932834,0,1,24523.232369932834,0
n21_vd_0p05_vg_0p8,baseline,995,contact_cut,2118,electron,994,995,995,995,1,1,8.1248676124068538e-11,6.5247249999999956e-08,0.042148314682040187,-421483.14681966783,0.00043273215777513374,1.9489831970531668e-07,0.99995964690942563,1.0000403541761846,3.2314483017083006e+26,3.2311875113002158e+26,-38453978838401592,-3.2484790988567595e-06,-1,1.1229095512588101e+28,1.122909551261615e+28,1.1229082195750503e+28,-17319294919336.227,-1.3316865646814822e+22,0,1.1229095512588101e+28,-24523.232373181305,-24523.203290527006,0,0,-24523.232373181305,0,1,-24523.232373181305,0
n21_vd_0p05_vg_0p8,baseline,997,internal,2108,electron,990,997,997,990,1,0,8.1248676124068538e-11,3.8864649999999965e-08,0.0017597741460044411,-17597.741462260787,0.00043681583263490098,8.3004714213075204e-09,1.0000099245580436,0.99999007550762031,3.2037093296321691e+26,3.2037729208335792e+26,957122401913283,8.0854887103592055e-08,-1,-6.6941317410400267e+27,-6.6941317410566909e+27,-6.6941237191052131e+27,18187452354.582207,8.0219514778674969e+21,0,-6.6941317410400267e+27,14619.32067798193,14619.303158870858,0,0,14619.32067798193,0,1,14619.32067798193,0
n21_vd_0p05_vg_0p8,baseline,997,internal,2108,electron,990,997,997,997,1,1,8.1248676124068538e-11,3.8864649999999965e-08,0.0017597741460044411,17597.741460484427,0.00043681583263490098,-8.3004714213075204e-09,1.0000099245580436,0.99999007550762031,3.2037093296321691e+26,3.2037729208335792e+26,957122401913283,8.0854887103592055e-08,-1,6.6941317410029886e+27,6.6941317410196693e+27,6.6941237190681419e+27,-18187452354.582207,-8.0219515273455201e+21,0,6.6941317410029886e+27,-14619.320677901042,-14619.303158789899,0,0,-14619.320677901042,0,1,-14619.320677901042,0
n21_vd_0p05_vg_0p8,baseline,997,contact_cut,2109,electron,996,997,997,996,1,0,1.8448199999999969e-08,4.0624338062034256e-11,5.1817035889379035,51817035.889379032,0.00043636924624323461,-1.3199331405644443e-05,0.99910784127438201,1.0008926896728907,3.2094844081888549e+26,3.2037729208335792e+26,-2945516364453316.5,-2.4882856428140893e-07,-1,-3.0813006281546796e+22,-3.0813006281623531e+22,-3.081300618204333e+22,89096211499508.422,99580200878080,0,-3.0813006281546796e+22,0.067292553733431321,0.067292553516125606,0,1,0.067292553733431321,0,1,0.067292553733431321,0
n21_vd_0p05_vg_0p8,baseline,997,contact_cut,2109,electron,996,997,997,997,1,1,1.8448199999999969e-08,4.0624338062034256e-11,5.1817035889379035,-51817035.889379032,0.00043636924624323461,1.3199331405644443e-05,0.99910784127438201,1.0008926896728907,3.2094844081888549e+26,3.2037729208335792e+26,-2945516364453316.5,-2.4882856428140893e-07,-1,3.0813120219206832e+22,3.0813120219283555e+22,3.0813120119702955e+22,-89096211499508.422,-99580599336960,0,3.0813120219206832e+22,-0.067292802561995477,-0.06729280234468886,0,0,-0.067292802561995477,0,1,-0.067292802561995477,0
n21_vd_0p05_vg_0p8,baseline,997,internal,2274,electron,997,1054,997,997,0,0,5.9281099999999972e-08,4.0624338062034256e-11,3.5686625884977348,16868782.799239557,0.00046151281942835001,-4.707635170575486e-06,0.94851236865342226,1.053317999668806,3.2037729208335792e+26,2.8850196335162217e+26,-2033209153801287.5,-1.7175953280371295e-07,1,-9.6107778240159018e+21,-9.6107778240399372e+21,-9.6107778030381239e+21,20739633914019.496,21001813360640,0,-9.6107778240159018e+21,-0.020988986833458515,-0.020988986787645127,0,0,-0.020988986833458515,0,1,-0.020988986833458515,0
n21_vd_0p05_vg_0p8,baseline,997,internal,2274,electron,997,1054,997,1054,0,1,5.9281099999999972e-08,4.0624338062034256e-11,3.5686625884977348,-16868782.799239557,0.00046151281942835001,4.707635170575486e-06,0.94851236865342226,1.053317999668806,3.2037729208335792e+26,2.8850196335162217e+26,-2033209153801287.5,-1.7175953280371295e-07,1,9.6108564720574834e+21,9.6108564720814937e+21,9.6108564510796404e+21,-20739633914019.496,-21001853206528,0,9.6108564720574834e+21,0.020989158592991351,0.020989158547177818,0,0,0.020989158592991351,0,1,0.020989158592991351,0
n21_vd_0p05_vg_0p8,sentaurus,990,internal,2091,electron,985,990,990,985,1,0,6.4696812499999939e-10,3.8864649999999965e-08,0.014591569229620736,-145915.69229616132,0.00043712900762857211,5.4976467822598352e-08,1.000615360247868,0.99938489209410519,3.199727111621672e+26,3.2036666960336274e+26,7936819330412951,6.7047916717791779e-07,-1,-8.407398060308429e+26,-8.4073980603293417e+26,-8.4073970503896734e+26,998191117307.36523,1.009939668377891e+20,0,-8.407398060308429e+26,1836.092462261526,1836.0922417052727,0,0,1836.092462261526,0,1,1836.092462261526,0
n21_vd_0p05_vg_0p8,sentaurus,990,internal,2091,electron,985,990,990,990,1,1,6.4696812499999939e-10,3.8864649999999965e-08,0.014591569229620736,145915.69229627232,0.00043712900762857211,-5.4976467822598352e-08,1.000615360247868,0.99938489209410519,3.199727111621672e+26,3.2036666960336274e+26,7936819330412951,6.7047916717791779e-07,-1,8.4073980572383507e+26,8.4073980572593032e+26,8.4073970473196349e+26,-998191117307.36523,-1.009939668377891e+20,0,8.4073980572383507e+26,-1836.0924615910512,-1836.0922410348069,0,0,-1836.0924615910512,0,1,-1836.0924615910512,0
n21_vd_0p05_vg_0p8,sentaurus,990,internal,2092,electron,990,991,990,990,0,0,1.8448199999999969e-08,3.6410840056203397e-10,4.4447829480035903,-44447829.480035909,0.00043640717457962168,1.1421430023972334e-05,1.0008685021488821,0.99913200042413264,3.2036666960336274e+26,3.2092245226607453e+26,22646276128915960,1.9130908398549521e-06,1,-2.7618044879412314e+23,-2.7618044879481124e+23,-2.7618044800576532e+23,592686997777067.88,789045923807232,0,-2.7618044879412314e+23,-0.60315074487658071,-0.60315074315488526,0,0,-0.60315074487658071,0,1,-0.60315074487658071,0
n21_vd_0p05_vg_0p8,sentaurus,990,internal,2092,electron,990,991,990,991,0,1,1.8448199999999969e-08,3.6410840056203397e-10,4.4447829480035903,44447829.480035909,0.00043640717457962168,-1.1421430023972334e-05,1.0008685021488821,0.99913200042413264,3.2036666960336274e+26,3.2092245226607453e+26,22646276128915960,1.9130908398549521e-06,1,2.7617957279705082e+23,2.7617957279773956e+23,2.7617957200869702e+23,-592686997777067.88,-789042534809600,0,2.7617957279705082e+23,0.60314883178574097,0.6031488300640544,0,0,0.60314883178574097,0,1,0.60314883178574097,0
n21_vd_0p05_vg_0p8,sentaurus,990,internal,2108,electron,990,997,990,990,0,0,8.1248676124068538e-11,3.8864649999999965e-08,0.0014607792775031565,-14607.792774512518,0.00043681583390288453,6.8896000016138714e-09,1.0000096674114676,0.99999033265083814,3.2036666960336274e+26,3.203728638746452e+26,794491504805120.5,6.7116306960706901e-08,1,-6.694040956485744e+27,-6.6940409565024708e+27,-6.6940329346592135e+27,12530975866.60404,8.0218432573360214e+21,0,-6.694040956485744e+27,-14619.122413507461,-14619.104894632868,0,0,-14619.122413507461,0,1,-14619.122413507461,0
n21_vd_0p05_vg_0p8,sentaurus,990,internal,2108,electron,990,997,990,997,0,1,8.1248676124068538e-11,3.8864649999999965e-08,0.0014607792775031565,14607.792774512518,0.00043681583390288453,-6.8896000016138714e-09,1.0000096674114676,0.99999033265083814,3.2036666960336274e+26,3.203728638746452e+26,794491504805120.5,6.7116306960706901e-08,1,6.6940409564550258e+27,6.6940409564717384e+27,6.6940329346284811e+27,-12530975866.60404,-8.0218432573360214e+21,0,6.6940409564550258e+27,14619.122413440375,14619.104894565751,0,0,14619.122413440375,0,1,14619.122413440375,0
n21_vd_0p05_vg_0p8,sentaurus,990,internal,2110,electron,990,998,990,990,0,0,5.9281099999999972e-08,3.6410840056203397e-10,3.044698191440991,16868782.799239565,0.0004617765020898988,-4.6250261398483872e-06,0.94853758246639286,1.0532909615461206,3.2036666960336274e+26,2.8850712577348177e+26,-15556438034105960,-1.3141621578047896e-06,1,-8.6188266210592775e+22,-8.618826621080843e+22,-8.6188266052249679e+22,155808994665269.22,158558750507008,0,-8.6188266210592775e+22,-0.18822663657589886,-0.18822663623009322,0,0,-0.18822663657589886,0,1,-0.18822663657589886,0
n21_vd_0p05_vg_0p8,sentaurus,990,internal,2110,electron,990,998,990,998,0,1,5.9281099999999972e-08,3.6410840056203397e-10,3.044698191440991,-16868782.799239565,0.0004617765020898988,4.6250261398483872e-06,0.94853758246639286,1.0532909615461206,3.2036666960336274e+26,2.8850712577348177e+26,-15556438034105960,-1.3141621578047896e-06,1,8.6188867960483193e+22,8.618886796069769e+22,8.6188867802139426e+22,-155808994665269.22,-158558263967744,0,8.6188867960483193e+22,0.18822795073805704,0.18822795039224993,0,0,0.18822795073805704,0,1,0.18822795073805704,0
n21_vd_0p05_vg_0p8,sentaurus,991,internal,2092,electron,990,991,991,990,1,0,1.8448199999999969e-08,3.6410840056203397e-10,4.4447829480035903,-44447829.480035909,0.00043640717457962168,1.1421430023972334e-05,1.0008685021488821,0.99913200042413264,3.2036666960336274e+26,3.2092245226607453e+26,22646276128915960,1.9130908398549521e-06,-1,-2.7618044879412314e+23,-2.7618044879481124e+23,-2.7618044800576532e+23,592686997777067.88,789045923807232,0,-2.7618044879412314e+23,0.60315074487658071,0.60315074315488526,0,0,0.60315074487658071,0,1,0.60315074487658071,0
n21_vd_0p05_vg_0p8,sentaurus,991,internal,2092,electron,990,991,991,991,1,1,1.8448199999999969e-08,3.6410840056203397e-10,4.4447829480035903,44447829.480035909,0.00043640717457962168,-1.1421430023972334e-05,1.0008685021488821,0.99913200042413264,3.2036666960336274e+26,3.2092245226607453e+26,22646276128915960,1.9130908398549521e-06,-1,2.7617957279705082e+23,2.7617957279773956e+23,2.7617957200869702e+23,-592686997777067.88,-789042534809600,0,2.7617957279705082e+23,-0.60314883178574097,-0.6031488300640544,0,0,-0.60314883178574097,0,1,-0.60314883178574097,0
n21_vd_0p05_vg_0p8,sentaurus,991,internal,2094,electron,984,991,991,984,1,0,6.4696812499999939e-10,4.3976850000000036e-08,2.3234947610192331,-23234947.610192291,0.00043633926668901657,8.7208054111442834e-06,1.0006603963656151,0.99933989425534675,3.2049897180407663e+26,3.2092245226607453e+26,1.4298927133785615e+18,0.00012079313333316728,-1,-9.512154241219496e+26,-9.5121542412432358e+26,-9.5121531113918532e+26,28578257938621200,1.1298513825829382e+20,0,-9.512154241219496e+26,2077.3602697160031,2077.3600229728368,0,0,2077.3602697160031,0,1,2077.3602697160031,0
n21_vd_0p05_vg_0p8,sentaurus,991,internal,2094,electron,984,991,991,991,1,1,6.4696812499999939e-10,4.3976850000000036e-08,2.3234947610192331,23234947.610192291,0.00043633926668901657,-8.7208054111442834e-06,1.0006603963656151,0.99933989425534675,3.2049897180407663e+26,3.2092245226607453e+26,1.4298927133785615e+18,0.00012079313333316728,-1,9.5121536881123184e+26,9.5121536881360377e+26,9.5121525582847953e+26,-28578257938621200,-1.1298512423952056e+20,0,9.5121536881123184e+26,-2077.360148922874,-2077.359902179734,0,0,-2077.360148922874,0,1,-2077.360148922874,0
n21_vd_0p05_vg_0p8,sentaurus,991,contact_cut,2107,electron,991,996,991,991,0,0,8.1248676124068538e-11,4.3976850000000042e-08,2.3601412174071168,-23601412.174070194,0.00043602543786155261,1.1089467566449684e-05,1.0000421531385164,0.99995784804604149,3.2092245226607453e+26,3.2094950642291902e+26,1.4524204046757187e+18,0.00012269620647500901,1,-7.5742225293297322e+27,-7.5742225293486416e+27,-7.5742134796879323e+27,36939516761898856,9.0496607093538874e+21,0,-7.5742225293297322e+27,-16541.351787836684,-16541.332024315347,0,0,-16541.351787836684,0,1,-16541.351787836684,0
n21_vd_0p05_vg_0p8,sentaurus,991,contact_cut,2107,electron,991,996,991,996,0,1,8.1248676124068538e-11,4.3976850000000042e-08,2.3601412174071168,23601412.174070194,0.00043602543786155261,-1.1089467566449684e-05,1.0000421531385164,0.99995784804604149,3.2092245226607453e+26,3.2094950642291902e+26,1.4524204046757187e+18,0.00012269620647500901,1,7.574222473147605e+27,7.5742224731665133e+27,7.5742134235059447e+27,-36939516761898856,-9.049660568616399e+21,0,7.574222473147605e+27,16541.351665140483,16541.331901619451,0,1,16541.351665140483,0,1,16541.351665140483,0
n21_vd_0p05_vg_0p8,sentaurus,991,internal,2112,electron,991,992,991,991,0,0,6.9505500000000106e-08,3.6410840056203397e-10,0.002498389572163686,-24983.895721635876,0.00043450261538507528,5.5826454570251371e-09,1.0030742414859568,0.99693204627043397,3.2092245226607453e+26,3.2289968451166638e+26,12723788196593.84,1.0748682259542615e-09,1,-7.3271840758815456e+22,-7.3271840758997807e+22,-7.3271840710157561e+22,163479794.7278468,48840245772288,0,-7.3271840758815456e+22,-0.16001844274321475,-0.16001844263695073,0,0,-0.16001844274321475,0,1,-0.16001844274321475,0
n21_vd_0p05_vg_0p8,sentaurus,991,internal,2112,electron,991,992,991,992,0,1,6.9505500000000106e-08,3.6410840056203397e-10,0.002498389572163686,24983.895721635876,0.00043450261538507528,-5.5826454570251371e-09,1.0030742414859568,0.99693204627043397,3.2092245226607453e+26,3.2289968451166638e+26,12723788196593.84,1.0748682259542615e-09,1,7.3271840266637202e+22,7.3271840266820224e+22,7.327184021797997e+22,-163479794.7278468,-48840254160896,0,7.3271840266637202e+22,0.1600184416683462,0.16001844156208361,0,0,0.1600184416683462,0,1,0.1600184416683462,0
n21_vd_0p05_vg_0p8,sentaurus,992,internal,2088,electron,983,992,992,983,1,0,6.4696812499999939e-10,9.9999999999999995e-08,0.22284737724035808,-2228473.7724035387,0.00043337492857204509,8.244804838852815e-07,1.0006684579548577,0.99933183980314733,3.2246838103999364e+26,3.2289968451166638e+26,3.1163674303544742e+17,2.6326156012118038e-05,-1,-2.1615149649970534e+27,-2.1615149650024569e+27,-2.1615147079942915e+27,592877888762281.88,2.5700816540694846e+20,0,-2.1615149649970534e+27,4720.5345884990493,4720.5340272304738,0,0,4720.5345884990493,0,1,4720.5345884990493,0
n21_vd_0p05_vg_0p8,sentaurus,992,internal,2088,electron,983,992,992,992,1,1,6.4696812499999939e-10,9.9999999999999995e-08,0.22284737724035808,2228473.7724035387,0.00043337492857204509,-8.244804838852815e-07,1.0006684579548577,0.99933183980314733,3.2246838103999364e+26,3.2289968451166638e+26,3.1163674303544742e+17,2.6326156012118038e-05,-1,2.1615149529424043e+27,2.1615149529478098e+27,2.1615146959396471e+27,-592877888762281.88,-2.5700816265816939e+20,0,2.1615149529424043e+27,-4720.5345621728902,-4720.5340009043239,0,0,-4720.5345621728902,0,1,-4720.5345621728902,0
n21_vd_0p05_vg_0p8,sentaurus,992,internal,2112,electron,991,992,992,991,1,0,6.9505500000000106e-08,3.6410840056203397e-10,0.002498389572163686,-24983.895721635876,0.00043450261538507528,5.5826454570251371e-09,1.0030742414859568,0.99693204627043397,3.2092245226607453e+26,3.2289968451166638e+26,12723788196593.84,1.0748682259542615e-09,-1,-7.3271840758815456e+22,-7.3271840758997807e+22,-7.3271840710157561e+22,163479794.7278468,48840245772288,0,-7.3271840758815456e+22,0.16001844274321475,0.16001844263695073,0,0,0.16001844274321475,0,1,0.16001844274321475,0
n21_vd_0p05_vg_0p8,sentaurus,992,internal,2112,electron,991,992,992,992,1,1,6.9505500000000106e-08,3.6410840056203397e-10,0.002498389572163686,24983.895721635876,0.00043450261538507528,-5.5826454570251371e-09,1.0030742414859568,0.99693204627043397,3.2092245226607453e+26,3.2289968451166638e+26,12723788196593.84,1.0748682259542615e-09,-1,7.3271840266637202e+22,7.3271840266820224e+22,7.327184021797997e+22,-163479794.7278468,-48840254160896,0,7.3271840266637202e+22,-0.1600184416683462,-0.16001844156208361,0,0,-0.1600184416683462,0,1,-0.1600184416683462,0
n21_vd_0p05_vg_0p8,sentaurus,992,contact_cut,2114,electron,992,993,992,992,0,0,8.1248676124068538e-11,1.0000000000000004e-07,0.22285213730436812,-2228521.3730430799,0.00043305867541394396,1.0321343779651215e-06,1.0000425203936341,0.99995748081165459,3.2289968451166638e+26,3.229271447072796e+26,3.1163744375445549e+17,2.6326215206800112e-05,1,-1.7211413423039392e+28,-1.7211413423082372e+28,-1.7211392995772184e+28,742743968476537.5,2.0427310188595761e+22,0,-1.7211413423039392e+28,-37588.022149328506,-37587.977538200219,0,0,-37588.022149328506,0,1,-37588.022149328506,0
n21_vd_0p05_vg_0p8,sentaurus,992,contact_cut,2114,electron,992,993,992,993,0,1,8.1248676124068538e-11,1.0000000000000004e-07,0.22285213730436812,2228521.3730430799,0.00043305867541394396,-1.0321343779651215e-06,1.0000425203936341,0.99995748081165459,3.2289968451166638e+26,3.229271447072796e+26,3.1163744375445549e+17,2.6326215206800112e-05,1,1.7211413410984749e+28,1.7211413411027698e+28,1.7211392983717602e+28,-742743968476537.5,-2.0427310096236784e+22,0,1.7211413410984749e+28,37588.02212300236,37587.977511874204,0,1,37588.02212300236,0,1,37588.02212300236,0
n21_vd_0p05_vg_0p8,sentaurus,992,internal,2115,electron,992,995,992,992,0,0,1.3049449999999989e-07,3.6410840056203397e-10,0.00011516489022863474,-1151.6489022856542,0.00043288660274099579,2.3847590568948362e-10,1.0003383300825184,0.99966174621176995,3.2289968451166638e+26,3.2311822696511619e+26,586326431680.99731,4.9531133473265226e-11,1,-3.9014600764162425e+22,-3.9014600764259742e+22,-3.9014600751370469e+22,323005.43823590851,12889272352768,0,-3.9014600764162425e+22,-0.085204023726923969,-0.085204023698987608,0,0,-0.085204023726923969,0,1,-0.085204023726923969,0
n21_vd_0p05_vg_0p8,sentaurus,992,internal,2115,electron,992,995,992,995,0,1,1.3049449999999989e-07,3.6410840056203397e-10,0.00011516489022863474,1151.6489022856542,0.00043288660274099579,-2.3847590568948362e-10,1.0003383300825184,0.99966174621176995,3.2289968451166638e+26,3.2311822696511619e+26,586326431680.99731,4.9531133473265226e-11,1,3.9014600741482238e+22,3.9014600741579764e+22,3.9014600728690492e+22,-323005.43823590851,-12889272352768,0,3.9014600741482238e+22,0.085204023677392687,0.085204023649456784,0,0,0.085204023677392687,0,1,0.085204023677392687,0
n21_vd_0p05_vg_0p8,sentaurus,995,internal,2085,electron,982,995,995,982,1,0,6.4696812499999939e-10,6.5247249999999943e-08,0.037880551756042942,-378805.51756019902,0.00043305077989308396,1.3992762504244638e-07,1.0006738474692443,0.99932645510844231,3.2268315341378713e+26,3.2311822696511619e+26,34560990064656908,2.9196108504828216e-06,-1,-1.4102204069161653e+27,-1.4102204069196812e+27,-1.4102202392794526e+27,11167367623854.637,1.6764022863771048e+20,0,-1.4102204069161653e+27,3079.7816883326727,3079.7813222306963,0,0,3079.7816883326727,0,1,3079.7816883326727,0
n21_vd_0p05_vg_0p8,sentaurus,995,internal,2085,electron,982,995,995,995,1,1,6.4696812499999939e-10,6.5247249999999943e-08,0.037880551756042942,378805.51756019902,0.00043305077989308396,-1.3992762504244638e-07,1.0006738474692443,0.99932645510844231,3.2268315341378713e+26,3.2311822696511619e+26,34560990064656908,2.9196108504828216e-06,-1,1.4102204055792831e+27,1.4102204055828026e+27,1.4102202379425743e+27,-11167367623854.637,-1.6764022836283258e+20,0,1.4102204055792831e+27,-3079.7816854130542,-3079.7813193110865,0,0,-3079.7816854130542,0,1,-3079.7816854130542,0
n21_vd_0p05_vg_0p8,sentaurus,995,internal,2115,electron,992,995,995,992,1,0,1.3049449999999989e-07,3.6410840056203397e-10,0.00011516489022863474,-1151.6489022856542,0.00043288660274099579,2.3847590568948362e-10,1.0003383300825184,0.99966174621176995,3.2289968451166638e+26,3.2311822696511619e+26,586326431680.99731,4.9531133473265226e-11,-1,-3.9014600764162425e+22,-3.9014600764259742e+22,-3.9014600751370469e+22,323005.43823590851,12889272352768,0,-3.9014600764162425e+22,0.085204023726923969,0.085204023698987608,0,0,0.085204023726923969,0,1,0.085204023726923969,0
n21_vd_0p05_vg_0p8,sentaurus,995,internal,2115,electron,992,995,995,995,1,1,1.3049449999999989e-07,3.6410840056203397e-10,0.00011516489022863474,1151.6489022856542,0.00043288660274099579,-2.3847590568948362e-10,1.0003383300825184,0.99966174621176995,3.2289968451166638e+26,3.2311822696511619e+26,586326431680.99731,4.9531133473265226e-11,-1,3.9014600741482238e+22,3.9014600741579764e+22,3.9014600728690492e+22,-323005.43823590851,-12889272352768,0,3.9014600741482238e+22,-0.085204023677392687,-0.085204023649456784,0,0,-0.085204023677392687,0,1,-0.085204023677392687,0
n21_vd_0p05_vg_0p8,sentaurus,995,contact_cut,2118,electron,994,995,995,994,1,0,8.1248676124068538e-11,6.5247249999999956e-08,0.037888909522300875,378889.09522454388,0.00043273215777992163,-1.7520251915925655e-07,0.99995717639433057,1.0000428248282784,3.2314590268193235e+26,3.2311822696511619e+26,-34567943511296128,-2.9201982572156189e-06,-1,-1.1229105037502368e+28,-1.1229105037530339e+28,-1.1229091720636809e+28,13995703061231.955,1.3316893530429703e+22,0,-1.1229105037502368e+28,24523.253174650636,24523.22409193527,0,1,24523.253174650636,0,1,24523.253174650636,0
n21_vd_0p05_vg_0p8,sentaurus,995,contact_cut,2118,electron,994,995,995,995,1,1,8.1248676124068538e-11,6.5247249999999956e-08,0.037888909522300875,-378889.09522454388,0.00043273215777992163,1.7520251915925655e-07,0.99995717639433057,1.0000428248282784,3.2314590268193235e+26,3.2311822696511619e+26,-34567943511296128,-2.9201982572156189e-06,-1,1.1229105038839486e+28,1.1229105038867528e+28,1.1229091721973953e+28,-13995703061231.955,-1.3316893574410168e+22,0,1.1229105038839486e+28,-24523.253177570768,-24523.224094855461,0,0,-24523.253177570768,0,1,-24523.253177570768,0
n21_vd_0p05_vg_0p8,sentaurus,997,internal,2108,electron,990,997,997,990,1,0,8.1248676124068538e-11,3.8864649999999965e-08,0.0014607792775031565,-14607.792774512518,0.00043681583390288453,6.8896000016138714e-09,1.0000096674114676,0.99999033265083814,3.2036666960336274e+26,3.203728638746452e+26,794491504805120.5,6.7116306960706901e-08,-1,-6.694040956485744e+27,-6.6940409565024708e+27,-6.6940329346592135e+27,12530975866.60404,8.0218432573360214e+21,0,-6.694040956485744e+27,14619.122413507461,14619.104894632868,0,0,14619.122413507461,0,1,14619.122413507461,0
n21_vd_0p05_vg_0p8,sentaurus,997,internal,2108,electron,990,997,997,997,1,1,8.1248676124068538e-11,3.8864649999999965e-08,0.0014607792775031565,14607.792774512518,0.00043681583390288453,-6.8896000016138714e-09,1.0000096674114676,0.99999033265083814,3.2036666960336274e+26,3.203728638746452e+26,794491504805120.5,6.7116306960706901e-08,-1,6.6940409564550258e+27,6.6940409564717384e+27,6.6940329346284811e+27,-12530975866.60404,-8.0218432573360214e+21,0,6.6940409564550258e+27,-14619.122413440375,-14619.104894565751,0,0,-14619.122413440375,0,1,-14619.122413440375,0
n21_vd_0p05_vg_0p8,sentaurus,997,contact_cut,2109,electron,996,997,997,996,1,0,1.8448199999999969e-08,4.0624338062034256e-11,4.4551709350699582,44551709.350699574,0.00043636882457067608,-1.1444979186592263e-05,0.99909953441348531,1.0009010064700805,3.2094950642291902e+26,3.203728638746452e+26,-2532506356449617,-2.139386928260563e-07,-1,-3.0812822622168622e+22,-3.0812822622245688e+22,-3.0812822534083066e+22,66421982752766.586,88162621718528,0,-3.0812822622168622e+22,0.067292152639540595,0.067292152447170461,0,1,0.067292152639540595,0,1,0.067292152639540595,0
n21_vd_0p05_vg_0p8,sentaurus,997,contact_cut,2109,electron,996,997,997,997,1,1,1.8448199999999969e-08,4.0624338062034256e-11,4.4551709350699582,-44551709.350699581,0.00043636882457067608,1.1444979186592263e-05,0.99909953441348531,1.0009010064700805,3.2094950642291902e+26,3.203728638746452e+26,-2532506356449617,-2.139386928260563e-07,-1,3.0812920583888354e+22,3.0812920583965098e+22,3.0812920495802098e+22,-66421982752766.586,-88162999205888,0,3.0812920583888354e+22,-0.067292366578233523,-0.067292366385861863,0,0,-0.067292366578233523,0,1,-0.067292366578233523,0
n21_vd_0p05_vg_0p8,sentaurus,997,internal,2274,electron,997,1054,997,997,0,0,5.9281099999999972e-08,4.0624338062034256e-11,3.0447001858860823,16868782.799239565,0.00046151301522290495,-4.6194625902273856e-06,0.94853829986560312,1.0532901922542885,3.203728638746452e+26,2.8851313297319123e+26,-1734710053685123.2,-1.4654320624801815e-07,1,-9.6109118063382983e+21,-9.6109118063621513e+21,-9.6109117886924419e+21,17363385069474.98,17669709365248,0,-9.6109118063382983e+21,-0.020989279437579868,-0.020989279399043062,0,0,-0.020989279437579868,0,1,-0.020989279437579868,0
n21_vd_0p05_vg_0p8,sentaurus,997,internal,2274,electron,997,1054,997,1054,0,1,5.9281099999999972e-08,4.0624338062034256e-11,3.0447001858860823,-16868782.799239565,0.00046151301522290495,4.6194625902273856e-06,0.94853829986560312,1.0532901922542885,3.203728638746452e+26,2.8851313297319123e+26,-1734710053685123.2,-1.4654320624801815e-07,1,9.6109789079191138e+21,9.6109789079430758e+21,9.6109788902732763e+21,-17363385069474.98,-17669799542784,0,9.6109789079191138e+21,0.020989425980786049,0.020989425942249288,0,0,0.020989425980786049,0,1,0.020989425980786049,0
n21_vd_0p05_vg_2p5,baseline,990,internal,2091,electron,985,990,990,985,1,0,6.4696812499999939e-10,3.8864649999999965e-08,28.990988801950103,-289909888.01950103,0.00043712831632526064,0.00010916528569993034,1.000622821553425,0.99937743694370595,3.1997242665831049e+26,3.2037093119603826e+26,1.5769195249764745e+19,0.0013321352619952024,-1,-8.4074399803239848e+26,-8.4074399803450982e+26,-8.4074390866728705e+26,3.9380855469853583e+18,8.9367222773874688e+19,0,-8.4074399803239848e+26,1836.1016171777114,1836.1014220131594,0,0,1836.1016171777114,0,1,1836.1016171777114,0
n21_vd_0p05_vg_2p5,baseline,990,internal,2091,electron,985,990,990,990,1,1,6.4696812499999939e-10,3.8864649999999965e-08,28.990988801950103,289909888.01950103,0.00043712831632526064,-0.00010916528569993034,1.000622821553425,0.99937743694370595,3.1997242665831049e+26,3.2037093119603826e+26,1.5769195249764745e+19,0.0013321352619952024,-1,8.4074338805269061e+26,8.4074338805480951e+26,8.407432986877228e+26,-3.9380855469853583e+18,-8.9367086709310751e+19,0,8.4074338805269061e+26,-1836.100285042447,-1836.1000898782088,0,0,-1836.100285042447,0,1,-1836.100285042447,0
n21_vd_0p05_vg_2p5,baseline,990,internal,2092,electron,990,991,990,990,0,0,1.8448199999999969e-08,3.6410840056203397e-10,8647.0124295633013,-54205830.379125081,0.0004363631773514895,3.1551311785449343e-05,1.0039472117110135,0.99606314802163054,3.2037093119603826e+26,3.2092035236385585e+26,4.4052405043849101e+19,0.0037214176884189558,1,-2.7700574578953505e+23,-2.7700574578950146e+23,-2.7700256057221121e+23,3.1852164402905477e+18,3.1852172902536315e+18,0,-2.7700574578953505e+23,-0.60495311177003941,-0.60494615557089548,0,0,-0.60495311177003941,0,1,-0.60495311177003941,0
n21_vd_0p05_vg_2p5,baseline,990,internal,2092,electron,990,991,990,991,0,1,1.8448199999999969e-08,3.6410840056203397e-10,8647.0124295633013,54205830.379125081,0.0004363631773514895,-3.1551311785449343e-05,1.0039472117110135,0.99606314802163054,3.2037093119603826e+26,3.2092035236385585e+26,4.4052405043849101e+19,0.0037214176884189558,1,2.7530172268077144e+23,2.7530172268179458e+23,2.7529853746450433e+23,-3.1852164402905477e+18,-3.1852172902536315e+18,0,2.7530172268077144e+23,0.60123169408162136,0.60122473788478525,0,0,0.60123169408162136,0,1,0.60123169408162136,0
n21_vd_0p05_vg_2p5,baseline,990,internal,2108,electron,990,997,990,990,0,0,8.1248676124068538e-11,3.8864649999999965e-08,2.9288632285729039,-29288632.285728872,0.00043681514849557907,1.3814309696158489e-05,1.000009929167482,0.99999007089824321,3.2037093119603826e+26,3.2037729032236113e+26,1.5929749898011566e+18,0.00013456984467373037,1,-6.6941212506467497e+27,-6.6941212506635876e+27,-6.6941132385645443e+27,50377945735484968,8.0120990433425542e+21,0,-6.6941212506467497e+27,-14619.297768002072,-14619.28027040812,0,0,-14619.297768002072,0,1,-14619.297768002072,0
n21_vd_0p05_vg_2p5,baseline,990,internal,2108,electron,990,997,990,997,0,1,8.1248676124068538e-11,3.8864649999999965e-08,2.9288632285729039,29288632.285728872,0.00043681514849557907,-1.3814309696158489e-05,1.000009929167482,0.99999007089824321,3.2037093119603826e+26,3.2037729032236113e+26,1.5929749898011566e+18,0.00013456984467373037,1,6.694121189027742e+27,6.6941211890445876e+27,6.6941131769456993e+27,-50377945735484968,-8.0120988883114147e+21,0,6.694121189027742e+27,14619.297633432261,14619.280135838666,0,0,14619.297633432261,0,1,14619.297633432261,0
n21_vd_0p05_vg_2p5,baseline,990,internal,2110,electron,990,998,990,990,0,0,5.9281099999999972e-08,3.6410840056203397e-10,5983.734323920673,16868782.799239315,0.00046175191312651959,-1.0627352331482598e-05,0.94191092655382269,1.0604296397785735,3.2037093119603826e+26,2.8849623756324054e+26,-3.0567335743016423e+19,-0.0025822386725236333,1,-8.5582720403471514e+22,-8.5582720403619841e+22,-8.5582016887336957e+22,7.0351597371021261e+17,7.0351628288393216e+17,0,-8.5582720403471514e+22,-0.186904184511617,-0.18690264810206142,0,0,-0.186904184511617,0,1,-0.186904184511617,0
n21_vd_0p05_vg_2p5,baseline,990,internal,2110,electron,990,998,990,998,0,1,5.9281099999999972e-08,3.6410840056203397e-10,5983.734323920673,-16868782.799232207,0.00046175191312651959,1.0627352331482598e-05,0.94191092655382269,1.0604296397785735,3.2037093119603826e+26,2.8849623756324054e+26,-3.0567335743016423e+19,-0.0025822386725236333,1,8.6765117741996364e+22,8.6765117743595518e+22,8.6764414227312651e+22,-7.0351597371021261e+17,-7.0351628286715494e+17,0,8.6765117741996364e+22,0.18948642318414147,0.18948488677775441,0,0,0.18948642318414147,0,1,0.18948642318414147,0
n21_vd_0p05_vg_2p5,baseline,991,internal,2092,electron,990,991,991,990,1,0,1.8448199999999969e-08,3.6410840056203397e-10,8647.0124295633013,-54205830.379125081,0.0004363631773514895,3.1551311785449343e-05,1.0039472117110135,0.99606314802163054,3.2037093119603826e+26,3.2092035236385585e+26,4.4052405043849101e+19,0.0037214176884189558,-1,-2.7700574578953505e+23,-2.7700574578950146e+23,-2.7700256057221121e+23,3.1852164402905477e+18,3.1852172902536315e+18,0,-2.7700574578953505e+23,0.60495311177003941,0.60494615557089548,0,0,0.60495311177003941,0,1,0.60495311177003941,0
n21_vd_0p05_vg_2p5,baseline,991,internal,2092,electron,990,991,991,991,1,1,1.8448199999999969e-08,3.6410840056203397e-10,8647.0124295633013,54205830.379125081,0.0004363631773514895,-3.1551311785449343e-05,1.0039472117110135,0.99606314802163054,3.2037093119603826e+26,3.2092035236385585e+26,4.4052405043849101e+19,0.0037214176884189558,-1,2.7530172268077144e+23,2.7530172268179458e+23,2.7529853746450433e+23,-3.1852164402905477e+18,-3.1852172902536315e+18,0,2.7530172268077144e+23,-0.60123169408162136,-0.60122473788478525,0,0,-0.60123169408162136,0,1,-0.60123169408162136,0
n21_vd_0p05_vg_2p5,baseline,991,internal,2094,electron,984,991,991,984,1,0,6.4696812499999939e-10,4.3976850000000036e-08,4512.5170765926432,-1545671202.8896294,0.0004363368430395711,0.0008379889018250708,1.0007158807490779,0.99928446074478183,3.2049750076694887e+26,3.2092035236385585e+26,2.7769993540493755e+21,0.2345927425892112,-1,-9.5125851692774286e+26,-9.5125851693012756e+26,-9.5125318333591979e+26,5.3332526835413822e+21,5.3335942077715464e+21,0,-9.5125851692774286e+26,2077.454380135573,2077.4427320993163,0,0,2077.454380135573,0,1,2077.454380135573,0
n21_vd_0p05_vg_2p5,baseline,991,internal,2094,electron,984,991,991,991,1,1,6.4696812499999939e-10,4.3976850000000036e-08,4512.5170765926432,1545671202.8896363,0.0004363368430395711,-0.0008379889018250708,1.0007158807490779,0.99928446074478183,3.2049750076694887e+26,3.2092035236385585e+26,2.7769993540493755e+21,0.2345927425892112,-1,9.5115109779664987e+26,9.5115109779900214e+26,9.5114576420553626e+26,-5.3332526835413822e+21,-5.3335934658760755e+21,0,9.5115109779664987e+26,-2077.2197873929817,-2077.2081393582744,0,0,-2077.2197873929817,0,1,-2077.2197873929817,0
n21_vd_0p05_vg_2p5,baseline,991,contact_cut,2107,electron,991,996,991,991,0,0,8.1248676124068538e-11,4.3976850000000042e-08,4582.6444222308883,-12307892850.745995,0.00043602297956784746,0.0066660151221142883,1.000050962553787,0.99994903917760869,3.2092035236385585e+26,3.2094844081888549e+26,2.8201091804472788e+21,0.2382345340042801,1,-7.5741969866423293e+27,-7.5741969866612717e+27,-7.5741537007442199e+27,4.3114448833653013e+22,4.3285917051805992e+22,0,-7.5741969866423293e+27,-16541.296005137363,-16541.201473023302,0,0,-16541.296005137363,0,1,-16541.296005137363,0
n21_vd_0p05_vg_2p5,baseline,991,contact_cut,2107,electron,991,996,991,996,0,1,8.1248676124068538e-11,4.3976850000000042e-08,4582.6444222308883,12307892850.745995,0.00043602297956784746,-0.0066660151221142883,1.000050962553787,0.99994903917760869,3.2092035236385585e+26,3.2094844081888549e+26,2.8201091804472788e+21,0.2382345340042801,1,7.5740878999486964e+27,7.5740878999677598e+27,7.5740446140979705e+27,-4.3114448833653013e+22,-4.3285869789298672e+22,0,7.5740878999486964e+27,16541.057770603355,16540.963238592773,0,1,16541.057770603355,0,1,16541.057770603355,0
n21_vd_0p05_vg_2p5,baseline,991,internal,2112,electron,991,992,991,991,0,0,6.9505500000000106e-08,3.6410840056203397e-10,4.8590476917229166,-14387350.641316138,0.00043450181763336922,3.6653919899265475e-06,1.0030815598022589,0.99692475789536983,3.2092035236385585e+26,3.228980719722209e+26,24745949844209780,2.0904651034445355e-06,1,-7.3271761368363204e+22,-7.3271761368546512e+22,-7.3271761158781224e+22,208753111404992.88,209765288378368,0,-7.3271761368363204e+22,-0.16001826936233055,-0.16001826890462426,0,0,-0.16001826936233055,0,1,-0.16001826936233055,0
n21_vd_0p05_vg_2p5,baseline,991,internal,2112,electron,991,992,991,992,0,1,6.9505500000000106e-08,3.6410840056203397e-10,4.8590476917229166,14387350.641316138,0.00043450181763336922,-3.6653919899265475e-06,1.0030815598022589,0.99692475789536983,3.2092035236385585e+26,3.228980719722209e+26,24745949844209780,2.0904651034445355e-06,1,7.3270804152285347e+22,7.3270804152468571e+22,7.3270803942703542e+22,-208753111404992.88,-209765028331520,0,7.3270804152285347e+22,0.16001617889722741,0.16001617843952151,0,0,0.16001617889722741,0,1,0.16001617889722741,0
n21_vd_0p05_vg_2p5,baseline,992,internal,2088,electron,983,992,992,983,1,0,6.4696812499999939e-10,9.9999999999999995e-08,426.00852712009566,-1545671202.8896339,0.00043337476951135073,0.00063726571841726809,1.0006732746305398,0.99932702743303725,3.2246710169913136e+26,3.228980719722209e+26,5.9574076133928482e+20,0.050326428369879501,-1,-2.1615160005213543e+27,-2.1615160005267345e+27,-2.1615151180841079e+27,8.7602045844384606e+20,8.8244262658759039e+20,0,-2.1615160005213543e+27,4720.5368499815559,4720.5349228260138,0,0,4720.5368499815559,0,1,4720.5368499815559,0
n21_vd_0p05_vg_2p5,baseline,992,internal,2088,electron,983,992,992,992,1,1,6.4696812499999939e-10,9.9999999999999995e-08,426.00852712009566,1545671202.8896339,0.00043337476951135073,-0.00063726571841726809,1.0006732746305398,0.99932702743303725,3.2246710169913136e+26,3.228980719722209e+26,5.9574076133928482e+20,0.050326428369879501,-1,2.1614929562398199e+27,2.1614929562451973e+27,2.161492073803842e+27,-8.7602045844384606e+20,-8.8244135527727078e+20,0,2.1614929562398199e+27,-4720.4865235531888,-4720.4845964004171,0,0,-4720.4865235531888,0,1,-4720.4865235531888,0
n21_vd_0p05_vg_2p5,baseline,992,internal,2112,electron,991,992,992,991,1,0,6.9505500000000106e-08,3.6410840056203397e-10,4.8590476917229166,-14387350.641316138,0.00043450181763336922,3.6653919899265475e-06,1.0030815598022589,0.99692475789536983,3.2092035236385585e+26,3.228980719722209e+26,24745949844209780,2.0904651034445355e-06,-1,-7.3271761368363204e+22,-7.3271761368546512e+22,-7.3271761158781224e+22,208753111404992.88,209765288378368,0,-7.3271761368363204e+22,0.16001826936233055,0.16001826890462426,0,0,0.16001826936233055,0,1,0.16001826936233055,0
n21_vd_0p05_vg_2p5,baseline,992,internal,2112,electron,991,992,992,992,1,1,6.9505500000000106e-08,3.6410840056203397e-10,4.8590476917229166,14387350.641316138,0.00043450181763336922,-3.6653919899265475e-06,1.0030815598022589,0.99692475789536983,3.2092035236385585e+26,3.228980719722209e+26,24745949844209780,2.0904651034445355e-06,-1,7.3270804152285347e+22,7.3270804152468571e+22,7.3270803942703542e+22,-208753111404992.88,-209765028331520,0,7.3270804152285347e+22,-0.16001617889722741,-0.16001617843952151,0,0,-0.16001617889722741,0,1,-0.16001617889722741,0
n21_vd_0p05_vg_2p5,baseline,992,contact_cut,2114,electron,992,993,992,992,0,0,8.1248676124068538e-11,1.0000000000000004e-07,425.89313164584991,-4258931316.458497,0.00043305851696564786,0.0019685583056983091,1.0000440267702575,0.99995597452194218,3.228980719722209e+26,3.2292607288398993e+26,5.9556820154541474e+20,0.050311851025723629,1,-1.7211347098708668e+28,-1.7211347098751642e+28,-1.7211330109150431e+28,2.7072801569101379e+21,1.6989601210296944e+22,0,-1.7211347098708668e+28,-37587.877303559537,-37587.84020004714,0,0,-37587.877303559537,0,1,-37587.877303559537,0
n21_vd_0p05_vg_2p5,baseline,992,contact_cut,2114,electron,992,993,992,993,0,1,8.1248676124068538e-11,1.0000000000000004e-07,425.89313164584991,4258931316.458497,0.00043305851696564786,-0.0019685583056983091,1.0000440267702575,0.99995597452194218,3.228980719722209e+26,3.2292607288398993e+26,5.9556820154541474e+20,0.050311851025723629,1,1.7211324061102007e+28,1.7211324061144947e+28,1.7211307071593283e+28,-2.7072801569101379e+21,-1.6989551664103973e+22,0,1.7211324061102007e+28,37587.826991708433,37587.789888304171,0,1,37587.826991708433,0,1,37587.826991708433,0
n21_vd_0p05_vg_2p5,baseline,992,internal,2115,electron,992,995,992,992,0,0,1.3049449999999989e-07,3.6410840056203397e-10,0.22136933896949895,-2213693.3896949892,0.0004328864859962419,4.5755488287113621e-07,1.0003421974294897,0.99965788061875938,3.228980719722209e+26,3.2311875111435904e+26,1127031341435324.8,9.5208294876185832e-08,1,-3.9014546237270675e+22,-3.9014546237368209e+22,-3.9014546226473295e+22,1191256160921.1714,10894914355200,0,-3.9014546237270675e+22,-0.085203904645593201,-0.085203904622012799,0,0,-0.085203904645593201,0,1,-0.085203904645593201,0
n21_vd_0p05_vg_2p5,baseline,992,internal,2115,electron,992,995,992,995,0,1,1.3049449999999989e-07,3.6410840056203397e-10,0.22136933896949895,2213693.3896949892,0.0004328864859962419,-4.5755488287113621e-07,1.0003421974294897,0.99965788061875938,3.228980719722209e+26,3.2311875111435904e+26,1127031341435324.8,9.5208294876185832e-08,1,3.9014502641751923e+22,3.9014502641849214e+22,3.9014502630954308e+22,-1191256160921.1714,-10894905966592,0,3.9014502641751923e+22,0.085203809437298328,0.085203809413717399,0,0,0.085203809437298328,0,1,0.085203809437298328,0
n21_vd_0p05_vg_2p5,baseline,995,internal,2085,electron,982,995,995,982,1,0,6.4696812499999939e-10,6.5247249999999943e-08,70.36971324480956,-703697132.4480958,0.00043305075837063857,0.00025901328637445431,1.0006762568453784,0.99932404789945128,3.2268269058527698e+26,3.2311875111435904e+26,6.4203052854232359e+19,0.0054236851836900555,-1,-1.4102217095903336e+27,-1.4102217095938367e+27,-1.4102215714246448e+27,3.840068027502388e+19,1.3816919192056417e+20,0,-1.4102217095903336e+27,3079.7845332440284,3079.7842315038488,0,0,3079.7845332440284,0,1,3079.7845332440284,0
n21_vd_0p05_vg_2p5,baseline,995,internal,2085,electron,982,995,995,995,1,1,6.4696812499999939e-10,6.5247249999999943e-08,70.36971324480956,703697132.44809568,0.00043305075837063857,-0.00025901328637445431,1.0006762568453784,0.99932404789945128,3.2268269058527698e+26,3.2311875111435904e+26,6.4203052854232359e+19,0.0054236851836900555,-1,1.410219226105366e+27,1.4102192261088806e+27,1.4102190879401834e+27,-3.840068027502388e+19,-1.3816869714033168e+20,0,1.410219226105366e+27,-3079.7791095588445,-3079.7788078197709,0,0,-3079.7791095588445,0,1,-3079.7791095588445,0
n21_vd_0p05_vg_2p5,baseline,995,internal,2115,electron,992,995,995,992,1,0,1.3049449999999989e-07,3.6410840056203397e-10,0.22136933896949895,-2213693.3896949892,0.0004328864859962419,4.5755488287113621e-07,1.0003421974294897,0.99965788061875938,3.228980719722209e+26,3.2311875111435904e+26,1127031341435324.8,9.5208294876185832e-08,-1,-3.9014546237270675e+22,-3.9014546237368209e+22,-3.9014546226473295e+22,1191256160921.1714,10894914355200,0,-3.9014546237270675e+22,0.085203904645593201,0.085203904622012799,0,0,0.085203904645593201,0,1,0.085203904645593201,0
n21_vd_0p05_vg_2p5,baseline,995,internal,2115,electron,992,995,995,995,1,1,1.3049449999999989e-07,3.6410840056203397e-10,0.22136933896949895,2213693.3896949892,0.0004328864859962419,-4.5755488287113621e-07,1.0003421974294897,0.99965788061875938,3.228980719722209e+26,3.2311875111435904e+26,1127031341435324.8,9.5208294876185832e-08,-1,3.9014502641751923e+22,3.9014502641849214e+22,3.9014502630954308e+22,-1191256160921.1714,-10894905966592,0,3.9014502641751923e+22,-0.085203809437298328,-0.085203809413717399,0,0,-0.085203809437298328,0,1,-0.085203809437298328,0
n21_vd_0p05_vg_2p5,baseline,995,contact_cut,2118,electron,994,995,995,994,1,0,8.1248676124068538e-11,6.5247249999999956e-08,70.349108257168083,703491082.57167983,0.00043273213630737111,-0.00032528509752438595,0.99995953640643331,1.0000404646851311,3.2314483017083006e+26,3.2311875111435904e+26,-6.4182945542543737e+19,-0.0054219865771029663,-1,-1.1229093713128609e+28,-1.1229093713156706e+28,-1.1229080902458472e+28,4.8246372174631264e+19,1.281069823418163e+22,0,-1.1229093713128609e+28,24523.228443340009,24523.200466105311,0,1,24523.228443340009,0,1,24523.228443340009,0
n21_vd_0p05_vg_2p5,baseline,995,contact_cut,2118,electron,994,995,995,995,1,1,8.1248676124068538e-11,6.5247249999999956e-08,70.349108257168083,-703491082.57167983,0.00043273213630737111,0.00032528509752438595,0.99995953640643331,1.0000404646851311,3.2314483017083006e+26,3.2311875111435904e+26,-6.4182945542543737e+19,-0.0054219865771029663,-1,1.1229096195835811e+28,1.1229096195863805e+28,1.1229083385159486e+28,-4.8246372174631264e+19,-1.2810704318878978e+22,0,1.1229096195835811e+28,-24523.233865326631,-24523.205888078413,0,0,-24523.233865326631,0,1,-24523.233865326631,0
n21_vd_0p05_vg_2p5,baseline,997,internal,2108,electron,990,997,997,990,1,0,8.1248676124068538e-11,3.8864649999999965e-08,2.9288632285729039,-29288632.285728872,0.00043681514849557907,1.3814309696158489e-05,1.000009929167482,0.99999007089824321,3.2037093119603826e+26,3.2037729032236113e+26,1.5929749898011566e+18,0.00013456984467373037,-1,-6.6941212506467497e+27,-6.6941212506635876e+27,-6.6941132385645443e+27,50377945735484968,8.0120990433425542e+21,0,-6.6941212506467497e+27,14619.297768002072,14619.28027040812,0,0,14619.297768002072,0,1,14619.297768002072,0
n21_vd_0p05_vg_2p5,baseline,997,internal,2108,electron,990,997,997,997,1,1,8.1248676124068538e-11,3.8864649999999965e-08,2.9288632285729039,29288632.285728872,0.00043681514849557907,-1.3814309696158489e-05,1.000009929167482,0.99999007089824321,3.2037093119603826e+26,3.2037729032236113e+26,1.5929749898011566e+18,0.00013456984467373037,-1,6.694121189027742e+27,6.6941211890445876e+27,6.6941131769456993e+27,-50377945735484968,-8.0120988883114147e+21,0,6.694121189027742e+27,-14619.297633432261,-14619.280135838666,0,0,-14619.297633432261,0,1,-14619.297633432261,0
n21_vd_0p05_vg_2p5,baseline,997,contact_cut,2109,electron,996,997,997,996,1,0,1.8448199999999969e-08,4.0624338062034256e-11,8667.1821928027348,54205830.379117966,0.0004362682197581376,-3.1544843626107877e-05,0.99602222386357886,1.0039883526599016,3.2094844081888549e+26,3.2037729032236113e+26,-4.9256760075233403e+18,-0.00041610663035474043,-1,-3.0710732559211211e+22,-3.071073255943168e+22,-3.0710376402790402e+22,3.5615631020828416e+17,3.561566412776407e+17,0,-3.0710732559211211e+22,0.067069198053920517,0.067068420243574275,0,1,0.067069198053920517,0,1,0.067069198053920517,0
n21_vd_0p05_vg_2p5,baseline,997,contact_cut,2109,electron,996,997,997,997,1,1,1.8448199999999969e-08,4.0624338062034256e-11,8667.1821928027348,-54205830.379117966,0.0004362682197581376,3.1544843626107877e-05,0.99602222386357886,1.0039883526599016,3.2094844081888549e+26,3.2037729032236113e+26,-4.9256760075233403e+18,-0.00041610663035474043,-1,3.0901266214178553e+22,3.0901266214287361e+22,3.0900910057635841e+22,-3.5615631020828416e+17,-3.5615665152013107e+17,0,3.0901266214178553e+22,-0.067485304684275355,-0.067484526873662895,0,0,-0.067485304684275355,0,1,-0.067485304684275355,0
n21_vd_0p05_vg_2p5,baseline,997,internal,2274,electron,997,1054,997,997,0,0,5.9281099999999972e-08,4.0624338062034256e-11,5983.7384178890743,16868782.799239315,0.00046145802647081766,-1.0613093071043522e-05,0.94191091197633903,1.0604296555546515,3.2037729032236113e+26,2.885019579517936e+26,-3.4083610962673428e+18,-0.00028792832671775616,1,-9.5427555820400112e+21,-9.5427555821235198e+21,-9.5426771930214396e+21,78389043985340272,78389102080163840,0,-9.5427555820400112e+21,-0.020840432994491741,-0.020840261800639505,0,0,-0.020840432994491741,0,1,-0.020840432994491741,0
n21_vd_0p05_vg_2p5,baseline,997,internal,2274,electron,997,1054,997,1054,0,1,5.9281099999999972e-08,4.0624338062034256e-11,5983.7384178890743,-16868782.799232207,0.00046145802647081766,1.0613093071043522e-05,0.94191091197633903,1.0604296555546515,3.2037729032236113e+26,2.885019579517936e+26,-3.4083610962673428e+18,-0.00028792832671775616,1,9.6745968757280835e+21,9.6745968758528011e+21,9.674518486750721e+21,-78389043985340272,-78389102080163840,0,9.6745968757280835e+21,0.021128361321209505,0.021128190127447266,0,0,0.021128361321209505,0,1,0.021128361321209505,0
n21_vd_0p05_vg_2p5,sentaurus,990,internal,2091,electron,985,990,990,985,1,0,6.4696812499999939e-10,3.8864649999999965e-08,28.748024587240291,-287480245.87240285,0.00043712830697962082,0.00010825145047022033,1.0006157214828622,0.99938453115540171,3.199727099565461e+26,3.2036666938787852e+26,1.5636941265464519e+19,0.0013209628341550234,-1,-8.4073875880692159e+26,-8.407387588090398e+26,-8.4073866936505105e+26,3.8723677828146068e+18,8.944398875158066e+19,0,-8.4073875880692159e+26,1836.090175228208,1836.0899798960218,0,0,1836.090175228208,0,1,1836.090175228208,0
n21_vd_0p05_vg_2p5,sentaurus,990,internal,2091,electron,985,990,990,990,1,1,6.4696812499999939e-10,3.8864649999999965e-08,28.748024587240291,287480245.87240285,0.00043712830697962082,-0.00010825145047022033,1.0006157214828622,0.99938453115540171,3.199727099565461e+26,3.2036666938787852e+26,1.5636941265464519e+19,0.0013209628341550234,-1,8.4073815394302637e+26,8.4073815394514348e+26,8.407380645012934e+26,-3.8723677828146068e+18,-8.9443850075676606e+19,0,8.4073815394302637e+26,-1836.0888542653715,-1836.0886589334859,0,0,-1836.0888542653715,0,1,-1836.0888542653715,0
n21_vd_0p05_vg_2p5,sentaurus,990,internal,2092,electron,990,991,990,990,0,0,1.8448199999999969e-08,3.6410840056203397e-10,8812.7788236051911,-54205830.379110865,0.0004363624745295221,3.1616577356174957e-05,1.0040164633414386,0.99599426259785173,3.2036666938787852e+26,3.2092245182234469e+26,4.4896680340755792e+19,0.0037927395837996127,1,-2.7702072209995874e+23,-2.7702072210108416e+23,-2.7701746911834114e+23,3.2529822106252867e+18,3.2529827430169313e+18,0,-2.7702072209995874e+23,-0.60498581854862199,-0.60497871435897244,0,0,-0.60498581854862199,0,1,-0.60498581854862199,0
n21_vd_0p05_vg_2p5,sentaurus,990,internal,2092,electron,990,991,990,991,0,1,1.8448199999999969e-08,3.6410840056203397e-10,8812.7788236051911,54205830.379110865,0.0004363624745295221,-3.1616577356174957e-05,1.0040164633414386,0.99599426259785173,3.2036666938787852e+26,3.2092245182234469e+26,4.4896680340755792e+19,0.0037927395837996127,1,2.7528404096458637e+23,2.7528404096516096e+23,2.7528078798245888e+23,-3.2529822106252867e+18,-3.2529827020805243e+18,0,2.7528404096458637e+23,0.60119307896482255,0.60118597477405955,0,0,0.60119307896482255,0,1,0.60119307896482255,0
n21_vd_0p05_vg_2p5,sentaurus,990,internal,2108,electron,990,997,990,990,0,0,8.1248676124068538e-11,3.8864649999999965e-08,2.8841663217720659,-28841663.217720639,0.00043681514016317849,1.3603491666458467e-05,1.000009671990675,0.99999032807168919,3.2036666938787852e+26,3.2037286369070536e+26,1.5686435560380483e+18,0.00013251439667036948,1,-6.6940303513320864e+27,-6.6940303513489167e+27,-6.6940223391933189e+27,48851396346371752,8.0121555978226405e+21,0,-6.6940303513320864e+27,-14619.099252902297,-14619.081755184821,0,0,-14619.099252902297,0,1,-14619.099252902297,0
n21_vd_0p05_vg_2p5,sentaurus,990,internal,2108,electron,990,997,990,997,0,1,8.1248676124068538e-11,3.8864649999999965e-08,2.8841663217720659,28841663.217720639,0.00043681514016317849,-1.3603491666458467e-05,1.000009671990675,0.99999032807168919,3.2036666938787852e+26,3.2037286369070536e+26,1.5686435560380483e+18,0.00013251439667036948,1,6.6940302906542442e+27,6.6940302906710998e+27,6.6940222785156548e+27,-48851396346371752,-8.0121554449905243e+21,0,6.6940302906542442e+27,14619.0991203879,14619.081622670812,0,0,14619.0991203879,0,1,14619.0991203879,0
n21_vd_0p05_vg_2p5,sentaurus,990,internal,2110,electron,990,998,990,990,0,0,5.9281099999999972e-08,3.6410840056203397e-10,6055.1795150845637,16868782.799239315,0.00046175166147514228,-1.0641097780705877e-05,0.94185675295613813,1.0604882698573537,3.2036666938787852e+26,2.8850712104063414e+26,-3.0932638890318684e+19,-0.0026130984086186904,1,-8.5576613093460108e+22,-8.5576613093068797e+22,-8.5575900248289281e+22,7.1284472262774131e+17,7.1284477951528141e+17,0,-8.5576613093460108e+22,-0.18689084675147266,-0.1868892899682259,0,0,-0.18689084675147266,0,1,-0.18689084675147266,0
n21_vd_0p05_vg_2p5,sentaurus,990,internal,2110,electron,990,998,990,998,0,1,5.9281099999999972e-08,3.6410840056203397e-10,6055.1795150845637,-16868782.799232207,0.00046175166147514228,1.0641097780705877e-05,0.94185675295613813,1.0604882698573537,3.2036666938787852e+26,2.8850712104063414e+26,-3.0932638890318684e+19,-0.0026130984086186904,1,8.677314098862706e+22,8.6773140988600317e+22,8.6772428143841287e+22,-7.1284472262774131e+17,-7.1284475903030067e+17,0,8.677314098862706e+22,0.18950394516009147,0.18950238837768563,0,0,0.18950394516009147,0,1,0.18950394516009147,0
n21_vd_0p05_vg_2p5,sentaurus,991,internal,2092,electron,990,991,991,990,1,0,1.8448199999999969e-08,3.6410840056203397e-10,8812.7788236051911,-54205830.379110865,0.0004363624745295221,3.1616577356174957e-05,1.0040164633414386,0.99599426259785173,3.2036666938787852e+26,3.2092245182234469e+26,4.4896680340755792e+19,0.0037927395837996127,-1,-2.7702072209995874e+23,-2.7702072210108416e+23,-2.7701746911834114e+23,3.2529822106252867e+18,3.2529827430169313e+18,0,-2.7702072209995874e+23,0.60498581854862199,0.60497871435897244,0,0,0.60498581854862199,0,1,0.60498581854862199,0
n21_vd_0p05_vg_2p5,sentaurus,991,internal,2092,electron,990,991,991,991,1,1,1.8448199999999969e-08,3.6410840056203397e-10,8812.7788236051911,54205830.379110865,0.0004363624745295221,-3.1616577356174957e-05,1.0040164633414386,0.99599426259785173,3.2036666938787852e+26,3.2092245182234469e+26,4.4896680340755792e+19,0.0037927395837996127,-1,2.7528404096458637e+23,2.7528404096516096e+23,2.7528078798245888e+23,-3.2529822106252867e+18,-3.2529827020805243e+18,0,2.7528404096458637e+23,-0.60119307896482255,-0.60118597477405955,0,0,-0.60119307896482255,0,1,-0.60119307896482255,0
n21_vd_0p05_vg_2p5,sentaurus,991,internal,2094,electron,984,991,991,984,1,0,6.4696812499999939e-10,4.3976850000000036e-08,4603.111174372697,-1545671202.8896327,0.00043633678960104238,0.00083980688403428871,1.0007179979738441,0.99928234554246143,3.2049896760328581e+26,3.2092245182234469e+26,2.8327662884542218e+21,0.2393037692838155,-1,-9.512647666927245e+26,-9.5126476669507347e+26,-9.5125931420267581e+26,5.4521568811085055e+21,5.4524923976556678e+21,0,-9.512647666927245e+26,2077.4680290032625,2077.4561213050579,0,0,2077.4680290032625,0,1,2077.4680290032625,0
n21_vd_0p05_vg_2p5,sentaurus,991,internal,2094,electron,984,991,991,991,1,1,6.4696812499999939e-10,4.3976850000000036e-08,4603.111174372697,1545671202.8896327,0.00043633678960104238,-0.00083980688403428871,1.0007179979738441,0.99928234554246143,3.2049896760328581e+26,3.2092245182234469e+26,2.8327662884542218e+21,0.2393037692838155,-1,9.5115519040029794e+26,9.5115519040270903e+26,9.5114973791115814e+26,-5.4521568811085055e+21,-5.4524915508942754e+21,0,9.5115519040029794e+26,-2077.2287252339825,-2077.2168175377628,0,0,-2077.2287252339825,0,1,-2077.2287252339825,0
n21_vd_0p05_vg_2p5,sentaurus,991,contact_cut,2107,electron,991,996,991,991,0,0,8.1248676124068538e-11,4.3976850000000042e-08,4675.8145289634194,-12307892850.745998,0.00043602292427759093,0.0066809743430873425,1.0000494980118553,0.99995050362145976,3.2092245182234469e+26,3.2094950642291902e+26,2.8774588676786802e+21,0.24307926700525462,1,-7.5742344842874497e+27,-7.5742344843062921e+27,-7.5741902260055405e+27,4.4089949857800253e+22,4.4258300751541717e+22,0,-7.5742344842874497e+27,-16541.377896280217,-16541.281240576249,0,0,-16541.377896280217,0,1,-16541.377896280217,0
n21_vd_0p05_vg_2p5,sentaurus,991,contact_cut,2107,electron,991,996,991,996,0,1,8.1248676124068538e-11,4.3976850000000042e-08,4675.8145289634194,12307892850.745998,0.00043602292427759093,-0.0066809743430873425,1.0000494980118553,0.99995050362145976,3.2092245182234469e+26,3.2094950642291902e+26,2.8774588676786802e+21,0.24307926700525462,1,7.5741231792088762e+27,7.5741231792276526e+27,7.5740789209742625e+27,-4.4089949857800253e+22,-4.4258253390078351e+22,0,7.5741231792088762e+27,16541.134817013226,16541.038161412547,0,1,16541.134817013226,0,1,16541.134817013226,0
n21_vd_0p05_vg_2p5,sentaurus,991,internal,2112,electron,991,992,991,991,0,0,6.9505500000000106e-08,3.6410840056203397e-10,4.9504493284600484,-14387350.641316129,0.00043450180958080811,3.6730458674583133e-06,1.0030809072722937,0.99692540775277427,3.2092245182234469e+26,3.2289968447813464e+26,25211581149891788,2.1298002674502651e-06,1,-7.3272191688273258e+22,-7.3272191688455492e+22,-7.3272191474335643e+22,213125220454295.25,214119848345600,0,-7.3272191688273258e+22,-0.16001920913839152,-0.16001920867117295,0,0,-0.16001920913839152,0,1,-0.16001920913839152,0
n21_vd_0p05_vg_2p5,sentaurus,991,internal,2112,electron,991,992,991,992,0,1,6.9505500000000106e-08,3.6410840056203397e-10,4.9504493284600484,14387350.641316129,0.00043450180958080811,-3.6730458674583133e-06,1.0030809072722937,0.99692540775277427,3.2092245182234469e+26,3.2289968447813464e+26,25211581149891788,2.1298002674502651e-06,1,7.3271216460772195e+22,7.3271216460954471e+22,7.3271216246834892e+22,-213125220454295.25,-214119579910144,0,7.3271216460772195e+22,0.16001707933812412,0.16001707887090624,0,0,0.16001707933812412,0,1,0.16001707933812412,0
n21_vd_0p05_vg_2p5,sentaurus,992,internal,2088,electron,983,992,992,983,1,0,6.4696812499999939e-10,9.9999999999999995e-08,440.86338340616419,-1545671202.8896339,0.00043337476337183708,0.000639748414243968,1.0006739746677649,0.9993263280241389,3.2246838065488405e+26,3.2289968447813464e+26,6.1651690946363366e+20,0.052081536293049742,-1,-2.1615260549449702e+27,-2.1615260549503823e+27,-2.1615251386264665e+27,9.1010309902503838e+20,9.1632391576929855e+20,0,-2.1615260549449702e+27,4720.5588078468563,4720.556806698004,0,0,4720.5588078468563,0,1,4720.5588078468563,0
n21_vd_0p05_vg_2p5,sentaurus,992,internal,2088,electron,983,992,992,992,1,1,6.4696812499999939e-10,9.9999999999999995e-08,440.86338340616419,1545671202.8896339,0.00043337476337183708,-0.000639748414243968,1.0006739746677649,0.9993263280241389,3.2246838065488405e+26,3.2289968447813464e+26,6.1651690946363366e+20,0.052081536293049742,-1,2.1615022070061428e+27,2.1615022070115262e+27,2.1615012906889414e+27,-9.1010309902503838e+20,-9.1632258481047313e+20,0,2.1615022070061428e+27,-4720.506726310562,-4720.5047251645547,0,0,-4720.506726310562,0,1,-4720.506726310562,0
n21_vd_0p05_vg_2p5,sentaurus,992,internal,2112,electron,991,992,992,991,1,0,6.9505500000000106e-08,3.6410840056203397e-10,4.9504493284600484,-14387350.641316129,0.00043450180958080811,3.6730458674583133e-06,1.0030809072722937,0.99692540775277427,3.2092245182234469e+26,3.2289968447813464e+26,25211581149891788,2.1298002674502651e-06,-1,-7.3272191688273258e+22,-7.3272191688455492e+22,-7.3272191474335643e+22,213125220454295.25,214119848345600,0,-7.3272191688273258e+22,0.16001920913839152,0.16001920867117295,0,0,0.16001920913839152,0,1,0.16001920913839152,0
n21_vd_0p05_vg_2p5,sentaurus,992,internal,2112,electron,991,992,992,992,1,1,6.9505500000000106e-08,3.6410840056203397e-10,4.9504493284600484,14387350.641316129,0.00043450180958080811,-3.6730458674583133e-06,1.0030809072722937,0.99692540775277427,3.2092245182234469e+26,3.2289968447813464e+26,25211581149891788,2.1298002674502651e-06,-1,7.3271216460772195e+22,7.3271216460954471e+22,7.3271216246834892e+22,-213125220454295.25,-214119579910144,0,7.3271216460772195e+22,-0.16001707933812412,-0.16001707887090624,0,0,-0.16001707933812412,0,1,-0.16001707933812412,0
n21_vd_0p05_vg_2p5,sentaurus,992,contact_cut,2114,electron,992,993,992,992,0,0,8.1248676124068538e-11,1.0000000000000004e-07,440.87222214106436,-4408722221.4106445,0.00043305851078233461,0.0020374902147679563,1.000043212910386,0.99995678833448221,3.2289968447813464e+26,3.229271447072796e+26,6.1651748891775258e+20,0.052081585243630428,1,-1.721141879684101e+28,-1.7211418796883786e+28,-1.721140184895232e+28,2.9006434918781739e+21,1.6947931465628699e+22,0,-1.721141879684101e+28,-37588.033885178971,-37587.996872668737,0,0,-37588.033885178971,0,1,-37588.033885178971,0
n21_vd_0p05_vg_2p5,sentaurus,992,contact_cut,2114,electron,992,993,992,993,0,1,8.1248676124068538e-11,1.0000000000000004e-07,440.87222214106436,4408722221.4106445,0.00043305851078233461,-0.0020374902147679563,1.000043212910386,0.99995678833448221,3.2289968447813464e+26,3.229271447072796e+26,6.1651748891775258e+20,0.052081585243630428,1,1.7211394948879755e+28,1.7211394948922598e+28,1.7211378001042003e+28,-2.9006434918781739e+21,-1.6947880595623728e+22,0,1.7211394948879755e+28,37587.981803593699,37587.944791194706,0,1,37587.981803593699,0,1,37587.981803593699,0
n21_vd_0p05_vg_2p5,sentaurus,992,internal,2115,electron,992,995,992,992,0,0,1.3049449999999989e-07,3.6410840056203397e-10,0.2278472980836469,-2278472.9808364697,0.00043288648810093841,4.709042045192291e-07,1.0003389050468696,0.99966117150692158,3.2289968447813464e+26,3.2311822697477045e+26,1160013764574574.8,9.7994553032923223e-08,1,-3.9014612852403337e+22,-3.901461285250036e+22,-3.901461284163671e+22,1261890528010.5974,10863650013184,0,-3.9014612852403337e+22,-0.085204050126444802,-0.085204050102931556,0,0,-0.085204050126444802,0,1,-0.085204050126444802,0
n21_vd_0p05_vg_2p5,sentaurus,992,internal,2115,electron,992,995,992,995,0,1,1.3049449999999989e-07,3.6410840056203397e-10,0.2278472980836469,2278472.9808364697,0.00043288648810093841,-4.709042045192291e-07,1.0003389050468696,0.99966117150692158,3.2289968447813464e+26,3.2311822697477045e+26,1160013764574574.8,9.7994553032923223e-08,1,3.9014567981067419e+22,3.9014567981164836e+22,3.9014567970301203e+22,-1261890528010.5974,-10863633235968,0,3.9014567981067419e+22,0.085203952131891608,0.085203952108379249,0,0,0.085203952131891608,0,1,0.085203952131891608,0
n21_vd_0p05_vg_2p5,sentaurus,995,internal,2085,electron,982,995,995,982,1,0,6.4696812499999939e-10,6.5247249999999943e-08,74.902821595421898,-749028215.95421898,0.00043305075683218919,0.00027555745640839291,1.0006747847299056,0.99932551868989317,3.226831533844347e+26,3.2311822697477045e+26,6.833890781653545e+19,0.0057730700537812528,-1,-1.4102216525445725e+27,-1.4102216525480808e+27,-1.4102215140171649e+27,4.3485192704441885e+19,1.3853091585293969e+20,0,-1.4102216525445725e+27,3079.7844086617361,3079.7841061315989,0,0,3079.7844086617361,0,1,3079.7844086617361,0
n21_vd_0p05_vg_2p5,sentaurus,995,internal,2085,electron,982,995,995,995,1,1,6.4696812499999939e-10,6.5247249999999943e-08,74.902821595421898,749028215.95421898,0.00043305075683218919,-0.00027555745640839291,1.0006747847299056,0.99932551868989317,3.226831533844347e+26,3.2311822697477045e+26,6.833890781653545e+19,0.0057730700537812528,-1,1.4102190090775891e+27,1.4102190090811116e+27,1.4102188705507211e+27,-4.3485192704441885e+19,-1.3853039056125952e+20,0,1.4102190090775891e+27,-3079.778635591676,-3079.7783330627171,0,0,-3079.778635591676,0,1,-3079.778635591676,0
n21_vd_0p05_vg_2p5,sentaurus,995,internal,2115,electron,992,995,995,992,1,0,1.3049449999999989e-07,3.6410840056203397e-10,0.2278472980836469,-2278472.9808364697,0.00043288648810093841,4.709042045192291e-07,1.0003389050468696,0.99966117150692158,3.2289968447813464e+26,3.2311822697477045e+26,1160013764574574.8,9.7994553032923223e-08,-1,-3.9014612852403337e+22,-3.901461285250036e+22,-3.901461284163671e+22,1261890528010.5974,10863650013184,0,-3.9014612852403337e+22,0.085204050126444802,0.085204050102931556,0,0,0.085204050126444802,0,1,0.085204050126444802,0
n21_vd_0p05_vg_2p5,sentaurus,995,internal,2115,electron,992,995,995,995,1,1,1.3049449999999989e-07,3.6410840056203397e-10,0.2278472980836469,2278472.9808364697,0.00043288648810093841,-4.709042045192291e-07,1.0003389050468696,0.99966117150692158,3.2289968447813464e+26,3.2311822697477045e+26,1160013764574574.8,9.7994553032923223e-08,-1,3.9014567981067419e+22,3.9014567981164836e+22,3.9014567970301203e+22,-1261890528010.5974,-10863633235968,0,3.9014567981067419e+22,-0.085203952131891608,-0.085203952108379249,0,0,-0.085203952131891608,0,1,-0.085203952131891608,0
n21_vd_0p05_vg_2p5,sentaurus,995,contact_cut,2118,electron,994,995,995,994,1,0,8.1248676124068538e-11,6.5247249999999956e-08,74.923873308958505,749238733.08958554,0.00043273213475756553,-0.0003464357489768588,0.99995705873533225,1.0000429424940045,3.2314590268193235e+26,3.2311822697477045e+26,-6.8356786064517743e+19,-0.0057745803556186444,-1,-1.1229103118826131e+28,-1.1229103118854047e+28,-1.1229090341636261e+28,5.4724926752156549e+19,1.2777217786257479e+22,0,-1.1229103118826131e+28,24523.248984451777,24523.221080334664,0,1,24523.248984451777,0,1,24523.248984451777,0
n21_vd_0p05_vg_2p5,sentaurus,995,contact_cut,2118,electron,994,995,995,995,1,1,8.1248676124068538e-11,6.5247249999999956e-08,74.923873308958505,-749238733.08958554,0.00043273213475756553,0.0003464357489768588,0.99995705873533225,1.0000429424940045,3.2314590268193235e+26,3.2311822697477045e+26,-6.8356786064517743e+19,-0.0057745803556186444,-1,1.1229105762984668e+28,1.1229105763012668e+28,1.122909298578841e+28,-5.4724926752156549e+19,-1.277722425798292e+22,0,1.1229105762984668e+28,-24523.254759032119,-24523.226854901055,0,0,-24523.254759032119,0,1,-24523.254759032119,0
n21_vd_0p05_vg_2p5,sentaurus,997,internal,2108,electron,990,997,997,990,1,0,8.1248676124068538e-11,3.8864649999999965e-08,2.8841663217720659,-28841663.217720639,0.00043681514016317849,1.3603491666458467e-05,1.000009671990675,0.99999032807168919,3.2036666938787852e+26,3.2037286369070536e+26,1.5686435560380483e+18,0.00013251439667036948,-1,-6.6940303513320864e+27,-6.6940303513489167e+27,-6.6940223391933189e+27,48851396346371752,8.0121555978226405e+21,0,-6.6940303513320864e+27,14619.099252902297,14619.081755184821,0,0,14619.099252902297,0,1,14619.099252902297,0
n21_vd_0p05_vg_2p5,sentaurus,997,internal,2108,electron,990,997,997,997,1,1,8.1248676124068538e-11,3.8864649999999965e-08,2.8841663217720659,28841663.217720639,0.00043681514016317849,-1.3603491666458467e-05,1.000009671990675,0.99999032807168919,3.2036666938787852e+26,3.2037286369070536e+26,1.5686435560380483e+18,0.00013251439667036948,-1,6.6940302906542442e+27,6.6940302906710998e+27,6.6940222785156548e+27,-48851396346371752,-8.0121554449905243e+21,0,6.6940302906542442e+27,-14619.0991203879,-14619.081622670812,0,0,-14619.0991203879,0,1,-14619.0991203879,0
n21_vd_0p05_vg_2p5,sentaurus,997,contact_cut,2109,electron,996,997,997,996,1,0,1.8448199999999969e-08,4.0624338062034256e-11,8833.3591190044517,54205830.379117966,0.00043626673415489236,-3.1609984851854733e-05,0.99595454438594322,1.0040563956009398,3.2094950642291902e+26,3.2037286369070536e+26,-5.0200729970865244e+18,-0.00042408101055814283,-1,-3.0708643159062492e+22,-3.0708643159050241e+22,-3.0708279426437121e+22,3.6373259515306208e+17,3.6373261312013107e+17,0,-3.0708643159062492e+22,0.067064635010947907,0.067063840654921297,0,1,0.067064635010947907,0,1,0.067064635010947907,0
n21_vd_0p05_vg_2p5,sentaurus,997,contact_cut,2109,electron,996,997,997,997,1,1,1.8448199999999969e-08,4.0624338062034256e-11,8833.3591190044517,-54205830.379117966,0.00043626673415489236,3.1609984851854733e-05,0.99595454438594322,1.0040563956009398,3.2094950642291902e+26,3.2037286369070536e+26,-5.0200729970865244e+18,-0.00042408101055814283,-1,3.0902828252616444e+22,3.0902828252487683e+22,3.0902464519869441e+22,-3.6373259515306208e+17,-3.6373261824137626e+17,0,3.0902828252616444e+22,-0.067488716021505982,-0.067487921665213751,0,0,-0.067488716021505982,0,1,-0.067488716021505982,0
n21_vd_0p05_vg_2p5,sentaurus,997,internal,2274,electron,997,1054,997,997,0,0,5.9281099999999972e-08,4.0624338062034256e-11,6055.1836181046101,16868782.799235761,0.00046145755876703993,-1.0626809210378951e-05,0.941857462353766,1.0604875020740738,3.2037286369070536e+26,2.8851312823804848e+26,-3.4490928689915039e+18,-0.00029136922714862877,1,-9.5420725540111715e+21,-9.5420725539916806e+21,-9.5419931255321605e+21,79428435337766208,79428459520065536,0,-9.5420725540111715e+21,-0.020838941328929734,-0.020838767864998855,0,0,-0.020838941328929734,0,1,-0.020838941328929734,0
n21_vd_0p05_vg_2p5,sentaurus,997,internal,2274,electron,997,1054,997,1054,0,1,5.9281099999999972e-08,4.0624338062034256e-11,6055.1836181046101,-16868782.799228657,0.00046145755876703993,1.0626809210378951e-05,0.941857462353766,1.0604875020740738,3.2037286369070536e+26,2.8851312823804848e+26,-3.4490928689915039e+18,-0.00029136922714862877,1,9.6754894230149073e+21,9.6754894229120001e+21,9.6754099944550407e+21,-79428435337766208,-79428456959442944,0,9.6754894230149073e+21,0.02113031055607836,0.0211301370919709,0,0,0.02113031055607836,0,1,0.02113031055607836,0
n21_vd_1_vg_0,baseline,990,internal,2091,electron,985,990,990,985,1,0,6.4696812499999939e-10,3.8864649999999965e-08,0,0,0.00043712900791501426,0,1.0006224583095371,0.99937779988622144,3.1997242863630572e+26,3.2037093296427437e+26,0,0,-1,-8.4074502818265051e+26,-8.4074502818474467e+26,-8.4074492718667446e+26,0,1.0099807021518396e+20,0,-8.4074502818265051e+26,1836.1038669238269,1836.1036463586188,0,0,1836.1038669238269,0,1,1836.1038669238269,0
n21_vd_1_vg_0,baseline,990,internal,2091,electron,985,990,990,990,1,1,6.4696812499999939e-10,3.8864649999999965e-08,0,0,0.00043712900791501426,0,1.0006224583095371,0.99937779988622144,3.1997242863630572e+26,3.2037093296427437e+26,0,0,-1,8.40745028182649e+26,8.4074502818473862e+26,8.4074492718667748e+26,0,-1.0099806114421303e+20,0,8.40745028182649e+26,-1836.1038669238235,-1836.1036463586254,0,0,-1836.1038669238235,0,1,-1836.1038669238235,0
n21_vd_1_vg_0,baseline,990,internal,2092,electron,990,991,990,990,0,0,1.8448199999999969e-08,3.6410840056203397e-10,3.9828168933822178e-08,-0.39828169581812567,0.0004364072235901061,0,1.0008569859264729,0.99914350341055846,3.2037093296427437e+26,3.2092035353335023e+26,202926189.74462441,1.7142608018958752e-14,1,-2.7618097731418594e+23,-2.7618097731487435e+23,-2.761809765088026e+23,0,806071744593920,0,-2.7618097731418594e+23,-0.60315189911204869,-0.60315189735317121,0,0,-0.60315189911204869,0,1,-0.60315189911204869,0
n21_vd_1_vg_0,baseline,990,internal,2092,electron,990,991,990,991,0,1,1.8448199999999969e-08,3.6410840056203397e-10,3.9828168933822178e-08,0.39828169581812567,0.0004364072235901061,0,1.0008569859264729,0.99914350341055846,3.2037093296427437e+26,3.2092035353335023e+26,202926189.74462441,1.7142608018958752e-14,1,2.7618097731417806e+23,2.761809773148665e+23,2.7618097650879673e+23,0,-806069764882432,0,2.7618097731417806e+23,0.60315189911203149,0.60315189735315833,0,0,0.60315189911203149,0,1,0.60315189911203149,0
n21_vd_1_vg_0,baseline,990,internal,2108,electron,990,997,990,990,0,0,8.1248676124068538e-11,3.8864649999999965e-08,0,0,0.00043681583305211141,0,1.0000099245552696,0.99999007551039443,3.2037093296427437e+26,3.2037729208441077e+26,0,0,1,-6.6941317474372339e+27,-6.6941317474538992e+27,-6.6941237254997495e+27,0,8.0219541496807524e+21,0,-6.6941317474372339e+27,-14619.320691952797,-14619.303172835893,0,0,-14619.320691952797,0,1,-14619.320691952797,0
n21_vd_1_vg_0,baseline,990,internal,2108,electron,990,997,990,997,0,1,8.1248676124068538e-11,3.8864649999999965e-08,0,0,0.00043681583305211141,0,1.0000099245552696,0.99999007551039443,3.2037093296427437e+26,3.2037729208441077e+26,0,0,1,6.6941317474372416e+27,6.6941317474538992e+27,6.6941237254997495e+27,0,-8.0219541496807524e+21,0,6.6941317474372416e+27,14619.320691952813,14619.303172835893,0,0,14619.320691952813,0,1,14619.320691952813,0
n21_vd_1_vg_0,baseline,990,internal,2110,electron,990,998,990,990,0,0,5.9281099999999972e-08,3.6410840056203397e-10,2.7887565493574001e-08,0.27887565520745561,0.00046177647767022239,-4.4408920985006262e-13,0.94851632748252701,1.0533137543418905,3.2037093296427437e+26,2.8849624294264045e+26,-142485616.53455818,-1.2036766056000436e-14,1,-8.6187477278752644e+22,-8.6187477278967158e+22,-8.6187477205580343e+22,0.13702803828613319,73386814341120,0,-8.6187477278752644e+22,-0.18822491362690261,-0.18822491346710155,0,0,-0.18822491362690261,0,1,-0.18822491362690261,0
n21_vd_1_vg_0,baseline,990,internal,2110,electron,990,998,990,998,0,1,5.9281099999999972e-08,3.6410840056203397e-10,2.7887565493574001e-08,-0.27887565520745561,0.00046177647767022239,4.4408920985006262e-13,0.94851632748252701,1.0533137543418905,3.2037093296427437e+26,2.8849624294264045e+26,-142485616.53455818,-1.2036766056000436e-14,1,8.6187477278757845e+22,8.6187477278973281e+22,8.6187477205586467e+22,-0.13702803828613319,-73386814341120,0,8.6187477278757845e+22,0.18822491362691399,0.18822491346711492,0,0,0.18822491362691399,0,1,0.18822491362691399,0
n21_vd_1_vg_0,baseline,991,internal,2092,electron,990,991,991,990,1,0,1.8448199999999969e-08,3.6410840056203397e-10,3.9828168933822178e-08,-0.39828169581812567,0.0004364072235901061,0,1.0008569859264729,0.99914350341055846,3.2037093296427437e+26,3.2092035353335023e+26,202926189.74462441,1.7142608018958752e-14,-1,-2.7618097731418594e+23,-2.7618097731487435e+23,-2.761809765088026e+23,0,806071744593920,0,-2.7618097731418594e+23,0.60315189911204869,0.60315189735317121,0,0,0.60315189911204869,0,1,0.60315189911204869,0
n21_vd_1_vg_0,baseline,991,internal,2092,electron,990,991,991,991,1,1,1.8448199999999969e-08,3.6410840056203397e-10,3.9828168933822178e-08,0.39828169581812567,0.0004364072235901061,0,1.0008569859264729,0.99914350341055846,3.2037093296427437e+26,3.2092035353335023e+26,202926189.74462441,1.7142608018958752e-14,-1,2.7618097731417806e+23,2.761809773148665e+23,2.7618097650879673e+23,0,-806069764882432,0,2.7618097731417806e+23,-0.60315189911203149,-0.60315189735315833,0,0,-0.60315189911203149,0,1,-0.60315189911203149,0
n21_vd_1_vg_0,baseline,991,internal,2094,electron,984,991,991,984,1,0,6.4696812499999939e-10,4.3976850000000036e-08,0,0,0.00043633926744795739,0,1.0006593864236115,0.99934090330933389,3.2049750428724088e+26,3.2092035353335023e+26,0,0,-1,-9.5121011026931752e+26,-9.5121011027169481e+26,-9.512099962324597e+26,0,1.1403923510804034e+20,0,-9.5121011026931752e+26,2077.3486647881846,2077.3484157429825,0,0,2077.3486647881846,0,1,2077.3486647881846,0
n21_vd_1_vg_0,baseline,991,internal,2094,electron,984,991,991,991,1,1,6.4696812499999939e-10,4.3976850000000036e-08,0,0,0.00043633926744795739,0,1.0006593864236115,0.99934090330933389,3.2049750428724088e+26,3.2092035353335023e+26,0,0,-1,9.5121011026931684e+26,9.5121011027168821e+26,9.512099962324531e+26,0,-1.1403923510804034e+20,0,9.5121011026931684e+26,-2077.3486647881832,-2077.348415742968,0,0,-2077.3486647881832,0,1,-2077.3486647881832,0
n21_vd_1_vg_0,baseline,991,contact_cut,2107,electron,991,996,991,991,0,0,8.1248676124068538e-11,4.3976850000000042e-08,2.7129969170314061e-05,-271.29969026873368,0.00043602543907884722,1.2700951401711791e-10,1.0000437592472426,0.99995624202930122,3.2092035353335023e+26,3.2094844081888768e+26,16695580061173.707,1.4103935278044905e-09,1,-7.5741851818553744e+27,-7.5741851818742508e+27,-7.5741761235145299e+27,4863242.6453909334,9.0583597209969209e+21,0,-7.5741851818553744e+27,-16541.270224651904,-16541.250442132714,0,0,-16541.270224651904,0,1,-16541.270224651904,0
n21_vd_1_vg_0,baseline,991,contact_cut,2107,electron,991,996,991,996,0,1,8.1248676124068538e-11,4.3976850000000042e-08,2.7129969170314061e-05,271.29969026873368,0.00043602543907884722,-1.2700951401711791e-10,1.0000437592472426,0.99995624202930122,3.2092035353335023e+26,3.2094844081888768e+26,16695580061173.707,1.4103935278044905e-09,1,7.5741851818547323e+27,7.5741851818736043e+27,7.5741761235138855e+27,-4863242.6453909334,-9.0583597187978976e+21,0,7.5741851818547323e+27,16541.2702246505,16541.250442131306,0,1,16541.2702246505,0,1,16541.2702246505,0
n21_vd_1_vg_0,baseline,991,internal,2112,electron,991,992,991,991,0,0,6.9505500000000106e-08,3.6410840056203397e-10,1.8499637377166384e-08,-0.18499637325503082,0.00043450260794550131,0,1.0030750127508292,0.99693127815767169,3.2092035353335023e+26,3.2289807207908387e+26,94214332.593746454,7.9589498795346554e-15,1,-7.327141666770725e+22,-7.3271416667889727e+22,-7.327141661900774e+22,0,48881987485696,0,-7.327141666770725e+22,-0.16001751657024005,-0.16001751646388515,0,0,-0.16001751657024005,0,1,-0.16001751657024005,0
n21_vd_1_vg_0,baseline,991,internal,2112,electron,991,992,991,992,0,1,6.9505500000000106e-08,3.6410840056203397e-10,1.8499637377166384e-08,0.18499637325503082,0.00043450260794550131,0,1.0030750127508292,0.99693127815767169,3.2092035353335023e+26,3.2289807207908387e+26,94214332.593746454,7.9589498795346554e-15,1,7.3271416667703433e+22,7.3271416667886062e+22,7.3271416619004091e+22,0,-48881970708480,0,7.3271416667703433e+22,0.16001751657023172,0.16001751646387719,0,0,0.16001751657023172,0,1,0.16001751657023172,0
n21_vd_1_vg_0,baseline,992,internal,2088,electron,983,992,992,983,1,0,6.4696812499999939e-10,9.9999999999999995e-08,0,0,0.00043337492859146337,0,1.0006679412804882,0.99933235601750203,3.2246710203525104e+26,3.2289807207908387e+26,0,0,-1,-2.161505275838884e+27,-2.1615052758442815e+27,-2.161505018656156e+27,0,2.5718812549872353e+20,0,-2.161505275838884e+27,4720.5134283373054,4720.5128666757009,0,0,4720.5134283373054,0,1,4720.5134283373054,0
n21_vd_1_vg_0,baseline,992,internal,2088,electron,983,992,992,992,1,1,6.4696812499999939e-10,9.9999999999999995e-08,0,0,0.00043337492859146337,0,1.0006679412804882,0.99933235601750203,3.2246710203525104e+26,3.2289807207908387e+26,0,0,-1,2.1615052758388862e+27,2.1615052758442738e+27,2.1615050186561408e+27,0,-2.5718813292042702e+20,0,2.1615052758388862e+27,-4720.51342833731,-4720.5128666756682,0,0,-4720.51342833731,0,1,-4720.51342833731,0
n21_vd_1_vg_0,baseline,992,internal,2112,electron,991,992,992,991,1,0,6.9505500000000106e-08,3.6410840056203397e-10,1.8499637377166384e-08,-0.18499637325503082,0.00043450260794550131,0,1.0030750127508292,0.99693127815767169,3.2092035353335023e+26,3.2289807207908387e+26,94214332.593746454,7.9589498795346554e-15,-1,-7.327141666770725e+22,-7.3271416667889727e+22,-7.327141661900774e+22,0,48881987485696,0,-7.327141666770725e+22,0.16001751657024005,0.16001751646388515,0,0,0.16001751657024005,0,1,0.16001751657024005,0
n21_vd_1_vg_0,baseline,992,internal,2112,electron,991,992,992,992,1,1,6.9505500000000106e-08,3.6410840056203397e-10,1.8499637377166384e-08,0.18499637325503082,0.00043450260794550131,0,1.0030750127508292,0.99693127815767169,3.2092035353335023e+26,3.2289807207908387e+26,94214332.593746454,7.9589498795346554e-15,-1,7.3271416667703433e+22,7.3271416667886062e+22,7.3271416619004091e+22,0,-48881970708480,0,7.3271416667703433e+22,-0.16001751657023172,-0.16001751646387719,0,0,-0.16001751657023172,0,1,-0.16001751657023172,0
n21_vd_1_vg_0,baseline,992,contact_cut,2114,electron,992,993,992,992,0,0,8.1248676124068538e-11,1.0000000000000004e-07,1.1304153820964191e-05,-113.04153790803184,0.00043305867544140214,5.2846615972157451e-11,1.0000433573285064,0.99995664392469608,3.2289807207908387e+26,3.229260728839922e+26,15807714484605.574,1.3353892537293277e-09,1,-1.721134188132604e+28,-1.7211341881369096e+28,-1.7211321452698746e+28,1929032.4017039551,2.0428670350450017e+22,0,-1.721134188132604e+28,-37587.865909312655,-37587.821295214068,0,0,-37587.865909312655,0,1,-37587.865909312655,0
n21_vd_1_vg_0,baseline,992,contact_cut,2114,electron,992,993,992,993,0,1,8.1248676124068538e-11,1.0000000000000004e-07,1.1304153820964191e-05,113.04153790803184,0.00043305867544140214,-5.2846615972157451e-11,1.0000433573285064,0.99995664392469608,3.2289807207908387e+26,3.229260728839922e+26,15807714484605.574,1.3353892537293277e-09,1,1.7211341881325481e+28,1.7211341881368421e+28,1.7211321452698014e+28,-1929032.4017039551,-2.0428670407624622e+22,0,1.7211341881325481e+28,37587.865909311433,37587.821295212474,0,1,37587.865909311433,0,1,37587.865909311433,0
n21_vd_1_vg_0,baseline,992,internal,2115,electron,992,995,992,992,0,0,1.3049449999999989e-07,3.6410840056203397e-10,1.4076417514242704e-09,-0.014076417115260753,0.0004328865968168801,0,1.0003416384520725,0.99965843934143095,3.2289807207908387e+26,3.2311875113003657e+26,7166560.5783268176,6.0540997193603211e-16,1,-3.9014534437263668e+22,-3.9014534437361102e+22,-3.9014534424471158e+22,0,12889943441408,0,-3.9014534437263668e+22,-0.085203878875546674,-0.085203878847609105,0,0,-0.085203878875546674,0,1,-0.085203878875546674,0
n21_vd_1_vg_0,baseline,992,internal,2115,electron,992,995,992,995,0,1,1.3049449999999989e-07,3.6410840056203397e-10,1.4076417514242704e-09,0.014076417115260753,0.0004328865968168801,0,1.0003416384520725,0.99965843934143095,3.2289807207908387e+26,3.2311875113003657e+26,7166560.5783268176,6.0540997193603211e-16,1,3.9014534437263467e+22,3.9014534437360825e+22,3.901453442447089e+22,0,-12889935052800,0,3.9014534437263467e+22,0.085203878875546243,0.085203878847608522,0,0,0.085203878875546243,0,1,0.085203878875546243,0
n21_vd_1_vg_0,baseline,995,internal,2085,electron,982,995,995,982,1,0,6.4696812499999939e-10,6.5247249999999943e-08,0,0,0.00043305077989413179,0,1.0006753758590883,0.99932492809243079,3.2268269063893644e+26,3.2311875113003657e+26,0,0,-1,-1.4102205383692463e+27,-1.4102205383727686e+27,-1.4102203707159272e+27,0,1.6765684143377246e+20,0,-1.4102205383692463e+27,3079.7819754131815,3079.7816092749381,0,0,3079.7819754131815,0,1,3079.7819754131815,0
n21_vd_1_vg_0,baseline,995,internal,2085,electron,982,995,995,995,1,1,6.4696812499999939e-10,6.5247249999999943e-08,0,0,0.00043305077989413179,0,1.0006753758590883,0.99932492809243079,3.2268269063893644e+26,3.2311875113003657e+26,0,0,-1,1.4102205383692472e+27,1.4102205383727587e+27,1.4102203707159324e+27,0,-1.6765682631548758e+20,0,1.4102205383692472e+27,-3079.7819754131833,-3079.7816092749495,0,0,-3079.7819754131833,0,1,-3079.7819754131833,0
n21_vd_1_vg_0,baseline,995,internal,2115,electron,992,995,995,992,1,0,1.3049449999999989e-07,3.6410840056203397e-10,1.4076417514242704e-09,-0.014076417115260753,0.0004328865968168801,0,1.0003416384520725,0.99965843934143095,3.2289807207908387e+26,3.2311875113003657e+26,7166560.5783268176,6.0540997193603211e-16,-1,-3.9014534437263668e+22,-3.9014534437361102e+22,-3.9014534424471158e+22,0,12889943441408,0,-3.9014534437263668e+22,0.085203878875546674,0.085203878847609105,0,0,0.085203878875546674,0,1,0.085203878875546674,0
n21_vd_1_vg_0,baseline,995,internal,2115,electron,992,995,995,995,1,1,1.3049449999999989e-07,3.6410840056203397e-10,1.4076417514242704e-09,0.014076417115260753,0.0004328865968168801,0,1.0003416384520725,0.99965843934143095,3.2289807207908387e+26,3.2311875113003657e+26,7166560.5783268176,6.0540997193603211e-16,-1,3.9014534437263467e+22,3.9014534437360825e+22,3.901453442447089e+22,0,-12889935052800,0,3.9014534437263467e+22,-0.085203878875546243,-0.085203878847608522,0,0,-0.085203878875546243,0,1,-0.085203878875546243,0
n21_vd_1_vg_0,baseline,995,contact_cut,2118,electron,994,995,995,994,1,0,8.1248676124068538e-11,6.5247249999999956e-08,9.0433230567713549e-06,90.433231569875261,0.00043273215778086397,-4.1744385725905886e-11,0.99995964697566486,1.0000403541099421,3.2314483017083006e+26,3.2311875113003657e+26,-8250668053560.5898,-6.969921847679167e-10,-1,-1.1229095511993169e+28,-1.1229095512021134e+28,-1.1229082195006824e+28,795917.43652815511,1.3317014309582991e+22,0,-1.1229095511993169e+28,24523.232371882033,24523.203288902885,0,1,24523.232371882033,0,1,24523.232371882033,0
n21_vd_1_vg_0,baseline,995,contact_cut,2118,electron,994,995,995,995,1,1,8.1248676124068538e-11,6.5247249999999956e-08,9.0433230567713549e-06,-90.433231569875261,0.00043273215778086397,4.1744385725905886e-11,0.99995964697566486,1.0000403541099421,3.2314483017083006e+26,3.2311875113003657e+26,-8250668053560.5898,-6.969921847679167e-10,-1,1.1229095511993503e+28,1.1229095512021532e+28,1.1229082195007222e+28,-795917.43652815511,-1.3317014309582991e+22,0,1.1229095511993503e+28,-24523.232371882761,-24523.203288903755,0,0,-24523.232371882761,0,1,-24523.232371882761,0
n21_vd_1_vg_0,baseline,997,internal,2108,electron,990,997,997,990,1,0,8.1248676124068538e-11,3.8864649999999965e-08,0,0,0.00043681583305211141,0,1.0000099245552696,0.99999007551039443,3.2037093296427437e+26,3.2037729208441077e+26,0,0,-1,-6.6941317474372339e+27,-6.6941317474538992e+27,-6.6941237254997495e+27,0,8.0219541496807524e+21,0,-6.6941317474372339e+27,14619.320691952797,14619.303172835893,0,0,14619.320691952797,0,1,14619.320691952797,0
n21_vd_1_vg_0,baseline,997,internal,2108,electron,990,997,997,997,1,1,8.1248676124068538e-11,3.8864649999999965e-08,0,0,0.00043681583305211141,0,1.0000099245552696,0.99999007551039443,3.2037093296427437e+26,3.2037729208441077e+26,0,0,-1,6.6941317474372416e+27,6.6941317474538992e+27,6.6941237254997495e+27,0,-8.0219541496807524e+21,0,6.6941317474372416e+27,-14619.320691952813,-14619.303172835893,0,0,-14619.320691952813,0,1,-14619.320691952813,0
n21_vd_1_vg_0,baseline,997,contact_cut,2109,electron,996,997,997,996,1,0,1.8448199999999969e-08,4.0624338062034256e-11,1.5931267573528874e-07,1.593126758986374,0.00043636934781014552,-4.4408920985006262e-13,0.99910968903031017,1.0008908397192913,3.2094844081888768e+26,3.2037729208441077e+26,-90560603.258973524,-7.6502935652747437e-15,-1,-3.0813070439181867e+22,-3.081307043925892e+22,-3.0813070349335542e+22,0.092162721663759176,89923377954816,0,-3.0813070439181867e+22,0.067292693847351592,0.067292693651136118,0,1,0.067292693847351592,0,1,0.067292693847351592,0
n21_vd_1_vg_0,baseline,997,contact_cut,2109,electron,996,997,997,997,1,1,1.8448199999999969e-08,4.0624338062034256e-11,1.5931267573528874e-07,-1.593126758986374,0.00043636934781014552,4.4408920985006262e-13,0.99910968903031017,1.0008908397192913,3.2094844081888768e+26,3.2037729208441077e+26,-90560603.258973524,-7.6502935652747437e-15,-1,3.0813070439185406e+22,3.08130704392622e+22,3.0813070349338826e+22,-0.092162721663759176,-89923373760512,0,3.0813070439185406e+22,-0.067292693847359322,-0.067292693651143293,0,0,-0.067292693847359322,0,1,-0.067292693847359322,0
n21_vd_1_vg_0,baseline,997,internal,2274,electron,997,1054,997,997,0,0,5.9281099999999972e-08,4.0624338062034256e-11,2.7887565493574001e-08,0.27887565520745561,0.00046151285126552191,-4.4408920985006262e-13,0.94851631741104703,1.0533137651422073,3.2037729208441077e+26,2.8850196335279064e+26,-15888658.564886428,-1.3422271717006652e-15,1,-9.610818497731474e+21,-9.6108184977554088e+21,-9.6108184895771912e+21,0.01528880898616262,8178217517056,0,-9.610818497731474e+21,-0.020989075660824651,-0.020989075643016504,0,0,-0.020989075660824651,0,1,-0.020989075660824651,0
n21_vd_1_vg_0,baseline,997,internal,2274,electron,997,1054,997,1054,0,1,5.9281099999999972e-08,4.0624338062034256e-11,2.7887565493574001e-08,-0.27887565520745561,0.00046151285126552191,4.4408920985006262e-13,0.94851631741104703,1.0533137651422073,3.2037729208441077e+26,2.8850196335279064e+26,-15888658.564886428,-1.3422271717006652e-15,1,9.6108184977320507e+21,9.6108184977560589e+21,9.6108184895778414e+21,-0.01528880898616262,-8178217517056,0,9.6108184977320507e+21,0.020989075660825911,0.020989075643017923,0,0,0.020989075660825911,0,1,0.020989075660825911,0
n21_vd_1_vg_0,sentaurus,990,internal,2091,electron,985,990,990,985,1,0,6.4696812499999939e-10,3.8864649999999965e-08,1.419617902591681e-06,-14.196179121128694,0.00043712900798672919,5.3290705182007514e-12,1.000615360064431,0.9993848922773918,3.199727111627777e+26,3.2036666960346293e+26,772175400947.43188,6.5231108103801535e-11,-1,-8.4073980656717024e+26,-8.4073980656926811e+26,-8.4073970557182819e+26,9413.6446881460015,1.0099743992014334e+20,0,-8.4073980656717024e+26,1836.0924634328117,1836.0922428689883,0,0,1836.0924634328117,0,1,1836.0924634328117,0
n21_vd_1_vg_0,sentaurus,990,internal,2091,electron,985,990,990,990,1,1,6.4696812499999939e-10,3.8864649999999965e-08,1.419617902591681e-06,14.196179121128694,0.00043712900798672919,-5.3290705182007514e-12,1.000615360064431,0.9993848922773918,3.199727111627777e+26,3.2036666960346293e+26,772175400947.43188,6.5231108103801535e-11,-1,8.4073980656714015e+26,8.4073980656923801e+26,8.4073970557179837e+26,-9413.6446881460015,-1.0099743964526543e+20,0,8.4073980656714015e+26,-1836.0924634327459,-1836.092242868923,0,0,-1836.0924634327459,0,1,-1836.0924634327459,0
n21_vd_1_vg_0,sentaurus,990,internal,2092,electron,990,991,990,990,0,0,1.8448199999999969e-08,3.6410840056203397e-10,1.9914084466911092e-08,-0.19914084270489241,0.00043640720276282182,0,1.0008669153150975,0.99913358542362951,3.2036666960346293e+26,3.2092245226631395e+26,101462746.39258826,8.5712745709366344e-15,1,-2.7618002875775634e+23,-2.7618002875844498e+23,-2.7618002795237796e+23,0,806067013419008,0,-2.7618002875775634e+23,-0.60314982755875957,-0.60314982579989296,0,0,-0.60314982755875957,0,1,-0.60314982755875957,0
n21_vd_1_vg_0,sentaurus,990,internal,2092,electron,990,991,990,991,0,1,1.8448199999999969e-08,3.6410840056203397e-10,1.9914084466911092e-08,0.19914084270489241,0.00043640720276282182,0,1.0008669153150975,0.99913358542362951,3.2036666960346293e+26,3.2092245226631395e+26,101462746.39258826,8.5712745709366344e-15,1,2.7618002875775372e+23,2.7618002875844105e+23,2.76180027952374e+23,0,-806067046973440,0,2.7618002875775372e+23,0.6031498275587539,0.6031498257998843,0,0,0.6031498275587539,0,1,0.6031498275587539,0
n21_vd_1_vg_0,sentaurus,990,internal,2108,electron,990,997,990,990,0,0,8.1248676124068538e-11,3.8864649999999965e-08,6.7824922925785153e-06,67.824923455361841,0.00043681583425971801,-3.2418512319054571e-11,1.0000096674091397,0.99999033265316573,3.2036666960346293e+26,3.2037286387473172e+26,-3688875242996.2739,-3.1162533727710481e-10,1,-6.6940409619405938e+27,-6.6940409619573426e+27,-6.694032940111938e+27,273771.77778181608,8.0218454046822304e+21,0,-6.6940409619405938e+27,-14619.122425420312,-14619.104906541079,0,0,-14619.122425420312,0,1,-14619.122425420312,0
n21_vd_1_vg_0,sentaurus,990,internal,2108,electron,990,997,990,997,0,1,8.1248676124068538e-11,3.8864649999999965e-08,6.7824922925785153e-06,-67.824923455361841,0.00043681583425971801,3.2418512319054571e-11,1.0000096674091397,0.99999033265316573,3.2036666960346293e+26,3.2037286387473172e+26,-3688875242996.2739,-3.1162533727710481e-10,1,6.6940409619407554e+27,6.6940409619574372e+27,6.6940329401120567e+27,-273771.77778181608,-8.0218453804929746e+21,0,6.6940409619407554e+27,14619.122425420665,14619.104906541337,0,0,14619.122425420665,0,1,14619.122425420665,0
n21_vd_1_vg_0,sentaurus,990,internal,2110,electron,990,998,990,990,0,0,5.9281099999999972e-08,3.6410840056203397e-10,3.4084802269923778e-08,0.34084802341682874,0.00046177651424482495,0,0.94854095151342555,1.0532873488078043,3.2036666960346293e+26,2.8850712577421257e+26,-174151304.11728531,-1.4711790263396419e-14,1,-8.6188574605606927e+22,-8.6188574605821943e+22,-8.618857453243481e+22,-0,73387133108224,0,-8.6188574605606927e+22,-0.18822731008006366,-0.18822730992026301,0,0,-0.18822731008006366,0,1,-0.18822731008006366,0
n21_vd_1_vg_0,sentaurus,990,internal,2110,electron,990,998,990,998,0,1,5.9281099999999972e-08,3.6410840056203397e-10,3.4084802269923778e-08,-0.34084802341682874,0.00046177651424482495,0,0.94854095151342555,1.0532873488078043,3.2036666960346293e+26,2.8850712577421257e+26,-174151304.11728531,-1.4711790263396419e-14,1,8.6188574605613772e+22,8.618857460582899e+22,8.618857453244184e+22,-0,-73387149885440,0,8.6188574605613772e+22,0.18822731008007862,0.18822730992027836,0,0,0.18822731008007862,0,1,0.18822731008007862,0
n21_vd_1_vg_0,sentaurus,991,internal,2092,electron,990,991,991,990,1,0,1.8448199999999969e-08,3.6410840056203397e-10,1.9914084466911092e-08,-0.19914084270489241,0.00043640720276282182,0,1.0008669153150975,0.99913358542362951,3.2036666960346293e+26,3.2092245226631395e+26,101462746.39258826,8.5712745709366344e-15,-1,-2.7618002875775634e+23,-2.7618002875844498e+23,-2.7618002795237796e+23,0,806067013419008,0,-2.7618002875775634e+23,0.60314982755875957,0.60314982579989296,0,0,0.60314982755875957,0,1,0.60314982755875957,0
n21_vd_1_vg_0,sentaurus,991,internal,2092,electron,990,991,991,991,1,1,1.8448199999999969e-08,3.6410840056203397e-10,1.9914084466911092e-08,0.19914084270489241,0.00043640720276282182,0,1.0008669153150975,0.99913358542362951,3.2036666960346293e+26,3.2092245226631395e+26,101462746.39258826,8.5712745709366344e-15,-1,2.7618002875775372e+23,2.7618002875844105e+23,2.76180027952374e+23,0,-806067046973440,0,2.7618002875775372e+23,-0.6031498275587539,-0.6031498257998843,0,0,-0.6031498275587539,0,1,-0.6031498275587539,0
n21_vd_1_vg_0,sentaurus,991,internal,2094,electron,984,991,991,984,1,0,6.4696812499999939e-10,4.3976850000000036e-08,2.8392358051833618e-07,2.8392358464301992,0.00043633926730061106,-8.8817841970012523e-13,1.0006603672761629,0.99933992331920263,3.204989718062013e+26,3.2092245226631395e+26,-174728287028.53146,-1.4760532083728126e-11,-1,-9.5121539780945107e+26,-9.5121539781182794e+26,-9.5121528377196226e+26,355.66336903388213,1.1403986567795887e+20,0,-9.5121539780945107e+26,2077.3602122521129,2077.3599632055325,0,0,2077.3602122521129,0,1,2077.3602122521129,0
n21_vd_1_vg_0,sentaurus,991,internal,2094,electron,984,991,991,991,1,1,6.4696812499999939e-10,4.3976850000000036e-08,2.8392358051833618e-07,-2.8392358464301992,0.00043633926730061106,8.8817841970012523e-13,1.0006603672761629,0.99933992331920263,3.204989718062013e+26,3.2092245226631395e+26,-174728287028.53146,-1.4760532083728126e-11,-1,9.5121539780945932e+26,9.5121539781183138e+26,9.5121528377196543e+26,-355.66336903388213,-1.1403986595283678e+20,0,9.5121539780945932e+26,-2077.3602122521306,-2077.3599632055393,0,0,-2077.3602122521306,0,1,-2077.3602122521306,0
n21_vd_1_vg_0,sentaurus,991,contact_cut,2107,electron,991,996,991,991,0,0,8.1248676124068538e-11,4.3976850000000042e-08,2.2608307641928387e-06,22.608306338156581,0.00043602543848138205,-1.0658141036401503e-11,1.0000421494292722,0.99995785175507723,3.2092245226631395e+26,3.2094950642292356e+26,-1391305195588.7004,-1.1753337325622181e-10,1,-7.5742225120090178e+27,-7.5742225120278612e+27,-7.5742134536235231e+27,34008.857489849703,9.0584043380792644e+21,0,-7.5742225120090178e+27,-16541.351750009959,-16541.33196739326,0,0,-16541.351750009959,0,1,-16541.351750009959,0
n21_vd_1_vg_0,sentaurus,991,contact_cut,2107,electron,991,996,991,996,0,1,8.1248676124068538e-11,4.3976850000000042e-08,2.2608307641928387e-06,-22.608306338156581,0.00043602543848138205,1.0658141036401503e-11,1.0000421494292722,0.99995785175507723,3.2092245226631395e+26,3.2094950642292356e+26,-1391305195588.7004,-1.1753337325622181e-10,1,7.5742225120090475e+27,7.5742225120279701e+27,7.5742134536235517e+27,-34008.857489849703,-9.0584044183436132e+21,0,7.5742225120090475e+27,16541.351750010024,16541.331967393322,0,1,16541.351750010024,0,1,16541.351750010024,0
n21_vd_1_vg_0,sentaurus,991,internal,2112,electron,991,992,991,991,0,0,6.9505500000000106e-08,3.6410840056203397e-10,2.6428053395951975e-09,-0.02642805332214726,0.00043450261579385576,0,1.0030742381201569,0.99693204962247983,3.2092245226631395e+26,3.2289968451168136e+26,13459268.239132175,1.1369994180437035e-15,1,-7.3271840581941841e+22,-7.3271840582124821e+22,-7.3271840533242045e+22,0,48882776014848,0,-7.3271840581941841e+22,-0.16001844235694029,-0.16001844225058476,0,0,-0.16001844235694029,0,1,-0.16001844235694029,0
n21_vd_1_vg_0,sentaurus,991,internal,2112,electron,991,992,991,992,0,1,6.9505500000000106e-08,3.6410840056203397e-10,2.6428053395951975e-09,0.02642805332214726,0.00043450261579385576,0,1.0030742381201569,0.99693204962247983,3.2092245226631395e+26,3.2289968451168136e+26,13459268.239132175,1.1369994180437035e-15,1,7.327184058194122e+22,7.3271840582123781e+22,7.3271840533241005e+22,0,-48882776014848,0,7.327184058194122e+22,0.16001844235693893,0.16001844225058248,0,0,0.16001844235693893,0,1,0.16001844235693893,0
n21_vd_1_vg_0,sentaurus,992,internal,2088,electron,983,992,992,983,1,0,6.4696812499999939e-10,9.9999999999999995e-08,2.8392358051833618e-07,2.8392358464301992,0.00043337492860866586,-4.4408920985006262e-13,1.0006684551648561,0.99933184259066365,3.2246838104018949e+26,3.2289968451168136e+26,-397047616206.95728,-3.3541415516959646e-11,-1,-2.1615149591544157e+27,-2.161514959159805e+27,-2.1615147019705355e+27,406.86378125352581,2.5718926954057223e+20,0,-2.1615149591544157e+27,4720.5345757393079,4720.5340140751869,0,0,4720.5345757393079,0,1,4720.5345757393079,0
n21_vd_1_vg_0,sentaurus,992,internal,2088,electron,983,992,992,992,1,1,6.4696812499999939e-10,9.9999999999999995e-08,2.8392358051833618e-07,-2.8392358464301992,0.00043337492860866586,4.4408920985006262e-13,1.0006684551648561,0.99933184259066365,3.2246838104018949e+26,3.2289968451168136e+26,-397047616206.95728,-3.3541415516959646e-11,-1,2.1615149591544418e+27,2.1615149591598284e+27,2.1615147019705583e+27,-406.86378125352581,-2.5718927009032805e+20,0,2.1615149591544418e+27,-4720.5345757393652,-4720.5340140752369,0,0,-4720.5345757393652,0,1,-4720.5345757393652,0
n21_vd_1_vg_0,sentaurus,992,internal,2112,electron,991,992,992,991,1,0,6.9505500000000106e-08,3.6410840056203397e-10,2.6428053395951975e-09,-0.02642805332214726,0.00043450261579385576,0,1.0030742381201569,0.99693204962247983,3.2092245226631395e+26,3.2289968451168136e+26,13459268.239132175,1.1369994180437035e-15,-1,-7.3271840581941841e+22,-7.3271840582124821e+22,-7.3271840533242045e+22,0,48882776014848,0,-7.3271840581941841e+22,0.16001844235694029,0.16001844225058476,0,0,0.16001844235694029,0,1,0.16001844235694029,0
n21_vd_1_vg_0,sentaurus,992,internal,2112,electron,991,992,992,992,1,1,6.9505500000000106e-08,3.6410840056203397e-10,2.6428053395951975e-09,0.02642805332214726,0.00043450261579385576,0,1.0030742381201569,0.99693204962247983,3.2092245226631395e+26,3.2289968451168136e+26,13459268.239132175,1.1369994180437035e-15,-1,7.327184058194122e+22,7.3271840582123781e+22,7.3271840533241005e+22,0,-48882776014848,0,7.327184058194122e+22,-0.16001844235693893,-0.16001844225058248,0,0,-0.16001844235693893,0,1,-0.16001844235693893,0
n21_vd_1_vg_0,sentaurus,992,contact_cut,2114,electron,992,993,992,992,0,0,8.1248676124068538e-11,1.0000000000000004e-07,4.5216615283856774e-06,45.216614452670001,0.00043305867545034805,-2.0872192862952943e-11,1.0000425200434049,0.99995748116186367,3.2289968451168136e+26,3.22927144707282e+26,-6323112075083.7393,-5.341579216537615e-10,1,-1.7211413418459341e+28,-1.7211413418502139e+28,-1.7211392989746882e+28,304755.96543116966,2.0428755256936938e+22,0,-1.7211413418459341e+28,-37588.022139326131,-37587.977525041555,0,0,-37588.022139326131,0,1,-37588.022139326131,0
n21_vd_1_vg_0,sentaurus,992,contact_cut,2114,electron,992,993,992,993,0,1,8.1248676124068538e-11,1.0000000000000004e-07,4.5216615283856774e-06,-45.216614452670001,0.00043305867545034805,2.0872192862952943e-11,1.0000425200434049,0.99995748116186367,3.2289968451168136e+26,3.22927144707282e+26,-6323112075083.7393,-5.341579216537615e-10,1,1.7211413418459561e+28,1.7211413418502447e+28,1.7211392989747187e+28,-304755.96543116966,-2.0428755259135961e+22,0,1.7211413418459561e+28,37588.022139326611,37587.977525042224,0,1,37588.022139326611,0,1,37588.022139326611,0
n21_vd_1_vg_0,sentaurus,992,internal,2115,electron,992,995,992,992,0,0,1.3049449999999989e-07,3.6410840056203397e-10,1.4076417514242704e-09,0.014076417548941622,0.00043288660279902305,0,1.0003383297917707,0.99966174650238637,3.2289968451168136e+26,3.2311822696512079e+26,-7166572.7607601853,-6.0541100107219334e-16,1,-3.9014600758054462e+22,-3.9014600758151812e+22,-3.9014600745261575e+22,-0,12890237042688,0,-3.9014600758054462e+22,-0.085204023713584792,-0.085204023685646391,0,0,-0.085204023713584792,0,1,-0.085204023713584792,0
n21_vd_1_vg_0,sentaurus,992,internal,2115,electron,992,995,992,995,0,1,1.3049449999999989e-07,3.6410840056203397e-10,1.4076417514242704e-09,-0.014076417548941622,0.00043288660279902305,0,1.0003383297917707,0.99966174650238637,3.2289968451168136e+26,3.2311822696512079e+26,-7166572.7607601853,-6.0541100107219334e-16,1,3.9014600758054722e+22,3.9014600758152223e+22,3.9014600745261986e+22,-0,-12890237042688,0,3.9014600758054722e+22,0.085204023713585361,0.085204023685647293,0,0,0.085204023713585361,0,1,0.085204023713585361,0
n21_vd_1_vg_0,sentaurus,995,internal,2085,electron,982,995,995,982,1,0,6.4696812499999939e-10,6.5247249999999943e-08,5.6784716103667236e-07,5.678471581838096,0.00043305077989818773,-1.7763568394002505e-12,1.0006738469950156,0.99932645558224498,3.2268315341379751e+26,3.2311822696512079e+26,-518085381054.01678,-4.3766330107211599e-11,-1,-1.4102204062645142e+27,-1.4102204062680334e+27,-1.4102202386112076e+27,2125.1653449162604,1.6765682576573176e+20,0,-1.4102204062645142e+27,3079.7816869095309,3079.7813207713152,0,0,3079.7816869095309,0,1,3079.7816869095309,0
n21_vd_1_vg_0,sentaurus,995,internal,2085,electron,982,995,995,995,1,1,6.4696812499999939e-10,6.5247249999999943e-08,5.6784716103667236e-07,-5.678471581838096,0.00043305077989818773,1.7763568394002505e-12,1.0006738469950156,0.99932645558224498,3.2268315341379751e+26,3.2311822696512079e+26,-518085381054.01678,-4.3766330107211599e-11,-1,1.4102204062645403e+27,1.4102204062680634e+27,1.4102202386112379e+27,-2125.1653449162604,-1.6765682549085386e+20,0,1.4102204062645403e+27,-3079.7816869095882,-3079.7813207713816,0,0,-3079.7816869095882,0,1,-3079.7816869095882,0
n21_vd_1_vg_0,sentaurus,995,internal,2115,electron,992,995,995,992,1,0,1.3049449999999989e-07,3.6410840056203397e-10,1.4076417514242704e-09,0.014076417548941622,0.00043288660279902305,0,1.0003383297917707,0.99966174650238637,3.2289968451168136e+26,3.2311822696512079e+26,-7166572.7607601853,-6.0541100107219334e-16,-1,-3.9014600758054462e+22,-3.9014600758151812e+22,-3.9014600745261575e+22,-0,12890237042688,0,-3.9014600758054462e+22,0.085204023713584792,0.085204023685646391,0,0,0.085204023713584792,0,1,0.085204023713584792,0
n21_vd_1_vg_0,sentaurus,995,internal,2115,electron,992,995,995,995,1,1,1.3049449999999989e-07,3.6410840056203397e-10,1.4076417514242704e-09,-0.014076417548941622,0.00043288660279902305,0,1.0003383297917707,0.99966174650238637,3.2289968451168136e+26,3.2311822696512079e+26,-7166572.7607601853,-6.0541100107219334e-16,-1,3.9014600758054722e+22,3.9014600758152223e+22,3.9014600745261986e+22,-0,-12890237042688,0,3.9014600758054722e+22,-0.085204023713585361,-0.085204023685647293,0,0,-0.085204023713585361,0,1,-0.085204023713585361,0
n21_vd_1_vg_0,sentaurus,995,contact_cut,2118,electron,994,995,995,994,1,0,8.1248676124068538e-11,6.5247249999999956e-08,2.2608307641928387e-06,22.60830811451342,0.00043273215778501353,-1.021405182655144e-11,0.99995717645386595,1.0000428247687396,3.2314590268193468e+26,3.2311822696512079e+26,-2062668763273.3164,-1.742481940169656e-10,-1,-1.1229105038303135e+28,-1.1229105038331177e+28,-1.122909172130553e+28,48686.480239699107,1.3317025647746896e+22,0,-1.1229105038303135e+28,24523.25317639943,24523.224093395689,0,1,24523.25317639943,0,1,24523.25317639943,0
n21_vd_1_vg_0,sentaurus,995,contact_cut,2118,electron,994,995,995,995,1,1,8.1248676124068538e-11,6.5247249999999956e-08,2.2608307641928387e-06,-22.60830811451342,0.00043273215778501353,1.021405182655144e-11,0.99995717645386595,1.0000428247687396,3.2314590268193468e+26,3.2311822696512079e+26,-2062668763273.3164,-1.742481940169656e-10,-1,1.1229105038303241e+28,1.1229105038331219e+28,1.1229091721305569e+28,-48686.480239699107,-1.331702564994592e+22,0,1.1229105038303241e+28,-24523.253176399663,-24523.224093395776,0,0,-24523.253176399663,0,1,-24523.253176399663,0
n21_vd_1_vg_0,sentaurus,997,internal,2108,electron,990,997,997,990,1,0,8.1248676124068538e-11,3.8864649999999965e-08,6.7824922925785153e-06,67.824923455361841,0.00043681583425971801,-3.2418512319054571e-11,1.0000096674091397,0.99999033265316573,3.2036666960346293e+26,3.2037286387473172e+26,-3688875242996.2739,-3.1162533727710481e-10,-1,-6.6940409619405938e+27,-6.6940409619573426e+27,-6.694032940111938e+27,273771.77778181608,8.0218454046822304e+21,0,-6.6940409619405938e+27,14619.122425420312,14619.104906541079,0,0,14619.122425420312,0,1,14619.122425420312,0
n21_vd_1_vg_0,sentaurus,997,internal,2108,electron,990,997,997,997,1,1,8.1248676124068538e-11,3.8864649999999965e-08,6.7824922925785153e-06,-67.824923455361841,0.00043681583425971801,3.2418512319054571e-11,1.0000096674091397,0.99999033265316573,3.2036666960346293e+26,3.2037286387473172e+26,-3688875242996.2739,-3.1162533727710481e-10,-1,6.6940409619407554e+27,6.6940409619574372e+27,6.6940329401120567e+27,-273771.77778181608,-8.0218453804929746e+21,0,6.6940409619407554e+27,-14619.122425420665,-14619.104906541337,0,0,-14619.122425420665,0,1,-14619.122425420665,0
n21_vd_1_vg_0,sentaurus,997,contact_cut,2109,electron,996,997,997,996,1,0,1.8448199999999969e-08,4.0624338062034256e-11,3.9828168933822185e-08,0.39828169581812567,0.00043636891141533862,0,0.99910112308322685,1.0008994158929159,3.2094950642292356e+26,3.2037286387473172e+26,-22640009.234790992,-1.9125614310604746e-15,-1,-3.0812877749961336e+22,-3.0812877750038251e+22,-3.0812877660115545e+22,-0,89922706866176,0,-3.0812877749961336e+22,0.067292273033179556,0.067292272836965247,0,1,0.067292273033179556,0,1,0.067292273033179556,0
n21_vd_1_vg_0,sentaurus,997,contact_cut,2109,electron,996,997,997,997,1,1,1.8448199999999969e-08,4.0624338062034256e-11,3.9828168933822185e-08,-0.39828169581812567,0.00043636891141533862,0,0.99910112308322685,1.0008994158929159,3.2094950642292356e+26,3.2037286387473172e+26,-22640009.234790992,-1.9125614310604746e-15,-1,3.0812877749962246e+22,3.0812877750039023e+22,3.0812877660116312e+22,-0,-89922711060480,0,3.0812877749962246e+22,-0.067292273033181541,-0.067292272836966913,0,0,-0.067292273033181541,0,1,-0.067292273033181541,0
n21_vd_1_vg_0,sentaurus,997,internal,2274,electron,997,1054,997,997,0,0,5.9281099999999972e-08,4.0624338062034256e-11,2.7887565493573995e-08,0.27887565694217908,0.00046151304237505397,0,0.94854166891658542,1.0532865795153183,3.2037286387473172e+26,2.8851313297391488e+26,-15888870.192418689,-1.3422450493725229e-15,1,-9.6109465081480741e+21,-9.6109465081719837e+21,-9.6109464999937243e+21,-0,8178259460096,0,-9.6109465081480741e+21,-0.020989355222895252,-0.020989355205086959,0,0,-0.020989355222895252,0,1,-0.020989355222895252,0
n21_vd_1_vg_0,sentaurus,997,internal,2274,electron,997,1054,997,1054,0,1,5.9281099999999972e-08,4.0624338062034256e-11,2.7887565493573995e-08,-0.27887565694217908,0.00046151304237505397,0,0.94854166891658542,1.0532865795153183,3.2037286387473172e+26,2.8851313297391488e+26,-15888870.192418689,-1.3422450493725229e-15,1,9.6109465081486718e+21,9.6109465081725982e+21,9.6109464999943387e+21,-0,-8178259460096,0,9.6109465081486718e+21,0.020989355222896557,0.020989355205088302,0,0,0.020989355222896557,0,1,0.020989355222896557,0
n21_vd_1_vg_0p05,baseline,990,internal,2091,electron,985,990,990,985,1,0,6.4696812499999939e-10,3.8864649999999965e-08,0,0,0.00043712900791501426,0,1.0006224583095285,0.9993777998862301,3.1997242863630572e+26,3.2037093296426866e+26,0,0,-1,-8.4074502818264309e+26,-8.4074502818473244e+26,-8.4074492718667143e+26,0,1.0099806100677408e+20,0,-8.4074502818264309e+26,1836.1038669238108,1836.1036463586122,0,0,1836.1038669238108,0,1,1836.1038669238108,0
n21_vd_1_vg_0p05,baseline,990,internal,2091,electron,985,990,990,990,1,1,6.4696812499999939e-10,3.8864649999999965e-08,0,0,0.00043712900791501426,0,1.0006224583095285,0.9993777998862301,3.1997242863630572e+26,3.2037093296426866e+26,0,0,-1,8.407450281826413e+26,8.4074502818473244e+26,8.4074492718666841e+26,0,-1.0099806403043105e+20,0,8.407450281826413e+26,-1836.1038669238069,-1836.1036463586054,0,0,-1836.1038669238069,0,1,-1836.1038669238069,0
n21_vd_1_vg_0p05,baseline,990,internal,2092,electron,990,991,990,990,0,0,1.8448199999999969e-08,3.6410840056203397e-10,1.7922676020219984e-07,-1.7922676086301603,0.00043640722359010589,4.4408920985006262e-13,1.0008569859264989,0.99914350341053249,3.2037093296426866e+26,3.2092035353332975e+26,913167853.85077465,7.7141736085311422e-14,1,-2.7618097731418809e+23,-2.7618097731487747e+23,-2.7618097650880764e+23,0.92924215905729102,806069831991296,0,-2.7618097731418809e+23,-0.60315189911205336,-0.6031518973531822,0,0,-0.60315189911205336,0,1,-0.60315189911205336,0
n21_vd_1_vg_0p05,baseline,990,internal,2092,electron,990,991,990,991,0,1,1.8448199999999969e-08,3.6410840056203397e-10,1.7922676020219984e-07,1.7922676086301603,0.00043640722359010589,-4.4408920985006262e-13,1.0008569859264989,0.99914350341053249,3.2037093296426866e+26,3.2092035353332975e+26,913167853.85077465,7.7141736085311422e-14,1,2.7618097731415316e+23,2.7618097731484304e+23,2.7618097650877136e+23,-0.92924215905729102,-806071677485056,0,2.7618097731415316e+23,0.60315189911197709,0.60315189735310293,0,0,0.60315189911197709,0,1,0.60315189911197709,0
n21_vd_1_vg_0p05,baseline,990,internal,2108,electron,990,997,990,990,0,0,8.1248676124068538e-11,3.8864649999999965e-08,0,0,0.00043681583305211141,0,1.0000099245552738,0.99999007551039021,3.2037093296426866e+26,3.2037729208440734e+26,0,0,1,-6.6941317474371437e+27,-6.6941317474538046e+27,-6.6941237254996549e+27,0,8.0219541496807524e+21,0,-6.6941317474371437e+27,-14619.3206919526,-14619.303172835685,0,0,-14619.3206919526,0,1,-14619.3206919526,0
n21_vd_1_vg_0p05,baseline,990,internal,2108,electron,990,997,990,997,0,1,8.1248676124068538e-11,3.8864649999999965e-08,0,0,0.00043681583305211141,0,1.0000099245552738,0.99999007551039021,3.2037093296426866e+26,3.2037729208440734e+26,0,0,1,6.6941317474371415e+27,6.6941317474538046e+27,6.6941237254996549e+27,0,-8.0219541496807524e+21,0,6.6941317474371415e+27,14619.320691952595,14619.303172835685,0,0,14619.320691952595,0,1,14619.320691952595,0
n21_vd_1_vg_0p05,baseline,990,internal,2110,electron,990,998,990,990,0,0,5.9281099999999972e-08,3.6410840056203397e-10,1.1155026197429598e-07,1.115502619095099,0.00046177647767022223,0,0.94851632748254333,1.0533137543418729,3.2037093296426866e+26,2.8849624294270093e+26,-569942466.1382916,-4.8147064224006723e-14,1,-8.618747727875256e+22,-8.6187477278967644e+22,-8.6187477205581132e+22,-0,73386512351232,0,-8.618747727875256e+22,-0.18822491362690244,-0.18822491346710329,0,0,-0.18822491362690244,0,1,-0.18822491362690244,0
n21_vd_1_vg_0p05,baseline,990,internal,2110,electron,990,998,990,998,0,1,5.9281099999999972e-08,3.6410840056203397e-10,1.1155026197429598e-07,-1.115502619095099,0.00046177647767022223,0,0.94851632748254333,1.0533137543418729,3.2037093296426866e+26,2.8849624294270093e+26,-569942466.1382916,-4.8147064224006723e-14,1,8.6187477278774455e+22,8.618747727898969e+22,8.6187477205603177e+22,-0,-73386512351232,0,8.6187477278774455e+22,0.18822491362695024,0.18822491346715142,0,0,0.18822491362695024,0,1,0.18822491362695024,0
n21_vd_1_vg_0p05,baseline,991,internal,2092,electron,990,991,991,990,1,0,1.8448199999999969e-08,3.6410840056203397e-10,1.7922676020219984e-07,-1.7922676086301603,0.00043640722359010589,4.4408920985006262e-13,1.0008569859264989,0.99914350341053249,3.2037093296426866e+26,3.2092035353332975e+26,913167853.85077465,7.7141736085311422e-14,-1,-2.7618097731418809e+23,-2.7618097731487747e+23,-2.7618097650880764e+23,0.92924215905729102,806069831991296,0,-2.7618097731418809e+23,0.60315189911205336,0.6031518973531822,0,0,0.60315189911205336,0,1,0.60315189911205336,0
n21_vd_1_vg_0p05,baseline,991,internal,2092,electron,990,991,991,991,1,1,1.8448199999999969e-08,3.6410840056203397e-10,1.7922676020219984e-07,1.7922676086301603,0.00043640722359010589,-4.4408920985006262e-13,1.0008569859264989,0.99914350341053249,3.2037093296426866e+26,3.2092035353332975e+26,913167853.85077465,7.7141736085311422e-14,-1,2.7618097731415316e+23,2.7618097731484304e+23,2.7618097650877136e+23,-0.92924215905729102,-806071677485056,0,2.7618097731415316e+23,-0.60315189911197709,-0.60315189735310293,0,0,-0.60315189911197709,0,1,-0.60315189911197709,0
n21_vd_1_vg_0p05,baseline,991,internal,2094,electron,984,991,991,984,1,0,6.4696812499999939e-10,4.3976850000000036e-08,0,0,0.00043633926744795739,0,1.0006593864235858,0.99934090330935976,3.2049750428723635e+26,3.2092035353332975e+26,0,0,-1,-9.5121011026927973e+26,-9.5121011027165454e+26,-9.5120999623241929e+26,0,1.140392352454793e+20,0,-9.5121011026927973e+26,2077.3486647881023,2077.3484157428938,0,0,2077.3486647881023,0,1,2077.3486647881023,0
n21_vd_1_vg_0p05,baseline,991,internal,2094,electron,984,991,991,991,1,1,6.4696812499999939e-10,4.3976850000000036e-08,0,0,0.00043633926744795739,0,1.0006593864235858,0.99934090330935976,3.2049750428723635e+26,3.2092035353332975e+26,0,0,-1,9.5121011026928069e+26,9.512101102716511e+26,9.5120999623242259e+26,0,-1.1403922851097058e+20,0,9.5121011026928069e+26,-2077.3486647881041,-2077.3484157429011,0,0,-2077.3486647881041,0,1,-2077.3486647881041,0
n21_vd_1_vg_0p05,baseline,991,contact_cut,2107,electron,991,996,991,991,0,0,8.1248676124068538e-11,4.3976850000000042e-08,0,0,0.0004360254390788489,0,1.0000437592472298,0.9999562420293141,3.2092035353332975e+26,3.2094844081888549e+26,0,0,1,-7.5741851818548214e+27,-7.5741851818737099e+27,-7.57417612351399e+27,0,9.0583597198974093e+21,0,-7.5741851818548214e+27,-16541.270224650696,-16541.250442131535,0,0,-16541.270224650696,0,1,-16541.270224650696,0
n21_vd_1_vg_0p05,baseline,991,contact_cut,2107,electron,991,996,991,996,0,1,8.1248676124068538e-11,4.3976850000000042e-08,0,0,0.0004360254390788489,0,1.0000437592472298,0.9999562420293141,3.2092035353332975e+26,3.2094844081888549e+26,0,0,1,7.574185181854806e+27,7.5741851818736571e+27,7.5741761235139383e+27,0,-9.0583597187978976e+21,0,7.574185181854806e+27,16541.270224650663,16541.250442131422,0,1,16541.270224650663,0,1,16541.270224650663,0
n21_vd_1_vg_0p05,baseline,991,internal,2112,electron,991,992,991,991,0,0,6.9505500000000106e-08,3.6410840056203397e-10,0,0,0.00043450260794550212,0,1.0030750127508206,0.99693127815768057,3.2092035353332975e+26,3.2289807207907474e+26,0,0,1,-7.3271416667702083e+22,-7.3271416667884241e+22,-7.3271416619002522e+22,0,48881719050240,0,-7.3271416667702083e+22,-0.16001751657022878,-0.16001751646387377,0,0,-0.16001751657022878,0,1,-0.16001751657022878,0
n21_vd_1_vg_0p05,baseline,991,internal,2112,electron,991,992,991,992,0,1,6.9505500000000106e-08,3.6410840056203397e-10,0,0,0.00043450260794550212,0,1.0030750127508206,0.99693127815768057,3.2092035353332975e+26,3.2289807207907474e+26,0,0,1,7.3271416667702141e+22,7.3271416667884761e+22,7.3271416619003042e+22,0,-48881719050240,0,7.3271416667702141e+22,0.16001751657022889,0.16001751646387488,0,0,0.16001751657022889,0,1,0.16001751657022889,0
n21_vd_1_vg_0p05,baseline,992,internal,2088,electron,983,992,992,983,1,0,6.4696812499999939e-10,9.9999999999999995e-08,0,0,0.00043337492859146337,0,1.0006679412804753,0.99933235601751491,3.2246710203524994e+26,3.2289807207907474e+26,0,0,-1,-2.1615052758388482e+27,-2.1615052758442507e+27,-2.1615050186561252e+27,0,2.5718812549872353e+20,0,-2.1615052758388482e+27,4720.5134283372272,4720.5128666756336,0,0,4720.5134283372272,0,1,4720.5134283372272,0
n21_vd_1_vg_0p05,baseline,992,internal,2088,electron,983,992,992,992,1,1,6.4696812499999939e-10,9.9999999999999995e-08,0,0,0.00043337492859146337,0,1.0006679412804753,0.99933235601751491,3.2246710203524994e+26,3.2289807207907474e+26,0,0,-1,2.1615052758388523e+27,2.1615052758442353e+27,2.1615050186561101e+27,0,-2.5718812522384563e+20,0,2.1615052758388523e+27,-4720.5134283372363,-4720.5128666756009,0,0,-4720.5134283372363,0,1,-4720.5134283372363,0
n21_vd_1_vg_0p05,baseline,992,internal,2112,electron,991,992,992,991,1,0,6.9505500000000106e-08,3.6410840056203397e-10,0,0,0.00043450260794550212,0,1.0030750127508206,0.99693127815768057,3.2092035353332975e+26,3.2289807207907474e+26,0,0,-1,-7.3271416667702083e+22,-7.3271416667884241e+22,-7.3271416619002522e+22,0,48881719050240,0,-7.3271416667702083e+22,0.16001751657022878,0.16001751646387377,0,0,0.16001751657022878,0,1,0.16001751657022878,0
n21_vd_1_vg_0p05,baseline,992,internal,2112,electron,991,992,992,992,1,1,6.9505500000000106e-08,3.6410840056203397e-10,0,0,0.00043450260794550212,0,1.0030750127508206,0.99693127815768057,3.2092035353332975e+26,3.2289807207907474e+26,0,0,-1,7.3271416667702141e+22,7.3271416667884761e+22,7.3271416619003042e+22,0,-48881719050240,0,7.3271416667702141e+22,-0.16001751657022889,-0.16001751646387488,0,0,-0.16001751657022889,0,1,-0.16001751657022889,0
n21_vd_1_vg_0p05,baseline,992,contact_cut,2114,electron,992,993,992,992,0,0,8.1248676124068538e-11,1.0000000000000004e-07,0,0,0.00043305867544140268,0,1.0000433573285019,0.99995664392470052,3.2289807207907474e+26,3.2292607288398993e+26,0,0,1,-1.721134188132549e+28,-1.7211341881368298e+28,-1.7211321452698009e+28,0,2.0428670288877366e+22,0,-1.721134188132549e+28,-37587.865909311455,-37587.82129521246,0,0,-37587.865909311455,0,1,-37587.865909311455,0
n21_vd_1_vg_0p05,baseline,992,contact_cut,2114,electron,992,993,992,993,0,1,8.1248676124068538e-11,1.0000000000000004e-07,0,0,0.00043305867544140268,0,1.0000433573285019,0.99995664392470052,3.2289807207907474e+26,3.2292607288398993e+26,0,0,1,1.7211341881325452e+28,1.721134188136836e+28,1.7211321452697952e+28,0,-2.0428670407624622e+22,0,1.7211341881325452e+28,37587.865909311367,37587.821295212336,0,1,37587.865909311367,0,1,37587.865909311367,0
n21_vd_1_vg_0p05,baseline,992,internal,2115,electron,992,995,992,992,0,0,1.3049449999999989e-07,3.6410840056203397e-10,0,0,0.00043288659681688064,0,1.0003416384520769,0.99965843934142662,3.2289807207907474e+26,3.2311875113003079e+26,0,0,1,-3.901453443726277e+22,-3.901453443735986e+22,-3.9014534424469917e+22,0,12889943441408,0,-3.901453443726277e+22,-0.085203878875544717,-0.085203878847606385,0,0,-0.085203878875544717,0,1,-0.085203878875544717,0
n21_vd_1_vg_0p05,baseline,992,internal,2115,electron,992,995,992,995,0,1,1.3049449999999989e-07,3.6410840056203397e-10,0,0,0.00043288659681688064,0,1.0003416384520769,0.99965843934142662,3.2289807207907474e+26,3.2311875113003079e+26,0,0,1,3.9014534437262653e+22,3.9014534437359717e+22,3.9014534424469774e+22,0,-12889943441408,0,3.9014534437262653e+22,0.085203878875544453,0.085203878847606079,0,0,0.085203878875544453,0,1,0.085203878875544453,0
n21_vd_1_vg_0p05,baseline,995,internal,2085,electron,982,995,995,982,1,0,6.4696812499999939e-10,6.5247249999999943e-08,0,0,0.00043305077989413179,0,1.0006753758590841,0.99932492809243501,3.2268269063893418e+26,3.2311875113003079e+26,0,0,-1,-1.4102205383692304e+27,-1.4102205383727486e+27,-1.4102203707159071e+27,0,1.6765684143377246e+20,0,-1.4102205383692304e+27,3079.7819754131465,3079.7816092748944,0,0,3079.7819754131465,0,1,3079.7819754131465,0
n21_vd_1_vg_0p05,baseline,995,internal,2085,electron,982,995,995,995,1,1,6.4696812499999939e-10,6.5247249999999943e-08,0,0,0.00043305077989413179,0,1.0006753758590841,0.99932492809243501,3.2268269063893418e+26,3.2311875113003079e+26,0,0,-1,1.4102205383692276e+27,1.4102205383727387e+27,1.4102203707159121e+27,0,-1.6765682659036548e+20,0,1.4102205383692276e+27,-3079.7819754131406,-3079.7816092749049,0,0,-3079.7819754131406,0,1,-3079.7819754131406,0
n21_vd_1_vg_0p05,baseline,995,internal,2115,electron,992,995,995,992,1,0,1.3049449999999989e-07,3.6410840056203397e-10,0,0,0.00043288659681688064,0,1.0003416384520769,0.99965843934142662,3.2289807207907474e+26,3.2311875113003079e+26,0,0,-1,-3.901453443726277e+22,-3.901453443735986e+22,-3.9014534424469917e+22,0,12889943441408,0,-3.901453443726277e+22,0.085203878875544717,0.085203878847606385,0,0,0.085203878875544717,0,1,0.085203878875544717,0
n21_vd_1_vg_0p05,baseline,995,internal,2115,electron,992,995,995,995,1,1,1.3049449999999989e-07,3.6410840056203397e-10,0,0,0.00043288659681688064,0,1.0003416384520769,0.99965843934142662,3.2289807207907474e+26,3.2311875113003079e+26,0,0,-1,3.9014534437262653e+22,3.9014534437359717e+22,3.9014534424469774e+22,0,-12889943441408,0,3.9014534437262653e+22,-0.085203878875544453,-0.085203878847606079,0,0,-0.085203878875544453,0,1,-0.085203878875544453,0
n21_vd_1_vg_0p05,baseline,995,contact_cut,2118,electron,994,995,995,994,1,0,8.1248676124068538e-11,6.5247249999999956e-08,0,0,0.0004327321577808644,0,0.9999596469756693,1.0000403541099376,3.2314483017083122e+26,3.2311875113003079e+26,0,0,-1,-1.1229095511993272e+28,-1.1229095512021253e+28,-1.1229082195006862e+28,0,1.3317014390946851e+22,0,-1.1229095511993272e+28,24523.232371882259,24523.203288902965,0,1,24523.232371882259,0,1,24523.232371882259,0
n21_vd_1_vg_0p05,baseline,995,contact_cut,2118,electron,994,995,995,995,1,1,8.1248676124068538e-11,6.5247249999999956e-08,0,0,0.0004327321577808644,0,0.9999596469756693,1.0000403541099376,3.2314483017083122e+26,3.2311875113003079e+26,0,0,-1,1.1229095511993263e+28,1.1229095512021292e+28,1.1229082195006901e+28,0,-1.3317014390946851e+22,0,1.1229095511993263e+28,-24523.232371882241,-24523.203288903052,0,0,-24523.232371882241,0,1,-24523.232371882241,0
n21_vd_1_vg_0p05,baseline,997,internal,2108,electron,990,997,997,990,1,0,8.1248676124068538e-11,3.8864649999999965e-08,0,0,0.00043681583305211141,0,1.0000099245552738,0.99999007551039021,3.2037093296426866e+26,3.2037729208440734e+26,0,0,-1,-6.6941317474371437e+27,-6.6941317474538046e+27,-6.6941237254996549e+27,0,8.0219541496807524e+21,0,-6.6941317474371437e+27,14619.3206919526,14619.303172835685,0,0,14619.3206919526,0,1,14619.3206919526,0
n21_vd_1_vg_0p05,baseline,997,internal,2108,electron,990,997,997,997,1,1,8.1248676124068538e-11,3.8864649999999965e-08,0,0,0.00043681583305211141,0,1.0000099245552738,0.99999007551039021,3.2037093296426866e+26,3.2037729208440734e+26,0,0,-1,6.6941317474371415e+27,6.6941317474538046e+27,6.6941237254996549e+27,0,-8.0219541496807524e+21,0,6.6941317474371415e+27,-14619.320691952595,-14619.303172835685,0,0,-14619.320691952595,0,1,-14619.320691952595,0
n21_vd_1_vg_0p05,baseline,997,contact_cut,2109,electron,996,997,997,996,1,0,1.8448199999999969e-08,4.0624338062034256e-11,1.7922676020219984e-07,1.7922676086301603,0.00043636934781014417,-4.4408920985006262e-13,0.99910968903030162,1.0008908397192997,3.2094844081888549e+26,3.2037729208440734e+26,-101880678.66634272,-8.6065802609338751e-15,-1,-3.0813070439181296e+22,-3.0813070439257943e+22,-3.0813070349334783e+22,0.10368306187172684,89923159851008,0,-3.0813070439181296e+22,0.067292693847350343,0.067292693651134453,0,1,0.067292693847350343,0,1,0.067292693847350343,0
n21_vd_1_vg_0p05,baseline,997,contact_cut,2109,electron,996,997,997,997,1,1,1.8448199999999969e-08,4.0624338062034256e-11,1.7922676020219984e-07,-1.7922676086301603,0.00043636934781014417,4.4408920985006262e-13,0.99910968903030162,1.0008908397192997,3.2094844081888549e+26,3.2037729208440734e+26,-101880678.66634272,-8.6065802609338751e-15,-1,3.0813070439185235e+22,3.081307043926199e+22,3.0813070349338612e+22,-0.10368306187172684,-89923377954816,0,3.0813070439185235e+22,-0.067292693847358948,-0.067292693651142821,0,0,-0.067292693847358948,0,1,-0.067292693847358948,0
n21_vd_1_vg_0p05,baseline,997,internal,2274,electron,997,1054,997,997,0,0,5.9281099999999972e-08,4.0624338062034256e-11,1.1155026197429598e-07,1.115502619095099,0.00046151285126552218,-4.4408920985006262e-13,0.94851631741105946,1.053313765142194,3.2037729208440734e+26,2.8850196335285108e+26,-63554634.25955227,-5.3689086868032147e-15,1,-9.6108184977315012e+21,-9.6108184977554989e+21,-9.6108184895772437e+21,0.061155235944656751,8178255265792,0,-9.6108184977315012e+21,-0.02098907566082471,-0.020989075643016619,0,0,-0.02098907566082471,0,1,-0.02098907566082471,0
n21_vd_1_vg_0p05,baseline,997,internal,2274,electron,997,1054,997,1054,0,1,5.9281099999999972e-08,4.0624338062034256e-11,1.1155026197429598e-07,-1.115502619095099,0.00046151285126552218,4.4408920985006262e-13,0.94851631741105946,1.053313765142194,3.2037729208440734e+26,2.8850196335285108e+26,-63554634.25955227,-5.3689086868032147e-15,1,9.6108184977339507e+21,9.6108184977579211e+21,9.6108184895796701e+21,-0.061155235944656751,-8178251071488,0,9.6108184977339507e+21,0.02098907566083006,0.020989075643021916,0,0,0.02098907566083006,0,1,0.02098907566083006,0
n21_vd_1_vg_0p05,sentaurus,990,internal,2091,electron,985,990,990,985,1,0,6.4696812499999939e-10,3.8864649999999965e-08,0,0,0.00043712900798672925,0,1.000615360064431,0.9993848922773918,3.1997271116277317e+26,3.2036666960347083e+26,0,0,-1,-8.4073980656715897e+26,-8.4073980656925904e+26,-8.4073970557181624e+26,0,1.0099744280636136e+20,0,-8.4073980656715897e+26,1836.0924634327871,1836.0922428689621,0,0,1836.0924634327871,0,1,1836.0924634327871,0
n21_vd_1_vg_0p05,sentaurus,990,internal,2091,electron,985,990,990,990,1,1,6.4696812499999939e-10,3.8864649999999965e-08,0,0,0.00043712900798672925,0,1.000615360064431,0.9993848922773918,3.1997271116277317e+26,3.2036666960347083e+26,0,0,-1,8.4073980656716159e+26,8.4073980656925616e+26,8.4073970557181624e+26,0,-1.0099743992014334e+20,0,8.4073980656716159e+26,-1836.0924634327928,-1836.0922428689621,0,0,-1836.0924634327928,0,1,-1836.0924634327928,0
n21_vd_1_vg_0p05,sentaurus,990,internal,2092,electron,990,991,990,990,0,0,1.8448199999999969e-08,3.6410840056203397e-10,9.9570422334555468e-08,-0.99570422393280289,0.00043640720276282155,0,1.0008669153151146,0.9991335854236123,3.2036666960347083e+26,3.2092245226631395e+26,507313731.96294808,4.2856372854683746e-14,1,-2.7618002875776778e+23,-2.7618002875845682e+23,-2.7618002795238978e+23,0,806067046973440,0,-2.7618002875776778e+23,-0.60314982755878455,-0.60314982579991883,0,0,-0.60314982755878455,0,1,-0.60314982755878455,0
n21_vd_1_vg_0p05,sentaurus,990,internal,2092,electron,990,991,990,991,0,1,1.8448199999999969e-08,3.6410840056203397e-10,9.9570422334555468e-08,0.99570422393280289,0.00043640720276282155,0,1.0008669153151146,0.9991335854236123,3.2036666960347083e+26,3.2092245226631395e+26,507313731.96294808,4.2856372854683746e-14,1,2.7618002875774882e+23,2.7618002875843619e+23,2.7618002795236917e+23,0,-806067013419008,0,2.7618002875774882e+23,0.60314982755874313,0.60314982579987375,0,0,0.60314982755874313,0,1,0.60314982755874313,0
n21_vd_1_vg_0p05,sentaurus,990,internal,2108,electron,990,997,990,990,0,0,8.1248676124068538e-11,3.8864649999999965e-08,0,0,0.00043681583425971839,0,1.0000096674091397,0.99999033265316573,3.2036666960347083e+26,3.2037286387473172e+26,0,0,1,-6.6940409619407653e+27,-6.6940409619574614e+27,-6.6940329401120798e+27,0,8.0218453815924862e+21,0,-6.6940409619407653e+27,-14619.122425420686,-14619.104906541388,0,0,-14619.122425420686,0,1,-14619.122425420686,0
n21_vd_1_vg_0p05,sentaurus,990,internal,2108,electron,990,997,990,997,0,1,8.1248676124068538e-11,3.8864649999999965e-08,0,0,0.00043681583425971839,0,1.0000096674091397,0.99999033265316573,3.2036666960347083e+26,3.2037286387473172e+26,0,0,1,6.6940409619407609e+27,6.6940409619574614e+27,6.6940329401120798e+27,0,-8.0218453815924862e+21,0,6.6940409619407609e+27,14619.122425420677,14619.104906541388,0,0,14619.122425420677,0,1,14619.122425420677,0
n21_vd_1_vg_0p05,sentaurus,990,internal,2110,electron,990,998,990,990,0,0,5.9281099999999972e-08,3.6410840056203397e-10,5.8873749375322877e-08,0.58873749278487431,0.00046177651424482495,0,0.94854095151346274,1.0532873488077643,3.2036666960347083e+26,2.8850712577425765e+26,-300806798.02079111,-2.541127409132325e-14,1,-8.618857460561243e+22,-8.6188574605826876e+22,-8.6188574532439743e+22,-0,73387133108224,0,-8.618857460561243e+22,-0.18822731008007568,-0.18822730992027378,0,0,-0.18822731008007568,0,1,-0.18822731008007568,0
n21_vd_1_vg_0p05,sentaurus,990,internal,2110,electron,990,998,990,998,0,1,5.9281099999999972e-08,3.6410840056203397e-10,5.8873749375322877e-08,-0.58873749278487431,0.00046177651424482495,0,0.94854095151346274,1.0532873488077643,3.2036666960347083e+26,2.8850712577425765e+26,-300806798.02079111,-2.541127409132325e-14,1,8.6188574605623972e+22,8.6188574605838821e+22,8.6188574532451688e+22,-0,-73387133108224,0,8.6188574605623972e+22,0.18822731008010091,0.18822730992029987,0,0,0.18822731008010091,0,1,0.18822731008010091,0
n21_vd_1_vg_0p05,sentaurus,991,internal,2092,electron,990,991,991,990,1,0,1.8448199999999969e-08,3.6410840056203397e-10,9.9570422334555468e-08,-0.99570422393280289,0.00043640720276282155,0,1.0008669153151146,0.9991335854236123,3.2036666960347083e+26,3.2092245226631395e+26,507313731.96294808,4.2856372854683746e-14,-1,-2.7618002875776778e+23,-2.7618002875845682e+23,-2.7618002795238978e+23,0,806067046973440,0,-2.7618002875776778e+23,0.60314982755878455,0.60314982579991883,0,0,0.60314982755878455,0,1,0.60314982755878455,0
n21_vd_1_vg_0p05,sentaurus,991,internal,2092,electron,990,991,991,991,1,1,1.8448199999999969e-08,3.6410840056203397e-10,9.9570422334555468e-08,0.99570422393280289,0.00043640720276282155,0,1.0008669153151146,0.9991335854236123,3.2036666960347083e+26,3.2092245226631395e+26,507313731.96294808,4.2856372854683746e-14,-1,2.7618002875774882e+23,2.7618002875843619e+23,2.7618002795236917e+23,0,-806067013419008,0,2.7618002875774882e+23,-0.60314982755874313,-0.60314982579987375,0,0,-0.60314982755874313,0,1,-0.60314982755874313,0
n21_vd_1_vg_0p05,sentaurus,991,internal,2094,electron,984,991,991,984,1,0,6.4696812499999939e-10,4.3976850000000036e-08,2.8392358051833618e-07,2.8392358464301992,0.00043633926730061106,-8.8817841970012523e-13,1.0006603672761629,0.99933992331920263,3.204989718062013e+26,3.2092245226631395e+26,-174728287028.53146,-1.4760532083728126e-11,-1,-9.5121539780945107e+26,-9.5121539781182794e+26,-9.5121528377196226e+26,355.66336903388213,1.1403986567795887e+20,0,-9.5121539780945107e+26,2077.3602122521129,2077.3599632055325,0,0,2077.3602122521129,0,1,2077.3602122521129,0
n21_vd_1_vg_0p05,sentaurus,991,internal,2094,electron,984,991,991,991,1,1,6.4696812499999939e-10,4.3976850000000036e-08,2.8392358051833618e-07,-2.8392358464301992,0.00043633926730061106,8.8817841970012523e-13,1.0006603672761629,0.99933992331920263,3.204989718062013e+26,3.2092245226631395e+26,-174728287028.53146,-1.4760532083728126e-11,-1,9.5121539780945932e+26,9.5121539781183138e+26,9.5121528377196543e+26,-355.66336903388213,-1.1403986595283678e+20,0,9.5121539780945932e+26,-2077.3602122521306,-2077.3599632055393,0,0,-2077.3602122521306,0,1,-2077.3602122521306,0
n21_vd_1_vg_0p05,sentaurus,991,contact_cut,2107,electron,991,996,991,991,0,0,8.1248676124068538e-11,4.3976850000000042e-08,2.2608307641928387e-06,22.608306338156581,0.00043602543848138205,-1.0658141036401503e-11,1.0000421494292722,0.99995785175507723,3.2092245226631395e+26,3.2094950642292356e+26,-1391305195588.7004,-1.1753337325622181e-10,1,-7.5742225120090178e+27,-7.5742225120278612e+27,-7.5742134536235231e+27,34008.857489849703,9.0584043380792644e+21,0,-7.5742225120090178e+27,-16541.351750009959,-16541.33196739326,0,0,-16541.351750009959,0,1,-16541.351750009959,0
n21_vd_1_vg_0p05,sentaurus,991,contact_cut,2107,electron,991,996,991,996,0,1,8.1248676124068538e-11,4.3976850000000042e-08,2.2608307641928387e-06,-22.608306338156581,0.00043602543848138205,1.0658141036401503e-11,1.0000421494292722,0.99995785175507723,3.2092245226631395e+26,3.2094950642292356e+26,-1391305195588.7004,-1.1753337325622181e-10,1,7.5742225120090475e+27,7.5742225120279701e+27,7.5742134536235517e+27,-34008.857489849703,-9.0584044183436132e+21,0,7.5742225120090475e+27,16541.351750010024,16541.331967393322,0,1,16541.351750010024,0,1,16541.351750010024,0
n21_vd_1_vg_0p05,sentaurus,991,internal,2112,electron,991,992,991,991,0,0,6.9505500000000106e-08,3.6410840056203397e-10,2.6428053395951975e-09,-0.02642805332214726,0.00043450261579385576,0,1.0030742381201569,0.99693204962247983,3.2092245226631395e+26,3.2289968451168136e+26,13459268.239132175,1.1369994180437035e-15,1,-7.3271840581941841e+22,-7.3271840582124821e+22,-7.3271840533242045e+22,0,48882776014848,0,-7.3271840581941841e+22,-0.16001844235694029,-0.16001844225058476,0,0,-0.16001844235694029,0,1,-0.16001844235694029,0
n21_vd_1_vg_0p05,sentaurus,991,internal,2112,electron,991,992,991,992,0,1,6.9505500000000106e-08,3.6410840056203397e-10,2.6428053395951975e-09,0.02642805332214726,0.00043450261579385576,0,1.0030742381201569,0.99693204962247983,3.2092245226631395e+26,3.2289968451168136e+26,13459268.239132175,1.1369994180437035e-15,1,7.327184058194122e+22,7.3271840582123781e+22,7.3271840533241005e+22,0,-48882776014848,0,7.327184058194122e+22,0.16001844235693893,0.16001844225058248,0,0,0.16001844235693893,0,1,0.16001844235693893,0
n21_vd_1_vg_0p05,sentaurus,992,internal,2088,electron,983,992,992,983,1,0,6.4696812499999939e-10,9.9999999999999995e-08,2.8392358051833618e-07,2.8392358464301992,0.00043337492860866586,-4.4408920985006262e-13,1.0006684551648561,0.99933184259066365,3.2246838104018949e+26,3.2289968451168136e+26,-397047616206.95728,-3.3541415516959646e-11,-1,-2.1615149591544157e+27,-2.161514959159805e+27,-2.1615147019705355e+27,406.86378125352581,2.5718926954057223e+20,0,-2.1615149591544157e+27,4720.5345757393079,4720.5340140751869,0,0,4720.5345757393079,0,1,4720.5345757393079,0
n21_vd_1_vg_0p05,sentaurus,992,internal,2088,electron,983,992,992,992,1,1,6.4696812499999939e-10,9.9999999999999995e-08,2.8392358051833618e-07,-2.8392358464301992,0.00043337492860866586,4.4408920985006262e-13,1.0006684551648561,0.99933184259066365,3.2246838104018949e+26,3.2289968451168136e+26,-397047616206.95728,-3.3541415516959646e-11,-1,2.1615149591544418e+27,2.1615149591598284e+27,2.1615147019705583e+27,-406.86378125352581,-2.5718927009032805e+20,0,2.1615149591544418e+27,-4720.5345757393652,-4720.5340140752369,0,0,-4720.5345757393652,0,1,-4720.5345757393652,0
n21_vd_1_vg_0p05,sentaurus,992,internal,2112,electron,991,992,992,991,1,0,6.9505500000000106e-08,3.6410840056203397e-10,2.6428053395951975e-09,-0.02642805332214726,0.00043450261579385576,0,1.0030742381201569,0.99693204962247983,3.2092245226631395e+26,3.2289968451168136e+26,13459268.239132175,1.1369994180437035e-15,-1,-7.3271840581941841e+22,-7.3271840582124821e+22,-7.3271840533242045e+22,0,48882776014848,0,-7.3271840581941841e+22,0.16001844235694029,0.16001844225058476,0,0,0.16001844235694029,0,1,0.16001844235694029,0
n21_vd_1_vg_0p05,sentaurus,992,internal,2112,electron,991,992,992,992,1,1,6.9505500000000106e-08,3.6410840056203397e-10,2.6428053395951975e-09,0.02642805332214726,0.00043450261579385576,0,1.0030742381201569,0.99693204962247983,3.2092245226631395e+26,3.2289968451168136e+26,13459268.239132175,1.1369994180437035e-15,-1,7.327184058194122e+22,7.3271840582123781e+22,7.3271840533241005e+22,0,-48882776014848,0,7.327184058194122e+22,-0.16001844235693893,-0.16001844225058248,0,0,-0.16001844235693893,0,1,-0.16001844235693893,0
n21_vd_1_vg_0p05,sentaurus,992,contact_cut,2114,electron,992,993,992,992,0,0,8.1248676124068538e-11,1.0000000000000004e-07,4.5216615283856774e-06,45.216614452670001,0.00043305867545034805,-2.0872192862952943e-11,1.0000425200434049,0.99995748116186367,3.2289968451168136e+26,3.22927144707282e+26,-6323112075083.7393,-5.341579216537615e-10,1,-1.7211413418459341e+28,-1.7211413418502139e+28,-1.7211392989746882e+28,304755.96543116966,2.0428755256936938e+22,0,-1.7211413418459341e+28,-37588.022139326131,-37587.977525041555,0,0,-37588.022139326131,0,1,-37588.022139326131,0
n21_vd_1_vg_0p05,sentaurus,992,contact_cut,2114,electron,992,993,992,993,0,1,8.1248676124068538e-11,1.0000000000000004e-07,4.5216615283856774e-06,-45.216614452670001,0.00043305867545034805,2.0872192862952943e-11,1.0000425200434049,0.99995748116186367,3.2289968451168136e+26,3.22927144707282e+26,-6323112075083.7393,-5.341579216537615e-10,1,1.7211413418459561e+28,1.7211413418502447e+28,1.7211392989747187e+28,-304755.96543116966,-2.0428755259135961e+22,0,1.7211413418459561e+28,37588.022139326611,37587.977525042224,0,1,37588.022139326611,0,1,37588.022139326611,0
n21_vd_1_vg_0p05,sentaurus,992,internal,2115,electron,992,995,992,992,0,0,1.3049449999999989e-07,3.6410840056203397e-10,1.4076417514242704e-09,0.014076417548941622,0.00043288660279902305,0,1.0003383297917707,0.99966174650238637,3.2289968451168136e+26,3.2311822696512079e+26,-7166572.7607601853,-6.0541100107219334e-16,1,-3.9014600758054462e+22,-3.9014600758151812e+22,-3.9014600745261575e+22,-0,12890237042688,0,-3.9014600758054462e+22,-0.085204023713584792,-0.085204023685646391,0,0,-0.085204023713584792,0,1,-0.085204023713584792,0
n21_vd_1_vg_0p05,sentaurus,992,internal,2115,electron,992,995,992,995,0,1,1.3049449999999989e-07,3.6410840056203397e-10,1.4076417514242704e-09,-0.014076417548941622,0.00043288660279902305,0,1.0003383297917707,0.99966174650238637,3.2289968451168136e+26,3.2311822696512079e+26,-7166572.7607601853,-6.0541100107219334e-16,1,3.9014600758054722e+22,3.9014600758152223e+22,3.9014600745261986e+22,-0,-12890237042688,0,3.9014600758054722e+22,0.085204023713585361,0.085204023685647293,0,0,0.085204023713585361,0,1,0.085204023713585361,0
n21_vd_1_vg_0p05,sentaurus,995,internal,2085,electron,982,995,995,982,1,0,6.4696812499999939e-10,6.5247249999999943e-08,5.6784716103667236e-07,5.678471581838096,0.00043305077989818773,-1.7763568394002505e-12,1.0006738469950198,0.99932645558224076,3.2268315341379517e+26,3.2311822696512079e+26,-518085381054.01678,-4.3766330107211599e-11,-1,-1.41022040626451e+27,-1.4102204062680334e+27,-1.4102202386112076e+27,2125.1653449162604,1.6765682576573176e+20,0,-1.41022040626451e+27,3079.7816869095218,3079.7813207713152,0,0,3079.7816869095218,0,1,3079.7816869095218,0
n21_vd_1_vg_0p05,sentaurus,995,internal,2085,electron,982,995,995,995,1,1,6.4696812499999939e-10,6.5247249999999943e-08,5.6784716103667236e-07,-5.678471581838096,0.00043305077989818773,1.7763568394002505e-12,1.0006738469950198,0.99932645558224076,3.2268315341379517e+26,3.2311822696512079e+26,-518085381054.01678,-4.3766330107211599e-11,-1,1.4102204062645342e+27,1.4102204062680485e+27,1.4102202386112228e+27,-2125.1653449162604,-1.6765682576573176e+20,0,1.4102204062645342e+27,-3079.781686909575,-3079.7813207713484,0,0,-3079.781686909575,0,1,-3079.781686909575,0
n21_vd_1_vg_0p05,sentaurus,995,internal,2115,electron,992,995,995,992,1,0,1.3049449999999989e-07,3.6410840056203397e-10,1.4076417514242704e-09,0.014076417548941622,0.00043288660279902305,0,1.0003383297917707,0.99966174650238637,3.2289968451168136e+26,3.2311822696512079e+26,-7166572.7607601853,-6.0541100107219334e-16,-1,-3.9014600758054462e+22,-3.9014600758151812e+22,-3.9014600745261575e+22,-0,12890237042688,0,-3.9014600758054462e+22,0.085204023713584792,0.085204023685646391,0,0,0.085204023713584792,0,1,0.085204023713584792,0
n21_vd_1_vg_0p05,sentaurus,995,internal,2115,electron,992,995,995,995,1,1,1.3049449999999989e-07,3.6410840056203397e-10,1.4076417514242704e-09,-0.014076417548941622,0.00043288660279902305,0,1.0003383297917707,0.99966174650238637,3.2289968451168136e+26,3.2311822696512079e+26,-7166572.7607601853,-6.0541100107219334e-16,-1,3.9014600758054722e+22,3.9014600758152223e+22,3.9014600745261986e+22,-0,-12890237042688,0,3.9014600758054722e+22,-0.085204023713585361,-0.085204023685647293,0,0,-0.085204023713585361,0,1,-0.085204023713585361,0
n21_vd_1_vg_0p05,sentaurus,995,contact_cut,2118,electron,994,995,995,994,1,0,8.1248676124068538e-11,6.5247249999999956e-08,2.2608307641928387e-06,22.60830811451342,0.00043273215778501353,-1.021405182655144e-11,0.99995717645386595,1.0000428247687396,3.2314590268193468e+26,3.2311822696512079e+26,-2062668763273.3164,-1.742481940169656e-10,-1,-1.1229105038303135e+28,-1.1229105038331177e+28,-1.122909172130553e+28,48686.480239699107,1.3317025647746896e+22,0,-1.1229105038303135e+28,24523.25317639943,24523.224093395689,0,1,24523.25317639943,0,1,24523.25317639943,0
n21_vd_1_vg_0p05,sentaurus,995,contact_cut,2118,electron,994,995,995,995,1,1,8.1248676124068538e-11,6.5247249999999956e-08,2.2608307641928387e-06,-22.60830811451342,0.00043273215778501353,1.021405182655144e-11,0.99995717645386595,1.0000428247687396,3.2314590268193468e+26,3.2311822696512079e+26,-2062668763273.3164,-1.742481940169656e-10,-1,1.1229105038303241e+28,1.1229105038331219e+28,1.1229091721305569e+28,-48686.480239699107,-1.331702564994592e+22,0,1.1229105038303241e+28,-24523.253176399663,-24523.224093395776,0,0,-24523.253176399663,0,1,-24523.253176399663,0
n21_vd_1_vg_0p05,sentaurus,997,internal,2108,electron,990,997,997,990,1,0,8.1248676124068538e-11,3.8864649999999965e-08,0,0,0.00043681583425971839,0,1.0000096674091397,0.99999033265316573,3.2036666960347083e+26,3.2037286387473172e+26,0,0,-1,-6.6940409619407653e+27,-6.6940409619574614e+27,-6.6940329401120798e+27,0,8.0218453815924862e+21,0,-6.6940409619407653e+27,14619.122425420686,14619.104906541388,0,0,14619.122425420686,0,1,14619.122425420686,0
n21_vd_1_vg_0p05,sentaurus,997,internal,2108,electron,990,997,997,997,1,1,8.1248676124068538e-11,3.8864649999999965e-08,0,0,0.00043681583425971839,0,1.0000096674091397,0.99999033265316573,3.2036666960347083e+26,3.2037286387473172e+26,0,0,-1,6.6940409619407609e+27,6.6940409619574614e+27,6.6940329401120798e+27,0,-8.0218453815924862e+21,0,6.6940409619407609e+27,-14619.122425420677,-14619.104906541388,0,0,-14619.122425420677,0,1,-14619.122425420677,0
n21_vd_1_vg_0p05,sentaurus,997,contact_cut,2109,electron,996,997,997,996,1,0,1.8448199999999969e-08,4.0624338062034256e-11,8.9613380101099919e-08,0.89613380258035669,0.00043636891141533721,0,0.99910112308320942,1.000899415892933,3.2094950642292356e+26,3.2037286387473172e+26,-50940020.778279841,-4.3032632198860773e-15,-1,-3.0812877749960695e+22,-3.0812877750037819e+22,-3.0812877660115113e+22,-0,89922706866176,0,-3.0812877749960695e+22,0.067292273033178154,0.067292272836964304,0,1,0.067292273033178154,0,1,0.067292273033178154,0
n21_vd_1_vg_0p05,sentaurus,997,contact_cut,2109,electron,996,997,997,997,1,1,1.8448199999999969e-08,4.0624338062034256e-11,8.9613380101099919e-08,-0.89613380258035669,0.00043636891141533721,0,0.99910112308320942,1.000899415892933,3.2094950642292356e+26,3.2037286387473172e+26,-50940020.778279841,-4.3032632198860773e-15,-1,3.0812877749962666e+22,3.0812877750039682e+22,3.0812877660116971e+22,-0,-89922711060480,0,3.0812877749962666e+22,-0.067292273033182456,-0.067292272836968356,0,0,-0.067292273033182456,0,1,-0.067292273033182456,0
n21_vd_1_vg_0p05,sentaurus,997,internal,2274,electron,997,1054,997,997,0,0,5.9281099999999972e-08,4.0624338062034256e-11,5.8873749375322877e-08,0.58873749278487431,0.0004615130423750544,-4.4408920985006262e-13,0.94854166891662284,1.0532865795152782,3.2037286387473172e+26,2.88513132973959e+26,-33543170.406220064,-2.833628437564454e-15,1,-9.6109465081484621e+21,-9.6109465081724661e+21,-9.6109464999941374e+21,0.032276791062946217,8178328666112,0,-9.6109465081484621e+21,-0.020989355222896099,-0.020989355205087861,0,0,-0.020989355222896099,0,1,-0.020989355222896099,0
n21_vd_1_vg_0p05,sentaurus,997,internal,2274,electron,997,1054,997,1054,0,1,5.9281099999999972e-08,4.0624338062034256e-11,5.8873749375322877e-08,-0.58873749278487431,0.0004615130423750544,4.4408920985006262e-13,0.94854166891662284,1.0532865795152782,3.2037286387473172e+26,2.88513132973959e+26,-33543170.406220064,-2.833628437564454e-15,1,9.6109465081497812e+21,9.6109465081737285e+21,9.610946499995402e+21,-0.032276791062946217,-8178326568960,0,9.6109465081497812e+21,0.020989355222898978,0.020989355205090623,0,0,0.020989355222898978,0,1,0.020989355222898978,0
n21_vd_1_vg_0p8,baseline,990,internal,2091,electron,985,990,990,985,1,0,6.4696812499999939e-10,3.8864649999999965e-08,0.065658747612768131,-656587.47612773464,0.0004371290063334563,2.4737989434697738e-07,1.0006224591322042,0.99937779906423663,3.1997242863186438e+26,3.2037093296030431e+26,35714106149143496,3.017022707777273e-06,-1,-8.4074502582033947e+26,-8.4074502582243638e+26,-8.4074492484275481e+26,20211314458350.684,1.0097968157040417e+20,0,-8.4074502582033947e+26,1836.1038617647735,1836.1036412397305,0,0,1836.1038617647735,0,1,1836.1038617647735,0
n21_vd_1_vg_0p8,baseline,990,internal,2091,electron,985,990,990,990,1,1,6.4696812499999939e-10,3.8864649999999965e-08,0.065658747612768131,656587.47612773464,0.0004371290063334563,-2.4737989434697738e-07,1.0006224591322042,0.99937779906423663,3.1997242863186438e+26,3.2037093296030431e+26,35714106149143496,3.017022707777273e-06,-1,8.4074502443885658e+26,8.4074502444095018e+26,8.4074492346126573e+26,-20211314458350.684,-1.0097968445662219e+20,0,8.4074502443885658e+26,-1836.1038587477517,-1836.1036382226951,0,0,-1836.1038587477517,0,1,-1836.1038587477517,0
n21_vd_1_vg_0p8,baseline,990,internal,2092,electron,990,991,990,990,0,0,1.8448199999999969e-08,3.6410840056203397e-10,19.499888566412686,-54205830.379115649,0.00043640709921096641,1.6219940501827068e-05,1.0008639475591392,0.99913654975803001,3.2037093296030431e+26,3.2092035353069264e+26,99352720887436272,8.3930258185683652e-06,1,-2.7618281962091036e+23,-2.7618281962159886e+23,-2.7618281591321015e+23,3692642086717807,3708388714217472,0,-2.7618281962091036e+23,-0.60315592252745687,-0.60315591443020689,0,0,-0.60315592252745687,0,1,-0.60315592252745687,0
n21_vd_1_vg_0p8,baseline,990,internal,2092,electron,990,991,990,991,0,1,1.8448199999999969e-08,3.6410840056203397e-10,19.499888566412686,54205830.379115649,0.00043640709921096641,-1.6219940501827068e-05,1.0008639475591392,0.99913654975803001,3.2037093296030431e+26,3.2092035353069264e+26,99352720887436272,8.3930258185683652e-06,1,2.7617897648607613e+23,2.7617897648676792e+23,2.7617897277838344e+23,-3692642086717807,-3708384486359040,0,2.7617897648607613e+23,0.60314752950163608,0.60314752140440242,0,0,0.60314752950163608,0,1,0.60314752950163608,0
n21_vd_1_vg_0p8,baseline,990,internal,2108,electron,990,997,990,990,0,0,8.1248676124068538e-11,3.8864649999999965e-08,0.0066332774620202536,-66332.774620647688,0.00043681583147798852,3.1286973012356611e-08,1.0000099245657139,0.99999007549995045,3.2037093296030431e+26,3.2037729208045205e+26,3607768902929080.5,3.047737120759713e-07,1,-6.6941317233010174e+27,-6.6941317233176816e+27,-6.6941237013751197e+27,258406770466.26111,8.0219425619277072e+21,0,-6.6941317233010174e+27,-14619.320639241691,-14619.303120150091,0,0,-14619.320639241691,0,1,-14619.320639241691,0
n21_vd_1_vg_0p8,baseline,990,internal,2108,electron,990,997,990,997,0,1,8.1248676124068538e-11,3.8864649999999965e-08,0.0066332774620202536,66332.774620647688,0.00043681583147798852,-3.1286973012356611e-08,1.0000099245657139,0.99999007549995045,3.2037093296030431e+26,3.2037729208045205e+26,3607768902929080.5,3.047737120759713e-07,1,6.6941317231614333e+27,6.6941317231781745e+27,6.6941237012355642e+27,-258406770466.26111,-8.0219426103062189e+21,0,6.6941317231614333e+27,14619.320638936853,14619.303119845315,0,0,14619.320638936853,0,1,14619.320638936853,0
n21_vd_1_vg_0p8,baseline,990,internal,2110,electron,990,998,990,990,0,0,5.9281099999999972e-08,3.6410840056203397e-10,13.465482478888561,16868782.799239565,0.0004617764233403696,-5.4671129845473843e-06,0.94850142785061786,1.0533297323709547,3.2037093296030431e+26,2.8849624293155363e+26,-68799007583362552,-5.811937929644183e-06,1,-8.6186113273987355e+22,-8.6186113274202171e+22,-8.6186112458968925e+22,814532593418554.12,815233245380608,0,-8.6186113273987355e+22,-0.18822193477559801,-0.18822193299567846,0,0,-0.18822193477559801,0,1,-0.18822193477559801,0
n21_vd_1_vg_0p8,baseline,990,internal,2110,electron,990,998,990,998,0,1,5.9281099999999972e-08,3.6410840056203397e-10,13.465482478888561,-16868782.799239576,0.0004617764233403696,5.4671129845473843e-06,0.94850142785061786,1.0533297323709547,3.2037093296030431e+26,2.8849624293155363e+26,-68799007583362552,-5.811937929644183e-06,1,8.6188774538421339e+22,8.6188774538635366e+22,8.6188773723405929e+22,-814532593418554.12,-815229436952576,0,8.6188774538421339e+22,0.18822774671352727,0.18822774493361435,0,0,0.18822774671352727,0,1,0.18822774671352727,0
n21_vd_1_vg_0p8,baseline,991,internal,2092,electron,990,991,991,990,1,0,1.8448199999999969e-08,3.6410840056203397e-10,19.499888566412686,-54205830.379115649,0.00043640709921096641,1.6219940501827068e-05,1.0008639475591392,0.99913654975803001,3.2037093296030431e+26,3.2092035353069264e+26,99352720887436272,8.3930258185683652e-06,-1,-2.7618281962091036e+23,-2.7618281962159886e+23,-2.7618281591321015e+23,3692642086717807,3708388714217472,0,-2.7618281962091036e+23,0.60315592252745687,0.60315591443020689,0,0,0.60315592252745687,0,1,0.60315592252745687,0
n21_vd_1_vg_0p8,baseline,991,internal,2092,electron,990,991,991,991,1,1,1.8448199999999969e-08,3.6410840056203397e-10,19.499888566412686,54205830.379115649,0.00043640709921096641,-1.6219940501827068e-05,1.0008639475591392,0.99913654975803001,3.2037093296030431e+26,3.2092035353069264e+26,99352720887436272,8.3930258185683652e-06,-1,2.7617897648607613e+23,2.7617897648676792e+23,2.7617897277838344e+23,-3692642086717807,-3708384486359040,0,2.7617897648607613e+23,-0.60314752950163608,-0.60314752140440242,0,0,-0.60314752950163608,0,1,-0.60314752950163608,0
n21_vd_1_vg_0p8,baseline,991,internal,2094,electron,984,991,991,984,1,0,6.4696812499999939e-10,4.3976850000000036e-08,10.179546771000728,-101795467.71000725,0.00043633926438686852,3.8204489793969287e-05,1.0006595138637289,0.99934077598119664,3.2049750427929891e+26,3.2092035353069264e+26,6.2645197245525391e+18,0.00052920821210996228,-1,-9.5121022471508689e+26,-9.5121022471745867e+26,-9.5121011568312751e+26,5.485015890492697e+17,1.0903433115848829e+20,0,-9.5121022471508689e+26,2077.348914726409,2077.3486766114092,0,0,2077.348914726409,0,1,2077.348914726409,0
n21_vd_1_vg_0p8,baseline,991,internal,2094,electron,984,991,991,991,1,1,6.4696812499999939e-10,4.3976850000000036e-08,10.179546771000728,101795467.71000725,0.00043633926438686852,-3.8204489793969287e-05,1.0006595138637289,0.99934077598119664,3.2049750427929891e+26,3.2092035353069264e+26,6.2645197245525391e+18,0.00052920821210996228,-1,9.5120998239264241e+26,9.5120998239501666e+26,9.5120987336074529e+26,-5.485015890492697e+17,-1.0903427137254352e+20,0,9.5120998239264241e+26,-2077.3483855181921,-2077.3481474033283,0,0,-2077.3483855181921,0,1,-2077.3483855181921,0
n21_vd_1_vg_0p8,baseline,991,contact_cut,2107,electron,991,996,991,991,0,0,8.1248676124068538e-11,4.3976850000000042e-08,10.337689364225509,-103376893.64225522,0.00043602543597624001,4.8573091326886697e-05,1.0000437754966589,0.99995622578083332,3.2092035353069264e+26,3.2094844081888549e+26,6.3617366505507236e+18,0.0005374208122543413,1,-7.5741852509680519e+27,-7.5741852509869888e+27,-7.5741762370684954e+27,7.0869538753615552e+17,9.0139184934436334e+21,0,-7.5741852509680519e+27,-16541.270375587144,-16541.250690123328,0,0,-16541.270375587144,0,1,-16541.270375587144,0
n21_vd_1_vg_0p8,baseline,991,contact_cut,2107,electron,991,996,991,996,0,1,8.1248676124068538e-11,4.3976850000000042e-08,10.337689364225509,103376893.64225522,0.00043602543597624001,-4.8573091326886697e-05,1.0000437754966589,0.99995622578083332,3.2092035353069264e+26,3.2094844081888549e+26,6.3617366505507236e+18,0.0005374208122543413,1,7.5741850048850901e+27,7.5741850049039753e+27,7.5741759909862075e+27,-7.0869538753615552e+17,-9.0139177677659591e+21,0,7.5741850048850901e+27,16541.269838166332,16541.250152703986,0,1,16541.269838166332,0,1,16541.269838166332,0
n21_vd_1_vg_0p8,baseline,991,internal,2112,electron,991,992,991,991,0,0,6.9505500000000106e-08,3.6410840056203397e-10,0.010963445384440794,-109634.45384440817,0.0004345026061546592,2.4496848993749154e-08,1.0030750275228675,0.99693126344601368,3.2092035353069264e+26,3.228980720788338e+26,55834266612191.25,4.7167147215613943e-09,1,-7.3271417444155708e+22,-7.3271417444338571e+22,-7.3271417395671843e+22,3147883530.5046024,48666727415808,0,-7.3271417444155708e+22,-0.16001751826592658,-0.16001751816004262,0,0,-0.16001751826592658,0,1,-0.16001751826592658,0
n21_vd_1_vg_0p8,baseline,991,internal,2112,electron,991,992,991,992,0,1,6.9505500000000106e-08,3.6410840056203397e-10,0.010963445384440794,109634.45384440817,0.0004345026061546592,-2.4496848993749154e-08,1.0030750275228675,0.99693126344601368,3.2092035353069264e+26,3.228980720788338e+26,55834266612191.25,4.7167147215613943e-09,1,7.327141528438972e+22,7.3271415284572977e+22,7.327141523590625e+22,-3147883530.5046024,-48666727415808,0,7.327141528438972e+22,0.16001751354921159,0.16001751344332849,0,0,0.16001751354921159,0,1,0.16001751354921159,0
n21_vd_1_vg_0p8,baseline,992,internal,2088,electron,983,992,992,983,1,0,6.4696812499999939e-10,9.9999999999999995e-08,0.95909215144945659,-9590921.5144947004,0.00043337492840679793,3.5484015725728568e-06,1.0006679532876637,0.99933234402101323,3.2246710203449492e+26,3.228980720788338e+26,1.341218456167063e+18,0.00011330219273717005,-1,-2.1615053008490255e+27,-2.1615053008544046e+27,-2.1615050445717742e+27,10981672835858250,2.5628263039425e+20,0,-2.1615053008490255e+27,4720.513482956977,4720.5129232728441,0,0,4720.513482956977,0,1,4720.513482956977,0
n21_vd_1_vg_0p8,baseline,992,internal,2088,electron,983,992,992,992,1,1,6.4696812499999939e-10,9.9999999999999995e-08,0.95909215144945659,9590921.5144947004,0.00043337492840679793,-3.5484015725728568e-06,1.0006679532876637,0.99933234402101323,3.2246710203449492e+26,3.228980720788338e+26,1.341218456167063e+18,0.00011330219273717005,-1,2.1615052489683748e+27,2.1615052489737662e+27,2.1615049926911487e+27,-10981672835858250,-2.5628261747498838e+20,0,2.1615052489683748e+27,-4720.5133696547746,-4720.5128099706972,0,0,-4720.5133696547746,0,1,-4720.5133696547746,0
n21_vd_1_vg_0p8,baseline,992,internal,2112,electron,991,992,992,991,1,0,6.9505500000000106e-08,3.6410840056203397e-10,0.010963445384440794,-109634.45384440817,0.0004345026061546592,2.4496848993749154e-08,1.0030750275228675,0.99693126344601368,3.2092035353069264e+26,3.228980720788338e+26,55834266612191.25,4.7167147215613943e-09,-1,-7.3271417444155708e+22,-7.3271417444338571e+22,-7.3271417395671843e+22,3147883530.5046024,48666727415808,0,-7.3271417444155708e+22,0.16001751826592658,0.16001751816004262,0,0,0.16001751826592658,0,1,0.16001751826592658,0
n21_vd_1_vg_0p8,baseline,992,internal,2112,electron,991,992,992,992,1,1,6.9505500000000106e-08,3.6410840056203397e-10,0.010963445384440794,109634.45384440817,0.0004345026061546592,-2.4496848993749154e-08,1.0030750275228675,0.99693126344601368,3.2092035353069264e+26,3.228980720788338e+26,55834266612191.25,4.7167147215613943e-09,-1,7.327141528438972e+22,7.3271415284572977e+22,7.327141523590625e+22,-3147883530.5046024,-48666727415808,0,7.327141528438972e+22,-0.16001751354921159,-0.16001751344332849,0,0,-0.16001751354921159,0,1,-0.16001751354921159,0
n21_vd_1_vg_0p8,baseline,992,contact_cut,2114,electron,992,993,992,992,0,0,8.1248676124068538e-11,1.0000000000000004e-07,0.95883189207876807,-9588318.9207874872,0.00043305867525778068,4.4408068333723349e-06,1.0000433588356437,0.9999566424176457,3.228980720788338e+26,3.2292607288398993e+26,1.3408293112725402e+18,0.00011326931892035133,1,-1.7211341899953647e+28,-1.7211341899996506e+28,-1.7211321478605771e+28,13749554755693668,2.0421390734651164e+22,0,-1.7211341899953647e+28,-37587.865949993502,-37587.821351792445,0,0,-37587.865949993502,0,1,-37587.865949993502,0
n21_vd_1_vg_0p8,baseline,992,contact_cut,2114,electron,992,993,992,993,0,1,8.1248676124068538e-11,1.0000000000000004e-07,0.95883189207876807,9588318.9207874872,0.00043305867525778068,-4.4408068333723349e-06,1.0000433588356437,0.9999566424176457,3.228980720788338e+26,3.2292607288398993e+26,1.3408293112725402e+18,0.00011326931892035133,1,1.721134184808808e+28,1.7211341848131036e+28,1.7211321426740427e+28,-13749554755693668,-2.0421390609306838e+22,0,1.721134184808808e+28,37587.865836724239,37587.821238523669,0,1,37587.865836724239,0,1,37587.865836724239,0
n21_vd_1_vg_0p8,baseline,992,internal,2115,electron,992,995,992,992,0,0,1.3049449999999989e-07,3.6410840056203397e-10,0.00049894002643408411,-4989.4002643407175,0.00043288659656717305,1.0329515021112456e-09,1.0003416397119465,0.99965843808213073,3.228980720788338e+26,3.2311875112999746e+26,2540194562081.7124,2.1458816983878702e-10,1,-3.9014534463864858e+22,-3.9014534463961973e+22,-3.9014534451075905e+22,6061397.625532534,12886067904512,0,-3.9014534463864858e+22,-0.085203878933641036,-0.085203878905711239,0,0,-0.085203878933641036,0,1,-0.085203878933641036,0
n21_vd_1_vg_0p8,baseline,992,internal,2115,electron,992,995,992,995,0,1,1.3049449999999989e-07,3.6410840056203397e-10,0.00049894002643408411,4989.4002643407175,0.00043288659656717305,-1.0329515021112456e-09,1.0003416397119465,0.99965843808213073,3.228980720788338e+26,3.2311875112999746e+26,2540194562081.7124,2.1458816983878702e-10,1,3.9014534365605746e+22,3.9014534365703129e+22,3.9014534352817069e+22,-6061397.625532534,-12886059515904,0,3.9014534365605746e+22,0.08520387871905287,0.085203878691123669,0,0,0.08520387871905287,0,1,0.08520387871905287,0
n21_vd_1_vg_0p8,baseline,995,internal,2085,electron,982,995,995,982,1,0,6.4696812499999939e-10,6.5247249999999943e-08,0.15752506132528066,-1575250.6132526989,0.00043305077986934422,5.8188476259601885e-07,1.0006753778312056,0.99932492612208823,3.2268269063881378e+26,3.2311875112999746e+26,1.4372078379969648e+17,1.2141109355851293e-05,-1,-1.4102205410672335e+27,-1.4102205410707577e+27,-1.4102203734943604e+27,193115768517105.16,1.6757639731479367e+20,0,-1.4102205410672335e+27,3079.7819813053179,3079.7816153427611,0,0,3079.7819813053179,0,1,3079.7819813053179,0
n21_vd_1_vg_0p8,baseline,995,internal,2085,electron,982,995,995,995,1,1,6.4696812499999939e-10,6.5247249999999943e-08,0.15752506132528066,1575250.6132526989,0.00043305077986934422,-5.8188476259601885e-07,1.0006753778312056,0.99932492612208823,3.2268269063881378e+26,3.2311875112999746e+26,1.4372078379969648e+17,1.2141109355851293e-05,-1,1.4102205355078619e+27,1.4102205355113897e+27,1.4102203679349937e+27,-193115768517105.16,-1.6757639594040413e+20,0,1.4102205355078619e+27,-3079.7819691642012,-3079.7816032016549,0,0,-3079.7819691642012,0,1,-3079.7819691642012,0
n21_vd_1_vg_0p8,baseline,995,internal,2115,electron,992,995,995,992,1,0,1.3049449999999989e-07,3.6410840056203397e-10,0.00049894002643408411,-4989.4002643407175,0.00043288659656717305,1.0329515021112456e-09,1.0003416397119465,0.99965843808213073,3.228980720788338e+26,3.2311875112999746e+26,2540194562081.7124,2.1458816983878702e-10,-1,-3.9014534463864858e+22,-3.9014534463961973e+22,-3.9014534451075905e+22,6061397.625532534,12886067904512,0,-3.9014534463864858e+22,0.085203878933641036,0.085203878905711239,0,0,0.085203878933641036,0,1,0.085203878933641036,0
n21_vd_1_vg_0p8,baseline,995,internal,2115,electron,992,995,995,995,1,1,1.3049449999999989e-07,3.6410840056203397e-10,0.00049894002643408411,4989.4002643407175,0.00043288659656717305,-1.0329515021112456e-09,1.0003416397119465,0.99965843808213073,3.228980720788338e+26,3.2311875112999746e+26,2540194562081.7124,2.1458816983878702e-10,-1,3.9014534365605746e+22,3.9014534365703129e+22,3.9014534352817069e+22,-6061397.625532534,-12886059515904,0,3.9014534365605746e+22,-0.08520387871905287,-0.085203878691123669,0,0,-0.08520387871905287,0,1,-0.08520387871905287,0
n21_vd_1_vg_0p8,baseline,995,contact_cut,2118,electron,994,995,995,994,1,0,8.1248676124068538e-11,6.5247249999999956e-08,0.15747816687985217,1574781.6687978755,0.00043273215775614524,-7.2819705820847958e-07,0.9999596467281604,1.0000403543574596,3.2314483017083122e+26,3.2311875112999746e+26,-1.4367507080947578e+17,-1.2137247656808334e-05,-1,-1.1229095508572417e+28,-1.1229095508600412e+28,-1.1229082192227199e+28,241774876274189.94,1.3316373212940137e+22,0,-1.1229095508572417e+28,24523.232364411448,24523.203282832459,0,1,24523.232364411448,0,1,24523.232364411448,0
n21_vd_1_vg_0p8,baseline,995,contact_cut,2118,electron,994,995,995,995,1,1,8.1248676124068538e-11,6.5247249999999956e-08,0.15747816687985217,-1574781.6687978755,0.00043273215775614524,7.2819705820847958e-07,0.9999596467281604,1.0000403543574596,3.2314483017083122e+26,3.2311875112999746e+26,-1.4367507080947578e+17,-1.2137247656808334e-05,-1,1.1229095514129999e+28,1.1229095514158052e+28,1.1229082197784826e+28,-241774876274189.94,-1.3316373226134276e+22,0,1.1229095514129999e+28,-24523.232376548658,-24523.203294969768,0,0,-24523.232376548658,0,1,-24523.232376548658,0
n21_vd_1_vg_0p8,baseline,997,internal,2108,electron,990,997,997,990,1,0,8.1248676124068538e-11,3.8864649999999965e-08,0.0066332774620202536,-66332.774620647688,0.00043681583147798852,3.1286973012356611e-08,1.0000099245657139,0.99999007549995045,3.2037093296030431e+26,3.2037729208045205e+26,3607768902929080.5,3.047737120759713e-07,-1,-6.6941317233010174e+27,-6.6941317233176816e+27,-6.6941237013751197e+27,258406770466.26111,8.0219425619277072e+21,0,-6.6941317233010174e+27,14619.320639241691,14619.303120150091,0,0,14619.320639241691,0,1,14619.320639241691,0
n21_vd_1_vg_0p8,baseline,997,internal,2108,electron,990,997,997,997,1,1,8.1248676124068538e-11,3.8864649999999965e-08,0.0066332774620202536,66332.774620647688,0.00043681583147798852,-3.1286973012356611e-08,1.0000099245657139,0.99999007549995045,3.2037093296030431e+26,3.2037729208045205e+26,3607768902929080.5,3.047737120759713e-07,-1,6.6941317231614333e+27,6.6941317231781745e+27,6.6941237012355642e+27,-258406770466.26111,-8.0219426103062189e+21,0,6.6941317231614333e+27,-14619.320638936853,-14619.303119845315,0,0,-14619.320638936853,0,1,-14619.320638936853,0
n21_vd_1_vg_0p8,baseline,997,contact_cut,2109,electron,996,997,997,996,1,0,1.8448199999999969e-08,4.0624338062034256e-11,19.545388107290009,54205830.379115686,0.00043636896464900084,-1.6221170184849143e-05,0.99910271930593753,1.0008978177571084,3.2094844081888549e+26,3.2037729208045205e+26,-11110481773456502,-9.3858084155544997e-07,-1,-3.0812828433476508e+22,-3.0812828433553415e+22,-3.0812828018790457e+22,413010617810248.75,414762957537280,0,-3.0812828433476508e+22,0.067292165330861423,0.06729216442522816,0,1,0.067292165330861423,0,1,0.067292165330861423,0
n21_vd_1_vg_0p8,baseline,997,contact_cut,2109,electron,996,997,997,997,1,1,1.8448199999999969e-08,4.0624338062034256e-11,19.545388107290009,-54205830.379115686,0.00043636896464900084,1.6221170184849143e-05,0.99910271930593753,1.0008978177571084,3.2094844081888549e+26,3.2037729208045205e+26,-11110481773456502,-9.3858084155544997e-07,-1,3.0813258206100077e+22,3.0813258206176971e+22,3.0813257791413548e+22,-413010617810248.75,-414763423105024,0,3.0813258206100077e+22,-0.067293103911702914,-0.067293103006068611,0,0,-0.067293103911702914,0,1,-0.067293103911702914,0
n21_vd_1_vg_0p8,baseline,997,internal,2274,electron,997,1054,997,997,0,0,5.9281099999999972e-08,4.0624338062034256e-11,13.465491365726095,16868782.799239568,0.00046151273060826537,-5.4605315824574063e-06,0.94850141776933128,1.0533297431820101,3.2037729208045205e+26,2.8850196334166667e+26,-7671823528138826,-6.4809310074276875e-07,1,-9.6106650147566094e+21,-9.6106650147803596e+21,-9.610664923930936e+21,90771568999253.094,90849423654912,0,-9.6106650147566094e+21,-0.020988740469209823,-0.020988740270855545,0,0,-0.020988740469209823,0,1,-0.020988740469209823,0
n21_vd_1_vg_0p8,baseline,997,internal,2274,electron,997,1054,997,1054,0,1,5.9281099999999972e-08,4.0624338062034256e-11,13.465491365726095,-16868782.799239542,0.00046151273060826537,5.4605315824574063e-06,0.94850141776933128,1.0533297431820101,3.2037729208045205e+26,2.8850196334166667e+26,-7671823528138826,-6.4809310074276875e-07,1,9.6109617741404779e+21,9.6109617741642764e+21,9.6109616833148003e+21,-90771568999253.094,-90849476083712,0,9.6109617741404779e+21,0.020989388562310585,0.0209893883639563,0,0,0.020989388562310585,0,1,0.020989388562310585,0
n21_vd_1_vg_0p8,sentaurus,990,internal,2091,electron,985,990,990,985,1,0,6.4696812499999939e-10,3.8864649999999965e-08,0.055834991726791024,-558349.91726788634,0.00043712900661276586,2.1036772324123376e-07,1.0006153607663728,0.99938489157602572,3.199727111604633e+26,3.2036666960307707e+26,30370430599048752,2.5656047047533699e-06,-1,-8.4073980450830297e+26,-8.4073980451039947e+26,-8.4073970352832481e+26,14615727262037.988,1.0098207465746203e+20,0,-8.4073980450830297e+26,1836.0924589364495,1836.0922384061791,0,0,1836.0924589364495,0,1,1836.0924589364495,0
n21_vd_1_vg_0p8,sentaurus,990,internal,2091,electron,985,990,990,990,1,1,6.4696812499999939e-10,3.8864649999999965e-08,0.055834991726791024,558349.91726788634,0.00043712900661276586,-2.1036772324123376e-07,1.0006153607663728,0.99938489157602572,3.199727111604633e+26,3.2036666960307707e+26,30370430599048752,2.5656047047533699e-06,-1,8.4073980333352483e+26,8.4073980333561582e+26,8.4073970235354144e+26,-14615727262037.988,-1.0098207438258412e+20,0,8.4073980333352483e+26,-1836.0924563708504,-1836.0922358405687,0,0,-1836.0924563708504,0,1,-1836.0924563708504,0
n21_vd_1_vg_0p8,sentaurus,990,internal,2092,electron,990,991,990,990,0,0,1.8448199999999969e-08,3.6410840056203397e-10,17.030935335941681,-54205830.379115663,0.00043640709422170768,1.5975806011425675e-05,1.000872995545421,0.99912751223988172,3.2036666960307707e+26,3.2092245226539269e+26,86773009468357808,7.3303287752726318e-06,1,-2.7618163785051868e+23,-2.7618163785120833e+23,-2.7618163465683153e+23,3176549567248378,3194376792571904,0,-2.7618163785051868e+23,-0.60315334165797418,-0.6031533346832777,0,0,-0.60315334165797418,0,1,-0.60315334165797418,0
n21_vd_1_vg_0p8,sentaurus,990,internal,2092,electron,990,991,990,991,0,1,1.8448199999999969e-08,3.6410840056203397e-10,17.030935335941681,54205830.379115663,0.00043640709422170768,-1.5975806011425675e-05,1.000872995545421,0.99912751223988172,3.2036666960307707e+26,3.2092245226539269e+26,86773009468357808,7.3303287752726318e-06,1,2.7617828132064877e+23,2.7617828132133899e+23,2.7617827812696629e+23,-3176549567248378,-3194372698931200,0,2.7617828132064877e+23,0.60314601132919787,0.60314600435451171,0,0,0.60314601132919787,0,1,0.60314601132919787,0
n21_vd_1_vg_0p8,sentaurus,990,internal,2108,electron,990,997,990,990,0,0,8.1248676124068538e-11,3.8864649999999965e-08,0.0056023386335938572,-56023.386335368741,0.00043681583289181954,2.6424196164498426e-08,1.0000096674180381,0.99999033264426751,3.2036666960307707e+26,3.203728638743983e+26,3047010941128367.5,2.574025277810446e-07,1,-6.6940409410295594e+27,-6.6940409410462478e+27,-6.6940329192104517e+27,184322107307.15201,8.0218357960501153e+21,0,-6.6940409410295594e+27,-14619.122379752684,-14619.104860894302,0,0,-14619.122379752684,0,1,-14619.122379752684,0
n21_vd_1_vg_0p8,sentaurus,990,internal,2108,electron,990,997,990,997,0,1,8.1248676124068538e-11,3.8864649999999965e-08,0.0056023386335938572,56023.386335368741,0.00043681583289181954,-2.6424196164498426e-08,1.0000096674180381,0.99999033264426751,3.2036666960307707e+26,3.203728638743983e+26,3047010941128367.5,2.574025277810446e-07,1,6.694040940911684e+27,6.6940409409283581e+27,6.6940329190925643e+27,-184322107307.15201,-8.021835793851092e+21,0,6.694040940911684e+27,14619.122379495257,14619.104860636848,0,0,14619.122379495257,0,1,14619.122379495257,0
n21_vd_1_vg_0p8,sentaurus,990,internal,2110,electron,990,998,990,990,0,0,5.9281099999999972e-08,3.6410840056203397e-10,11.673583396269512,16868782.799239557,0.00046177646718801246,-5.3822191148356069e-06,0.94852803438880129,1.0533012003505233,3.2036666960307707e+26,2.885071257658313e+26,-59644444287737160,-5.038587331778288e-06,1,-8.6187392116301192e+22,-8.6187392116516326e+22,-8.6187391420539492e+22,695183689402914.5,695976834629632,0,-8.6187392116301192e+22,-0.18822472764054388,-0.18822472612106922,0,0,-0.18822472764054388,0,1,-0.18822472764054388,0
n21_vd_1_vg_0p8,sentaurus,990,internal,2110,electron,990,998,990,998,0,1,5.9281099999999972e-08,3.6410840056203397e-10,11.673583396269512,-16868782.799239542,0.00046177646718801246,5.3822191148356069e-06,0.94852803438880129,1.0533012003505233,3.2036666960307707e+26,2.885071257658313e+26,-59644444287737160,-5.038587331778288e-06,1,8.6189699266416292e+22,8.6189699266629597e+22,8.6189698570652326e+22,-695183689402914.5,-695977270837248,0,8.6189699266416292e+22,0.18822976622787524,0.18822976470839564,0,0,0.18822976622787524,0,1,0.18822976622787524,0
n21_vd_1_vg_0p8,sentaurus,991,internal,2092,electron,990,991,991,990,1,0,1.8448199999999969e-08,3.6410840056203397e-10,17.030935335941681,-54205830.379115663,0.00043640709422170768,1.5975806011425675e-05,1.000872995545421,0.99912751223988172,3.2036666960307707e+26,3.2092245226539269e+26,86773009468357808,7.3303287752726318e-06,-1,-2.7618163785051868e+23,-2.7618163785120833e+23,-2.7618163465683153e+23,3176549567248378,3194376792571904,0,-2.7618163785051868e+23,0.60315334165797418,0.6031533346832777,0,0,0.60315334165797418,0,1,0.60315334165797418,0
n21_vd_1_vg_0p8,sentaurus,991,internal,2092,electron,990,991,991,991,1,1,1.8448199999999969e-08,3.6410840056203397e-10,17.030935335941681,54205830.379115663,0.00043640709422170768,-1.5975806011425675e-05,1.000872995545421,0.99912751223988172,3.2036666960307707e+26,3.2092245226539269e+26,86773009468357808,7.3303287752726318e-06,-1,2.7617828132064877e+23,2.7617828132133899e+23,2.7617827812696629e+23,-3176549567248378,-3194372698931200,0,2.7617828132064877e+23,-0.60314601132919787,-0.60314600435451171,0,0,-0.60314601132919787,0,1,-0.60314601132919787,0
n21_vd_1_vg_0p8,sentaurus,991,internal,2094,electron,984,991,991,984,1,0,6.4696812499999939e-10,4.3976850000000036e-08,8.898547458507613,-88985474.585076109,0.00043633926465770916,3.339737153496003e-05,1.0006604786832782,0.99933981201012345,3.2049897179806223e+26,3.2092245226539269e+26,5.476219841095765e+18,0.00046261495512082425,-1,-9.512154979260233e+26,-9.5121549792839632e+26,-9.5121538825623544e+26,4.1914941756081939e+17,1.0967216087741812e+20,0,-9.512154979260233e+26,2077.3604308967901,2077.360191388836,0,0,2077.3604308967901,0,1,2077.3604308967901,0
n21_vd_1_vg_0p8,sentaurus,991,internal,2094,electron,984,991,991,991,1,1,6.4696812499999939e-10,4.3976850000000036e-08,8.898547458507613,88985474.585076109,0.00043633926465770916,-3.339737153496003e-05,1.0006604786832782,0.99933981201012345,3.2049897179806223e+26,3.2092245226539269e+26,5.476219841095765e+18,0.00046261495512082425,-1,9.5121528609638441e+26,9.5121528609875825e+26,9.5121517642665002e+26,-4.1914941756081939e+17,-1.0967210823829894e+20,0,9.5121528609638441e+26,-2077.3599682818403,-2077.3597287740031,0,0,-2077.3599682818403,0,1,-2077.3599682818403,0
n21_vd_1_vg_0p8,sentaurus,991,contact_cut,2107,electron,991,996,991,991,0,0,8.1248676124068538e-11,4.3976850000000042e-08,9.0389483492426397,-90389483.492427483,0.00043602543580213276,4.2470785110992892e-05,1.0000421636350896,0.99995783755005851,3.2092245226539269e+26,3.2094950642292356e+26,5.5625285726121114e+18,0.00046990606305943113,1,-7.5742225730393678e+27,-7.5742225730582035e+27,-7.5742135530202759e+27,5.418146197057513e+17,9.0200379276626022e+21,0,-7.5742225730393678e+27,-16541.351883294199,-16541.332184465922,0,0,-16541.351883294199,0,1,-16541.351883294199,0
n21_vd_1_vg_0p8,sentaurus,991,contact_cut,2107,electron,991,996,991,996,0,1,8.1248676124068538e-11,4.3976850000000042e-08,9.0389483492426397,90389483.492427483,0.00043602543580213276,-4.2470785110992892e-05,1.0000421636350896,0.99995783755005851,3.2092245226539269e+26,3.2094950642292356e+26,5.5625285726121114e+18,0.00046990606305943113,1,7.5742223578711512e+27,7.5742223578900452e+27,7.5742133378526321e+27,-5.418146197057513e+17,-9.0200374130911604e+21,0,7.5742223578711512e+27,16541.351413388125,16541.3317145611,0,1,16541.351413388125,0,1,16541.351413388125,0
n21_vd_1_vg_0p8,sentaurus,991,internal,2112,electron,991,992,991,991,0,0,6.9505500000000106e-08,3.6410840056203397e-10,0.0095722065835443914,-95722.065835445086,0.00043450261422816168,2.1388224524798716e-08,1.0030742510157131,0.99693203677962039,3.2092245226539269e+26,3.2289968451161257e+26,48749294415268.188,4.118197096261673e-09,1,-7.3271841259687747e+22,-7.3271841259870887e+22,-7.3271841211174162e+22,2399665319.0025697,48696725078016,0,-7.3271841259687747e+22,-0.16001844383707023,-0.16001844373112137,0,0,-0.16001844383707023,0,1,-0.16001844383707023,0
n21_vd_1_vg_0p8,sentaurus,991,internal,2112,electron,991,992,991,992,0,1,6.9505500000000106e-08,3.6410840056203397e-10,0.0095722065835443914,95722.065835445086,0.00043450261422816168,-2.1388224524798716e-08,1.0030742510157131,0.99693203677962039,3.2092245226539269e+26,3.2289968451161257e+26,48749294415268.188,4.118197096261673e-09,1,7.3271839373980779e+22,7.3271839374163466e+22,7.3271839325466741e+22,-2399665319.0025697,-48696725078016,0,7.3271839373980779e+22,0.16001843971887297,0.16001843961292311,0,0,0.16001843971887297,0,1,0.16001843971887297,0
n21_vd_1_vg_0p8,sentaurus,992,internal,2088,electron,983,992,992,983,1,0,6.4696812499999939e-10,9.9999999999999995e-08,0.85024181307391722,-8502418.1307391543,0.00043337492844709491,3.145683713512426e-06,1.0006684658096539,0.99933183195534747,3.2246838103944938e+26,3.2289968451161257e+26,1.1890047467600123e+18,0.00010044362599050944,-1,-2.1615149813371178e+27,-2.1615149813425183e+27,-2.1615147249465099e+27,8630478187961289,2.5639600845989347e+20,0,-2.1615149813371178e+27,4720.5346241841316,4720.5340642524388,0,0,4720.5346241841316,0,1,4720.5346241841316,0
n21_vd_1_vg_0p8,sentaurus,992,internal,2088,electron,983,992,992,992,1,1,6.4696812499999939e-10,9.9999999999999995e-08,0.85024181307391722,8502418.1307391543,0.00043337492844709491,-3.145683713512426e-06,1.0006684658096539,0.99933183195534747,3.2246838103944938e+26,3.2289968451161257e+26,1.1890047467600123e+18,0.00010044362599050944,-1,2.1615149353443598e+27,2.1615149353497463e+27,2.1615146789537645e+27,-8630478187961289,-2.563959817967365e+20,0,2.1615149353443598e+27,-4720.5345237405036,-4720.533963808839,0,0,-4720.5345237405036,0,1,-4720.5345237405036,0
n21_vd_1_vg_0p8,sentaurus,992,internal,2112,electron,991,992,992,991,1,0,6.9505500000000106e-08,3.6410840056203397e-10,0.0095722065835443914,-95722.065835445086,0.00043450261422816168,2.1388224524798716e-08,1.0030742510157131,0.99693203677962039,3.2092245226539269e+26,3.2289968451161257e+26,48749294415268.188,4.118197096261673e-09,-1,-7.3271841259687747e+22,-7.3271841259870887e+22,-7.3271841211174162e+22,2399665319.0025697,48696725078016,0,-7.3271841259687747e+22,0.16001844383707023,0.16001844373112137,0,0,0.16001844383707023,0,1,0.16001844383707023,0
n21_vd_1_vg_0p8,sentaurus,992,internal,2112,electron,991,992,992,992,1,1,6.9505500000000106e-08,3.6410840056203397e-10,0.0095722065835443914,95722.065835445086,0.00043450261422816168,-2.1388224524798716e-08,1.0030742510157131,0.99693203677962039,3.2092245226539269e+26,3.2289968451161257e+26,48749294415268.188,4.118197096261673e-09,-1,7.3271839373980779e+22,7.3271839374163466e+22,7.3271839325466741e+22,-2399665319.0025697,-48696725078016,0,7.3271839373980779e+22,-0.16001843971887297,-0.16001843961292311,0,0,-0.16001843971887297,0,1,-0.16001843971887297,0
n21_vd_1_vg_0p8,sentaurus,992,contact_cut,2114,electron,992,993,992,992,0,0,8.1248676124068538e-11,1.0000000000000004e-07,0.85024871213611442,-8502487.1213610359,0.00043305867528964002,3.9379064453726187e-06,1.0000425213796527,0.99995747982569161,3.2289968451161257e+26,3.22927144707282e+26,1.1889916710452844e+18,0.00010044252139256459,1,-1.7211413435066255e+28,-1.7211413435109178e+28,-1.7211393012726457e+28,10811786559343396,2.0422382720638813e+22,0,-1.7211413435066255e+28,-37588.022175593986,-37587.977575226672,0,0,-37588.022175593986,0,1,-37588.022175593986,0
n21_vd_1_vg_0p8,sentaurus,992,contact_cut,2114,electron,992,993,992,993,0,1,8.1248676124068538e-11,1.0000000000000004e-07,0.85024871213611442,8502487.1213610359,0.00043305867528964002,-3.9379064453726187e-06,1.0000425213796527,0.99995747982569161,3.2289968451161257e+26,3.22927144707282e+26,1.1889916710452844e+18,0.00010044252139256459,1,1.7211413389074024e+28,1.721141338911693e+28,1.7211392966734319e+28,-10811786559343396,-2.042238261068765e+22,0,1.7211413389074024e+28,37588.022075151508,37587.977474784399,0,1,37588.022075151508,0,1,37588.022075151508,0
n21_vd_1_vg_0p8,sentaurus,992,internal,2115,electron,992,995,992,992,0,0,1.3049449999999989e-07,3.6410840056203397e-10,0.00043999362045144127,-4399.9362045136359,0.00043288660257762381,9.1038288019262836e-10,1.0003383309026523,0.99966174539200614,3.2289968451161257e+26,3.2311822696514148e+26,2240091479548.4736,1.8923634356331819e-10,1,-3.9014600781418128e+22,-3.9014600781515477e+22,-3.9014600768628562e+22,4711028.0634767804,12886915153920,0,-3.9014600781418128e+22,-0.085204023764608713,-0.08520402373667757,0,0,-0.085204023764608713,0,1,-0.085204023764608713,0
n21_vd_1_vg_0p8,sentaurus,992,internal,2115,electron,992,995,992,995,0,1,1.3049449999999989e-07,3.6410840056203397e-10,0.00043999362045144127,4399.9362045136359,0.00043288660257762381,-9.1038288019262836e-10,1.0003383309026523,0.99966174539200614,3.2289968451161257e+26,3.2311822696514148e+26,2240091479548.4736,1.8923634356331819e-10,1,3.9014600694767548e+22,3.9014600694865016e+22,3.9014600681978092e+22,-4711028.0634767804,-12886923542528,0,3.9014600694767548e+22,0.085204023575372434,0.085204023547441526,0,0,0.085204023575372434,0,1,0.085204023575372434,0
n21_vd_1_vg_0p8,sentaurus,995,internal,2085,electron,982,995,995,982,1,0,6.4696812499999939e-10,6.5247249999999943e-08,0.14352734488214619,-1435273.4488213281,0.00043305077987583111,5.3017856771475635e-07,1.0006738487918998,0.99932645378697449,3.2268315341374019e+26,3.2311822696514148e+26,1.3094970665225011e+17,1.1062246298332349e-05,-1,-1.4102204087237561e+27,-1.4102204087272828e+27,-1.4102202411430278e+27,160320062084784.22,1.6758425497464157e+20,0,-1.4102204087237561e+27,3079.7816922802717,3079.7813263005596,0,0,3079.7816922802717,0,1,3079.7816922802717,0
n21_vd_1_vg_0p8,sentaurus,995,internal,2085,electron,982,995,995,995,1,1,6.4696812499999939e-10,6.5247249999999943e-08,0.14352734488214619,1435273.4488213281,0.00043305077987583111,-5.3017856771475635e-07,1.0006738487918998,0.99932645378697449,3.2268315341374019e+26,3.2311822696514148e+26,1.3094970665225011e+17,1.1062246298332349e-05,-1,1.4102204036583931e+27,1.4102204036619119e+27,1.4102202360776583e+27,-160320062084784.22,-1.6758425360025204e+20,0,1.4102204036583931e+27,-3079.7816812180208,-3079.7813152382946,0,0,-3079.7816812180208,0,1,-3079.7816812180208,0
n21_vd_1_vg_0p8,sentaurus,995,internal,2115,electron,992,995,995,992,1,0,1.3049449999999989e-07,3.6410840056203397e-10,0.00043999362045144127,-4399.9362045136359,0.00043288660257762381,9.1038288019262836e-10,1.0003383309026523,0.99966174539200614,3.2289968451161257e+26,3.2311822696514148e+26,2240091479548.4736,1.8923634356331819e-10,-1,-3.9014600781418128e+22,-3.9014600781515477e+22,-3.9014600768628562e+22,4711028.0634767804,12886915153920,0,-3.9014600781418128e+22,0.085204023764608713,0.08520402373667757,0,0,0.085204023764608713,0,1,0.085204023764608713,0
n21_vd_1_vg_0p8,sentaurus,995,internal,2115,electron,992,995,995,995,1,1,1.3049449999999989e-07,3.6410840056203397e-10,0.00043999362045144127,4399.9362045136359,0.00043288660257762381,-9.1038288019262836e-10,1.0003383309026523,0.99966174539200614,3.2289968451161257e+26,3.2311822696514148e+26,2240091479548.4736,1.8923634356331819e-10,-1,3.9014600694767548e+22,3.9014600694865016e+22,3.9014600681978092e+22,-4711028.0634767804,-12886923542528,0,3.9014600694767548e+22,-0.085204023575372434,-0.085204023547441526,0,0,-0.085204023575372434,0,1,-0.085204023575372434,0
n21_vd_1_vg_0p8,sentaurus,995,contact_cut,2118,electron,994,995,995,994,1,0,8.1248676124068538e-11,6.5247249999999956e-08,0.1435740576800662,1435740.576800626,0.00043273215776270293,-6.6390271058480721e-07,0.9999571762282935,1.0000428249943252,3.2314590268193468e+26,3.2311822696514148e+26,-1.3098977980492144e+17,-1.1065631560477137e-05,-1,-1.1229105035191106e+28,-1.1229105035219131e+28,-1.1229091718772189e+28,200966044032907.41,1.3316446941791849e+22,0,-1.1229105035191106e+28,24523.253169603067,24523.224087863127,0,1,24523.253169603067,0,1,24523.253169603067,0
n21_vd_1_vg_0p8,sentaurus,995,contact_cut,2118,electron,994,995,995,995,1,1,8.1248676124068538e-11,6.5247249999999956e-08,0.1435740576800662,-1435740.576800626,0.00043273215776270293,6.6390271058480721e-07,0.9999571762282935,1.0000428249943252,3.2314590268193468e+26,3.2311822696514148e+26,-1.3098977980492144e+17,-1.1065631560477137e-05,-1,1.122910504025803e+28,1.1229105040286001e+28,1.1229091723839004e+28,-200966044032907.41,-1.331644699676743e+22,0,1.122910504025803e+28,-24523.253180668726,-24523.224098928549,0,0,-24523.253180668726,0,1,-24523.253180668726,0
n21_vd_1_vg_0p8,sentaurus,997,internal,2108,electron,990,997,997,990,1,0,8.1248676124068538e-11,3.8864649999999965e-08,0.0056023386335938572,-56023.386335368741,0.00043681583289181954,2.6424196164498426e-08,1.0000096674180381,0.99999033264426751,3.2036666960307707e+26,3.203728638743983e+26,3047010941128367.5,2.574025277810446e-07,-1,-6.6940409410295594e+27,-6.6940409410462478e+27,-6.6940329192104517e+27,184322107307.15201,8.0218357960501153e+21,0,-6.6940409410295594e+27,14619.122379752684,14619.104860894302,0,0,14619.122379752684,0,1,14619.122379752684,0
n21_vd_1_vg_0p8,sentaurus,997,internal,2108,electron,990,997,997,997,1,1,8.1248676124068538e-11,3.8864649999999965e-08,0.0056023386335938572,56023.386335368741,0.00043681583289181954,-2.6424196164498426e-08,1.0000096674180381,0.99999033264426751,3.2036666960307707e+26,3.203728638743983e+26,3047010941128367.5,2.574025277810446e-07,-1,6.694040940911684e+27,6.6940409409283581e+27,6.6940329190925643e+27,-184322107307.15201,-8.021835793851092e+21,0,6.694040940911684e+27,-14619.122379495257,-14619.104860636848,0,0,-14619.122379495257,0,1,-14619.122379495257,0
n21_vd_1_vg_0p8,sentaurus,997,contact_cut,2109,electron,996,997,997,996,1,0,1.8448199999999969e-08,4.0624338062034256e-11,17.07071956444813,54205830.379115671,0.0004363685785369046,-1.5977025036306713e-05,0.99909503584311343,1.0009055104599129,3.2094950642292356e+26,3.203728638743983e+26,-9703708792081174,-8.1974079522270183e-07,-1,-3.0812666510760143e+22,-3.0812666510837008e+22,-3.0812666153564792e+22,355287722218520.75,357272215617536,0,-3.0812666510760143e+22,0.067291811707687096,0.067291810927607831,0,1,0.067291811707687096,0,1,0.067291811707687096,0
n21_vd_1_vg_0p8,sentaurus,997,contact_cut,2109,electron,996,997,997,997,1,1,1.8448199999999969e-08,4.0624338062034256e-11,17.07071956444813,-54205830.379115671,0.0004363685785369046,1.5977025036306713e-05,0.99909503584311343,1.0009055104599129,3.2094950642292356e+26,3.203728638743983e+26,-9703708792081174,-8.1974079522270183e-07,-1,3.0813041866975222e+22,3.0813041867052305e+22,3.081304150977964e+22,-355287722218520.75,-357272664408064,0,3.0813041866975222e+22,-0.067292631448482312,-0.067292630668402548,0,0,-0.067292631448482312,0,1,-0.067292631448482312,0
n21_vd_1_vg_0p8,sentaurus,997,internal,2274,electron,997,1054,997,997,0,0,5.9281099999999972e-08,4.0624338062034256e-11,11.67359095379976,16868782.799239565,0.0004615129378164454,-5.3757438500667831e-06,0.94852875177688067,1.0533004310604785,3.203728638743983e+26,2.8851313296553035e+26,-6650995979975540,-5.6185659014184217e-07,1,-9.6108134499000905e+21,-9.6108134499240106e+21,-9.6108133723643356e+21,77471394204754.969,77559674961920,0,-9.6108134499000905e+21,-0.020989064636860889,-0.020989064467530481,0,0,-0.020989064636860889,0,1,-0.020989064636860889,0
n21_vd_1_vg_0p8,sentaurus,997,internal,2274,electron,997,1054,997,1054,0,1,5.9281099999999972e-08,4.0624338062034256e-11,11.67359095379976,-16868782.799239565,0.0004615129378164454,5.3757438500667831e-06,0.94852875177688067,1.0533004310604785,3.203728638743983e+26,2.8851313296553035e+26,-6650995979975540,-5.6185659014184217e-07,1,9.6110707219113244e+21,9.6110707219353808e+21,9.6110706443756597e+21,-77471394204754.969,-77559721099264,0,9.6110707219113244e+21,0.020989626493450989,0.020989626324120776,0,0,0.020989626493450989,0,1,0.020989626493450989,0
n21_vd_1_vg_2p5,baseline,990,internal,2091,electron,985,990,990,985,1,0,6.4696812499999939e-10,3.8864649999999965e-08,166.58263722038305,-1545671202.8888333,0.00043712533199624908,0.00057533394004494198,1.0006245455356675,0.99937571439419548,3.1997241709456099e+26,3.2037092264061946e+26,9.0609400742717932e+19,0.007654415833263881,-1,-8.4073968155581707e+26,-8.4073968155747307e+26,-8.407395554395828e+26,1.1925793295106112e+20,1.2611789027072069e+20,0,-8.4073968155581707e+26,1836.0921904203985,1836.0919149950346,0,0,1836.0921904203985,0,1,1836.0921904203985,0
n21_vd_1_vg_2p5,baseline,990,internal,2091,electron,985,990,990,990,1,1,6.4696812499999939e-10,3.8864649999999965e-08,166.58263722038305,1545671202.8888333,0.00043712533199624908,-0.00057533394004494198,1.0006245455356675,0.99937571439419548,3.1997241709456099e+26,3.2037092264061946e+26,9.0609400742717932e+19,0.007654415833263881,-1,8.4073617662770626e+26,8.4073617662936515e+26,8.4073605051193172e+26,-1.1925793295106112e+20,-1.2611743342363935e+20,0,8.4073617662770626e+26,-1836.0845360045628,-1836.0842605802029,0,0,-1836.0845360045628,0,1,-1836.0845360045628,0
n21_vd_1_vg_2p5,baseline,990,internal,2092,electron,990,991,990,990,0,0,1.8448199999999969e-08,3.6410840056203397e-10,49773.657354248433,-54205830.379089549,0.00043624542105999409,3.8161442006412472e-05,1.0187317110621463,0.98149932535754325,3.2037092264061946e+26,3.2092034681738381e+26,2.535035531661951e+20,0.02141523501136192,1,-2.8100917456260271e+23,-2.8100917456781315e+23,-2.8098699883446272e+23,2.2175731080603918e+19,2.2175733350427263e+19,0,-2.8100917456260271e+23,-0.61369620367636069,-0.61364777408257809,0,0,-0.61369620367636069,0,1,-0.61369620367636069,0
n21_vd_1_vg_2p5,baseline,990,internal,2092,electron,990,991,990,991,0,1,1.8448199999999969e-08,3.6410840056203397e-10,49773.657354248433,54205830.379117966,0.00043624542105999409,-3.8161442006412472e-05,1.0187317110621463,0.98149932535754325,3.2037092264061946e+26,3.2092034681738381e+26,2.535035531661951e+20,0.02141523501136192,1,2.7120321930728784e+23,2.7120321931853824e+23,2.71181043585024e+23,-2.2175731080603918e+19,-2.217573351424e+19,0,2.7120321930728784e+23,0.59228096866499869,0.59223253908404894,0,0,0.59228096866499869,0,1,0.59228096866499869,0
n21_vd_1_vg_2p5,baseline,990,internal,2108,electron,990,997,990,990,0,0,8.1248676124068538e-11,3.8864649999999965e-08,16.829382299948978,-168293822.99948925,0.00043681220806031043,7.9376300643474451e-05,1.0000099510580607,0.99999004900795474,3.2037092264061946e+26,3.2037728179681326e+26,9.1532454152255171e+18,0.00077323926720355236,1,-6.6940761567257779e+27,-6.694076156739005e+27,-6.6940682018728734e+27,1.6633023219949253e+18,7.9548661315965813e+21,0,-6.6940761567257779e+27,-14619.19928734516,-14619.181914734332,0,0,-14619.19928734516,0,1,-14619.19928734516,0
n21_vd_1_vg_2p5,baseline,990,internal,2108,electron,990,997,990,997,0,1,8.1248676124068538e-11,3.8864649999999965e-08,16.829382299948978,168293822.99948925,0.00043681220806031043,-7.9376300643474451e-05,1.0000099510580607,0.99999004900795474,3.2037092264061946e+26,3.2037728179681326e+26,9.1532454152255171e+18,0.00077323926720355236,1,6.694075802662419e+27,6.6940758026756868e+27,6.694067847810448e+27,-1.6633023219949253e+18,-7.9548652387931395e+21,0,6.694075802662419e+27,14619.198514105852,14619.181141497065,0,0,14619.198514105852,0,1,14619.198514105852,0
n21_vd_1_vg_2p5,baseline,990,internal,2110,electron,990,998,990,990,0,0,5.9281099999999972e-08,3.6410840056203397e-10,34481.473626098945,16868782.799235761,0.00046165160262835308,-1.2856800957194991e-05,0.91088226060353494,1.0947490676455267,3.2037092264061946e+26,2.8849621229324249e+26,-1.7600662259160377e+20,-0.014868522114497549,1,-8.2745451315425586e+22,-8.274545131126784e+22,-8.2740549607096328e+22,4.901709646246142e+18,4.9017041715116114e+18,0,-8.2745451315425586e+22,-0.18070786985088635,-0.18069716500540264,0,0,-0.18070786985088635,0,1,-0.18070786985088635,0
n21_vd_1_vg_2p5,baseline,990,internal,2110,electron,990,998,990,998,0,1,5.9281099999999972e-08,3.6410840056203397e-10,34481.473626098945,-16868782.799207337,0.00046165160262835308,1.2856800957194991e-05,0.91088226060353494,1.0947490676455267,3.2037092264061946e+26,2.8849621229324249e+26,-1.7600662259160377e+20,-0.014868522114497549,1,8.9553691453349326e+22,8.9553691445166088e+22,8.954878973444096e+22,-4.901709646246142e+18,-4.9017107251283886e+18,0,8.9553691453349326e+22,0.19557639196538409,0.1955656870967967,0,0,0.19557639196538409,0,1,0.19557639196538409,0
n21_vd_1_vg_2p5,baseline,991,internal,2092,electron,990,991,991,990,1,0,1.8448199999999969e-08,3.6410840056203397e-10,49773.657354248433,-54205830.379089549,0.00043624542105999409,3.8161442006412472e-05,1.0187317110621463,0.98149932535754325,3.2037092264061946e+26,3.2092034681738381e+26,2.535035531661951e+20,0.02141523501136192,-1,-2.8100917456260271e+23,-2.8100917456781315e+23,-2.8098699883446272e+23,2.2175731080603918e+19,2.2175733350427263e+19,0,-2.8100917456260271e+23,0.61369620367636069,0.61364777408257809,0,0,0.61369620367636069,0,1,0.61369620367636069,0
n21_vd_1_vg_2p5,baseline,991,internal,2092,electron,990,991,991,991,1,1,1.8448199999999969e-08,3.6410840056203397e-10,49773.657354248433,54205830.379117966,0.00043624542105999409,-3.8161442006412472e-05,1.0187317110621463,0.98149932535754325,3.2037092264061946e+26,3.2092034681738381e+26,2.535035531661951e+20,0.02141523501136192,-1,2.7120321930728784e+23,2.7120321931853824e+23,2.71181043585024e+23,-2.2175731080603918e+19,-2.217573351424e+19,0,2.7120321930728784e+23,-0.59228096866499869,-0.59223253908404894,0,0,-0.59228096866499869,0,1,-0.59228096866499869,0
n21_vd_1_vg_2p5,baseline,991,internal,2094,electron,984,991,991,984,1,0,6.4696812499999939e-10,4.3976850000000036e-08,25959.175518986336,-1545671202.889622,0.00043632271853575943,0.0010140110093814769,1.0009844106839441,0.99901623493531055,3.2049748400829043e+26,3.2092034681738381e+26,1.5974736961774094e+22,1.3494988216468975,-1,-9.5148292471604788e+26,-9.5148292471826422e+26,-9.5144579946674923e+26,3.712517928374743e+22,3.7125251514994637e+22,0,-9.5148292471604788e+26,2077.9444645179519,2077.863386650688,0,0,2077.9444645179519,0,1,2077.9444645179519,0
n21_vd_1_vg_2p5,baseline,991,internal,2094,electron,984,991,991,991,1,1,6.4696812499999939e-10,4.3976850000000036e-08,25959.175518986336,1545671202.889622,0.00043632271853575943,-0.0010140110093814769,1.0009844106839441,0.99901623493531055,3.2049748400829043e+26,3.2092034681738381e+26,1.5974736961774094e+22,1.3494988216468975,-1,9.5086499430084623e+26,9.5086499430344424e+26,9.5082786905282053e+26,-3.712517928374743e+22,-3.7125250623703024e+22,0,9.5086499430084623e+26,-2076.5949656963007,-2076.5138878318166,0,0,-2076.5949656963007,0,1,-2076.5949656963007,0
n21_vd_1_vg_2p5,baseline,991,contact_cut,2107,electron,991,996,991,991,0,0,8.1248676124068538e-11,4.3976850000000042e-08,26362.867415533896,-12307892850.745958,0.00043600864742243672,0.0080754202311794643,1.0000851986174384,0.99991480622148976,3.2092034681738381e+26,3.2094844081888549e+26,1.6222886421399928e+22,1.3704617585740408,1,-7.5742071796175197e+27,-7.5742071796367942e+27,-7.5739066759783119e+27,3.0046795170227644e+23,3.0050365848226337e+23,0,-7.5742071796175197e+27,-16541.318265585582,-16540.661995402017,0,0,-16541.318265585582,0,1,-16541.318265585582,0
n21_vd_1_vg_2p5,baseline,991,contact_cut,2107,electron,991,996,991,996,0,1,8.1248676124068538e-11,4.3976850000000042e-08,26362.867415533896,12307892850.745958,0.00043600864742243672,-0.0080754202311794643,1.0000851986174384,0.99991480622148976,3.2092034681738381e+26,3.2094844081888549e+26,1.6222886421399928e+22,1.3704617585740408,1,7.5735796503526406e+27,7.5735796503722493e+27,7.5732791467709878e+27,-3.0046795170227644e+23,-3.0050360126147924e+23,0,7.5735796503526406e+27,16539.947803826988,16539.291533769119,0,1,16539.947803826988,0,1,16539.947803826988,0
n21_vd_1_vg_2p5,baseline,991,internal,2112,electron,991,992,991,991,0,0,6.9505500000000106e-08,3.6410840056203397e-10,27.962370321571285,-14387350.641316133,0.00043449816702344137,4.441899736917776e-06,1.0031126894500064,0.99689375640055111,3.2092034681738381e+26,3.2289807146627437e+26,1.4240435887429258e+17,1.2029901647713739e-05,1,-7.327341838298055e+22,-7.3273418383161601e+22,-7.327341692714576e+22,1455807946332576,1456015841165312,0,-7.327341838298055e+22,-0.16002188811812984,-0.16002188493873085,0,0,-0.16002188811812984,0,1,-0.16002188811812984,0
n21_vd_1_vg_2p5,baseline,991,internal,2112,electron,991,992,991,992,0,1,6.9505500000000106e-08,3.6410840056203397e-10,27.962370321571285,14387350.641316133,0.00043449816702344137,-4.441899736917776e-06,1.0031126894500064,0.99689375640055111,3.2092034681738381e+26,3.2289807146627437e+26,1.4240435887429258e+17,1.2029901647713739e-05,1,7.3267909936436774e+22,7.3267909936615761e+22,7.3267908480600323e+22,-1455807946332576,-1456015438512128,0,7.3267909936436774e+22,0.1600098582164822,0.1600098550370796,0,0,0.1600098582164822,0,1,0.1600098582164822,0
n21_vd_1_vg_2p5,baseline,992,internal,2088,electron,983,992,992,983,1,0,6.4696812499999939e-10,9.9999999999999995e-08,2442.6648640973999,-1545671202.8896327,0.00043337382561555062,0.00077254338304300063,1.0006985221158009,0.99930180302155991,3.2246710010747785e+26,3.2289807146627437e+26,3.4158749199979685e+21,0.28856307246003698,-1,-2.1615658180494146e+27,-2.1615658180548495e+27,-2.1615597274975492e+27,6.0892269231967169e+21,6.0905573003359766e+21,0,-2.1615658180494146e+27,4720.6456465284828,4720.6323453664691,0,0,4720.6456465284828,0,1,4720.6456465284828,0
n21_vd_1_vg_2p5,baseline,992,internal,2088,electron,983,992,992,992,1,1,6.4696812499999939e-10,9.9999999999999995e-08,2442.6648640973999,1545671202.8896344,0.00043337382561555062,-0.00077254338304300063,1.0006985221158009,0.99930180302155991,3.2246710010747785e+26,3.2289807146627437e+26,3.4158749199979685e+21,0.28856307246003698,-1,2.161433686108052e+27,2.1614336861135465e+27,2.1614275955579499e+27,-6.0892269231967169e+21,-6.0905555966427094e+21,0,2.161433686108052e+27,-4720.3570834560314,-4720.3437822978694,0,0,-4720.3570834560314,0,1,-4720.3570834560314,0
n21_vd_1_vg_2p5,baseline,992,internal,2112,electron,991,992,992,991,1,0,6.9505500000000106e-08,3.6410840056203397e-10,27.962370321571285,-14387350.641316133,0.00043449816702344137,4.441899736917776e-06,1.0031126894500064,0.99689375640055111,3.2092034681738381e+26,3.2289807146627437e+26,1.4240435887429258e+17,1.2029901647713739e-05,-1,-7.327341838298055e+22,-7.3273418383161601e+22,-7.327341692714576e+22,1455807946332576,1456015841165312,0,-7.327341838298055e+22,0.16002188811812984,0.16002188493873085,0,0,0.16002188811812984,0,1,0.16002188811812984,0
n21_vd_1_vg_2p5,baseline,992,internal,2112,electron,991,992,992,992,1,1,6.9505500000000106e-08,3.6410840056203397e-10,27.962370321571285,14387350.641316133,0.00043449816702344137,-4.441899736917776e-06,1.0031126894500064,0.99689375640055111,3.2092034681738381e+26,3.2289807146627437e+26,1.4240435887429258e+17,1.2029901647713739e-05,-1,7.3267909936436774e+22,7.3267909936615761e+22,7.3267908480600323e+22,-1455807946332576,-1456015438512128,0,7.3267909936436774e+22,-0.1600098582164822,-0.1600098550370796,0,0,-0.1600098582164822,0,1,-0.1600098582164822,0
n21_vd_1_vg_2p5,baseline,992,contact_cut,2114,electron,992,993,992,992,0,0,8.1248676124068538e-11,1.0000000000000004e-07,2442.0034322469683,-12307892850.745998,0.00043305757628543136,0.0061151265455805515,1.0000471958052177,0.99995280567969802,3.2289807146627437e+26,3.2292607288398993e+26,3.4148858571941756e+21,0.28847951934166971,1,-1.7211364226470409e+28,-1.7211364226513408e+28,-1.721131530841521e+28,4.8220976375880141e+22,4.8918098198122235e+22,0,-1.7211364226470409e+28,-37587.914708894699,-37587.807876707411,0,0,-37587.914708894699,0,1,-37587.914708894699,0
n21_vd_1_vg_2p5,baseline,992,contact_cut,2114,electron,992,993,992,993,0,1,8.1248676124068538e-11,1.0000000000000004e-07,2442.0034322469683,12307892850.745998,0.00043305757628543136,-0.0061151265455805515,1.0000471958052177,0.99995280567969802,3.2289807146627437e+26,3.2292607288398993e+26,3.4148858571941756e+21,0.28847951934166971,1,1.7211232132787668e+28,1.7211232132830661e+28,1.7211183214831817e+28,-4.8220976375880141e+22,-4.8917998844052526e+22,0,1.7211232132787668e+28,37587.626229375288,37587.519397404969,0,1,37587.626229375288,0,1,37587.626229375288,0
n21_vd_1_vg_2p5,baseline,992,internal,2115,electron,992,995,992,992,0,0,1.3049449999999989e-07,3.6410840056203397e-10,1.2708160551444805,-7663158.2173961401,0.00043288596434345604,1.6649650547151396e-06,1.0003448473793384,0.99965523188225014,3.2289807146627437e+26,3.2311875104069973e+26,6469946571439981,5.4656206829379849e-07,1,-3.9014602512496174e+22,-3.9014602512593406e+22,-3.9014602487182618e+22,24884694433693.395,25410788130816,0,-3.9014602512496174e+22,-0.085204027545111707,-0.085204027489829415,0,0,-0.085204027545111707,0,1,-0.085204027545111707,0
n21_vd_1_vg_2p5,baseline,992,internal,2115,electron,992,995,992,995,0,1,1.3049449999999989e-07,3.6410840056203397e-10,1.2708160551444805,7663158.217396142,0.00043288596434345604,-1.6649650547151396e-06,1.0003448473793384,0.99965523188225014,3.2289807146627437e+26,3.2311875104069973e+26,6469946571439981,5.4656206829379849e-07,1,3.901435224378858e+22,3.9014352243886014e+22,3.9014352218475301e+22,-24884694433693.395,-25410712633344,0,3.901435224378858e+22,0.085203480983043089,0.085203480927761407,0,0,0.085203480983043089,0,1,0.085203480983043089,0
n21_vd_1_vg_2p5,baseline,995,internal,2085,electron,982,995,995,982,1,0,6.4696812499999939e-10,6.5247249999999943e-08,401.04748752062721,-1545671202.8896334,0.0004330506316187144,0.00063189924892625982,1.0006803967382438,0.99931991174831458,3.2268269033312412e+26,3.2311875104069973e+26,3.6590266291599068e+20,0.030910381411861036,-1,-1.4102271299427248e+27,-1.4102271299462446e+27,-1.4102265915986673e+27,5.3391820954624138e+20,5.38347577281702e+20,0,-1.4102271299427248e+27,3079.7963707567719,3079.7951950666729,0,0,3079.7963707567719,0,1,3079.7963707567719,0
n21_vd_1_vg_2p5,baseline,995,internal,2085,electron,982,995,995,995,1,1,6.4696812499999939e-10,6.5247249999999943e-08,401.04748752062721,1545671202.8896334,0.0004330506316187144,-0.00063189924892625982,1.0006803967382438,0.99931991174831458,3.2268269033312412e+26,3.2311875104069973e+26,3.6590266291599068e+20,0.030910381411861036,-1,1.4102129761957806e+27,1.4102129761993215e+27,1.4102124378525486e+27,-5.3391820954624138e+20,-5.3834677298894628e+20,0,1.4102129761957806e+27,-3079.7654603753549,-3079.7642846870581,0,0,-3079.7654603753549,0,1,-3079.7654603753549,0
n21_vd_1_vg_2p5,baseline,995,internal,2115,electron,992,995,995,992,1,0,1.3049449999999989e-07,3.6410840056203397e-10,1.2708160551444805,-7663158.2173961401,0.00043288596434345604,1.6649650547151396e-06,1.0003448473793384,0.99965523188225014,3.2289807146627437e+26,3.2311875104069973e+26,6469946571439981,5.4656206829379849e-07,-1,-3.9014602512496174e+22,-3.9014602512593406e+22,-3.9014602487182618e+22,24884694433693.395,25410788130816,0,-3.9014602512496174e+22,0.085204027545111707,0.085204027489829415,0,0,0.085204027545111707,0,1,0.085204027545111707,0
n21_vd_1_vg_2p5,baseline,995,internal,2115,electron,992,995,995,995,1,1,1.3049449999999989e-07,3.6410840056203397e-10,1.2708160551444805,7663158.217396142,0.00043288596434345604,-1.6649650547151396e-06,1.0003448473793384,0.99965523188225014,3.2289807146627437e+26,3.2311875104069973e+26,6469946571439981,5.4656206829379849e-07,-1,3.901435224378858e+22,3.9014352243886014e+22,3.9014352218475301e+22,-24884694433693.395,-25410712633344,0,3.901435224378858e+22,-0.085203480983043089,-0.085203480927761407,0,0,-0.085203480983043089,0,1,-0.085203480983043089,0
n21_vd_1_vg_2p5,baseline,995,contact_cut,2118,electron,994,995,995,994,1,0,8.1248676124068538e-11,6.5247249999999956e-08,400.93010503584748,4009301050.3584752,0.00043273200983876578,-0.0018506651588978684,0.99995901682511457,1.0000409842946631,3.2314483017083122e+26,3.2311875104069973e+26,-3.6578811319271339e+20,-0.030900704587951345,-1,-1.1229084596695841e+28,-1.1229084596723885e+28,-1.1229073467436099e+28,1.564366169438156e+21,1.1129287786139459e+22,0,-1.1229084596695841e+28,24523.208533953813,24523.184228752874,0,1,24523.208533953813,0,1,24523.208533953813,0
n21_vd_1_vg_2p5,baseline,995,contact_cut,2118,electron,994,995,995,995,1,1,8.1248676124068538e-11,6.5247249999999956e-08,400.93010503584748,-4009301050.3584752,0.00043273200983876578,0.0018506651588978684,0.99995901682511457,1.0000409842946631,3.2314483017083122e+26,3.2311875104069973e+26,-3.6578811319271339e+20,-0.030900704587951345,-1,1.122909874601178e+28,1.122909874603989e+28,1.1229087616721473e+28,-1.564366169438156e+21,-1.1129318416334386e+22,0,1.122909874601178e+28,-24523.239434658353,-24523.215129390665,0,0,-24523.239434658353,0,1,-24523.239434658353,0
n21_vd_1_vg_2p5,baseline,997,internal,2108,electron,990,997,997,990,1,0,8.1248676124068538e-11,3.8864649999999965e-08,16.829382299948978,-168293822.99948925,0.00043681220806031043,7.9376300643474451e-05,1.0000099510580607,0.99999004900795474,3.2037092264061946e+26,3.2037728179681326e+26,9.1532454152255171e+18,0.00077323926720355236,-1,-6.6940761567257779e+27,-6.694076156739005e+27,-6.6940682018728734e+27,1.6633023219949253e+18,7.9548661315965813e+21,0,-6.6940761567257779e+27,14619.19928734516,14619.181914734332,0,0,14619.19928734516,0,1,14619.19928734516,0
n21_vd_1_vg_2p5,baseline,997,internal,2108,electron,990,997,997,997,1,1,8.1248676124068538e-11,3.8864649999999965e-08,16.829382299948978,168293822.99948925,0.00043681220806031043,-7.9376300643474451e-05,1.0000099510580607,0.99999004900795474,3.2037092264061946e+26,3.2037728179681326e+26,9.1532454152255171e+18,0.00077323926720355236,-1,6.694075802662419e+27,6.6940758026756868e+27,6.694067847810448e+27,-1.6633023219949253e+18,-7.9548652387931395e+21,0,6.694075802662419e+27,-14619.198514105852,-14619.181141497065,0,0,-14619.198514105852,0,1,-14619.198514105852,0
n21_vd_1_vg_2p5,baseline,997,contact_cut,2109,electron,996,997,997,996,1,0,1.8448199999999969e-08,4.0624338062034256e-11,49889.689309198766,54205830.379089549,0.00043607010811455257,-3.8138784130836711e-05,0.98142501588092201,1.0188078919313681,3.2094844081888549e+26,3.2037728179681326e+26,-2.8339980911724917e+19,-0.0023940782835663683,-1,-3.0246909768730042e+22,-3.0246909768683523e+22,-3.024443114706944e+22,2.478620740452994e+18,2.4786216140826214e+18,0,-3.0246909768730042e+22,0.066056255020512711,0.066050841956309989,0,1,0.066056255020512711,0,1,0.066056255020512711,0
n21_vd_1_vg_2p5,baseline,997,contact_cut,2109,electron,996,997,997,997,1,1,1.8448199999999969e-08,4.0624338062034256e-11,49889.689309198766,-54205830.379089549,0.00043607010811455257,3.8138784130836711e-05,0.98142501588092201,1.0188078919313681,3.2094844081888549e+26,3.2037728179681326e+26,-2.8339980911724917e+19,-0.0023940782835663683,-1,3.1343149175578324e+22,3.1343149175869442e+22,3.1340670554234883e+22,-2.478620740452994e+18,-2.4786216345592136e+18,0,3.1343149175578324e+22,-0.068450333304079,-0.068444920240568918,0,0,-0.068450333304079,0,1,-0.068450333304079,0
n21_vd_1_vg_2p5,baseline,997,internal,2274,electron,997,1054,997,997,0,0,5.9281099999999972e-08,4.0624338062034256e-11,34481.496949715598,16868782.799207337,0.00046118278896229017,-1.2829282969306632e-05,0.91088222544955966,1.0947491073844422,3.2037728179681326e+26,2.8850193258027805e+26,-1.9617888457254793e+19,-0.0016572615511363936,1,-9.2228909819303087e+21,-9.2228909824614408e+21,-9.2223452479078405e+21,5.4573468113311501e+17,5.4573455360026214e+17,0,-9.2228909819303087e+21,-0.020141880389996439,-0.020140688560945565,0,0,-0.020141880389996439,0,1,-0.020141880389996439,0
n21_vd_1_vg_2p5,baseline,997,internal,2274,electron,997,1054,997,1054,0,1,5.9281099999999972e-08,4.0624338062034256e-11,34481.496949715598,-16868782.799207337,0.00046118278896229017,1.2829282969306632e-05,0.91088222544955966,1.0947491073844422,3.2037728179681326e+26,2.8850193258027805e+26,-1.9617888457254793e+19,-0.0016572615511363936,1,9.9817447889595301e+21,9.981744789012481e+21,9.9811990544588808e+21,-5.4573468113311501e+17,-5.4573455360026214e+17,0,9.9817447889595301e+21,0.021799141941132867,0.021797950111037693,0,0,0.021799141941132867,0,1,0.021799141941132867,0
n21_vd_1_vg_2p5,sentaurus,990,internal,2091,electron,985,990,990,985,1,0,6.4696812499999939e-10,3.8864649999999965e-08,161.0775299161659,-1545671202.8888333,0.00043712536916402559,0.0005717330853194369,1.0006173851177653,0.99938286888728201,3.1997270424046731e+26,3.2036666822851697e+26,8.7614469337029771e+19,0.0074014128315518192,-1,-8.4073449123291862e+26,-8.4073449123457655e+26,-8.4073436938931342e+26,1.1459433472937791e+20,1.2184526312685175e+20,0,-8.4073449123291862e+26,1836.0808552692827,1836.0805891749173,0,0,1836.0808552692827,0,1,1836.0808552692827,0
n21_vd_1_vg_2p5,sentaurus,990,internal,2091,electron,985,990,990,990,1,1,6.4696812499999939e-10,3.8864649999999965e-08,161.0775299161659,1545671202.8888333,0.00043712536916402559,-0.0005717330853194369,1.0006173851177653,0.99938286888728201,3.1997270424046731e+26,3.2036666822851697e+26,8.7614469337029771e+19,0.0074014128315518192,-1,8.4073110215393032e+26,8.407311021555822e+26,8.4073098031077386e+26,-1.1459433472937791e+20,-1.2184480834135471e+20,0,8.4073110215393032e+26,-1836.0734538564559,-1836.0731877630706,0,0,-1836.0734538564559,0,1,-1836.0734538564559,0
n21_vd_1_vg_2p5,sentaurus,990,internal,2092,electron,990,991,990,990,0,0,1.8448199999999969e-08,3.6410840056203397e-10,49482.468108264518,-54205830.379089549,0.00043624606364159161,3.8137161428863919e-05,1.0186365670706778,0.98159214259588778,3.2036666822851697e+26,3.2092245016242841e+26,2.5202000515652672e+20,0.021289909236315057,1,-2.8097961236044082e+23,-2.8097961235677184e+23,-2.8095758046576643e+23,2.2031895347608207e+19,2.2031891005416931e+19,0,-2.8097961236044082e+23,-0.6136316427549342,-0.61358352727919385,0,0,-0.6136316427549342,0,1,-0.6136316427549342,0
n21_vd_1_vg_2p5,sentaurus,990,internal,2092,electron,990,991,990,991,0,1,1.8448199999999969e-08,3.6410840056203397e-10,49482.468108264518,54205830.379117966,0.00043624606364159161,-3.8137161428863919e-05,1.0186365670706778,0.98159214259588778,3.2036666822851697e+26,3.2092245016242841e+26,2.5202000515652672e+20,0.021289909236315057,1,2.7123104330433393e+23,2.7123104329777153e+23,2.7120901140660226e+23,-2.2031895347608207e+19,-2.2031891169263223e+19,0,2.7123104330433393e+23,0.59234173351861907,0.59229361803620195,0,0,0.59234173351861907,0,1,0.59234173351861907,0
n21_vd_1_vg_2p5,sentaurus,990,internal,2108,electron,990,997,990,990,0,0,8.1248676124068538e-11,3.8864649999999965e-08,16.160318825898798,-161603188.25898835,0.00043681224425999403,7.6220672884375062e-05,1.0000096930800435,0.99999030698259328,3.2036666822851697e+26,3.2037286267665836e+26,8.7892337046904269e+18,0.00074248862789047651,1,-6.6939860896335878e+27,-6.693986089646772e+27,-6.6939781320013422e+27,1.5336596350325532e+18,7.9576454298102735e+21,0,-6.6939860896335878e+27,-14619.002589736836,-14618.985211056204,0,0,-14619.002589736836,0,1,-14619.002589736836,0
n21_vd_1_vg_2p5,sentaurus,990,internal,2108,electron,990,997,990,997,0,1,8.1248676124068538e-11,3.8864649999999965e-08,16.160318825898798,161603188.25898835,0.00043681224425999403,-7.6220672884375062e-05,1.0000096930800435,0.99999030698259328,3.2036666822851697e+26,3.2037286267665836e+26,8.7892337046904269e+18,0.00074248862789047651,1,6.6939857496508244e+27,6.6939857496640801e+27,6.6939777920194826e+27,-1.5336596350325532e+18,-7.9576445974799712e+21,0,6.6939857496508244e+27,14619.001847248155,14618.984468569497,0,0,14619.001847248155,0,1,14619.001847248155,0
n21_vd_1_vg_2p5,sentaurus,990,internal,2110,electron,990,998,990,990,0,0,5.9281099999999972e-08,3.6410840056203397e-10,34041.507293799354,16868782.799264185,0.00046165303347759067,-1.2838902829770404e-05,0.91137986092277845,1.0941867668317484,3.2036666822851697e+26,2.8850709938145265e+26,-1.7376519424695553e+20,-0.014679172836500245,1,-8.278981099235554e+22,-8.2789810993397758e+22,-8.2784978459361284e+22,4.832535004324055e+18,4.8325340364737085e+18,0,-8.278981099235554e+22,-0.18080474699153698,-0.1807941932181332,0,0,-0.18080474699153698,0,1,-0.18080474699153698,0
n21_vd_1_vg_2p5,sentaurus,990,internal,2110,electron,990,998,990,998,0,1,5.9281099999999972e-08,3.6410840056203397e-10,34041.507293799354,-16868782.799235761,0.00046165303347759067,1.2838902829770404e-05,0.91137986092277845,1.0941867668317484,3.2036666822851697e+26,2.8850709938145265e+26,-1.7376519424695553e+20,-0.014679172836500245,1,8.9511348810799982e+22,8.951134880776193e+22,8.950651627356161e+22,-4.832535004324055e+18,-4.83253420032e+18,0,8.9511348810799982e+22,0.19548391982803626,0.19547336604536375,0,0,0.19548391982803626,0,1,0.19548391982803626,0
n21_vd_1_vg_2p5,sentaurus,991,internal,2092,electron,990,991,991,990,1,0,1.8448199999999969e-08,3.6410840056203397e-10,49482.468108264518,-54205830.379089549,0.00043624606364159161,3.8137161428863919e-05,1.0186365670706778,0.98159214259588778,3.2036666822851697e+26,3.2092245016242841e+26,2.5202000515652672e+20,0.021289909236315057,-1,-2.8097961236044082e+23,-2.8097961235677184e+23,-2.8095758046576643e+23,2.2031895347608207e+19,2.2031891005416931e+19,0,-2.8097961236044082e+23,0.6136316427549342,0.61358352727919385,0,0,0.6136316427549342,0,1,0.6136316427549342,0
n21_vd_1_vg_2p5,sentaurus,991,internal,2092,electron,990,991,991,991,1,1,1.8448199999999969e-08,3.6410840056203397e-10,49482.468108264518,54205830.379117966,0.00043624606364159161,-3.8137161428863919e-05,1.0186365670706778,0.98159214259588778,3.2036666822851697e+26,3.2092245016242841e+26,2.5202000515652672e+20,0.021289909236315057,-1,2.7123104330433393e+23,2.7123104329777153e+23,2.7120901140660226e+23,-2.2031895347608207e+19,-2.2031891169263223e+19,0,2.7123104330433393e+23,-0.59234173351861907,-0.59229361803620195,0,0,-0.59234173351861907,0,1,-0.59234173351861907,0
n21_vd_1_vg_2p5,sentaurus,991,internal,2094,electron,984,991,991,984,1,0,6.4696812499999939e-10,4.3976850000000036e-08,25828.341787805231,-1545671202.889622,0.00043632281081818646,0.0010134531467365093,1.0009837657889187,0.99901687898498948,3.2049894830109537e+26,3.2092245016242841e+26,1.5894316360694992e+22,1.3427051256597848,-1,-9.5148686009665719e+26,-9.5148686009859838e+26,-9.5144994207326803e+26,3.6917952789967947e+22,3.6918025330353206e+22,0,-9.5148686009665719e+26,2077.9530589994083,2077.8724336930054,0,0,2077.9530589994083,0,1,2077.9530589994083,0
n21_vd_1_vg_2p5,sentaurus,991,internal,2094,electron,984,991,991,991,1,1,6.4696812499999939e-10,4.3976850000000036e-08,25828.341787805231,1545671202.8896506,0.00043632281081818646,-0.0010134531467365093,1.0009837657889187,0.99901687898498948,3.2049894830109537e+26,3.2092245016242841e+26,1.5894316360694992e+22,1.3427051256597848,-1,9.5087204048920308e+26,9.5087204049038093e+26,9.5083512246651856e+26,-3.6917952789967947e+22,-3.6918023862367744e+22,0,9.5087204048920308e+26,-2076.6103538737566,-2076.5297285688926,0,0,-2076.6103538737566,0,1,-2076.6103538737566,0
n21_vd_1_vg_2p5,sentaurus,991,contact_cut,2107,electron,991,996,991,991,0,0,8.1248676124068538e-11,4.3976850000000042e-08,26237.201965805525,-12307892850.745974,0.00043600873592952976,0.0080712162109364272,1.0000833840847791,0.99991662055023356,3.2092245016242841e+26,3.2094950642292356e+26,1.6145638813854465e+22,1.3639361077538057,1,-7.5742446167119543e+27,-7.5742446167302919e+27,-7.5739456993803689e+27,2.9888149248314327e+23,2.9891734992302978e+23,0,-7.5742446167119543e+27,-16541.400024491733,-16540.747218646899,0,0,-16541.400024491733,0,1,-16541.400024491733,0
n21_vd_1_vg_2p5,sentaurus,991,contact_cut,2107,electron,991,996,991,996,0,1,8.1248676124068538e-11,4.3976850000000042e-08,26237.201965805525,12307892850.745974,0.00043600873592952976,-0.0080712162109364272,1.0000833840847791,0.99991662055023356,3.2092245016242841e+26,3.2094950642292356e+26,1.6145638813854465e+22,1.3639361077538057,1,7.5736200755179443e+27,7.5736200755366338e+27,7.5733211582427881e+27,-2.9888149248314327e+23,-2.9891729384573774e+23,0,7.5736200755179443e+27,16540.036088383953,16539.383282662351,0,1,16540.036088383953,0,1,16540.036088383953,0
n21_vd_1_vg_2p5,sentaurus,991,internal,2112,electron,991,992,991,991,0,0,6.9505500000000106e-08,3.6410840056203397e-10,27.789710692622315,-14387350.641316105,0.00043449819601438708,4.4388999143052388e-06,1.0031116756933356,0.99689476596361271,3.2092245016242841e+26,3.2289968433755926e+26,1.4152587957325074e+17,1.1955690298604583e-05,1,-7.3273829462152338e+22,-7.3273829462335361e+22,-7.32738280162696e+22,1445849995402224.2,1446065760894976,0,-7.3273829462152338e+22,-0.1600227858743242,-0.16002278271665951,0,0,-0.1600227858743242,0,1,-0.1600227858743242,0
n21_vd_1_vg_2p5,sentaurus,991,internal,2112,electron,991,992,991,992,0,1,6.9505500000000106e-08,3.6410840056203397e-10,27.789710692622315,14387350.641316133,0.00043449819601438708,-4.4388999143052388e-06,1.0031116756933356,0.99689476596361271,3.2092245016242841e+26,3.2289968433755926e+26,1.4152587957325074e+17,1.1955690298604583e-05,1,7.3268354996705012e+22,7.3268354996890962e+22,7.3268353550836006e+22,-1445849995402224.2,-1446054956367872,0,7.3268354996705012e+22,0.16001083018402543,0.16001082702639075,0,0,0.16001083018402543,0,1,0.16001083018402543,0
n21_vd_1_vg_2p5,sentaurus,992,internal,2088,electron,983,992,992,983,1,0,6.4696812499999939e-10,9.9999999999999995e-08,2463.9703405196165,-1545671202.8896327,0.00043337381498851767,0.00077327584380171288,1.0006993037573473,0.99930102210790384,3.2246837888737451e+26,3.2289968433755926e+26,3.4456843075626913e+21,0.29108128189840643,-1,-2.1615760253756738e+27,-2.1615760253811425e+27,-2.1615698758713267e+27,6.1481897342493031e+21,6.1495098158321983e+21,0,-2.1615760253756738e+27,4720.6679383180108,4720.6545084096169,0,0,4720.6679383180108,0,1,4720.6679383180108,0
n21_vd_1_vg_2p5,sentaurus,992,internal,2088,electron,983,992,992,992,1,1,6.4696812499999939e-10,9.9999999999999995e-08,2463.9703405196165,1545671202.8896344,0.00043337381498851767,-0.00077327584380171288,1.0006993037573473,0.99930102210790384,3.2246837888737451e+26,3.2289968433755926e+26,3.4456843075626913e+21,0.29108128189840643,-1,2.1614427403557158e+27,2.1614427403611356e+27,2.1614365908528898e+27,-6.1481897342493031e+21,-6.1495082457295938e+21,0,2.1614427403557158e+27,-4720.376857036119,-4720.3634271310466,0,0,-4720.376857036119,0,1,-4720.376857036119,0
n21_vd_1_vg_2p5,sentaurus,992,internal,2112,electron,991,992,992,991,1,0,6.9505500000000106e-08,3.6410840056203397e-10,27.789710692622315,-14387350.641316105,0.00043449819601438708,4.4388999143052388e-06,1.0031116756933356,0.99689476596361271,3.2092245016242841e+26,3.2289968433755926e+26,1.4152587957325074e+17,1.1955690298604583e-05,-1,-7.3273829462152338e+22,-7.3273829462335361e+22,-7.32738280162696e+22,1445849995402224.2,1446065760894976,0,-7.3273829462152338e+22,0.1600227858743242,0.16002278271665951,0,0,0.1600227858743242,0,1,0.1600227858743242,0
n21_vd_1_vg_2p5,sentaurus,992,internal,2112,electron,991,992,992,992,1,1,6.9505500000000106e-08,3.6410840056203397e-10,27.789710692622315,14387350.641316133,0.00043449819601438708,-4.4388999143052388e-06,1.0031116756933356,0.99689476596361271,3.2092245016242841e+26,3.2289968433755926e+26,1.4152587957325074e+17,1.1955690298604583e-05,-1,7.3268354996705012e+22,7.3268354996890962e+22,7.3268353550836006e+22,-1445849995402224.2,-1446054956367872,0,7.3268354996705012e+22,-0.16001083018402543,-0.16001082702639075,0,0,-0.16001083018402543,0,1,-0.16001083018402543,0
n21_vd_1_vg_2p5,sentaurus,992,contact_cut,2114,electron,992,993,992,992,0,0,8.1248676124068538e-11,1.0000000000000004e-07,2464.0424672241343,-12307892850.745998,0.00043305756529132193,0.0061216430609078998,1.0000463924723213,0.99995360896247543,3.2289968433755926e+26,3.22927144707282e+26,3.4457193742364867e+21,0.29108424422793205,1,-1.7211435934169076e+28,-1.7211435934212126e+28,-1.7211386534945374e+28,4.8708222157349747e+22,4.9399266751547475e+22,0,-1.7211435934169076e+28,-37588.071311406042,-37587.963428394403,0,0,-37588.071311406042,0,1,-37588.071311406042,0
n21_vd_1_vg_2p5,sentaurus,992,contact_cut,2114,electron,992,993,992,993,0,1,8.1248676124068538e-11,1.0000000000000004e-07,2464.0424672241343,12307892850.745998,0.00043305756529132193,-0.0061216430609078998,1.0000463924723213,0.99995360896247543,3.2289968433755926e+26,3.22927144707282e+26,3.4457193742364867e+21,0.29108424422793205,1,1.7211302647792674e+28,1.7211302647835564e+28,1.7211253248668274e+28,-4.8708222157349747e+22,-4.9399167289725626e+22,0,1.7211302647792674e+28,37587.780227161806,37587.672344367034,0,1,37587.780227161806,0,1,37587.780227161806,0
n21_vd_1_vg_2p5,sentaurus,992,internal,2115,electron,992,995,992,992,0,0,1.3049449999999989e-07,3.6410840056203397e-10,1.2752369863257171,-7663158.2173961429,0.00043288596474609187,1.6656818146998376e-06,1.0003415494148185,0.99965852833814595,3.2289968433755926e+26,3.2311822701913856e+26,6492465263205030,5.4846438118162132e-07,1,-3.901466880110888e+22,-3.9014668801206104e+22,-3.9014668775699576e+22,24982055788836.125,25506527313920,0,-3.901466880110888e+22,-0.085204172312876067,-0.085204172257384664,0,0,-0.085204172312876067,0,1,-0.085204172312876067,0
n21_vd_1_vg_2p5,sentaurus,992,internal,2115,electron,992,995,992,995,0,1,1.3049449999999989e-07,3.6410840056203397e-10,1.2752369863257171,7663158.217396142,0.00043288596474609187,-1.6656818146998376e-06,1.0003415494148185,0.99965852833814595,3.2289968433755926e+26,3.2311822701913856e+26,6492465263205030,5.4846438118162132e-07,1,3.901441766133938e+22,3.9014417661437183e+22,3.9014417635930731e+22,-24982055788836.125,-25506451816448,0,3.901441766133938e+22,0.085203623848494531,0.085203623793004557,0,0,0.085203623848494531,0,1,0.085203623848494531,0
n21_vd_1_vg_2p5,sentaurus,995,internal,2085,electron,982,995,995,982,1,0,6.4696812499999939e-10,6.5247249999999943e-08,415.75103372607663,-1545671202.8896339,0.00043305062558427924,0.00063449962572903473,1.000679051937142,0.99932125533145222,3.2268315325083318e+26,3.2311822701913856e+26,3.7931765881566973e+20,0.032043640832803907,-1,-1.4102272382026383e+27,-1.4102272382061545e+27,-1.4102266781525715e+27,5.5577084602113393e+20,5.6005358305778493e+20,0,-1.4102272382026383e+27,3079.7966071856999,3079.7953840918262,0,0,3079.7966071856999,0,1,3079.7966071856999,0
n21_vd_1_vg_2p5,sentaurus,995,internal,2085,electron,982,995,995,995,1,1,6.4696812499999939e-10,6.5247249999999943e-08,415.75103372607663,1545671202.8896334,0.00043305062558427924,-0.00063449962572903473,1.000679051937142,0.99932125533145222,3.2268315325083318e+26,3.2311822701913856e+26,3.7931765881566973e+20,0.032043640832803907,-1,1.4102125655404845e+27,1.4102125655439848e+27,1.4102120054912825e+27,-5.5577084602113393e+20,-5.6005270234897108e+20,0,1.4102125655404845e+27,-3079.764563544863,-3079.7633404528779,0,0,-3079.764563544863,0,1,-3079.764563544863,0
n21_vd_1_vg_2p5,sentaurus,995,internal,2115,electron,992,995,995,992,1,0,1.3049449999999989e-07,3.6410840056203397e-10,1.2752369863257171,-7663158.2173961429,0.00043288596474609187,1.6656818146998376e-06,1.0003415494148185,0.99965852833814595,3.2289968433755926e+26,3.2311822701913856e+26,6492465263205030,5.4846438118162132e-07,-1,-3.901466880110888e+22,-3.9014668801206104e+22,-3.9014668775699576e+22,24982055788836.125,25506527313920,0,-3.901466880110888e+22,0.085204172312876067,0.085204172257384664,0,0,0.085204172312876067,0,1,0.085204172312876067,0
n21_vd_1_vg_2p5,sentaurus,995,internal,2115,electron,992,995,995,995,1,1,1.3049449999999989e-07,3.6410840056203397e-10,1.2752369863257171,7663158.217396142,0.00043288596474609187,-1.6656818146998376e-06,1.0003415494148185,0.99965852833814595,3.2289968433755926e+26,3.2311822701913856e+26,6492465263205030,5.4846438118162132e-07,-1,3.901441766133938e+22,3.9014417661437183e+22,3.9014417635930731e+22,-24982055788836.125,-25506451816448,0,3.901441766133938e+22,-0.085203623848494531,-0.085203623793004557,0,0,-0.085203623848494531,0,1,-0.085203623848494531,0
n21_vd_1_vg_2p5,sentaurus,995,contact_cut,2118,electron,994,995,995,994,1,0,8.1248676124068538e-11,6.5247249999999956e-08,415.86863248265155,4158686324.8265147,0.00043273200371777225,-0.001919353294965731,0.99995652305215488,1.0000434782080447,3.2314590268193468e+26,3.2311822701913856e+26,-3.7941757786175793e+20,-0.032052081700110757,-1,-1.1229093702935011e+28,-1.122909370296298e+28,-1.1229082607398045e+28,1.6828807945340636e+21,1.1095564935483802e+22,0,-1.1229093702935011e+28,24523.228421078202,24523.204189524462,0,1,24523.228421078202,0,1,24523.228421078202,0
n21_vd_1_vg_2p5,sentaurus,995,contact_cut,2118,electron,994,995,995,995,1,1,8.1248676124068538e-11,6.5247249999999956e-08,415.86863248265155,-4158686324.8265147,0.00043273200371777225,0.001919353294965731,0.99995652305215488,1.0000434782080447,3.2314590268193468e+26,3.2311822701913856e+26,-3.7941757786175793e+20,-0.032052081700110757,-1,1.1229108379462172e+28,1.1229108379490241e+28,1.1229097283893738e+28,-1.6828807945340636e+21,-1.1095596502462635e+22,0,1.1229108379462172e+28,-24523.260473159833,-24523.236241537372,0,0,-24523.260473159833,0,1,-24523.260473159833,0
n21_vd_1_vg_2p5,sentaurus,997,internal,2108,electron,990,997,997,990,1,0,8.1248676124068538e-11,3.8864649999999965e-08,16.160318825898798,-161603188.25898835,0.00043681224425999403,7.6220672884375062e-05,1.0000096930800435,0.99999030698259328,3.2036666822851697e+26,3.2037286267665836e+26,8.7892337046904269e+18,0.00074248862789047651,-1,-6.6939860896335878e+27,-6.693986089646772e+27,-6.6939781320013422e+27,1.5336596350325532e+18,7.9576454298102735e+21,0,-6.6939860896335878e+27,14619.002589736836,14618.985211056204,0,0,14619.002589736836,0,1,14619.002589736836,0
n21_vd_1_vg_2p5,sentaurus,997,internal,2108,electron,990,997,997,997,1,1,8.1248676124068538e-11,3.8864649999999965e-08,16.160318825898798,161603188.25898835,0.00043681224425999403,-7.6220672884375062e-05,1.0000096930800435,0.99999030698259328,3.2036666822851697e+26,3.2037286267665836e+26,8.7892337046904269e+18,0.00074248862789047651,-1,6.6939857496508244e+27,6.6939857496640801e+27,6.6939777920194826e+27,-1.5336596350325532e+18,-7.9576445974799712e+21,0,6.6939857496508244e+27,-14619.001847248155,-14618.984468569497,0,0,-14619.001847248155,0,1,-14619.001847248155,0
n21_vd_1_vg_2p5,sentaurus,997,contact_cut,2109,electron,996,997,997,996,1,0,1.8448199999999969e-08,4.0624338062034256e-11,49597.949560135763,54205830.379117966,0.0004360710922373618,-3.8114591927040919e-05,0.98151936556420294,1.0187111674760878,3.2094950642292356e+26,3.2037286267665836e+26,-2.8174172731540423e+19,-0.0023800712958886479,-1,-3.024998626999978e+22,-3.024998627016704e+22,-3.0247523719659523e+22,2.4625505236657869e+18,2.4625505075168543e+18,0,-3.024998626999978e+22,0.066062973794562635,0.066057595828531712,0,1,0.066062973794562635,0,1,0.066062973794562635,0
n21_vd_1_vg_2p5,sentaurus,997,contact_cut,2109,electron,996,997,997,997,1,1,1.8448199999999969e-08,4.0624338062034256e-11,49597.949560135763,-54205830.379089549,0.0004360710922373618,3.8114591927040919e-05,0.98151936556420294,1.0187111674760878,3.2094950642292356e+26,3.2037286267665836e+26,-2.8174172731540423e+19,-0.0023800712958886479,-1,3.1339811930075845e+22,3.1339811929600001e+22,3.1337349379071999e+22,-2.4625505236657869e+18,-2.462550528001835e+18,0,3.1339811930075845e+22,-0.068443045090451113,-0.068437667122970974,0,0,-0.068443045090451113,0,1,-0.068443045090451113,0
n21_vd_1_vg_2p5,sentaurus,997,internal,2274,electron,997,1054,997,997,0,0,5.9281099999999972e-08,4.0624338062034256e-11,34041.530028173438,16868782.799235761,0.0004611875597935435,-1.2811617100538797e-05,0.91138053426473453,1.0941860062077262,3.2037286267665836e+26,2.8851310656750992e+26,-1.936820168395067e+19,-0.0016361687464685596,1,-9.2279046468797632e+21,-9.22790464659456e+21,-9.2273666051686405e+21,5.380413643678265e+17,5.3804142591947571e+17,0,-9.2279046468797632e+21,-0.020152829737649498,-0.020151654707844691,0,0,-0.020152829737649498,0,1,-0.020152829737649498,0
n21_vd_1_vg_2p5,sentaurus,997,internal,2274,electron,997,1054,997,1054,0,1,5.9281099999999972e-08,4.0624338062034256e-11,34041.530028173438,-16868782.799207337,0.0004611875597935435,1.2811617100538797e-05,0.91138053426473453,1.0941860062077262,3.2037286267665836e+26,2.8851310656750992e+26,-1.936820168395067e+19,-0.0016361687464685596,1,9.977100138290585e+21,9.9771001382297613e+21,9.9765620968038397e+21,-5.380413643678265e+17,-5.3804142592157286e+17,0,9.977100138290585e+21,0.021788998484118086,0.021787823454803297,0,0,0.021788998484118086,0,1,0.021788998484118086,0
