state,device,drain_voltage_V,gate_voltage_V,variant,node_id,x_um,y_um,contact_edge_count,internal_edge_count,raw_contact_edge_flux,raw_internal_edge_flux,raw_total_edge_flux,raw_contact_edge_flux_abs_sum,raw_internal_edge_flux_abs_sum,raw_flux_condition_number,raw_srh_recombination,raw_impact,raw_gauge,raw_boundary,raw_source_sum,raw_electron_residual,raw_edge_flux_closure,raw_term_sum_closure,continuity_row_weight,production_electron_residual,production_electron_diagonal,production_electron_row_abs_sum,production_psi_column_abs_sum,production_phin_column_abs_sum,production_phip_column_abs_sum,production_contact_column_abs_sum,production_free_column_abs_sum,production_psi_contact_column_abs_sum,production_psi_free_column_abs_sum,production_phin_contact_column_abs_sum,production_phin_free_column_abs_sum,production_phip_contact_column_abs_sum,production_phip_free_column_abs_sum,exact_jacobian_partition_sum,exact_jacobian_partition_relative_error,edge_projection_transport_phin_column_abs_sum,edge_projection_transport_contact_phin_column_abs_sum,edge_projection_transport_free_phin_column_abs_sum
n17_vd_0p05_vg_0,n17,0.05,0.0,baseline,991,0.0038818087500000001,0.28155180000000002,1,5,0.0,4.669554951279271e-13,4.669554951279271e-13,0.0,2.539732102374774e-12,5.438916832275395,-1.17041361538968e-19,0.0,0.0,0.0,-1.17041361538968e-19,4.669553780865656e-13,-1.0097419586828951e-28,-1.0097419586828951e-28,1.0,4.669553780865656e-13,-142906.51226358445,285813.0245271573,2.773722342838257e-12,285813.0245271573,1.53827426691988e-19,1.283549223001718e-16,285813.0245271573,1.283549223001718e-16,2.773593987915957e-12,0.0,285813.0245271573,0.0,1.53827426691988e-19,285813.0245271573,0.0,32909.632260430095,0,32909.632260430095
n17_vd_0p05_vg_0,n17,0.05,0.0,baseline,992,0.0038818087500000001,0.29999999999999999,2,4,1.2864744060055927e-08,-8.959940690820577e-11,1.2775144653147721e-08,1.2864744060055927e-08,8.974537391852808e-11,1.0140385714366487,-6.911255755411813e-22,0.0,0.0,0.0,-6.911255755411813e-22,1.277514465314703e-08,0.0,0.0,1.0,1.277514465314703e-08,-161821.53422899533,323643.06845798396,2.3979257614424166e-08,323643.06845796,2.2879279245067117e-19,143765.89728669534,179877.17117128862,1.1988571346994465e-08,1.1990686267429701e-08,143765.89728668335,179877.17117127663,0.0,2.2879279245067117e-19,323643.06845798396,0.0,37235.67014075228,16539.88775989299,20695.782380859288
n17_vd_0p05_vg_0,n17,0.05,0.0,baseline,993,0.0038818087500000001,0.3695055000000001,2,4,1.2146687107025782e-08,-2.746114243830398e-11,1.2119225964587478e-08,1.2146687107025782e-08,2.747334517672993e-11,1.0045328379696485,-8.71339606225813e-22,0.0,0.0,0.0,-8.71339606225813e-22,1.2119225964586608e-08,-1.6543612251060553e-24,-1.6543612251060553e-24,1.0,1.2119225964586608e-08,-368694.1535492488,737388.3070984803,2.2645368110847632e-08,737388.3070984577,5.672006644954064e-19,327567.75794961595,409820.54914886446,1.1322820017861889e-08,1.1322548092985745e-08,327567.7579496046,409820.5491488531,0.0,5.672006644954064e-19,737388.3070984804,1.578751937157951e-16,84610.19747712478,37584.715504286694,47025.48197283808
n17_vd_0p05_vg_0,n17,0.05,0.0,baseline,996,0.0038818087500000001,0.5,1,3,6.170842957244643e-09,-6.101369212975449e-15,6.1708368558754296e-09,6.170842957244643e-09,6.101369212975449e-15,1.0000019774851794,-7.338077816340297e-22,0.0,0.0,0.0,-7.338077816340297e-22,6.170836855874696e-09,0.0,0.0,1.0,6.170836855874696e-09,-240616.18888951858,481232.3777790248,1.1504714248110036e-08,481232.37777901336,5.061413703214037e-19,213776.96974999362,267455.40802903124,5.752424315658149e-09,5.752289932451887e-09,213776.96974998785,267455.4080290255,0.0,5.061413703214037e-19,481232.3777790248,0.0,55201.62053319259,24521.186956151883,30680.433577040705
n17_vd_0p05_vg_0,n17,0.05,0.0,baseline,998,0.0038005589949116165,0.28155180000000002,1,3,2.200660537978697e-13,-1.1563311913228332e-13,1.0443293466558639e-13,2.200660537978697e-13,1.1563311913228332e-13,3.2144952548266885,-1.3508148139674797e-20,0.0,0.0,0.0,-1.3508148139674797e-20,1.0443292115743823e-13,1.262177448353619e-29,1.262177448353619e-29,1.0,1.0443292115743822e-13,-126959.41016946775,253918.8203389344,4.069881628096004e-13,253918.8203389344,1.7753866284662938e-20,0.5847135095938888,253918.2356254248,2.0514153362329204e-13,2.018466291863083e-13,0.5847135095936836,253918.2356254248,0.0,1.7753866284662938e-20,253918.8203389344,0.0,29236.311885048766,0.06728880009325248,29236.244596248674
n17_vd_0p05_vg_0,n17,0.05,0.0,sentaurus,991,0.0038818087500000001,0.28155180000000002,1,5,0.0,9.13289304007378e-10,9.13289304007378e-10,0.0,9.151874387159421e-10,1.0020783498725272,-1.171692365501277e-19,0.0,0.0,0.0,-1.171692365501277e-19,9.132893038902089e-10,-1.0339757656912846e-25,-1.0339757656912846e-25,1.0,9.132893038902087e-10,-142903.0313832533,285806.0627664955,1.703958838825518e-09,285806.06276649376,1.5370324799543718e-19,1.2216216062183287e-16,285806.0627664955,1.2216216062183287e-16,1.7039587166633576e-09,0.0,285806.06276649376,0.0,1.5370324799543718e-19,285806.06276649545,2.0366139314904336e-16,32909.20224354412,0,32909.20224354412
n17_vd_0p05_vg_0,n17,0.05,0.0,sentaurus,992,0.0038818087500000001,0.29999999999999999,2,4,-7.342229560723429e-10,3.067077392416344e-11,-7.035521821481795e-10,7.342229560723429e-10,3.3512214711192695e-11,1.0912270479204313,-3.933960704481249e-22,0.0,0.0,0.0,-3.933960704481249e-22,-7.035521821485728e-10,-1.0339757656912846e-25,-1.0339757656912846e-25,1.0,-7.035521821485728e-10,-161823.0526925643,323646.1053851235,1.3711876104678883e-09,323646.1053851221,2.290890054937206e-19,143767.22757873416,179878.87780638936,6.84216819599152e-10,6.869707908687363e-10,143767.22757873347,179878.87780638866,0.0,2.290890054937206e-19,323646.1053851235,0.0,37235.85754241312,16539.96984374612,20695.887698667004
n17_vd_0p05_vg_0,n17,0.05,0.0,sentaurus,993,0.0038818087500000001,0.3695055000000001,2,4,-5.818817547813866e-10,-4.748790586712697e-10,-1.0567608134526563e-09,5.818817547813866e-10,4.748790586712697e-10,1.0,-6.09862714313399e-22,0.0,0.0,0.0,-6.09862714313399e-22,-1.0567608134532661e-09,0.0,0.0,1.0,-1.0567608134532661e-09,-368697.0475078957,737394.0950157763,1.9701240466149696e-09,737394.0950157742,5.674592844818166e-19,327570.30704190274,409823.78797387355,5.42414720332404e-10,1.4277093262825655e-09,327570.3070419022,409823.7879738721,0.0,5.674592844818166e-19,737394.0950157762,1.578739545296252e-16,84610.5537073411,37584.87238801432,47025.68131932678
n17_vd_0p05_vg_0,n17,0.05,0.0,sentaurus,996,0.0038818087500000001,0.5,1,3,-1.6139151680887416e-09,-1.1917520211896747e-10,-1.733090370207709e-09,1.6139151680887416e-09,1.1919828845189733e-10,1.0000133209054338,-5.244795085053224e-22,0.0,0.0,0.0,-5.244795085053224e-22,-1.7330903702082337e-09,2.0679515313825692e-25,2.0679515313825692e-25,1.0,-1.7330903702082337e-09,-240616.4987040998,481232.99740819435,3.231132226320375e-09,481232.99740819115,5.063515741166279e-19,213777.286943224,267455.7104649704,1.5044835681663066e-09,1.7266486581540688e-09,213777.28694322248,267455.71046496864,0.0,5.063515741166279e-19,481232.99740819435,0.0,55201.65865671285,24521.206469974513,30680.452186738334
n17_vd_0p05_vg_0,n17,0.05,0.0,sentaurus,998,0.0038005589949116165,0.28155180000000002,1,3,1.5151297286320366e-13,-8.739930713693225e-10,-8.738415583964593e-10,1.5151297286320366e-13,8.739930713693225e-10,1.0003467744728032,-1.3522910504298409e-20,0.0,0.0,0.0,-1.3522910504298409e-20,-8.738415584099822e-10,0.0,0.0,1.0,-8.738415584099822e-10,-126956.11928790109,253912.23857580396,1.6289754570684708e-09,253912.23857580233,1.773954692027237e-20,0.5847075996014082,253911.65386820436,1.412379307086241e-13,1.6288342191377623e-09,0.584707599601267,253911.65386820273,0.0,1.773954692027237e-20,253912.23857580396,0.0,29235.90534639699,0.0672883662962314,29235.838058030695
n17_vd_0p05_vg_0p05,n17,0.05,0.05,baseline,991,0.0038818087500000001,0.28155180000000002,1,5,0.0,1.826885114584663e-12,1.826885114584663e-12,0.0,9.341144127222347e-12,5.113153559930357,-1.1683553134200015e-19,0.0,0.0,0.0,-1.1683553134200015e-19,1.8268849977491313e-12,0.0,0.0,1.0,1.8268849977491313e-12,-142906.512263584,285813.02452715643,1.0305253901302378e-11,285813.02452715643,1.5403325688895589e-19,4.76761540462642e-16,285813.02452715643,4.76761540462642e-16,1.0304777139761915e-11,0.0,285813.02452715643,0.0,1.5403325688895589e-19,285813.02452715643,0.0,32909.63226043009,0,32909.63226043009
n17_vd_0p05_vg_0p05,n17,0.05,0.05,baseline,992,0.0038818087500000001,0.29999999999999999,2,4,3.511468602000351e-10,-3.5825710855793696e-10,-7.110248357901848e-12,3.511468602000351e-10,3.582632936007473e-10,99.77290779335324,-4.133684629196444e-22,0.0,0.0,0.0,-4.133684629196444e-22,-7.110248358315252e-12,3.6350710512584224e-26,3.6350710512584224e-26,1.0,-7.110248358315252e-12,-161821.53422898013,323643.0684579535,6.677066897713084e-10,323643.0684579528,2.290705495633074e-19,143765.89728669278,179877.17117126074,3.2723194916622435e-10,3.4047474060508415e-10,143765.89728669246,179877.1711712604,0.0,2.290705495633074e-19,323643.0684579535,0.0,37235.670140751194,16539.887759893234,20695.78238085796
n17_vd_0p05_vg_0p05,n17,0.05,0.05,baseline,993,0.0038818087500000001,0.3695055000000001,2,4,7.273465333548363e-11,-8.21857085265994e-11,-9.451055191115775e-12,7.273465333548363e-11,8.218603833034064e-11,16.391893659816265,-6.233873072747186e-22,0.0,0.0,0.0,-6.233873072747186e-22,-9.451055191739169e-12,6.462348535570529e-27,6.462348535570529e-27,1.0,-9.451055191739167e-12,-368694.1535492318,737388.3070984465,1.5321907298546733e-10,737388.3070984463,5.674486167943735e-19,327567.75794961123,409820.54914883524,6.780131746687443e-11,8.541775551859289e-11,327567.7579496112,409820.5491488351,0.0,5.674486167943735e-19,737388.3070984464,1.5787519371580238e-16,84610.19747712369,37584.71550428692,47025.48197283677
n17_vd_0p05_vg_0p05,n17,0.05,0.05,baseline,996,0.0038818087500000001,0.5,1,3,0.0,-1.7878181611367734e-11,-1.7878181611367734e-11,0.0,1.7878181611367734e-11,1.0,-5.325775927278539e-22,0.0,0.0,0.0,-5.325775927278539e-22,-1.787818161190031e-11,-3.2311742677852644e-27,-3.2311742677852644e-27,1.0,-1.787818161190031e-11,-240616.1888895108,481232.3777790105,3.3330676884207406e-11,481232.37777901045,5.06342600510321e-19,213776.96974999362,267455.40802901686,1.5250644880934786e-26,3.333067688420739e-11,213776.96974999362,267455.40802901686,0.0,5.06342600510321e-19,481232.3777790105,0.0,55201.62053319203,24521.18695615201,30680.433577040018
n17_vd_0p05_vg_0p05,n17,0.05,0.05,baseline,998,0.0038005589949116165,0.28155180000000002,1,3,6.244942293615028e-13,-4.1919481557315203e-13,2.0529941378835073e-13,6.244942293615028e-13,4.1919481557315203e-13,5.083740989200412,-1.3484392458160989e-20,0.0,0.0,0.0,-1.3484392458160989e-20,2.0529940030395823e-13,2.524354896707238e-29,2.524354896707238e-29,1.0,2.0529940030395826e-13,-126959.41016946732,253918.8203389335,1.1524213747011013e-12,253918.8203389335,1.7777621966176743e-20,0.5847135095938847,253918.2356254239,5.821420512252996e-13,5.702793234758016e-13,0.5847135095933026,253918.2356254239,0.0,1.7777621966176743e-20,253918.8203389335,0.0,29236.31188504875,0.06728880009322626,29236.24459624866
n17_vd_0p05_vg_0p05,n17,0.05,0.05,sentaurus,991,0.0038818087500000001,0.28155180000000002,1,5,0.0,9.462091820079791e-10,9.462091820079791e-10,0.0,9.5317540029867e-10,1.0073622391572101,-1.171604002519849e-19,0.0,0.0,0.0,-1.171604002519849e-19,9.462091818908187e-10,0.0,0.0,1.0,9.462091818908187e-10,-142903.03138325334,285806.06276649557,1.7699697898574653e-09,285806.0627664938,1.5371208429357898e-19,4.4242512686669617e-16,285806.06276649557,4.4242512686669617e-16,1.7699693474323384e-09,0.0,285806.0627664938,0.0,1.5371208429357898e-19,285806.06276649557,0.0,32909.20224354411,0,32909.20224354411
n17_vd_0p05_vg_0p05,n17,0.05,0.05,sentaurus,992,0.0038818087500000001,0.29999999999999999,2,4,-7.342229560723429e-10,-4.900504357448175e-10,-1.2242733918171603e-09,7.342229560723429e-10,4.901098127997628e-10,1.000048499832915,-3.933793542888282e-22,0.0,0.0,0.0,-3.933793542888282e-22,-1.2242733918175536e-09,0.0,0.0,1.0,-1.2242733918175538e-09,-161823.05269256394,323646.1053851247,2.282009897031339e-09,323646.1053851224,2.2908902220987985e-19,143767.22757873416,179878.87780639052,6.84216499336183e-10,1.5977933976951557e-09,143767.22757873347,179878.87780638895,0.0,2.2908902220987985e-19,323646.1053851247,0.0,37235.85754241313,16539.969843746112,20695.887698667015
n17_vd_0p05_vg_0p05,n17,0.05,0.05,sentaurus,993,0.0038818087500000001,0.3695055000000001,2,4,-5.818817547813866e-10,-4.748790586712697e-10,-1.0567608134526563e-09,5.818817547813866e-10,4.748790586712697e-10,1.0,-6.098589083498911e-22,0.0,0.0,0.0,-6.098589083498911e-22,-1.0567608134532661e-09,0.0,0.0,1.0,-1.0567608134532661e-09,-368697.04750789556,737394.0950157761,1.9701240466149696e-09,737394.0950157742,5.674592882877802e-19,327570.30704190274,409823.78797387343,5.424147203324068e-10,1.4277093262825628e-09,327570.3070419022,409823.787973872,0.0,5.674592882877802e-19,737394.0950157761,0.0,84610.55370734108,37584.87238801432,47025.681319326766
n17_vd_0p05_vg_0p05,n17,0.05,0.05,sentaurus,996,0.0038818087500000001,0.5,1,3,-1.6139151680887416e-09,-1.1917520211896747e-10,-1.733090370207709e-09,1.6139151680887416e-09,1.1919828845189733e-10,1.0000133209054338,-5.244790897882636e-22,0.0,0.0,0.0,-5.244790897882636e-22,-1.7330903702082337e-09,2.0679515313825692e-25,2.0679515313825692e-25,1.0,-1.7330903702082337e-09,-240616.4987040998,481232.99740819435,3.231132226320375e-09,481232.99740819115,5.063515745353449e-19,213777.286943224,267455.7104649704,1.5044835681663066e-09,1.7266486581540688e-09,213777.28694322248,267455.71046496864,0.0,5.063515745353449e-19,481232.99740819435,0.0,55201.65865671285,24521.206469974513,30680.452186738334
n17_vd_0p05_vg_0p05,n17,0.05,0.05,sentaurus,998,0.0038005589949116165,0.28155180000000002,1,3,5.669727099345342e-13,-9.02460681801818e-10,-9.018937090918834e-10,5.669727099345342e-13,9.02460681801818e-10,1.001257293856735,-1.3521890673578342e-20,0.0,0.0,0.0,-1.3521890673578342e-20,-9.018937091054055e-10,1.0339757656912846e-25,1.0339757656912846e-25,1.0,-9.018937091054055e-10,-126956.11928790108,253912.23857580405,1.682033588973295e-09,253912.23857580236,1.7740566750992544e-20,0.5847075996014042,253911.65386820445,5.285227449912096e-13,1.6815050662283038e-09,0.5847075996008756,253911.65386820276,0.0,1.7740566750992544e-20,253912.23857580405,0.0,29235.905346396983,0.06728836629620441,29235.838058030688
n17_vd_0p05_vg_0p8,n17,0.05,0.8,baseline,991,0.0038818087500000001,0.28155180000000002,1,5,0.0,-2.1755908184738822e-11,-2.1755908184738822e-11,0.0,0.002488067029905046,114362820.83826578,-1.1670276140994304e-19,0.0,0.0,0.0,-1.1670276140994304e-19,-2.1755908158645038e-11,-1.4279654457419862e-19,-1.4279654457419862e-19,1.0,-2.175590815864504e-11,-142906.19795917865,285812.3982334343,0.002317777566996801,285812.3959156567,1.5416602687606626e-19,1.0236021723344623e-07,285812.398233332,1.0236021723344623e-07,0.0023176752067795674,0.0,285812.3959156567,0.0,1.5416602687606626e-19,285812.39823343424,2.0365687868420216e-16,32909.6302968143,0,32909.6302968143
n17_vd_0p05_vg_0p8,n17,0.05,0.8,baseline,992,0.0038818087500000001,0.29999999999999999,2,4,0.07698751893499835,-0.07698751892448413,1.0514214499046659e-11,0.07698751893499835,0.07698887083412206,14644592782.759161,-4.130763101541919e-22,0.0,0.0,0.0,-4.130763101541919e-22,1.0514201679975188e-11,1.2818658394117752e-17,1.2818658394117752e-17,1.0,1.0514201679975188e-11,-161821.27712516268,323642.6977331024,0.14348623799968008,323642.5542468644,2.290708417486812e-19,143765.66847767544,179877.02925542698,0.07174421569780781,0.07174202230187225,143765.59673345974,179876.95751340466,0.0,2.290708417486812e-19,323642.6977331024,0.0,37235.66446563867,16539.880810003393,20695.783655635278
n17_vd_0p05_vg_0p8,n17,0.05,0.8,baseline,993,0.0038818087500000001,0.3695055000000001,2,4,0.016433211680968483,-0.01643321170610575,-2.5137267267716368e-11,0.016433211680968483,0.016433273754377087,1307480446.6735246,-6.233343032865089e-22,0.0,0.0,0.0,-6.233343032865089e-22,-2.5137265781029228e-11,-1.4873104751203147e-18,-1.4873104751203147e-18,1.0,-2.5137265781029228e-11,-368694.1145290552,737388.259693881,0.03063652497708901,737388.2290573561,5.674486698057564e-19,327567.72329598584,409820.53639789514,0.015318603792367222,0.015317921184721785,327567.70797738206,409820.52107997396,0.0,5.674486698057564e-19,737388.259693881,0.0,84610.19666424725,37584.714200872346,47025.48246337491
n17_vd_0p05_vg_0p8,n17,0.05,0.8,baseline,996,0.0038818087500000001,0.5,1,3,0.0017941385765979406,-0.0017941385016583904,7.49395502250283e-11,0.0017941385765979406,0.0017941385016583904,47882287.35669565,-5.325730134633054e-22,0.0,0.0,0.0,-5.325730134633054e-22,7.49395499554834e-11,2.6901231839325716e-19,2.6901231839325716e-19,1.0,7.49395499554834e-11,-240616.1853855328,481232.3741158623,0.003344889878142016,481232.37077097245,5.063426050905668e-19,213776.96663810383,267455.4074777585,0.0016724856490021513,0.0016724042291398646,213776.9649656182,267455.40580535424,0.0,5.063426050905668e-19,481232.3741158623,0.0,55201.6204602642,24521.186820895276,30680.433639368923
n17_vd_0p05_vg_0p8,n17,0.05,0.8,baseline,998,0.0038005589949116165,0.28155180000000002,1,3,0.0001342374195264163,-0.00013423740033683353,1.918958275701904e-11,0.0001342374195264163,0.00013423740033683353,13990654.370275395,-1.3469068970577838e-20,0.0,0.0,0.0,-1.3469068970577838e-20,1.9189582758120012e-11,-1.4570040088865724e-20,-1.4570040088865724e-20,1.0,1.9189582758120012e-11,-126959.13095040298,253918.26215046912,0.0002499631667555771,253918.26190050595,1.779294546009126e-20,0.5847117312457175,253917.67743873785,0.00012513089760455767,0.00012483226915101944,0.5845866003481129,253917.6773139056,0.0,1.779294546009126e-20,253918.2621504691,1.1461889432547825e-16,29236.310146677362,0.0672801311494281,29236.242866546214
n17_vd_0p05_vg_0p8,n17,0.05,0.8,sentaurus,991,0.0038818087500000001,0.28155180000000002,1,5,0.0,1.4961027638254567e-05,1.4961027638254567e-05,0.0,0.002322266404182761,155.22104900366915,-1.1704810999048293e-19,0.0,0.0,0.0,-1.1704810999048293e-19,1.4961027638254439e-05,1.1858461261560205e-20,1.1858461261560205e-20,1.0,1.496102763825444e-05,-142902.7396860031,285805.481499202,0.002157600064081263,285805.479341602,1.5382437456074518e-19,9.694841290603963e-08,285805.48149910505,9.694841290603963e-08,0.0021575031156683567,0.0,285805.479341602,0.0,1.5382437456074518e-19,285805.4814992021,2.0366180735280934e-16,32909.20041267221,0,32909.20041267221
n17_vd_0p05_vg_0p8,n17,0.05,0.8,sentaurus,992,0.0038818087500000001,0.29999999999999999,2,4,0.07250780372855732,-0.07248862284509434,1.9180883462976972e-05,0.07250780372855732,0.0724898939748513,7559.490050772887,-3.9315205759616827e-22,0.0,0.0,0.0,-3.9315205759616827e-22,1.918088346297661e-05,3.6253010142484055e-19,3.6253010142484055e-19,1.0,1.918088346297661e-05,-161822.8122130986,323645.7595146563,0.1351274668675037,323645.62438718945,2.2908924951870645e-19,143767.01354409114,179878.74597056519,0.06756953535749231,0.06755793151001141,143766.94597455577,179878.6784126337,0.0,2.2908924951870645e-19,323645.7595146563,0.0,37235.85223050122,16539.963312945758,20695.88891755547
n17_vd_0p05_vg_0p8,n17,0.05,0.8,sentaurus,993,0.0038818087500000001,0.3695055000000001,2,4,0.01572600803750564,-0.015721322312327726,4.6857251779150455e-06,0.01572600803750564,0.015721381320279285,6711.317493822316,-6.0981680288987405e-22,0.0,0.0,0.0,-6.0981680288987405e-22,4.68572517791666e-06,-1.6152918304139507e-18,-1.6152918304139507e-18,1.0,4.68572517791666e-06,-368697.01035403355,737394.0500114358,0.029312831316681987,737394.0206986044,5.674593303954924e-19,327570.2740407021,409823.7759707337,0.014659366279338002,0.014653465037343983,327570.2593813358,409823.7613172687,0.0,5.674593303954924e-19,737394.0500114359,1.5787396416492564e-16,84610.55293354102,37584.87114250791,47025.681791033116
n17_vd_0p05_vg_0p8,n17,0.05,0.8,sentaurus,996,0.0038818087500000001,0.5,1,3,0.00177013572278669,-0.0017691123854719,1.023337314789985e-06,0.00177013572278669,0.0017691123854719,3458.5351839583163,-5.24475451917979e-22,0.0,0.0,0.0,-5.24475451917979e-22,1.0233373147900578e-06,-7.326834993749698e-20,-7.326834993749698e-20,1.0,1.0233373147900575e-06,-240616.49525400568,481232.993805557,0.003299545658211814,481232.9905060113,5.063515781727255e-19,213777.28387803977,267455.7099275172,0.0016501115667279895,0.0016494340914838244,213777.2822279282,267455.7082780831,0.0,5.063515781727255e-19,481232.99380555697,1.2095525797839687e-16,55201.65858496027,24521.206336609393,30680.452248350874
n17_vd_0p05_vg_0p8,n17,0.05,0.8,sentaurus,998,0.0038005589949116165,0.28155180000000002,1,3,0.00012623821111118626,-0.0001242546030320051,1.9836080791811627e-06,0.00012623821111118626,0.0001242546030320051,126.2814044630204,-1.3508930821829472e-20,0.0,0.0,0.0,-1.3508930821829472e-20,1.983608079181156e-06,-6.776263578034403e-21,-6.776263578034403e-21,1.0,1.983608079181156e-06,-126955.86014358094,253911.72051618833,0.00023300296075800929,253911.72028318536,1.7753526603289317e-20,0.5847059378689118,253911.13581025047,0.00011767476928632728,0.00011532819147168202,0.5845882630996254,253911.13569492227,0.0,1.7753526603289317e-20,253911.72051618833,0.0,29235.903725666296,0.06728021672319245,29235.83644544957
n17_vd_0p05_vg_2p5,n17,0.05,2.5,baseline,991,0.0038818087500000001,0.28155180000000002,1,5,0.0,1.3328508869508982e-11,1.3328508869508982e-11,0.0,0.07559262666208247,5671499145.3404255,-1.1618222057058215e-19,0.0,0.0,0.0,-1.1618222057058215e-19,1.3328510400145899e-11,-1.6468191376836389e-18,-1.6468191376836389e-18,1.0,1.3328510400145899e-11,-142892.6282155526,285785.3267249117,0.07037440804522635,285785.25635050365,1.5468656934377048e-19,3.0124002166945684e-06,285785.3267218993,3.0124002166945684e-06,0.07037139564500966,0.0,285785.25635050365,0.0,1.5468656934377048e-19,285785.3267249117,0.0,32909.57384424555,0,32909.57384424555
n17_vd_0p05_vg_2p5,n17,0.05,2.5,baseline,992,0.0038818087500000001,0.29999999999999999,2,4,2.3379282347335084,-2.3379282347203594,1.3149037414450504e-11,2.3379282347335084,2.337969294846806,355607591810.60706,-4.1180352377624465e-22,0.0,0.0,0.0,-4.1180352377624465e-22,1.3149091306839446e-11,-5.3892800745432597e-17,-5.3892800745432597e-17,1.0,1.3149091306839446e-11,-161810.20727604683,323624.77163797314,4.357190352159121,323620.414447621,2.29072115492419e-19,143755.81648914333,179868.95514882982,2.1786282583727288,2.1785620937863914,143753.63786088495,179866.776586736,0.0,2.29072115492419e-19,323624.7716379731,1.7986157431292721e-16,37235.43028479426,16539.646633272474,20695.783651521782
n17_vd_0p05_vg_2p5,n17,0.05,2.5,baseline,993,0.0038818087500000001,0.3695055000000001,2,4,0.49844761603685356,-0.49844761601361315,2.3240409596780864e-11,0.49844761603685356,0.49844949820062656,42894989009.81353,-6.233606199300006e-22,0.0,0.0,0.0,-6.233606199300006e-22,2.3240463139534417e-11,-5.35433769136857e-17,-5.35433769136857e-17,1.0,2.3240463139534417e-11,-368692.43694875046,737385.8031312928,0.9292562738894247,737384.8738750189,5.674486437060086e-19,327566.23334864277,409819.5697826501,0.46463849201883084,0.46461778187059377,327565.76871015073,409819.10516486823,0.0,5.674486437060086e-19,737385.8031312928,0.0,84610.1617369087,37584.67104615526,47025.490690753446
n17_vd_0p05_vg_2p5,n17,0.05,2.5,baseline,996,0.0038818087500000001,0.5,1,3,0.05439719055298735,-0.05439719056704628,-1.4058934572069859e-11,0.05439719055298735,0.05439719056704628,7738451342.975141,-5.326133032237323e-22,0.0,0.0,0.0,-5.326133032237323e-22,-1.4058936645779776e-11,2.0731773030635098e-18,2.0731773030635098e-18,1.0,-1.4058936645779774e-11,-240616.03481240486,481232.17103732994,0.10141499632666784,481232.0696223336,5.063425648295469e-19,213776.83290331063,267455.3381340193,0.0507087303540891,0.05070626597257873,213776.78219458027,267455.2874277533,0.0,5.063425648295469e-19,481232.17103732994,0.0,55201.617327881155,24521.182413675808,30680.43491420535
n17_vd_0p05_vg_2p5,n17,0.05,2.5,baseline,998,0.0038005589949116165,0.28155180000000002,1,3,0.004079157556144581,-0.004079157566307174,-1.0162592989360064e-11,0.004079157556144581,0.004079157566307174,802778890.2884599,-1.3408991253931595e-20,0.0,0.0,0.0,-1.3408991253931595e-20,-1.016259356878001e-11,5.66010953490512e-19,5.66010953490512e-19,1.0,-1.0162593568780008e-11,-126947.07566884437,253894.15891957146,0.007590828019659066,253894.15132874344,1.7853023364006066e-20,0.5846356553453914,253893.57428391612,0.0037998876473293716,0.0037909403723296953,0.580835767698062,253893.57049297573,0.0,1.7853023364006066e-20,253894.15891957146,0.0,29236.260175047388,0.06703740612740824,29236.193137641258
n17_vd_0p05_vg_2p5,n17,0.05,2.5,sentaurus,991,0.0038818087500000001,0.28155180000000002,1,5,0.0,0.0004953684783277708,0.0004953684783277708,0.0,0.07689961319194559,155.23719525218434,-1.1651623602771253e-19,0.0,0.0,0.0,-1.1651623602771253e-19,0.0004953684783277725,-1.8431436932253575e-18,-1.8431436932253575e-18,1.0,0.0004953684783277725,-142888.8466948163,285777.7638877898,0.07150329480277451,285777.692384495,1.5435624871930893e-19,3.105055458347388e-06,285777.76388468477,3.105055458347388e-06,0.07150018974731616,0.0,285777.692384495,0.0,1.5435624871930893e-19,285777.7638877898,0.0,32909.142885963825,0,32909.142885963825
n17_vd_0p05_vg_2p5,n17,0.05,2.5,sentaurus,992,0.0038818087500000001,0.29999999999999999,2,4,2.399664328502382,-2.399005051347105,0.0006592771552771381,2.399664328502382,2.3990471273363165,7278.746756849903,-3.917009172981302e-22,0.0,0.0,0.0,-3.917009172981302e-22,0.0006592771552775303,-3.9215592578800695e-16,-3.9215592578800695e-16,1.0,0.0006592771552775303,-161811.39717732233,323627.2650262463,4.472007462147881,323622.79301878414,2.2909070102475937e-19,143756.85356155547,179870.4114646908,2.236153643430668,2.2358538187172132,143754.61740791204,179868.1756108721,0.0,2.2909070102475937e-19,323627.2650262463,0.0,37235.610809916165,16539.72210701953,20695.888702896635
n17_vd_0p05_vg_2p5,n17,0.05,2.5,sentaurus,993,0.0038818087500000001,0.3695055000000001,2,4,0.5196620462463029,-0.5195055759278007,0.00015647031850218873,0.5196620462463029,0.5195075260521033,6641.320745339124,-6.09805553655625e-22,0.0,0.0,0.0,-6.09805553655625e-22,0.00015647031850227197,-8.32396217925746e-17,-8.32396217925746e-17,1.0,0.00015647031850227197,-368695.2500057902,737391.4683303955,0.9686339463076155,737390.4996964491,5.674593417153671e-19,327568.71039735945,409822.75793303613,0.4844138784700309,0.48422006783758464,327568.225983481,409822.2737129683,0.0,5.674593417153671e-19,737391.4683303955,0.0,84610.51628978181,37584.82596802157,47025.690321760245
n17_vd_0p05_vg_2p5,n17,0.05,2.5,sentaurus,996,0.0038818087500000001,0.5,1,3,0.05846239161449935,-0.05842854264168764,3.384897281170918e-05,0.05846239161449935,0.05842854264168764,3453.3081670280876,-5.2450702285565125e-22,0.0,0.0,0.0,-5.2450702285565125e-22,3.384897281170783e-05,1.3484764520288461e-18,1.3484764520288461e-18,1.0,3.384897281170783e-05,-240616.33187482756,481232.7726581851,0.10897429898751781,481232.6636838861,5.063515465860958e-19,213777.13872875727,267455.63392942783,0.054498325413391786,0.05447597357412604,213777.08423043185,267455.57945345424,0.0,5.063515465860958e-19,481232.7726581851,0.0,55201.65518792176,24521.201577146592,30680.453610775166
n17_vd_0p05_vg_2p5,n17,0.05,2.5,sentaurus,998,0.0038005589949116165,0.28155180000000002,1,3,0.004181197909862018,-0.0041155219413538365,6.567596850818192e-05,0.004181197909862018,0.0041155219413538365,126.32809290330069,-1.344754502472612e-20,0.0,0.0,0.0,-1.344754502472612e-20,6.567596850818187e-05,4.0657581468206416e-20,4.0657581468206416e-20,1.0,6.567596850818187e-05,-126943.51741004166,253887.0424123447,0.007723753310758364,253887.03468859138,1.7814912419602406e-20,0.5846275772163703,253886.45778476747,0.0038948827274171162,0.0038288705833412484,0.5807326944889531,253886.4539558969,0.0,1.7814912419602406e-20,253887.0424123447,0.0,29235.85280650998,0.06703087408425834,29235.7857756359
n17_vd_1_vg_0,n17,1.0,0.0,baseline,991,0.0038818087500000001,0.28155180000000002,1,5,0.0,3.838881998988362e-12,3.838881998988362e-12,0.0,1.976780452505772e-11,5.149364979248388,-1.3378591536717202e-19,0.0,0.0,0.0,-1.3378591536717202e-19,3.838881865202448e-12,-8.077935669463161e-28,-8.077935669463161e-28,1.0,3.838881865202447e-12,-142906.5122635873,285813.02452716354,2.1782360423711818e-11,285813.0245271635,1.3708287286378206e-19,1.014121241477627e-15,285813.02452716354,1.014121241477627e-15,2.1781346302470342e-11,0.0,285813.0245271635,0.0,1.3708287286378206e-19,285813.0245271635,2.0365643241683473e-16,32909.63226043043,0,32909.63226043043
n17_vd_1_vg_0,n17,1.0,0.0,baseline,992,0.0038818087500000001,0.29999999999999999,2,4,1.3279735803928597e-08,-7.811994906234251e-10,1.2498536313305171e-08,1.3279735803928597e-08,7.813578277193679e-10,1.1250192245854735,-8.402084414366548e-22,0.0,0.0,0.0,-8.402084414366548e-22,1.2498536313304333e-08,-1.6543612251060553e-24,-1.6543612251060553e-24,1.0,1.2498536313304334e-08,-161821.534228994,323643.06845798204,2.4752560242097e-08,323643.06845795724,2.286437095847765e-19,143765.89728669377,179877.17117128824,1.2375292816598695e-08,1.2377267425498307e-08,143765.8972866814,179877.17117127587,0.0,2.286437095847765e-19,323643.06845798204,0.0,37235.6701407522,16539.88775989291,20695.782380859284
n17_vd_1_vg_0,n17,1.0,0.0,baseline,993,0.0038818087500000001,0.3695055000000001,2,4,1.1637544533677522e-08,-2.922793349132394e-10,1.1345265198764283e-08,1.1637544533677522e-08,2.9228988863295914e-10,1.0515253908396842,-1.0344851617139065e-21,0.0,0.0,0.0,-1.0344851617139065e-21,1.1345265198763248e-08,1.6543612251060553e-24,1.6543612251060553e-24,1.0,1.1345265198763248e-08,-368694.1535492528,737388.3070984863,2.1696065172888277e-08,737388.3070984647,5.670375189399202e-19,327567.7579496182,409820.5491488682,1.0848210766365736e-08,1.0847854406522543e-08,327567.7579496074,409820.5491488573,0.0,5.670375189399202e-19,737388.3070984863,0.0,84610.19747712497,37584.71550428684,47025.481972838126
n17_vd_1_vg_0,n17,1.0,0.0,baseline,996,0.0038818087500000001,0.5,1,3,6.075906911748712e-09,-5.276859859870702e-15,6.075901634888852e-09,6.075906911748712e-09,5.276859859870702e-15,1.000001736980016,-8.6794605852331e-22,0.0,0.0,0.0,-8.6794605852331e-22,6.0759016348879845e-09,0.0,0.0,1.0,6.0759016348879845e-09,-240616.1888895218,481232.37777903146,1.1327718649640209e-08,481232.3777790201,5.060072320445093e-19,213776.96974999664,267455.40802903485,5.663925482146697e-09,5.663793167493512e-09,213776.96974999097,267455.40802902915,0.0,5.060072320445093e-19,481232.37777903146,0.0,55201.62053319315,24521.18695615214,30680.433577041007
n17_vd_1_vg_0,n17,1.0,0.0,baseline,998,0.0038005589949116165,0.28155180000000002,1,3,1.371030990032749e-12,-8.88620119344328e-13,4.824108706884209e-13,1.371030990032749e-12,8.88620119344328e-13,4.684079996274667,-1.5440694700749556e-20,0.0,0.0,0.0,-1.5440694700749556e-20,4.824108552477261e-13,0.0,0.0,1.0,4.824108552477261e-13,-126959.41016947091,253918.82033894025,2.5309296910246633e-12,253918.82033894025,1.5821319723587732e-20,0.5847135095938917,253918.23562543065,1.2780499093482586e-12,1.2528797816764046e-12,0.5847135095926136,253918.23562543065,0.0,1.5821319723587732e-20,253918.82033894025,0.0,29236.311885049065,0.06728880009317839,29236.244596248973
n17_vd_1_vg_0,n17,1.0,0.0,sentaurus,991,0.0038818087500000001,0.28155180000000002,1,5,0.0,9.05818008089543e-10,9.05818008089543e-10,0.0,9.208156156633393e-10,1.0165569766110387,-1.3448328731173848e-19,0.0,0.0,0.0,-1.3448328731173848e-19,9.058180079550595e-10,2.0679515313825692e-25,2.0679515313825692e-25,1.0,9.058180079550595e-10,-142903.03138325489,285806.0627664996,1.7020641932239268e-09,285806.06276649784,1.3638919723382347e-19,9.734047686796481e-16,285806.0627664996,9.734047686796481e-16,1.702063219819158e-09,0.0,285806.06276649784,0.0,1.3638919723382347e-19,285806.0627664995,2.0366139314904047e-16,32909.202243544336,0,32909.202243544336
n17_vd_1_vg_0,n17,1.0,0.0,sentaurus,992,0.0038818087500000001,0.29999999999999999,2,4,3.0645827731714526e-09,-5.242138520385052e-10,2.5403689211329472e-09,3.0645827731714526e-09,5.242534367418022e-10,1.4127224514747705,-4.449334470189279e-22,0.0,0.0,0.0,-4.449334470189279e-22,2.5403689211325022e-09,0.0,0.0,1.0,2.5403689211325022e-09,-161823.0526925634,323646.1053851214,5.712071034300941e-09,323646.1053851157,2.2903746811714977e-19,143767.2275787302,179878.87780639122,2.855861124720931e-09,2.85620990958001e-09,143767.22757872735,179878.87780638834,0.0,2.2903746811714977e-19,323646.1053851214,0.0,37235.857542412756,16539.96984374572,20695.887698667033
n17_vd_1_vg_0,n17,1.0,0.0,sentaurus,993,0.0038818087500000001,0.3695055000000001,2,4,0.0,-2.9223296275226677e-10,-2.9223296275226677e-10,0.0,2.9223296275226677e-10,1.0,-6.895304777571108e-22,0.0,0.0,0.0,-6.895304777571108e-22,-2.9223296275295627e-10,0.0,0.0,1.0,-2.922329627529563e-10,-368697.047507909,737394.0950158001,5.448040097760457e-10,737394.0950157995,5.673796167183628e-19,327570.3070419134,409823.7879738867,8.963005258592673e-21,5.448040097670827e-10,327570.3070419134,409823.7879738861,0.0,5.673796167183628e-19,737394.0950158001,0.0,84610.55370734254,37584.87238801491,47025.68131932763
n17_vd_1_vg_0,n17,1.0,0.0,sentaurus,996,0.0038818087500000001,0.5,1,3,-1.5189789817305874e-09,5.721016542461619e-10,-9.468773274844255e-10,1.5189789817305874e-09,5.721016542461619e-10,2.208396563398699,-5.916411803433707e-22,0.0,0.0,0.0,-5.916411803433707e-22,-9.468773274850172e-10,0.0,0.0,1.0,-9.468773274850174e-10,-240616.49870410102,481232.9974081954,2.8317280972936407e-09,481232.9974081926,5.062844124447864e-19,213777.28694322536,267455.7104649701,1.4159845351623259e-09,1.4157435621313147e-09,213777.28694322394,267455.71046496864,0.0,5.062844124447864e-19,481232.9974081954,0.0,55201.658656712905,24521.206469974535,30680.45218673837
n17_vd_1_vg_0,n17,1.0,0.0,sentaurus,998,0.0038005589949116165,0.28155180000000002,1,3,1.2629976006968332e-12,-9.029163317992228e-10,-9.016533341985259e-10,1.2629976006968332e-12,9.029163317992228e-10,1.0028015148456575,-1.5521184887352864e-20,0.0,0.0,0.0,-1.5521184887352864e-20,-9.016533342140473e-10,1.0339757656912846e-25,1.0339757656912846e-25,1.0,-9.016533342140472e-10,-126956.11928790333,253912.23857580766,1.6828815862221488e-09,253912.23857580597,1.57412725372178e-20,0.5847075996013965,253911.65386820806,1.1773458358432728e-12,1.6817042403863053e-09,0.5847075996002191,253911.65386820637,0.0,1.57412725372178e-20,253912.23857580766,0.0,29235.90534639717,0.06728836629615909,29235.838058030873
n17_vd_1_vg_0p05,n17,1.0,0.05,baseline,991,0.0038818087500000001,0.28155180000000002,1,5,0.0,1.418842933526185e-11,1.418842933526185e-11,0.0,7.279141249465465e-11,5.130336189767638,-1.3431590685328175e-19,0.0,0.0,0.0,-1.3431590685328175e-19,1.4188429200945945e-11,-3.2311742677852644e-27,-3.2311742677852644e-27,1.0,1.4188429200945948e-11,-142906.51226358334,285813.0245271555,8.025924569229701e-11,285813.0245271554,1.3655288137767423e-19,3.736572864068045e-15,285813.0245271555,3.736572864068045e-15,8.025550911943295e-11,0.0,285813.0245271554,0.0,1.3655288137767423e-19,285813.02452715544,2.0365643241684044e-16,32909.632260430066,0,32909.632260430066
n17_vd_1_vg_0p05,n17,1.0,0.05,baseline,992,0.0038818087500000001,0.29999999999999999,2,4,3.0645544162911657e-09,-2.7366238383920756e-09,3.279305778990901e-10,3.0645544162911657e-09,2.736683214803054e-09,17.690444325930965,-4.727169098213026e-22,0.0,0.0,0.0,-4.727169098213026e-22,3.279305778986174e-10,-5.169878828456423e-26,-5.169878828456423e-26,1.0,3.2793057789861747e-10,-161821.53422897885,323643.0684579564,5.711300339699331e-09,323643.0684579507,2.290112011164057e-19,143765.89728669226,179877.1711712642,2.855840306379229e-09,2.855460033320102e-09,143765.8972866894,179877.17117126132,0.0,2.290112011164057e-19,323643.0684579564,0.0,37235.670140751274,16539.88775989315,20695.782380858123
n17_vd_1_vg_0p05,n17,1.0,0.05,baseline,993,0.0038818087500000001,0.3695055000000001,2,4,0.0,-5.844405746557212e-10,-5.844405746557212e-10,0.0,5.844405746557212e-10,1.0,-7.093966832374206e-22,0.0,0.0,0.0,-7.093966832374206e-22,-5.844405746564306e-10,0.0,0.0,1.0,-5.844405746564305e-10,-368694.1535492297,737388.3070984442,1.0895605584639108e-09,737388.307098443,5.67362607418413e-19,327567.7579496101,409820.549148834,1.3392623357679831e-20,1.0895605584505182e-09,327567.7579496101,409820.5491488329,0.0,5.67362607418413e-19,737388.3070984441,1.5787519371580287e-16,84610.19747712337,37584.715504286796,47025.48197283657
n17_vd_1_vg_0p05,n17,1.0,0.05,baseline,996,0.0038818087500000001,0.5,1,3,0.0,0.0,0.0,0.0,0.0,0.0,-6.052209212392855e-22,0.0,0.0,0.0,-6.052209212392855e-22,-6.052209212392855e-22,0.0,0.0,1.0,-6.052209212392855e-22,-240616.18888950936,481232.377779006,6.052209192488274e-22,481232.377779006,5.062699571818112e-19,213776.96974999056,267455.40802901547,0.0,6.052209192488274e-22,213776.96974999056,267455.40802901547,0.0,5.062699571818112e-19,481232.377779006,0.0,55201.62053319185,24521.186956151927,30680.433577039923
n17_vd_1_vg_0p05,n17,1.0,0.05,baseline,998,0.0038005589949116165,0.28155180000000002,1,3,4.865082694934279e-12,-3.2692600396421124e-12,1.5958226552921665e-12,4.865082694934279e-12,3.2692600396421124e-12,5.097272373970114,-1.5501863345914295e-20,0.0,0.0,0.0,-1.5501863345914295e-20,1.5958226397903026e-12,6.058451752097371e-28,6.058451752097371e-28,1.0,1.5958226397903024e-12,-126959.41016946732,253918.82033893306,8.977764519084885e-12,253918.82033893306,1.5760151078423324e-20,0.5847135095938767,253918.23562542346,4.5351407389313016e-12,4.442623780153584e-12,0.5847135095893415,253918.23562542346,0.0,1.5760151078423324e-20,253918.82033893306,0.0,29236.311885048755,0.06728880009295207,29236.244596248664
n17_vd_1_vg_0p05,n17,1.0,0.05,sentaurus,991,0.0038818087500000001,0.28155180000000002,1,5,0.0,-3.0324417410304046e-09,-3.0324417410304046e-09,0.0,3.114580556770766e-09,1.0270866920966637,-1.3447897016521348e-19,0.0,0.0,0.0,-1.3447897016521348e-19,-3.032441741164884e-09,4.1359030627651384e-25,4.1359030627651384e-25,1.0,-3.032441741164884e-09,-142903.03138325014,285806.0627665014,5.728430710556253e-09,285806.0627664956,1.3639351438035137e-19,3.555181169147718e-15,285806.0627665014,3.555181169147718e-15,5.728427155375085e-09,0.0,285806.0627664956,0.0,1.3639351438035137e-19,285806.06276650133,2.0366139314903917e-16,32909.20224354435,0,32909.20224354435
n17_vd_1_vg_0p05,n17,1.0,0.05,sentaurus,992,0.0038818087500000001,0.29999999999999999,2,4,3.0645827731714087e-09,-2.605994078734888e-09,4.585886944365207e-10,3.0645827731714087e-09,2.606033663438185e-09,12.365364662068743,-4.449254471385633e-22,0.0,0.0,0.0,-4.449254471385633e-22,4.5858869443607607e-10,-3.101927297073854e-25,-3.101927297073854e-25,1.0,4.5858869443607607e-10,-161823.05269255923,323646.1053851162,5.711377779021868e-09,323646.1053851105,2.290374761170318e-19,143767.22757872764,179878.87780638854,2.8558637064973325e-09,2.8555140725245357e-09,143767.2275787248,179878.87780638566,0.0,2.290374761170318e-19,323646.1053851162,0.0,37235.85754241255,16539.96984374563,20695.887698666917
n17_vd_1_vg_0p05,n17,1.0,0.05,sentaurus,993,0.0038818087500000001,0.3695055000000001,2,4,0.0,-2.9223296275226475e-10,-2.9223296275226475e-10,0.0,2.9223296275226475e-10,1.0,-6.895283979704753e-22,0.0,0.0,0.0,-6.895283979704753e-22,-2.922329627529542e-10,-5.169878828456423e-26,-5.169878828456423e-26,1.0,-2.9223296275295426e-10,-368697.0475079087,737394.0950157999,5.448040097408084e-10,737394.0950157992,5.673796187981494e-19,327570.3070419134,409823.7879738864,8.964207234157198e-21,5.448040097318443e-10,327570.3070419134,409823.78797388583,0.0,5.673796187981494e-19,737394.0950157997,1.5787395452962018e-16,84610.55370734251,37584.87238801491,47025.681319327596
n17_vd_1_vg_0p05,n17,1.0,0.05,sentaurus,996,0.0038818087500000001,0.5,1,3,-1.5189789817305874e-09,5.721016542461619e-10,-9.468773274844255e-10,1.5189789817305874e-09,5.721016542461619e-10,2.208396563398699,-5.91640889010484e-22,0.0,0.0,0.0,-5.91640889010484e-22,-9.468773274850172e-10,0.0,0.0,1.0,-9.468773274850174e-10,-240616.49870410102,481232.9974081954,2.8317280972936407e-09,481232.9974081926,5.062844127361191e-19,213777.28694322536,267455.7104649701,1.4159845351623259e-09,1.4157435621313147e-09,213777.28694322394,267455.71046496864,0.0,5.062844127361191e-19,481232.9974081954,0.0,55201.658656712905,24521.206469974535,30680.45218673837
n17_vd_1_vg_0p05,n17,1.0,0.05,sentaurus,998,0.0038005589949116165,0.28155180000000002,1,3,4.607448484121034e-12,2.703152209479357e-09,2.707759657963478e-09,4.607448484121034e-12,2.7092801512978026e-09,1.002263104038951,-1.552068662944736e-20,0.0,0.0,0.0,-1.552068662944736e-20,2.707759657947957e-09,0.0,0.0,1.0,2.707759657947957e-09,-126956.11928790579,253912.2385758092,5.052433621656611e-09,253912.23857580416,1.5741770795122757e-20,0.584707599601399,253911.6538682096,4.294988592213782e-12,5.048138633064397e-09,0.5847075995971039,253911.65386820456,0.0,1.5741770795122757e-20,253912.23857580923,1.1462161343610984e-16,29235.905346397212,0.06728836629594352,29235.838058030917
n17_vd_1_vg_0p8,n17,1.0,0.8,baseline,991,0.0038818087500000001,0.28155180000000002,1,5,0.0,-5.0676284484929904e-11,-5.0676284484929904e-11,0.0,0.009470242846041522,186877213.7163643,-1.3418785023378598e-19,0.0,0.0,0.0,-1.3418785023378598e-19,-5.067628508856735e-11,4.694495933223696e-19,4.694495933223696e-19,1.0,-5.067628508856735e-11,-142905.12821001787,285810.2652298437,0.008820042556721072,285810.25640980114,1.3668093820682575e-19,3.9072995221411086e-07,285810.265229453,3.9072995221411086e-07,0.008819651826768858,0.0,285810.25640980114,0.0,1.3668093820682575e-19,285810.2652298437,0.0,32909.62480167897,0,32909.62480167897
n17_vd_1_vg_0p8,n17,1.0,0.8,baseline,992,0.0038818087500000001,0.29999999999999999,2,4,0.29295873924130705,-0.29295873946683254,-2.2552548717413856e-10,0.29295873924130705,0.2929638857386264,2598032853.4996834,-4.724399440611984e-22,0.0,0.0,0.0,-4.724399440611984e-22,-2.2552551566308307e-10,2.848847206231283e-17,2.848847206231283e-17,1.0,-2.2552551566308305e-10,-161820.4024572609,323641.3509043418,0.5460029676271795,323640.80490137415,2.290114782062416e-19,143764.89005236432,179876.46085197743,0.2730056538897783,0.27299731373740116,143764.61704671042,179876.1878546637,0.0,2.290114782062416e-19,323641.3509043417,1.7985236049355065e-16,37235.64559030164,16539.859998192795,20695.785592108845
n17_vd_1_vg_0p8,n17,1.0,0.8,baseline,993,0.0038818087500000001,0.3695055000000001,2,4,0.062312442205944535,-0.06231244130331119,9.026333430695033e-10,0.062312442205944535,0.06231267693321102,138068375.26669934,-7.094673461846603e-22,0.0,0.0,0.0,-7.094673461846603e-22,9.026333393611505e-10,3.7076432253128794e-18,3.7076432253128794e-18,1.0,9.026333393611506e-10,-368693.98246198084,737388.081090532,0.11616939664812567,737387.9649211353,5.673625367835043e-19,327567.60600378364,409820.47508674825,0.05808599330626,0.05808340334186567,327567.54791779036,409820.4170033449,0.0,5.673625367835043e-19,737388.0810905319,1.5787524210422117e-16,84610.19391387921,37584.710348312175,47025.48356556703
n17_vd_1_vg_0p8,n17,1.0,0.8,baseline,996,0.0038818087500000001,0.5,1,3,0.006752531629816971,-0.006752531594816719,3.500025182873179e-11,0.006752531629816971,0.006752531594816719,385856172.9989427,-6.052999930438256e-22,0.0,0.0,0.0,-6.052999930438256e-22,3.500025207259534e-11,-2.4446885503008875e-19,-2.4446885503008875e-19,1.0,3.500025207259535e-11,-240616.1736527788,481232.3598942759,0.012589035885900513,481232.34730524,5.062698781136947e-19,213776.95621778685,267455.403676489,0.006294670930942946,0.006294364954957568,213776.94992311593,267455.3973821241,0.0,5.062698781136947e-19,481232.3598942759,0.0,55201.62021613512,24521.186428178804,30680.43378795631
n17_vd_1_vg_0p8,n17,1.0,0.8,baseline,998,0.0038005589949116165,0.28155180000000002,1,3,0.0005109469301895216,-0.0005109468290250166,1.0116450504995406e-10,0.0005109469301895216,0.0005109468290250166,10101307.357851818,-1.548708381708353e-20,0.0,0.0,0.0,-1.548708381708353e-20,1.0116450496284939e-10,7.16175817781767e-20,7.16175817781767e-20,1.0,1.0116450496284938e-10,-126958.18060368525,253916.3621576078,0.000951374160274874,253916.36120623365,1.5774930631365635e-20,0.5847057029141977,253915.7774519049,0.00047625492997222543,0.00047511923030264856,0.5842294479842254,253915.77697678565,0.0,1.5774930631365635e-20,253916.3621576078,0.0,29236.30528278388,0.06725610164511599,29236.238026682237
n17_vd_1_vg_0p8,n17,1.0,0.8,sentaurus,991,0.0038818087500000001,0.28155180000000002,1,5,0.0,5.813893793383076e-05,5.813893793383076e-05,0.0,0.009024476915377364,155.22259669841793,-1.3436863626976807e-19,0.0,0.0,0.0,-1.3436863626976807e-19,5.813893793383084e-05,-2.168404344971009e-19,-2.168404344971009e-19,1.0,5.813893793383085e-05,-142901.71665952998,285803.4415861215,0.008385170618448082,285803.4332009509,1.3650384829799108e-19,3.780027459877332e-07,285803.4415857435,3.780027459877332e-07,0.008384792615702092,0.0,285803.4332009509,0.0,1.3650384829799108e-19,285803.4415861215,0.0,32909.19514125151,0,32909.19514125151
n17_vd_1_vg_0p8,n17,1.0,0.8,sentaurus,992,0.0038818087500000001,0.29999999999999999,2,4,0.28166911864532745,-0.28159409819512143,7.502045020602033e-05,0.28166911864532745,0.28159903827060867,7508.194837129015,-4.446501614837195e-22,0.0,0.0,0.0,-4.446501614837195e-22,7.502045020596924e-05,5.1093027378379396e-17,5.1093027378379396e-17,1.0,7.502045020596924e-05,-161821.96954378387,323644.463860712,0.5249256053524772,323643.93893510674,2.290377514493381e-19,143766.263533159,179878.20032755303,0.2624847392506339,0.2624408661018433,143766.00104841977,179877.93788668694,0.0,2.290377514493381e-19,323644.4638607121,1.7985063059357143e-16,37235.83403737565,16539.94319612153,20695.890841254124
n17_vd_1_vg_0p8,n17,1.0,0.8,sentaurus,993,0.0038818087500000001,0.3695055000000001,2,4,0.06083820509245114,-0.06082003540540515,1.816968704599492e-05,0.06083820509245114,0.06082026408026844,6695.68324785959,-6.895072222733689e-22,0.0,0.0,0.0,-6.895072222733689e-22,1.8169687045999816e-05,-4.895850435129856e-18,-4.895850435129856e-18,1.0,1.8169687045999816e-05,-368696.8809375028,737393.8752390489,0.11340067351680189,737393.7618383754,5.673796399825288e-19,327570.1590872014,409823.71615184756,0.05671174501918735,0.05668892849761454,327570.10237545636,409823.65946291905,0.0,5.673796399825288e-19,737393.875239049,1.5787400158320435e-16,84610.55023894706,37584.86735869049,47025.682880256565
n17_vd_1_vg_0p8,n17,1.0,0.8,sentaurus,996,0.0038818087500000001,0.5,1,3,0.006791240671342165,-0.00678731772488142,3.9229464607448e-06,0.006791240671342165,0.00678731772488142,3461.316266255032,-5.916430396643357e-22,0.0,0.0,0.0,-5.916430396643357e-22,3.922946460745294e-06,-4.946672411965114e-19,-4.946672411965114e-19,1.0,3.922946460745294e-06,-240616.48337804625,481232.9794073803,0.012658921118471259,481232.96674845915,5.06284410583596e-19,213777.27332714596,267455.7060802343,0.006330760029866531,0.006328161088604727,213777.26699638594,267455.6997520732,0.0,5.06284410583596e-19,481232.9794073803,0.0,55201.65833800428,24521.205939021846,30680.452398982434
n17_vd_1_vg_0p8,n17,1.0,0.8,sentaurus,998,0.0038005589949116165,0.28155180000000002,1,3,0.0004905822952729935,-0.00048287525889511386,7.70703637787963e-06,0.0004905822952729935,0.00048287525889511386,126.30763713041227,-1.5507952548855155e-20,0.0,0.0,0.0,-1.5507952548855155e-20,7.707036377879607e-06,8.470329472543003e-21,8.470329472543003e-21,1.0,7.707036377879608e-06,-126954.95127934877,253909.90344876063,0.0009055094560516091,253909.90254325117,1.5754504877867544e-20,0.5847001355453207,253909.31874862508,0.000457275597733106,0.00044823385831850316,0.5842428599475876,253909.31830039123,0.0,1.5754504877867544e-20,253909.90344876063,0.0,29235.899060129916,0.0672569717408067,29235.831803158173
n17_vd_1_vg_2p5,n17,1.0,2.5,baseline,991,0.0038818087500000001,0.28155180000000002,1,5,0.0,-1.509885966255453e-10,-1.509885966255453e-10,0.0,0.45933398245999857,3042176645.9566207,-1.32331467083672e-19,0.0,0.0,0.0,-1.32331467083672e-19,-1.5098858142075937e-10,-1.5337117422068525e-17,-1.5337117422068525e-17,1.0,-1.5098858142075934e-10,-142803.69234414533,285607.81036557996,0.4261147014761386,285607.3842508785,1.3853733155451655e-19,1.6007064502779987e-05,285607.81034957286,1.6007064502779987e-05,0.42609869441163584,0.0,285607.3842508785,0.0,1.3853733155451655e-19,285607.81036557996,0.0,32909.31028804319,0,32909.31028804319
n17_vd_1_vg_2p5,n17,1.0,2.5,baseline,992,0.0038818087500000001,0.29999999999999999,2,4,14.204038615097257,-14.204038615165048,-6.779110606203176e-11,14.204038615097257,14.20428819462171,419056841818.2193,-4.670104457658124e-22,0.0,0.0,0.0,-4.670104457658124e-22,-6.77906495420265e-11,-4.565204722695927e-16,-4.565204722695927e-16,1.0,-6.779064954202651e-11,-161737.7558351049,323501.97835858574,26.467305647165404,323475.5110529385,2.290169135851218e-19,143691.33374749764,179810.64461108806,13.23321739618581,13.234088250979596,143678.10053010145,179797.41052283708,0.0,2.290169135851218e-19,323501.9783585857,1.7992984527886605e-16,37233.93182974743,16538.29710418951,20695.63472555792
n17_vd_1_vg_2p5,n17,1.0,2.5,baseline,993,0.0038818087500000001,0.3695055000000001,2,4,3.018106105227136,-3.0181061042022868,1.0248490944775313e-09,3.018106105227136,3.0181175179539026,5889865791.6640005,-7.104660907360316e-22,0.0,0.0,0.0,-7.104660907360316e-22,1.0248485014710948e-09,5.930057259249597e-16,5.930057259249597e-16,1.0,1.024848501471095e-09,-368681.50566515303,737368.6377619082,5.626567807527126,737363.0111941007,5.673615393693506e-19,327556.52442791214,409812.11333399604,2.813346676021332,2.813221131505795,327553.71108123614,409809.3001128645,0.0,5.673615393693506e-19,737368.6377619082,0.0,84609.93419930652,37584.42548576506,47025.50871354146
n17_vd_1_vg_2p5,n17,1.0,2.5,baseline,996,0.0038818087500000001,0.5,1,3,0.3269296242301838,-0.3269296243334868,-1.033030327945994e-10,0.3269296242301838,0.3269296243334868,6329526160.802647,-6.057020805652682e-22,0.0,0.0,0.0,-6.057020805652682e-22,-1.0330298241150741e-10,-5.038369769508803e-17,-5.038369769508803e-17,1.0,-1.0330298241150742e-10,-240615.06300495024,481230.7355025456,0.6095074694483837,481230.12599507615,5.062694762011013e-19,213775.9697433418,267454.7657592038,0.30476114102633756,0.30474632842204624,213775.66498220077,267454.4610128754,0.0,5.062694762011013e-19,481230.73550254566,1.2095582559306312e-16,55201.59711531341,24521.15781062895,30680.439304684456
n17_vd_1_vg_2p5,n17,1.0,2.5,baseline,998,0.0038005589949116165,0.28155180000000002,1,3,0.024787954986245204,-0.024787954815915263,1.703299411237591e-10,0.024787954986245204,0.024787954815915263,291058104.49461365,-1.5272830542064706e-20,0.0,0.0,0.0,-1.5272830542064706e-20,1.703299418159714e-10,-7.074851222241611e-19,-7.074851222241611e-19,1.0,1.703299418159714e-10,-126868.06362329632,253736.17318156332,0.04598346081234143,253736.12719810248,1.598918507916876e-20,0.5841391535227589,253735.5890424098,0.023007700303099354,0.022975760509242073,0.5611314532196595,253735.56606664928,0.0,1.598918507916876e-20,253736.1731815633,1.1470114840861962e-16,29236.02659463434,0.06582058019215985,29235.960774054147
n17_vd_1_vg_2p5,n17,1.0,2.5,sentaurus,991,0.0038818087500000001,0.28155180000000002,1,5,0.0,0.002921966529055322,0.002921966529055322,0.0,0.4540247201841358,155.38327207701553,-1.325338744836283e-19,0.0,0.0,0.0,-1.325338744836283e-19,0.002921966529055335,-1.3010426069826053e-17,-1.3010426069826053e-17,1.0,0.002921966529055335,-142801.2715483349,285602.96110904054,0.4238875341856324,285602.5372215063,1.3833861144205118e-19,1.6024407326015102e-05,285602.9610930161,1.6024407326015102e-05,0.42387150977830634,0.0,285602.5372215063,0.0,1.3833861144205118e-19,285602.9611090405,2.0380622346294325e-16,32908.88400050235,0,32908.88400050235
n17_vd_1_vg_2p5,n17,1.0,2.5,sentaurus,992,0.0038818087500000001,0.29999999999999999,2,4,14.165382084185495,-14.161101950773817,0.004280133411677767,14.165382084185495,14.161350464785741,6618.189160105516,-4.3804251261761595e-22,0.0,0.0,0.0,-4.3804251261761595e-22,0.004280133411677362,4.0505793164058446e-16,4.0505793164058446e-16,1.0,0.004280133411677362,-161739.55238467507,323505.4914613039,26.395280457724688,323479.0961808461,2.290443608952527e-19,143692.90590904263,179812.58555226124,13.197205614209935,13.198074843514751,143679.70870342842,179799.3874774177,0.0,2.290443608952527e-19,323505.49146130384,1.7992789133358473e-16,37234.12495369592,16538.3839500937,20695.741003602223
n17_vd_1_vg_2p5,n17,1.0,2.5,sentaurus,993,0.0038818087500000001,0.3695055000000001,2,4,3.0553520307098476,-3.054399606003646,0.0009524247062016045,3.0553520307098476,3.054411091612857,6414.956565636822,-6.902001311648657e-22,0.0,0.0,0.0,-6.902001311648657e-22,0.0009524247062021931,-5.886133594423804e-16,-5.886133594423804e-16,1.0,0.0009524247062021931,-368684.2283619215,737374.1498359276,5.695025410607109,737368.454810517,5.673789474604651e-19,327558.92017098324,409815.22966494446,2.8480647730481836,2.8469606375589254,327556.07210621017,409812.38270430686,0.0,5.673789474604651e-19,737374.1498359276,0.0,84610.28690670678,37584.57866610142,47025.70824060536
n17_vd_1_vg_2p5,n17,1.0,2.5,sentaurus,996,0.0038818087500000001,0.5,1,3,0.34088536921250334,-0.34068733708531934,0.0001980321271840002,0.34088536921250334,0.34068733708531934,3441.7279458122675,-5.919772712895255e-22,0.0,0.0,0.0,-5.919772712895255e-22,0.0001980321271839596,4.060337135958214e-17,4.060337135958214e-17,1.0,0.0001980321271839596,-240615.31981145195,481231.2746501205,0.6354118907050974,481230.63923822984,5.0628407625857845e-19,213776.2395977577,267455.03505236283,0.31777077373010937,0.31764111697498804,213775.92182698398,267454.71741124586,0.0,5.0628407625857845e-19,481231.2746501205,0.0,55201.63414677222,24521.17603765787,30680.458109114355
n17_vd_1_vg_2p5,n17,1.0,2.5,sentaurus,998,0.0038005589949116165,0.28155180000000002,1,3,0.024687532803136427,-0.0243002495578157,0.0003872832453207277,0.024687532803136427,0.0243002495578157,126.49083830203656,-1.5296194200300735e-20,0.0,0.0,0.0,-1.5296194200300735e-20,0.00038728324532072986,-2.168404344971009e-18,-2.168404344971009e-18,1.0,0.00038728324532072986,-126865.71288145143,253731.47078911948,0.045795582294371646,253731.4249935372,1.596626336297308e-20,0.5841357691344196,253730.88665335032,0.022914946967303552,0.02288063532706809,0.561220822167116,253730.863772715,0.0,1.596626336297308e-20,253731.47078911946,1.147032741591696e-16,29235.62338077843,0.06582602607529194,29235.557554752355
n21_vd_0p05_vg_0,n21,0.05,0.0,baseline,990,0.0038818087500000001,0.28155180000000002,1,5,0.0,-1.8086636512318525e-14,-1.8086636512318525e-14,0.0,4.3681290740099675e-14,2.4151140932339206,-1.1707621933925314e-19,0.0,0.0,0.0,-1.1707621933925314e-19,-1.8086753588537866e-14,3.1554436208840472e-30,3.1554436208840472e-30,1.0,-1.8086753588537866e-14,-142886.04832031834,285772.09664062614,5.751158341121443e-14,285772.09664062614,1.5400300015903433e-19,1.09620988684816e-18,285772.09664062614,1.09620988684816e-18,5.75104872013276e-14,0.0,285772.09664062614,0.0,1.5400300015903433e-19,285772.09664062614,0.0,32912.43187137824,0,32912.43187137824
n21_vd_0p05_vg_0,n21,0.05,0.0,baseline,991,0.0038818087500000001,0.29999999999999999,2,4,1.2479833081329833e-08,4.065425816084312e-12,1.2483898507145918e-08,1.2479833081329833e-08,4.091020470312093e-12,1.0000020502132578,-7.182665810632796e-22,0.0,0.0,0.0,-7.182665810632796e-22,1.24838985071452e-08,0.0,0.0,1.0,1.24838985071452e-08,-161797.72040375875,323595.4408075105,2.326902735118199e-08,323595.44080748723,2.2894394813238016e-19,143744.6845642869,179850.75624322364,1.1629732491458645e-08,1.1639294859723347e-08,143744.68456427526,179850.756243212,0.0,2.2894394813238016e-19,323595.4408075105,0.0,37238.764117709994,16541.270224650416,20697.493893059578
n21_vd_0p05_vg_0,n21,0.05,0.0,baseline,992,0.0038818087500000001,0.3695055000000001,2,4,1.1708544639450701e-08,-9.195447218427665e-12,1.1699349192232274e-08,1.1708544639450701e-08,9.206988480337044e-12,1.0015729452464743,-8.903693080585536e-22,0.0,0.0,0.0,-8.903693080585536e-22,1.1699349192231386e-08,-1.6543612251060553e-24,-1.6543612251060553e-24,1.0,1.1699349192231384e-08,-368639.69400917465,737279.3880183331,2.1828277166093993e-08,737279.3880183112,5.676222637575557e-19,327519.2380256266,409760.14999270655,1.0914264390860578e-08,1.0914012775233415e-08,327519.23802561563,409760.1499926956,0.0,5.676222637575557e-19,737279.3880183331,0.0,84617.24911808915,37587.86590931117,47029.38320877799
n21_vd_0p05_vg_0,n21,0.05,0.0,baseline,995,0.0038818087500000001,0.5,1,3,5.9800797508326675e-09,-5.770630954689837e-15,5.9800739802017125e-09,5.9800797508326675e-09,5.770630954689837e-15,1.000001929953032,-7.491169077594388e-22,0.0,0.0,0.0,-7.491169077594388e-22,5.980073980200963e-09,0.0,0.0,1.0,5.980073980200962e-09,-240580.44146771362,481160.882935415,1.1148930136209099e-08,481160.88293540385,5.065203243579181e-19,213745.118741448,267415.76419396704,5.5745291395468135e-09,5.574400996662286e-09,213745.11874144242,267415.76419396146,0.0,5.065203243579181e-19,481160.882935415,0.0,55206.199102349194,24523.232371882143,30682.966730467047
n21_vd_0p05_vg_0,n21,0.05,0.0,baseline,997,0.0038005600738759316,0.28155180000000002,1,3,5.2183637484195496e-14,-3.445779476126966e-15,4.873785800806853e-14,5.2183637484195496e-14,3.445779476126966e-15,1.1414005299763694,-1.3512015778271975e-20,0.0,0.0,0.0,-1.3512015778271975e-20,4.873784449605276e-14,-6.310887241768095e-30,-6.310887241768095e-30,1.0,4.873784449605276e-14,-126941.21715588673,253882.4343117715,9.716835292224275e-14,253882.4343117715,1.777392701747447e-20,0.5846124640235965,253881.8496993075,4.86440344744305e-14,4.8524318447812257e-14,0.5846124640235478,253881.8496993075,0.0,1.777392701747447e-20,253882.43431177153,1.14635069321077e-16,29238.81794744417,0.06729269384735184,29238.75065475032
n21_vd_0p05_vg_0,n21,0.05,0.0,sentaurus,990,0.0038818087500000001,0.28155180000000002,1,5,0.0,1.04290114053933e-09,1.04290114053933e-09,0.0,1.042994149460288e-09,1.000089182873949,-1.1809792928803756e-19,0.0,0.0,0.0,-1.1809792928803756e-19,1.042901140421232e-09,0.0,0.0,1.0,1.0429011404212321e-09,-142882.65468440315,285765.3093687952,1.943854704690365e-09,285765.3093687932,1.5298489766578213e-19,6.523089525011627e-18,285765.3093687952,6.523089525011627e-18,1.9438546981672754e-09,0.0,285765.3093687932,0.0,1.5298489766578213e-19,285765.30936879513,2.036904375903352e-16,32912.01253198183,0,32912.01253198183
n21_vd_0p05_vg_0,n21,0.05,0.0,sentaurus,991,0.0038818087500000001,0.29999999999999999,2,4,-5.745244494211957e-10,1.4418604160654836e-10,-4.303384078146474e-10,5.745244494211957e-10,1.4433728179201938e-10,1.6704568269045572,-3.9680022154484643e-22,0.0,0.0,0.0,-3.9680022154484643e-22,-4.303384078150442e-10,5.169878828456423e-26,5.169878828456423e-26,1.0,-4.303384078150442e-10,-161799.2283012523,323598.4566024988,1.070962038174693e-09,323598.4566024977,2.292639125724956e-19,143746.00547924291,179852.4511232559,5.353885163680381e-10,5.35573521806655e-10,143746.0054792424,179852.45112325533,0.0,2.292639125724956e-19,323598.4566024988,0.0,37238.95026106353,16541.351750009795,20697.59851105374
n21_vd_0p05_vg_0,n21,0.05,0.0,sentaurus,992,0.0038818087500000001,0.3695055000000001,2,4,-3.490773276701641e-09,-7.669405639642441e-10,-4.257713840665885e-09,3.490773276701641e-09,7.669405639642441e-10,1.0,-6.176264206357774e-22,0.0,0.0,0.0,-6.176264206357774e-22,-4.257713840666502e-09,-8.271806125530277e-25,-8.271806125530277e-25,1.0,-4.257713840666502e-09,-368642.5753000127,737285.1506000246,7.937634100729637e-09,737285.1506000167,5.67892167719011e-19,327521.7758782301,409763.3747217945,3.253967165186668e-09,4.683666935542968e-09,327521.77587822685,409763.37472178985,0.0,5.67892167719011e-19,737285.1506000246,0.0,84617.60387506342,37588.02213932644,47029.58173573698
n21_vd_0p05_vg_0,n21,0.05,0.0,sentaurus,995,0.0038818087500000001,0.5,1,3,1.139064611378707e-09,2.3834022718738446e-10,1.3774048385660916e-09,1.139064611378707e-09,2.3834022718738446e-10,1.0,-5.308353202845568e-22,0.0,0.0,0.0,-5.308353202845568e-22,1.3774048385655607e-09,0.0,0.0,1.0,1.3774048385655607e-09,-240580.77483955162,481161.5496790931,2.5679468648293853e-09,481161.54967909056,5.067394288418611e-19,213745.4568297294,267416.0928493637,1.0618175378177987e-09,1.5061293270115867e-09,213745.45682972835,267416.0928493622,0.0,5.067394288418611e-19,481161.5496790931,0.0,55206.24013466496,24523.253176399154,30682.986958265803
n21_vd_0p05_vg_0,n21,0.05,0.0,sentaurus,997,0.0038005600738759316,0.28155180000000002,1,3,1.2980877360573929e-15,-1.0428780452543195e-09,-1.0428767471665834e-09,1.2980877360573929e-15,1.0428780452543195e-09,1.0000024894365314,-1.3629937812902255e-20,0.0,0.0,0.0,-1.3629937812902255e-20,-1.0428767471802133e-09,0.0,0.0,1.0,-1.0428767471802133e-09,-126938.00803563457,253876.01607127153,1.943726230398837e-09,253876.0160712696,1.7656437418702132e-20,0.5846067449596901,253875.4314645266,1.2100414620366211e-15,1.943725020357375e-09,0.5846067449596889,253875.43146452462,0.0,1.7656437418702132e-20,253876.01607127153,0.0,29238.421414097516,0.0672922730331797,29238.354121824483
n21_vd_0p05_vg_0p05,n21,0.05,0.05,baseline,990,0.0038818087500000001,0.28155180000000002,1,5,0.0,7.437817654086927e-14,7.437817654086927e-14,0.0,3.3280950435562946e-13,4.474558530925499,-1.1792486359948295e-19,0.0,0.0,0.0,-1.1792486359948295e-19,7.437805861600568e-14,-1.262177448353619e-29,-1.262177448353619e-29,1.0,7.437805861600567e-14,-142886.04832031834,285772.096640627,3.7594128121470684e-13,285772.096640627,1.531543558988045e-19,1.7439702671351045e-17,285772.096640627,1.7439702671351045e-17,3.7592384151203546e-13,0.0,285772.096640627,0.0,1.531543558988045e-19,285772.096640627,0.0,32912.43187137829,0,32912.43187137829
n21_vd_0p05_vg_0p05,n21,0.05,0.05,baseline,991,0.0038818087500000001,0.29999999999999999,2,4,0.0,-1.6232020286146358e-11,-1.6232020286146358e-11,0.0,1.6232020286146358e-11,1.0,-4.1768035569366116e-22,0.0,0.0,0.0,-4.1768035569366116e-22,-1.623202028656404e-11,0.0,0.0,1.0,-1.6232020286564036e-11,-161797.7204037438,323595.4408074797,3.025452427875369e-11,323595.44080747967,2.2924453435776436e-19,143744.68456428385,179850.75624319588,1.7439702671351045e-17,3.025450683905102e-11,143744.68456428385,179850.75624319585,0.0,2.2924453435776436e-19,323595.4408074797,0.0,37238.76411770893,16541.270224650663,20697.493893058265
n21_vd_0p05_vg_0p05,n21,0.05,0.05,baseline,992,0.0038818087500000001,0.3695055000000001,2,4,0.0,0.0,0.0,0.0,0.0,0.0,-6.325680599561265e-22,0.0,0.0,0.0,-6.325680599561265e-22,-6.325680599561265e-22,0.0,0.0,1.0,-6.325680599561265e-22,-368639.6940091605,737279.3880183025,6.32568057874168e-22,737279.3880183025,5.678800650056722e-19,327519.23802562186,409760.1499926806,0.0,6.32568057874168e-22,327519.23802562186,409760.1499926806,0.0,5.678800650056722e-19,737279.3880183025,0.0,84617.24911808818,37587.86590931137,47029.3832087768
n21_vd_0p05_vg_0p05,n21,0.05,0.05,baseline,995,0.0038818087500000001,0.5,1,3,0.0,0.0,0.0,0.0,0.0,0.0,-5.411118855179378e-22,0.0,0.0,0.0,-5.411118855179378e-22,-5.411118855179378e-22,0.0,0.0,1.0,-5.411118855179378e-22,-240580.4414677036,481160.88293539546,5.411118837377837e-22,481160.88293539546,5.067283293801741e-19,213745.11874144498,267415.7641939505,0.0,5.411118837377837e-22,213745.11874144498,267415.7641939505,0.0,5.067283293801741e-19,481160.8829353955,1.2097338536408586e-16,55206.19910234845,24523.232371882226,30682.966730466225
n21_vd_0p05_vg_0p05,n21,0.05,0.05,baseline,997,0.0038005600738759316,0.28155180000000002,1,3,2.2716757611279424e-14,-1.441682447483288e-14,8.299933136446544e-15,2.2716757611279424e-14,1.441682447483288e-14,4.473961594106327,-1.3609960215646128e-20,0.0,0.0,0.0,-1.3609960215646128e-20,8.299919526486329e-15,0.0,0.0,1.0,8.299919526486329e-15,-126941.21715588761,253882.43431177238,4.1943274498604154e-14,253882.43431177238,1.767598258010021e-20,0.5846124640235966,253881.84969930837,2.1175885656358423e-14,2.076738884224573e-14,0.5846124640235754,253881.84969930837,0.0,1.767598258010021e-20,253882.4343117724,1.146350693210766e-16,29238.81794744422,0.06729269384735392,29238.75065475037
n21_vd_0p05_vg_0p05,n21,0.05,0.05,sentaurus,990,0.0038818087500000001,0.28155180000000002,1,5,0.0,-2.564952580100292e-09,-2.564952580100292e-09,0.0,2.5651038202857634e-09,1.0000589641253583,-1.1809022896825e-19,0.0,0.0,0.0,-1.1809022896825e-19,-2.564952580218383e-09,4.1359030627651384e-25,4.1359030627651384e-25,1.0,-2.5649525802183825e-09,-142882.65468439777,285765.30936879414,4.7807241630934565e-09,285765.30936878937,1.5299259798557447e-19,6.523089525011627e-18,285765.30936879414,6.523089525011627e-18,4.780724156570367e-09,0.0,285765.30936878937,0.0,1.5299259798557447e-19,285765.30936879414,0.0,32912.01253198171,0,32912.01253198171
n21_vd_0p05_vg_0p05,n21,0.05,0.05,sentaurus,991,0.0038818087500000001,0.29999999999999999,2,4,-5.745244494211957e-10,1.4418604160654836e-10,-4.303384078146474e-10,5.745244494211957e-10,1.4433728179201938e-10,1.6704568269045572,-3.967858585010056e-22,0.0,0.0,0.0,-3.967858585010056e-22,-4.303384078150442e-10,5.169878828456423e-26,5.169878828456423e-26,1.0,-4.303384078150442e-10,-161799.2283012523,323598.4566024988,1.0709620381747e-09,323598.4566024977,2.2926392693553945e-19,143746.00547924291,179852.4511232559,5.353885163680381e-10,5.355735218066619e-10,143746.0054792424,179852.45112325533,0.0,2.2926392693553945e-19,323598.4566024988,0.0,37238.95026106353,16541.351750009795,20697.59851105374
n21_vd_0p05_vg_0p05,n21,0.05,0.05,sentaurus,992,0.0038818087500000001,0.3695055000000001,2,4,-3.490773276701641e-09,-7.669405639642441e-10,-4.257713840665885e-09,3.490773276701641e-09,7.669405639642441e-10,1.0,-6.176232927994634e-22,0.0,0.0,0.0,-6.176232927994634e-22,-4.257713840666502e-09,-8.271806125530277e-25,-8.271806125530277e-25,1.0,-4.257713840666502e-09,-368642.5753000127,737285.1506000246,7.937634100729637e-09,737285.1506000167,5.678921708468473e-19,327521.7758782301,409763.3747217945,3.253967165186668e-09,4.683666935542968e-09,327521.77587822685,409763.37472178985,0.0,5.678921708468473e-19,737285.1506000246,0.0,84617.60387506342,37588.02213932644,47029.58173573698
n21_vd_0p05_vg_0p05,n21,0.05,0.05,sentaurus,995,0.0038818087500000001,0.5,1,3,1.139064611378707e-09,2.3834022718738446e-10,1.3774048385660916e-09,1.139064611378707e-09,2.3834022718738446e-10,1.0,-5.308349932528443e-22,0.0,0.0,0.0,-5.308349932528443e-22,1.3774048385655607e-09,0.0,0.0,1.0,1.3774048385655607e-09,-240580.77483955162,481161.5496790931,2.5679468648293853e-09,481161.54967909056,5.067394291688927e-19,213745.4568297294,267416.0928493637,1.0618175378177987e-09,1.5061293270115867e-09,213745.45682972835,267416.0928493622,0.0,5.067394291688927e-19,481161.5496790931,0.0,55206.24013466496,24523.253176399154,30682.986958265803
n21_vd_0p05_vg_0p05,n21,0.05,0.05,sentaurus,997,0.0038005600738759316,0.28155180000000002,1,3,1.791361075759212e-14,2.5648914855613125e-09,2.56490939917207e-09,1.791361075759212e-14,2.564911447765338e-09,1.0000077828105867,-1.3629049099881836e-20,0.0,0.0,0.0,-1.3629049099881836e-20,2.564909399158441e-09,0.0,0.0,1.0,2.564909399158441e-09,-126938.00803563657,253876.01607127165,4.7805214263859535e-09,253876.01607126684,1.7657326131722112e-20,0.5846067449596962,253875.43146452666,1.6698572176117166e-14,4.780504727813777e-09,0.5846067449596796,253875.43146452188,0.0,1.7657326131722112e-20,253876.01607127162,1.1463796741068785e-16,29238.42141409745,0.06729227303317914,29238.354121824417
n21_vd_0p05_vg_0p8,n21,0.05,0.8,baseline,990,0.0038818087500000001,0.28155180000000002,1,5,0.0,1.840112393197728e-11,1.840112393197728e-11,0.0,4.006183912618428e-05,2177140.8786919387,-1.1779243314408717e-19,0.0,0.0,0.0,-1.1779243314408717e-19,1.8401123813297224e-11,8.876229584062188e-22,8.876229584062188e-22,1.0,1.840112381329722e-11,-142886.0450879489,285772.090213163,3.731983499905398e-05,285772.09017584316,1.5328678635509015e-19,1.6556662223471283e-09,285772.09021316137,1.6556662223471283e-09,3.7318179332831636e-05,0.0,285772.09017584316,0.0,1.5328678635509015e-19,285772.090213163,0.0,32912.431839694465,0,32912.431839694465
n21_vd_0p05_vg_0p8,n21,0.05,0.8,baseline,991,0.0038818087500000001,0.29999999999999999,2,4,0.0012385430442525896,-0.0012385430292884457,1.496414385633582e-11,0.0012385430442525896,0.001238564793345674,165536221.8767668,-4.1745179408289637e-22,0.0,0.0,0.0,-4.1745179408289637e-22,1.4964143898483365e-11,-4.256499533726834e-20,-4.256499533726834e-20,1.0,1.4964143898483365e-11,-161797.7177663927,323595.4378410445,0.002308320799301518,323595.43553272367,2.2924476291987615e-19,143744.68221732223,179850.75562372225,0.0011541776835605896,0.0011541431157409286,143744.68106314456,179850.75446957911,0.0,2.2924476291987615e-19,323595.43784104445,1.798778786926532e-16,37238.764055296175,16541.270125681734,20697.49392961444
n21_vd_0p05_vg_0p8,n21,0.05,0.8,baseline,992,0.0038818087500000001,0.3695055000000001,2,4,0.0002625588771375997,-0.00026255891082346225,-3.368586253037556e-11,0.0002625588771375997,0.0002625599046191013,15588699.303251788,-6.325326780309074e-22,0.0,0.0,0.0,-6.325326780309074e-22,-3.3685862528658456e-11,-2.349638841699553e-21,-2.349638841699553e-21,1.0,-3.368586252865845e-11,-368639.6936119791,737279.3877134148,0.0004894843130079264,737279.3872239306,5.678801003877107e-19,327519.2376729293,409760.15004048555,0.00024474749769616165,0.00024473681531176467,327519.2374281818,409760.14979574876,0.0,5.678801003877107e-19,737279.3877134148,0.0,84617.24910980176,37587.86589057079,47029.383219230964
n21_vd_0p05_vg_0p8,n21,0.05,0.8,baseline,995,0.0038818087500000001,0.5,1,3,2.8313826638988253e-05,-2.8313912885226957e-05,-8.624623870371532e-11,2.8313826638988253e-05,2.8313912885226957e-05,656582.1347728616,-5.411081327926994e-22,0.0,0.0,0.0,-5.411081327926994e-22,-8.624623869834382e-11,-5.912609470346615e-21,-5.912609470346615e-21,1.0,-8.624623869834383e-11,-240580.44143252182,481160.88291781687,5.2786235444359856e-05,481160.8828650306,5.067283331329138e-19,213745.11871020444,267415.76420761243,2.6393670014635587e-05,2.6392565429724273e-05,213745.11868381075,267415.76418121986,0.0,5.067283331329138e-19,481160.88291781687,0.0,55206.199101615275,24523.232369932834,30682.966731682445
n21_vd_0p05_vg_0p8,n21,0.05,0.8,baseline,997,0.0038005600738759316,0.28155180000000002,1,3,2.1617251599757336e-06,-2.1617408548090835e-06,-1.5694833349943945e-11,2.1617251599757336e-06,2.1617408548090835e-06,275470.65447498095,-1.3594675966283162e-20,0.0,0.0,0.0,-1.3594675966283162e-20,-1.5694833363261863e-11,-2.7675653838434346e-22,-2.7675653838434346e-22,1.0,-1.5694833363261863e-11,-126941.21428446147,253882.428572942,4.02539896781019e-06,253882.42856891663,1.769126682956566e-20,0.5846124455341755,253881.84396049648,2.015095188224464e-06,2.010303779585726e-06,0.5846104304389872,253881.84395848616,0.0,1.769126682956566e-20,253882.428572942,0.0,29238.81791938469,0.06729255373343132,29238.75062683096
n21_vd_0p05_vg_0p8,n21,0.05,0.8,sentaurus,990,0.0038818087500000001,0.28155180000000002,1,5,0.0,2.1893265320648292e-07,2.1893265320648292e-07,0.0,3.418377225953784e-05,156.13829987844687,-1.1800464875246064e-19,0.0,0.0,0.0,-1.1800464875246064e-19,2.189326532063638e-07,1.1117307432712692e-21,1.1117307432712692e-21,1.0,2.1893265320636378e-07,-142882.65196762403,285765.3039665486,3.175667359750946e-05,285765.3039347919,1.530781782014476e-19,1.4335167426392798e-09,285765.30396654713,1.4335167426392798e-09,3.175524008076682e-05,0.0,285765.3039347919,0.0,1.530781782014476e-19,285765.3039665485,2.0369044144099852e-16,32912.01250496439,0,32912.01250496439
n21_vd_0p05_vg_0p8,n21,0.05,0.8,sentaurus,991,0.0038818087500000001,0.29999999999999999,2,4,0.001066242324109476,-0.0010659718852058598,2.704389036162734e-07,0.001066242324109476,0.0010659905929901133,7884.342410014431,-3.96625808525105e-22,0.0,0.0,0.0,-3.96625808525105e-22,2.704389036164442e-07,-1.7115359490457206e-19,-1.7115359490457206e-19,1.0,2.704389036164442e-07,-161799.2260684357,323598.4541233692,0.0019870566941312846,323598.45213631244,2.2926408698568338e-19,143746.00349201646,179852.45063135267,0.0009936125843095897,0.000993444109821695,143746.0024984039,179852.44963790855,0.0,2.2926408698568338e-19,323598.4541233691,1.7987620203919834e-16,37238.95020807712,16541.351665140483,20697.598542936637
n21_vd_0p05_vg_0p8,n21,0.05,0.8,sentaurus,992,0.0038818087500000001,0.3695055000000001,2,4,0.00022939245671920627,-0.00022932540185130983,6.70548678964383e-08,0.00022939245671920627,0.00022932626515690004,6840.94587412455,-6.175885058087434e-22,0.0,0.0,0.0,-6.175885058087434e-22,6.705486789640979e-08,2.788591281038767e-20,2.788591281038767e-20,1.0,6.705486789640979e-08,-368642.5749581943,737285.1503438135,0.00042757646494562317,737285.149916237,5.678922056338642e-19,327521.7755746245,409763.37476918893,0.00021383099460019618,0.000213745470345427,327521.77536079346,409763.3745554435,0.0,5.678922056338642e-19,737285.1503438134,1.5789728271707032e-16,84617.60386793462,37588.02212300236,47029.581744932264
n21_vd_0p05_vg_0p8,n21,0.05,0.8,sentaurus,995,0.0038818087500000001,0.5,1,3,2.545254112102882e-05,-2.5439415844825583e-05,1.3125276203237643e-08,2.545254112102882e-05,2.5439415844825583e-05,3877.4008392524925,-5.308313864059547e-22,0.0,0.0,0.0,-5.308313864059547e-22,1.3125276203235862e-08,1.2506970861801778e-21,1.2506970861801778e-21,1.0,1.3125276203235863e-08,-240580.77480831236,481161.5496640313,4.744321257082222e-05,481161.5496165881,5.067394327757379e-19,213745.45680197605,267416.09286205523,2.372644560664187e-05,2.3716766964180348e-05,213745.45677824962,267416.09283833846,0.0,5.067394327757379e-19,481161.5496640313,0.0,55206.24013401454,24523.253174650636,30682.9869593639
n21_vd_0p05_vg_0p8,n21,0.05,0.8,sentaurus,997,0.0038005600738759316,0.28155180000000002,1,3,1.85860900141112e-06,-1.8281551786689082e-06,3.0453822742211725e-08,1.85860900141112e-06,1.8281551786689082e-06,121.0608011771817,-1.3619172074769827e-20,0.0,0.0,0.0,-1.3619172074769827e-20,3.0453822742198305e-08,-1.9852334701272664e-22,-1.9852334701272664e-22,1.0,3.0453822742198305e-08,-126938.00562210116,253876.01124757025,3.430277141922486e-06,253876.01124413995,1.7667203156842558e-20,0.5846067293095968,253875.42664084092,1.7325433572433839e-06,1.6977337846791025e-06,0.5846049967662396,253875.42663914317,0.0,1.7667203156842558e-20,253876.01124757022,1.1463796958883504e-16,29238.421390172472,0.0672921526395406,29238.354098019834
n21_vd_0p05_vg_2p5,n21,0.05,2.5,baseline,990,0.0038818087500000001,0.28155180000000002,1,5,0.0,2.96952913647619e-12,2.96952913647619e-12,0.0,0.06699027524674295,22559224768.623543,-1.1731074537671828e-19,0.0,0.0,0.0,-1.1731074537671828e-19,2.9695267022040566e-12,2.316961388255724e-18,2.316961388255724e-18,1.0,2.969526702204056e-12,-142873.88777588177,285747.8378491769,0.06236914581210979,285747.7754800311,1.5376847561774262e-19,2.687744047257603e-06,285747.83784648916,2.687744047257603e-06,0.062366458068062534,0.0,285747.7754800311,0.0,1.5376847561774262e-19,285747.8378491769,0.0,32912.379879068045,0,32912.379879068045
n21_vd_0p05_vg_2p5,n21,0.05,2.5,baseline,991,0.0038818087500000001,0.29999999999999999,2,4,2.0701579873969247,-2.070157987396109,8.15791878494565e-13,2.0701579873969247,2.0701943694568246,5075255669980.702,-4.1626326285882105e-22,0.0,0.0,0.0,-4.1626326285882105e-22,8.156211263169594e-13,1.7075176134229213e-16,1.7075176134229213e-16,1.0,8.156211263169594e-13,-161787.82296484805,323579.50395695865,3.8581185912672833,323575.6458383674,2.2924595228751705e-19,143735.87600210853,179843.62795485015,1.9290879879008145,1.9290306033664688,143733.94691412064,179841.69892424677,0.0,2.2924595228751705e-19,323579.50395695865,0.0,37238.55416252338,16541.057770603355,20697.496391920027
n21_vd_0p05_vg_2p5,n21,0.05,2.5,baseline,992,0.0038818087500000001,0.3695055000000001,2,4,0.4383871820404009,-0.43838718199845667,4.1944225870338414e-11,0.4383871820404009,0.43838884142864354,20903378362.004097,-6.325408067521377e-22,0.0,0.0,0.0,-6.325408067521377e-22,4.1944208457545675e-11,1.74121601983591e-17,1.74121601983591e-17,1.0,4.1944208457545675e-11,-368638.2054561771,737277.2281691539,0.817276307873807,737276.4108928461,5.678800924470092e-19,327517.915967639,409759.3122015149,0.40864712587011304,0.40862918200369397,327517.50732051313,409758.9035723329,0.0,5.678800924470092e-19,737277.2281691539,0.0,84617.21811096506,37587.82699170843,47029.39111925662
n21_vd_0p05_vg_2p5,n21,0.05,2.5,baseline,995,0.0038818087500000001,0.5,1,3,0.04725814969970207,-0.04725814970298455,-3.282478455712834e-12,0.04725814969970207,0.04725814970298455,28794187281.927235,-5.411396512956644e-22,0.0,0.0,0.0,-5.411396512956644e-22,-3.2824766080339663e-12,-1.8482200073444385e-18,-1.8482200073444385e-18,1.0,-3.2824766080339667e-12,-240580.30966835073,481160.70743893523,0.08810435615268866,481160.6193345791,5.067283016389997e-19,213745.00168146496,267415.7057574703,0.04405323410149683,0.04405112205119183,213744.95762823086,267415.66170634824,0.0,5.067283016389997e-19,481160.70743893523,0.0,55206.196359183596,24523.22844334001,30682.967915843587
n21_vd_0p05_vg_2p5,n21,0.05,2.5,baseline,997,0.0038005600738759316,0.28155180000000002,1,3,0.0036153941818365277,-0.00361539418701998,-5.183452191775961e-12,0.0036153941818365277,0.00361539418701998,1394975414.3250012,-1.3539083076216142e-20,0.0,0.0,0.0,-1.3539083076216142e-20,-5.18345267448878e-12,4.691737358582253e-19,4.691737358582253e-19,1.0,-5.18345267448878e-12,-126930.41383274495,253860.83438576607,0.006728238048947985,253860.82765752805,1.7746859891600068e-20,0.5845443618603887,253860.2498414042,0.003368100752385385,0.003360137296562599,0.5811762611080034,253860.24648126692,0.0,1.7746859891600068e-20,253860.83438576607,0.0,29238.771924731387,0.06706919805392052,29238.704855533335
n21_vd_0p05_vg_2p5,n21,0.05,2.5,sentaurus,990,0.0038818087500000001,0.28155180000000002,1,5,0.0,0.0004363178698819825,0.0004363178698819825,0.0,0.06775708944722936,155.29295067735055,-1.175169401469743e-19,0.0,0.0,0.0,-1.175169401469743e-19,0.00043631786988198337,-9.75781955236954e-19,-9.75781955236954e-19,1.0,0.0004363178698819834,-142870.30482469767,285740.671757633,0.06299393931990785,285740.60876369366,1.5356588698926902e-19,2.755261282517069e-06,285740.6717548777,2.755261282517069e-06,0.06299118405862533,0.0,285740.60876369366,0.0,1.5356588698926902e-19,285740.671757633,0.0,32911.9599764732,0,32911.9599764732
n21_vd_0p05_vg_2p5,n21,0.05,2.5,sentaurus,991,0.0038818087500000001,0.29999999999999999,2,4,2.1122630484967164,-2.1117080658868423,0.0005549826098740773,2.1122630484967164,2.1117451326736285,7611.064033391515,-3.9528683005807995e-22,0.0,0.0,0.0,-3.9528683005807995e-22,0.0005549826098736323,4.450649918052996e-16,4.450649918052996e-16,1.0,0.0005549826098736323,-161789.11016894836,323582.15558535245,3.9363749076153423,323578.21921044483,2.2926542628169547e-19,143736.9998295838,179845.15575576865,1.9683208039263889,1.9680541036889534,143735.03150877988,179843.18770166495,0.0,2.2926542628169547e-19,323582.15558535245,0.0,37238.73568271668,16541.134817013226,20697.600865703454
n21_vd_0p05_vg_2p5,n21,0.05,2.5,sentaurus,992,0.0038818087500000001,0.3695055000000001,2,4,0.4538091457939957,-0.45367711084182527,0.0001320349521704567,0.4538091457939957,0.453678818837252,6873.088903457046,-6.175641007718481e-22,0.0,0.0,0.0,-6.175641007718481e-22,0.0001320349521704802,-2.350008208862331e-17,-2.350008208862331e-17,1.0,0.0001320349521704802,-368641.0288213859,737282.9032537926,0.8458773499704336,737282.0573764426,5.678922300979384e-19,327520.4022139055,409762.50103988696,0.4230228025401417,0.42285454743029194,327519.97919110296,409762.0781853395,0.0,5.678922300979384e-19,737282.9032537924,1.5789776395623476e-16,84617.57166722082,37587.9818035937,47029.58986362712
n21_vd_0p05_vg_2p5,n21,0.05,2.5,sentaurus,995,0.0038818087500000001,0.5,1,3,0.05033139963141257,-0.05030240680880384,2.899282260872965e-05,0.05033139963141257,0.05030240680880384,3470.990313648036,-5.308556347023759e-22,0.0,0.0,0.0,-5.308556347023759e-22,2.899282260872788e-05,1.7719929256559963e-18,1.7719929256559963e-18,1.0,2.899282260872788e-05,-240580.63356011925,481161.36088099715,0.0938170765223341,481161.2670639206,5.067394085122851e-19,213745.33131432493,267416.0295666722,0.04691809843510132,0.046898978087232784,213745.2843962265,267415.98266769416,0.0,5.067394085122851e-19,481161.36088099715,0.0,55206.237195739566,24523.248984451777,30682.98821128779
n21_vd_0p05_vg_2p5,n21,0.05,2.5,sentaurus,997,0.0038005600738759316,0.28155180000000002,1,3,0.0036846674521403932,-0.0036267996768236336,5.786777531675965e-05,0.0036846674521403932,0.0036267996768236336,126.3478177438503,-1.3562884231461202e-20,0.0,0.0,0.0,-1.3562884231461202e-20,5.7867775316759524e-05,1.1519648082658485e-19,1.1519648082658485e-19,1.0,5.7867775316759524e-05,-126927.03627107071,253854.0792318327,0.006805591921166293,253854.07242624077,1.7723491018114046e-20,0.584537188927934,253853.49469464377,0.0034326026343004514,0.0033729892868658417,0.5811045862936336,253853.49132165447,0.0,1.7723491018114046e-20,253854.07923183267,1.146478738683359e-16,29238.374895893117,0.0670646350109479,29238.307831258106
n21_vd_1_vg_0,n21,1.0,0.0,baseline,990,0.0038818087500000001,0.28155180000000002,1,5,0.0,4.667778262570751e-14,4.667778262570751e-14,0.0,2.5115092111575333e-13,5.38052381642982,-1.1728992124259553e-19,0.0,0.0,0.0,-1.1728992124259553e-19,4.6677665335786275e-14,-6.310887241768095e-30,-6.310887241768095e-30,1.0,4.667766533578627e-14,-142886.04832032227,285772.0966406339,2.747612818902072e-13,285772.0966406339,1.5378929825568702e-19,1.2838905685520949e-17,285772.0966406339,1.2838905685520949e-17,2.747484429845217e-13,0.0,285772.0966406339,0.0,1.5378929825568702e-19,285772.0966406339,0.0,32912.431871378736,0,32912.431871378736
n21_vd_1_vg_0,n21,1.0,0.0,baseline,991,0.0038818087500000001,0.29999999999999999,2,4,1.2256408959669208e-08,-7.965303396978573e-14,1.2256329306635239e-08,1.2256408959669208e-08,2.1817566977167512e-13,1.0000242999919706,-7.110672654558632e-22,0.0,0.0,0.0,-7.110672654558632e-22,1.2256329306634528e-08,0.0,0.0,1.0,1.225632930663453e-08,-161797.7204037591,323595.4408075114,2.284511012692301e-08,323595.4408074885,2.2895114744798757e-19,143744.6845642874,179850.756243224,1.1421520389718022e-08,1.142358973720499e-08,143744.684564276,179850.75624321256,0.0,2.2895114744798757e-19,323595.4408075114,0.0,37238.76411771013,16541.2702246505,20697.493893059636
n21_vd_1_vg_0,n21,1.0,0.0,baseline,992,0.0038818087500000001,0.3695055000000001,2,4,1.1635820759702679e-08,-6.398531245665694e-14,1.1635756774390223e-08,1.1635820759702679e-08,7.453732334523245e-14,1.0000119049098815,-1.032426906106511e-21,0.0,0.0,0.0,-1.032426906106511e-21,1.163575677438919e-08,0.0,0.0,1.0,1.163575677438919e-08,-368639.69400917954,737279.3880183406,2.169270017438191e-08,737279.3880183189,5.674802061595056e-19,327519.23802562885,409760.1499927116,1.0846473897721345e-08,1.0846226276660566e-08,327519.238025618,409760.1499927008,0.0,5.674802061595056e-19,737279.3880183405,1.5789851678864358e-16,84617.24911808959,37587.86590931143,47029.383208778156
n21_vd_1_vg_0,n21,1.0,0.0,baseline,995,0.0038818087500000001,0.5,1,3,6.075001651639491e-09,-5.276005444287762e-15,6.074996375634047e-09,6.075001651639491e-09,5.276005444287762e-15,1.0000017369575611,-8.832349202756382e-22,0.0,0.0,0.0,-8.832349202756382e-22,6.0749963756331645e-09,-8.271806125530277e-25,-8.271806125530277e-25,1.0,6.0749963756331645e-09,-240580.44146771223,481160.88293541205,1.1325897284998597e-08,481160.8829354007,5.063862063454072e-19,213745.11874144652,267415.76419396553,5.663013731023772e-09,5.662883553974825e-09,213745.11874144085,267415.7641939599,0.0,5.063862063454072e-19,481160.88293541205,0.0,55206.19910234891,24523.232371882033,30682.966730466876
n21_vd_1_vg_0,n21,1.0,0.0,baseline,997,0.0038005600738759316,0.28155180000000002,1,3,6.646274226843027e-14,-1.140671826575916e-14,5.505602400267111e-14,6.646274226843027e-14,1.140671826575916e-14,1.4143676726530687,-1.3536678156171198e-20,0.0,0.0,0.0,-1.3536678156171198e-20,5.505601046599295e-14,6.310887241768095e-30,6.310887241768095e-30,1.0,5.5056010465992954e-14,-126941.21715589035,253882.43431177872,1.2356305681486467e-13,253882.43431177872,1.7749264639574812e-20,0.5846124640236069,253881.84969931468,6.19545912096979e-14,6.160846560516677e-14,0.5846124640235449,253881.84969931468,0.0,1.7749264639574812e-20,253882.43431177872,0.0,29238.817947444626,0.06729269384735159,29238.75065475078
n21_vd_1_vg_0,n21,1.0,0.0,sentaurus,990,0.0038818087500000001,0.28155180000000002,1,5,0.0,-3.2721324280490294e-09,-3.2721324280490294e-09,0.0,3.2722813414624164e-09,1.000045509592494,-1.3512273151505434e-19,0.0,0.0,0.0,-1.3512273151505434e-19,-3.272132428184152e-09,-4.1359030627651384e-25,-4.1359030627651384e-25,1.0,-3.2721324281841523e-09,-142882.6546843977,285765.3093687971,6.098748708369866e-09,285765.309368791,1.3596009543876914e-19,6.467404390889333e-18,285765.3093687971,6.467404390889333e-18,6.0987487019024615e-09,0.0,285765.309368791,0.0,1.3596009543876914e-19,285765.3093687971,0.0,32912.01253198181,0,32912.01253198181
n21_vd_1_vg_0,n21,1.0,0.0,sentaurus,991,0.0038818087500000001,0.29999999999999999,2,4,-1.0213767989710416e-09,1.2816417815843525e-10,-8.932126208126063e-10,1.0213767989710416e-09,1.2831309157182207e-10,1.2871402214367789,-4.472745297472889e-22,0.0,0.0,0.0,-4.472745297472889e-22,-8.932126208130537e-10,1.0339757656912846e-25,1.0339757656912846e-25,1.0,-8.932126208130537e-10,-161799.2283012559,323598.45660250774,1.9038629108755343e-09,323598.4566025058,2.2921343826428993e-19,143746.00547924737,179852.45112326037,9.518011673594232e-10,9.520617435161113e-10,143746.0054792464,179852.4511232594,0.0,2.2921343826428993e-19,323598.45660250774,0.0,37238.950261064056,16541.351750010024,20697.598511054035
n21_vd_1_vg_0,n21,1.0,0.0,sentaurus,992,0.0038818087500000001,0.3695055000000001,2,4,-4.654364368935583e-09,2.9215051171376605e-10,-4.362213857221817e-09,4.654364368935583e-09,2.9218085291848307e-10,1.1339529385210827,-6.964711827784959e-22,0.0,0.0,0.0,-6.964711827784959e-22,-4.3622138572225134e-09,0.0,0.0,1.0,-4.362213857222513e-09,-368642.5753000133,737285.1506000262,8.677069540619577e-09,737285.1506000176,5.678133229568682e-19,327521.7758782334,409763.3747217929,4.338622874201438e-09,4.338446666418138e-09,327521.77587822906,409763.37472178857,0.0,5.678133229568682e-19,737285.1506000264,1.5789728266219967e-16,84617.60387506356,37588.02213932661,47029.58173573695
n21_vd_1_vg_0,n21,1.0,0.0,sentaurus,995,0.0038818087500000001,0.5,1,3,1.5187528151716406e-09,3.813475291130376e-10,1.900100344284678e-09,1.5187528151716406e-09,3.813475291130376e-10,1.0,-5.981697812745078e-22,0.0,0.0,0.0,-5.981697812745078e-22,1.90010034428408e-09,0.0,0.0,1.0,1.9001003442840796e-09,-240580.77483955672,481161.5496791046,3.5424251075404873e-09,481161.5496791011,5.06672094380862e-19,213745.45682973476,267416.09284936986,1.4157567177940596e-09,2.126668389746428e-09,213745.45682973333,267416.0928493677,0.0,5.06672094380862e-19,481161.5496791046,0.0,55206.24013466564,24523.25317639943,30682.98695826621
n21_vd_1_vg_0,n21,1.0,0.0,sentaurus,997,0.0038005600738759316,0.28155180000000002,1,3,1.6615523021535004e-14,2.7058187117040797e-09,2.705835327227101e-09,1.6615523021535004e-14,2.7058415256515382e-09,1.0000084313879818,-1.5594806505980242e-20,0.0,0.0,0.0,-1.5594806505980242e-20,2.7058353272115062e-09,0.0,0.0,1.0,2.7058353272115062e-09,-126938.00803563718,253876.0160712724,5.0431827872027256e-09,253876.01607126734,1.5691568725623702e-20,0.5846067449597026,253875.4314645274,1.5488530719318404e-14,5.043167298672007e-09,0.584606744959687,253875.43146452238,0.0,1.5691568725623702e-20,253876.01607127237,1.146379674106875e-16,29238.42141409749,0.06729227303317956,29238.354121824457
n21_vd_1_vg_0p05,n21,1.0,0.05,baseline,990,0.0038818087500000001,0.28155180000000002,1,5,0.0,2.611683064380714e-13,2.611683064380714e-13,0.0,1.0790608603984032e-12,4.131668482730969,-1.3508885580287482e-19,0.0,0.0,0.0,-1.3508885580287482e-19,2.6116817134921564e-13,-5.048709793414476e-29,-5.048709793414476e-29,1.0,2.6116817134921564e-13,-142886.04832031834,285772.096640627,1.2378357027807064e-12,285772.096640627,1.3599036369541255e-19,5.7775115663386e-17,285772.096640627,5.7775115663386e-17,1.237777927665043e-12,0.0,285772.096640627,0.0,1.3599036369541255e-19,285772.096640627,0.0,32912.431871378285,0,32912.431871378285
n21_vd_1_vg_0p05,n21,1.0,0.05,baseline,991,0.0038818087500000001,0.29999999999999999,2,4,0.0,-6.701145834182373e-13,-6.701145834182373e-13,0.0,6.701145834182373e-13,1.0,-4.760437836685202e-22,0.0,0.0,0.0,-4.760437836685202e-22,-6.70114583894281e-13,0.0,0.0,1.0,-6.701145838942811e-13,-161797.7204037438,323595.44080747967,1.249118182922019e-12,323595.44080747967,2.291861709297896e-19,143744.68456428385,179850.7562431958,5.7775115663386e-17,1.2490604078063556e-12,143744.68456428385,179850.7562431958,0.0,2.291861709297896e-19,323595.44080747967,0.0,37238.76411770893,16541.270224650663,20697.493893058265
n21_vd_1_vg_0p05,n21,1.0,0.05,baseline,992,0.0038818087500000001,0.3695055000000001,2,4,0.0,0.0,0.0,0.0,0.0,0.0,-7.18377343561165e-22,0.0,0.0,0.0,-7.18377343561165e-22,-7.18377343561165e-22,0.0,0.0,1.0,-7.18377343561165e-22,-368639.6940091605,737279.3880183025,7.183773411967843e-22,737279.3880183025,5.677942557220672e-19,327519.23802562186,409760.1499926806,0.0,7.183773411967843e-22,327519.23802562186,409760.1499926806,0.0,5.677942557220672e-19,737279.3880183025,0.0,84617.24911808818,37587.86590931137,47029.3832087768
n21_vd_1_vg_0p05,n21,1.0,0.05,baseline,995,0.0038818087500000001,0.5,1,3,0.0,0.0,0.0,0.0,0.0,0.0,-6.145613350704349e-22,0.0,0.0,0.0,-6.145613350704349e-22,-6.145613350704349e-22,0.0,0.0,1.0,-6.145613350704349e-22,-240580.44146770437,481160.8829353962,6.145613330486463e-22,481160.8829353962,5.066548799306217e-19,213745.11874144498,267415.76419395127,0.0,6.145613330486463e-22,213745.11874144498,267415.76419395127,0.0,5.066548799306217e-19,481160.8829353963,1.2097338536408566e-16,55206.19910234854,24523.23237188226,30682.96673046628
n21_vd_1_vg_0p05,n21,1.0,0.05,baseline,997,0.0038005600738759316,0.28155180000000002,1,3,7.477058505198222e-14,-4.562687306304523e-14,2.9143711988936986e-14,7.477058505198222e-14,4.562687306304523e-14,4.1311641482296615,-1.559089348572405e-20,0.0,0.0,0.0,-1.559089348572405e-20,2.914369639804349e-14,6.310887241768095e-30,6.310887241768095e-30,1.0,2.914369639804349e-14,-126941.21715588761,253882.43431177238,1.3810357557605736e-13,253882.43431177238,1.5695049310022288e-20,0.5846124640235966,253881.84969930837,6.969891511089963e-14,6.840466046515774e-14,0.5846124640235268,253881.84969930837,0.0,1.5695049310022288e-20,253882.4343117724,1.146350693210766e-16,29238.81794744421,0.06729269384735034,29238.750654750365
n21_vd_1_vg_0p05,n21,1.0,0.05,sentaurus,990,0.0038818087500000001,0.28155180000000002,1,5,0.0,1.5644603750378836e-13,1.5644603750378836e-13,0.0,5.881210294304747e-13,3.759258072715541,-1.3513646428796366e-19,0.0,0.0,0.0,-1.3513646428796366e-19,1.5644590236732408e-13,0.0,0.0,1.0,1.5644590236732408e-13,-142882.6546844049,285765.3093687989,6.879987304198496e-13,285765.3093687989,1.3594636266585311e-19,3.233702144819143e-17,285765.3093687989,3.233702144819143e-17,6.879663933984014e-13,0.0,285765.3093687989,0.0,1.3594636266585311e-19,285765.3093687989,0.0,32912.012531982225,0,32912.012531982225
n21_vd_1_vg_0p05,n21,1.0,0.05,sentaurus,991,0.0038818087500000001,0.29999999999999999,2,4,-1.0213767989710416e-09,1.2786635133166152e-10,-8.935104476393801e-10,1.0213767989710416e-09,1.286109183985958e-10,1.2870445112397515,-4.473963165157836e-22,0.0,0.0,0.0,-4.473963165157836e-22,-8.935104476398276e-10,1.0339757656912846e-25,1.0339757656912846e-25,1.0,-8.935104476398276e-10,-161799.2283012559,323598.45660250774,1.9044180195817554e-09,323598.4566025058,2.2921331647752143e-19,143746.00547924737,179852.45112326037,9.518011414898061e-10,9.526168780919492e-10,143746.0054792464,179852.4511232594,0.0,2.2921331647752143e-19,323598.45660250774,0.0,37238.950261064056,16541.351750010024,20697.598511054035
n21_vd_1_vg_0p05,n21,1.0,0.05,sentaurus,992,0.0038818087500000001,0.3695055000000001,2,4,-4.654364368935583e-09,2.9215051171376605e-10,-4.362213857221817e-09,4.654364368935583e-09,2.9218085291848307e-10,1.1339529385210827,-6.967284546775374e-22,0.0,0.0,0.0,-6.967284546775374e-22,-4.3622138572225134e-09,0.0,0.0,1.0,-4.3622138572225134e-09,-368642.5753000133,737285.1506000262,8.677069540619577e-09,737285.1506000176,5.678130656849692e-19,327521.7758782334,409763.3747217929,4.338622874201438e-09,4.338446666418138e-09,327521.77587822906,409763.37472178857,0.0,5.678130656849692e-19,737285.1506000264,1.5789728266219967e-16,84617.60387506356,37588.02213932661,47029.58173573695
n21_vd_1_vg_0p05,n21,1.0,0.05,sentaurus,995,0.0038818087500000001,0.5,1,3,1.5187528151716406e-09,3.813475291130376e-10,1.900100344284678e-09,1.5187528151716406e-09,3.813475291130376e-10,1.0,-5.982197580437245e-22,0.0,0.0,0.0,-5.982197580437245e-22,1.90010034428408e-09,0.0,0.0,1.0,1.9001003442840796e-09,-240580.7748395563,481161.549679104,3.5424251075632964e-09,481161.54967910046,5.066720444040928e-19,213745.45682973476,267416.0928493693,1.4157567177940596e-09,2.1266683897692366e-09,213745.45682973333,267416.0928493671,0.0,5.066720444040928e-19,481161.549679104,0.0,55206.24013466562,24523.25317639943,30682.986958266185
n21_vd_1_vg_0p05,n21,1.0,0.05,sentaurus,997,0.0038005600738759316,0.28155180000000002,1,3,3.738492679845411e-14,-2.4081388983642732e-14,1.3303537814811376e-14,3.738492679845411e-14,2.4081388983642732e-14,4.620298497867527,-1.5596391433219783e-20,0.0,0.0,0.0,-1.5596391433219783e-20,1.3303522218419946e-14,-3.1554436208840472e-30,-3.1554436208840472e-30,1.0,1.3303522218419946e-14,-126938.00803563821,253876.01607127496,6.90164457971465e-14,253876.01607127496,1.5689983798384164e-20,0.5846067449597108,253875.43146452997,3.484919412061799e-14,3.4167251676528504e-14,0.5846067449596759,253875.43146452997,0.0,1.5689983798384164e-20,253876.01607127493,1.1463796741068635e-16,29238.421414097877,0.06729227303317815,29238.354121824843
n21_vd_1_vg_0p8,n21,1.0,0.8,baseline,990,0.0038818087500000001,0.28155180000000002,1,5,0.0,7.105519369265403e-11,7.105519369265403e-11,0.0,0.00015110970714647982,2126652.525923691,-1.3501803397446423e-19,0.0,0.0,0.0,-1.3501803397446423e-19,7.105519354676469e-11,1.0871311673357664e-20,1.0871311673357664e-20,1.0,7.105519354676469e-11,-142886.03422656906,285772.06859370734,0.00014074330262211574,285772.068452964,1.3606118552717758e-19,6.2854684386030014e-09,285772.06859370106,6.2854684386030014e-09,0.00014073701715367712,0.0,285772.068452964,0.0,1.3606118552717758e-19,285772.06859370734,0.0,32912.43175182459,0,32912.43175182459
n21_vd_1_vg_0p8,n21,1.0,0.8,baseline,991,0.0038818087500000001,0.29999999999999999,2,4,0.004670220549678772,-0.0046702201829748775,3.6670389468029807e-10,0.004670220549678772,0.004670302275679414,25471567.007766563,-4.758657421343025e-22,0.0,0.0,0.0,-4.758657421343025e-22,3.667038943403669e-10,3.394552778522144e-19,3.394552778522144e-19,1.0,3.667038943403669e-10,-161797.70891102712,323595.4265259056,0.008704065351266294,323595.41782184027,2.29186348973211e-19,143744.67433673807,179850.75218916754,0.004352098127714031,0.0043519672235522635,143744.66998463994,179850.74783720032,0.0,2.29186348973211e-19,323595.4265259056,0.0,37238.76385248192,16541.269838166332,20697.494014315587
n21_vd_1_vg_0p8,n21,1.0,0.8,baseline,992,0.0038818087500000001,0.3695055000000001,2,4,0.0009869642752075043,-0.000986964850689082,-5.754815777560263e-10,0.0009869642752075043,0.0009869685908598777,3430053.9623949965,-7.183729428663512e-22,0.0,0.0,0.0,-7.183729428663512e-22,-5.75481577716443e-10,-4.0301687009655476e-20,-4.0301687009655476e-20,1.0,-5.75481577716443e-10,-368639.6922844515,737279.3864088263,0.0018399825361919819,737279.3845688438,5.677942601231861e-19,327519.2364940291,409760.1499147972,0.0009200109251354911,0.0009199716110564908,327519.2355740182,409760.1489948256,0.0,5.677942601231861e-19,737279.3864088263,0.0,84617.24908211896,37587.86583672424,47029.38324539472
n21_vd_1_vg_0p8,n21,1.0,0.8,baseline,995,0.0038818087500000001,0.5,1,3,0.00010578855994454277,-0.00010578908969520446,-5.297506616860036e-10,0.00010578855994454277,0.00010578908969520446,399391.0058863779,-6.145976544627022e-22,0.0,0.0,0.0,-6.145976544627022e-22,-5.297506616933053e-10,6.687134867031814e-21,6.687134867031814e-21,1.0,-5.297506616933053e-10,-240580.4413159566,481160.882829122,0.00019722487035095366,481160.8826318971,5.066548436112815e-19,213745.11860669017,267415.7642224318,9.861430526497503e-05,9.861056508597865e-05,213745.11850807586,267415.7641238213,0.0,5.066548436112815e-19,481160.882829122,0.0,55206.19909918727,24523.232364411448,30682.96673477583
n21_vd_1_vg_0p8,n21,1.0,0.8,baseline,997,0.0038005600738759316,0.28155180000000002,1,3,8.15402735999972e-06,-8.154092392177114e-06,-6.503217739369112e-11,8.15402735999972e-06,8.154092392177114e-06,250770.00964385533,-1.5582719674177873e-20,0.0,0.0,0.0,-1.5582719674177873e-20,-6.503217740901574e-11,-2.581062005106869e-22,-2.581062005106869e-22,1.0,-6.503217740901573e-11,-126941.20463574078,253882.40928664483,1.5183790055632256e-05,253882.40927146107,1.5703223121954712e-20,0.58461238380039,253881.82467426104,7.6009317405533385e-06,7.582858315078916e-06,0.5846047828686495,253881.8246666782,0.0,1.5703223121954712e-20,253882.40928664486,1.146350806206276e-16,29238.817841576816,0.06729216533086142,29238.75054941149
n21_vd_1_vg_0p8,n21,1.0,0.8,sentaurus,990,0.0038818087500000001,0.28155180000000002,1,5,0.0,8.440710936890585e-07,8.440710936890585e-07,0.0,0.0001309797643486634,155.17622310249865,-1.3506667678693213e-19,0.0,0.0,0.0,-1.3506667678693213e-19,8.440710936889271e-07,-3.705769144237564e-21,-3.705769144237564e-21,1.0,8.440710936889272e-07,-142882.64262757133,285765.2853751008,0.00012168431274657568,285765.28525341646,1.360161501672178e-19,5.530692879221563e-09,285765.28537509526,5.530692879221563e-09,0.00012167878205369646,0.0,285765.28525341646,0.0,1.360161501672178e-19,285765.2853751008,0.0,32912.01242840209,0,32912.01242840209
n21_vd_1_vg_0p8,n21,1.0,0.8,sentaurus,991,0.0038818087500000001,0.29999999999999999,2,4,0.0040835305814919546,-0.004082502266470275,1.028315021679889e-06,0.0040835305814919546,0.00408257394254944,7941.247917103243,-4.472680662463939e-22,0.0,0.0,0.0,-4.472680662463939e-22,1.0283150216793187e-06,5.698414152653306e-19,5.698414152653306e-19,1.0,1.0283150216793187e-06,-161799.21840164578,323598.44441128336,0.007610096357208398,323598.436801187,2.292134447284501e-19,143745.9966684248,179852.44774285858,0.003805368152707802,0.0038047282045005956,143745.99286305666,179852.44393813037,0.0,2.292134447284501e-19,323598.44441128336,0.0,37238.9500320975,16541.351413388125,20697.59861870937
n21_vd_1_vg_0p8,n21,1.0,0.8,sentaurus,992,0.0038818087500000001,0.3695055000000001,2,4,0.0008752020179886101,-0.0008749579200477002,2.440979409098782e-07,0.0008752020179886101,0.0008749612183528552,7169.9221624635975,-6.966994374548399e-22,0.0,0.0,0.0,-6.966994374548399e-22,2.440979409099632e-07,-8.570914635029452e-20,-8.570914635029452e-20,1.0,2.440979409099632e-07,-368642.5737909357,737285.1492126937,0.001631334309746982,737285.1475813594,5.67813094702313e-19,327521.77453787246,409763.3746748213,0.0008158303014439163,0.0008155040083030657,327521.77372204215,409763.3738593173,0.0,5.67813094702313e-19,737285.1492126938,1.5789728295931136e-16,84617.60384360103,37588.02207515151,47029.58176844952
n21_vd_1_vg_0p8,n21,1.0,0.8,sentaurus,995,0.0038818087500000001,0.5,1,3,9.644839747260807e-05,-9.638857296218987e-05,5.982451041819967e-08,9.644839747260807e-05,9.638857296218987e-05,3223.377326229377,-5.98216680279934e-22,0.0,0.0,0.0,-5.98216680279934e-22,5.982451041819883e-08,2.3822801641527197e-22,2.3822801641527197e-22,1.0,5.982451041819882e-08,-240580.77470269974,481161.54958505125,0.00017977858852083025,481161.54940527264,5.066720474818242e-19,213745.45670813974,267416.0928769115,8.990763027796085e-05,8.987095824286938e-05,213745.4566182321,267416.0927870406,0.0,5.066720474818242e-19,481161.54958505125,0.0,55206.24013181742,24523.253169603067,30682.98696221436
n21_vd_1_vg_0p8,n21,1.0,0.8,sentaurus,997,0.0038005600738759316,0.28155180000000002,1,3,7.12156517634117e-06,-7.009914318898689e-06,1.1165085744248076e-07,7.12156517634117e-06,7.009914318898689e-06,126.5684815946889,-1.5588337090159687e-20,0.0,0.0,0.0,-1.5588337090159687e-20,1.1165085744246505e-07,1.1911400820763599e-22,1.1911400820763599e-22,1.0,1.1165085744246506e-07,-126937.99732448463,253875.99466188694,1.3142974974587325e-05,253875.99464874394,1.569803814147682e-20,0.584606675874881,253875.41005521105,6.638518345150719e-06,6.504456629436605e-06,0.5846000373565359,253875.4100487066,0.0,1.569803814147682e-20,253875.99466188694,0.0,29238.421322382226,0.0672918117076871,29238.35403057052
n21_vd_1_vg_2p5,n21,1.0,2.5,baseline,990,0.0038818087500000001,0.28155180000000002,1,5,0.0,-6.440519628031494e-10,-6.440519628031494e-10,0.0,0.3853209810686874,598276231.3022536,-1.3339477941506266e-19,0.0,0.0,0.0,-1.3339477941506266e-19,-6.440519814288667e-10,1.8492322595216307e-17,1.8492322595216307e-17,1.0,-6.440519814288668e-10,-142801.31446870806,285602.986238527,0.35767812030194085,285602.6285604067,1.3768444881849549e-19,1.3782079686304211e-05,285602.9862247449,1.3782079686304211e-05,0.3576643382222545,0.0,285602.6285604067,0.0,1.3768444881849549e-19,285602.986238527,0.0,32912.15678931013,0,32912.15678931013
n21_vd_1_vg_2p5,n21,1.0,2.5,baseline,991,0.0038818087500000001,0.29999999999999999,2,4,11.904779147781195,-11.904779148151604,-3.7040948086541903e-10,11.904779147781195,11.904988454589294,64279584709.175674,-4.710763662490921e-22,0.0,0.0,0.0,-4.710763662490921e-22,-3.704086930417142e-10,-7.878241759003083e-16,-7.878241759003083e-16,1.0,-3.704086930417142e-10,-161728.84298062185,323479.86875918997,22.183311345797243,323457.6854478442,2.2919114315338295e-19,143683.38313654083,179796.48562264917,11.091493993653762,11.091817352143481,143672.29164254718,179785.39380529703,0.0,2.2919114315338295e-19,323479.86875919,1.7994214334493647e-16,37237.331508545496,16539.947803826988,20697.383704718508
n21_vd_1_vg_2p5,n21,1.0,2.5,baseline,992,0.0038818087500000001,0.3695055000000001,2,4,2.513582100413959,-2.5135820997265412,6.874176783355779e-10,2.513582100413959,2.513591625820815,7313128371.104605,-7.191283148552716e-22,0.0,0.0,0.0,-7.191283148552716e-22,6.87417321131419e-10,3.57203439713659e-16,3.57203439713659e-16,1.0,6.87417321131419e-10,-368629.36989844305,737263.4256445395,4.685959531753017,737258.7396850078,5.677935058297039e-19,327510.06844160624,409753.3572029332,2.343031257124923,2.3429282746280937,327507.72541034914,409751.01427465864,0.0,5.677935058297039e-19,737263.4256445395,0.0,84617.03410750936,37587.62622937529,47029.40787813408
n21_vd_1_vg_2p5,n21,1.0,2.5,baseline,995,0.0038818087500000001,0.5,1,3,0.2693304048828011,-0.2693304052697978,-3.8699671245367995e-10,0.2693304048828011,0.2693304052697978,1391900222.4523337,-6.149057741557434e-22,0.0,0.0,0.0,-6.149057741557434e-22,-3.869966741576942e-10,-3.8296600636140266e-17,-3.8296600636140266e-17,1.0,-3.8699667415769427e-10,-240579.5334674276,481159.5690402278,0.5021174232252498,481159.0669228046,5.066545356317785e-19,213744.31226112111,267415.2567791067,0.2510647301778927,0.251052693047357,213744.06119639095,267415.0057264136,0.0,5.066545356317785e-19,481159.5690402278,0.0,55206.18020725282,24523.208533953813,30682.97167329901
n21_vd_1_vg_2p5,n21,1.0,2.5,baseline,997,0.0038005600738759316,0.28155180000000002,1,3,0.020796472393306,-0.020796471756145136,6.371608622657288e-10,0.020796472393306,0.020796471756145136,65278560.89833833,-1.539537494842446e-20,0.0,0.0,0.0,-1.539537494842446e-20,6.371608631561282e-10,-9.057948239943017e-19,-9.057948239943017e-19,1.0,6.371608631561282e-10,-126865.93886119315,253731.91627113096,0.03859055411497274,253731.8776805768,1.5890568851940808e-20,0.5841397030021304,253731.33213142795,0.019316198252530045,0.019274355862442697,0.5648235047496003,253731.31285707207,0.0,1.5890568851940808e-20,253731.91627113093,1.1470307277242233e-16,29238.57424906167,0.06605625502051271,29238.508192806647
n21_vd_1_vg_2p5,n21,1.0,2.5,sentaurus,990,0.0038818087500000001,0.28155180000000002,1,5,0.0,0.0024460012883119123,0.0024460012883119123,0.0,0.38016507964100665,155.42309051822883,-1.3346746856857566e-19,0.0,0.0,0.0,-1.3346746856857566e-19,0.0024460012883119235,-1.1275702593849246e-17,-1.1275702593849246e-17,1.0,0.0024460012883119235,-142798.92948800782,285598.2086910293,0.35464397008377696,285597.85404705926,1.3761535954867791e-19,1.377732842353006e-05,285598.208677252,1.377732842353006e-05,0.35463019275535346,0.0,285597.85404705926,0.0,1.3761535954867791e-19,285598.20869102934,2.0380961484404336e-16,32911.741008153826,0,32911.741008153826
n21_vd_1_vg_2p5,n21,1.0,2.5,sentaurus,991,0.0038818087500000001,0.29999999999999999,2,4,11.848168461775892,-11.844777309639316,0.0033911521365759256,11.848168461775892,11.844985326293704,6986.756368881984,-4.414874280902234e-22,0.0,0.0,0.0,-4.414874280902234e-22,0.0033911521365768945,-9.688430613330468e-16,-9.688430613330468e-16,1.0,0.0033911521365768945,-161730.73209355937,323483.5351921888,22.077833542133504,323461.4573586467,2.292192268715439e-19,143685.03890839522,179798.49628379362,11.038756366018431,11.039077176115072,143674.0001520292,179787.4572066175,0.0,2.292192268715439e-19,323483.5351921888,0.0,37237.52553274118,16540.036088383953,20697.489444357227
n21_vd_1_vg_2p5,n21,1.0,2.5,sentaurus,992,0.0038818087500000001,0.3695055000000001,2,4,2.5362860762718555,-2.535525090037176,0.0007609862346793506,2.5362860762718555,2.5355346492985236,6664.7995646168865,-6.972049707751235e-22,0.0,0.0,0.0,-6.972049707751235e-22,0.0007609862346797804,-4.298861613905025e-16,-4.298861613905025e-16,1.0,0.0007609862346797804,-368632.149268679,737269.02447808,4.727472180358241,737264.2970058996,5.678125894754378e-19,327512.5147913369,409756.50968674314,2.364194208680516,2.3632779716777246,327510.1505971282,409754.14640877146,0.0,5.678125894754378e-19,737269.02447808,0.0,84617.38677533419,37587.780227161806,47029.606548172385
n21_vd_1_vg_2p5,n21,1.0,2.5,sentaurus,995,0.0038818087500000001,0.5,1,3,0.2793659679613137,-0.2792045772271854,0.00016139073412829719,0.2793659679613137,0.2792045772271854,3460.9827398422062,-5.984728358614913e-22,0.0,0.0,0.0,-5.984728358614913e-22,0.00016139073412828857,8.61940727125976e-18,8.61940727125976e-18,1.0,0.00016139073412828857,-240579.82957878627,481160.1795782199,0.5207340462094301,481159.6588441737,5.066717912414715e-19,213744.6170467998,267415.5625314201,0.26041986335827705,0.26031418285115293,213744.35662693644,267415.30221723724,0.0,5.066717912414715e-19,481160.1795782199,0.0,55206.22047276476,24523.2284210782,30682.992051686557
n21_vd_1_vg_2p5,n21,1.0,2.5,sentaurus,997,0.0038005600738759316,0.28155180000000002,1,3,0.02067476587520969,-0.020350400217473315,0.00032436565773637585,0.02067476587520969,0.020350400217473315,126.47814315171952,-1.5403767202681643e-20,0.0,0.0,0.0,-1.5403767202681643e-20,0.00032436565773637943,-3.577867169202165e-18,-3.577867169202165e-18,1.0,0.00032436565773637943,-126863.62445323761,253727.28658064245,0.03831973885753768,253727.2482609036,1.5882608145921513e-20,0.5841370056485864,253726.7024436368,0.0192036073591156,0.019116131498422083,0.5649333982894708,253726.6833275053,0.0,1.5882608145921513e-20,253727.28658064245,0.0,29238.180884832098,0.06606297379456263,29238.114821858304
