bias_V,current_total,capacitance_F_per_m,max_electric_field_V_per_cm
0.0,2.6390448666774225e-18,0.0,3491.7685904354744
0.25,3.17593363706766e-6,3.8179993835472174e-15,5991.9285878248966
0.5,1.7180621329700808e-2,3.0493579780965251e-17,8491.9284856511931
