state,device,drain_voltage_V,gate_voltage_V,edge_id,node0,node1,incident_target_nodes,edge_class,length_m,couple_m,length_difference_m,couple_difference_m,baseline_phin0_V,baseline_phin1_V,sentaurus_phin0_V,sentaurus_phin1_V,baseline_phin_drop_V,sentaurus_phin_drop_V,phin_drop_difference_V,baseline_electron_density0_m3,baseline_electron_density1_m3,sentaurus_electron_density0_m3,sentaurus_electron_density1_m3,maximum_endpoint_density_change_dex,baseline_transport_cell_vector_drive_V_m,sentaurus_transport_cell_vector_drive_V_m,transport_cell_vector_drive_change_dex,baseline_mobility_m2_V_s,sentaurus_mobility_m2_V_s,mobility_change_dex,baseline_eta,sentaurus_eta,eta_difference,baseline_bernoulli_minus_eta,sentaurus_bernoulli_minus_eta,baseline_bernoulli_eta,sentaurus_bernoulli_eta,maximum_bernoulli_weight_change_dex,baseline_left_term_m3,baseline_right_term_m3,sentaurus_left_term_m3,sentaurus_right_term_m3,baseline_sg_cancellation_condition,sentaurus_sg_cancellation_condition,baseline_electron_flux,sentaurus_electron_flux,electron_flux_difference,mobility_flux_contribution,sg_secant_conductance_flux_contribution,qf_log_imbalance_flux_contribution,mobility_absolute_share,sg_secant_conductance_absolute_share,qf_log_imbalance_absolute_share,factor_flux_closure
n17_vd_0p05_vg_0,n17,0.05,0.0,2084,984,996,996,internal,1.3049610376560958e-07,0,0.0,0.0,0.049999999999999024,0.049999999999999253,0.050000000000000017,0.049999999999999913,2.2898349882893854e-16,-1.0408340855860843e-16,-3.3306690738754696e-16,3.2254277845536901e+26,3.2319729352695226e+26,3.2254405786503913e+26,3.2319673527139734e+26,1.7226845396367254e-06,1.0859386333792921e-08,3.2176635187951068e-07,1.471735342722459,0.0037746501702185754,0.0037746538136610294,4.1919810259561027e-07,0.0020271788111849457,0.0020214848916242267,-5.693919560718994e-06,1.0010139318600635,1.0010110829792196,0.99898675304887841,0.99898959808759535,1.2368360765481914e-06,3.2286981485467829e+26,3.2286981485467534e+26,3.2287017667199487e+26,3.2287017667199617e+26,218960106645152.97,492660792041008.81,0,0,0.0,0.0,0.0,0.0,0.0,0.0,0.0,0.0
n17_vd_0p05_vg_0,n17,0.05,0.0,2085,983,996,996,internal,6.4696812499999939e-10,6.5247249999999943e-08,0.0,0.0,0.049999999999999253,0.049999999999999253,0.049999999999999795,0.049999999999999913,0.0,1.1796119636642288e-16,1.1796119636642288e-16,3.2275853137062128e+26,3.2319729352695226e+26,3.2275899384365286e+26,3.2319673527139734e+26,7.501533002681792e-07,1.7547367806991e-09,1.8233716391264508e-07,2.0166632161225326,0.0037738012704747444,0.0037738007868174323,-5.565998319282646e-08,0.0013584898746867337,0.0013553297076668944,-3.1601670198392467e-06,1.0006793987285669,1.0006778179303801,0.99932090885388025,0.99932248822271319,6.863767393894114e-07,3.2297781310646857e+26,3.2297781310646823e+26,3.2297776567687149e+26,3.2297776567687033e+26,1.7976931348623157e+308,547583288704547.31,0,1.191867452854324e-10,1.191867452854324e-10,-7.637597392405191e-18,-8.751344569365317e-18,1.1918676167437436e-10,6.408091162887064e-08,7.342546473331368e-08,0.9999998624936236,0.0
n17_vd_0p05_vg_0,n17,0.05,0.0,2087,985,993,993,internal,6.9508510975309933e-08,0,0.0,0.0,0.04999999999999756,0.049999999999999038,0.049999999999999808,0.050000000000000315,1.4779844015322396e-15,5.065392549852277e-16,-9.71445146547012e-16,3.205720803970569e+26,3.2297638807098317e+26,3.2057354843711017e+26,3.2297801236800353e+26,2.1841270294855033e-06,1.0915037570905912e-07,1.9313254019596715e-07,0.24783021769175967,0.0037833058308419229,0.0037833215393784712,1.8032157282049846e-06,0.0074720676938568476,0.0074725174043754053,4.4971051855764027e-07,1.003740686492234,1.0037409119075538,0.99626861879837725,0.99626839450317828,9.77750140305719e-08,3.217712400479855e+26,3.2177124004796708e+26,3.2177278584170529e+26,3.2177278584169849e+26,34945476713673.465,94420443561759.922,0,0,0.0,0.0,0.0,0.0,0.0,0.0,0.0,0.0
n17_vd_0p05_vg_0,n17,0.05,0.0,2088,984,993,993,internal,6.4696812499999939e-10,9.9999999999999995e-08,0.0,0.0,0.049999999999999024,0.049999999999999038,0.050000000000000017,0.050000000000000315,1.3877787807814457e-17,2.983724378680108e-16,2.8449465006019636e-16,3.2254277845536901e+26,3.2297638807098317e+26,3.2254405786503913e+26,3.2297801236800353e+26,2.1841270294855033e-06,2.3035139922216748e-08,4.6118670807726665e-07,1.3014859273155233,0.0037755058875676684,0.0037755205657709276,1.688422817475472e-06,0.0013434447908469468,0.0013445073014575148,1.0625106105679582e-06,1.0006718727990778,1.0006724042923811,0.99932842800823085,0.99932789699092361,2.3077292822850477e-07,3.2275948617475214e+26,3.2275948617475186e+26,3.2276093787402962e+26,3.227609378740255e+26,2462459458730713,156347335512204.88,2.7394260302355806e-11,4.7483782697733205e-10,4.4744356667497624e-10,9.7627019159479e-16,1.1294571437944057e-15,4.474414609476408e-10,2.1818845197610236e-06,2.524244905760027e-06,0.9999952938705745,-5.169878828456423e-26
n17_vd_0p05_vg_0,n17,0.05,0.0,2090,990,991,991,internal,5.9284630259155387e-08,0,0.0,0.0,0.04999999999997351,0.049999999999990268,0.049999999999977056,0.049999999999992752,1.6757428777935957e-14,1.569577801063815e-14,-1.061650767297806e-15,2.8819284266199045e+26,3.2044729804018841e+26,2.8819533480971626e+26,3.2044292522973107e+26,5.926404813505705e-06,2.8267742632872805e-07,3.4573907067054075e-07,0.08745733172644606,0.0039245918329523198,0.0039245811921066204,-1.1775152758873225e-06,0.10608797751288569,0.1060656839984425,-2.2293514443189055e-05,1.0539817011244306,1.0539701603774214,0.947893723611545,0.94790447637897901,4.926544989665077e-06,3.0374998256077006e+26,3.0374998256057273e+26,3.0374928324942129e+26,3.0374928324923654e+26,3078616347812.2471,3288291054265.395,0,0,0.0,0.0,0.0,0.0,0.0,0.0,0.0,0.0
n17_vd_0p05_vg_0,n17,0.05,0.0,2091,986,991,991,internal,6.4696812499999939e-10,3.8864649999999965e-08,0.0,0.0,0.049999999999990268,0.049999999999990268,0.049999999999992814,0.049999999999992752,0.0,-6.245004513516506e-17,-6.245004513516506e-17,3.2004666053200116e+26,3.2044729804018841e+26,3.200469339170543e+26,3.2044292522973107e+26,5.926404813505705e-06,3.1101664830653048e-07,3.0839081496116239e-07,-0.0036822022058924115,0.0037951823466690531,0.0037951613794850346,-2.3993464983407245e-06,0.0012510268210271778,0.0012365265662734395,-1.450025475373826e-05,1.0006256438328525,1.0006183906996293,0.99937461701182517,0.99938186413335561,3.1493430241252477e-06,3.2024689575138809e+26,3.2024689575138754e+26,3.202448479644335e+26,3.2024484796443411e+26,1.7976931348623157e+308,977309716688335.62,0,-3.8935342717645456e-11,-3.8935342717645456e-11,1.0755356012196403e-16,1.244851152884805e-16,-3.8935574756320865e-11,2.762330332289043e-06,3.197188540201981e-06,0.9999940404811275,0.0
n17_vd_0p05_vg_0,n17,0.05,0.0,2092,991,992,991;992,internal,1.8448199999999969e-08,3.6410894004419148e-10,0.0,0.0,0.049999999999990268,0.049999999999997685,0.049999999999992752,0.04999999999999976,7.417677583276827e-15,7.008282842946301e-15,-4.0939474033052647e-16,3.2044729804018841e+26,3.2099751322711227e+26,3.2044292522973107e+26,3.2099963443790312e+26,5.926404813505705e-06,3.1983965973528862e-06,4.6421854648560799e-07,-0.8382098273214367,0.0037915983404922375,0.0037915868449064903,-1.316720964651155e-06,0.0017155499968101733,0.0017358042108370809,2.0254214026907674e-05,1.0008580202577091,1.0008681531900943,0.99914247026089897,0.99913234897925696,4.3994116571037006e-06,3.2072224831343509e+26,3.207222483133426e+26,3.2072111877751243e+26,3.2072111877742495e+26,6936687646583.623,7331559399721.9502,1.5033437987513504e-12,1.4207203935146278e-12,-8.262340523672258e-14,-4.4326793111490384e-18,-5.149067628924062e-18,-8.261382348978251e-14,5.364919659809544e-05,6.23197218048757e-05,0.999884031081597,0.0
n17_vd_0p05_vg_0,n17,0.05,0.0,2093,986,992,992,internal,1.8459540920477e-08,0,0.0,0.0,0.049999999999990268,0.049999999999997685,0.049999999999992814,0.04999999999999976,7.417677583276827e-15,6.945832797811136e-15,-4.718447854656915e-16,3.2004666053200116e+26,3.2099751322711227e+26,3.200469339170543e+26,3.2099963443790312e+26,2.8698885805342554e-06,4.1021479773618979e-07,3.8909202147087263e-07,-0.022958997214395684,0.0037932225369161389,0.0037932347781134143,1.4015196310561231e-06,0.0029665768178371828,0.0029723307771103522,5.753959273169414e-06,1.0014840217903123,1.0014869016176342,0.99851744497247519,0.99851457084052375,1.2500747478293504e-06,3.2052161675014735e+26,3.2052161675005451e+26,3.205228122208144e+26,3.2052281222072789e+26,6902994692958.7236,7410287850600.0664,0,0,0.0,0.0,0.0,0.0,0.0,0.0,0.0,0.0
n17_vd_0p05_vg_0,n17,0.05,0.0,2094,985,992,992,internal,6.4696812499999939e-10,4.3976850000000036e-08,0.0,0.0,0.04999999999999756,0.049999999999997685,0.049999999999999808,0.04999999999999976,1.249000902703301e-16,-4.85722573273506e-17,-1.734723475976807e-16,3.205720803970569e+26,3.2099751322711227e+26,3.2057354843711017e+26,3.2099963443790312e+26,2.8698885805342554e-06,2.1664013645995507e-07,1.1403589331671658e-07,-0.27869735154416736,0.0037911549893981517,0.0037911733122168671,2.0989592495478952e-06,0.001326225234618553,0.0013282539694924526,2.0287348738996357e-06,1.0006632591900859,1.0006642740062925,0.99933703395546747,0.99933602003680022,4.4063162948607973e-07,3.2078470277546518e+26,3.2078470277546332e+26,3.2078649711244194e+26,3.2078649711244194e+26,349627579580540.5,1.7976931348623157e+308,8.8169046614615574e-11,-3.2061805790205373e-11,-1.2023085240482096e-10,1.3558529668439507e-16,1.5692139513973482e-16,-1.2023114491151276e-10,1.1277025343445301e-06,1.3051611002030231e-06,0.9999975671363655,2.5849394142282115e-26
n17_vd_0p05_vg_0,n17,0.05,0.0,2106,991,997,991,drain_contact_cut,1.8448378919642255e-08,0,0.0,0.0,0.049999999999990268,0.049999999999999996,0.049999999999992752,0.049999999999999628,9.728329253277934e-15,6.876443858772063e-15,-2.851885394505871e-15,3.2044729804018841e+26,3.210260766455996e+26,3.2044292522973107e+26,3.2102714249383439e+26,5.926404813505705e-06,1.422702929001325e-05,4.7676345935162899e-07,-1.4748112633037855,0.0037916688210708075,0.003791651936034987,-1.934001770075318e-06,0.0018045293395815799,0.001821495515108993,1.696617552741312e-05,1.0009025360302874,1.0009110242446986,0.99909800669070581,0.99908952872958945,3.685271442618576e-06,3.2073651327247797e+26,3.2073651327235633e+26,3.2073485650365753e+26,3.2073485650357177e+26,5273761638648.2168,7483219450122.1133,0,0,0.0,0.0,0.0,0.0,0.0,0.0,0.0,0.0
n17_vd_0p05_vg_0,n17,0.05,0.0,2107,992,997,992,drain_contact_cut,8.1249755088383561e-11,4.3976850000000036e-08,0.0,0.0,0.049999999999997685,0.049999999999999996,0.04999999999999976,0.049999999999999628,2.310651670001107e-15,-1.3183898417423734e-16,-2.4424906541753444e-15,3.2099751322711227e+26,3.210260766455996e+26,3.2099963443790312e+26,3.2102714249383439e+26,2.8698885805342554e-06,2.8439000558016669e-05,1.6249659494140093e-06,-1.2430700648361945,0.0037897103412871235,0.0037897265952834091,1.862676859758859e-06,8.897934277159628e-05,8.5691304272101591e-05,-3.288038499494689e-06,1.0000444903311627,1.0000428462640527,0.99995551098839108,0.99995715495978055,7.139988810680431e-07,3.2101179451277815e+26,3.2101179451274895e+26,3.2101338807300106e+26,3.2101338807300264e+26,21965252282712.352,408189631237032.44,1.2864744060055927e-08,-7.3422295607234289e-10,-1.359896701612827e-08,2.6013843299183273e-14,3.010910069891206e-14,-1.3599023139072267e-08,1.912912102207009e-06,2.2140543575630237e-06,0.9999958730335402,0.0
n17_vd_0p05_vg_0,n17,0.05,0.0,2108,991,998,991;998,internal,8.1249755088383561e-11,3.8864649999999965e-08,0.0,0.0,0.049999999999990268,0.049999999999990268,0.049999999999992752,0.049999999999992932,0.0,1.8041124150158794e-16,1.8041124150158794e-16,3.2044729804018841e+26,3.2045368443643293e+26,3.2044292522973107e+26,3.2044914349278826e+26,6.1541521790999725e-06,3.4074355527727523e-07,2.2384804705307296e-06,0.8175256592964488,0.0037935151974691195,0.0037934696263948876,-5.217162425638003e-06,1.9929431906663082e-05,1.9405024223600584e-05,-5.244076830624971e-07,1.0000099647490517,1.0000097025434915,0.99999003531714514,0.99999029751926771,1.1387405472203372e-07,3.2045049121709769e+26,3.2045049121709783e+26,3.2044603434114967e+26,3.2044603434114788e+26,1.7976931348623157e+308,362193958809349.62,0,8.7388230825049991e-10,8.738823082504999e-10,-5.249012655302525e-15,-6.077155307445683e-15,8.738936344184626e-10,6.006388442720621e-06,6.954023127832651e-06,0.9999870395884294,-1.0339757656912846e-25
n17_vd_0p05_vg_0,n17,0.05,0.0,2109,997,998,998,drain_contact_cut,1.8448199999999969e-08,4.0624877544191781e-11,0.0,0.0,0.049999999999999996,0.049999999999990268,0.049999999999999628,0.049999999999992932,-9.728329253277934e-15,-6.696032617270475e-15,3.0322966360074588e-15,3.210260766455996e+26,3.2045368443643293e+26,3.2102714249383439e+26,3.2044914349278826e+26,6.1541521790999725e-06,5.2733216537537273e-07,2.2499229436411397e-06,0.6300833819070634,0.0037916261826866989,0.0037916084387861391,-2.032398701922458e-06,-0.001784599907674894,-0.0018020904908853694,-1.7490583210475353e-05,0.99910796544588443,0.9990992253820542,1.0008925653535592,1.0009013158729396,3.7991670837580103e-06,3.2073971029245959e+26,3.2073971029258129e+26,3.2073796939220423e+26,3.2073796939228828e+26,5270974241594.9707,7635059312466.251,-2.2006605379786971e-13,-1.5151297286320366e-13,6.855308093466605e-14,8.694517027233151e-19,1.0084240497093714e-18,6.855120305891361e-14,1.2682897557178197e-05,1.471012004070892e-05,0.9999726069824022,-1.262177448353619e-29
n17_vd_0p05_vg_0,n17,0.05,0.0,2110,991,999,991,internal,5.9281099999999972e-08,3.6410894004419148e-10,0.0,0.0,0.049999999999990268,0.04999999999997351,0.049999999999992752,0.04999999999997741,-1.6757428777935957e-14,-1.5341894421538882e-14,1.4155343563970746e-15,3.2044729804018841e+26,2.8856362738336733e+26,3.2044292522973107e+26,2.8857471013306667e+26,1.66794569913808e-05,2.8267742632872811e-07,7.7800733985957713e-07,0.4396925656470285,0.0039228880314914876,0.0039229250143328221,4.094271383512526e-06,-0.10480221899359562,-0.10475016707313817,5.2051920457457657e-05,0.9485140150872492,0.94853913241295962,1.0533162340808451,1.0532892994860978,1.1500274487566713e-05,3.0394875328795953e+26,3.0394875328815669e+26,3.0395265428528e+26,3.0395265428546152e+26,3083703399090.6465,3348699954315.855,-1.0363883036234233e-12,-9.4906735428207129e-13,8.7320949341352e-14,-9.35885422836232e-18,-1.2740981258656079e-17,8.734304917683902e-14,0.00010712342775311827,0.00014583597009441946,0.9997470406021525,0.0
n17_vd_0p05_vg_0,n17,0.05,0.0,2111,998,999,998,internal,5.9281155679800122e-08,0,0.0,0.0,0.049999999999990268,0.04999999999997351,0.049999999999992932,0.04999999999997741,-1.6757428777935957e-14,-1.552230566304047e-14,1.2351231148954867e-15,3.2045368443643293e+26,2.8856362738336733e+26,3.2044914349278826e+26,2.8857471013306667e+26,1.66794569913808e-05,2.8267742632872811e-07,2.1514051220508101e-06,0.8814310696823839,0.0039228490766249555,0.0039228852705574411,4.0069735888077436e-06,-0.10482214842550236,-0.10476957209736182,5.257632814054114e-05,0.94850439838507428,0.94852976858825333,1.0533265468105768,1.053299340685615,1.1616173749464838e-05,3.0395172916665923e+26,3.0395172916685629e+26,3.0395555192151847e+26,3.0395555192170158e+26,3084759109103.8818,3319966822582.4009,0,0,0.0,0.0,0.0,0.0,0.0,0.0,0.0,0.0
n17_vd_0p05_vg_0,n17,0.05,0.0,2112,992,993,992;993,internal,6.9505500000000106e-08,3.6410894004419148e-10,0.0,0.0,0.049999999999997685,0.049999999999999038,0.04999999999999976,0.050000000000000315,1.3530843112619095e-15,5.551115123125783e-16,-7.979727989493313e-16,3.2099751322711227e+26,3.2297638807098317e+26,3.2099963443790312e+26,3.2297801236800353e+26,2.8698885805342554e-06,1.4865884302118072e-06,1.3363920426268815e-07,-1.0462568674387909,0.0037817948508434185,0.003781813858122081,2.182756024728663e-06,0.0061458424592382797,0.0061442634348829375,-1.5790243553422123e-06,1.0030760688425988,1.003075277713225,0.99693022638336048,0.9969310142783423,3.432319520672786e-07,3.2198492367610192e+26,3.2198492367608529e+26,3.219867974596434e+26,3.2198679745963674e+26,38838735428289.914,96335855359736.453,7.2983505161150123e-14,2.9688527472696244e-14,-4.329497768845388e-14,2.580143520313196e-19,2.9874842507534555e-19,-4.3295534451230986e-14,5.959298975881712e-06,6.90012462322899e-06,0.9999871405764009,0.0
n17_vd_0p05_vg_0,n17,0.05,0.0,2113,992,994,992,drain_contact_cut,6.9505547489194824e-08,0,0.0,0.0,0.049999999999997685,0.049999999999999996,0.04999999999999976,0.050000000000000266,2.310651670001107e-15,5.065392549852277e-16,-1.8041124150158794e-15,3.2099751322711227e+26,3.2300486131251823e+26,3.2099963443790312e+26,3.2300593338353254e+26,2.8698885805342554e-06,2.0112180079400586e-05,1.1102595675797836e-06,-1.2580346245603762,0.0037818636758132997,0.0037818798804170268,1.8608695357693301e-06,0.0062339974686682585,0.006230708355779325,-3.289112888933514e-06,1.0031202372926065,1.003118589319681,0.9968862398239382,0.99688788096390168,7.149636688602271e-07,3.2199910163871744e+26,3.2199910163868899e+26,3.2200070046948266e+26,3.2200070046947689e+26,22589960322848.137,111666835600932.66,0,0,0.0,0.0,0.0,0.0,0.0,0.0,0.0,0.0
n17_vd_0p05_vg_0,n17,0.05,0.0,2114,993,994,993,drain_contact_cut,8.1249755088383561e-11,9.9999999999999995e-08,0.0,0.0,0.049999999999999038,0.049999999999999996,0.050000000000000315,0.050000000000000266,9.575673587391975e-16,-4.85722573273506e-17,-1.0061396160665481e-15,3.2297638807098317e+26,3.2300486131251823e+26,3.2297801236800353e+26,3.2300593338353254e+26,2.1841270294855033e-06,1.1785481882021771e-05,5.978142008712805e-07,-1.294781117212156,0.0037740398148926857,0.003774053430675653,1.5668220349309655e-06,8.8155009430060098e-05,8.6444920896468376e-05,-1.7100885335917217e-06,1.0000440781523237,1.0000432230831753,0.99995592314289372,0.99995677816227868,3.7134640981840815e-07,3.229906242734135e+26,3.2299062427340161e+26,3.229919724734959e+26,3.2299197247349679e+26,54158745109374.922,704066625264841,1.2146687107025782e-08,-5.8188175478138663e-10,-1.2728568861807168e-08,2.0861484923293507e-14,2.4136452175326453e-14,-1.2728613859744268e-08,1.6389381753839856e-06,1.8962290092927444e-06,0.9999964648328153,-1.6543612251060553e-24
n17_vd_0p05_vg_0,n17,0.05,0.0,2115,993,996,993;996,internal,1.3049449999999989e-07,3.6410894004419148e-10,0.0,0.0,0.049999999999999038,0.049999999999999253,0.050000000000000315,0.049999999999999913,2.1510571102112408e-16,-4.0245584642661925e-16,-6.175615574477433e-16,3.2297638807098317e+26,3.2319729352695226e+26,3.2297801236800353e+26,3.2319673527139734e+26,2.1841270294855033e-06,1.0386182607878377e-06,1.4296220833581404e-07,-0.8612347059168179,0.0037731161211397666,0.0037731215014942237,6.192909283547353e-07,0.00068373402033806226,0.00067697759016677509,-6.756430171287169e-06,1.0003419059678529,1.0003385269866378,0.99965817194751472,0.99966154939647123,1.4673065333516637e-06,3.2308681562554022e+26,3.230868156255374e+26,3.2308734914128073e+26,3.2308734914128623e+26,229298305511857.03,117379088316884.17,6.1013692129754494e-15,-1.1543166464926055e-14,-1.7644535677901502e-14,-3.8799040890666764e-21,-4.493018182461235e-21,-1.764452730497923e-14,2.1989267158364355e-07,2.5464077176530147e-07,0.9999995254665566,0.0
n17_vd_0p05_vg_0,n17,0.05,0.0,2117,993,995,993,drain_contact_cut,1.3049452529425393e-07,0,0.0,0.0,0.049999999999999038,0.049999999999999996,0.050000000000000315,0.049999999999999718,9.575673587391975e-16,-5.967448757360216e-16,-1.5543122344752192e-15,3.2297638807098317e+26,3.2322380225627774e+26,3.2297801236800353e+26,3.2322487501568391e+26,2.1841270294855033e-06,1.0461748530094911e-05,1.4945399382034366e-06,-0.8450967515756419,0.0037731741824307196,0.0037731877942803835,1.566728766961369e-06,0.00076575092703669691,0.00076404072002978461,-1.710207006912299e-06,1.0003829243280582,1.000382069006533,0.99961717340102152,0.99961802828650304,3.7141407575097796e-07,3.2310006358736391e+26,3.2310006358735113e+26,3.2310141225632095e+26,3.2310141225632933e+26,50565289398562.32,77639941660080.594,0,0,0.0,0.0,0.0,0.0,0.0,0.0,0.0,0.0
n17_vd_0p05_vg_0,n17,0.05,0.0,2118,995,996,996,drain_contact_cut,8.1249755088383561e-11,6.5247249999999943e-08,0.0,0.0,0.049999999999999996,0.049999999999999253,0.049999999999999718,0.049999999999999913,-7.424616477180734e-16,1.942890293094024e-16,9.367506770274758e-16,3.2322380225627774e+26,3.2319729352695226e+26,3.2322487501568391e+26,3.2319673527139734e+26,1.4413935921026576e-06,9.1380172037468631e-06,2.391258788278982e-06,-0.5822253922040692,0.0037723191213364375,0.0037723217165886447,2.987826026463392e-07,-8.2016906698687778e-05,-8.7063129863062649e-05,-5.04622316437487e-06,0.99995899210721506,0.99995646906673397,1.0000410090139138,1.0000435321965973,1.0957888768993436e-06,3.232105475292493e+26,3.232105475292594e+26,3.2321080473521966e+26,3.2321080473521678e+26,64049371006805.492,224172976917071.41,-6.1708429572446429e-09,1.6139151680887416e-09,7.784758125333385e-09,-1.5675218339181561e-15,-1.813167612328832e-15,7.78476150602283e-09,2.0135763336844518e-07,2.3291231510712758e-07,0.9999995657300514,-1.6543612251060553e-24
n17_vd_0p05_vg_0,n17,0.05,0.0,2274,998,1055,998,internal,5.9281099999999972e-08,4.0624877544191781e-11,0.0,0.0,0.049999999999990268,0.04999999999997351,0.049999999999992932,0.049999999999976882,-1.6757428777935957e-14,-1.604966159973742e-14,7.077671781985373e-16,3.2045368443643293e+26,2.8856936433454303e+26,3.2044914349278826e+26,2.8858073959321976e+26,1.7119331836043246e-05,2.8267742632872811e-07,6.4961983218003097e-06,1.3613681463957263,0.0039228010521032549,0.0039228387855268394,4.177458559222797e-06,-0.10480226756179166,-0.10474867838440509,5.358917738657043e-05,0.94851399165118355,0.94853985077694747,1.0533162592129752,1.0532885291613525,1.1839912368959611e-05,3.0395480336412974e+26,3.03954803364327e+26,3.0395878275025003e+26,3.0395878275043774e+26,3081715766822.8745,3238856808436.9839,-1.1563311913228332e-13,-1.1076311882255258e-13,4.8700003097307434e-15,-1.0888476917868058e-18,-1.4819840441651936e-18,4.872571141466695e-15,0.00022334686820853848,0.0003039878740580816,0.9994726652577335,0.0
n17_vd_0p05_vg_0p05,n17,0.05,0.05,2084,984,996,996,internal,1.3049610376560958e-07,0,0.0,0.0,0.049999999999999947,0.050000000000000003,0.050000000000000017,0.049999999999999913,5.551115123125783e-17,-1.0408340855860843e-16,-1.5959455978986625e-16,3.2254277845536784e+26,3.2319729352694532e+26,3.2254405786503803e+26,3.2319673527139734e+26,1.7226845397331578e-06,4.8263977015628357e-08,3.2176635187951068e-07,0.8239175211083557,0.0037746501702185359,0.0037746538136610242,4.1919810654934905e-07,0.0020271788111634733,0.0020214848916285215,-5.693919534951845e-06,1.0010139318600526,1.0010110829792218,0.99898675304888895,0.99898959808759302,1.2368360709551081e-06,3.2286981485467362e+26,3.2286981485467176e+26,3.2287017667199446e+26,3.2287017667199549e+26,351900171393991.44,656881056054677.38,0,0,0.0,0.0,0.0,0.0,0.0,0.0,0.0,0.0
n17_vd_0p05_vg_0p05,n17,0.05,0.05,2085,983,996,996,internal,6.4696812499999939e-10,6.5247249999999943e-08,0.0,0.0,0.049999999999999989,0.050000000000000003,0.049999999999999795,0.049999999999999913,1.3877787807814457e-17,1.1796119636642288e-16,1.0408340855860843e-16,3.2275853137062018e+26,3.2319729352694532e+26,3.2275899384365286e+26,3.2319673527139734e+26,7.501532909624031e-07,2.1452869479747561e-08,1.8233716391264508e-07,0.929389804962957,0.0037738012704747036,0.0037738007868174323,-5.565997846762127e-08,0.0013584898746695556,0.0013553297076668944,-3.1601670026611475e-06,1.0006793987285583,1.0006778179303801,0.99932090885388869,0.99932248822271319,6.863767357249728e-07,3.2297781310646472e+26,3.2297781310646397e+26,3.2297776567687149e+26,3.2297776567687033e+26,896045513101652.38,547583288704547.31,1.7878016709497112e-11,1.191867452854324e-10,1.0130872857593529e-10,-8.7832363250889e-18,-1.0064045519139439e-17,1.0130874742321713e-10,8.669769308647252e-08,9.934032255676654e-08,0.9999998139619843,-1.2924697071141057e-26
n17_vd_0p05_vg_0p05,n17,0.05,0.05,2087,985,993,993,internal,6.9508510975309933e-08,0,0.0,0.0,0.049999999999999434,0.049999999999999996,0.049999999999999066,0.050000000000000315,5.620504062164855e-16,1.2490009027033011e-15,6.869504964868156e-16,3.2057208039705346e+26,3.2297638807097396e+26,3.205735484371125e+26,3.2297801236800353e+26,2.184127041925265e-06,4.290294650080441e-07,7.669317624525852e-07,0.2522696046237676,0.0037833058308418565,0.0037833215393784799,1.8032157367874633e-06,0.0074720676938010181,0.0074725174043925834,4.497105915652125e-07,1.0037406864922063,1.0037409119075624,0.996268618798405,0.99626839450316995,9.777502979732953e-08,3.217712400479732e+26,3.2177124004796688e+26,3.2177278584171045e+26,3.2177278584169581e+26,102288322463979.73,44034646324767.117,0,0,0.0,0.0,0.0,0.0,0.0,0.0,0.0,0.0
n17_vd_0p05_vg_0p05,n17,0.05,0.05,2088,984,993,993,internal,6.4696812499999939e-10,9.9999999999999995e-08,0.0,0.0,0.049999999999999947,0.049999999999999996,0.050000000000000017,0.050000000000000315,4.85722573273506e-17,2.983724378680108e-16,2.498001805406602e-16,3.2254277845536784e+26,3.2297638807097396e+26,3.2254405786503803e+26,3.2297801236800353e+26,2.184127041925265e-06,7.5121818720877902e-08,4.6119382945998154e-07,0.7881173942412848,0.0037755058875676151,0.003775520565770922,1.6884228229721173e-06,0.0013434447908254742,0.0013445073014618095,1.0625106363353239e-06,1.0006718727990671,1.0006724042923834,0.99932842800824162,0.9993278969909215,2.3077293382160705e-07,3.2275948617474746e+26,3.2275948617474616e+26,3.2276093787402921e+26,3.2276093787402481e+26,492491891746134.69,147013166227893.91,8.2182780907064892e-11,4.7483782697733205e-10,3.9265504607026715e-10,1.0827722475609052e-15,1.2526705043015246e-15,3.9265271062751525e-10,2.757566108973776e-06,3.190256987242065e-06,0.9999940521769038,-5.169878828456423e-26
n17_vd_0p05_vg_0p05,n17,0.05,0.05,2090,990,991,991,internal,5.9284630259155387e-08,0,0.0,0.0,0.04999999999991165,0.049999999999972393,0.049999999999917964,0.049999999999974377,6.074307723480388e-14,5.6413207438765767e-14,-4.3298697960381105e-15,2.8819284266201093e+26,3.2044729804018841e+26,2.881953348097398e+26,3.2044292522973217e+26,5.926404812010977e-06,1.0246617764313398e-06,9.5170730402958957e-07,-0.03207713337635277,0.0039245918329524291,0.0039245811921067532,-1.1775152732836313e-06,0.10608797751451331,0.106065683999937,-2.2293514576304796e-05,1.053981701125273,1.0539701603781952,0.94789372361075985,0.94790447637825825,4.926545019173163e-06,3.0374998256103442e+26,3.0374998256032115e+26,3.0374928324966913e+26,3.0374928324900664e+26,851682637197.98535,916974229100.24963,0,0,0.0,0.0,0.0,0.0,0.0,0.0,0.0,0.0
n17_vd_0p05_vg_0p05,n17,0.05,0.05,2091,986,991,991,internal,6.4696812499999939e-10,3.8864649999999965e-08,0.0,0.0,0.049999999999972393,0.049999999999972393,0.049999999999974447,0.049999999999974377,0.0,-6.938893903907228e-17,-6.938893903907228e-17,3.2004666053200116e+26,3.2044729804018841e+26,3.2004693391705313e+26,3.2044292522973217e+26,5.926404812010977e-06,1.1358713642515195e-06,1.0586542510377504e-06,-0.030575005183783935,0.0037951823466690487,0.0037951613794850307,-2.399346498292508e-06,0.0012510268210271778,0.0012365265662777343,-1.4500254749443518e-05,1.0006256438328525,1.0006183906996315,0.99937461701182517,0.99938186413335373,3.149343023257359e-06,3.2024689575138809e+26,3.2024689575138754e+26,3.2024484796443302e+26,3.2024484796443466e+26,1.7976931348623157e+308,390923886675334.25,0,-4.2474919328338965e-11,-4.2474919328338965e-11,1.1733115651803335e-16,1.358019439732962e-16,-4.247517246143946e-11,2.76233033279167e-06,3.19718854072537e-06,0.9999940404811265,0.0
n17_vd_0p05_vg_0p05,n17,0.05,0.05,2092,991,992,991;992,internal,1.8448199999999969e-08,3.6410894004419148e-10,0.0,0.0,0.049999999999972393,0.04999999999999994,0.049999999999974377,0.04999999999999976,2.7547408798511697e-14,2.538247390049264e-14,-2.1649348980190553e-15,3.2044729804018841e+26,3.2099751322709179e+26,3.2044292522973217e+26,3.2099963443790312e+26,5.926404812010977e-06,1.4956906973317694e-06,1.4033525388851689e-06,-0.02767500782073324,0.0037915983404921407,0.0037915868449064933,-1.3167209532238398e-06,0.0017155499975230661,0.0017358042115456791,2.0254214022612932e-05,1.0008580202580657,1.0008681531904486,0.9991424702605427,0.99913234897890302,4.399411656091146e-06,3.2072224831354937e+26,3.207222483132077e+26,3.2072111877762712e+26,3.2072111877731136e+26,1877549639234.4485,2031471938279.1245,5.5840146209035051e-12,5.1453116954313508e-12,-4.3870292547215434e-13,-1.626491679337708e-17,-1.8893574403788074e-17,-4.3866776698095714e-13,3.7075013292587354e-05,4.306689859306011e-05,0.9999198580881143,5.048709793414476e-29
n17_vd_0p05_vg_0p05,n17,0.05,0.05,2093,986,992,992,internal,1.8459540920477e-08,0,0.0,0.0,0.049999999999972393,0.04999999999999994,0.049999999999974447,0.04999999999999976,2.7547408798511697e-14,2.531308496145357e-14,-2.2343238370581275e-15,3.2004666053200116e+26,3.2099751322709179e+26,3.2004693391705313e+26,3.2099963443790312e+26,2.8698886083067026e-06,1.5304164838651717e-06,1.4385688546675481e-06,-0.026878981263739218,0.0037932225369160296,0.0037932347781134044,1.4015196424351506e-06,0.0029665768185500752,0.0029723307778232446,5.753959273169414e-06,1.0014840217906693,1.0014869016179908,0.99851744497211892,0.9985145708401677,1.2500747477329174e-06,3.2052161675026163e+26,3.2052161674991961e+26,3.2052281222092745e+26,3.2052281222061361e+26,1874217949783.905,2042509910793.917,0,0,0.0,0.0,0.0,0.0,0.0,0.0,0.0,0.0
n17_vd_0p05_vg_0p05,n17,0.05,0.05,2094,985,992,992,internal,6.4696812499999939e-10,4.3976850000000036e-08,0.0,0.0,0.049999999999999434,0.04999999999999994,0.049999999999999066,0.04999999999999976,5.065392549852277e-16,6.938893903907228e-16,1.8735013540549517e-16,3.2057208039705346e+26,3.2099751322709179e+26,3.205735484371125e+26,3.2099963443790312e+26,2.8698886083067026e-06,8.413741603034688e-07,1.1100597889977646e-06,0.12035720084163011,0.0037911549893980255,0.0037911733122168749,2.0989592649770603e-06,0.0013262252345756077,0.0013282539695096307,2.028734934022983e-06,1.0006632591900646,1.000664274006301,0.9993370339554889,0.99933602003679156,4.4063164255273015e-07,3.2078470277545494e+26,3.2078470277544971e+26,3.2078649711244696e+26,3.2078649711243912e+26,122369652853184.62,82265773000622.422,3.5267618645843862e-10,4.8493481257685881e-10,1.322586261184202e-10,2.024099143934678e-15,2.342616616767707e-15,1.322542594026595e-10,1.5304099273814956e-05,1.7712391890947078e-05,0.9999669835088353,0.0
n17_vd_0p05_vg_0p05,n17,0.05,0.05,2106,991,997,991,drain_contact_cut,1.8448378919642255e-08,0,0.0,0.0,0.049999999999972393,0.050000000000000003,0.049999999999974377,0.049999999999999628,2.7609858843646862e-14,2.5250634916318404e-14,-2.3592239273284576e-15,3.2044729804018841e+26,3.210260766455996e+26,3.2044292522973217e+26,3.2102714249383439e+26,5.926404812010977e-06,1.543530863220428e-06,1.4092572863781829e-06,-0.039525028753225694,0.0037916688210708799,0.003791651936034987,-1.934001778368571e-06,0.0018045293402729999,0.0018214955158175911,1.696617554459122e-05,1.0009025360306334,1.0009110242450527,0.99909800669036031,0.99908952872923562,3.6852714462348345e-06,3.2073651327258881e+26,3.2073651327224542e+26,3.2073485650377215e+26,3.2073485650345811e+26,1867958320864.7114,2043007940045.8652,0,0,0.0,0.0,0.0,0.0,0.0,0.0,0.0,0.0
n17_vd_0p05_vg_0p05,n17,0.05,0.05,2107,992,997,992,drain_contact_cut,8.1249755088383561e-11,4.3976850000000036e-08,0.0,0.0,0.04999999999999994,0.050000000000000003,0.04999999999999976,0.049999999999999628,6.245004513516506e-17,-1.3183898417423734e-16,-1.942890293094024e-16,3.2099751322709179e+26,3.210260766455996e+26,3.2099963443790312e+26,3.2102714249383439e+26,2.8698886083067026e-06,8.2998221213498587e-07,1.6493881835982404e-06,0.2982540940632758,0.0037897103412871838,0.0037897265952834091,1.862676852815731e-06,8.8979342750123615e-05,8.5691304272101591e-05,-3.2880384780220243e-06,1.0000444903311521,1.0000428462640527,0.99995551098840196,0.99995715495978055,7.139988763428463e-07,3.2101179451275424e+26,3.2101179451275245e+26,3.2101338807300106e+26,3.2101338807300264e+26,362833426595903.56,408189631237032.44,3.5114686020003512e-10,-7.3422295607234289e-10,-1.085369816272378e-09,-8.214924728193794e-16,-9.508164000722835e-16,-1.085368043963505e-09,7.568779419725659e-07,8.760298893678395e-07,0.9999983670921687,0.0
n17_vd_0p05_vg_0p05,n17,0.05,0.05,2108,991,998,991;998,internal,8.1249755088383561e-11,3.8864649999999965e-08,0.0,0.0,0.049999999999972393,0.049999999999972393,0.049999999999974377,0.049999999999974565,0.0,1.8735013540549517e-16,1.8735013540549517e-16,3.2044729804018841e+26,3.2045368443643293e+26,3.2044292522973217e+26,3.2044914349278716e+26,6.154152180594701e-06,1.1366747941696477e-06,2.5323706899854601e-06,0.34789104869732906,0.0037935151974691169,0.0037934696263948854,-5.217162425589786e-06,1.9929431906663082e-05,1.9405024219306053e-05,-5.244076873570287e-07,1.0000099647490517,1.0000097025434893,0.99999003531714514,0.99999029751926993,1.1387405568636093e-07,3.2045049121709769e+26,3.2045049121709783e+26,3.2044603434115008e+26,3.2044603434114747e+26,1.7976931348623157e+308,244480922196311,0,9.0207206012955421e-10,9.020720601295542e-10,-5.418335643435565e-15,-6.2731925747768415e-15,9.020837516577723e-10,6.006388441891768e-06,6.954023127111018e-06,0.999987039588431,-1.0339757656912846e-25
n17_vd_0p05_vg_0p05,n17,0.05,0.05,2109,997,998,998,drain_contact_cut,1.8448199999999969e-08,4.0624877544191781e-11,0.0,0.0,0.050000000000000003,0.049999999999972393,0.049999999999999628,0.049999999999974565,-2.7609858843646862e-14,-2.506328478091291e-14,2.546574062733953e-15,3.210260766455996e+26,3.2045368443643293e+26,3.2102714249383439e+26,3.2044914349278716e+26,6.154152180594701e-06,1.4966153252700483e-06,2.6763212469267204e-06,0.25242805383900346,0.0037916261826866954,0.0037916084387861304,-2.0323987025492737e-06,-0.001784599908366314,-0.0018020904915982618,-1.749058323194776e-05,0.99910796544553881,0.99909922538169793,1.0008925653539051,1.000901315873296,3.7991670883868226e-06,3.2073971029234861e+26,3.2073971029269214e+26,3.2073796939208988e+26,3.2073796939240132e+26,1867620524068.28,2059795041789.0813,-6.2449422936150275e-13,-5.6697270993453417e-13,5.752151942696858e-14,2.7878956312649454e-18,3.233510316038729e-18,5.751549802102127e-14,4.846700259377814e-05,5.621392390623673e-05,0.9998953190735,-1.262177448353619e-29
n17_vd_0p05_vg_0p05,n17,0.05,0.05,2110,991,999,991,internal,5.9281099999999972e-08,3.6410894004419148e-10,0.0,0.0,0.049999999999972393,0.04999999999991165,0.049999999999974377,0.049999999999918068,-6.074307723480388e-14,-5.630912403020716e-14,4.433953204596719e-15,3.2044729804018841e+26,2.8856362738342272e+26,3.2044292522973217e+26,2.8857471013311787e+26,1.6679456985016483e-05,1.0246617764313398e-06,1.0307312976033825e-06,0.002564927602466254,0.0039228880314917903,0.0039229250143331092,4.094271381776753e-06,-0.10480221899510303,-0.10475016707454249,5.2051920560541864e-05,0.94851401508652189,0.94853913241228205,1.0533162340816249,1.0532892994868246,1.1500274510324238e-05,3.039487532877265e+26,3.0394875328844005e+26,3.0395265428506398e+26,3.0395265428572516e+26,851926875869.34534,919407163589.61682,-3.7571295063188423e-12,-3.483109145345485e-12,2.740203609733573e-13,-3.412835441526887e-17,-4.646174754880358e-17,2.741009510753213e-13,0.0001244735669247753,0.00016945614700867657,0.9997060702860665,-5.048709793414476e-29
n17_vd_0p05_vg_0p05,n17,0.05,0.05,2111,998,999,998,internal,5.9281155679800122e-08,0,0.0,0.0,0.049999999999972393,0.04999999999991165,0.049999999999974565,0.049999999999918068,-6.074307723480388e-14,-5.6496474165612653e-14,4.246603069191224e-15,3.2045368443643293e+26,2.8856362738342272e+26,3.2044914349278716e+26,2.8857471013311787e+26,1.6679456985016483e-05,1.02466177643134e-06,2.4544291102862443e-06,0.3793699574030199,0.0039228490766252582,0.0039228852705577152,4.0069735856254925e-06,-0.10482214842700974,-0.10476957209876184,5.2576328247899706e-05,0.94850439838434708,0.94852976858757765,1.0533265468113566,1.0532993406863396,1.16161737729938e-05,3.0395172916642617e+26,3.0395172916713965e+26,3.0395555192130091e+26,3.0395555192196464e+26,852013469374.12878,915875523528.42834,0,0,0.0,0.0,0.0,0.0,0.0,0.0,0.0,0.0
n17_vd_0p05_vg_0p05,n17,0.05,0.05,2112,992,993,992;993,internal,6.9505500000000106e-08,3.6410894004419148e-10,0.0,0.0,0.04999999999999994,0.049999999999999996,0.04999999999999976,0.050000000000000315,5.551115123125783e-17,5.551115123125783e-16,4.996003610813204e-16,3.2099751322709179e+26,3.2297638807097396e+26,3.2099963443790312e+26,3.2297801236800353e+26,2.8698886083067026e-06,7.0511654863978572e-07,8.8619540750536945e-07,0.09926858766100849,0.0037817948508432724,0.0037818138581220779,2.18275604121858e-06,0.0061458424592253959,0.0061442634348829375,-1.579024342458421e-06,1.0030760688425924,1.003075277713225,0.99693022638336715,0.9969310142783423,3.432319491742985e-07,3.2198492367607931e+26,3.2198492367607828e+26,3.219867974596434e+26,3.2198679745963674e+26,655080004223793.12,96335855359736.453,3.0925214051332431e-15,2.9688527472696036e-14,2.6596006067562792e-14,8.237817529066411e-20,9.538363249829827e-20,2.6595828305755e-14,3.097388949355624e-06,3.586389334398248e-06,0.9999933162217163,-3.1554436208840472e-30
n17_vd_0p05_vg_0p05,n17,0.05,0.05,2113,992,994,992,drain_contact_cut,6.9505547489194824e-08,0,0.0,0.0,0.04999999999999994,0.050000000000000003,0.04999999999999976,0.050000000000000266,6.245004513516506e-17,5.065392549852277e-16,4.440892098500626e-16,3.2099751322709179e+26,3.2300486131251823e+26,3.2099963443790312e+26,3.2300593338353254e+26,2.8698886083067026e-06,4.2701032948167004e-07,1.1102595675797836e-06,0.4149861435232985,0.0037818636758133084,0.0037818798804170268,1.8608695348050068e-06,0.0062339974686467861,0.006230708355779325,-3.2891128674611067e-06,1.0031202372925956,1.003118589319681,0.99688623982394886,0.99688788096390168,7.149636642314629e-07,3.2199910163869339e+26,3.2199910163869242e+26,3.2200070046948266e+26,3.2200070046947689e+26,701902338602759,111666835600932.66,0,0,0.0,0.0,0.0,0.0,0.0,0.0,0.0,0.0
n17_vd_0p05_vg_0p05,n17,0.05,0.05,2114,993,994,993,drain_contact_cut,8.1249755088383561e-11,9.9999999999999995e-08,0.0,0.0,0.049999999999999996,0.050000000000000003,0.050000000000000315,0.050000000000000266,6.938893903907228e-18,-4.85722573273506e-17,-5.551115123125783e-17,3.2297638807097396e+26,3.2300486131251823e+26,3.2297801236800353e+26,3.2300593338353254e+26,2.184127041925265e-06,8.5402479577628153e-08,5.978142008712805e-07,0.8450957471538433,0.0037740398148927035,0.003774053430675653,1.5668220329058853e-06,8.8155009421471035e-05,8.6444920896468376e-05,-1.7100885250026586e-06,1.0000440781523194,1.0000432230831753,0.99995592314289805,0.99995677816227868,3.7134640798618753e-07,3.2299062427340298e+26,3.2299062427340298e+26,3.229919724734959e+26,3.2299197247349679e+26,1.7976931348623157e+308,704066625264841,7.273465333548363e-11,-5.8188175478138663e-10,-6.546164081168703e-10,-9.184316786654137e-16,-1.0626126316742804e-15,-6.546144270725599e-10,1.4030074212582888e-06,1.623260001580299e-06,0.9999969737325771,0.0
n17_vd_0p05_vg_0p05,n17,0.05,0.05,2115,993,996,993;996,internal,1.3049449999999989e-07,3.6410894004419148e-10,0.0,0.0,0.049999999999999996,0.050000000000000003,0.050000000000000315,0.049999999999999913,6.938893903907228e-18,-4.0245584642661925e-16,-4.0939474033052647e-16,3.2297638807097396e+26,3.2319729352694532e+26,3.2297801236800353e+26,3.2319673527139734e+26,2.184127041925265e-06,6.6700192470190388e-08,1.4296220833581404e-07,0.3310941609726929,0.0037731161211396898,0.0037731215014942237,6.192909371301028e-07,0.00068373402033806226,0.00067697759016677509,-6.756430171287169e-06,1.0003419059678529,1.0003385269866378,0.99965817194751472,0.99966154939647123,1.4673065333516637e-06,3.2308681562553101e+26,3.2308681562553046e+26,3.2308734914128073e+26,3.2308734914128623e+26,1095536348556622.6,117379088316884.17,1.649018706209497e-16,-1.1543166464926055e-14,-1.1708068335547004e-14,-8.11252189516932e-21,-9.394487750181373e-21,-1.1708050828537358e-14,6.929001149180857e-07,8.023943387534439e-07,0.9999985047055463,0.0
n17_vd_0p05_vg_0p05,n17,0.05,0.05,2117,993,995,993,drain_contact_cut,1.3049452529425393e-07,0,0.0,0.0,0.049999999999999996,0.050000000000000003,0.050000000000000315,0.049999999999999718,6.938893903907228e-18,-5.967448757360216e-16,-6.036837696399289e-16,3.2297638807097396e+26,3.2322380225627774e+26,3.2297801236800353e+26,3.2322487501568391e+26,2.184127041925265e-06,4.2701022552940335e-08,1.4945399382034366e-06,1.5440692499556556,0.0037731741824307296,0.0037731877942803835,1.5667287658041803e-06,0.00076575092702810786,0.00076404072002978461,-1.7102069983232493e-06,1.0003829243280538,1.000382069006533,0.99961717340102574,0.99961802828650304,3.7141407391875733e-07,3.2310006358735332e+26,3.2310006358735243e+26,3.2310141225632095e+26,3.2310141225632933e+26,758479340978423.75,77639941660080.594,0,0,0.0,0.0,0.0,0.0,0.0,0.0,0.0,0.0
n17_vd_0p05_vg_0p05,n17,0.05,0.05,2118,995,996,996,drain_contact_cut,8.1249755088383561e-11,6.5247249999999943e-08,0.0,0.0,0.050000000000000003,0.050000000000000003,0.049999999999999718,0.049999999999999913,0.0,1.942890293094024e-16,1.942890293094024e-16,3.2322380225627774e+26,3.2319729352694532e+26,3.2322487501568391e+26,3.2319673527139734e+26,1.4413935921026576e-06,5.317384183936666e-11,2.391258788278982e-06,4.652928539680341,0.0037723191213364488,0.0037723217165886447,2.9878260129628163e-07,-8.2016906690098715e-05,-8.7063129863062649e-05,-5.0462231729639335e-06,0.99995899210721928,0.99995646906673397,1.0000410090139096,1.0000435321965973,1.0957888787315703e-06,3.232105475292506e+26,3.2321054752925108e+26,3.2321080473521966e+26,3.2321080473521678e+26,1.7976931348623157e+308,224172976917071.41,0,1.6139151680887416e-09,1.6139151680887416e-09,5.551641791434405e-16,6.421637362449069e-16,1.6139139707608262e-09,3.4398597281967833e-07,3.9789187743082e-07,0.9999992581221497,0.0
n17_vd_0p05_vg_0p05,n17,0.05,0.05,2274,998,1055,998,internal,5.9281099999999972e-08,4.0624877544191781e-11,0.0,0.0,0.049999999999972393,0.04999999999991165,0.049999999999974565,0.049999999999918249,-6.074307723480388e-14,-5.6316062924111066e-14,4.427014310692812e-15,3.2045368443643293e+26,2.8856936433460148e+26,3.2044914349278716e+26,2.8858073959326594e+26,1.7119331817528888e-05,1.02466177643134e-06,2.4151353802829306e-06,0.3723609443606141,0.0039228010521035733,0.0039228387855271118,4.1774585541119104e-06,-0.10480226756329046,-0.10474867838580082,5.358917748964076e-05,0.94851399165046013,0.94853985077627379,1.0533162592137508,1.0532885291620746,1.183991239181355e-05,3.0395480336389794e+26,3.0395480336461242e+26,3.0395878275003312e+26,3.0395878275069479e+26,850849794362.28857,918788222995.65515,-4.1919481557315203e-13,-3.8862167226373341e-13,3.057314330941862e-14,-3.885176083692637e-18,-5.287947120367763e-18,3.058231643262268e-14,0.00012700186032466767,0.0001728568042009766,0.9997001413354745,0.0
n17_vd_0p05_vg_0p8,n17,0.05,0.8,2084,984,996,996,internal,1.3049610376560958e-07,0,0.0,0.0,0.049999988373045152,0.049999999783035237,0.049999988876442893,0.049999999785937922,1.1409990084698673e-08,1.0909495029576277e-08,-5.004950551223963e-10,3.2254277844234577e+26,3.2319729352631956e+26,3.2254405785129166e+26,3.2319673527170967e+26,1.7226835645126592e-06,9.319090639712293,8.9545550264942548,-0.017329526228822615,0.0037746499502876482,0.0037746536032480103,4.202932142770321e-07,0.0020276202077168046,0.0020219069333251237,-5.71327439168089e-06,1.0010141527074772,1.0010112941422766,0.99898653249976033,0.99898938720895147,1.2410404319218375e-06,3.2286988607438035e+26,3.2286974357316519e+26,3.2287024476762279e+26,3.2287010851701888e+26,4531467.5317300605,4739357.732449336,0,0,0.0,0.0,0.0,0.0,0.0,0.0,0.0,0.0
n17_vd_0p05_vg_0p8,n17,0.05,0.8,2085,983,996,996,internal,6.4696812499999939e-10,6.5247249999999943e-08,0.0,0.0,0.049999998054872055,0.049999999783035237,0.04999999808187907,0.049999999785937922,1.7281631820020849e-09,1.704058852358692e-09,-2.410432964339293e-11,3.2275853136851255e+26,3.2319729352631956e+26,3.2275899384254517e+26,3.2319673527170967e+26,7.501520303913614e-07,2.6722022478722498,2.6348591804723211,-0.0061119156040950725,0.0037738012154679675,0.0037738007326721191,-5.55608454949331e-08,0.0013585567275964179,0.0013553956279969603,-3.1610995994575935e-06,1.0006794321701586,1.0006778509054362,0.99932087544256232,0.99932245527743913,6.865792998144557e-07,3.2297782389791743e+26,3.2297780230738841e+26,3.2297777631875901e+26,3.2297775502937736e+26,29918471.461831931,30341676.601722341,0.0017941074775227207,0.0017690828814961193,-2.5024596026601348e-05,-2.2792584002175964e-10,-2.6162336873014147e-10,-2.5024106477392593e-05,9.10807270492889e-06,1.0454649036173601e-05,0.9999804372782589,3.3881317890172014e-21
n17_vd_0p05_vg_0p8,n17,0.05,0.8,2087,985,993,993,internal,6.9508510975309933e-08,0,0.0,0.0,0.049999877603105321,0.049999998703073124,0.049999884751342434,0.049999998758896332,1.2109996780362842e-07,1.1400755389745498e-07,-7.092413906173434e-09,3.2057208026184088e+26,3.2297638806676977e+26,3.2057354828866861e+26,3.2297801236672301e+26,2.1841309732757092e-06,91.881294486382828,86.63335906193555,-0.025541951443860348,0.003783303034806854,0.003783318919769301,1.8234693307755672e-06,0.00747675245845457,0.0074769278725257959,1.7541407122591973e-07,1.0037430347104974,1.0037431226361231,0.99626628225204272,0.99626619476359735,3.813814781002379e-08,3.2177199268547727e+26,3.2177048539447373e+26,3.2177349439381017e+26,3.2177207537290523e+26,426953.04129297077,453513.80484892405,0,0,0.0,0.0,0.0,0.0,0.0,0.0,0.0,0.0
n17_vd_0p05_vg_0p8,n17,0.05,0.8,2088,984,993,993,internal,6.4696812499999939e-10,9.9999999999999995e-08,0.0,0.0,0.049999988373045152,0.049999998703073124,0.049999988876442893,0.049999998758896332,1.0330027971905409e-08,9.88245343891414e-09,-4.4757453299126837e-10,3.2254277844234577e+26,3.2297638806676977e+26,3.2254405785129166e+26,3.2297801236672301e+26,2.1841309732757092e-06,15.97661781594876,15.2840692614811,-0.019245849283547358,0.0037755054875476001,0.0037755201849386725,1.6906301522412956e-06,0.0013438444014989438,0.0013448896104696806,1.0452089707368474e-06,1.0006720726938927,1.000672595532569,0.99932822829239409,0.99932770592209952,2.2701509804254182e-07,3.227595506363492e+26,3.2275942166704176e+26,3.2276099954365914e+26,3.2276087616171678e+26,5005213.9151494084,5231899.1192589868,0.016432566775422455,0.015720716251425029,-0.0007118505239974253,6.258347291903294e-08,7.230903130197215e-08,-0.0007119854165016463,8.788328619134678e-05,0.0001015404706023858,0.9998105762432064,0.0
n17_vd_0p05_vg_0p8,n17,0.05,0.8,2090,990,991,991,internal,5.9284630259155387e-08,0,0.0,0.0,0.049980957210469912,0.049994064920108841,0.049982193013545055,0.049994418536495958,1.3107709638929266e-05,1.2225522950902457e-05,-8.821866880268092e-07,2.8819284248994399e+26,3.2044729797505843e+26,2.8819533465134315e+26,3.204429252230314e+26,5.926325624457233e-06,221.10575080515972,206.22479736361763,-0.030259152881231873,0.0039245838340917875,0.0039245737883773727,-1.1116602690206226e-06,0.10659500675276667,0.10653858886855624,-5.641788421043015e-05,1.0542441987326223,1.0542149881241438,0.94764919197985553,0.94767639925558755,1.2468538148252982e-05,3.0382563231128782e+26,3.0367162299819209e+26,3.0381984129689937e+26,3.0367619754228985e+26,3944.5488269396815,4229.1851844909706,0,0,0.0,0.0,0.0,0.0,0.0,0.0,0.0,0.0
n17_vd_0p05_vg_0p8,n17,0.05,0.8,2091,986,991,991,internal,6.4696812499999939e-10,3.8864649999999965e-08,0.0,0.0,0.049994064217411031,0.049994064920108841,0.049994417891903148,0.049994418536495958,7.026978096624781e-10,6.44592809684319e-10,-5.81049999781591e-11,3.2004666045910244e+26,3.2044729797505843e+26,3.2004693387650988e+26,3.204429252230314e+26,5.926325624457233e-06,244.80382808049441,228.91589317023042,-0.02914225882271408,0.0037951740037098745,0.0037951536353459953,-2.3308264040345236e-06,0.0012510540271216404,0.0012365516060157901,-1.4502421105850281e-05,1.0006256574415724,1.0006184032246608,0.99937460341445061,0.99938185161864501,3.149813552728256e-06,3.2024690003386913e+26,3.2024689132905625e+26,3.202448519324619e+26,3.2024484394748809e+26,73579271.940050006,80211871.862254113,0.00043330107921167647,0.00039746740342366186,-3.583367578801461e-05,-2.2293360751456538e-09,-2.656082203868681e-09,-3.58287903697356e-05,6.221343543804975e-05,7.41225159144033e-05,0.9998636640486476,0.0
n17_vd_0p05_vg_0p8,n17,0.05,0.8,2092,991,992,991;992,internal,1.8448199999999969e-08,3.6410894004419148e-10,0.0,0.0,0.049994064920108841,0.049999986156073664,0.049994418536495958,0.049999986961739448,5.9212359648230795e-06,5.56842524349066e-06,-3.528107213324194e-07,3.2044729797505843e+26,3.2099751318147986e+26,3.204429252230314e+26,3.2099963442093024e+26,5.926325624457233e-06,321.58651500515094,302.42536882661886,-0.02667961034290475,0.0037915870727063322,0.0037915763196788334,-1.2316708120095204e-06,0.0019445936911292559,0.0019512004840855517,6.606792956295824e-06,1.0009726119659299,1.0009759175073001,0.99902801827480081,0.99902471702321438,1.4351126194345831e-06,3.2075896885151886e+26,3.2068550946483303e+26,3.2075565108384702e+26,3.2068656894192509e+26,8731.9607099372206,9285.2103623382573,0.0012002521458352922,0.0011287291885986081,-7.15229572366841e-05,-3.3025265405052283e-09,-4.09916252587372e-09,-7.151555554761771e-05,4.6174356711461085e-05,5.7312542493296985e-05,0.9998965131007952,0.0
n17_vd_0p05_vg_0p8,n17,0.05,0.8,2093,986,992,992,internal,1.8459540920477e-08,0,0.0,0.0,0.049994064217411031,0.049999986156073664,0.049994417891903148,0.049999986961739448,5.921938662632742e-06,5.569069836300344e-06,-3.528688263323976e-07,3.2004666045910244e+26,3.2099751318147986e+26,3.2004693387650988e+26,3.2099963442093024e+26,2.8699273556925846e-06,329.06010780788733,309.47135848377451,-0.026654774311901757,0.0037932109679093473,0.0037932239705425284,1.4887023711854507e-06,0.0031956477182507282,0.0031877520901011733,-7.895628149554891e-06,1.0015986748726753,1.0015947228585229,0.99840302715442475,0.99840697076842166,1.7154259036845288e-06,3.2055831101326208e+26,3.2048488886943182e+26,3.2055732003776293e+26,3.2048827261997175e+26,8730.924574531351,9284.1356442380275,0,0,0.0,0.0,0.0,0.0,0.0,0.0,0.0,0.0
n17_vd_0p05_vg_0p8,n17,0.05,0.8,2094,985,992,992,internal,6.4696812499999939e-10,4.3976850000000036e-08,0.0,0.0,0.049999877603105321,0.049999986156073664,0.049999884751342434,0.049999986961739448,1.0855296834338946e-07,1.0221039701413526e-07,-6.3425713292541985e-09,3.2057208026184088e+26,3.2099751318147986e+26,3.2057354828866861e+26,3.2099963442093024e+26,2.8699273556925846e-06,180.38874628991553,169.82023567595681,-0.026220000951360872,0.0037911490556855874,0.0037911677627458433,2.1429790488812106e-06,0.0013304245305490413,0.0013322080543497377,1.7835238006963863e-06,1.0006653597677229,1.0006662519253622,0.99933493523717376,0.99933404387101232,3.8737320616296267e-07,3.2078537602670237e+26,3.2078402904650798e+26,3.2078713103243606e+26,3.2078586274698481e+26,476302.0330451781,505858.51405602088,0.075787942733467811,0.071360529221374217,-0.004427413512093595,3.6304414013458664e-07,4.1154646740713485e-07,-0.004428188102701136,8.19704669635347e-05,9.29216378428528e-05,0.9998251078951936,0.0
n17_vd_0p05_vg_0p8,n17,0.05,0.8,2106,991,997,991,drain_contact_cut,1.8448378919642255e-08,0,0.0,0.0,0.049994064920108841,0.050000000000000003,0.049994418536495958,0.049999999999999628,5.93507989116171e-06,5.581463503670503e-06,-3.5361638749120683e-07,3.2044729797505843e+26,3.210260766455996e+26,3.204429252230314e+26,3.2102714249383439e+26,5.926325624457233e-06,332.45603279691704,312.67741341583263,-0.026637707477537152,0.0037916571299604195,0.0037916410140981217,-1.8459066052998648e-06,0.0020341086829483886,0.0020373961836605181,3.287500712129566e-06,1.001017399141295,1.0010190440070736,0.99898329045834644,0.99898164782341337,7.141139201893121e-07,3.2077332078084854e+26,3.2069968637035437e+26,3.2076947066558909e+26,3.2070022380453236e+26,8711.5928931356775,9263.5201752342473,0,0,0.0,0.0,0.0,0.0,0.0,0.0,0.0,0.0
n17_vd_0p05_vg_0p8,n17,0.05,0.8,2107,992,997,992,drain_contact_cut,8.1249755088383561e-11,4.3976850000000036e-08,0.0,0.0,0.049999986156073664,0.050000000000000003,0.049999986961739448,0.049999999999999628,1.3843926338630297e-08,1.3038260179842887e-08,-8.056661587874103e-10,3.2099751318147986e+26,3.210260766455996e+26,3.2099963442093024e+26,3.2102714249383439e+26,2.8699273556925846e-06,183.20510209043459,172.50892573578099,-0.026125993495433302,0.0037897043102946286,0.0037897209535945496,1.9072932483979668e-06,8.951499181932232e-05,8.6195699575156008e-05,-3.3192922441663123e-06,1.0000447581636542,1.000043098468929,0.99995524317183482,0.99995690276935401,7.207857067588789e-07,3.2101188044070739e+26,3.2101170853665066e+26,3.2101346901370058e+26,3.2101330711303067e+26,3734778.5799811366,3965559.7258768557,0.076987518934998347,0.072507803728557321,-0.004479715206441026,3.282697159726067e-07,3.710633113204742e-07,-0.004480414539468318,7.325627629939863e-05,8.280604373792057e-05,0.9998439376799627,8.673617379884035e-19
n17_vd_0p05_vg_0p8,n17,0.05,0.8,2108,991,998,991;998,internal,8.1249755088383561e-11,3.8864649999999965e-08,0.0,0.0,0.049994064920108841,0.049994064929023856,0.049994418536495958,0.049994418544617683,8.915014559907064e-12,8.12172551434287e-12,-7.932890455641939e-13,3.2044729797505843e+26,3.2045368437153275e+26,3.204429252230314e+26,3.2044914348717113e+26,6.154071835934723e-06,244.98828321890946,229.08955889009363,-0.029140018344162834,0.0037935068553380802,0.0037934618832263364,-5.148601672954155e-06,1.9929777474962867e-05,1.9405341757179788e-05,-5.244357177830789e-07,1.0000099649218372,1.0000097027022592,0.99999003514436213,0.99999029736050216,1.1388014251973378e-07,3.2045049120733575e+26,3.2045049109682933e+26,3.2044603438532591e+26,3.2044603428465449e+26,5799672456.9819965,6366176745.9296875,4.3781358239276771e-05,3.9884527311899738e-05,-3.896830927377033e-06,-4.959332024319117e-10,-5.818152301244234e-10,-3.895753178944476e-06,0.0001272657735668624,0.00014930471477140654,0.9997234295116618,8.470329472543003e-22
n17_vd_0p05_vg_0p8,n17,0.05,0.8,2109,997,998,998,drain_contact_cut,1.8448199999999969e-08,4.0624877544191781e-11,0.0,0.0,0.050000000000000003,0.049994064929023856,0.049999999999999628,0.049994418544617683,-5.93507097614715e-06,-5.581455381944989e-06,3.5361559420216127e-07,3.210260766455996e+26,3.2045368437153275e+26,3.2102714249383439e+26,3.2044914348717113e+26,6.154071835934723e-06,321.71546933209078,302.54744021542814,-0.02667846115540392,0.003791614910123889,0.0037915979089777467,-1.947328693458795e-06,-0.0020141789054734026,-0.0020179908419033152,-3.811936429912611e-06,0.99899324862362893,0.99899134393627842,1.0010074275291023,1.0010093347781817,8.280296145863554e-07,3.2070288320108564e+26,3.2077651823497089e+26,3.2070333651993876e+26,3.2077258395233121e+26,8711.6059786942333,9263.5336547392035,-0.00013423741952641629,-0.00012623821111118626,7.999208415230023e-06,5.839719676792657e-10,7.066662874983218e-10,7.997917776974845e-06,7.300371953897555e-05,8.834202721270154e-05,0.9998386542532484,0.0
n17_vd_0p05_vg_0p8,n17,0.05,0.8,2110,991,999,991,internal,5.9281099999999972e-08,3.6410894004419148e-10,0.0,0.0,0.049994064920108841,0.049980957225232076,0.049994418536495958,0.049982193022523193,-1.3107694876765552e-05,-1.2225513972764779e-05,8.821809040007733e-07,3.2044729797505843e+26,2.8856362718699542e+26,3.204429252230314e+26,2.885747099723034e+26,1.667951059242872e-05,221.11086026540949,206.22954115248447,-0.03025919877320468,0.0039228800396377316,0.0039229176170120401,4.160098697695e-06,-0.10530924774598255,-0.10522307160353275,8.617614244979532e-05,0.9482693751592034,0.94831095188339132,1.053578622905186,1.0535340234869242,1.904115700860403e-05,3.0387035902226372e+26,3.0402446895220012e+26,3.0387953544255132e+26,3.0402327527369303e+26,3944.55326937975,4229.1882903135511,-0.00081073244661880063,-0.00075618528484859137,5.4547161770209266e-05,-7.504740177137075e-09,-1.0290329435256311e-08,5.456495683982166e-05,0.000137492887672451,0.00018852712762321787,0.9996739799847044,0.0
n17_vd_0p05_vg_0p8,n17,0.05,0.8,2111,998,999,998,internal,5.9281155679800122e-08,0,0.0,0.0,0.049994064929023856,0.049980957225232076,0.049994418544617683,0.049982193022523193,-1.3107703791780112e-05,-1.2225522094490293e-05,8.821816972898189e-07,3.2045368437153275e+26,2.8856362718699542e+26,3.2044914348717113e+26,2.885747099723034e+26,1.667951059242872e-05,221.11093859461536,206.2296135486842,-0.030259200165722745,0.0039228410849399707,0.0039228778734000181,4.072800792693015e-06,-0.10532917752345755,-0.10524247694528999,8.670057816756449e-05,0.94825975997258316,0.94830158943325482,1.0535889374960405,1.0535440663785445,1.915709603526278e-05,3.0387333382447956e+26,3.0402744536795009e+26,3.0388243210140955e+26,3.0402617339822964e+26,3944.5505865607374,4229.1854807773134,0,0,0.0,0.0,0.0,0.0,0.0,0.0,0.0,0.0
n17_vd_0p05_vg_0p8,n17,0.05,0.8,2112,992,993,992;993,internal,6.9505500000000106e-08,3.6410894004419148e-10,0.0,0.0,0.049999986156073664,0.049999998703073124,0.049999986961739448,0.049999998758896332,1.2546999460238961e-08,1.1797156883319726e-08,-7.498425769192352e-10,3.2099751318147986e+26,3.2297638806676977e+26,3.2099963442093024e+26,3.2297801236672301e+26,2.8699273556925846e-06,150.8476746889126,142.06129458555691,-0.026062851908381986,0.003781790010579252,0.0037818093296030711,2.2185589328266274e-06,0.0061463279279055129,0.0061447198181760442,-1.6081097294687319e-06,1.0030763120742205,1.003075506372245,0.99692998414631495,0.99693078655406886,3.495542565852119e-07,3.2198500170707483e+26,3.2198484543503886e+26,3.219868708420801e+26,3.21986723908427e+26,4120825.8611850203,4382750.8614719352,6.7595481896405348e-07,6.3556487847573878e-07,-4.0389940488314706e-08,3.3498976665375158e-12,3.816210220791426e-12,-4.0397106596202035e-08,8.290949056480526e-05,9.445065992748789e-05,0.9998226398495077,0.0
n17_vd_0p05_vg_0p8,n17,0.05,0.8,2113,992,994,992,drain_contact_cut,6.9505547489194824e-08,0,0.0,0.0,0.049999986156073664,0.050000000000000003,0.049999986961739448,0.050000000000000266,1.3843926338630297e-08,1.3038260818221126e-08,-8.056655204091712e-10,3.2099751318147986e+26,3.2300486131251823e+26,3.2099963442093024e+26,3.2300593338353254e+26,2.8699273556925846e-06,93.174805909176811,87.87331579279018,-0.025441482470528656,0.0037818608388608256,0.0037818772220186902,1.8813753198847465e-06,0.0062345331177159841,0.0062312127510823793,-3.320366633604785e-06,1.0031205056736927,1.003118842041143,0.99688597255597666,0.99688762929006058,7.217574452039481e-07,3.2199918774260386e+26,3.2199901530983809e+26,3.2200078157595377e+26,3.2200061917733297e+26,3734778.597685976,3965559.5443863445,0,0,0.0,0.0,0.0,0.0,0.0,0.0,0.0,0.0
n17_vd_0p05_vg_0p8,n17,0.05,0.8,2114,993,994,993,drain_contact_cut,8.1249755088383561e-11,9.9999999999999995e-08,0.0,0.0,0.049999998703073124,0.050000000000000003,0.049999998758896332,0.050000000000000266,1.2969268783913357e-09,1.2411039349013997e-09,-5.5822943489935994e-11,3.2297638806676977e+26,3.2300486131251823e+26,3.2297801236672301e+26,3.2300593338353254e+26,2.1841309732757092e-06,15.962348360279336,15.275285284272242,-0.01910745460329371,0.0037740394156617761,0.0037740530504673415,1.5690112026438665e-06,8.8205189810552096e-05,8.6492932906416937e-05,-1.7122569041351586e-06,1.0000441032432517,1.0000432470898721,0.99995589805344087,0.99995675415696572,3.718172754739454e-07,3.2299063237297717e+26,3.2299061616938635e+26,3.2299198022585057e+26,3.2299196471963833e+26,39866548.970026903,41659686.724646546,0.016433211680968483,0.015726008037505641,-0.000707203643462842,5.809212610142592e-08,6.711808289242929e-08,-0.0007073288536718358,8.211434362643157e-05,9.487270809392835e-05,0.9998230129482796,1.0842021724855044e-19
n17_vd_0p05_vg_0p8,n17,0.05,0.8,2115,993,996,993;996,internal,1.3049449999999989e-07,3.6410894004419148e-10,0.0,0.0,0.049999998703073124,0.049999999783035237,0.049999998758896332,0.049999999785937922,1.0799621127932646e-09,1.0270415906621366e-09,-5.292052213112797e-11,3.2297638806676977e+26,3.2319729352631956e+26,3.2297801236672301e+26,3.2319673527170967e+26,2.1841309732757092e-06,14.483295106786704,13.86469233696282,-0.01895714295601945,0.003773115762899802,0.0037731211602003911,6.212415239663355e-07,0.00068377580621792442,0.00067701732285550646,-6.758483362417954e-06,1.0003419268655547,1.0003385468574655,0.99965815105933686,0.99966152953460996,1.4677524386012212e-06,3.2308682237078965e+26,3.2308680887390241e+26,3.2308735555784024e+26,3.2308734272230965e+26,47875752.460211828,50342655.982655607,3.1024135669857451e-08,2.9503975780668411e-08,-1.52015988918904e-09,4.3291567019402923e-14,4.9975414295140454e-14,-1.5202531561703544e-09,2.847480439994706e-05,3.2871070391668844e-05,0.9999386541252083,2.0679515313825692e-25
n17_vd_0p05_vg_0p8,n17,0.05,0.8,2117,993,995,993,drain_contact_cut,1.3049452529425393e-07,0,0.0,0.0,0.049999998703073124,0.050000000000000003,0.049999998758896332,0.049999999999999718,1.2969268783913357e-09,1.2411033867287813e-09,-5.58234916625544e-11,3.2297638806676977e+26,3.2322380225627774e+26,3.2297801236672301e+26,3.2322487501568391e+26,2.1841309732757092e-06,9.3162852717172431,8.9548938940828382,-0.017182334202186407,0.0037731739628021886,0.0037731875840922215,1.5678154461110777e-06,0.00076580110741718895,0.0007640887320397332,-1.7123753774557493e-06,1.0003829494246528,1.000382093018652,0.99961714831723547,0.99961800428661218,3.718849946372724e-07,3.2310007168875642e+26,3.2310005547967443e+26,3.2310142001042646e+26,3.2310140449896762e+26,39866546.885291353,41659706.52959504,0,0,0.0,0.0,0.0,0.0,0.0,0.0,0.0,0.0
n17_vd_0p05_vg_0p8,n17,0.05,0.8,2118,995,996,996,drain_contact_cut,8.1249755088383561e-11,6.5247249999999943e-08,0.0,0.0,0.050000000000000003,0.049999999783035237,0.049999999999999718,0.049999999785937922,-2.169647655980711e-10,-2.1406179606664466e-10,2.902969531426436e-12,3.2322380225627774e+26,3.2319729352631956e+26,3.2322487501568391e+26,3.2319673527170967e+26,1.4413935921026576e-06,2.6703564501225534,2.6346264178977385,-0.005850194378477848,0.0037723190664279908,0.0037723216624989762,2.9887687012367016e-07,-8.2025301199317618e-05,-8.707140918427981e-05,-5.046107984962191e-06,0.99995898791007942,0.99995646492719381,1.0000410132112787,1.000043536336378,1.0957638670033958e-06,3.2321054617263515e+26,3.2321054888520366e+26,3.232108033972173e+26,3.2321080607349272e+26,238305909.61642715,241537775.34727973,-0.0017941385765979406,-0.00177013572278669,2.4002853811250615e-05,-1.2264479425889868e-09,-1.4181992647662822e-09,2.4005498458457965e-05,5.108466478190793e-05,5.907159327251856e-05,0.9998898437419457,-3.3881317890172014e-21
n17_vd_0p05_vg_0p8,n17,0.05,0.8,2274,998,1055,998,internal,5.9281099999999972e-08,4.0624877544191781e-11,0.0,0.0,0.049994064929023856,0.049980957225417677,0.049994418544617683,0.049982193022642223,-1.3107703606178578e-05,-1.2225521975460507e-05,8.821816307180708e-07,3.2045368437153275e+26,2.8856936413738802e+26,3.2044914348717113e+26,2.88580739432362e+26,1.7119386472587317e-05,221.11100514123544,206.22967481657685,-0.03025920185036532,0.0039227930606208321,0.0039228313885543127,4.2432849344724295e-06,-0.10530929665526338,-0.10522158322803014,8.771342723323805e-05,0.94826935156267933,0.94831166997904937,1.0535786482179426,1.0535332532070796,1.938082740115331e-05,3.0387640748486484e+26,3.0403052058498054e+26,3.0388566240367529e+26,3.0402940522708086e+26,3944.5506424409546,4229.1855219475174,-9.0456042097556753e-05,-8.4370075720105364e-05,6.085966377451389e-06,-8.54071723814155e-10,-1.1706520300413682e-09,6.0879911012052435e-06,0.0001402412979476767,0.00019222479279012883,0.9996675339092622,-8.470329472543003e-22
n17_vd_0p05_vg_2p5,n17,0.05,2.5,2084,984,996,996,internal,1.3049610376560958e-07,0,0.0,0.0,0.049999647332842893,0.049999993421756046,0.049999632424088974,0.049999992930161725,3.460889131529088e-07,3.605060727510101e-07,1.4417159598101303e-08,3.2254277806039488e+26,3.231972935079938e+26,3.225440574107089e+26,3.231967352817153e+26,1.7226046208327726e-06,282.64871970625126,295.87815383617351,0.01986587760295924,0.0037746404954522926,0.0037746436353807869,3.612670009065208e-07,0.0020405672939651023,0.0020354313296503052,-5.1359643147971465e-06,1.001020630639865,1.0010180609131927,0.99898006334590006,0.99898262958354256,1.1156392972635034e-06,3.2287197510235048e+26,3.228676527418391e+26,3.228724269083413e+26,3.228679244845441e+26,149395.13401214359,143420.60642744054,0,0,0.0,0.0,0.0,0.0,0.0,0.0,0.0,0.0
n17_vd_0p05_vg_2p5,n17,0.05,2.5,2085,983,996,996,internal,6.4696812499999939e-10,6.5247249999999943e-08,0.0,0.0,0.049999941024864832,0.049999993421756046,0.049999936650106845,0.049999992930161725,5.239689121472324e-08,5.6280054880342156e-08,3.883163665618916e-09,3.2275853130671395e+26,3.231972935079938e+26,3.2275899380729194e+26,3.231967352817153e+26,7.501139602201494e-07,81.019631231283839,87.021694204743426,0.031037272096784446,0.0037737988516174199,0.0037737981687723152,-7.85828549611312e-08,0.0013605168162790192,0.0013575068619675484,-3.0099543114707732e-06,1.0006804126586355,1.0006789069997191,0.99931989584235636,0.99932140013775161,6.537513165881204e-07,3.2297814029709766e+26,3.2297748568493984e+26,3.2297811714741003e+26,3.2297741402167397e+26,986776.09063701436,918691.34926847345,0.054396249473539597,0.058427567579536342,0.004031318105996745,-1.0207379986387766e-08,-8.280107242214507e-09,0.004031336593483974,2.5319972518840203e-06,2.053926552215224e-06,0.9999954140761959,0.0
n17_vd_0p05_vg_2p5,n17,0.05,2.5,2087,985,993,993,internal,6.9508510975309933e-08,0,0.0,0.0,0.049996282880229302,0.049999960661794893,0.049996185628154007,0.049999958987831848,3.6777815655905655e-06,3.773359677841648e-06,9.557811225108237e-08,3.2057207628967604e+26,3.2297638794345411e+26,3.2057354352929763e+26,3.2297801232655998e+26,2.184242785808089e-06,2790.0764611425766,2866.889693003272,0.011794878133883406,0.003783182672777221,0.003783194611540551,1.3705208821043775e-06,0.00761434305434889,0.0076184926547174635,4.1496003685735985e-06,1.0038120030408515,1.0038140831085407,0.99619765998650267,0.99619559045382333,9.022180963313531e-07,3.2179409801930433e+26,3.2174832190016184e+26,3.217962376667177e+26,3.2174927169325974e+26,14058.474854899509,13702.377742369468,0,0,0.0,0.0,0.0,0.0,0.0,0.0,0.0,0.0
n17_vd_0p05_vg_2p5,n17,0.05,2.5,2088,984,993,993,internal,6.4696812499999939e-10,9.9999999999999995e-08,0.0,0.0,0.049999647332842893,0.049999960661794893,0.049999632424088974,0.049999958987831848,3.1332895199936983e-07,3.2656374287370893e-07,1.3234790874339097e-08,3.2254277806039488e+26,3.2297638794345411e+26,3.225440574107089e+26,3.2297801232655998e+26,2.184242785808089e-06,484.60132416655711,505.06011621290662,0.017958477821026077,0.0037754882890103617,0.0037755021414974223,1.593448898202446e-06,0.0013555657255604997,0.0013571406312855678,1.5749057250681424e-06,1.0006779359926452,1.0006787238015291,0.99932237026708481,0.99932158317024355,3.420637420442887e-07,3.2276144141880974e+26,3.2275752953995403e+26,3.2276297573951534e+26,3.2275889860735638e+26,165015.07197987789,158327.43437896823,0.49842802704389666,0.51948551299534607,0.021057485951449406,1.8673885629853317e-06,2.289158529604022e-06,0.021053329404356814,8.868050855124982e-05,0.00010870996351995465,0.9998026095279289,-3.469446951953614e-18
n17_vd_0p05_vg_2p5,n17,0.05,2.5,2090,990,991,991,internal,5.9284630259155387e-08,0,0.0,0.0,0.04942021248211835,0.04981962367922442,0.04940881067305275,0.049815109016543575,0.00039941119710606987,0.00040629834349082544,6.887146384755571e-06,2.8819283738404083e+26,3.2044729604867111e+26,2.8819532953344827e+26,3.2044292499140739e+26,5.9240287569483864e-06,6737.4233485139684,6853.6033186569139,0.007425126921094013,0.0039242381588330821,0.0039242207614668947,-1.9253665494491853e-06,0.12153790452727492,0.12178202319470746,0.0002441186674325413,1.0619996045064537,1.0621266113106889,0.94046169997917894,0.94034458811598121,5.4084289636665955e-05,3.0606067932344411e+26,3.0136840879566447e+26,3.0609992875292873e+26,3.0132677031572526e+26,129.45312605548807,127.2588595287728,0,0,0.0,0.0,0.0,0.0,0.0,0.0,0.0,0.0
n17_vd_0p05_vg_2p5,n17,0.05,2.5,2091,986,991,991,internal,6.4696812499999939e-10,3.8864649999999965e-08,0.0,0.0,0.049819602436656465,0.04981962367922442,0.049815087807024254,0.049815109016543575,2.1242567954660174e-08,2.1209519321385706e-08,-3.3048633274468386e-11,3.2004665830354728e+26,3.2044729604867111e+26,3.2004693255580606e+26,3.2044292499140739e+26,5.9240287569483864e-06,7453.4501244476387,7599.992258795869,0.008455800233783214,0.003794813785334891,0.0037947847925925695,-3.318064289214726e-06,0.0012518492683370405,0.0012373504966578131,-1.4498771679227404e-05,1.0006260552280477,1.0006188028346801,0.9993742059597106,0.99938145233802222,3.149021343787165e-06,3.2024702518719743e+26,3.2024676204057694e+26,3.2024497850490224e+26,3.2024471576935664e+26,2433980.6687447177,2437773.2854407136,0.013097456346418483,0.013076896188018829,-2.0560158399653833e-05,-9.998766704414722e-08,-8.363137340086876e-08,-2.0376539359208815e-05,0.004863175910445841,0.004067642465355562,0.9910691816241987,3.3881317890172014e-21
n17_vd_0p05_vg_2p5,n17,0.05,2.5,2092,991,992,991;992,internal,1.8448199999999969e-08,3.6410894004419148e-10,0.0,0.0,0.04981962367922442,0.04999957956400191,0.049815109016543575,0.049999568464944924,0.00017995588477748986,0.0001844594484013487,4.503563623858842e-06,3.2044729604867111e+26,3.2099751184234397e+26,3.2044292499140739e+26,3.2099963390931291e+26,5.9240287569483864e-06,9773.4959051436144,10018.087815965204,0.010734898942428692,0.0037911015844772113,0.0037910763023199013,-2.896239464277e-06,0.0086765563173064816,0.0088710133464772502,0.00019445702917076854,1.0043445517032425,1.0044420645711203,0.99566799538593609,0.99557105122464284,4.2287553980328804e-05,3.218394958945188e+26,3.1960694913993988e+26,3.2186635315557789e+26,3.1957794297382016e+26,287.31601867636402,280.30127694883487,0.036472887207830956,0.037385272967354721,0.000912385759523765,-2.4627405949736075e-07,-1.312730550350379e-07,0.0009127633066382974,0.0002696999685045551,0.00014375991885099806,0.9995865401126445,0.0
n17_vd_0p05_vg_2p5,n17,0.05,2.5,2093,986,992,992,internal,1.8459540920477e-08,0,0.0,0.0,0.049819602436656465,0.04999957956400191,0.049815087807024254,0.049999568464944924,0.00017997712734544452,0.0001844806579206701,4.503530575225567e-06,3.2004665830354728e+26,3.2099751184234397e+26,3.2004693255580606e+26,3.2099963390931291e+26,2.8710469538892682e-06,10000.224884177554,10250.991167833903,0.010756092848262589,0.0037927125259475795,0.0037927105726644158,-2.2366586242229075e-07,0.0099284055856433528,0.010108363843134894,0.00017995825749154114,1.0049724172157821,1.0050626968253655,0.995044011630139,0.99495433298223079,3.914268779455989e-05,3.2163806381714935e+26,3.1940665190689895e+26,3.2166723314522437e+26,3.1937997664378064e+26,287.28210725204639,280.26905132169617,0,0,0.0,0.0,0.0,0.0,0.0,0.0,0.0,0.0
n17_vd_0p05_vg_2p5,n17,0.05,2.5,2094,985,992,992,internal,6.4696812499999939e-10,4.3976850000000036e-08,0.0,0.0,0.049996282880229302,0.04999957956400191,0.049996185628154007,0.049999568464944924,3.2966837726078335e-06,3.3828367909174983e-06,8.615301830966482e-08,3.2057207628967604e+26,3.2099751184234397e+26,3.2057354352929763e+26,3.2099963390931291e+26,2.8710469538892682e-06,5478.840186706635,5621.183270810091,0.011139112483137837,0.0037908935686140491,0.0037909043476256187,1.2348694325164378e-06,0.0014537551552484091,0.0014591216017404809,5.366446492071752e-06,1.0007270536946222,1.000729738220518,0.99927329853937397,0.99927061661877759,1.1655919162812855e-06,3.2080514940213511e+26,3.2076424248163082e+26,3.2080747829649782e+26,3.2076550211096101e+26,15683.639442276866,15284.213470144716,2.3014758775757516,2.3616408163743561,0.06016493879860452,6.629533939224903e-06,1.3041023043743511e-05,0.060145268241621544,0.00011018932407488247,0.0002167545301990067,0.9996730561457261,-6.938893903907228e-18
n17_vd_0p05_vg_2p5,n17,0.05,2.5,2106,991,997,991,drain_contact_cut,1.8448378919642255e-08,0,0.0,0.0,0.04981962367922442,0.050000000000000003,0.049815109016543575,0.049999999999999628,0.00018037632077558263,0.00018489098345605276,4.514662680470127e-06,3.2044729604867111e+26,3.210260766455996e+26,3.2044292499140739e+26,3.2102714249383439e+26,5.9240287569483864e-06,10103.385134031965,10357.143721630466,0.010773094497208736,0.0037911534267587427,0.0037911221827985745,-3.5791575491612277e-06,0.0087818031644727301,0.0089733988186657711,0.00019159565419304102,1.0043973282462111,1.0044934095575242,0.99561552508173812,0.99552001073885843,4.166602558270408e-05,3.218564079950079e+26,3.19618545864439e+26,3.2188280629320477e+26,3.1958894434292702e+26,286.6463242292624,279.64706008505038,0,0,0.0,0.0,0.0,0.0,0.0,0.0,0.0,0.0
n17_vd_0p05_vg_2p5,n17,0.05,2.5,2107,992,997,992,drain_contact_cut,8.1249755088383561e-11,4.3976850000000036e-08,0.0,0.0,0.04999957956400191,0.050000000000000003,0.049999568464944924,0.049999999999999628,4.204359980927719e-07,4.315350547040575e-07,1.109905661128563e-08,3.2099751184234397e+26,3.210260766455996e+26,3.2099963390931291e+26,3.2102714249383439e+26,2.8710469538892682e-06,5564.4273866415206,5710.2899327586638,0.011237680128035265,0.0037894446229361535,0.0037894531440419801,9.765718852467285e-07,0.00010524684716643897,0.0001023854721887109,-2.861374977728066e-06,1.0000526243466581,1.0000511936096599,0.9999473774994917,0.999948808137471,6.21350432543786e-07,3.2101440412668347e+26,3.2100918345071816e+26,3.2101606703927225e+26,3.2101070851648777e+26,122977.09948636312,119814.13560750772,2.3379282347335084,2.3996643285023822,0.06173609376887379,5.326569565052471e-06,1.1762263210609207e-05,0.061719004936098124,8.627966623534628e-05,0.0001905249019260031,0.9997231954318387,-6.938893903907228e-18
n17_vd_0p05_vg_2p5,n17,0.05,2.5,2108,991,998,991;998,internal,8.1249755088383561e-11,3.8864649999999965e-08,0.0,0.0,0.04981962367922442,0.049819623948733724,0.049815109016543575,0.049815109283777859,2.6950930376301585e-10,2.672342833132113e-10,-2.2750204498045434e-12,3.2044729604867111e+26,3.2045368245192199e+26,3.2044292499140739e+26,3.2044914329026578e+26,6.151737145183811e-06,7459.0608359442886,7605.7514317579607,0.00845797859923249,0.0037931466721132811,0.003793093083946584,-6.1355944026652885e-06,1.9939878980010705e-05,1.9415473036234643e-05,-5.244059437760614e-07,1.0000099699726233,1.0000097077679315,0.99999003009364329,0.99999029229489522,1.1387367728436227e-07,3.2045049089943985e+26,3.2045048755871629e+26,3.2044603577695847e+26,3.2044603246448171e+26,191844956.89641926,193478204.9702552,0.0013234261298745325,0.0013122178677819581,-1.1208262092574387e-05,-1.861783009856309e-08,-1.8321333618742837e-08,-1.1171322928857082e-05,0.0016610809012842084,0.0016346275156146595,0.9967042915831011,0.0
n17_vd_0p05_vg_2p5,n17,0.05,2.5,2109,997,998,998,drain_contact_cut,1.8448199999999969e-08,4.0624877544191781e-11,0.0,0.0,0.050000000000000003,0.049819623948733724,0.049999999999999628,0.049815109283777859,-0.00018037605126627887,-0.00018489071622176945,-4.514664955490577e-06,3.210260766455996e+26,3.2045368245192199e+26,3.2102714249383439e+26,3.2044914329026578e+26,6.151737145183811e-06,9777.4342020577915,10022.155341886333,0.010736227938916853,0.0037911292093298862,0.003791097668464537,-3.6131927984699727e-06,-0.0087618632854926971,-0.0089539833456295133,-0.00019212006013681615,0.9956254658697542,0.99552968946973741,1.0043873291552468,1.0044836728153668,4.1779930553783864e-05,3.1962173711661456e+26,3.2185961823584946e+26,3.1959205147824409e+26,3.218859324027439e+26,286.64675251908494,279.64746427317999,-0.0040791575561445808,-0.0041811979098620184,-0.00010204035371743757,3.436177561831737e-08,2.2556521570565636e-08,-0.00010209727201462645,0.0003363716702509366,0.0002208085786957357,0.9994428197510533,1.3552527156068805e-20
n17_vd_0p05_vg_2p5,n17,0.05,2.5,2110,991,999,991,internal,5.9281099999999972e-08,3.6410894004419148e-10,0.0,0.0,0.04981962367922442,0.049420212210384291,0.049815109016543575,0.049408810053278872,-0.00039941146884012874,-0.0004062989632647035,-6.887494424574758e-06,3.2044729604867111e+26,2.8856362134219529e+26,3.2044292499140739e+26,2.8857470478031013e+26,1.668049338093869e-05,6737.5853153900634,6853.7689799660402,0.00742518404409085,0.0039225346681900954,0.0039225648950539796,3.346639538378113e-06,-0.1202521591404993,-0.12046653048432862,-0.0002143713438293171,0.941078678582836,0.94097579110123342,1.0613308377233353,1.0614423215855622,4.748371131781894e-05,3.0156611792092629e+26,3.0626146997559144e+26,3.0152903484658281e+26,3.0630540459288063e+26,129.4530379873423,127.2586654143764,-0.024698856977958497,-0.02512522616879008,-0.00042636919083158253,-1.9197024482437797e-07,-2.6357421593614183e-07,-0.000425913646370822,0.0004502441755933697,0.0006181830713942337,0.9989315727530125,5.421010862427522e-20
n17_vd_0p05_vg_2p5,n17,0.05,2.5,2111,998,999,998,internal,5.9281155679800122e-08,0,0.0,0.0,0.049819623948733724,0.049420212210384291,0.049815109283777859,0.049408810053278872,-0.0003994117383494325,-0.0004062992304989868,-6.8874921495543084e-06,3.2045368245192199e+26,2.8856362134219529e+26,3.2044914329026578e+26,2.8857470478031013e+26,1.668049338093869e-05,6737.5878164934074,6853.771467483266,0.007425180450274812,0.0039224957205358279,0.0039225251588708076,3.2593683649458987e-06,-0.12027209901947936,-0.12048594595736489,-0.00021384693788553677,0.94106910811948197,0.94096647302672254,1.0613412071389614,1.0614524189840873,4.736770646182962e-05,3.0156906113863391e+26,3.0626446221171571e+26,3.0153190014627623e+26,3.0630831844667902e+26,129.45295064036014,127.25858171628232,0,0,0.0,0.0,0.0,0.0,0.0,0.0,0.0,0.0
n17_vd_0p05_vg_2p5,n17,0.05,2.5,2112,992,993,992;993,internal,6.9505500000000106e-08,3.6410894004419148e-10,0.0,0.0,0.04999957956400191,0.049999960661794893,0.049999568464944924,0.049999958987831848,3.8109779298273194e-07,3.905228869241495e-07,9.42509394141755e-09,3.2099751184234397e+26,3.2297638794345411e+26,3.2099963390931291e+26,3.2297801232655998e+26,2.8710469538892682e-06,4581.0800014469205,4701.6854401592054,0.011285693760992015,0.0037815816197365616,0.0037815943956147004,1.4672389921805287e-06,0.0061605878991004663,0.0061593710529769686,-1.2168461234977196e-06,1.0030834566844882,1.0030828470121369,0.99692286878538772,0.99692347595915975,2.645060583103021e-07,3.2198729376593833e+26,3.2198254721853058e+26,3.2198922667160728e+26,3.2198436270697456e+26,135671.21228645823,132396.84866286366,2.0530063223190868e-05,2.1037994605947609e-05,5.079313827567405e-07,7.021764612753369e-11,1.2097847432109956e-10,5.077401866362918e-07,0.00013824238570657972,0.00023817877459058053,0.9996235788397028,0.0
n17_vd_0p05_vg_2p5,n17,0.05,2.5,2113,992,994,992,drain_contact_cut,6.9505547489194824e-08,0,0.0,0.0,0.04999957956400191,0.050000000000000003,0.049999568464944924,0.050000000000000266,4.204359980927719e-07,4.3153505534243575e-07,1.1099057249663868e-08,3.2099751184234397e+26,3.2300486131251823e+26,3.2099963390931291e+26,3.2300593338353254e+26,2.8710469538892682e-06,2829.389568797842,2907.9930340457545,0.011900613788219603,0.003781738707177715,0.0037817510593502416,1.418519898502683e-06,0.0062502649730631007,0.0062474025236959347,-2.8624493671660506e-06,1.0031283879687647,1.0031269537629233,0.99687812299570167,0.99687955123922734,6.222203329765581e-07,3.2200171659639496e+26,3.2199647986371014e+26,3.2200338492246263e+26,3.2199800991898373e+26,122977.09950516679,119814.13544520916,0,0,0.0,0.0,0.0,0.0,0.0,0.0,0.0,0.0
n17_vd_0p05_vg_2p5,n17,0.05,2.5,2114,993,994,993,drain_contact_cut,8.1249755088383561e-11,9.9999999999999995e-08,0.0,0.0,0.049999960661794893,0.050000000000000003,0.049999958987831848,0.050000000000000266,3.9338205110039937e-08,4.1012168418286254e-08,1.6739633082463179e-09,3.2297638794345411e+26,3.2300486131251823e+26,3.2297801232655998e+26,3.2300593338353254e+26,2.184242785808089e-06,484.16773347783766,504.77044796452378,0.018098077730521307,0.0037740222501841019,0.0037740350354999643,1.4712639076374927e-06,8.967707396271642e-05,8.8031470719047235e-05,-1.6456032436691848e-06,1.0000448392071462,1.0000440163811546,0.99995516213318347,0.99995598491043569,3.573434960023166e-07,3.2299086994861638e+26,3.2299037846356566e+26,3.2299222864985506e+26,3.2299171624844487e+26,1314345.6701405214,1260698.9988778098,0.49844761603685356,0.51966204624630286,0.021214430209449298,1.7245302058691938e-06,2.1249166714069436e-06,0.02121058076257202,8.129043244824254e-05,0.0001001637399839505,0.9998185458275679,-3.469446951953614e-18
n17_vd_0p05_vg_2p5,n17,0.05,2.5,2115,993,996,993;996,internal,1.3049449999999989e-07,3.6410894004419148e-10,0.0,0.0,0.049999960661794893,0.049999993421756046,0.049999958987831848,0.049999992930161725,3.2759961153538963e-08,3.394232987730117e-08,1.182368723762206e-09,3.2297638794345411e+26,3.231972935079938e+26,3.2297801232655998e+26,3.231967352817153e+26,2.184242785808089e-06,439.30155649731091,458.15084160494308,0.018245746658819208,0.0037731003601006868,0.0037731049893165451,5.328354609417449e-07,0.00068500156840466597,0.00067829069836480079,-6.7108700398651805e-06,1.0003425398864645,1.0003391836890381,0.99965753831805992,0.9996608929906734,1.4574124680166856e-06,3.2308702023871094e+26,3.2308661081926055e+26,3.2308756120025913e+26,3.2308713700338977e+26,1578268.0339187449,1523289.6443393701,9.41093506685232e-07,9.7506215129736173e-07,3.396864461212973e-08,1.1754646959957033e-12,1.5822492489774263e-12,3.3965886898184755e-08,3.460440383823737e-05,4.657969922098178e-05,0.9999188158969408,0.0
n17_vd_0p05_vg_2p5,n17,0.05,2.5,2117,993,995,993,drain_contact_cut,1.3049452529425393e-07,0,0.0,0.0,0.049999960661794893,0.050000000000000003,0.049999958987831848,0.049999999999999718,3.9338205110039937e-08,4.1012167870113636e-08,1.6739627600736995e-09,3.2297638794345411e+26,3.2322380225627774e+26,3.2297801232655998e+26,3.2322487501568391e+26,2.184242785808089e-06,282.56364309722517,295.89019070398035,0.02001428645145658,0.0037731645203132867,0.0037731776259089275,1.5084627117583928e-06,0.00076727299156935326,0.0007656272698523635,-1.645721716989762e-06,1.0003836855547712,1.0003828624836855,0.99961641256320166,0.99961723521383306,3.574095805377572e-07,3.2310030931804017e+26,3.2309981766645811e+26,3.2310166849053517e+26,3.2310115591551471e+26,1314345.6678572167,1260699.0169328623,0,0,0.0,0.0,0.0,0.0,0.0,0.0,0.0,0.0
n17_vd_0p05_vg_2p5,n17,0.05,2.5,2118,995,996,996,drain_contact_cut,8.1249755088383561e-11,6.5247249999999943e-08,0.0,0.0,0.050000000000000003,0.049999993421756046,0.049999999999999718,0.049999992930161725,-6.578243956500973e-09,-7.069837992812467e-09,-4.915940363114935e-10,3.2322380225627774e+26,3.231972935079938e+26,3.2322487501568391e+26,3.231967352817153e+26,1.4413935921026576e-06,80.963635798265997,87.01404172480062,0.03129933911230907,0.0037723167066567777,0.0037723191011456345,2.756695814375319e-07,-8.2271423164740349e-05,-8.7336571487615754e-05,-5.065148322875405e-06,0.99995886485246654,0.999956332349896,1.0000411362756314,1.0000436689213834,1.0998985290097573e-06,3.2321050639748564e+26,3.2321058864094289e+26,3.2321076054493681e+26,3.2321084893453968e+26,7859848.2678923821,7313321.7964115646,-0.054397190552987348,-0.05846239161449935,-0.004065201061512001,-3.581895985834323e-08,-4.490847975204455e-08,-0.004065120334072391,8.811116428524402e-06,1.1047050089901678e-05,0.9999801418334815,0.0
n17_vd_0p05_vg_2p5,n17,0.05,2.5,2274,998,1055,998,internal,5.9281099999999972e-08,4.0624877544191781e-11,0.0,0.0,0.049819623948733724,0.049420212206945799,0.049815109283777859,0.04940881004563312,-0.00039941174178792505,-0.0004062992381447389,-6.887496356813849e-06,3.2045368245192199e+26,2.8856935826911239e+26,3.2044914329026578e+26,2.8858073423775037e+26,1.7120400639527086e-05,6737.5899198193738,6853.7736004061162,0.007425180027429862,0.0039224477050043057,0.0039224786828310279,3.429859897110071e-06,-0.12025221837241934,-0.12046505254915692,-0.00021283417673757798,0.94107865015343217,0.94097650040972758,1.0613308685258513,1.0614415529588845,4.7143220058150195e-05,3.0157211891855131e+26,3.062675676417046e+26,3.0153511341256965e+26,3.0631158270333287e+26,129.45294952599403,127.25857932162606,-0.0027557314364326413,-0.0028033040735718781,-4.7572637139236835e-05,-2.195136310158448e-08,-3.012975886276456e-08,-4.752055601727248e-05,0.00046142834245948276,0.0006333422041452107,0.9989052294533953,6.776263578034403e-21
n17_vd_1_vg_0,n17,1.0,0.0,2084,984,996,996,internal,1.3049610376560958e-07,0,0.0,0.0,0.99999999999999944,0.99999999999999978,0.99999999999999978,0.99999999999999978,3.3306690738754696e-16,0.0,-3.3306690738754696e-16,3.2254277845536784e+26,3.2319729352695563e+26,3.225440578650403e+26,3.2319673527139968e+26,1.7226845428189935e-06,1.7161241162870994e-07,3.4321216958432917e-07,0.30101398422969944,0.0037746501702185862,0.0037746538136610454,4.191981031742062e-07,0.0020271788112021238,0.0020214848916328158,-5.693919569308044e-06,1.0010139318600721,1.0010110829792236,0.99898675304886986,0.99898959808759091,1.236836078283976e-06,3.2286981485467994e+26,3.2286981485467595e+26,3.2287017667199734e+26,3.2287017667199707e+26,161527947525113.44,1.7976931348623157e+308,0,0,0.0,0.0,0.0,0.0,0.0,0.0,0.0,0.0
n17_vd_1_vg_0,n17,1.0,0.0,2085,983,996,996,internal,6.4696812499999939e-10,6.5247249999999943e-08,0.0,0.0,0.99999999999999978,0.99999999999999978,1.0000000000000004,0.99999999999999978,0.0,-6.661338147750939e-16,-6.661338147750939e-16,3.2275853137062237e+26,3.2319729352695563e+26,3.2275899384364715e+26,3.2319673527139968e+26,7.501533016664565e-07,2.5523444082896001e-09,1.0296365087529877e-06,2.6057446565026754,0.003773801270474767,0.003773800786817411,-5.5659988207329935e-08,0.0013584898746910282,0.0013553297076668944,-3.1601670241337716e-06,1.0006793987285689,1.0006778179303801,0.99932090885387814,0.99932248822271319,6.863767402573048e-07,3.2297781310647036e+26,3.2297781310647098e+26,3.2297776567686579e+26,3.2297776567687266e+26,1.7976931348623157e+308,94774030737325,0,-5.7209637737006364e-10,-5.720963773700636e-10,3.6660472746481564e-17,4.2006458999434774e-17,-5.720964560369953e-10,6.40809208282553e-08,7.342547358930266e-08,0.9999998624936055,1.0339757656912846e-25
n17_vd_1_vg_0,n17,1.0,0.0,2087,985,993,993,internal,6.9508510975309933e-08,0,0.0,0.0,0.99999999999999711,0.99999999999999967,0.99999999999999889,1,2.55351295663786e-15,1.1102230246251565e-15,-1.4432899320127035e-15,3.2057208039705807e+26,3.2297638807098193e+26,3.2057354843711133e+26,3.229780123680093e+26,2.1841270389358647e-06,9.442357168886758e-07,7.7226786271499268e-07,-0.08731246172345761,0.0037833058308419185,0.0037833215393785042,1.8032157324480078e-06,0.0074720676938912038,0.0074725174044097615,4.4971051855764027e-07,1.0037406864922513,1.0037409119075711,0.99626861879836015,0.99626839450316107,9.777501407878829e-08,3.2177124004799223e+26,3.2177124004796042e+26,3.2177278584171203e+26,3.217727858416987e+26,20205100733626.02,48373035125237.125,0,0,0.0,0.0,0.0,0.0,0.0,0.0,0.0,0.0
n17_vd_1_vg_0,n17,1.0,0.0,2088,984,993,993,internal,6.4696812499999939e-10,9.9999999999999995e-08,0.0,0.0,0.99999999999999944,0.99999999999999967,0.99999999999999978,1,2.220446049250313e-16,2.220446049250313e-16,0.0,3.2254277845536784e+26,3.2297638807098193e+26,3.225440578650403e+26,3.229780123680093e+26,2.1841270389358647e-06,3.4342516222496112e-07,3.4322411248457936e-07,-0.0002543213793330036,0.0037755058875676541,0.0037755205657709627,1.688422823164982e-06,0.0013434447908555359,0.001344507301466104,1.062510610568175e-06,1.000671872799082,1.0006724042923854,0.99932842800822663,0.9993278969909194,2.3077292822850477e-07,3.2275948617475227e+26,3.2275948617474939e+26,3.2276093787403216e+26,3.2276093787402989e+26,223859950793700.38,281425203921971.78,2.9220544322512786e-10,2.9220789352452004e-10,2.4502993921862583e-15,1.1360227419532296e-15,1.3142766497849722e-15,4.4805616513289e-25,0.46362609629496065,0.5363739035221816,1.8285772202437507e-10,-3.944304526105059e-31
n17_vd_1_vg_0,n17,1.0,0.0,2090,990,991,991,internal,5.9284630259155387e-08,0,0.0,0.0,0.99999999999981115,0.99999999999993994,0.99999999999982236,0.99999999999994416,1.2878587085651816e-13,1.2179146580137967e-13,-6.994405055138486e-15,2.8819284266159009e+26,3.2044729804019075e+26,2.8819533480933538e+26,3.204429252297345e+26,5.926404812010977e-06,2.1724608830895213e-06,2.0942052835539151e-06,-0.015932714413167858,0.0039245918329501193,0.0039245811921045292,-1.17751526378498e-06,0.1060879775186146,0.10606568400387939,-2.2293514735205466e-05,1.0539817011273962,1.0539701603802361,0.94789372360878177,0.94790447637635666,4.926545054274285e-06,3.0374998256120279e+26,3.0374998255968945e+26,3.0374928324983103e+26,3.037492832483995e+26,401425334455.90692,424378175249.17035,0,0,0.0,0.0,0.0,0.0,0.0,0.0,0.0,0.0
n17_vd_1_vg_0,n17,1.0,0.0,2091,986,991,991,internal,6.4696812499999939e-10,3.8864649999999965e-08,0.0,0.0,0.99999999999993994,0.99999999999993994,0.99999999999994416,0.99999999999994416,0.0,0.0,0.0,3.2004666053200467e+26,3.2044729804019075e+26,3.2004693391705774e+26,3.204429252297345e+26,5.926404812010977e-06,2.405290634894132e-06,2.2810268075569655e-06,-0.023037171025147667,0.0037951823466690722,0.0037951613794850597,-2.3993464976656917e-06,0.0012510268210228833,0.0012365265662777343,-1.4500254745148993e-05,1.0006256438328502,1.0006183906996315,0.99937461701182739,0.99938186413335373,3.1493430222930387e-06,3.2024689575139084e+26,3.202468957513905e+26,3.2024484796443769e+26,3.2024484796443693e+26,1.7976931348623157e+308,1.7976931348623157e+308,0,0,0.0,0.0,0.0,0.0,0.0,0.0,0.0,0.0
n17_vd_1_vg_0,n17,1.0,0.0,2092,991,992,991;992,internal,1.8448199999999969e-08,3.6410894004419148e-10,0.0,0.0,0.99999999999993994,0.99999999999999811,0.99999999999994416,0.99999999999999967,5.81756864903582e-14,5.551115123125783e-14,-2.6645352591003757e-15,3.2044729804019075e+26,3.2099751322711117e+26,3.204429252297345e+26,3.2099963443790312e+26,5.926404812010977e-06,4.4938417824856296e-06,3.1040831636473615e-06,-0.16068442964623011,0.0037915983404922375,0.0037915868449064955,-1.3167209640725567e-06,0.0017155499987598919,0.001735804212700909,2.0254213941017177e-05,1.0008580202586845,1.0008681531910266,0.99914247025992475,0.99913234897832559,4.399411638491991e-06,3.2072224831374997e+26,3.2072224831302876e+26,3.2072111877781459e+26,3.2072111877712602e+26,889383577403.86255,931534386468.91174,1.1803343262023041e-11,1.1244751746867625e-11,-5.585915151554162e-13,-3.493932019031255e-17,-4.058604511087919e-17,-5.58515989790115e-13,6.25489633164074e-05,7.265782599577616e-05,0.9998647932106878,0.0
n17_vd_1_vg_0,n17,1.0,0.0,2093,986,992,992,internal,1.8459540920477e-08,0,0.0,0.0,0.99999999999993994,0.99999999999999811,0.99999999999994416,0.99999999999999967,5.81756864903582e-14,5.551115123125783e-14,-2.6645352591003757e-15,3.2004666053200467e+26,3.2099751322711117e+26,3.2004693391705774e+26,3.2099963443790312e+26,2.869888582077169e-06,3.2203374452738132e-06,3.047732112369694e-06,-0.023924590922889344,0.0037932225369161376,0.0037932347781134187,1.4015196317311504e-06,0.0029665768197826067,0.0029723307789784742,5.7539591958675335e-06,1.0014840217912859,1.0014869016185692,0.99851744497150341,0.99851457083959061,1.2500747310017877e-06,3.2052161675046243e+26,3.2052161674974142e+26,3.2052281222111718e+26,3.2052281222042834e+26,889069576433.60693,930604125467.80859,0,0,0.0,0.0,0.0,0.0,0.0,0.0,0.0,0.0
n17_vd_1_vg_0,n17,1.0,0.0,2094,985,992,992,internal,6.4696812499999939e-10,4.3976850000000036e-08,0.0,0.0,0.99999999999999711,0.99999999999999811,0.99999999999999889,0.99999999999999967,9.992007221626409e-16,7.771561172376096e-16,-2.220446049250313e-16,3.2057208039705807e+26,3.2099751322711117e+26,3.2057354843711133e+26,3.2099963443790312e+26,2.869888582077169e-06,1.6826073866513456e-06,1.3545991435266153e-06,-0.09417199445908012,0.0037911549893981447,0.0037911733122168688,2.0989592506086503e-06,0.0013262252346443201,0.00132825396951822,2.0287348738998526e-06,1.000663259190099,1.0006642740063054,0.99933703395545448,0.99933602003678723,4.4063162948607973e-07,3.207847027754706e+26,3.207847027754581e+26,3.2078649711244716e+26,3.2078649711243775e+26,51254304859974.531,67983520743569.789,7.6947531590937344e-10,5.1298889264328607e-10,-2.564864232660874e-10,3.0990981120076516e-15,3.586780362489272e-15,-2.5649310914456187e-10,1.2082263503287868e-05,1.3983560346187183e-05,0.9999739341761505,0.0
n17_vd_1_vg_0,n17,1.0,0.0,2106,991,997,991,drain_contact_cut,1.8448378919642255e-08,0,0.0,0.0,0.99999999999993994,1.0000000000000004,0.99999999999994416,1.0000000000000002,6.050715484207103e-14,5.6066262743570405e-14,-4.440892098500626e-15,3.2044729804019075e+26,3.210260766455996e+26,3.204429252297345e+26,3.2102714249382752e+26,5.926404812010977e-06,1.4703699210109353e-05,5.6551828532076349e-06,-0.41497995802648097,0.0037916688210708153,0.0037916519360349414,-1.934001776150608e-06,0.001804529341539888,0.0018214955169771154,1.696617543722745e-05,1.0009025360312671,1.0009110242456329,0.99909800668972737,0.99908952872865597,3.685271423090779e-06,3.2073651327279421e+26,3.2073651327204222e+26,3.2073485650396031e+26,3.2073485650326521e+26,853067945034.95923,922791650868.26318,0,0,0.0,0.0,0.0,0.0,0.0,0.0,0.0,0.0
n17_vd_1_vg_0,n17,1.0,0.0,2107,992,997,992,drain_contact_cut,8.1249755088383561e-11,4.3976850000000036e-08,0.0,0.0,0.99999999999999811,1.0000000000000004,0.99999999999999967,1.0000000000000002,2.3314683517128287e-15,5.551115123125783e-16,-1.7763568394002505e-15,3.2099751322711117e+26,3.210260766455996e+26,3.2099963443790312e+26,3.2102714249382752e+26,2.869888582077169e-06,2.8702703781732867e-05,6.8610203033761552e-06,-0.621534104496987,0.0037897103412871135,0.0037897265952833454,1.8626768535871895e-06,8.8979342780185356e-05,8.5691304276396129e-05,-3.2880385037892273e-06,1.0000444903311669,1.0000428462640547,0.99995551098838675,0.99995715495977844,7.13998882032369e-07,3.2101179451277843e+26,3.2101179451274757e+26,3.2101338807300174e+26,3.2101338807299515e+26,20799368403587.457,96995555937511.609,1.3279735803928597e-08,3.0645827731714526e-09,-1.0215153030757144e-08,3.505024524713243e-14,4.0568065799907456e-14,-1.0215228649068191e-08,3.4311503925594436e-06,3.971302737350113e-06,0.9999925975468701,0.0
n17_vd_1_vg_0,n17,1.0,0.0,2108,991,998,991;998,internal,8.1249755088383561e-11,3.8864649999999965e-08,0.0,0.0,0.99999999999993994,0.99999999999993994,0.99999999999994416,0.99999999999994438,0.0,2.220446049250313e-16,2.220446049250313e-16,3.2044729804019075e+26,3.2045368443643747e+26,3.204429252297345e+26,3.204491434927895e+26,6.154152183584159e-06,2.4352853518375865e-06,3.5578940329950424e-06,0.16464315257121684,0.0037935151974691447,0.003793469626394905,-5.217162426554125e-06,1.9929431910957617e-05,1.9405024219306053e-05,-5.244076916515636e-07,1.0000099647490539,1.0000097025434893,0.99999003531714314,0.99999029751926993,1.1387405655425542e-07,3.2045049121710072e+26,3.2045049121710175e+26,3.2044603434115235e+26,3.2044603434114974e+26,1.7976931348623157e+308,244480922196312.75,0,9.0207206012957355e-10,9.020720601295735e-10,-5.418335647554235e-15,-6.273192579205705e-15,9.020837516578002e-10,6.006388446457194e-06,6.954023132020265e-06,0.9999870395884215,-1.0339757656912846e-25
n17_vd_1_vg_0,n17,1.0,0.0,2109,997,998,998,drain_contact_cut,1.8448199999999969e-08,4.0624877544191781e-11,0.0,0.0,1.0000000000000004,0.99999999999993994,1.0000000000000002,0.99999999999994438,-6.050715484207103e-14,-5.5844218138645374e-14,4.6629367034256575e-15,3.210260766455996e+26,3.2045368443643747e+26,3.2102714249382752e+26,3.204491434927895e+26,6.154152183584159e-06,3.2798405720921899e-06,4.0782076184572806e-06,0.09461659775678229,0.0037916261826867093,0.0037916084387860992,-2.0323987077084498e-06,-0.0017845999096289069,-0.0018020904927577861,-1.7490583128879165e-05,0.99910796544490776,0.99909922538111828,1.0008925653545369,1.0009013158738762,3.799167066062447e-06,3.2073971029214609e+26,3.2073971029289905e+26,3.2073796939189692e+26,3.2073796939258954e+26,851888526252.56079,926206097519.08044,-1.3710309900327489e-12,-1.2629976006968332e-12,1.0803338933591569e-13,6.1633242155959065e-18,7.14846432036544e-18,1.0802007754737972e-13,5.705017914815073e-05,6.616902759699805e-05,0.9998767807932548,0.0
n17_vd_1_vg_0,n17,1.0,0.0,2110,991,999,991,internal,5.9281099999999972e-08,3.6410894004419148e-10,0.0,0.0,0.99999999999993994,0.99999999999981115,0.99999999999994416,0.99999999999982292,-1.2878587085651816e-13,-1.212363542890671e-13,7.549516567451064e-15,3.2044729804019075e+26,2.8856362738226222e+26,3.204429252297345e+26,2.8857471013215422e+26,1.6679457281342933e-05,2.1724608830895213e-06,2.3068150095226403e-06,0.02606080315988613,0.003922888031485384,0.0039229250143277871,4.0942715017379594e-06,-0.10480221900176814,-0.10475016708040452,5.205192136362169e-05,0.94851401508330579,0.94853913240945331,1.0533162340850737,1.0532892994898577,1.1500274687659364e-05,3.0394875328669805e+26,3.039487532882129e+26,3.0395265428415966e+26,3.0395265428558545e+26,401288333309.37799,426360492436.09644,-7.9644612630346791e-12,-7.4988037868981741e-12,4.65657476136505e-13,-7.28892781377533e-17,-9.923019364673363e-17,4.658295956082893e-13,0.00015641418428090682,0.0002129395460050673,0.9996306462697141,-1.0097419586828951e-28
n17_vd_1_vg_0,n17,1.0,0.0,2111,998,999,998,internal,5.9281155679800122e-08,0,0.0,0.0,0.99999999999993994,0.99999999999981115,0.99999999999994438,0.99999999999982292,-1.2878587085651816e-13,-1.2145839889399213e-13,7.327471962526033e-15,3.2045368443643747e+26,2.8856362738226222e+26,3.204491434927895e+26,2.8857471013215422e+26,1.6679457281342933e-05,2.1724608830895213e-06,4.58531367067524e-06,0.3244170847320027,0.0039228490766188466,0.0039228852705523783,4.0069737046224034e-06,-0.10482214843367915,-0.10476957210462387,5.2576329055281645e-05,0.94850439838112865,0.94852976858474891,1.0533265468148081,1.0532993406893729,1.161617395148604e-05,3.0395172916539916e+26,3.0395172916691329e+26,3.0395555192039656e+26,3.0395555192182493e+26,401483320682.86938,425601619742.14233,0,0,0.0,0.0,0.0,0.0,0.0,0.0,0.0,0.0
n17_vd_1_vg_0,n17,1.0,0.0,2112,992,993,992;993,internal,6.9505500000000106e-08,3.6410894004419148e-10,0.0,0.0,0.99999999999999811,0.99999999999999967,0.99999999999999967,1,1.5543122344752192e-15,3.3306690738754696e-16,-1.2212453270876722e-15,3.2099751322711117e+26,3.2297638807098193e+26,3.2099963443790312e+26,3.229780123680093e+26,2.869888582077169e-06,2.4394230509759389e-06,1.0672134987446715e-06,-0.3590358134840191,0.0037817948508434003,0.0037818138581221065,2.1827560297431407e-06,0.0061458424592468683,0.0061442634348915261,-1.5790243553422123e-06,1.003076068842603,1.0030752777132295,0.99693022638335627,0.99693101427833786,3.4323195197084594e-07,3.2198492367610219e+26,3.2198492367608275e+26,3.2198679745964485e+26,3.2198679745964107e+26,33196621835666.602,169418228391262.19,7.9168547971416605e-14,1.9792351648464528e-14,-5.937619632295208e-14,2.486884896084473e-19,2.879502467843121e-19,-5.937673296168847e-14,4.1882776234403996e-06,4.849502995372689e-06,0.9999909622193812,0.0
n17_vd_1_vg_0,n17,1.0,0.0,2113,992,994,992,drain_contact_cut,6.9505547489194824e-08,0,0.0,0.0,0.99999999999999811,1.0000000000000004,0.99999999999999967,1,2.3314683517128287e-15,3.3306690738754696e-16,-1.9984014443252818e-15,3.2099751322711117e+26,3.2300486131252063e+26,3.2099963443790312e+26,3.2300593338353824e+26,2.869888582077169e-06,1.913005766328789e-05,3.416081235443664e-06,-0.7481880893192925,0.003781863675813311,0.0037818798804170458,1.8608695366372213e-06,0.0062339974686854366,0.0062307083557922088,-3.289112893227822e-06,1.0031202372926151,1.0031185893196874,0.99688623982392965,0.99688788096389536,7.149636698245531e-07,3.2199910163871909e+26,3.2199910163868858e+26,3.2200070046948479e+26,3.220007004694806e+26,21087194721972.016,153541898951283.78,0,0,0.0,0.0,0.0,0.0,0.0,0.0,0.0,0.0
n17_vd_1_vg_0,n17,1.0,0.0,2114,993,994,993,drain_contact_cut,8.1249755088383561e-11,9.9999999999999995e-08,0.0,0.0,0.99999999999999967,1.0000000000000004,1,1,7.771561172376096e-16,0.0,-7.771561172376096e-16,3.2297638807098193e+26,3.2300486131252063e+26,3.229780123680093e+26,3.2300593338353824e+26,2.1841270389358647e-06,9.5650303550190786e-06,1.8518612978165739e-25,-19.713077897187212,0.0037740398148927053,0.0037740534306757137,1.566822039656153e-06,8.8155009438649175e-05,8.6444920900762901e-05,-1.7100885378862736e-06,1.0000440781523283,1.0000432230831775,0.99995592314288961,0.99995677816227657,3.7134641068630215e-07,3.2299062427341384e+26,3.2299062427340257e+26,3.2299197247350236e+26,3.2299197247350181e+26,57307509359920.094,1.7976931348623157e+308,1.1637544533677522e-08,0,-1.1637544533677522e-08,2.0992690757008815e-14,2.428825530477405e-14,-1.1637589814623582e-08,1.8038622610705991e-06,2.087043897262288e-06,0.9999961090938417,1.6543612251060553e-24
n17_vd_1_vg_0,n17,1.0,0.0,2115,993,996,993;996,internal,1.3049449999999989e-07,3.6410894004419148e-10,0.0,0.0,0.99999999999999967,0.99999999999999978,1,0.99999999999999978,1.1102230246251565e-16,-2.220446049250313e-16,-3.3306690738754696e-16,3.2297638807098193e+26,3.2319729352695563e+26,3.229780123680093e+26,3.2319673527139968e+26,2.1841270389358647e-06,1.2196605714751689e-06,1.5246702953189279e-07,-0.9030630452526388,0.0037731161211397766,0.0037731215014942649,6.192909319227419e-07,0.00068373402034665131,0.00067697759016677509,-6.756430179876219e-06,1.0003419059678573,1.0003385269866378,0.9996581719475105,0.99966154939647123,1.4673065351838796e-06,3.2308681562554042e+26,3.2308681562553946e+26,3.2308734914128651e+26,3.230873491412885e+26,704273366929277.62,318059465116722.31,5.2768598598707021e-15,-5.276876098252056e-15,-1.0553735958122758e-14,-2.086931525138345e-27,-2.086931525138345e-27,-1.0553735958118585e-14,1.977433899634492e-13,1.977433899634492e-13,0.9999999999996044,-1.5777218104420236e-30
n17_vd_1_vg_0,n17,1.0,0.0,2117,993,995,993,drain_contact_cut,1.3049452529425393e-07,0,0.0,0.0,0.99999999999999967,1.0000000000000004,1,0.99999999999999967,7.771561172376096e-16,-3.3306690738754696e-16,-1.1102230246251565e-15,3.2297638807098193e+26,3.2322380225628117e+26,3.229780123680093e+26,3.2322487501568281e+26,2.1841270389358647e-06,8.8818109796027507e-06,6.8321953917004781e-07,-1.1139412482904338,0.00377317418243074,0.0037731877942804104,1.5667287677328282e-06,0.00076575092704528596,0.00076404072002119556,-1.7102070240903981e-06,1.0003829243280624,1.0003820690065288,0.99961717340101708,0.99961802828650714,3.714140794154192e-07,3.2310006358736405e+26,3.2310006358735312e+26,3.2310141225632535e+26,3.2310141225632947e+26,59043301992333.438,156512263346512.75,0,0,0.0,0.0,0.0,0.0,0.0,0.0,0.0,0.0
n17_vd_1_vg_0,n17,1.0,0.0,2118,995,996,996,drain_contact_cut,8.1249755088383561e-11,6.5247249999999943e-08,0.0,0.0,1.0000000000000004,0.99999999999999978,0.99999999999999967,0.99999999999999978,-6.661338147750939e-16,1.1102230246251565e-16,7.771561172376096e-16,3.2322380225628117e+26,3.2319729352695563e+26,3.2322487501568281e+26,3.2319673527139968e+26,1.4413935859309822e-06,8.1985947851426791e-06,1.3664335162764584e-06,-0.7781509159983114,0.0037723191213364774,0.0037723217165886568,2.987825994640607e-07,-8.2016906698687778e-05,-8.7063129854473585e-05,-5.046223155785807e-06,0.99995899210721506,0.99995646906673841,1.0000410090139138,1.0000435321965928,1.095788874970684e-06,3.2321054752925273e+26,3.2321054752926284e+26,3.2321080473522001e+26,3.232108047352176e+26,64049371006806.172,273989194009754.44,-6.075906911748712e-09,1.5189789817305874e-09,7.5948858934793e-09,-1.5675218178225995e-15,-1.813167601092962e-15,7.594889274168717e-09,2.0639156984265226e-07,2.387351189135181e-07,0.9999995548733113,-1.6543612251060553e-24
n17_vd_1_vg_0,n17,1.0,0.0,2274,998,1055,998,internal,5.9281099999999972e-08,4.0624877544191781e-11,0.0,0.0,0.99999999999993994,0.99999999999981115,0.99999999999994438,0.99999999999982203,-1.2878587085651816e-13,-1.2234657731369225e-13,6.439293542825908e-15,3.2045368443643747e+26,2.8856936433342455e+26,3.204491434927895e+26,2.8858073959230627e+26,1.711933214461587e-05,2.1724608830895213e-06,1.1124578050739794e-05,0.7093315820406585,0.0039228010520970759,0.0039228387855217558,4.177458680534026e-06,-0.1048022675700114,-0.10474867839168862,5.3589178322779873e-05,0.94851399164721717,0.9485398507734325,1.0533162592172285,1.0532885291651213,1.1839912575705785e-05,3.03954803362863e+26,3.0395480336437627e+26,3.0395878274912479e+26,3.0395878275056319e+26,401713414668.84399,422639233613.4621,-8.8862011934432803e-13,-8.4427166964925867e-13,4.434844969506936e-14,-8.334305233661282e-18,-1.1343466561681182e-17,4.43681274668647e-14,0.00018776114720811714,0.0002555536706690212,0.9995566851821228,0.0
n17_vd_1_vg_0p05,n17,1.0,0.05,2084,984,996,996,internal,1.3049610376560958e-07,0,0.0,0.0,0.99999999999999967,1,0.99999999999999978,0.99999999999999978,3.3306690738754696e-16,0.0,-3.3306690738754696e-16,3.225427784553644e+26,3.2319729352694409e+26,3.2254405786503803e+26,3.2319673527139968e+26,1.7226845443619114e-06,2.5740912718824691e-07,3.4321216958432917e-07,0.12493873660829986,0.0037746501702185116,0.0037746538136610355,4.191981105995205e-07,0.0020271788111763567,0.0020214848916414048,-5.693919534951845e-06,1.0010139318600593,1.0010110829792283,0.99898675304888263,0.99898959808758658,1.2368360708586756e-06,3.2286981485467231e+26,3.228698148546686e+26,3.2287017667199659e+26,3.2287017667199562e+26,172863242088275.31,1.7976931348623157e+308,0,0,0.0,0.0,0.0,0.0,0.0,0.0,0.0,0.0
n17_vd_1_vg_0p05,n17,1.0,0.05,2085,983,996,996,internal,6.4696812499999939e-10,6.5247249999999943e-08,0.0,0.0,1,1,1.0000000000000004,0.99999999999999978,0.0,-6.661338147750939e-16,-6.661338147750939e-16,3.2275853137062018e+26,3.2319729352694409e+26,3.2275899384364715e+26,3.2319673527139968e+26,7.501532861407574e-07,2.5523444082896001e-09,1.0296365087529877e-06,2.6057446565026754,0.003773801270474698,0.003773800786817411,-5.565998029984369e-08,0.0013584898746652611,0.0013553297076668944,-3.1601669983666227e-06,1.0006793987285563,1.0006778179303801,0.99932090885389091,0.99932248822271319,6.863767347606469e-07,3.2297781310646404e+26,3.2297781310646356e+26,3.2297776567686579e+26,3.2297776567687266e+26,1.7976931348623157e+308,94774030737325,0,-5.7209637737006364e-10,-5.720963773700636e-10,3.666046747320516e-17,4.200645331256806e-17,-5.720964560369844e-10,6.408091161079866e-08,7.342546364890842e-08,0.9999998624936246,1.0339757656912846e-25
n17_vd_1_vg_0p05,n17,1.0,0.05,2087,985,993,993,internal,6.9508510975309933e-08,0,0.0,0.0,0.99999999999999556,1,0.999999999999996,1,4.440892098500626e-15,3.9968028886505635e-15,-4.440892098500626e-16,3.2057208039705573e+26,3.2297638807097279e+26,3.205735484371057e+26,3.229780123680093e+26,2.184127051182762e-06,3.260648083469807e-06,3.0032149614325249e-06,-0.03571750977346101,0.0037833058308418487,0.0037833215393784651,1.8032157360160045e-06,0.0074720676939427381,0.0074725174045385976,4.4971059585952045e-07,1.0037406864922773,1.0037409119076357,0.99626861879833428,0.9962683945030969,9.77750308098736e-08,3.2177124004799828e+26,3.2177124004794289e+26,3.2177278584172708e+26,3.2177278584167801e+26,11620921842061.623,13110448772260.416,0,0,0.0,0.0,0.0,0.0,0.0,0.0,0.0,0.0
n17_vd_1_vg_0p05,n17,1.0,0.05,2088,984,993,993,internal,6.4696812499999939e-10,9.9999999999999995e-08,0.0,0.0,0.99999999999999967,1,0.99999999999999978,1,3.3306690738754696e-16,2.220446049250313e-16,-1.1102230246251565e-16,3.225427784553644e+26,3.2297638807097279e+26,3.2254405786503803e+26,3.229780123680093e+26,2.184127051182762e-06,5.1522148273562933e-07,3.4366734263883135e-07,-0.17585569832838907,0.0037755058875675904,0.003775520565770951,1.688422829143789e-06,0.0013434447908383578,0.0013445073014746931,1.0625106363353239e-06,1.0006718727990733,1.0006724042923898,0.99932842800823507,0.99932789699091507,2.3077293377339065e-07,3.2275948617474609e+26,3.2275948617474293e+26,3.2276093787403127e+26,3.2276093787402852e+26,201017098671890.28,234521003268309,5.8441088645023193e-10,2.9220789352451803e-10,-2.922029929257139e-10,1.7040336939283983e-15,1.9714145562963976e-15,-2.922066683739641e-10,5.83153105273084e-06,6.746559791517303e-06,0.9999874219091557,5.169878828456423e-26
n17_vd_1_vg_0p05,n17,1.0,0.05,2090,990,991,991,internal,5.9284630259155387e-08,0,0.0,0.0,0.99999999999931122,0.99999999999978495,0.99999999999935252,0.99999999999979705,4.737321646075543e-13,4.445332990599127e-13,-2.919886554764162e-14,2.8819284266160851e+26,3.2044729804018841e+26,2.8819533480935483e+26,3.2044292522973107e+26,5.926404813505705e-06,7.9912849897784365e-06,7.5063233013206699e-06,-0.027189353227776002,0.0039245918329501748,0.0039245811921045873,-1.177515263495681e-06,0.1060879775318847,0.106065684016282,-2.2293515602705982e-05,1.0539817011342658,1.0539701603866565,0.94789372360238111,0.94790447637037445,4.92654524598041e-06,3.0374998256320197e+26,3.0374998255763621e+26,3.0374928325170189e+26,3.0374928324647931e+26,109149196642.46913,116321903400.26196,0,0,0.0,0.0,0.0,0.0,0.0,0.0,0.0,0.0
n17_vd_1_vg_0p05,n17,1.0,0.05,2091,986,991,991,internal,6.4696812499999939e-10,3.8864649999999965e-08,0.0,0.0,0.99999999999978495,0.99999999999978495,0.9999999999997965,0.99999999999979705,0.0,5.551115123125783e-16,5.551115123125783e-16,3.200466605319989e+26,3.2044729804018841e+26,3.2004693391705774e+26,3.2044292522973107e+26,5.926404813505705e-06,8.8541547777367734e-06,8.3626682266607765e-06,-0.024802242226411246,0.0037951823466689945,0.003795161379485009,-2.3993464945798266e-06,0.0012510268210314723,0.0012365265662863233,-1.4500254745148993e-05,1.0006256438328547,1.0006183906996358,0.99937461701182306,0.99938186413334928,3.1493430222930387e-06,3.2024689575138651e+26,3.2024689575138685e+26,3.2024484796443899e+26,3.2024484796443212e+26,1.7976931348623157e+308,93077115875080.078,0,3.397993546267112e-10,3.397993546267112e-10,-9.386492508087149e-16,-1.0864155512262995e-15,3.3980137969151323e-10,2.7623303288613386e-06,3.1971885390771923e-06,0.999994040481132,0.0
n17_vd_1_vg_0p05,n17,1.0,0.05,2092,991,992,991;992,internal,1.8448199999999969e-08,3.6410894004419148e-10,0.0,0.0,0.99999999999978495,0.99999999999999944,0.99999999999979705,0.99999999999999967,2.1449508835758024e-13,2.0261570199409107e-13,-1.1879386363489175e-14,3.2044729804018841e+26,3.2099751322709179e+26,3.2044292522973107e+26,3.2099963443790086e+26,5.926404813505705e-06,1.1651846325916306e-05,1.1088262841263235e-05,-0.02153123605725437,0.0037915983404920839,0.0037915868449064209,-1.316720955007851e-06,0.0017155500047550619,0.0017358042183954615,2.0254213640399574e-05,1.0008580202616837,1.0008681531938755,0.99914247025692871,0.99913234897547987,4.399411573158144e-06,3.2072224831470867e+26,3.2072224831204758e+26,3.2072111877872402e+26,3.207211187762102e+26,241045838427.02051,255165331837.65466,4.3489920914958255e-11,4.1069407870180789e-11,-2.4205130447774663e-12,-1.2818609973786584e-16,-1.4890292082946301e-16,-2.4202359557568987e-12,5.295823545113381e-05,6.151709082945787e-05,0.9998855246737195,4.0389678347315804e-28
n17_vd_1_vg_0p05,n17,1.0,0.05,2093,986,992,992,internal,1.8459540920477e-08,0,0.0,0.0,0.99999999999978495,0.99999999999999944,0.9999999999997965,0.99999999999999967,2.1449508835758024e-13,2.0317081350640365e-13,-1.1324274851176597e-14,3.200466605319989e+26,3.2099751322709179e+26,3.2004693391705774e+26,3.2099963443790086e+26,2.869888605220875e-06,1.1906509360901167e-05,1.1375955057973225e-05,-0.019796590088323025,0.0037932225369159598,0.0037932347781133588,1.4015196452316913e-06,0.0029665768257863658,0.0029723307846816161,5.753958895250363e-06,1.0014840217942909,1.0014869016214236,0.99851744496850436,0.99851457083674211,1.2500746655237643e-06,3.2052161675141838e+26,3.2052161674875935e+26,3.2052281222203067e+26,3.2052281221951169e+26,241079101885.98969,254483439466.97421,0,0,0.0,0.0,0.0,0.0,0.0,0.0,0.0,0.0
n17_vd_1_vg_0p05,n17,1.0,0.05,2094,985,992,992,internal,6.4696812499999939e-10,4.3976850000000036e-08,0.0,0.0,0.99999999999999556,0.99999999999999944,0.999999999999996,0.99999999999999967,3.885780586188048e-15,3.6637359812630166e-15,-2.220446049250313e-16,3.2057208039705573e+26,3.2099751322709179e+26,3.205735484371057e+26,3.2099963443790086e+26,2.869888605220875e-06,6.4682169687021546e-06,6.1017420657541287e-06,-0.025330734276341995,0.0037911549893980094,0.0037911733122168011,2.098959258323233e-06,0.0013262252347044437,0.0013282539696384669,2.0287349340232e-06,1.0006632591901292,1.0006642740063654,0.9993370339554245,0.99933602003672706,4.4063164260094655e-07,3.2078470277547796e+26,3.2078470277542903e+26,3.2078649711246077e+26,3.207864971124161e+26,13122750976212.877,14375370025071.848,2.6931636056826065e-09,2.5649444632163558e-09,-1.2821914246625067e-10,1.2706304390589741e-14,1.4705801632505335e-14,-1.2824655457227375e-10,9.905598711589207e-05,0.00011464369593704522,0.999786300316947,2.5849394142282115e-26
n17_vd_1_vg_0p05,n17,1.0,0.05,2106,991,997,991,drain_contact_cut,1.8448378919642255e-08,0,0.0,0.0,0.99999999999978495,1,0.99999999999979705,1.0000000000000002,2.1505019986989282e-13,2.0317081350640365e-13,-1.1879386363489175e-14,3.2044729804018841e+26,3.2102607664560187e+26,3.2044292522973107e+26,3.2102714249382752e+26,5.926404813505705e-06,1.213277104563675e-05,1.1013042654915056e-05,-0.04205268091297908,0.0037916688210708318,0.0037916519360348929,-1.9340017836241793e-06,0.0018045293475264686,0.0018214955226802569,1.6966175153788378e-05,1.000902536034262,1.0009110242484864,0.99909800668673587,0.99908952872580614,3.685271361517948e-06,3.2073651327375161e+26,3.2073651327108406e+26,3.2073485650487132e+26,3.2073485650235035e+26,240476171322.28857,254453194706.10153,0,0,0.0,0.0,0.0,0.0,0.0,0.0,0.0,0.0
n17_vd_1_vg_0p05,n17,1.0,0.05,2107,992,997,992,drain_contact_cut,8.1249755088383561e-11,4.3976850000000036e-08,0.0,0.0,0.99999999999999944,1,0.99999999999999967,1.0000000000000002,5.551115123125783e-16,5.551115123125783e-16,0.0,3.2099751322709179e+26,3.2102607664560187e+26,3.2099963443790086e+26,3.2102714249382752e+26,2.869888605220875e-06,7.2543664276931735e-06,7.2092773914310487e-06,-0.0027077523924113767,0.0037897103412871617,0.0037897265952833311,1.8626768463547646e-06,8.897934277159628e-05,8.5691304284985192e-05,-3.2880384866110874e-06,1.0000444903311627,1.0000428462640591,0.99995551098839108,0.999957154959774,7.139988781750654e-07,3.2101179451275767e+26,3.2101179451275115e+26,3.2101338807300092e+26,3.210133880729937e+26,98954570889792.203,89059555906260.344,3.0645544162911657e-09,3.0645827731714087e-09,2.8356880243014343e-14,1.3143848708447018e-14,1.5213031535394503e-14,-8.271806125530269e-25,0.46351533014348983,0.5364846698273398,2.9170367311775876e-11,-3.1554436208840472e-30
n17_vd_1_vg_0p05,n17,1.0,0.05,2108,991,998,991;998,internal,8.1249755088383561e-11,3.8864649999999965e-08,0.0,0.0,0.99999999999978495,0.99999999999978495,0.99999999999979705,0.9999999999997965,0.0,-5.551115123125783e-16,-5.551115123125783e-16,3.2044729804018841e+26,3.204536844364341e+26,3.2044292522973107e+26,3.2044914349279514e+26,6.154152171385243e-06,8.8612963770090235e-06,1.0781158013379493e-05,0.08516814898141087,0.0037935151974690814,0.0037934696263948737,-5.217162422889636e-06,1.9929431910957617e-05,1.9405024219306053e-05,-5.244076916515636e-07,1.0000099647490539,1.0000097025434893,0.99999003531714314,0.99999029751926993,1.1387405655425542e-07,3.2045049121709845e+26,3.2045049121709838e+26,3.2044603434114898e+26,3.2044603434115537e+26,1.7976931348623157e+308,99788131508699.422,0,-2.7062161803885798e-09,-2.70621618038858e-09,1.625500693163363e-14,1.8819577725554063e-14,-2.7062512549732367e-09,6.006388442382255e-06,6.954023127563327e-06,0.99998703958843,4.1359030627651384e-25
n17_vd_1_vg_0p05,n17,1.0,0.05,2109,997,998,998,drain_contact_cut,1.8448199999999969e-08,4.0624877544191781e-11,0.0,0.0,1,0.99999999999978495,1.0000000000000002,0.9999999999997965,-2.1505019986989282e-13,-2.0372592501871623e-13,1.1324274851176597e-14,3.2102607664560187e+26,3.204536844364341e+26,3.2102714249382752e+26,3.2044914349279514e+26,6.154152171385243e-06,1.1656974657142331e-05,1.2985731650775063e-05,0.04688057167139525,0.0037916261826866542,0.003791608438786077,-2.0323987038993384e-06,-0.0017845999156154879,-0.001802090498460928,-1.7490582845440094e-05,0.99910796544191638,0.99909922537826867,1.0008925653575318,1.0009013158767295,3.7991670044413827e-06,3.2073971029118801e+26,3.2073971029385549e+26,3.2073796939098213e+26,3.2073796939350956e+26,240478568327.68839,253809050656.85776,-4.8650826949342789e-12,-4.6074484841210343e-12,2.5763421081324463e-13,2.2164635647328507e-17,2.5707410783700816e-17,2.575863387668136e-13,8.603141476189797e-05,9.978259759273876e-05,0.9998141859876454,0.0
n17_vd_1_vg_0p05,n17,1.0,0.05,2110,991,999,991,internal,5.9281099999999972e-08,3.6410894004419148e-10,0.0,0.0,0.99999999999978495,0.99999999999931122,0.99999999999979705,0.99999999999935252,-4.737321646075543e-13,-4.445332990599127e-13,2.919886554764162e-14,3.2044729804018841e+26,2.8856362738231555e+26,3.2044292522973107e+26,2.8857471013220747e+26,1.6679457281246503e-05,7.9912849897784365e-06,7.5373814502150128e-06,-0.025396124489309845,0.0039228880314856321,0.0039229250143280317,4.094271501352232e-06,-0.10480221901491801,-0.10475016709271265,5.205192220536503e-05,0.94851401507696054,0.94853913240351406,1.0533162340918785,1.0532892994962266,1.1500274873673205e-05,3.0394875328466258e+26,3.0394875329023267e+26,3.0395265428225328e+26,3.039526542874795e+26,109135809118.93959,116318045713.13327,-2.9301491579696406e-11,-2.7495613885294493e-11,1.8058776944019129e-12,-2.6772483476285447e-16,-3.644759272173324e-16,1.806509895163893e-12,0.00014814819231228634,0.00020168636879137962,0.9996501654388963,0.0
n17_vd_1_vg_0p05,n17,1.0,0.05,2111,998,999,998,internal,5.9281155679800122e-08,0,0.0,0.0,0.99999999999978495,0.99999999999931122,0.9999999999997965,0.99999999999935252,-4.737321646075543e-13,-4.439781875476001e-13,2.9753977059954195e-14,3.204536844364341e+26,2.8856362738231555e+26,3.2044914349279514e+26,2.8857471013220747e+26,1.6679457281246503e-05,7.9912849897784365e-06,8.2359243770851895e-06,0.01309573123665942,0.0039228490766190886,0.0039228852705526819,4.006973711469066e-06,-0.10482214844682899,-0.104769572116932,5.257632989699723e-05,0.94850439837478362,0.94852976857880977,1.0533265468216124,1.0532993406957418,1.1616174137403402e-05,3.0395172916336269e+26,3.0395172916893292e+26,3.0395555191849877e+26,3.0395555192371898e+26,109134309560.0536,116453502677.57971,0,0,0.0,0.0,0.0,0.0,0.0,0.0,0.0,0.0
n17_vd_1_vg_0p05,n17,1.0,0.05,2112,992,993,992;993,internal,6.9505500000000106e-08,3.6410894004419148e-10,0.0,0.0,0.99999999999999944,1,0.99999999999999967,1,5.551115123125783e-16,3.3306690738754696e-16,-2.220446049250313e-16,3.2099751322709179e+26,3.2297638807097279e+26,3.2099963443790086e+26,3.229780123680093e+26,2.869888605220875e-06,5.3360196788788787e-06,5.0311009153922534e-06,-0.025554393932690028,0.0037817948508432411,0.003781813858122074,2.182756044304412e-06,0.0061458424592382797,0.0061442634349001164,-1.5790243381632457e-06,1.0030760688425988,1.0030752777132339,0.99693022638336048,0.99693101427833353,3.4323194830640444e-07,3.219849236760813e+26,3.2198492367607498e+26,3.2198679745964395e+26,3.2198679745963962e+26,101301031580998.72,148882685555957.12,2.9688205489278568e-14,1.9792351648464108e-14,-9.89585384081446e-15,1.243442938500727e-19,1.4397517261392109e-19,-9.896122160280924e-15,1.256461071382934e-05,1.4548250991971382e-05,0.9999728871382942,0.0
n17_vd_1_vg_0p05,n17,1.0,0.05,2113,992,994,992,drain_contact_cut,6.9505547489194824e-08,0,0.0,0.0,0.99999999999999944,1,0.99999999999999967,1,5.551115123125783e-16,3.3306690738754696e-16,-2.220446049250313e-16,3.2099751322709179e+26,3.2300486131251713e+26,3.2099963443790086e+26,3.2300593338353824e+26,2.869888605220875e-06,3.4160834760989021e-06,3.416081235443664e-06,-2.84859703153934e-07,0.0037818636758132885,0.0037818798804170328,1.8608695377944093e-06,0.006233997468659669,0.0062307083558007974,-3.2891128588716234e-06,1.0031202372926022,1.0031185893196919,0.99688623982394242,0.99688788096389092,7.149636623992437e-07,3.2199910163869552e+26,3.2199910163868919e+26,3.220007004694839e+26,3.2200070046947915e+26,102360757712902.19,134612075792905.86,0,0,0.0,0.0,0.0,0.0,0.0,0.0,0.0,0.0
n17_vd_1_vg_0p05,n17,1.0,0.05,2114,993,994,993,drain_contact_cut,8.1249755088383561e-11,9.9999999999999995e-08,0.0,0.0,1,1,1,1,0.0,0.0,0.0,3.2297638807097279e+26,3.2300486131251713e+26,3.229780123680093e+26,3.2300593338353824e+26,2.184127051182762e-06,2.7755575615628909e-09,1.8518612978165739e-25,-16.17574178305126,0.0037740398148926918,0.0037740534306757137,1.5668220411990716e-06,8.8155009421471035e-05,8.6444920900762901e-05,-1.7100885207081337e-06,1.0000440781523194,1.0000432230831775,0.99995592314289805,0.99995677816227657,3.713464070218609e-07,3.2299062427340175e+26,3.2299062427340181e+26,3.2299197247350236e+26,3.2299197247350181e+26,1.7976931348623157e+308,1.7976931348623157e+308,0,0,0.0,0.0,0.0,0.0,0.0,0.0,0.0,0.0
n17_vd_1_vg_0p05,n17,1.0,0.05,2115,993,996,993;996,internal,1.3049449999999989e-07,3.6410894004419148e-10,0.0,0.0,1,1,1,0.99999999999999978,0.0,-2.220446049250313e-16,-2.220446049250313e-16,3.2297638807097279e+26,3.2319729352694409e+26,3.229780123680093e+26,3.2319673527139968e+26,2.184127051182762e-06,4.5737260302798792e-07,1.5246702953189279e-07,-0.47709420731989766,0.0037731161211396755,0.0037731215014942649,6.192909435910877e-07,0.00068373402033806226,0.00067697759016677509,-6.756430171287169e-06,1.0003419059678529,1.0003385269866378,0.99965817194751472,0.99966154939647123,1.4673065333516637e-06,3.2308681562552984e+26,3.2308681562552929e+26,3.2308734914128651e+26,3.230873491412885e+26,1.7976931348623157e+308,318059465116722.31,0,-5.276876098252056e-15,-5.276876098252056e-15,-3.762329011749236e-21,-4.35686390556328e-21,-5.276867979059139e-15,7.129841485183804e-07,8.256521139479614e-07,0.9999984613637375,0.0
n17_vd_1_vg_0p05,n17,1.0,0.05,2117,993,995,993,drain_contact_cut,1.3049452529425393e-07,0,0.0,0.0,1,1,1,0.99999999999999967,0.0,-3.3306690738754696e-16,-3.3306690738754696e-16,3.2297638807097279e+26,3.2322380225627657e+26,3.229780123680093e+26,3.2322487501568281e+26,2.184127051182762e-06,0,6.8321953917004781e-07,293.8345602781031,0.0037731741824307179,0.0037731877942804104,1.566728770336503e-06,0.00076575092702810786,0.00076404072002119556,-1.710207006912299e-06,1.0003829243280538,1.0003820690065288,0.99961717340102574,0.99961802828650714,3.714140756545453e-07,3.2310006358735209e+26,3.2310006358735126e+26,3.2310141225632535e+26,3.2310141225632947e+26,1.7976931348623157e+308,156512263346512.75,0,0,0.0,0.0,0.0,0.0,0.0,0.0,0.0,0.0
n17_vd_1_vg_0p05,n17,1.0,0.05,2118,995,996,996,drain_contact_cut,8.1249755088383561e-11,6.5247249999999943e-08,0.0,0.0,1,1,0.99999999999999967,0.99999999999999978,0.0,1.1102230246251565e-16,1.1102230246251565e-16,3.2322380225627657e+26,3.2319729352694409e+26,3.2322487501568281e+26,3.2319673527139968e+26,1.44139359219909e-06,0,1.3664335162764584e-06,294.1355885059762,0.0037723191213364375,0.0037723217165886568,2.9878260399639667e-07,-8.2016906690098715e-05,-8.7063129854473585e-05,-5.04622316437487e-06,0.99995899210721928,0.99995646906673841,1.0000410090139096,1.0000435321965928,1.0957888768029106e-06,3.2321054752924943e+26,3.2321054752924992e+26,3.2321080473522001e+26,3.232108047352176e+26,1.7976931348623157e+308,273989194009754.44,0,1.5189789817305874e-09,1.5189789817305874e-09,5.225074664779893e-16,6.043894037473537e-16,1.518977854833717e-09,3.439859752915683e-07,3.978918806755095e-07,0.999999258122144,-2.0679515313825692e-25
n17_vd_1_vg_0p05,n17,1.0,0.05,2274,998,1055,998,internal,5.9281099999999972e-08,4.0624877544191781e-11,0.0,0.0,0.99999999999978495,0.99999999999931122,0.9999999999997965,0.99999999999935252,-4.737321646075543e-13,-4.439781875476001e-13,2.9753977059954195e-14,3.204536844364341e+26,2.8856936433348094e+26,3.2044914349279514e+26,2.8858073959235035e+26,1.7119332126101513e-05,7.9912849897784365e-06,7.4893716133405149e-06,-0.028171238725790276,0.0039228010520973335,0.0039228387855220551,4.1774586851627525e-06,-0.10480226758315267,-0.10474867840399676,5.358917915590511e-05,0.94851399164087591,0.94853985076749325,1.0533162592240286,1.0532885291714902,1.1839912759887309e-05,3.039548033608277e+26,3.0395480336639793e+26,3.0395878274722693e+26,3.0395878275244754e+26,109135413355.11581,116445969110.57068,-3.2692600396421124e-12,-3.0639709092227706e-12,2.0528913041934177e-13,-3.0459537949781195e-17,-4.145717506200283e-17,2.0536104713235353e-13,0.00014826996300705116,0.0002018039086132677,0.9996499261283797,-2.524354896707238e-29
n17_vd_1_vg_0p8,n17,1.0,0.8,2084,984,996,996,internal,1.3049610376560958e-07,0,0.0,0.0,0.99999995591220303,0.99999999918341786,0.99999995696702093,0.99999999917873761,4.327121483349572e-08,4.221171667762036e-08,-1.0594981558753602e-09,3.2254277840599324e+26,3.2319729352459258e+26,3.225440578118427e+26,3.2319673527259148e+26,1.7226793955486926e-06,35.299035204325442,34.599667499431611,-0.008690910112255876,0.0037746492070516468,0.0037746528716250398,4.216294397968526e-07,0.0020288527622808776,0.002023117882352877,-5.73487992800055e-06,1.0010147694014113,1.0010119000249835,0.99898591663913028,0.99898878214263076,1.2457338512771742e-06,3.2287008494816587e+26,3.2286954452695117e+26,3.2287044015200075e+26,3.2286991296244044e+26,1194882.0881026203,1224873.1797959877,0,0,0.0,0.0,0.0,0.0,0.0,0.0,0.0,0.0
n17_vd_1_vg_0p8,n17,1.0,0.8,2085,983,996,996,internal,6.4696812499999939e-10,6.5247249999999943e-08,0.0,0.0,0.99999999267919581,0.99999999918341786,0.99999999264100292,0.99999999917873761,6.504222049841246e-09,6.537734686951069e-09,3.351263710982266e-11,3.2275853136268521e+26,3.2319729352459258e+26,3.227589938394286e+26,3.2319673527259148e+26,7.501485248620999e-07,10.057336055515728,10.108885369435159,0.0022203099799080785,0.0037738010312771604,0.0037738005462968653,-5.581223750091431e-08,0.0013587414865143812,0.001355582615314469,-3.1588711999121916e-06,1.0006795245914546,1.0006779444413381,0.99932078310494032,0.99932236182602363,6.860953209209835e-07,3.229778537218479e+26,3.2297777246239309e+26,3.2297780650519393e+26,3.2297772482706625e+26,7949298.0517685432,7908549.6916973377,0.0067524137798668079,0.006787203387449774,3.478960758296606e-05,-8.700045237182428e-10,-9.940772822958355e-10,3.479147166477207e-05,2.5004918472176312e-05,2.8570910519656128e-05,0.9999464241710082,0.0
n17_vd_1_vg_0p8,n17,1.0,0.8,2087,985,993,993,internal,6.9508510975309933e-08,0,0.0,0.0,0.99999953424532961,0.99999999508223281,0.99999955229747617,0.9999999951986186,4.6083690319331794e-07,4.4290114242784284e-07,-1.7935760765475095e-08,3.2057207988251858e+26,3.2297638805503139e+26,3.205735478605732e+26,3.2297801236307291e+26,2.1841418492919105e-06,349.52693072913041,336.41895225604088,-0.016600189445491572,0.0037832935273734579,0.0037833097460750489,1.861784568294314e-06,0.0074898952167842918,0.0074896513686545877,-2.4384812970408565e-07,1.0037496224815512,1.0037495002530925,0.99625972726476675,0.99625984888443786,5.3017047091854426e-08,3.2177410416020371e+26,3.2176836827666508e+26,3.2177553845941124e+26,3.2177002578983111e+26,112195.87498645992,116739.36826767276,0,0,0.0,0.0,0.0,0.0,0.0,0.0,0.0,0.0
n17_vd_1_vg_0p8,n17,1.0,0.8,2088,984,993,993,internal,6.4696812499999939e-10,9.9999999999999995e-08,0.0,0.0,0.99999995591220303,0.99999999508223281,0.99999995696702093,0.9999999951986186,3.917002977527062e-08,3.823159766547235e-08,-9.384321097982706e-10,3.2254277840599324e+26,3.2297638805503139e+26,3.225440578118427e+26,3.2297801236307291e+26,2.1841418492919105e-06,60.581402490252358,59.128793233527347,-0.010540307728602115,0.0037755041336129127,0.0037755188584084878,1.6937830734107747e-06,0.0013449600589396425,0.0013459863153312767,1.0262563916341606e-06,1.0006726307725953,1.0006731441309245,0.99932767071365569,0.99932715781559334,2.2289871677010962e-07,3.2275973060422751e+26,3.227592415705443e+26,3.227611764513233e+26,3.2276069913171924e+26,1319988.7745685554,1352389.1961666746,0.062309985982364181,0.060817679705093192,-0.0014923062772709897,2.401038621709095e-07,2.769005331797192e-07,-0.00149282328166634,0.00016078308769404664,0.00018542360087932448,0.9996537933114267,2.168404344971009e-19
n17_vd_1_vg_0p8,n17,1.0,0.8,2090,990,991,991,internal,5.9284630259155387e-08,0,0.0,0.0,0.99992751092437349,0.9999774091171062,0.99993078043412043,0.99997830930852383,4.9898192732711344e-05,4.752887440340192e-05,-2.369318329309422e-06,2.8819284200765263e+26,3.2044729779215838e+26,2.8819533419342408e+26,3.2044292520347521e+26,5.9261042488320846e-06,841.70117841617332,801.73503784803836,-0.021127071427470973,0.0039245566077242668,0.0039245478182619708,-9.726498124636562e-07,0.10801812728137516,0.10790418500205592,-0.00011394227931924017,1.0549812009279551,1.0549221803611497,0.94696307364658006,0.94701799535909381,2.5187365468888962e-05,3.0403803056007382e+26,3.0345175805900325e+26,3.0402365031723715e+26,3.0346521665319914e+26,1036.190146237069,1087.8442796190138,0,0,0.0,0.0,0.0,0.0,0.0,0.0,0.0,0.0
n17_vd_1_vg_0p8,n17,1.0,0.8,2091,986,991,991,internal,6.4696812499999939e-10,3.8864649999999965e-08,0.0,0.0,0.99997740644301125,0.9999774091171062,0.99997830680546118,0.99997830930852383,2.674094945476213e-09,2.5030626460420535e-09,-1.7103229943415954e-10,3.2004666025439317e+26,3.2044729779215838e+26,3.2004693375926456e+26,3.2044292520347521e+26,5.9261042488320846e-06,931.88069091576983,889.84548858501955,-0.020045710045454756,0.0037951456072133497,0.0037951264753328406,-2.1893471125251974e-06,0.0012511303530226734,0.0012366238001452743,-1.4506552877399095e-05,1.000625695620438,1.0006184393366047,0.9993745652674153,0.99938181553645955,3.150710980603102e-06,3.2024691204805016e+26,3.2024687892215626e+26,3.2024486337266097e+26,3.20244832365663e+26,19335139.862831298,20656294.932571277,0.0016489015786798019,0.0015434219800558857,-0.00010547959862391618,-8.046502525010876e-09,-1.0205676533001026e-08,-0.00010546134644485815,7.628491793659928e-05,9.675498073697654e-05,0.9998269601013264,1.3552527156068805e-20
n17_vd_1_vg_0p8,n17,1.0,0.8,2092,991,992,991;992,internal,1.8448199999999969e-08,3.6410894004419148e-10,0.0,0.0,0.9999774091171062,0.9999999473197575,0.99997830930852383,0.99999994935035663,2.253820265130102e-05,2.1640041832804435e-05,-8.98160818496585e-07,3.2044729779215838e+26,3.2099751305353697e+26,3.2044292520347521e+26,3.2099963437264491e+26,5.9261042488320846e-06,1224.0644564462843,1175.2851220922662,-0.017661048906826855,0.0037915487256357672,0.0037915394197656519,-1.0659214195801686e-06,0.0025873668334445562,0.0025728782812025858,-1.448855224197047e-05,1.0012942412889207,1.001286990782428,0.99870687445547657,0.99871411250122533,3.1475020529234605e-06,3.2086203391588409e+26,3.2058242296967893e+26,3.2085533229450632e+26,3.2058686495569387e+26,2294.0606066795376,2389.2746137670474,0.0045685141017248482,0.0043864298933316516,-0.0001820842083931967,-1.0989393776627646e-08,-1.5750797366607484e-08,-0.00018205746820205344,6.0353359984391976e-05,8.65028192483055e-05,0.9998531438207673,0.0
n17_vd_1_vg_0p8,n17,1.0,0.8,2093,986,992,992,internal,1.8459540920477e-08,0,0.0,0.0,0.99997740644301125,0.9999999473197575,0.99997830680546118,0.99999994935035663,2.2540876746246497e-05,2.1642544895450477e-05,-8.983318507960192e-07,3.2004666025439317e+26,3.2099751305353697e+26,3.2004693375926456e+26,3.2099963437264491e+26,2.870035129085932e-06,1252.4928945471841,1202.6415271185133,-0.017639074849535037,0.0037931715965638349,0.0037931860820371714,1.6584931542616455e-06,0.0038384971864670612,0.0038095020813476918,-2.8995105119369348e-05,1.0019204764313197,1.0019059603992237,0.99808197924485231,0.99809645831787586,6.300219859075006e-06,3.2066130232233427e+26,3.2038183316114954e+26,3.2065693054090271e+26,3.2038859818866991e+26,2293.7884551050456,2388.9982828963189,0,0,0.0,0.0,0.0,0.0,0.0,0.0,0.0,0.0
n17_vd_1_vg_0p8,n17,1.0,0.8,2094,985,992,992,internal,6.4696812499999939e-10,4.3976850000000036e-08,0.0,0.0,0.99999953424532961,0.9999999473197575,0.99999955229747617,0.99999994935035663,4.13074427885185e-07,3.9705288046310017e-07,-1.6021547422084836e-08,3.2057207988251858e+26,3.2099751305353697e+26,3.205735478605732e+26,3.2099963437264491e+26,2.870035129085932e-06,686.4558085961437,659.73018521470044,-0.017246229060202487,0.0037911288689696935,0.0037911483169742908,2.2278692465064557e-06,0.0013422047312171171,0.0013436142558051758,1.4095245880587151e-06,1.0006712524917325,1.000671957569504,0.99932904776051534,0.99932834331369869,3.061428803704881e-07,3.2078726468991959e+26,3.2078213905328472e+26,3.2078895968264089e+26,3.2078403282191824e+26,125168.7252612679,130219.4294953528,0.28839279850100463,0.2772101383395334,-0.011182660161471236,1.450731648626006e-06,1.5819091753281147e-06,-0.01118569280229519,0.00012966013474914416,0.00014138421604589102,0.9997289556492049,1.734723475976807e-18
n17_vd_1_vg_0p8,n17,1.0,0.8,2106,991,997,991,drain_contact_cut,1.8448378919642255e-08,0,0.0,0.0,0.9999774091171062,1,0.99997830930852383,1.0000000000000002,2.2590882893802622e-05,2.1690691476394797e-05,-9.001914174078252e-07,3.2044729779215838e+26,3.2102607664560187e+26,3.2044292520347521e+26,3.2102714249382752e+26,5.9261042488320846e-06,1265.4156939058582,1215.0968273451397,-0.017622329441745382,0.0037916173430552549,0.0037916027246716684,-1.6744030291313067e-06,0.0026783844796303075,0.0026605290044459319,-1.785547518437557e-05,1.0013397900516954,1.0013308543700354,0.99866140557206495,0.99867032536558953,3.878992204892325e-06,3.2087662989383303e+26,3.2059635292818218e+26,3.2086938807082917e+26,3.2060028084549615e+26,2288.7110302924443,2383.695451218523,0,0,0.0,0.0,0.0,0.0,0.0,0.0,0.0,0.0
n17_vd_1_vg_0p8,n17,1.0,0.8,2107,992,997,992,drain_contact_cut,8.1249755088383561e-11,4.3976850000000036e-08,0.0,0.0,0.9999999473197575,1,0.99999994935035663,1.0000000000000002,5.2680242501601526e-08,5.064964359036139e-08,-2.0305989112401335e-09,3.2099751305353697e+26,3.2102607664560187e+26,3.2099963437264491e+26,3.2102714249382752e+26,2.870035129085932e-06,697.17538476156426,670.17941625487219,-0.017150960153917157,0.0037896837921250768,0.0037897011840463336,1.993094546700627e-06,9.1017646185940801e-05,8.7650723243535552e-05,-3.366922942405249e-06,1.000045509513444,1.0000438260018425,0.99995449186725804,0.99995617527859881,7.311289130297306e-07,3.2101212149417279e+26,3.2101146734829222e+26,3.2101370250321235e+26,3.2101307356874549e+26,981468.5193233639,1020816.6507509969,0.29295873924130705,0.28166911864532745,-0.0112896205959796,1.3185612371680033e-06,1.4263233436562217e-06,-0.011292365480560423,0.00011673734868827148,0.00012627794661113835,0.9997569847047005,0.0
n17_vd_1_vg_0p8,n17,1.0,0.8,2108,991,998,991;998,internal,8.1249755088383561e-11,3.8864649999999965e-08,0.0,0.0,0.9999774091171062,0.99997740915103195,0.99997830930852383,0.99997830934006204,3.3925751097285683e-11,3.1538216482829284e-11,-2.387534614456399e-12,3.2044729779215838e+26,3.2045368418927687e+26,3.2044292520347521e+26,3.2044914347073055e+26,6.153847115279838e-06,932.58217770788201,890.51970375519556,-0.020043578367104183,0.0037934784616500856,0.0037934347265291581,-5.007022279878972e-06,1.9930746957515217e-05,1.9406257274612835e-05,-5.244896829023818e-07,1.0000099654065817,1.0000097031600208,0.99999003465962422,0.99999029690274621,1.1389186083116891e-07,3.2045049117976893e+26,3.2045049075923927e+26,3.2044603451245598e+26,3.2044603412152662e+26,1524032620.3410699,1639406235.0101585,0.00016660729595777035,0.00015487803332394625,-1.1729262633824094e-05,-1.8532167256536019e-09,-2.235536907663465e-09,-1.1725173880190774e-05,0.00015799942276928944,0.0001905948376683772,0.9996514057395623,3.3881317890172014e-21
n17_vd_1_vg_0p8,n17,1.0,0.8,2109,997,998,998,drain_contact_cut,1.8448199999999969e-08,4.0624877544191781e-11,0.0,0.0,1,0.99997740915103195,1.0000000000000002,0.99997830934006204,-2.2590848968051525e-05,-2.1690659938178314e-05,9.001890298732107e-07,3.2102607664560187e+26,3.2045368418927687e+26,3.2102714249382752e+26,3.2044914347073055e+26,6.153847115279838e-06,1224.5557984703339,1175.7602974939032,-0.017659788047675314,0.0037915765465284679,0.0037915609928060386,-1.7815569845824815e-06,-0.0026584537326727691,-0.0026411227471712958,1.733098550147326e-05,0.998671362081615,0.99868001992046052,1.0013298158142876,1.0013211426676318,3.765037709135289e-06,3.2059954922738013e+26,3.2087982856625851e+26,3.2060339306074413e+26,3.2087250250697587e+26,2288.7144673622033,2383.6989171140781,-0.00051094693018952162,-0.00049058229527299349,2.0364634916528136e-05,2.0542296998276215e-09,2.7158838412430263e-09,2.0359864802987064e-05,0.00010087240494355185,0.0001333627561886115,0.9997657648388678,0.0
n17_vd_1_vg_0p8,n17,1.0,0.8,2110,991,999,991,internal,5.9281099999999972e-08,3.6410894004419148e-10,0.0,0.0,0.9999774091171062,0.99992751101347432,0.99997830930852383,0.9999307805018286,-4.9898103631873525e-05,-4.752880669522952e-05,2.3692969366440053e-06,3.2044729779215838e+26,2.8856362663450333e+26,3.2044292520347521e+26,2.8857470950512555e+26,1.6679639019135496e-05,841.72028921422907,801.75312843227096,-0.02112713252036506,0.003922852837190541,0.0039228916693727842,4.2990445214415836e-06,-0.10673236564016902,-0.10658866549524684,0.00014370014492218197,0.94758295347802479,0.94765224999688324,1.0543153191181938,1.0542409154921299,3.175869223362575e-05,3.0365039687594559e+26,3.0423705210105967e+26,3.0366845906465627e+26,3.0422726593655897e+26,1036.1919965151765,1087.8458293316146,-0.0030862198696791012,-0.0029397470086658813,0.00014647286101321984,-2.9825276352523723e-08,-4.110642042632189e-08,0.00014654379270999867,0.00020342620069846817,0.00028037034201471836,0.9995162034572868,-2.710505431213761e-20
n17_vd_1_vg_0p8,n17,1.0,0.8,2111,998,999,998,internal,5.9281155679800122e-08,0,0.0,0.0,0.99997740915103195,0.99992751101347432,0.99997830934006204,0.9999307805018286,-4.989813755762462e-05,-4.7528838233446e-05,2.3692993241786198e-06,3.2045368418927687e+26,2.8856362663450333e+26,3.2044914347073055e+26,2.8857470950512555e+26,1.6679639019135496e-05,841.72057657746427,801.75340027100663,-0.021127133538570333,0.0039228138830732064,0.0039228519263371456,4.211746970598035e-06,-0.10675229638712661,-0.10660807175252149,0.0001442246346051168,0.9475733425456655,0.94764289151693315,1.054325638932792,1.0542509632694548,3.187471056262206e-05,3.0365336865830615e+26,3.0424003002418635e+26,3.0367135290272769e+26,3.0423016547098172e+26,1036.1912920078589,1087.8451074804266,0,0,0.0,0.0,0.0,0.0,0.0,0.0,0.0,0.0
n17_vd_1_vg_0p8,n17,1.0,0.8,2112,992,993,992;993,internal,6.9505500000000106e-08,3.6410894004419148e-10,0.0,0.0,0.9999999473197575,0.99999999508223281,0.99999994935035663,0.9999999951986186,4.7762475308132935e-08,4.5848261964742676e-08,-1.9142133433902586e-09,3.2099751305353697e+26,3.2297638805503139e+26,3.2099963437264491e+26,3.2297801236307291e+26,2.870035129085932e-06,573.99372639855721,551.83285106469509,-0.017099594877309294,0.0037817735453022482,0.0037817934632110623,2.2873434926594646e-06,0.0061476904855671602,0.0061460371128493983,-1.6533727177619334e-06,1.0030769947489919,1.0030761663687924,0.99692930426342463,0.99693012925594293,3.593931370467801e-07,3.2198522071564216e+26,3.2198462583721632e+26,3.2198708265229666e+26,3.2198651161194578e+26,1082523.451113564,1127719.9470941313,2.5731358969239903e-06,2.4700377435988102e-06,-1.0309815332518006e-07,1.3280702352906423e-11,1.4674837840883063e-11,-1.0312610886537385e-07,0.00012874628284825597,0.00014226136338347714,0.9997289923537682,1.3234889800848443e-23
n17_vd_1_vg_0p8,n17,1.0,0.8,2113,992,994,992,drain_contact_cut,6.9505547489194824e-08,0,0.0,0.0,0.9999999473197575,1,0.99999994935035663,1,5.2680242501601526e-08,5.064964336831679e-08,-2.0305991332847384e-09,3.2099751305353697e+26,3.2300486131251713e+26,3.2099963437264491e+26,3.2300593338353824e+26,2.870035129085932e-06,354.45052537876069,341.23826486822429,-0.016497899429985773,0.0037818511918909126,0.0037818679119021397,1.920063004388626e-06,0.0062360357720740141,0.0062326677747593477,-3.3679973146663947e-06,1.0031212585624492,1.0031195710642495,0.99688522279037528,0.99688690328949048,7.321112408101487e-07,3.2199942928968023e+26,3.2199877313190291e+26,3.220010155436685e+26,3.2200038467484684e+26,981468.51972391666,1020816.6550039286,0,0,0.0,0.0,0.0,0.0,0.0,0.0,0.0,0.0
n17_vd_1_vg_0p8,n17,1.0,0.8,2114,993,994,993,drain_contact_cut,8.1249755088383561e-11,9.9999999999999995e-08,0.0,0.0,0.99999999508223281,1,0.9999999951986186,1,4.917767193468592e-09,4.801381403574112e-09,-1.1638578989447979e-10,3.2297638805503139e+26,3.2300486131251713e+26,3.2297801236307291e+26,3.2300593338353824e+26,2.1841418492919105e-06,60.527019027968706,59.094547735719175,-0.010401872077455647,0.0037740380643677554,0.003774051726076377,1.572107601425041e-06,8.8345286506935495e-05,8.663066191003167e-05,-1.7146245969038243e-06,1.0000441732936611,1.0000433159563609,0.99995582800715377,0.99995668529445092,3.7233142955897006e-07,3.229906549858666e+26,3.2299059354409396e+26,3.2299200246456197e+26,3.229919424766431e+26,10513714.383682566,10768567.360671859,0.062312442205944535,0.060838205092451143,-0.0014742371134933915,2.2289723262611244e-07,2.5702302597699345e-07,-0.0014747170337519946,0.0001510965922347689,0.00017422963440795377,0.9996746737733573,0.0
n17_vd_1_vg_0p8,n17,1.0,0.8,2115,993,996,993;996,internal,1.3049449999999989e-07,3.6410894004419148e-10,0.0,0.0,0.99999999508223281,0.99999999918341786,0.9999999951986186,0.99999999917873761,4.101185058225099e-09,3.980119012148009e-09,-1.210660460770896e-10,3.2297638805503139e+26,3.2319729352459258e+26,3.2297801236307291e+26,3.2319673527259148e+26,2.1841418492919105e-06,54.910239851875723,53.627996658321599,-0.010261767096902139,0.0037731145506199313,0.0037731199716604848,6.239742461704757e-07,0.00068389270334129814,0.00067713156702166387,-6.7611363196342766e-06,1.0003419853274396,1.0003386039924402,0.9996580926240981,0.99966147242541892,1.4683286146002228e-06,3.2308684124085567e+26,3.2308678998606499e+26,3.2308737400752949e+26,3.2308732426568716e+26,12607087.513348699,12990566.246531025,1.1781494991121381e-07,1.1433743164546638e-07,-3.477518265747427e-09,1.6677291102189882e-13,1.9168001190059332e-13,-3.477876718670349e-09,4.794756616341882e-05,5.510841057155737e-05,0.999896944023265,4.1359030627651384e-25
n17_vd_1_vg_0p8,n17,1.0,0.8,2117,993,995,993,drain_contact_cut,1.3049452529425393e-07,0,0.0,0.0,0.99999999508223281,1,0.9999999951986186,0.99999999999999967,4.917767193468592e-09,4.801381070507205e-09,-1.1638612296138717e-10,3.2297638805503139e+26,3.2322380225627657e+26,3.2297801236307291e+26,3.2322487501568281e+26,2.1841418492919105e-06,35.288413429791312,34.600990501007175,-0.00854360163193786,0.0037731732205596828,0.003773186853213577,1.5691237370346826e-06,0.00076594120411357231,0.00076422646103046436,-1.7147430831079488e-06,1.0003830194908836,1.0003821619006885,0.99961707828677004,0.99961793543965805,3.723992095712279e-07,3.231000943067517e+26,3.2310003284415994e+26,3.2310144225415815e+26,3.2310138224591832e+26,10513714.254120125,10768568.217178697,0,0,0.0,0.0,0.0,0.0,0.0,0.0,0.0,0.0
n17_vd_1_vg_0p8,n17,1.0,0.8,2118,995,996,996,drain_contact_cut,8.1249755088383561e-11,6.5247249999999943e-08,0.0,0.0,1,0.99999999918341786,0.99999999999999967,0.99999999917873761,-8.165821352434932e-10,-8.212620583591956e-10,-4.679923115702422e-12,3.2322380225627657e+26,3.2319729352459258e+26,3.2322487501568281e+26,3.2319673527259148e+26,1.44139359219909e-06,10.050321097939888,10.107917203254955,0.002481738573693188,0.003772318882561848,0.0037723214763136846,2.9860988901575044e-07,-8.2048500772327222e-05,-8.7094894008853509e-05,-5.046393236526287e-06,0.99995897631061026,0.99995645318512205,1.0000410248113827,1.0000435480791312,1.0958258139650086e-06,3.2321054242340942e+26,3.2321055263259878e+26,3.2321079960188657e+26,3.2321080986959406e+26,63317573.220228083,62956761.190404564,-0.0067525316298169711,-0.0067912406713421646,-3.870904152519349e-05,-4.656177434933517e-09,-5.388997412810598e-09,-3.869899635034575e-05,0.00012028655971507532,0.00013921805346958044,0.9997404953868153,0.0
n17_vd_1_vg_0p8,n17,1.0,0.8,2274,998,1055,998,internal,5.9281099999999972e-08,4.0624877544191781e-11,0.0,0.0,0.99997740915103195,0.99992751101459554,0.99997830934006204,0.9999307805027059,-4.989813643641039e-05,-4.752883735614777e-05,2.3692990802626213e-06,3.2045368418927687e+26,2.885693635826787e+26,3.2044914347073055e+26,2.8858073896488116e+26,1.711951777853233e-05,841.72082574574722,801.75363413394768,-0.02112713542045358,0.0039227658594430826,0.003922805442137225,4.382229154366778e-06,-0.10673241549039093,-0.10658717800694778,0.00014523748344315301,0.94758292943934941,0.94765296732632143,1.0543153449297404,1.0542401453332693,3.2098450543108176e-05,3.0365644081370707e+26,3.0424310810182758e+26,3.0367458168721593e+26,3.0423340018671853e+26,1036.1913152905295,1087.8451275593488,-0.00034433953306724625,-0.0003279972255711676,1.634230749607865e-05,-3.3920928788554964e-09,-4.673069619118156e-09,1.6350372658576623e-05,0.0002073604408903556,0.00028566722997827056,0.9995069723291313,0.0
n17_vd_1_vg_2p5,n17,1.0,2.5,2084,984,996,996,internal,1.3049610376560958e-07,0,0.0,0.0,0.99999786453316541,0.99999996046429074,0.9999978387941888,0.99999995877666947,2.095931125323247e-06,2.11998248067502e-06,2.405135535177294e-08,3.2254277606296708e+26,3.2319729341305379e+26,3.2254405519461937e+26,3.2319673533214076e+26,1.7223102109926743e-06,1709.6647663213478,1737.5280293277672,0.0070208576240693744,0.0037745789699419711,0.0037745813249635391,2.7096334736302197e-07,0.0021082601118316609,0.0021034979425286855,-4.762169302975454e-06,1.0010545004526132,1.0010521176965366,0.99894624034078172,0.99894861975400806,1.034454870472818e-06,3.2288289756631262e+26,3.228567211432865e+26,3.2288340950300227e+26,3.2285693266904354e+26,24668.749357610464,24388.880603214609,0,0,0.0,0.0,0.0,0.0,0.0,0.0,0.0,0.0
n17_vd_1_vg_2p5,n17,1.0,2.5,2085,983,996,996,internal,6.4696812499999939e-10,6.5247249999999943e-08,0.0,0.0,0.99999964555533305,0.99999996046429074,0.99999963061548913,0.99999995877666947,3.1490895768815363e-07,3.281611803407358e-07,1.325222265258219e-08,3.2275853098651816e+26,3.2319729341305379e+26,3.2275899363168743e+26,3.2319673533214076e+26,7.499186261451347e-07,486.93701703334256,507.41510578536264,0.01789060111722834,0.003773783594808957,0.0037737822867898283,-1.5052945512402677e-07,0.0013706719346894378,0.0013680243935509046,-2.6475411385332246e-06,1.000685492529136,1.0006841681543324,0.99931482059444654,0.99931614376078159,5.750374613549976e-07,3.2297977954822438e+26,3.2297584528367648e+26,3.2297981505665457e+26,3.2297571522818885e+26,164187.13509792765,157556.72113708788,0.32692391745767901,0.34068159428071393,0.013757676823034914,-1.156983325626785e-07,-4.8858309296499286e-08,0.013757841379676772,8.40952773957278e-06,3.551263862121344e-06,0.9999880392083983,-1.734723475976807e-18
n17_vd_1_vg_2p5,n17,1.0,2.5,2087,985,993,993,internal,6.9508510975309933e-08,0,0.0,0.0,0.99997740678799762,0.999999761799651,0.99997747425948402,0.99999975886182535,2.235501165337439e-05,2.228460234132701e-05,-7.040931204738143e-08,3.2057205539201328e+26,3.2297638729863604e+26,3.2057351956641532e+26,3.2297801214314042e+26,2.184863212657019e-06,16952.926149523653,16923.794009730889,-0.0007469395276333806,0.0037823950834334624,0.0037824125019452269,1.999988355807208e-06,0.0083368737632365936,0.0083346136733170074,-2.2600899195861224e-06,1.0041742288302542,1.0041730956453798,0.99583735506701765,0.99583848197206293,4.91454114856575e-07,3.2191019650780443e+26,3.2163195127657445e+26,3.2191130352494205e+26,3.2163393332297943e+26,2312.8595769263607,2320.1671711467657,0,0,0.0,0.0,0.0,0.0,0.0,0.0,0.0,0.0
n17_vd_1_vg_2p5,n17,1.0,2.5,2088,984,993,993,internal,6.4696812499999939e-10,9.9999999999999995e-08,0.0,0.0,0.99999786453316541,0.999999761799651,0.9999978387941888,0.99999975886182535,1.8972664855843036e-06,1.9200676365516145e-06,2.2801150967310946e-08,3.2254277606296708e+26,3.2297638729863604e+26,3.2254405519461937e+26,3.2297801214314042e+26,2.184863212657019e-06,2934.3683625169738,2969.5739104568111,0.0051795074281243735,0.0037753762191927976,0.003775389171543219,1.4899507598807302e-06,0.0014168393612000634,0.0014187864167437688,1.9470555437054587e-06,1.0007085869667425,1.0007095609546077,0.9992917476055424,0.99929077453786397,4.2289764729625485e-07,3.2277132567030219e+26,3.2274763849897858e+26,3.2277291986232626e+26,3.2274894791321842e+26,27251.838362166542,26928.217846231477,3.017987021349763,3.0542810918022893,0.036294070452526306,1.0416181526714158e-05,1.3656758491261318e-05,0.036269997512508326,0.00028699402951616647,0.0003762807070406929,0.9993367252634432,-6.938893903907228e-18
n17_vd_1_vg_2p5,n17,1.0,2.5,2090,990,991,991,internal,5.9284630259155387e-08,0,0.0,0.0,0.99647110796495353,0.99890297523141824,0.9965034906346858,0.99890741331482613,0.0024318672664647156,0.0024039226801403357,-2.7944586324379905e-05,2.8819281097463386e+26,3.2044728572806687e+26,2.881953039534346e+26,3.2044292359705162e+26,5.91193125350388e-06,41021.676441794516,40550.323983243121,-0.00501907637663502,0.003921971468626502,0.0039219942502337589,2.522684742696644e-06,0.20015687491880169,0.19905366698499816,-0.0011032079338035294,1.1034147749291119,1.1028265186152832,0.90325790001031026,0.90377285163028487,0.0002475227971111542,3.1799620565776364e+26,2.8944654237073755e+26,3.1782942374023969e+26,2.8960761484405284e+26,21.276704454323376,21.523674857934623,0,0,0.0,0.0,0.0,0.0,0.0,0.0,0.0,0.0
n17_vd_1_vg_2p5,n17,1.0,2.5,2091,986,991,991,internal,6.4696812499999939e-10,3.8864649999999965e-08,0.0,0.0,0.99890284625221526,0.99890297523141824,0.99890728822334529,0.99890741331482613,1.2897920298460264e-07,1.2509148084038912e-07,-3.887722144213512e-09,3.2004664676448047e+26,3.2044728572806687e+26,3.2004692567146902e+26,3.2044292359705162e+26,5.91193125350388e-06,45365.667869804638,44949.177251325964,-0.00400556208356035,0.0037924528244516055,0.0037924597259341008,7.903257274522749e-07,0.0012560205549104679,0.0012413859894006567,-1.4634565509811202e-05,1.000628141743088,1.0006208214146282,0.99937212118817753,0.99937943542522756,3.178516889412079e-06,3.2024768142304866e+26,3.2024608366705221e+26,3.2024561765661183e+26,3.2024406807043076e+26,400870.82540625171,413329.50277590594,0.079474780053761157,0.077078881499602306,-0.0023958985541588512,1.4244756653634486e-07,-4.985538146045261e-07,-0.0023955424479107828,5.9447688188664504e-05,0.00020806162180606397,0.9997324906900052,4.336808689942018e-19
n17_vd_1_vg_2p5,n17,1.0,2.5,2092,991,992,991;992,internal,1.8448199999999969e-08,3.6410894004419148e-10,0.0,0.0,0.99890297523141824,0.99999744450280326,0.99890741331482613,0.99999745148551611,0.0010944692713850124,0.0010900381706899775,-4.431100695034829e-06,3.2044728572806687e+26,3.2099750482789285e+26,3.2044292359705162e+26,3.209996318589362e+26,5.91193125350388e-06,59441.034730369123,59200.379828370264,-0.0017618677206860801,0.003787923387525473,0.0037879284785854108,5.837018138567625e-07,0.044051523896423937,0.043900360287970674,-0.00015116360845326277,1.0221874681148049,1.0221107784549783,0.9781359442183809,0.97821041816700749,3.3065336048428176e-05,3.2755719966263413e+26,3.1397919747657522e+26,3.2752816608817155e+26,3.1400518411218542e+26,47.248217252307079,47.44022814935218,0.22163646767320266,0.22073865836707132,-0.0008978093061313419,2.9728119274134246e-07,-7.83608994669079e-07,-0.0008973229783294141,0.0003308992794433579,0.0008722235312307142,0.998796877189326,1.0842021724855044e-19
n17_vd_1_vg_2p5,n17,1.0,2.5,2093,986,992,992,internal,1.8459540920477e-08,0,0.0,0.0,0.99890284625221526,0.99999744450280326,0.99890728822334529,0.99999745148551611,0.001094598250587997,0.001090163262170818,-4.434988417179042e-06,3.2004664676448047e+26,3.2099750482789285e+26,3.2004692567146902e+26,3.209996318589362e+26,2.8777631306641086e-06,60817.958135096967,60574.521892102028,-0.001741840330240226,0.0037894497506555862,0.0037894787498799439,3.3234785410946195e-06,0.045307544451334232,0.045141746277371157,-0.00016579817396307484,1.0228248308386938,1.0227406821429683,0.97751728638735935,0.97759893586559721,3.627397437140986e-05,3.2735165733737096e+26,3.1378060985647511e+26,3.273250110789981e+26,3.1380889851854445e+26,47.24265154155389,47.434786202758879,0,0,0.0,0.0,0.0,0.0,0.0,0.0,0.0,0.0
n17_vd_1_vg_2p5,n17,1.0,2.5,2094,985,992,992,internal,6.4696812499999939e-10,4.3976850000000036e-08,0.0,0.0,0.99997740678799762,0.99999744450280326,0.99997747425948402,0.99999745148551611,2.003771480563188e-05,1.9977226032086293e-05,-6.048877354558613e-08,3.2057205539201328e+26,3.2099750482789285e+26,3.2057351956641532e+26,3.209996318589362e+26,2.8777631306641086e-06,33303.983330624906,33198.71093427013,-0.0013749596020775528,0.0037892213725851964,0.0037892464586228758,2.8751795164205115e-06,0.0021013704851869249,0.002101089599850186,-2.808853367388883e-07,1.0010510532223929,1.0010509126813569,0.99894968273720586,0.9989498230815067,6.101483609894549e-08,3.2090899368384212e+26,3.2066035560725829e+26,3.2091041434343493e+26,3.2066252545471311e+26,2580.334267807475,2588.1472263893306,13.982526937220177,13.940487549412708,-0.04203938780746874,9.243000228427907e-05,7.813879147218945e-05,-0.04220995660122521,0.0021809546111767604,0.001843742868780998,0.9959753025200423,0.0
n17_vd_1_vg_2p5,n17,1.0,2.5,2106,991,997,991,drain_contact_cut,1.8448378919642255e-08,0,0.0,0.0,0.99890297523141824,1,0.99890741331482613,1.0000000000000002,0.0010970247685817558,0.0010925866851740906,-4.438083407665161e-06,3.2044728572806687e+26,3.2102607664560187e+26,3.2044292359705162e+26,3.2102714249382752e+26,5.91193125350388e-06,61445.053854819176,61201.594784534325,-0.001724190115981109,0.0037878562590394865,0.0037878561950644169,-7.3350248716335545e-09,0.044239380450203598,0.044084640568114793,-0.00015473988208880574,1.0222827784706658,1.0222042696662748,0.97804339802046203,0.97811962909816008,3.384864753255164e-05,3.2758774160747158e+26,3.1397743485564173e+26,3.2755812468525004e+26,3.1400294954650477e+26,47.138186387816582,47.329604203929257,0,0,0.0,0.0,0.0,0.0,0.0,0.0,0.0,0.0
n17_vd_1_vg_2p5,n17,1.0,2.5,2107,992,997,992,drain_contact_cut,8.1249755088383561e-11,4.3976850000000036e-08,0.0,0.0,0.99999744450280326,1,0.99999745148551611,1.0000000000000002,2.555497196743417e-06,2.5485144841130847e-06,-6.982712630332344e-09,3.2099750482789285e+26,3.2102607664560187e+26,3.209996318589362e+26,3.2102714249382752e+26,2.8777631306641086e-06,33824.503986071315,33726.058941145733,-0.0012658420062675192,0.0037877449081515167,0.0037877675131307359,2.591829355521616e-06,0.0001878565537798514,0.00018428028014431044,-3.5762736355409645e-06,1.0000939312177302,1.0000921429700074,0.99990607466395054,0.99990786268986287,7.76602035513511e-07,3.2102765651440967e+26,3.2099592416347225e+26,3.210292097183869e+26,3.2099756391643711e+26,20232.461879185958,20287.897100942813,14.204038615097257,14.165382084185495,-0.03865653091176213,8.465304179091267e-05,7.054428979132628e-05,-0.03881172824334437,0.002172433173567661,0.0018103632439690914,0.9960172035824633,0.0
n17_vd_1_vg_2p5,n17,1.0,2.5,2108,991,998,991;998,internal,8.1249755088383561e-11,3.8864649999999965e-08,0.0,0.0,0.99890297523141824,0.99890297686781382,0.99890741331482613,0.99890741489096735,1.636395574600158e-09,1.576141217540794e-09,-6.025435705936388e-11,3.2044728572806687e+26,3.2045367216756157e+26,3.2044292359705162e+26,3.2044914207104249e+26,6.1394516518052805e-06,45399.754328400639,44983.169431505121,-0.004003450997346476,0.0037907859439382024,0.0037907682883092778,-2.02273623103683e-06,1.9992866246715656e-05,1.9466650427244504e-05,-5.26215819471152e-07,1.0000099964664331,1.0000097333567928,0.99999000360018619,0.99999026670636548,1.1426668903299452e-07,3.2045048906860222e+26,3.2045046878453278e+26,3.2044604258235868e+26,3.204460230454478e+26,31596271.131439425,32804165.902863491,0.0080305234813023291,0.0077346849895242424,-0.00029583849177808666,-3.671340014493642e-08,-1.0936848707911981e-07,-0.00029569240989086253,0.00012409947037073105,0.0003696898480714232,0.9995062106815578,5.421010862427522e-20
n17_vd_1_vg_2p5,n17,1.0,2.5,2109,997,998,998,drain_contact_cut,1.8448199999999969e-08,4.0624877544191781e-11,0.0,0.0,1,0.99890297686781382,1.0000000000000002,0.99890741489096735,-0.0010970231321861812,-0.001092585109032873,4.438023153308102e-06,3.2102607664560187e+26,3.2045367216756157e+26,3.2102714249382752e+26,3.2044914207104249e+26,6.1394516518052805e-06,59465.053235927975,59224.486271966191,-0.0017605097884707426,0.003787949600166532,0.0037879484218525249,-1.3509560707747939e-07,-0.044219387583956854,-0.044065173917687522,0.00015421366626933164,0.97805324708450192,0.97812921943416398,1.0222726346684587,1.0221943933518514,3.373343010351216e-05,3.1398059666202906e+26,3.2759101973591566e+26,3.1400602830466766e+26,3.2756131637943057e+26,47.138256681299147,47.329672460341236,-0.024787954986245204,-0.024687532803136427,0.00010042218310877746,7.69514841199766e-09,1.3474160359105053e-07,0.00010027974635677439,7.66279737581712e-05,0.0013417513881877896,0.998581620638054,-1.3552527156068805e-20
n17_vd_1_vg_2p5,n17,1.0,2.5,2110,991,999,991,internal,5.9281099999999972e-08,3.6410894004419148e-10,0.0,0.0,0.99890297523141824,0.99647110758672908,0.99890741331482613,0.99650348847729209,-0.0024318676446891674,-0.002403924837534044,2.794280715512354e-05,3.2044728572806687e+26,2.885635911107654e+26,3.2044292359705162e+26,2.8857467878931564e+26,1.6686876830789006e-05,41022.647131143232,40551.285957914501,-0.0050190502570295606,0.003920269975336778,0.0039203403071959228,7.791418583205727e-06,-0.19887114677850259,-0.19773823505989296,0.0011329117186096305,0.90385806726540208,0.90438712852026049,1.1027292140439044,1.1021253635801533,0.0002541341082124652,2.8963886433861457e+26,3.1820750202726099e+26,2.8980445552657471e+26,3.1804547278070039e+26,21.276701150067208,21.523655569399686,-0.15019221125173243,-0.14847249532793794,0.001719715923794496,-2.6790830464917814e-06,-3.3885766745900266e-06,0.0017257835835155777,0.0015469475550826403,0.00195662109423273,0.9964964313506847,0.0
n17_vd_1_vg_2p5,n17,1.0,2.5,2111,998,999,998,internal,5.9281155679800122e-08,0,0.0,0.0,0.99890297686781382,0.99647110758672908,0.99890741489096735,0.99650348847729209,-0.002431869281084742,-0.0024039264136752614,2.79428674094806e-05,3.2045367216756157e+26,2.885635911107654e+26,3.2044914207104249e+26,2.8857467878931564e+26,1.6686876830789006e-05,41022.662166355323,40551.300586289857,-0.005019052763948903,0.0039202310742812571,0.0039203006182157848,7.704208898182253e-06,-0.19889113964474936,-0.19775770171032026,0.0011334379344291046,0.90384873266045151,0.90437803594168931,1.1027398723052009,1.1021357376520098,0.00025425295637907853,2.8964164546503833e+26,3.1821057761341563e+26,2.8980716572540878e+26,3.1804846647515416e+26,21.276686854148981,21.523641477669678,0,0,0.0,0.0,0.0,0.0,0.0,0.0,0.0,0.0
n17_vd_1_vg_2p5,n17,1.0,2.5,2112,992,993,992;993,internal,6.9505500000000106e-08,3.6410894004419148e-10,0.0,0.0,0.99999744450280326,0.999999761799651,0.99999745148551611,0.99999975886182535,2.3172968477425115e-06,2.3073763092407162e-06,-9.920538501795306e-09,3.2099750482789285e+26,3.2297638729863604e+26,3.209996318589362e+26,3.2297801214314042e+26,2.8777631306641086e-06,27843.218691511596,27764.188729959278,-0.0012344506211431213,0.003780217737507573,0.0037802417217210078,2.7554440583506706e-06,0.0062355032780496526,0.0062335240734668045,-1.9792045828481014e-06,1.0031209917620194,1.0031200001031677,0.99688548848396996,0.9968864760297006,4.302253909545326e-07,3.2199933539608948e+26,3.2197047362098869e+26,3.2200115074345287e+26,3.219724123604531e+26,22312.20383253022,22408.134901285324,0.00012478972833166686,0.00012425700596190083,-5.327223697660288e-07,7.900564942977808e-10,7.259201082627962e-10,-5.342383463685893e-07,0.001474661912042705,0.0013549496049551925,0.9971703884830022,0.0
n17_vd_1_vg_2p5,n17,1.0,2.5,2113,992,994,992,drain_contact_cut,6.9505547489194824e-08,0,0.0,0.0,0.99999744450280326,1,0.99999745148551611,1,2.555497196743417e-06,2.54851448389104e-06,-6.982712852376949e-09,3.2099750482789285e+26,3.2300486131251713e+26,3.209996318589362e+26,3.2300593338353824e+26,2.8777631306641086e-06,17192.044800580028,17167.153055927531,-0.0006292550416279334,0.003780939508521907,0.0037809572176527922,2.0341398729344962e-06,0.0063328746796679249,0.0063292973316601232,-3.577348007801663e-06,1.0031697794460757,1.0031679869973271,0.99683690476640796,0.99683868966566713,7.776309256594259e-07,3.2201499612093784e+26,3.2198316617527246e+26,3.2201655451881207e+26,3.2198481138828204e+26,20232.46187933287,20287.897102546136,0,0,0.0,0.0,0.0,0.0,0.0,0.0,0.0,0.0
n17_vd_1_vg_2p5,n17,1.0,2.5,2114,993,994,993,drain_contact_cut,8.1249755088383561e-11,9.9999999999999995e-08,0.0,0.0,0.999999761799651,1,0.99999975886182535,1,2.3820034900090548e-07,2.4113817465032383e-07,2.9378256494183574e-09,3.2297638729863604e+26,3.2300486131251713e+26,3.2297801214314042e+26,3.2300593338353824e+26,2.184863212657019e-06,2931.7283356813782,2967.8858266486363,0.005323465227116496,0.0037739103940123372,0.0037739222403427365,1.3632511934476296e-06,9.7371401618352913e-05,9.5773258193398783e-05,-1.598143424954131e-06,1.0000486864909084,1.0000478873934731,0.99995131508929003,0.99995211413527985,3.4703802100821874e-07,3.2299211188557989e+26,3.2298913584968527e+26,3.2299347871829104e+26,3.2299046596510845e+26,217060.97325473017,214416.48403513248,3.0181061052271358,3.0553520307098476,0.03724592548271177,9.53229806125814e-06,1.2678205788689091e-05,0.03722371497886182,0.0002559286133373889,0.0003403917508929631,0.9994036796357696,0.0
n17_vd_1_vg_2p5,n17,1.0,2.5,2115,993,996,993;996,internal,1.3049449999999989e-07,3.6410894004419148e-10,0.0,0.0,0.999999761799651,0.99999996046429074,0.99999975886182535,0.99999995877666947,1.9866463973894355e-07,1.9991484412340554e-07,1.2502043844619948e-09,3.2297638729863604e+26,3.2319729341305379e+26,3.2297801214314042e+26,3.2319673533214076e+26,2.184863212657019e-06,2659.6470165039632,2693.2753749432177,0.005456758597822394,0.003773000009713424,0.0037730037642301904,4.3216673692042105e-07,0.00069142075063166109,0.00068471152578498018,-6.709224846680913e-06,1.00034575021387,1.0003423948320482,0.9996543294632384,0.99965768330626337,1.4570567371011142e-06,3.2308805645361952e+26,3.2308557363115979e+26,3.2308859814536341e+26,3.230860996942754e+26,260257.68678973793,258630.11725113521,5.7068758077896706e-06,5.7428046054098191e-06,3.592879762014851e-08,5.696792413913957e-12,9.459873285858756e-12,3.591364095444873e-08,0.00015855783636687173,0.0002632950143745906,0.9995781471492586,-6.617444900424222e-24
n17_vd_1_vg_2p5,n17,1.0,2.5,2117,993,995,993,drain_contact_cut,1.3049452529425393e-07,0,0.0,0.0,0.999999761799651,1,0.99999975886182535,0.99999999999999967,2.3820034900090548e-07,2.411381743172569e-07,2.93782531635145e-09,3.2297638729863604e+26,3.2322380225627657e+26,3.2297801214314042e+26,3.2322487501568281e+26,2.184863212657019e-06,1709.1502953176839,1737.6146671002934,0.0071732193909618165,0.0037731030733477826,0.0037731153729794473,1.4157189324977423e-06,0.00077496731922498975,0.0007733690573138314,-1.5982619111583503e-06,1.0003875337074741,1.0003867343702981,0.99961256638824891,0.99961336531298428,3.4710294468875104e-07,3.2310155153543254e+26,3.2309857449116455e+26,3.231029188412867e+26,3.2309990506729539e+26,217060.97318554952,214416.48436946652,0,0,0.0,0.0,0.0,0.0,0.0,0.0,0.0,0.0
n17_vd_1_vg_2p5,n17,1.0,2.5,2118,995,996,996,drain_contact_cut,8.1249755088383561e-11,6.5247249999999943e-08,0.0,0.0,1,0.99999996046429074,0.99999999999999967,0.99999995877666947,-3.9535709261961927e-08,-4.122333019385138e-08,-1.6876209318894553e-09,3.2322380225627657e+26,3.2319729341305379e+26,3.2322487501568281e+26,3.2319673533214076e+26,1.44139359219909e-06,486.59719304555597,507.36790615785992,0.0181533928551683,0.0037723014759125473,0.003772303234825615,2.0249867787464176e-07,-8.3546568593381704e-05,-8.8657531528904226e-05,-5.110962935522522e-06,0.99995822729737227,0.9999556718892485,1.0000417738659657,1.0000443294207777,1.109847426529778e-06,3.2321030032450267e+26,3.2321079461346925e+26,3.2321054706762546e+26,3.232110624562153e+26,1307779.7374430737,1254241.2120005272,-0.32692962423018379,-0.34088536921250334,-0.013955744982319551,-1.5569119256782688e-07,-2.6580816513595745e-07,-0.013955323482961846,1.1156064600282617e-05,1.9046504896206417e-05,0.9999697974305035,1.734723475976807e-18
n17_vd_1_vg_2p5,n17,1.0,2.5,2274,998,1055,998,internal,5.9281099999999972e-08,4.0624877544191781e-11,0.0,0.0,0.99890297686781382,0.99647110758187862,0.99890741489096735,0.99650348845113224,-0.0024318692859351954,-0.0024039264398351134,2.794284610008191e-05,3.2045367216756157e+26,2.8856932791630322e+26,3.2044914207104249e+26,2.885807082325145e+26,1.7126945244605236e-05,41022.674780626054,40551.312980205941,-0.005019053571605889,0.0039201831163359823,0.0039202541975026234,7.874601174510151e-06,-0.19887125947085255,-0.19773680906573635,0.0011344504051161997,0.90385801464952031,0.90438779458307894,1.1027292741203729,1.1021246036488155,0.00025447923858138165,2.8964461991252045e+26,3.1821384550654893e+26,2.8981029287366988e+26,3.1805189868145452e+26,21.276686811774276,21.523641243784052,-0.016757431334612934,-0.016565564568291457,0.00019186676632147737,-3.0210529830658933e-07,-3.8257376795980863e-07,0.00019255144538774376,0.00156339969640868,0.0019798252994401183,0.9964567750041512,0.0
n21_vd_0p05_vg_0,n21,0.05,0.0,2084,983,995,995,internal,1.3049610376560958e-07,0,0.0,0.0,0.049999999999999066,0.049999999999999274,0.0499999999999996,0.050000000000000037,2.0816681711721685e-16,4.371503159461554e-16,2.2898349882893854e-16,3.2246710203524994e+26,3.2311875113003993e+26,3.2246838104019629e+26,3.2311822696511502e+26,1.7225437430812734e-06,5.5873368995402726e-09,1.9843120586136481e-07,1.5504051127914273,0.003774082354750059,0.0037740861686246141,4.388732628233317e-07,0.0020187843736404806,0.002013195863572691,-5.588510067789602e-06,1.0010097318109927,1.0010069356782287,0.99899094743735239,0.99899373981465622,1.2139372861334243e-06,3.2279270732617361e+26,3.2279270732617265e+26,3.2279308595816634e+26,3.2279308595816119e+26,703632261714767.75,124694471125798.78,0,0,0.0,0.0,0.0,0.0,0.0,0.0,0.0,0.0
n21_vd_0p05_vg_0,n21,0.05,0.0,2085,982,995,995,internal,6.4696812499999939e-10,6.5247249999999943e-08,0.0,0.0,0.049999999999999274,0.049999999999999274,0.050000000000000266,0.050000000000000037,0.0,-2.2898349882893854e-16,-2.2898349882893854e-16,3.2268269063893527e+26,3.2311875113003993e+26,3.2268315341379517e+26,3.2311822696511502e+26,7.045153472061843e-07,1.5952152551810002e-09,3.5397000997898116e-07,2.3461471739095203,0.00377323328852818,0.00377323297851706,-3.568189773214889e-08,0.0013504477666705015,0.0013473914127706745,-3.0563538998269572e-06,1.0006753758590949,1.0006738469950156,0.99932492809242435,0.99932645558224498,6.638280249636027e-07,3.2290062273834065e+26,3.2290062273834113e+26,3.2290059248706519e+26,3.229005924870678e+26,1.7976931348623157e+308,246353601445821,0,-2.3833890818187896e-10,-2.3833890818187896e-10,9.791035188045294e-18,1.1164513096540373e-17,-2.3833892913742724e-10,4.108029839111833e-08,4.684300695368978e-08,0.9999999120766947,0.0
n21_vd_0p05_vg_0,n21,0.05,0.0,2087,984,992,992,internal,6.9508510975309933e-08,0,0.0,0.0,0.049999999999997762,0.049999999999999073,0.050000000000000211,0.050000000000000086,1.3114509478384662e-15,-1.249000902703301e-16,-1.4363510381087963e-15,3.2049750428723862e+26,3.2289807207908271e+26,3.204989718061967e+26,3.2289968451168136e+26,2.1686993269409244e-06,1.8868304635438404e-08,2.1453851321713435e-07,1.0557723871053923,0.0037827340078715587,0.0037827496544584126,1.7963759184754063e-06,0.0074622177074348782,0.0074626324546457762,4.147472108979866e-07,1.0037357492405035,1.0037359571299447,0.99627353153306863,0.99627332467529894,9.017322489744541e-08,3.2169480259546291e+26,3.2169480259544711e+26,3.2169634222505595e+26,3.2169634222505795e+26,40735876641548.766,327246441879330.38,0,0,0.0,0.0,0.0,0.0,0.0,0.0,0.0,0.0
n21_vd_0p05_vg_0,n21,0.05,0.0,2088,983,992,992,internal,6.4696812499999939e-10,9.9999999999999995e-08,0.0,0.0,0.049999999999999066,0.049999999999999073,0.0499999999999996,0.050000000000000086,6.938893903907228e-18,4.85722573273506e-16,4.787836793695988e-16,3.2246710203524994e+26,3.2289807207908271e+26,3.2246838104019629e+26,3.2289968451168136e+26,2.1686993269409244e-06,1.3103903123924533e-08,7.5077462896382095e-07,1.758108914295807,0.0037749388177416763,0.0037749534348552232,1.6816483050231142e-06,0.0013355852629860648,0.0013366125742012389,1.0273112151740899e-06,1.0006679412804882,1.0006684551648606,0.99933235601750203,0.99933184259065921,2.2312747170799376e-07,3.2268249112429865e+26,3.2268249112429892e+26,3.2268393669500683e+26,3.2268393669500112e+26,2461872033113852,111903775542867.48,9.1301013176090633e-12,7.6693491607984141e-10,7.578048147622324e-10,1.5025105150890213e-15,1.7383194080379187e-15,7.578015739323093e-10,1.982714395342614e-06,2.293888048973839e-06,0.9999957233975557,0.0
n21_vd_0p05_vg_0,n21,0.05,0.0,2090,989,990,990,internal,5.9284630259155387e-08,0,0.0,0.0,0.049999999999997193,0.049999999999997692,0.049999999999999267,0.049999999999999628,4.996003610813204e-16,3.608224830031759e-16,-1.3877787807814457e-16,2.8812718086807676e+26,3.2037093296426866e+26,2.8812965389754624e+26,3.203666696034674e+26,5.779445635650374e-06,8.4276499775024529e-09,3.0045291535201758e-07,1.5520699324949145,0.0039239318878650353,0.003923921751409723,-1.1218880500211994e-06,0.10607750709787564,0.1060556163517697,-2.1890746105937553e-05,1.0539762808646174,1.0539649486572624,0.94789877376674159,0.94790933230549279,4.8375308681704285e-06,3.0367921450734249e+26,3.036792145073372e+26,3.0367855587676211e+26,3.036785558767572e+26,114414248810696,123567120718082.56,0,0,0.0,0.0,0.0,0.0,0.0,0.0,0.0,0.0
n21_vd_0p05_vg_0,n21,0.05,0.0,2091,985,990,990,internal,6.4696812499999939e-10,3.8864649999999965e-08,0.0,0.0,0.049999999999997692,0.049999999999997692,0.049999999999999628,0.049999999999999628,0.0,0.0,0.0,3.1997242863630456e+26,3.2037093296426866e+26,3.1997271116277207e+26,3.203666696034674e+26,5.779445635650374e-06,7.2308692631541256e-09,9.4626190357325591e-09,0.1168208463861205,0.0037946069951079937,0.0037945866334411519,-2.330408205273015e-06,0.001244658423302636,0.0012304677870349369,-1.4190636267699197e-05,1.0006224583095304,1.0006153600644287,0.99937779988622799,0.9993848922773938,3.0820930957803187e-06,3.2017159813332988e+26,3.2017159813332899e+26,3.2016960959092863e+26,3.201696095909287e+26,1.7976931348623157e+308,1.7976931348623157e+308,0,0,0.0,0.0,0.0,0.0,0.0,0.0,0.0,0.0
n21_vd_0p05_vg_0,n21,0.05,0.0,2092,990,991,990;991,internal,1.8448199999999969e-08,3.6410840056203397e-10,0.0,0.0,0.049999999999997692,0.049999999999997755,0.049999999999999628,0.050000000000000003,6.245004513516506e-17,3.7470027081099033e-16,3.122502256758253e-16,3.2037093296426866e+26,3.2092035353335023e+26,3.203666696034674e+26,3.2092245226630941e+26,5.779445635650374e-06,3.0777428963170855e-06,1.4436507970419802e-07,-1.3287701826299436,0.0037909808577990434,0.003790969805726171,-1.2661264824870215e-06,0.0017134825159061148,0.0017333298914422005,1.9847375536085655e-05,1.0008569859264689,1.0008669153150846,0.99914350341056268,0.99913358542364228,4.311040761274603e-06,3.2064548634506872e+26,3.206454863450679e+26,3.2064440037578935e+26,3.2064440037578537e+26,752717206151095.75,163088175646864.5,1.2797327113890573e-14,7.5620092735509668e-14,6.282276562161909e-14,-1.2888471660139215e-19,-1.4972758125687612e-19,6.282304423391695e-14,2.051542496675781e-06,2.3833120324341045e-06,0.9999955651454709,0.0
n21_vd_0p05_vg_0,n21,0.05,0.0,2093,985,991,991,internal,1.8459540920477e-08,0,0.0,0.0,0.049999999999997692,0.049999999999997755,0.049999999999999628,0.050000000000000003,6.245004513516506e-17,3.7470027081099033e-16,3.122502256758253e-16,3.1997242863630456e+26,3.2092035353335023e+26,3.1997271116277207e+26,3.2092245226630941e+26,2.840160035884944e-06,6.4440395492052125e-09,1.6295863340457731e-07,1.4029191767845823,0.0037926457392635218,0.0037926579129981173,1.3940076762851414e-06,0.0029581409392087686,0.0029637976784771545,5.6567392683858075e-06,1.0014797996859826,1.001482630847188,0.99852165874677379,0.99851883316871082,1.228951506878147e-06,3.2044592373572366e+26,3.2044592373572195e+26,3.2044711257460037e+26,3.2044711257459652e+26,376124365863181.25,168608099878034.09,0,0,0.0,0.0,0.0,0.0,0.0,0.0,0.0,0.0
n21_vd_0p05_vg_0,n21,0.05,0.0,2094,984,991,991,internal,6.4696812499999939e-10,4.3976850000000036e-08,0.0,0.0,0.049999999999997762,0.049999999999997755,0.050000000000000211,0.050000000000000003,-6.938893903907228e-18,-2.0816681711721685e-16,-2.0122792321330962e-16,3.2049750428723862e+26,3.2092035353335023e+26,3.204989718061967e+26,3.2092245226630941e+26,2.840160035884944e-06,1.9078587287295393e-08,3.2184657888317279e-07,1.2271026837481582,0.0037905791964448739,0.003790597402950408,2.0859519058715905e-06,0.001318483114281756,0.0013204439569600571,1.9608426783011227e-06,1.0006593864236135,1.0006603672761629,0.99934090330933179,0.99933992331920263,4.2588521361219297e-07,3.2070883599036764e+26,3.2070883599036833e+26,3.2071061883922134e+26,3.2071061883922409e+26,889750632519442.5,233031222998644.66,-4.0071066114249107e-12,-1.4425733282038665e-10,-1.4025022620896174e-10,-3.56061679460352e-16,-4.121047289121247e-16,-1.4024945804255337e-10,2.538760108164448e-06,2.938353399146189e-06,0.9999945228864927,0.0
n21_vd_0p05_vg_0,n21,0.05,0.0,2106,990,996,990,drain_contact_cut,1.8448378914890347e-08,0,0.0,0.0,0.049999999999997692,0.049999999999999996,0.049999999999999628,0.049999999999999899,2.3037127760972e-15,2.706168622523819e-16,-2.033095913844818e-15,3.2037093296426866e+26,3.2094844081888549e+26,3.203666696034674e+26,3.2094950642291902e+26,5.779445635650374e-06,1.3792759859440507e-05,6.8332478929107982e-07,-1.305023998824647,0.0037910484967135236,0.0037910321684555544,-1.8705346588509374e-06,0.00180099973384319,0.0018176275656372073,1.6627831794017306e-05,1.0009007701669104,1.0009090890969674,0.9990997704330673,0.99909146153133011,3.6117766082080454e-06,3.2065951354302814e+26,3.2065951354299935e+26,3.2065791144983566e+26,3.2065791144983318e+26,22291006278071.562,257518496422885.62,0,0,0.0,0.0,0.0,0.0,0.0,0.0,0.0,0.0
n21_vd_0p05_vg_0,n21,0.05,0.0,2107,991,996,991,drain_contact_cut,8.1248676124068538e-11,4.3976850000000042e-08,0.0,0.0,0.049999999999997755,0.049999999999999996,0.050000000000000003,0.049999999999999899,2.2412627309620348e-15,-1.0408340855860843e-16,-2.345346139520643e-15,3.2092035353335023e+26,3.2094844081888549e+26,3.2092245226630941e+26,3.2094950642291902e+26,2.840160035884944e-06,2.7585221552189068e-05,1.2810515236880835e-06,-1.3331098790164357,0.0037890886428617251,0.0037891047817984543,1.849794739315915e-06,8.7517217937064712e-05,8.4297674194996186e-05,-3.2195437420685257e-06,1.0000437592472404,1.0000421494292722,0.99995624202930333,0.99995785175507723,6.991250505338095e-07,3.2093439676644498e+26,3.2093439676641701e+26,3.2093597896451305e+26,3.2093597896451442e+26,22937097251333.266,466389943389185.88,1.2479833081329833e-08,-5.7452444942119574e-10,-1.3054357530751029e-08,2.5354303697803233e-14,2.934648089243125e-14,-1.3054412231535619e-08,1.942193720298998e-06,2.248003004992515e-06,0.9999958098032747,0.0
n21_vd_0p05_vg_0,n21,0.05,0.0,2108,990,997,990;997,internal,8.1248676124068538e-11,3.8864649999999965e-08,0.0,0.0,0.049999999999997692,0.049999999999997692,0.049999999999999628,0.049999999999999843,0.0,2.1510571102112408e-16,2.1510571102112408e-16,3.2037093296426866e+26,3.2037729208440624e+26,3.203666696034674e+26,3.2037286387472719e+26,6.002798471367663e-06,3.6065076324867473e-08,2.6475182944461811e-06,1.865752114151665,0.0037928985454127599,0.0037928541080223784,-5.088200028351052e-06,1.9849044879326776e-05,1.9334755978224019e-05,-5.142889011027567e-07,1.0000099245552718,1.0000096674091419,0.99999007551039243,0.99999033265316373,1.1167678057913466e-07,3.2037411250330039e+26,3.2037411250330046e+26,3.2036976671913793e+26,3.2036976671913525e+26,1.7976931348623157e+308,238461204505836,0,1.0428720249070735e-09,1.0428720249070735e-09,-6.109214791383406e-15,-7.0732555018146815e-15,1.0428852073773667e-09,5.8579194779232546e-06,6.782305515734758e-06,0.9999873597750063,0.0
n21_vd_0p05_vg_0,n21,0.05,0.0,2109,996,997,997,drain_contact_cut,1.8448199999999969e-08,4.0624338062034256e-11,0.0,0.0,0.049999999999999996,0.049999999999997692,0.049999999999999899,0.049999999999999843,-2.3037127760972e-15,-5.551115123125783e-17,2.248201624865942e-15,3.2094844081888549e+26,3.2037729208440624e+26,3.2094950642291902e+26,3.2037286387472719e+26,6.002798471367663e-06,1.2487466398332646e-07,2.6474997527944288e-06,1.326361595605692,0.0037910053058606823,0.0037909881354678521,-1.9670306802434977e-06,-0.0017811506889638677,-0.0017982928096589874,-1.7142120695119636e-05,0.99910968903031894,0.99910112308324162,1.0008908397192826,1.0008994158929008,3.7234745457665863e-06,3.2066269690132236e+26,3.2066269690135123e+26,3.2066101232015045e+26,3.2066101232015031e+26,22190133570203.492,4892898747560888,-5.2183637484195496e-14,-1.2980877360573929e-15,5.0885549748138105e-14,1.2111573678923528e-19,1.404812455756905e-19,5.0885288151155734e-14,2.38015973864303e-06,2.760729642718082e-06,0.9999948591106187,-6.310887241768095e-30
n21_vd_0p05_vg_0,n21,0.05,0.0,2110,990,998,990,internal,5.9281099999999972e-08,3.6410840056203397e-10,0.0,0.0,0.049999999999997692,0.049999999999997193,0.049999999999999628,0.049999999999998879,-4.996003610813204e-16,-7.494005416219807e-16,-2.498001805406602e-16,3.2037093296426866e+26,2.8849624294374941e+26,3.203666696034674e+26,2.8850712577512688e+26,1.6382412552509387e-05,8.4276499775024529e-09,2.3855043993758546e-07,1.4518737319096946,0.0039221866251685613,0.0039222231113330069,4.040008213968842e-06,-0.10479742685545985,-0.10474639729117516,5.1029564284696405e-05,0.94851632748441062,0.94854095151497131,1.0533137543398705,1.0532873488061465,1.1274388721662847e-05,3.0387706076802241e+26,3.0387706076802811e+26,3.0388090561935541e+26,3.0388090561936482e+26,106593010831995.22,64400758874545.656,-3.0883963626209099e-14,-4.65044604790721e-14,-1.5620496852863e-14,-3.599508194969881e-19,-4.895804513895732e-19,-1.5619647321592112e-14,2.304349361531446e-05,3.1342181750117675e-05,0.9999456143246346,3.1554436208840472e-30
n21_vd_0p05_vg_0,n21,0.05,0.0,2111,997,998,997,internal,5.9281155678321322e-08,0,0.0,0.0,0.049999999999997692,0.049999999999997193,0.049999999999999843,0.049999999999998879,-4.996003610813204e-16,-9.645062526431047e-16,-4.649058915617843e-16,3.2037729208440624e+26,2.8849624294374941e+26,3.2037286387472719e+26,2.8850712577512688e+26,1.6382412552509387e-05,8.4276499775024529e-09,1.8789194887540136e-06,2.348201681168545,0.0039221469662694564,0.0039221826793255062,3.954444516037818e-06,-0.10481727590033924,-0.10476573204715345,5.1543853185787025e-05,0.94850674955603831,0.94853162158570647,1.0533240254563774,1.05329735363286,1.138805140009921e-05,3.0388002394654567e+26,3.0388002394655117e+26,3.0388379208315181e+26,3.0388379208316387e+26,110400980612091.22,50401072640320.797,0,0,0.0,0.0,0.0,0.0,0.0,0.0,0.0,0.0
n21_vd_0p05_vg_0,n21,0.05,0.0,2112,991,992,991;992,internal,6.9505500000000106e-08,3.6410840056203397e-10,0.0,0.0,0.049999999999997755,0.049999999999999073,0.050000000000000003,0.050000000000000086,1.3183898417423734e-15,8.326672684688674e-17,-1.2351231148954867e-15,3.2092035353335023e+26,3.2289807207908271e+26,3.2092245226630941e+26,3.2289968451168136e+26,2.840160035884944e-06,1.2579195400708179e-06,6.6700377685153383e-07,-0.27552457027162064,0.0037811801447683487,0.0037811989787803583,2.163210109993628e-06,0.0061437345931530836,0.0061421884976856807,-1.5460954674029193e-06,1.003075012750827,1.0030742381201612,0.99693127815767391,0.9969320496224755,3.3607409461363926e-07,3.2190718771246526e+26,3.2190718771244863e+26,3.2190904430268209e+26,3.2190904430268119e+26,38829358695707.289,755683416050090.12,7.1116531773291458e-14,4.3288788972076111e-15,-6.678765287608385e-14,1.8789659954284705e-19,2.175648398041847e-19,-6.67880583375232e-14,2.8133091982535724e-06,3.2575212458706716e-06,0.9999939291695559,0.0
n21_vd_0p05_vg_0,n21,0.05,0.0,2113,991,993,991,drain_contact_cut,6.9505547487933553e-08,0,0.0,0.0,0.049999999999997755,0.049999999999999996,0.050000000000000003,0.049999999999999808,2.2412627309620348e-15,-1.942890293094024e-16,-2.435551760271437e-15,3.2092035353335023e+26,3.2292607288398993e+26,3.2092245226630941e+26,3.229271447072796e+26,2.840160035884944e-06,1.947192339888574e-05,2.3485869740100321e-06,-0.9186022045861904,0.0037812461573754931,0.0037812622475166622,1.8480269108718975e-06,0.0062304479969635378,0.0062272273792228329,-3.220617740704902e-06,1.0031184588699091,1.0031168452175923,0.99688801087294554,0.9968896178383696,7.000742773210907e-07,3.2192113045636069e+26,3.2192113045633251e+26,3.2192271787687362e+26,3.2192271787687589e+26,22847100578581.102,280694334086281.72,0,0,0.0,0.0,0.0,0.0,0.0,0.0,0.0,0.0
n21_vd_0p05_vg_0,n21,0.05,0.0,2114,992,993,992,drain_contact_cut,8.1248676124068538e-11,1.0000000000000004e-07,0.0,0.0,0.049999999999999073,0.049999999999999996,0.050000000000000086,0.049999999999999808,9.228728892196614e-16,-2.7755575615628914e-16,-1.2004286453759505e-15,3.2289807207908271e+26,3.2292607288398993e+26,3.2289968451168136e+26,3.229271447072796e+26,2.1686993269409244e-06,1.1358622548185046e-05,3.4161272512397341e-06,-0.5217916281440227,0.0037734264461078055,0.0037734400014777566,1.560123638243284e-06,8.6713403810175464e-05,8.5038881536873644e-05,-1.6745222733018203e-06,1.0000433573285064,1.0000425200434027,0.99995664392469608,0.99995748116186589,3.6362309597661483e-07,3.2291207207686794e+26,3.2291207207685632e+26,3.2291341422028147e+26,3.229134142202847e+26,55675109531702.102,201112966246489.31,1.1708544639450701e-08,-3.4907732767016409e-09,-1.5199317916152342e-08,1.4760508527607536e-14,1.7078134612302415e-14,-1.519934975479548e-08,9.711255972400522e-07,1.1236072012084248e-06,0.9999979052672017,0.0
n21_vd_0p05_vg_0,n21,0.05,0.0,2115,992,995,992;995,internal,1.3049449999999989e-07,3.6410840056203397e-10,0.0,0.0,0.049999999999999073,0.049999999999999274,0.050000000000000086,0.050000000000000037,2.0122792321330962e-16,-4.85722573273506e-17,-2.498001805406602e-16,3.2289807207908271e+26,3.2311875113003993e+26,3.2289968451168136e+26,3.2311822696511502e+26,2.1686993269409244e-06,1.000505239867121e-06,8.5757498208111414e-07,-0.06694726455504303,0.0037725048272022562,0.003772510320037514,6.323401598984385e-07,0.00068319911065440144,0.00067658328937143775,-6.6158212829636916e-06,1.0003416384520789,1.0003383297917645,0.99965843934142451,0.99966174650239303,1.4367701277162815e-06,3.2300838647660708e+26,3.2300838647660591e+26,3.2300893109470295e+26,3.230089310947035e+26,547635203851668.44,1232181286219418.5,5.7706309546898367e-15,-1.3190055055073174e-15,-7.089636460197154e-15,3.2408278461236462e-21,3.752903862384065e-21,-7.0896434539288625e-15,4.571209638682607e-07,5.293496329741391e-07,0.9999990135294031,0.0
n21_vd_0p05_vg_0,n21,0.05,0.0,2117,992,994,992,drain_contact_cut,1.3049452529358212e-07,0,0.0,0.0,0.049999999999999073,0.049999999999999996,0.050000000000000086,0.050000000000000176,9.228728892196614e-16,9.020562075079397e-17,-8.326672684688674e-16,3.2289807207908271e+26,3.2314483017083006e+26,3.2289968451168136e+26,3.2314590268193235e+26,2.1686993269409244e-06,1.012027480600059e-05,8.5403250240417866e-07,-1.073717906301358,0.0037725603020528882,0.0037725738535198802,1.56003252293272e-06,0.00076390624492264896,0.0007622316042533283,-1.6746406693206664e-06,1.0003820017518568,1.0003811642185445,0.99961809550693403,0.99961893261429102,3.636898485001766e-07,3.2302141970828811e+26,3.2302141970827677e+26,3.2302276231759653e+26,3.2302276231759481e+26,57312973325557.695,379148937891558.94,0,0,0.0,0.0,0.0,0.0,0.0,0.0,0.0,0.0
n21_vd_0p05_vg_0,n21,0.05,0.0,2118,994,995,995,drain_contact_cut,8.1248676124068538e-11,6.5247249999999956e-08,0.0,0.0,0.049999999999999996,0.049999999999999274,0.050000000000000176,0.050000000000000037,-7.216449660063518e-16,-1.3877787807814457e-16,5.828670879282072e-16,3.2314483017083006e+26,3.2311875113003993e+26,3.2314590268193235e+26,3.2311822696511502e+26,1.4414121379869411e-06,8.8819290517476379e-06,1.7080632939959841e-06,-0.716003339868236,0.0037717045193435242,0.0037717072854556587,3.185050127223609e-07,-8.0707134268347036e-05,-8.5648314881989952e-05,-4.941180613642917e-06,0.9999596469756693,0.99995717645386173,1.0000403541099376,1.0000428247687438,1.0729786117828066e-06,3.2313179029963584e+26,3.2313179029964595e+26,3.2313206442845947e+26,3.2313206442846173e+26,64033763994418.234,290035530026120,-5.9800797508326675e-09,-1.1390646113787071e-09,4.841015139453961e-09,-2.610537621363477e-15,-3.019762777364119e-15,4.8410207697543594e-09,5.392529198630168e-07,6.237856454015541e-07,0.9999988369614348,0.0
n21_vd_0p05_vg_0,n21,0.05,0.0,2274,997,1054,997,internal,5.9281099999999972e-08,4.0624338062034256e-11,0.0,0.0,0.049999999999997692,0.049999999999997193,0.049999999999999843,0.049999999999998969,-4.996003610813204e-16,-8.743006318923108e-16,-3.7470027081099033e-16,3.2037729208440624e+26,2.8850196335391193e+26,3.2037286387472719e+26,2.8851313297483126e+26,1.681378792927653e-05,8.4276499775024529e-09,1.1103390688354996e-06,2.1197491314262455,0.0039220984207547728,0.0039221356431700287,4.121623454183444e-06,-0.10479744772721798,-0.10474491059551624,5.253713170173813e-05,0.94851631741294939,0.94854166891813751,1.0533137651401674,1.0532865795136539,1.1607466815567658e-05,3.0388308927063387e+26,3.0388308927063957e+26,3.0388701097581707e+26,3.0388701097582803e+26,106595125490609.23,55532308973816.742,-3.4457794761269661e-15,-6.0203472459273445e-15,-2.5745677698003783e-15,-4.491850064823194e-20,-6.108109162228364e-20,-2.5744617702081075e-15,1.7447006513141718e-05,2.3724794638837426e-05,0.9999588281988481,3.944304526105059e-31
n21_vd_0p05_vg_0p05,n21,0.05,0.05,2084,983,995,995,internal,1.3049610376560958e-07,0,0.0,0.0,0.050000000000000003,0.050000000000000003,0.0499999999999996,0.050000000000000037,0.0,4.371503159461554e-16,4.371503159461554e-16,3.2246710203524994e+26,3.2311875113003079e+26,3.2246838104019629e+26,3.2311822696511502e+26,1.7225437430812734e-06,0,1.9843120586136481e-07,293.2976099715867,0.0037740823547500121,0.0037740861686246141,4.3887326822356e-07,0.0020187843736104191,0.002013195863572691,-5.588510037728145e-06,1.0010097318109776,1.0010069356782287,0.99899094743736727,0.99899373981465622,1.2139372795760158e-06,3.2279270732616866e+26,3.2279270732616832e+26,3.2279308595816634e+26,3.2279308595816119e+26,1.7976931348623157e+308,124694471125798.78,0,0,0.0,0.0,0.0,0.0,0.0,0.0,0.0,0.0
n21_vd_0p05_vg_0p05,n21,0.05,0.05,2085,982,995,995,internal,6.4696812499999939e-10,6.5247249999999943e-08,0.0,0.0,0.050000000000000003,0.050000000000000003,0.050000000000000266,0.050000000000000037,0.0,-2.2898349882893854e-16,-2.2898349882893854e-16,3.2268269063893418e+26,3.2311875113003079e+26,3.2268315341379517e+26,3.2311822696511502e+26,7.045153349109891e-07,0,3.5397000997898116e-07,293.54896646809254,0.0037732332885281284,0.00377323297851706,-3.568189180153448e-08,0.0013504477666490288,0.0013473914127706745,-3.056353878354333e-06,1.0006753758590841,1.0006738469950156,0.99932492809243501,0.99932645558224498,6.63828020334838e-07,3.2290062273833597e+26,3.2290062273833542e+26,3.2290059248706519e+26,3.229005924870678e+26,1.7976931348623157e+308,246353601445821,0,-2.3833890818187896e-10,-2.3833890818187896e-10,9.791033559533463e-18,1.1164511493877936e-17,-2.3833892913742404e-10,4.108029155836369e-08,4.6843000229391734e-08,0.9999999120767081,0.0
n21_vd_0p05_vg_0p05,n21,0.05,0.05,2087,984,992,992,internal,6.9508510975309933e-08,0,0.0,0.0,0.049999999999999982,0.050000000000000003,0.050000000000000211,0.050000000000000086,2.0816681711721685e-17,-1.249000902703301e-16,-1.457167719820518e-16,3.2049750428723635e+26,3.2289807207907474e+26,3.204989718061967e+26,3.2289968451168136e+26,2.1686993376449056e-06,1.6088569656727591e-08,2.1453851321713435e-07,1.1249878314117439,0.0037827340078715071,0.0037827496544584126,1.7963759243577795e-06,0.0074622177073661658,0.0074626324546457762,4.147472796103835e-07,1.003735749240469,1.0037359571299447,0.99627353153310283,0.99627332467529894,9.017323984452425e-08,3.2169480259544958e+26,3.216948025954502e+26,3.2169634222505595e+26,3.2169634222505795e+26,1090816252290344,327246441879330.38,0,0,0.0,0.0,0.0,0.0,0.0,0.0,0.0,0.0
n21_vd_0p05_vg_0p05,n21,0.05,0.05,2088,983,992,992,internal,6.4696812499999939e-10,9.9999999999999995e-08,0.0,0.0,0.050000000000000003,0.050000000000000003,0.0499999999999996,0.050000000000000086,0.0,4.85722573273506e-16,4.85722573273506e-16,3.2246710203524994e+26,3.2289807207907474e+26,3.2246838104019629e+26,3.2289968451168136e+26,2.1686993376449056e-06,1.0408340855860845e-10,7.5077462896382095e-07,3.8581280818119654,0.0037749388177416372,0.0037749534348552232,1.6816483094590035e-06,0.0013355852629602974,0.0013366125742012389,1.0273112409414555e-06,1.0006679412804753,1.0006684551648606,0.99933235601751491,0.99933184259065921,2.2312747730109596e-07,3.2268249112429446e+26,3.2268249112429508e+26,3.2268393669500683e+26,3.2268393669500112e+26,1.7976931348623157e+308,111903775542867.48,0,7.6693491607984141e-10,7.669349160798414e-10,1.4848339508654701e-15,1.7178686231477651e-15,7.669317133772673e-10,1.9360625259508884e-06,2.2399144792215034e-06,0.9999958240229948,-1.0339757656912846e-25
n21_vd_0p05_vg_0p05,n21,0.05,0.05,2090,989,990,990,internal,5.9284630259155387e-08,0,0.0,0.0,0.049999999999996908,0.049999999999998997,0.049999999999998213,0.049999999999999628,2.0886070650760757e-15,1.4155343563970746e-15,-6.730727086790012e-16,2.8812718086809831e+26,3.2037093296426866e+26,2.8812965389756362e+26,3.2036666960346176e+26,5.779445643316879e-06,3.5232258933725536e-08,4.8887188208281648e-07,1.1422545700548117,0.0039239318878651558,0.0039239217514097863,-1.121888056385777e-06,0.10607750709786705,0.10605561635173105,-2.189074613599684e-05,1.0539762808646129,1.0539649486572427,0.94789877376674569,0.94790933230551155,4.837530874920645e-06,3.0367921450736393e+26,3.0367921450733851e+26,3.0367855587677476e+26,3.0367855587675785e+26,23885448849656.504,35920674627350.367,0,0,0.0,0.0,0.0,0.0,0.0,0.0,0.0,0.0
n21_vd_0p05_vg_0p05,n21,0.05,0.05,2091,985,990,990,internal,6.4696812499999939e-10,3.8864649999999965e-08,0.0,0.0,0.049999999999998997,0.049999999999998997,0.049999999999999628,0.049999999999999628,0.0,0.0,0.0,3.1997242863630456e+26,3.2037093296426866e+26,3.1997271116276636e+26,3.2036666960346176e+26,5.779445643316879e-06,3.9814415942799252e-08,2.3031657653009434e-08,-0.2377151527489117,0.0037946069951079937,0.0037945866334410929,-2.3304082120233437e-06,0.001244658423302636,0.0012304677870349369,-1.4190636267699197e-05,1.0006224583095304,1.0006153600644287,0.99937779988622799,0.9993848922773938,3.0820930957803187e-06,3.2017159813332988e+26,3.2017159813332899e+26,3.2016960959092293e+26,3.2016960959092307e+26,1.7976931348623157e+308,1.7976931348623157e+308,0,0,0.0,0.0,0.0,0.0,0.0,0.0,0.0,0.0
n21_vd_0p05_vg_0p05,n21,0.05,0.05,2092,990,991,990;991,internal,1.8448199999999969e-08,3.6410840056203397e-10,0.0,0.0,0.049999999999998997,0.050000000000000003,0.049999999999999628,0.050000000000000003,1.0061396160665481e-15,3.7470027081099033e-16,-6.314393452555578e-16,3.2037093296426866e+26,3.2092035353332975e+26,3.2036666960346176e+26,3.2092245226630941e+26,5.779445643316879e-06,5.4538633366211864e-08,1.4436507970419802e-07,0.4227579038127959,0.003790980857798954,0.0037909698057261416,-1.2661264756402765e-06,0.0017134825158760529,0.0017333298914593786,1.9847375583325645e-05,1.0008569859264538,1.0008669153150933,0.99914350341057756,0.99913358542363384,4.311040771400142e-06,3.2064548634506391e+26,3.2064548634505223e+26,3.2064440037578647e+26,3.2064440037578269e+26,54973728539123.203,171671763838803.22,2.0359384044824938e-13,7.5620092735508595e-14,-1.279737477127408e-13,-4.070046347117333e-19,-4.728242061811729e-19,-1.279728678838999e-13,3.180375991061273e-06,3.6946968783199865e-06,0.9999931249271308,2.524354896707238e-29
n21_vd_0p05_vg_0p05,n21,0.05,0.05,2093,985,991,991,internal,1.8459540920477e-08,0,0.0,0.0,0.049999999999998997,0.050000000000000003,0.049999999999999628,0.050000000000000003,1.0061396160665481e-15,3.7470027081099033e-16,-6.314393452555578e-16,3.1997242863630456e+26,3.2092035353332975e+26,3.1997271116276636e+26,3.2092245226630941e+26,2.840160063560961e-06,5.6321043028932993e-08,1.6295863340457731e-07,0.46140668489033854,0.0037926457392634164,0.0037926579129980882,1.3940076849640608e-06,0.0029581409391787068,0.002963797678494333,5.656739315626231e-06,1.0014797996859677,1.0014826308471967,0.99852165874678889,0.99851883316870227,1.22895151719648e-06,3.2044592373571892e+26,3.2044592373570635e+26,3.2044711257459748e+26,3.2044711257459377e+26,50933507877304.18,174629817730819.5,0,0,0.0,0.0,0.0,0.0,0.0,0.0,0.0,0.0
n21_vd_0p05_vg_0p05,n21,0.05,0.05,2094,984,991,991,internal,6.4696812499999939e-10,4.3976850000000036e-08,0.0,0.0,0.049999999999999982,0.050000000000000003,0.050000000000000211,0.050000000000000003,2.0816681711721685e-17,-2.0816681711721685e-16,-2.2898349882893854e-16,3.2049750428723635e+26,3.2092035353332975e+26,3.204989718061967e+26,3.2092245226630941e+26,2.840160063560961e-06,3.4070223174988048e-08,3.2184657888317279e-07,0.9752739186931333,0.003790579196444759,0.003790597402950408,2.0859519190828133e-06,0.0013184831142259272,0.0013204439569600571,1.960842734129945e-06,1.0006593864235858,1.0006603672761629,0.99934090330935976,0.99933992331920263,4.258852258109474e-07,3.2070883599035651e+26,3.2070883599035679e+26,3.2071061883922134e+26,3.2071061883922409e+26,1957451391542704,233031222998644.66,1.6028426445698108e-11,-1.4425733282038665e-10,-1.6028575926608476e-10,-3.0794532496802545e-16,-3.564149897836472e-16,-1.6028509490577e-10,1.921226978479206e-06,2.223622306907348e-06,0.9999958551507147,0.0
n21_vd_0p05_vg_0p05,n21,0.05,0.05,2106,990,996,990,drain_contact_cut,1.8448378914890347e-08,0,0.0,0.0,0.049999999999998997,0.050000000000000003,0.049999999999999628,0.049999999999999899,1.0061396160665481e-15,2.706168622523819e-16,-7.355227538141662e-16,3.2037093296426866e+26,3.2094844081888549e+26,3.2036666960346176e+26,3.2094950642291902e+26,5.779445643316879e-06,5.4538633366211864e-08,3.8432721897692888e-06,1.8479968921787995,0.0037910484967136004,0.0037910321684555088,-1.8705346728337459e-06,0.0018009997337916557,0.0018176275656543854,1.6627831862729703e-05,1.0009007701668846,1.0009090890969761,0.99909977043309295,0.99909146153132145,3.611776623107029e-06,3.2065951354301983e+26,3.206595135430076e+26,3.2065791144983284e+26,3.2065791144983037e+26,52330223294510.242,257518496422883.38,0,0,0.0,0.0,0.0,0.0,0.0,0.0,0.0,0.0
n21_vd_0p05_vg_0p05,n21,0.05,0.05,2107,991,996,991,drain_contact_cut,8.1248676124068538e-11,4.3976850000000042e-08,0.0,0.0,0.050000000000000003,0.050000000000000003,0.050000000000000003,0.049999999999999899,0.0,-1.0408340855860843e-16,-1.0408340855860843e-16,3.2092035353332975e+26,3.2094844081888549e+26,3.2092245226630941e+26,3.2094950642291902e+26,2.840160063560961e-06,1.1439423424671699e-08,1.2810515236880835e-06,2.0491624618617856,0.0037890886428617863,0.0037891047817984543,1.8497947322763545e-06,8.7517217915592034e-05,8.4297674194996186e-05,-3.2195437205958475e-06,1.0000437592472298,1.0000421494292722,0.9999562420293141,0.99995785175507723,6.991250459050451e-07,3.2093439676642106e+26,3.2093439676642038e+26,3.2093597896451305e+26,3.2093597896451442e+26,1.7976931348623157e+308,466389943389185.88,0,-5.7452444942119574e-10,-5.745244494211957e-10,-1.2235341853011137e-15,-1.4161861819403637e-15,-5.745218097008284e-10,2.129646852338073e-06,2.4649711311104337e-06,0.9999954053820166,1.0339757656912846e-25
n21_vd_0p05_vg_0p05,n21,0.05,0.05,2108,990,997,990;997,internal,8.1248676124068538e-11,3.8864649999999965e-08,0.0,0.0,0.049999999999998997,0.049999999999998997,0.049999999999999628,0.049999999999999108,0.0,-5.204170427930421e-16,-5.204170427930421e-16,3.2037093296426866e+26,3.2037729208440734e+26,3.2036666960346176e+26,3.2037286387473172e+26,6.002798466690609e-06,3.9814415942799252e-08,6.4053412616052177e-06,2.2065019236614356,0.0037928985454127656,0.0037928541080223511,-5.0882000321119735e-06,1.9849044883621311e-05,1.9334755978224019e-05,-5.142889053972917e-07,1.0000099245552738,1.0000096674091419,0.99999007551039021,0.99999033265316373,1.1167678154346189e-07,3.2037411250330094e+26,3.2037411250330087e+26,3.2036976671913229e+26,3.2036976671913971e+26,1.7976931348623157e+308,85762363024028.578,0,-2.5649014666633253e-09,-2.5649014666633253e-09,1.5025366117272332e-14,1.73963851578895e-14,-2.5649338884146003e-09,5.857919481328645e-06,6.782305517597415e-06,0.9999873597750011,0.0
n21_vd_0p05_vg_0p05,n21,0.05,0.05,2109,996,997,997,drain_contact_cut,1.8448199999999969e-08,4.0624338062034256e-11,0.0,0.0,0.050000000000000003,0.049999999999998997,0.049999999999999899,0.049999999999999108,-1.0061396160665481e-15,-7.91033905045424e-16,2.1510571102112408e-16,3.2094844081888549e+26,3.2037729208440734e+26,3.2094950642291902e+26,3.2037286387473172e+26,6.002798466690609e-06,5.4538633366211864e-08,6.405380720298508e-06,2.069840697105526,0.0037910053058606884,0.0037909881354678547,-1.9670306806292306e-06,-0.0017811506889080387,-0.0017982928096761655,-1.7142120768126774e-05,0.9991096890303468,0.99910112308323318,1.0008908397192549,1.0008994158929092,3.7234745615334753e-06,3.206626969013313e+26,3.2066269690134346e+26,3.2066101232014777e+26,3.2066101232015753e+26,52896480564647.352,65676493255851.305,-2.2716757611279424e-14,-1.7913610757592121e-14,4.803146853687302e-15,9.201261650883927e-20,1.0672476267012555e-19,4.802948116308123e-15,1.915673605486424e-05,2.2219758404470726e-05,0.9999586235055407,0.0
n21_vd_0p05_vg_0p05,n21,0.05,0.05,2110,990,998,990,internal,5.9281099999999972e-08,3.6410840056203397e-10,0.0,0.0,0.049999999999998997,0.049999999999996908,0.049999999999999628,0.049999999999997581,-2.0886070650760757e-15,-2.0469737016526324e-15,4.163336342344337e-17,3.2037093296426866e+26,2.8849624294380683e+26,3.2036666960346176e+26,2.8850712577517502e+26,1.6382412538527167e-05,3.5232258933725522e-08,1.5821261159887674e-06,1.6523006103695719,0.0039221866251688787,0.0039222231113332359,4.040008204229225e-06,-0.10479742685532671,-0.10474639729104203,5.102956428468253e-05,0.94851632748447501,0.9485409515150357,1.0533137543398017,1.0532873488060777,1.1274388721662847e-05,3.0387706076804302e+26,3.0387706076806866e+26,3.0388090561937073e+26,3.0388090561939571e+26,23717626451111.293,24340444299042.73,-1.2921566390738011e-13,-1.2673352970252668e-13,2.482134204853432e-15,-1.1904790115680385e-18,-1.6192082068322157e-18,2.484943892071832e-15,0.0004785357446486672,0.0006508716218164113,0.998870592633535,0.0
n21_vd_0p05_vg_0p05,n21,0.05,0.05,2111,997,998,997,internal,5.9281155678321322e-08,0,0.0,0.0,0.049999999999998997,0.049999999999996908,0.049999999999999108,0.049999999999997581,-2.0886070650760757e-15,-1.5265566588595902e-15,5.620504062164855e-16,3.2037729208440734e+26,2.8849624294380683e+26,3.2037286387473172e+26,2.8850712577517502e+26,1.6382412538527167e-05,3.5232258933725522e-08,2.733060383301712e-06,1.8897087378728006,0.0039221469662697817,0.0039221826793257924,3.954444511698384e-06,-0.10481727590021039,-0.10476573204702032,5.154385319007526e-05,0.94850674955610037,0.94853162158577065,1.0533240254563105,1.053297353632791,1.1388051401063514e-05,3.0388002394656656e+26,3.0388002394659233e+26,3.0388379208317665e+26,3.0388379208319462e+26,23597156161365.414,33845975787663.773,0,0,0.0,0.0,0.0,0.0,0.0,0.0,0.0,0.0
n21_vd_0p05_vg_0p05,n21,0.05,0.05,2112,991,992,991;992,internal,6.9505500000000106e-08,3.6410840056203397e-10,0.0,0.0,0.050000000000000003,0.050000000000000003,0.050000000000000003,0.050000000000000086,0.0,8.326672684688674e-17,8.326672684688674e-17,3.2092035353332975e+26,3.2289807207907474e+26,3.2092245226630941e+26,3.2289968451168136e+26,2.840160063560961e-06,2.8585830043455832e-08,6.6700377685153383e-07,1.3679774857864218,0.0037811801447682103,0.0037811989787803583,2.163210125904952e-06,0.0061437345931401998,0.0061421884976856807,-1.546095454519128e-06,1.0030750127508206,1.0030742381201612,0.99693127815768057,0.9969320496224755,3.360740917206591e-07,3.2190718771244259e+26,3.2190718771244279e+26,3.2190904430268209e+26,3.2190904430268119e+26,1.7976931348623157e+308,755683416050090.12,0,4.3288788972076111e-15,4.328878897207611e-15,1.0780972040749607e-20,1.2483248142391094e-20,4.328855632987428e-15,2.490476702340642e-06,2.8837138757666665e-06,0.9999946258094219,0.0
n21_vd_0p05_vg_0p05,n21,0.05,0.05,2113,991,993,991,drain_contact_cut,6.9505547487933553e-08,0,0.0,0.0,0.050000000000000003,0.050000000000000003,0.050000000000000003,0.049999999999999808,0.0,-1.942890293094024e-16,-1.942890293094024e-16,3.2092035353332975e+26,3.2292607288398993e+26,3.2092245226630941e+26,3.229271447072796e+26,2.840160063560961e-06,0,2.3485869740100321e-06,294.37080664782064,0.0037812461573754996,0.0037812622475166622,1.8480269101004388e-06,0.0062304479969420646,0.0062272273792228329,-3.2206177192316277e-06,1.0031184588698983,1.0031168452175923,0.99688801087295631,0.9968896178383696,7.000742725958937e-07,3.2192113045633663e+26,3.2192113045633602e+26,3.2192271787687362e+26,3.2192271787687589e+26,1.7976931348623157e+308,280694334086281.72,0,0,0.0,0.0,0.0,0.0,0.0,0.0,0.0,0.0
n21_vd_0p05_vg_0p05,n21,0.05,0.05,2114,992,993,992,drain_contact_cut,8.1248676124068538e-11,1.0000000000000004e-07,0.0,0.0,0.050000000000000003,0.050000000000000003,0.050000000000000086,0.049999999999999808,0.0,-2.7755575615628914e-16,-2.7755575615628914e-16,3.2289807207907474e+26,3.2292607288398993e+26,3.2289968451168136e+26,3.229271447072796e+26,2.1686993376449056e-06,0,3.4161272512397341e-06,294.53353403985125,0.0037734264461078242,0.0037734400014777566,1.5601236361217712e-06,8.6713403801586388e-05,8.5038881536873644e-05,-1.6745222647127436e-06,1.0000433573285019,1.0000425200434027,0.99995664392470052,0.99995748116186589,3.636230940479615e-07,3.2291207207685852e+26,3.2291207207685777e+26,3.2291341422028147e+26,3.229134142202847e+26,1.7976931348623157e+308,201112966246489.31,0,-3.4907732767016409e-09,-3.490773276701641e-09,-6.269962882765016e-15,-7.254441252686331e-15,-3.4907597522975057e-09,1.796152996991364e-06,2.0781760021782054e-06,0.9999961256710009,0.0
n21_vd_0p05_vg_0p05,n21,0.05,0.05,2115,992,995,992;995,internal,1.3049449999999989e-07,3.6410840056203397e-10,0.0,0.0,0.050000000000000003,0.050000000000000003,0.050000000000000086,0.050000000000000037,0.0,-4.85722573273506e-17,-4.85722573273506e-17,3.2289807207907474e+26,3.2311875113003079e+26,3.2289968451168136e+26,3.2311822696511502e+26,2.1686993376449056e-06,0,8.5757498208111414e-07,293.9332721029194,0.0037725048272021756,0.003772510320037514,6.323401692524013e-07,0.00068319911065010692,0.00067658328937143775,-6.615821278669167e-06,1.0003416384520769,1.0003383297917645,0.99965843934142662,0.99966174650239303,1.4367701268483895e-06,3.2300838647659842e+26,3.2300838647659739e+26,3.2300893109470295e+26,3.230089310947035e+26,1.7976931348623157e+308,1232181286219418.5,0,-1.3190055055073174e-15,-1.3190055055073174e-15,-9.602460154353076e-22,-1.1119722451159243e-21,-1.3190034332890567e-15,7.280075870994768e-07,8.430383652479422e-07,0.9999984289540477,1.9721522630525295e-31
n21_vd_0p05_vg_0p05,n21,0.05,0.05,2117,992,994,992,drain_contact_cut,1.3049452529358212e-07,0,0.0,0.0,0.050000000000000003,0.050000000000000003,0.050000000000000086,0.050000000000000176,0.0,9.020562075079397e-17,9.020562075079397e-17,3.2289807207907474e+26,3.2314483017083006e+26,3.2289968451168136e+26,3.2314590268193235e+26,2.1686993376449056e-06,0,8.5403250240417866e-07,293.9314743991974,0.0037725603020529008,0.0037725738535198802,1.560032521486234e-06,0.00076390624491405991,0.0007622316042533283,-1.6746406607316168e-06,1.0003820017518525,1.0003811642185445,0.99961809550693859,0.99961893261429102,3.6368984647509064e-07,3.2302141970827876e+26,3.2302141970827821e+26,3.2302276231759653e+26,3.2302276231759481e+26,1.7976931348623157e+308,379148937891558.94,0,0,0.0,0.0,0.0,0.0,0.0,0.0,0.0,0.0
n21_vd_0p05_vg_0p05,n21,0.05,0.05,2118,994,995,995,drain_contact_cut,8.1248676124068538e-11,6.5247249999999956e-08,0.0,0.0,0.050000000000000003,0.050000000000000003,0.050000000000000176,0.050000000000000037,0.0,-1.3877787807814457e-16,-1.3877787807814457e-16,3.2314483017083006e+26,3.2311875113003079e+26,3.2314590268193235e+26,3.2311822696511502e+26,1.4414121379869411e-06,0,1.7080632939959841e-06,294.23250395986815,0.0037717045193435233,0.0037717072854556587,3.185050128187936e-07,-8.0707134264052511e-05,-8.5648314881989952e-05,-4.9411806179374415e-06,0.99995964697567152,0.99995717645386173,1.0000403541099354,1.0000428247687438,1.0729786127471365e-06,3.2313179029963653e+26,3.2313179029963605e+26,3.2313206442845947e+26,3.2313206442846173e+26,1.7976931348623157e+308,290035530026120,0,-1.1390646113787071e-09,-1.139064611378707e-09,-4.176861210648673e-16,-4.831621528368023e-16,-1.139063710530433e-09,3.6669221121645264e-07,4.241744919561587e-07,0.9999992091332969,2.0679515313825692e-25
n21_vd_0p05_vg_0p05,n21,0.05,0.05,2274,997,1054,997,internal,5.9281099999999972e-08,4.0624338062034256e-11,0.0,0.0,0.049999999999998997,0.049999999999996908,0.049999999999999108,0.049999999999997657,-2.0886070650760757e-15,-1.4502288259166107e-15,6.38378239159465e-16,3.2037729208440734e+26,2.8850196335397035e+26,3.2037286387473172e+26,2.885131329748794e+26,1.681378791375146e-05,3.5232258933725522e-08,9.3975326070389354e-07,1.4260733521997788,0.0039220984207551032,0.003922135643170321,4.121623449940443e-06,-0.10479744772708485,-0.10474491059538311,5.253713170173813e-05,0.94851631741301357,0.94854166891820191,1.0533137651400983,1.0532865795135851,1.1607466815664087e-05,3.0388308927065548e+26,3.0388308927068118e+26,3.0388701097584198e+26,3.0388701097585888e+26,23657591626744.82,35945331777628.867,-1.441682447483288e-14,-9.9811020129863758e-15,4.435722461846504e-15,-1.157730935092923e-19,-1.574306501218893e-19,4.4359956655901345e-15,2.6096951496692982e-05,3.548717509214721e-05,0.9999384158734111,-7.888609052210118e-31
n21_vd_0p05_vg_0p8,n21,0.05,0.8,2084,983,995,995,internal,1.3049610376560958e-07,0,0.0,0.0,0.049999999814205429,0.049999999996575506,0.049999999837718218,0.04999999999692175,1.8237007737287314e-10,1.5920353230169937e-10,-2.3166545071173772e-11,3.2246710203504941e+26,3.2311875113002158e+26,3.2246838103999364e+26,3.2311822696511619e+26,1.7225437401883025e-06,0.14865388885520794,0.13036522580769028,-0.05701451380802132,0.0037740823525157893,0.0037740861666929961,4.389080899567542e-07,0.0020187914285942341,0.0020132020224589578,-5.589406135276306e-06,1.0010097353408434,1.0010069387597387,0.99899094391224919,0.99899373673727976,1.2141319315204205e-06,3.2279270846423357e+26,3.2279270618712739e+26,3.2279308695165296e+26,3.2279308496380582e+26,283511342.84033179,324766509.02062458,0,0,0.0,0.0,0.0,0.0,0.0,0.0,0.0,0.0
n21_vd_0p05_vg_0p8,n21,0.05,0.8,2085,982,995,995,internal,6.4696812499999939e-10,6.5247249999999943e-08,0.0,0.0,0.049999999969298825,0.049999999996575506,0.049999999972414243,0.04999999999692175,2.7276680913956852e-11,2.4507507134785556e-11,-2.7691737791712967e-12,3.2268269063890208e+26,3.2311875113002158e+26,3.2268315341378713e+26,3.2311822696511619e+26,7.045153209764347e-07,0.042177528752794062,0.037894608453143012,-0.04650370608973502,0.0037732332879758601,0.003773232978026782,-3.567475679023967e-08,0.0013504488218290152,0.0013473923608020276,-3.056461026987615e-06,1.0006753763869116,1.0006738474692443,0.99932492756508262,0.99932645510844231,6.638512927033136e-07,3.2290062290862469e+26,3.2290062256792878e+26,3.2290059264008278e+26,3.2290059233397462e+26,1895535665.8094201,2109715609.5759406,2.8313415987407438e-05,2.5438984192030481e-05,-2.874431795376957e-06,-2.2077229028748778e-12,-2.517922019634202e-12,-2.8744270697320345e-06,7.680554140911017e-07,8.759720873126503e-07,0.9999983559724986,0.0
n21_vd_0p05_vg_0p8,n21,0.05,0.8,2087,984,992,992,internal,6.9508510975309933e-08,0,0.0,0.0,0.049999998030676715,0.049999999979275504,0.049999998305014504,0.049999999981893369,1.9485987892697842e-09,1.676878864931286e-09,-2.7171992433849823e-10,3.2049750428513099e+26,3.2289807207901041e+26,3.2049897180407663e+26,3.2289968451166638e+26,2.1686994040867362e-06,1.4774567777456029,1.2732302423256985,-0.06460783904729055,0.0037827339792142001,0.0037827496301578766,1.7968761354353606e-06,0.0074622930889033778,0.007462697325791026,4.042368876482419e-07,1.0037357870249903,1.0037359896462024,0.99627349393608688,0.9962732923204114,8.788809972439584e-08,3.2169481470318119e+26,3.2169479045538209e+26,3.216963526443551e+26,3.2169633177766002e+26,26533938.347015135,30833473.209949836,0,0,0.0,0.0,0.0,0.0,0.0,0.0,0.0,0.0
n21_vd_0p05_vg_0p8,n21,0.05,0.8,2088,983,992,992,internal,6.4696812499999939e-10,9.9999999999999995e-08,0.0,0.0,0.049999999814205429,0.049999999979275504,0.049999999837718218,0.049999999981893369,1.6507007566390897e-10,1.4417515098452682e-10,-2.0894924679382143e-11,3.2246710203504941e+26,3.2289807207901041e+26,3.2246838103999364e+26,3.2289968451166638e+26,2.1686994040867362e-06,0.25530289302299325,0.22298170600970357,-0.05878650226114604,0.0037749388136701541,0.0037749534313512956,1.681713606519036e-06,0.0013355916485808027,0.0013366181517106162,1.0265031298135278e-06,1.0006679444747069,1.0006684579548577,0.99933235282612609,0.99933183980314733,2.2295195919730617e-07,3.2268249215412845e+26,3.2268249009373753e+26,3.2268393759448987e+26,3.2268393579489947e+26,313224536.61778939,358619304.27692771,0.0002625485256926676,0.00022931647961197814,-3.323204608068946e-05,9.52321867098684e-10,1.1017397400840995e-09,-3.323410014229664e-05,2.8653190777013156e-05,3.3148833445798984e-05,0.9999381979757771,6.776263578034403e-21
n21_vd_0p05_vg_0p8,n21,0.05,0.8,2090,989,990,990,internal,5.9284630259155387e-08,0,0.0,0.0,0.049999692852505911,0.049999904406752872,0.049999737316903284,0.049999917809996769,2.1155424696078784e-07,1.8049309348511233e-07,-3.106115347567551e-08,2.8812718086561599e+26,3.2037093296321691e+26,2.8812965389551228e+26,3.2036666960336274e+26,5.779444351775916e-06,3.5685772752488374,3.044627675391002,-0.06896091480403599,0.0039239318055530777,0.0039239216823929507,-1.1204165800020794e-06,0.10608569038675868,0.10606259814306636,-2.309224369231866e-05,1.0539805171375365,1.0539685629204139,0.94789482675077796,0.94790596477734768,5.10305038398021e-06,3.0368043509012247e+26,3.0367794999715358e+26,3.0367959725100933e+26,3.0367747703288135e+26,244400.6693876209,286459.71198672696,0,0,0.0,0.0,0.0,0.0,0.0,0.0,0.0,0.0
n21_vd_0p05_vg_0p8,n21,0.05,0.8,2091,985,990,990,internal,6.4696812499999939e-10,3.8864649999999965e-08,0.0,0.0,0.049999904395483331,0.049999904406752872,0.049999917800556487,0.049999917809996769,1.1269540856062576e-11,9.440281889538937e-12,-1.829258966523639e-12,3.1997242863512808e+26,3.2037093296321691e+26,3.199727111621672e+26,3.2036666960336274e+26,5.779444351775916e-06,3.9485298757201597,3.3769035411048538,-0.06791677286578011,0.0037946069093150571,0.003794586561315282,-2.3288440476064543e-06,0.0012446588596187423,0.0012304681537624075,-1.4190705856334833e-05,1.0006224585277792,1.000615360247868,0.99937779966816032,0.99938489209410519,3.0821082101560345e-06,3.201715982019862e+26,3.2017159806241544e+26,3.2016960964901899e+26,3.2016960953210455e+26,4587946156.9153051,5476992393.3395357,6.9481067473921649e-06,5.8202297102574965e-06,-1.1278770371346683e-06,-3.423420413185721e-11,-3.9651294396409245e-11,-1.12780315163614e-06,3.0352780493543863e-05,3.5155689043144236e-05,0.9999344915304633,0.0
n21_vd_0p05_vg_0p8,n21,0.05,0.8,2092,990,991,990;991,internal,1.8448199999999969e-08,3.6410840056203397e-10,0.0,0.0,0.049999904406752872,0.049999999777252183,0.049999917809996769,0.049999999808241553,9.537049931035435e-08,8.199824478444251e-08,-1.3372254525911842e-08,3.2037093296321691e+26,3.209203535326297e+26,3.2036666960336274e+26,3.2092245226607453e+26,5.779444351775916e-06,5.1796156205484865,4.4533618000790627,-0.0656095524100958,0.0037909807421160802,0.0037909697078944327,-1.2640814801649608e-06,0.0017171716125647832,0.0017365017247494099,1.9330112184626734e-05,1.0008588315294658,1.0008685021488821,0.99914165991690107,0.99913200042413264,4.198688588652196e-06,3.2064607762157013e+26,3.2064489472971034e+26,3.2064490874434352e+26,3.2064389171362126e+26,542138.29189357813,630550.07722370338,1.932886085805883e-05,1.6618584305646686e-05,-2.710276552412145e-06,-5.231529838839198e-11,-6.087262172248516e-11,-2.7101633644920334e-06,1.9302568345592407e-05,2.245993002754961e-05,0.9999582375016268,4.235164736271502e-22
n21_vd_0p05_vg_0p8,n21,0.05,0.8,2093,985,991,991,internal,1.8459540920477e-08,0,0.0,0.0,0.049999904395483331,0.049999999777252183,0.049999917800556487,0.049999999808241553,9.538176885121041e-08,8.200768506633205e-08,-1.3374083784878366e-08,3.1997242863512808e+26,3.209203535326297e+26,3.199727111621672e+26,3.2092245226607453e+26,2.8401606930698145e-06,5.2996863468294606,4.5568074070339506,-0.06558949379916942,0.0037926456204927478,0.003792657812546475,1.3961054302943485e-06,0.0029618304721835426,0.0029669698785118352,5.139406328292552e-06,1.0014816462726304,1.0014842185150032,0.9985198158004468,0.99851724863649138,1.1165592865761092e-06,3.2044651459135978e+26,3.204453322960157e+26,3.2044762058436987e+26,3.2044660406239645e+26,542074.23728143622,630477.49226980878,0,0,0.0,0.0,0.0,0.0,0.0,0.0,0.0,0.0
n21_vd_0p05_vg_0p8,n21,0.05,0.8,2094,984,991,991,internal,6.4696812499999939e-10,4.3976850000000036e-08,0.0,0.0,0.049999998030676715,0.049999999777252183,0.049999998305014504,0.049999999808241553,1.7465754675871636e-09,1.5032270497816747e-09,-2.43348417805489e-10,3.2049750428513099e+26,3.209203535326297e+26,3.2049897180407663e+26,3.2092245226607453e+26,2.8401606930698145e-06,2.9028040090051577,2.4980050550276864,-0.06522440131687049,0.0037905791355810508,0.0037905973514241746,2.0870217612067355e-06,0.0013185506791694153,0.0013205021102682094,1.9514310987940684e-06,1.0006594202209051,1.0006603963656151,0.99934086954173551,0.99933989425534675,4.2384107017199955e-07,3.2070884682020623e+26,3.2070882515293927e+26,3.2071062816023936e+26,3.2071060951174548e+26,29603072.383706521,34395337.261855565,0.0012192250504590011,0.0010493626547923398,-0.00016986239566666133,5.450902112384518e-09,6.305626641168494e-09,-0.0001698741521954149,3.208566356868807e-05,3.711683145779023e-05,0.9999307975049735,0.0
n21_vd_0p05_vg_0p8,n21,0.05,0.8,2106,990,996,990,drain_contact_cut,1.8448378914890347e-08,0,0.0,0.0,0.049999904406752872,0.050000000000000003,0.049999917809996769,0.049999999999999899,9.559324713054318e-08,8.219000312975622e-08,-1.3403244000786962e-08,3.2037093296321691e+26,3.2094844081888549e+26,3.2036666960336274e+26,3.2094950642291902e+26,5.779444351775916e-06,5.3543449080918419,4.6039749856720524,-0.06557338812272392,0.0037910483766945605,0.0037910320669456527,-1.8684143499913306e-06,0.0018046974489323957,0.0018208068172243697,1.6109368291974003e-05,1.0009026201355251,1.0009106796867191,0.9990979226865927,0.99908987286949469,3.4991617442448485e-06,3.2066010621814648e+26,3.2065892051164928e+26,3.206584210216724e+26,3.2065740156960116e+26,540875.0211266703,629078.93436017772,0,0,0.0,0.0,0.0,0.0,0.0,0.0,0.0,0.0
n21_vd_0p05_vg_0p8,n21,0.05,0.8,2107,991,996,991,drain_contact_cut,8.1248676124068538e-11,4.3976850000000042e-08,0.0,0.0,0.049999999777252183,0.050000000000000003,0.049999999808241553,0.049999999999999899,2.2274782018882888e-10,1.917583453137084e-10,-3.098947487512049e-11,3.209203535326297e+26,3.2094844081888549e+26,3.2092245226607453e+26,3.2094950642291902e+26,2.8401606930698145e-06,2.9482018629920295,2.5376029311331365,-0.06513354900841374,0.0037890885810037307,0.003789104729420038,1.8508812869950973e-06,8.7525836367601911e-05,8.430509247494918e-05,-3.220743892652731e-06,1.0000437635565815,1.0000421531385164,0.99995623772021391,0.99995784804604149,6.99385664530102e-07,3.2093439814867967e+26,3.2093439538342139e+26,3.209359801546579e+26,3.2093597777410122e+26,232118929.03435755,269631035.21589863,0.0012385430442525896,0.001066242324109476,-0.00017230072014311356,4.911281967917569e-09,5.681253969548085e-09,-0.000172311312679051,2.8500624814879243e-05,3.296884376051996e-05,0.9999385305314246,2.710505431213761e-20
n21_vd_0p05_vg_0p8,n21,0.05,0.8,2108,990,997,990;997,internal,8.1248676124068538e-11,3.8864649999999965e-08,0.0,0.0,0.049999904406752872,0.049999904406895855,0.049999917809996769,0.049999917810115452,1.4298284778391235e-13,1.1868284133242923e-13,-2.4300006451483114e-14,3.2037093296321691e+26,3.2037729208335792e+26,3.2036666960336274e+26,3.203728638746452e+26,6.002797161407126e-06,3.9514988197708885,3.3794588005237958,-0.06791470029641125,0.003792898459630851,0.0037928540359084928,-5.086635109001699e-06,1.984905042357069e-05,1.9334760629204778e-05,-5.142897943659118e-07,1.0000099245580436,1.0000096674114676,0.99999007550762031,0.99999033265083814,1.1167697450533832e-07,3.2037411250313657e+26,3.2037411250136401e+26,3.2036976671977832e+26,3.2036976671830814e+26,361483418032.12793,435827102248.31403,7.0206790559527555e-07,5.8276815072547539e-07,-1.1929975486980016e-07,-7.524256199332089e-12,-8.714267274475306e-12,-1.1928351634632635e-07,6.307017317465417e-05,7.304513981596838e-05,0.9998638846870094,0.0
n21_vd_0p05_vg_0p8,n21,0.05,0.8,2109,996,997,997,drain_contact_cut,1.8448199999999969e-08,4.0624338062034256e-11,0.0,0.0,0.050000000000000003,0.049999904406895855,0.049999999999999899,0.049999917810115452,-9.55931041476954e-08,-8.218988444691488e-08,1.3403219700780511e-08,3.2094844081888549e+26,3.2037729208335792e+26,3.2094950642291902e+26,3.203728638746452e+26,6.002797161407126e-06,5.1817038876789843,4.4551711746773668,-0.06560819630795549,0.0037910051901309185,0.0037909880375947974,-1.9649850809301314e-06,-0.0017848483985088291,-0.0018014720565951692,-1.6623658086340094e-05,0.99910784127438201,0.99909953441348531,1.0008926896728907,1.0009010064700805,3.610860307382231e-06,3.2066210386693544e+26,3.206632895834294e+26,3.2066050243737629e+26,3.2066152189783446e+26,540875.83051354997,629079.84236796864,-2.1617251599757336e-06,-1.85860900141112e-06,3.031161585646136e-07,9.095089368745262e-12,1.0560161404788461e-11,3.0309650331384003e-07,3.0005293719128844e-05,3.4838662032388526e-05,0.9999351560442485,-5.293955920339377e-23
n21_vd_0p05_vg_0p8,n21,0.05,0.8,2110,990,998,990,internal,5.9281099999999972e-08,3.6410840056203397e-10,0.0,0.0,0.049999904406752872,0.049999692852650268,0.049999917809996769,0.049999737316938811,-2.1155410260403906e-07,-1.8049305795797554e-07,3.106104464606352e-08,3.2037093296321691e+26,2.884962429414638e+26,3.2036666960336274e+26,2.8850712577348177e+26,1.6382413516800476e-05,3.5686602289295286,3.0446981988279105,-0.06896095056758973,0.0039221865429330391,0.0039222230423799458,4.041479020694512e-06,-0.10480561013814158,-0.10475337907972762,5.2231058413954035e-05,0.94851237872750138,0.94853758246639286,1.053317988865643,1.0532909615461206,1.15398592007671e-05,3.0387579570008976e+26,3.0387828241039663e+26,3.0387982628838337e+26,3.0388194791885812e+26,244400.83608960701,286459.76829436503,-1.3082803615138009e-05,-1.1162190092908182e-05,1.9206135222298276e-06,-1.1281020871360694e-10,-1.5350847037652016e-10,1.9208798409089174e-06,5.8720263500305065e-05,7.990462860433287e-05,0.9998613751078953,-4.235164736271502e-22
n21_vd_0p05_vg_0p8,n21,0.05,0.8,2111,997,998,997,internal,5.9281155678321322e-08,0,0.0,0.0,0.049999904406895855,0.049999692852650268,0.049999917810115452,0.049999737316938811,-2.1155424558688685e-07,-1.8049317664081688e-07,3.106106894606997e-08,3.2037729208335792e+26,2.884962429414638e+26,3.203728638746452e+26,2.8850712577348177e+26,1.6382413516800476e-05,3.5686615090567386,3.0446992768968411,-0.06896095257965386,0.0039221468840357166,0.0039221826103740679,3.955915318328101e-06,-0.1048254591885652,-0.10477271384035688,5.274534820831622e-05,0.94850280082349558,0.94852825255735751,1.0533282600120608,1.0533009663977144,1.1653523069199401e-05,3.038787588613121e+26,3.0388124559754882e+26,3.0388271273781341e+26,3.0388483438983533e+26,244400.67084214248,286459.58001496701,0,0,0.0,0.0,0.0,0.0,0.0,0.0,0.0,0.0
n21_vd_0p05_vg_0p8,n21,0.05,0.8,2112,991,992,991;992,internal,6.9505500000000106e-08,3.6410840056203397e-10,0.0,0.0,0.049999999777252183,0.049999999979275504,0.049999999808241553,0.049999999981893369,2.020233216826206e-10,1.7365181514961137e-10,-2.837150653300924e-11,3.209203535326297e+26,3.2289807207901041e+26,3.2092245226607453e+26,3.2289968451166638e+26,2.8401606930698145e-06,2.4268888480169499,2.0891231502585383,-0.06508584435897939,0.0037811800951371623,0.0037811989367505937,2.164083209467859e-06,0.0061437424097339245,0.006142195215522778,-1.547194211146477e-06,1.0030750166671212,1.0030742414859568,0.99693127425738737,0.99693204627043397,3.3631292844806836e-07,3.2190718896856089e+26,3.2190718645298164e+26,3.2190904538260585e+26,3.2190904322029315e+26,255930860.09654009,297745139.24321264,1.0882028614189213e-08,9.3538921268018555e-09,-1.5281364873873578e-09,5.041766903401029e-14,5.835490448163997e-14,-1.5282452599608733e-09,3.2988213437959354e-05,3.818153597885505e-05,0.9999288302505832,2.0679515313825692e-25
n21_vd_0p05_vg_0p8,n21,0.05,0.8,2113,991,993,991,drain_contact_cut,6.9505547487933553e-08,0,0.0,0.0,0.049999999777252183,0.050000000000000003,0.049999999808241553,0.049999999999999808,2.2274782018882888e-10,1.9175825510808764e-10,-3.0989565080741244e-11,3.209203535326297e+26,3.2292607288398993e+26,3.2092245226607453e+26,3.229271447072796e+26,2.8401606930698145e-06,1.4983163101193364,1.2914972492758987,-0.0645100215952605,0.0037812461283009131,0.0037812622228594705,1.8485342814123571e-06,0.0062304566153940748,0.0062272347975027859,-3.22181789128885e-06,1.0031184631880739,1.0031168489344313,0.99688800657267984,0.99688961413692867,7.003351580493607e-07,3.2192113184142483e+26,3.2192112906766465e+26,3.2192271906945513e+26,3.219227166815801e+26,232118932.95368516,269631130.00485545,0,0,0.0,0.0,0.0,0.0,0.0,0.0,0.0,0.0
n21_vd_0p05_vg_0p8,n21,0.05,0.8,2114,992,993,992,drain_contact_cut,8.1248676124068538e-11,1.0000000000000004e-07,0.0,0.0,0.049999999979275504,0.050000000000000003,0.049999999981893369,0.049999999999999808,2.0724498506208278e-11,1.8106439958476273e-11,-2.618058547732005e-12,3.2289807207901041e+26,3.2292607288398993e+26,3.2289968451166638e+26,3.229271447072796e+26,2.1686994040867362e-06,0.25507690706245484,0.22285381433981336,-0.058651070485780804,0.0037734264420447865,0.0037734399979800532,1.560188703498098e-06,8.6714205659871942e-05,8.5039581979729257e-05,-1.6746236801426848e-06,1.0000433577294428,1.0000425203936341,0.999956643523783,0.99995748081165459,3.6364511656874125e-07,3.2291207220625723e+26,3.229120719473911e+26,3.2291341433335621e+26,3.2291341410719195e+26,2494818811.1926813,2855565978.1528616,0.00026255887713759972,0.00022939245671920627,-3.316642041839346e-05,8.836597172306309e-10,1.022365051043259e-09,-3.316832644316173e-05,2.6640142425440642e-05,3.082176321892566e-05,0.9999425380943556,0.0
n21_vd_0p05_vg_0p8,n21,0.05,0.8,2115,992,995,992;995,internal,1.3049449999999989e-07,3.6410840056203397e-10,0.0,0.0,0.049999999979275504,0.049999999996575506,0.049999999981893369,0.04999999999692175,1.7300001708964174e-11,1.5028381317172546e-11,-2.271620391791629e-12,3.2289807207901041e+26,3.2311875113002158e+26,3.2289968451166638e+26,3.2311822696511619e+26,2.1686994040867362e-06,0.23137972079000629,0.20221121105915532,-0.058520062449834535,0.0037725048235573641,0.0037725103168988667,6.323984399083465e-07,0.00068319978001341703,0.00067658387074832709,-6.615909265089942e-06,1.0003416387868347,1.0003383300825184,0.99965843900682116,0.99966174621176995,1.4367892350303561e-06,3.2300838658462681e+26,3.2300838636847093e+26,3.2300893118857245e+26,3.2300893100079902e+26,2988661555.511642,3440411661.249867,4.9689781951658802e-10,4.3165279510252665e-10,-6.524502441406136e-11,6.760551159169677e-16,7.828049490383566e-16,-6.524648327412631e-11,1.0361324722342482e-05,1.199738908896792e-05,0.9999776412861886,1.2924697071141057e-26
n21_vd_0p05_vg_0p8,n21,0.05,0.8,2117,992,994,992,drain_contact_cut,1.3049452529358212e-07,0,0.0,0.0,0.049999999979275504,0.050000000000000003,0.049999999981893369,0.050000000000000176,2.0724498506208278e-11,1.810680771985318e-11,-2.617690786355098e-12,3.2289807207901041e+26,3.2314483017083006e+26,3.2289968451166638e+26,3.2314590268193235e+26,2.1686994040867362e-06,0.14861163810711564,0.13037054533245504,-0.05687333916206386,0.0037725602998220156,0.0037725738515907532,1.5600672604869668e-06,0.00076390704677234541,0.00076223230469618392,-1.6747420761614902e-06,1.0003820021528835,1.000381164568855,0.99961809510611133,0.99961893226415865,3.6371187150311627e-07,3.2302141983770653e+26,3.2302141957875299e+26,3.2302276243069669e+26,3.2302276220445101e+26,2494821704.2556486,2855503617.1281066,0,0,0.0,0.0,0.0,0.0,0.0,0.0,0.0,0.0
n21_vd_0p05_vg_0p8,n21,0.05,0.8,2118,994,995,995,drain_contact_cut,8.1248676124068538e-11,6.5247249999999956e-08,0.0,0.0,0.050000000000000003,0.049999999996575506,0.050000000000000176,0.04999999999692175,-3.424496797244103e-12,-3.078426402680634e-12,3.460703945634691e-13,3.2314483017083006e+26,3.2311875113002158e+26,3.2314590268193235e+26,3.2311822696511619e+26,1.4414121379869411e-06,0.042148548143535129,0.037889117336661754,-0.04626813134639776,0.0037717045187923106,0.0037717072849659254,3.185120919415338e-07,-8.0707266759027897e-05,-8.5648433947956267e-05,-4.94116718892837e-06,0.99995964690942563,0.99995717639433057,1.0000403541761846,1.0000428248282784,1.0729756965172401e-06,3.2313179027822959e+26,3.231317903210333e+26,3.2313206440922227e+26,3.2313206444769954e+26,15098302574.116022,16795984481.607735,-2.8313826638988253e-05,-2.5452541121028821e-05,2.8612855179594324e-06,-1.9716159895484212e-11,-2.280633821115197e-11,2.861328040457539e-06,6.89046016993984e-06,7.970424560317773e-06,0.9999851391152698,0.0
n21_vd_0p05_vg_0p8,n21,0.05,0.8,2274,997,1054,997,internal,5.9281099999999972e-08,4.0624338062034256e-11,0.0,0.0,0.049999904406895855,0.049999692852652079,0.049999917810115452,0.049999737316939269,-2.1155424377583554e-07,-1.8049317618284988e-07,3.106106759298566e-08,3.2037729208335792e+26,2.8850196335162217e+26,3.203728638746452e+26,2.8851313297319123e+26,1.681378890745244e-05,3.5686625885815615,3.0447001857785914,-0.06896095431184,0.0039220983385231814,0.0039221355742203833,4.123094238260526e-06,-0.10480563101538383,-0.10475189238868532,5.373862669851015e-05,0.94851236865342226,0.94853829986560312,1.053317999668806,1.0532901922542885,1.1872937868009346e-05,3.0388182417675519e+26,3.0388431093805383e+26,3.0388593162273031e+26,3.0388805329721971e+26,244400.6730533287,286459.58084390883,-1.4596729492138078e-06,-1.2453870279434327e-06,2.142859212703751e-07,-1.2840625044836692e-11,-1.7468952313756813e-11,2.1431623084773367e-07,5.990591226418282e-05,8.149864364086479e-05,0.9998585954440949,-2.6469779601696886e-23
n21_vd_0p05_vg_2p5,n21,0.05,2.5,2084,983,995,995,internal,1.3049610376560958e-07,0,0.0,0.0,0.049999689782808859,0.049999994284228091,0.049999678955158874,0.049999993912534658,3.0450141923210605e-07,3.149573757840751e-07,1.045595655196907e-08,3.2246710169913136e+26,3.2311875111435904e+26,3.2246838065488405e+26,3.2311822697477045e+26,1.7224774917327038e-06,248.19157099276669,257.88560031147239,0.01664006485955135,0.0037740739816355317,0.0037740774319954635,3.970435135704705e-07,0.0020305640082330934,0.0020253801835741245,-5.1838246589689e-06,1.0010156256032756,1.0010130319388377,0.99898506159504263,0.99898765175526361,1.1260336877321312e-06,3.2279460754383108e+26,3.2279080548449114e+26,3.227950514237527e+26,3.2279111880485025e+26,169798.87879427976,164161.89471677903,0,0,0.0,0.0,0.0,0.0,0.0,0.0,0.0,0.0
n21_vd_0p05_vg_2p5,n21,0.05,2.5,2085,982,995,995,internal,6.4696812499999939e-10,6.5247249999999943e-08,0.0,0.0,0.049999948757266655,0.049999994284228091,0.049999945452796617,0.049999993912534658,4.55269614368925e-08,4.845973804179504e-08,2.9327766049025428e-09,3.2268269058527698e+26,3.2311875111435904e+26,3.226831533844347e+26,3.2311822697477045e+26,7.044812933729532e-07,70.397691936011086,74.930656733376452,0.027101118445655457,0.0037732312194043356,0.003773230761405615,-5.2715118016890655e-08,0.0013522089459271044,0.0013492660400125237,-2.942905914580683e-06,1.0006762568453784,1.0006747847299056,0.99932404789945128,0.99932551868989317,6.39187763225211e-07,3.2290090696367038e+26,3.229003383158166e+26,3.2290089504893625e+26,3.2290028976972112e+26,1135678.6822674812,1066947.5651016398,0.047257319987891101,0.050301552811090465,0.0030442328231993637,-5.920898970187179e-09,-4.5668018996044184e-09,0.0030442433109002334,1.944942623676105e-06,1.5001383595884672e-06,0.9999965549190167,0.0
n21_vd_0p05_vg_2p5,n21,0.05,2.5,2087,984,992,992,internal,6.9508510975309933e-08,0,0.0,0.0,0.049996708211495475,0.049999965396746886,0.049996642030053967,0.049999964179715417,3.257185251410999e-06,3.322149661449947e-06,6.496441003894793e-08,3.2049750076694887e+26,3.228980719722209e+26,3.2049896760328581e+26,3.2289968447813464e+26,2.1687979352000837e-06,2469.3782502023691,2522.1045554512502,0.009175467919228473,0.0037826264811787768,0.003782639575111098,1.5033503147309139e-06,0.0075882219111851716,0.0075911519509022918,2.930039717120164e-06,1.0037989093769688,1.0038003781031677,0.99621068746578356,0.99620922615226515,6.370548628155127e-07,3.2171504172790748e+26,3.2167451026082222e+26,3.2171698486185316e+26,3.2167564479877313e+26,15873.828367351145,15563.416737287029,0,0,0.0,0.0,0.0,0.0,0.0,0.0,0.0,0.0
n21_vd_0p05_vg_2p5,n21,0.05,2.5,2088,983,992,992,internal,6.4696812499999939e-10,9.9999999999999995e-08,0.0,0.0,0.049999689782808859,0.049999965396746886,0.049999678955158874,0.049999964179715417,2.7561393802638667e-07,2.8522455654267365e-07,9.610618516286973e-09,3.2246710169913136e+26,3.228980719722209e+26,3.2246838065488405e+26,3.2289968447813464e+26,2.1687979352000837e-06,426.27436790738392,441.12994978563523,0.014877325396163054,0.0037749235571227658,0.003774937583410205,1.6136824566690266e-06,0.0013462471975028132,0.0013476466436260011,1.399446123187889e-06,1.0006732746305398,1.0006739746677649,0.99932702743303725,0.9993263280241389,3.039540842224772e-07,3.2268421061788903e+26,3.2268077042785849e+26,3.2268571617460059e+26,3.2268215600968738e+26,187595.73607950754,181274.71280398921,0.4383698206831923,0.45365943144614557,0.015289610762953265,1.6572302114122488e-06,1.9980738870569352e-06,0.015285955458854795,0.0001083893002317442,0.0001306818020441874,0.999760928897724,-1.734723475976807e-18
n21_vd_0p05_vg_2p5,n21,0.05,2.5,2090,989,990,990,internal,5.9284630259155387e-08,0,0.0,0.0,0.049485383872926114,0.049840105851504481,0.049478083204643961,0.049837040189965987,0.00035472197857836646,0.0003589569853220259,4.235006743659453e-06,2.8812717616768747e+26,3.2037093119603826e+26,2.8812964922744303e+26,3.2036666938787852e+26,5.777340880404098e-06,5983.5898341196635,6055.0323667540624,0.005154653318277744,0.0039236219275812952,0.0039236076956324197,-1.5752965467164289e-06,0.11979877665387986,0.11994070802390554,0.00014193137002567469,1.0610950812588631,1.0611688811325888,0.94129630460498304,0.94122817310868334,3.143558901889115e-05,3.0573032940853913e+26,3.0156397363768815e+26,3.0575421749181094e+26,3.015381349528664e+26,145.76150872545003,144.04185564087877,0,0,0.0,0.0,0.0,0.0,0.0,0.0,0.0,0.0
n21_vd_0p05_vg_2p5,n21,0.05,2.5,2091,985,990,990,internal,6.4696812499999939e-10,3.8864649999999965e-08,0.0,0.0,0.049840087095258813,0.049840105851504481,0.04983702159091042,0.049837040189965987,1.8756245667717053e-08,1.8599055566503875e-08,-1.5719010121317822e-10,3.1997242665831049e+26,3.2037093119603826e+26,3.199727099565461e+26,3.2036666938787852e+26,5.777340880404098e-06,6615.6516856799453,6709.4786623163582,0.00611614454935794,0.0037942841847010936,0.0037942587581942448,-2.910332510917169e-06,0.0012453846097189676,0.0012311903274602729,-1.4194282258694641e-05,1.000622821553425,1.0006157214828622,0.99937743694370595,0.99938453115540171,3.0828853481414913e-06,3.2017171238213493e+26,3.2017148008996507e+26,3.2016972402799605e+26,3.2016949368402253e+26,2756628.4003291195,2779926.0734504876,0.01156296576474832,0.011465912233808814,-9.705353093950563e-05,-7.716157307980502e-08,-7.147303830723484e-08,-9.690489632811856e-05,0.0007950413790498831,0.0007364290367939799,0.9984685295841561,2.710505431213761e-20
n21_vd_0p05_vg_2p5,n21,0.05,2.5,2092,990,991,990;991,internal,1.8448199999999969e-08,3.6410840056203397e-10,0.0,0.0,0.049840105851504481,0.049999627666207552,0.049837040189965987,0.04999962009625962,0.00015952181470307164,0.0001625799062936334,3.058091590561751e-06,3.2037093119603826e+26,3.2092035236385585e+26,3.2036666938787852e+26,3.2092245182234469e+26,5.777340880404098e-06,8663.6740726425778,8829.7526773082918,0.00824643332537293,0.0037905463998624627,0.003790526117843392,-2.32377910743163e-06,0.0078840636893832122,0.0080222007435867531,0.00013813705420354094,1.0039472117110135,1.0040164633414386,0.99606314802163054,0.99599426259785173,3.00358406169647e-05,3.2163550308752358e+26,3.1965693643975324e+26,3.216534103712937e+26,3.1963692075389079e+26,324.11970567174973,318.02312572832687,0.032326757053238717,0.032946184169643337,0.0006194271164046208,-1.7462794129827208e-07,-1.1130881219165167e-07,0.0006197130531581108,0.00028165842870674757,0.00017953063473139216,0.9995388109365618,0.0
n21_vd_0p05_vg_2p5,n21,0.05,2.5,2093,985,991,991,internal,1.8459540920477e-08,0,0.0,0.0,0.049840087095258813,0.049999627666207552,0.04983702159091042,0.04999962009625962,0.00015954057094873936,0.0001625985053491999,3.057934400460538e-06,3.1997242665831049e+26,3.2092035236385585e+26,3.199727099565461e+26,3.2092245182234469e+26,2.8411418831953434e-06,8864.1817177253288,9034.4498946934073,0.008263063013360458,0.0037921997048251158,0.0037922023732378353,3.0559480038126347e-07,0.0091294482991021962,0.0092533910710470447,0.00012394277194484847,1.0045716697087568,1.0046338309625336,0.99544222140965466,0.9953804398914865,2.6955060291633802e-05,3.214352349089017e+26,3.1945766845264578e+26,3.2145540940710856e+26,3.1943993126597988e+26,324.08160106788529,317.98674845174207,0,0,0.0,0.0,0.0,0.0,0.0,0.0,0.0,0.0
n21_vd_0p05_vg_2p5,n21,0.05,2.5,2094,984,991,991,internal,6.4696812499999939e-10,4.3976850000000036e-08,0.0,0.0,0.049996708211495475,0.049999627666207552,0.049996642030053967,0.04999962009625962,2.9194547120775516e-06,2.978066205652774e-06,5.861149357522244e-08,3.2049750076694887e+26,3.2092035236385585e+26,3.2049896760328581e+26,3.2092245182234469e+26,2.8411418831953434e-06,4852.5738065045607,4949.3869875934897,0.008579262560345453,0.0037903507725686363,0.0037903639183347586,1.5062257109494527e-06,0.0014314200042961889,0.001435652431382892,4.2324270867030896e-06,1.0007158807490779,1.0007179979738441,0.99928446074478183,0.99928234554246143,9.192794486084418e-07,3.2072693875787549e+26,3.2069072125394112e+26,3.2072908521264408e+26,3.2069214039427014e+26,17710.156425299774,17361.601811520261,2.0378494213732279,2.0787804151105922,0.04093099373736431,7.138674031163342e-06,1.1441905095758523e-05,0.04091241315823738,0.00017440754253290276,0.0002795413463248916,0.9995460511111421,0.0
n21_vd_0p05_vg_2p5,n21,0.05,2.5,2106,990,996,990,drain_contact_cut,1.8448378914890347e-08,0,0.0,0.0,0.049840105851504481,0.050000000000000003,0.049837040189965987,0.049999999999999899,0.00015989414849552214,0.0001629598100339122,3.065661538390052e-06,3.2037093119603826e+26,3.2094844081888549e+26,3.2036666938787852e+26,3.2094950642291902e+26,5.777340880404098e-06,8955.5683484761757,9127.929745716925,0.008279136069187757,0.0037905977679472736,0.0037905718227537548,-2.9725899790125987e-06,0.0079859870655614139,0.008121195133982408,0.00013520806842099407,1.0039983081929158,1.0040660937118167,0.99601232112735449,0.99594489857783441,2.9399467954393027e-05,3.2165187291501149e+26,3.1966860150222351e+26,3.2166931028775218e+26,3.1964802362298008e+26,323.36495664791698,317.28173202143643,0,0,0.0,0.0,0.0,0.0,0.0,0.0,0.0,0.0
n21_vd_0p05_vg_2p5,n21,0.05,2.5,2107,991,996,991,drain_contact_cut,8.1248676124068538e-11,4.3976850000000042e-08,0.0,0.0,0.049999627666207552,0.050000000000000003,0.04999962009625962,0.049999999999999899,3.723337924504966e-07,3.799037402787975e-07,7.569947828300894e-09,3.2092035236385585e+26,3.2094844081888549e+26,3.2092245182234469e+26,3.2094950642291902e+26,2.8411418831953434e-06,4928.5033616265473,5027.9308202681932,0.008674236446424266,0.0037888564628701929,0.0037888674036076139,1.254071004387766e-06,0.00010192337617819262,9.8994390395643568e-05,-2.9289857825490515e-06,1.000050962553787,1.0000494980118553,0.99994903917760869,0.99995050362145976,6.360318305238395e-07,3.2093670728457454e+26,3.209320850223961e+26,3.2093833684566962e+26,3.2093362058465683e+26,138864.64409232792,136097.63235926646,2.0701579873969247,2.1122630484967164,0.04210506109979173,6.038590184775927e-06,1.0311954456110328e-05,0.04208871055515084,0.00014341720513037795,0.00024491009362675726,0.9996116727012428,0.0
n21_vd_0p05_vg_2p5,n21,0.05,2.5,2108,990,997,990;997,internal,8.1248676124068538e-11,3.8864649999999965e-08,0.0,0.0,0.049840105851504481,0.049840106089470738,0.049837040189965987,0.049837040424300684,2.3796625781002945e-10,2.3433469747979885e-10,-3.6315603302305988e-12,3.2037093119603826e+26,3.2037729032236113e+26,3.2036666938787852e+26,3.2037286369070536e+26,6.000659350658419e-06,6620.6220011678952,6714.5507060903956,0.006118164912923818,0.0037925757745196046,0.0037925262796905204,-5.667776386062403e-06,1.9858269238606458e-05,1.9343918985785223e-05,-5.143502528212349e-07,1.000009929167482,1.000009671990675,0.99999007089824321,0.99999032807168919,1.1169010314539005e-07,3.2037411221267047e+26,3.2037410926364491e+26,3.2036976797131743e+26,3.2036976506733501e+26,217274556.58478147,220641671.70714411,0.0011683805716175243,0.0011505194889123349,-1.786108270518936e-05,-1.513144471891632e-08,-1.5722051833563035e-08,-1.783022920863688e-05,0.0008471739909988788,0.0008802406938631525,0.9982725853151379,0.0
n21_vd_0p05_vg_2p5,n21,0.05,2.5,2109,996,997,997,drain_contact_cut,1.8448199999999969e-08,4.0624338062034256e-11,0.0,0.0,0.050000000000000003,0.049840106089470738,0.049999999999999899,0.049837040424300684,-0.00015989391052926433,-0.0001629595756992147,-3.0656651699503823e-06,3.2094844081888549e+26,3.2037729032236113e+26,3.2094950642291902e+26,3.2037286369070536e+26,6.000659350658419e-06,8667.1826876717896,8833.3595898566145,0.008247959368772555,0.0037905706575477654,0.003790544249261371,-3.0256692317025774e-06,-0.0079661287963228126,-0.0081018512149966266,-0.00013572241867381395,0.99602222386357886,0.99595454438594322,1.0039883526599016,1.0040563956009398,2.9511211330413017e-05,3.1967177976997454e+26,3.2165506794039037e+26,3.1965111944033168e+26,3.2167242276564078e+26,323.36543790098523,317.28218826725947,-0.0036153941818365277,-0.0036846674521403932,-6.927327030386557e-05,2.5429258140675346e-08,1.9263369435898226e-08,-6.931796293144213e-05,0.00036661309945145213,0.0002777196069073159,0.9993556672936411,1.3552527156068805e-20
n21_vd_0p05_vg_2p5,n21,0.05,2.5,2110,990,998,990,internal,5.9281099999999972e-08,3.6410840056203397e-10,0.0,0.0,0.049840105851504481,0.049485383498674707,0.049837040189965987,0.04947808248761431,-0.0003547223528297741,-0.00035895770235167684,-4.235349521902743e-06,3.2037093119603826e+26,2.8849623756324054e+26,3.2036666938787852e+26,2.8850712104063414e+26,1.638338531672866e-05,5983.7343268473478,6055.1795513645066,0.00515472265103924,0.003921876944146252,0.0039219093340393226,3.5867249135238615e-06,-0.11851871322475092,-0.11863151690121559,-0.0001128036764646706,0.94191092655382269,0.94185675295613813,1.0604296397785735,1.0604882698573537,2.4978976762008346e-05,3.017608806437714e+26,3.0592996127666097e+26,3.0173951098503986e+26,3.0595841763390824e+26,145.76135494391823,144.04156792185765,-0.021932171857138392,-0.022194473554864876,-0.00026230169772648373,-1.8221522220541092e-07,-2.4897855602686497e-07,-0.00026187050394825144,0.0006946780130848283,0.0009492068034057808,0.9983561151835093,0.0
n21_vd_0p05_vg_2p5,n21,0.05,2.5,2111,997,998,997,internal,5.9281155678321322e-08,0,0.0,0.0,0.049840106089470738,0.049485383498674707,0.049837040424300684,0.04947808248761431,-0.0003547225907960319,-0.0003589579366863743,-4.235345890342412e-06,3.2037729032236113e+26,2.8849623756324054e+26,3.2037286369070536e+26,2.8850712104063414e+26,1.638338531672866e-05,5983.7365430528571,6055.1817255238602,0.005154717737494994,0.0039218372916521695,0.003921868908723215,3.501181492044831e-06,-0.11853857149398959,-0.11865086082020143,-0.00011228932621183685,0.9419013895311984,0.94184746331486191,1.060439961025188,1.0604983241350634,2.486515987083378e-05,3.0176381492887212e+26,3.0593293891747618e+26,3.0174236898200887e+26,3.0596131836462438e+26,145.76125716276007,144.04147389175083,0,0,0.0,0.0,0.0,0.0,0.0,0.0,0.0,0.0
n21_vd_0p05_vg_2p5,n21,0.05,2.5,2112,991,992,991;992,internal,6.9505500000000106e-08,3.6410840056203397e-10,0.0,0.0,0.049999627666207552,0.049999965396746886,0.04999962009625962,0.049999964179715417,3.377305393334473e-07,3.440834557971728e-07,6.352916463725489e-09,3.2092035236385585e+26,3.228980719722209e+26,3.2092245182234469e+26,3.2289968447813464e+26,2.8411418831953434e-06,4056.5667804525319,4138.7244037983719,0.008707877984539087,0.0037809938764642313,0.0037810085246152781,1.6825202723850877e-06,0.0061568019068889441,0.0061554995195193616,-1.3023873695824917e-06,1.0030815598022589,1.0030809072722937,0.99692475789536983,0.99692540775277427,2.830999938491513e-07,3.2190928762142704e+26,3.21905082225788e+26,3.2191118413800646e+26,3.219068996116065e+26,153092.46147143812,150265.86923645478,1.8191030357795446e-05,1.8533393393059505e-05,3.423630352640593e-07,7.113788892467734e-11,1.0592378824102536e-10,3.421859735868936e-07,0.0002077849580630391,0.0003093902592589413,0.999482824782678,0.0
n21_vd_0p05_vg_2p5,n21,0.05,2.5,2113,991,993,991,drain_contact_cut,6.9505547487933553e-08,0,0.0,0.0,0.049999627666207552,0.050000000000000003,0.04999962009625962,0.049999999999999808,3.723337924504966e-07,3.7990374018859185e-07,7.569947738095273e-09,3.2092035236385585e+26,3.2292607288398993e+26,3.2092245182234469e+26,3.229271447072796e+26,2.8411418831953434e-06,2504.2699554268838,2558.3445729638834,0.009277894267340098,0.0037811370478344447,0.003781150525019969,1.5479621075756708e-06,0.0062448541552046653,0.0062419240954234801,-2.930059781185157e-06,1.0031256769257748,1.0031242088469712,0.99688082277057033,0.99688228475154761,6.369164608147885e-07,3.219234457042511e+26,3.2191880923066098e+26,3.2192508058551969e+26,3.219203498240866e+26,138864.64409317091,136097.63238153336,0,0,0.0,0.0,0.0,0.0,0.0,0.0,0.0,0.0
n21_vd_0p05_vg_2p5,n21,0.05,2.5,2114,992,993,992,drain_contact_cut,8.1248676124068538e-11,1.0000000000000004e-07,0.0,0.0,0.049999965396746886,0.050000000000000003,0.049999964179715417,0.049999999999999808,3.460325311704926e-08,3.5820284391419044e-08,1.2170312743697842e-09,3.228980719722209e+26,3.2292607288398993e+26,3.2289968447813464e+26,3.229271447072796e+26,2.1687979352000837e-06,425.89647936579553,440.87557895537105,0.015011992955966709,0.0037734112150653999,0.0037734241755052068,1.4916576816222494e-06,8.8052248315442647e-05,8.6424575903840131e-05,-1.6276724116025162e-06,1.0000440267702575,1.000043212910386,0.99995597452194218,0.99995678833448221,3.5344971238246025e-07,3.2291228813145221e+26,3.2291185590925387e+26,3.2291363791326366e+26,3.2291319048751592e+26,1494194.7604260796,1443427.9467667839,0.43838718204040089,0.45380914579399573,0.015421963753594836,1.5321993359259285e-06,1.8541975425797237e-06,0.01541857735671633,9.93517661179028e-05,0.00012023096229541541,0.9997804172715867,-1.734723475976807e-18
n21_vd_0p05_vg_2p5,n21,0.05,2.5,2115,992,995,992;995,internal,1.3049449999999989e-07,3.6410840056203397e-10,0.0,0.0,0.049999965396746886,0.049999994284228091,0.049999964179715417,0.049999993912534658,2.888748120571938e-08,2.9732819241401476e-08,8.453380356820972e-10,3.228980719722209e+26,3.2311875111435904e+26,3.2289968447813464e+26,3.2311822697477045e+26,2.1687979352000837e-06,386.3269230941878,400.03480950019696,0.015142808468970788,0.0037724911642304983,0.0037724961188768521,5.70385473294748e-07,0.00068431681073026539,0.00067773353994810893,-6.583270782156464e-06,1.0003421974294897,1.0003389050468696,0.99965788061875938,0.99966117150692158,1.429701345466442e-06,3.2300856686243697e+26,3.2300820592716058e+26,3.2300911681083692e+26,3.2300874531283839e+26,1789841.0463224493,1738953.8160659689,8.2971509345057418e-07,8.5399771337185939e-07,2.4282619921285206e-08,1.105661421296654e-12,1.4195638786508766e-12,2.4280094695985254e-08,4.55330365866936e-05,5.8460078988698496e-05,0.9998960068844246,-3.308722450212111e-24
n21_vd_0p05_vg_2p5,n21,0.05,2.5,2117,992,994,992,drain_contact_cut,1.3049452529358212e-07,0,0.0,0.0,0.049999965396746886,0.050000000000000003,0.049999964179715417,0.050000000000000176,3.460325311704926e-08,3.582028475918042e-08,1.2170316421311611e-09,3.228980719722209e+26,3.2314483017083006e+26,3.2289968447813464e+26,3.2314590268193235e+26,2.1687979352000837e-06,248.12114463565032,257.89807291139846,0.016784320986310323,0.0037725519399271707,0.0037725651255313825,1.5179181714376146e-06,0.00076524508942791615,0.00076361729862029458,-1.6277908076215656e-06,1.0003826713447175,1.0003818572419245,0.9996174262552896,0.99961823994330434,3.535153166838059e-07,3.2302163581162919e+26,3.2302120344306785e+26,3.2302298606106781e+26,3.2302253848380353e+26,1494194.7611254933,1443427.9311788676,0,0,0.0,0.0,0.0,0.0,0.0,0.0,0.0,0.0
n21_vd_0p05_vg_2p5,n21,0.05,2.5,2118,994,995,995,drain_contact_cut,8.1248676124068538e-11,6.5247249999999956e-08,0.0,0.0,0.050000000000000003,0.049999994284228091,0.050000000000000176,0.049999993912534658,-5.715771911329881e-09,-6.087465517778945e-09,-3.716936064490639e-10,3.2314483017083006e+26,3.2311875111435904e+26,3.2314590268193235e+26,3.2311822697477045e+26,1.4414121379869411e-06,70.349456537371282,74.924219772226976,0.02736148231195648,0.0037717024538287129,0.0037717050705936353,3.013085432949418e-07,-8.092827869775023e-05,-8.588375867228525e-05,-4.9554799745350205e-06,0.99995953640643331,0.99995705873533225,1.0000404646851311,1.0000429424940045,1.0760837624903755e-06,3.2313175456975886e+26,3.2313182601288278e+26,3.2313202638819897e+26,3.2313210247729505e+26,9045847.1724178903,8493518.285574628,-0.047258149699702073,-0.050331399631412567,-0.0030732499317104936,-3.3853255548369855e-08,-4.139692694078249e-08,-0.0030731746815280043,1.1015458000686585e-05,1.34700814644587e-05,0.9999755144605348,0.0
n21_vd_0p05_vg_2p5,n21,0.05,2.5,2274,997,1054,997,internal,5.9281099999999972e-08,4.0624338062034256e-11,0.0,0.0,0.049840106089470738,0.049485383493946017,0.049837040424300684,0.049478082478717461,-0.0003547225955247216,-0.00035895794558322286,-4.235350058501286e-06,3.2037729032236113e+26,2.885019579517936e+26,3.2037286369070536e+26,2.8851312823804848e+26,1.681478976365916e-05,5983.7384181720736,6055.1836190947488,0.005154717455118663,0.0039217887541080276,0.003921821880502982,3.6683642787278877e-06,-0.1185187435783128,-0.11863003972030807,-0.00011129614199527349,0.94191091197633903,0.941857462353766,1.0604296555546515,1.0604875020740738,2.4645149017061398e-05,3.0176686570404348e+26,3.0593603189766306e+26,3.0174557240273672e+26,3.0596456668074495e+26,145.76125521974308,144.04147032178005,-0.0024470136154024556,-0.0024762801879112989,-2.92665725088433e-05,-2.0792843344171495e-08,-2.8405420481626233e-08,-2.92173742450175e-05,0.0007104639034136523,0.0009705755763864439,0.9983189605202,3.3881317890172014e-21
n21_vd_1_vg_0,n21,1.0,0.0,2084,983,995,995,internal,1.3049610376560958e-07,0,0.0,0.0,0.99999999999999967,0.99999999999999978,1.0000000000000002,0.99999999999999978,1.1102230246251565e-16,-4.440892098500626e-16,-5.551115123125783e-16,3.2246710203525104e+26,3.2311875113003657e+26,3.2246838104018949e+26,3.2311822696512079e+26,1.7225437324737134e-06,8.5078146942986676e-10,5.1481263038739698e-07,2.781831171202943,0.0037740823547500455,0.0037740861686246063,4.3887326340192755e-07,0.0020187843736275972,0.0020131958635769857,-5.5885100506115025e-06,1.0010097318109863,1.0010069356782312,0.99899094743735861,0.998993739814654,1.2139372824689901e-06,3.2279270732617258e+26,3.2279270732617127e+26,3.227930859581603e+26,3.2279308595816621e+26,492542583200335.62,109454035765978.75,0,0,0.0,0.0,0.0,0.0,0.0,0.0,0.0,0.0
n21_vd_1_vg_0,n21,1.0,0.0,2085,982,995,995,internal,6.4696812499999939e-10,6.5247249999999943e-08,0.0,0.0,0.99999999999999978,0.99999999999999978,1.0000000000000002,0.99999999999999978,0.0,-4.440892098500626e-16,-4.440892098500626e-16,3.2268269063893644e+26,3.2311875113003657e+26,3.2268315341379751e+26,3.2311822696512079e+26,7.045153349109891e-07,8.5078146942986676e-10,6.8641590317925334e-07,2.906769314759528,0.0037732332885281696,0.0037732329785170977,-3.56818921872655e-08,0.0013504477666576179,0.0013473914127706745,-3.056353886943383e-06,1.0006753758590883,1.0006738469950156,0.99932492809243079,0.99932645558224498,6.638280221670574e-07,3.2290062273833969e+26,3.2290062273833982e+26,3.2290059248706753e+26,3.2290059248707357e+26,1.7976931348623157e+308,107110261498184.39,0,-3.8134225309101554e-10,-3.8134225309101554e-10,1.5665653898602108e-17,1.7863217885279865e-17,-3.8134228661988733e-10,4.108029209160693e-08,4.68429989053183e-08,0.999999912076709,0.0
n21_vd_1_vg_0,n21,1.0,0.0,2087,984,992,992,internal,6.9508510975309933e-08,0,0.0,0.0,0.99999999999999833,0.99999999999999967,1,1,1.3322676295501878e-15,0.0,-1.3322676295501878e-15,3.2049750428724088e+26,3.2289807207908387e+26,3.204989718062013e+26,3.2289968451168136e+26,2.168699325398008e-06,1.916780153441362e-08,3.4322281934352192e-07,1.2530038504275678,0.0037827340078715761,0.0037827496544584351,1.7963759190540003e-06,0.0074622177074348782,0.0074626324546371876,4.147472023093707e-07,1.0037357492405035,1.0037359571299405,0.99627353153306863,0.99627332467530327,9.017322301700646e-08,3.2169480259546518e+26,3.2169480259544828e+26,3.2169634222505925e+26,3.2169634222505932e+26,38051729731059.32,1.7976931348623157e+308,0,0,0.0,0.0,0.0,0.0,0.0,0.0,0.0,0.0
n21_vd_1_vg_0,n21,1.0,0.0,2088,983,992,992,internal,6.4696812499999939e-10,9.9999999999999995e-08,0.0,0.0,0.99999999999999967,0.99999999999999967,1.0000000000000002,1,0.0,-2.220446049250313e-16,-2.220446049250313e-16,3.2246710203525104e+26,3.2289807207908387e+26,3.2246838104018949e+26,3.2289968451168136e+26,2.168699325398008e-06,7.2164496600635192e-09,3.4320795158962667e-07,1.6772337547629645,0.0037749388177416876,0.0037749534348551906,1.6816483000086308e-06,0.0013355852629860648,0.0013366125741926499,1.0273112065850402e-06,1.0006679412804882,1.0006684551648561,0.99933235601750203,0.99933184259066365,2.2312746977933785e-07,3.2268249112429982e+26,3.2268249112430009e+26,3.2268393669499858e+26,3.226839366950025e+26,1.7976931348623157e+308,164125537462870.56,0,-2.9216568231612456e-10,-2.9216568231612456e-10,-5.656510256519037e-16,-6.544261379581834e-16,-2.9216446223896096e-10,1.936062514829742e-06,2.2399144648689147e-06,0.9999958240230203,0.0
n21_vd_1_vg_0,n21,1.0,0.0,2090,989,990,990,internal,5.9284630259155387e-08,0,0.0,0.0,0.999999999999996,0.99999999999999756,0.99999999999999745,0.99999999999999944,1.5543122344752192e-15,1.9984014443252818e-15,4.440892098500626e-16,2.8812718086767651e+26,3.2037093296427437e+26,2.8812965389716443e+26,3.2036666960346293e+26,5.77944564944044e-06,2.6219355485563188e-08,6.8691647726595425e-07,1.418281922229846,0.0039239318878628643,0.0039239217514075901,-1.121888045826364e-06,0.10607750709932719,0.10605561635314396,-2.1890746183222953e-05,1.0539762808653688,1.0539649486579739,0.94789877376604148,0.94790933230482999,4.837530885335266e-06,3.0367921450713709e+26,3.036792145071183e+26,3.0367855587656468e+26,3.0367855587654063e+26,32291129455260.988,25252136386511.914,0,0,0.0,0.0,0.0,0.0,0.0,0.0,0.0,0.0
n21_vd_1_vg_0,n21,1.0,0.0,2091,985,990,990,internal,6.4696812499999939e-10,3.8864649999999965e-08,0.0,0.0,0.99999999999999756,0.99999999999999756,0.99999999999999856,0.99999999999999944,0.0,8.881784197001252e-16,8.881784197001252e-16,3.1997242863630572e+26,3.2037093296427437e+26,3.199727111627777e+26,3.2036666960346293e+26,5.77944564944044e-06,2.9994716943454142e-08,1.3729573718965485e-06,1.6606122853977006,0.0037946069951080292,0.0037945866334411515,-2.3304082094196457e-06,0.0012446584233155196,0.0012304677870392314,-1.4190636276288247e-05,1.0006224583095371,1.000615360064431,0.99937779988622144,0.9993848922773918,3.0820930978053923e-06,3.2017159813333318e+26,3.2017159813333263e+26,3.2016960959093502e+26,3.2016960959092355e+26,1.7976931348623157e+308,55833148993953.898,0,5.6625180752761938e-10,5.662518075276194e-10,-1.5192504025685172e-15,-1.7584706822542373e-15,5.662550852487041e-10,2.6829632936468834e-06,3.105421124434776e-06,0.999994211615582,0.0
n21_vd_1_vg_0,n21,1.0,0.0,2092,990,991,990;991,internal,1.8448199999999969e-08,3.6410840056203397e-10,0.0,0.0,0.99999999999999756,0.99999999999999833,0.99999999999999944,0.99999999999999978,7.771561172376096e-16,3.3306690738754696e-16,-4.440892098500626e-16,3.2037093296427437e+26,3.2092035353335023e+26,3.2036666960346293e+26,3.2092245226631395e+26,5.77944564944044e-06,2.8970037482497705e-06,1.0673570241872907e-06,-0.4336393446217616,0.0037909808577990746,0.0037909698057261671,-1.2661264865372088e-06,0.0017134825159147039,0.0017333298914679676,1.9847375553263755e-05,1.0008569859264729,1.0008669153150975,0.99914350341055846,0.99913358542362951,4.311040764987301e-06,3.2064548634507566e+26,3.2064548634506659e+26,3.2064440037578894e+26,3.2064440037578585e+26,70398012086074.297,208197671038550.47,1.4891435187073043e-13,7.4456706693424771e-14,-7.445764517730566e-14,-3.256036877062347e-19,-3.782593457085126e-19,-7.445694131427225e-14,4.373005443979273e-06,5.080194851821667e-06,0.9999905467997042,0.0
n21_vd_1_vg_0,n21,1.0,0.0,2093,985,991,991,internal,1.8459540920477e-08,0,0.0,0.0,0.99999999999999756,0.99999999999999833,0.99999999999999856,0.99999999999999978,7.771561172376096e-16,1.2212453270876722e-15,4.440892098500626e-16,3.1997242863630572e+26,3.2092035353335023e+26,3.199727111627777e+26,3.2092245226631395e+26,2.8401600419601675e-06,4.2126392669073994e-08,5.1705822546801669e-07,1.088985179775533,0.0037926457392635274,0.0037926579129981671,1.394007681299628e-06,0.0029581409392302411,0.0029637976785072163,5.656739276975291e-06,1.0014797996859934,1.0014826308472031,0.99852165874676324,0.99851883316869572,1.228951508855024e-06,3.2044592373572827e+26,3.2044592373571858e+26,3.2044711257461081e+26,3.2044711257459631e+26,66075902111099.539,44050764833000.602,0,0,0.0,0.0,0.0,0.0,0.0,0.0,0.0,0.0
n21_vd_1_vg_0,n21,1.0,0.0,2094,984,991,991,internal,6.4696812499999939e-10,4.3976850000000036e-08,0.0,0.0,0.99999999999999833,0.99999999999999833,1,0.99999999999999978,0.0,-2.220446049250313e-16,-2.220446049250313e-16,3.2049750428724088e+26,3.2092035353335023e+26,3.204989718062013e+26,3.2092245226631395e+26,2.8401600419601675e-06,2.3983342904139287e-08,3.4372983962515147e-07,1.1563075185680851,0.0037905791964448869,0.0037905974029504544,2.085951909728882e-06,0.0013184831142774617,0.0013204439569600571,1.9608426825954307e-06,1.0006593864236115,1.0006603672761629,0.99934090330933389,0.99933992331920263,4.2588521452830494e-07,3.2070883599036929e+26,3.2070883599036902e+26,3.2071061883922601e+26,3.2071061883922869e+26,1.7976931348623157e+308,238714911364468.69,0,-1.2822874028479219e-10,-1.2822874028479219e-10,-3.079452526085704e-16,-3.5641491712853966e-16,-1.2822807592462242e-10,2.401530670305528e-06,2.7795244368536482e-06,0.9999948189448928,2.5849394142282115e-26
n21_vd_1_vg_0,n21,1.0,0.0,2106,990,996,990,drain_contact_cut,1.8448378914890347e-08,0,0.0,0.0,0.99999999999999756,1.0000000000000004,0.99999999999999944,0.99999999999999967,2.886579864025407e-15,2.220446049250313e-16,-2.6645352591003757e-15,3.2037093296427437e+26,3.2094844081888768e+26,3.2036666960346293e+26,3.2094950642292356e+26,5.77944564944044e-06,1.2981660501219458e-05,4.0994622419074645e-06,-0.5006033564962911,0.0037910484967135696,0.0037910321684555387,-1.8705346658905581e-06,0.0018009997338560737,0.0018176275656629744,1.6627831806900664e-05,1.0009007701669168,1.0009090890969803,0.99909977043306086,0.99909146153131723,3.6117766110046183e-06,3.2065951354303584e+26,3.2065951354299956e+26,3.2065791144983525e+26,3.206579114498336e+26,17663811834067.758,376373187079602.06,0,0,0.0,0.0,0.0,0.0,0.0,0.0,0.0,0.0
n21_vd_1_vg_0,n21,1.0,0.0,2107,991,996,991,drain_contact_cut,8.1248676124068538e-11,4.3976850000000042e-08,0.0,0.0,0.99999999999999833,1.0000000000000004,0.99999999999999978,0.99999999999999967,2.1094237467877974e-15,-1.1102230246251565e-16,-2.220446049250313e-15,3.2092035353335023e+26,3.2094844081888768e+26,3.2092245226631395e+26,3.2094950642292356e+26,2.8401600419601675e-06,2.5962562955877993e-05,1.3664558499802371e-06,-1.2787519583984441,0.0037890886428617481,0.0037891047817984998,1.849794741919588e-06,8.7517217941359251e-05,8.4297674194996186e-05,-3.219543746363064e-06,1.0000437592472426,1.0000421494292722,0.99995624202930122,0.99995785175507723,6.991250514981355e-07,3.2093439676644567e+26,3.2093439676641852e+26,3.2093597896451765e+26,3.2093597896451896e+26,23600338617636.965,489709440558652.19,1.2256408959669208e-08,-1.0213767989710416e-09,-1.3277785758640249e-08,2.392684798360557e-14,2.7694264564282823e-14,-1.3277837379752797e-08,1.8020069291169864e-06,2.0857430396110358e-06,0.9999961122500313,0.0
n21_vd_1_vg_0,n21,1.0,0.0,2108,990,997,990;997,internal,8.1248676124068538e-11,3.8864649999999965e-08,0.0,0.0,0.99999999999999756,0.99999999999999756,0.99999999999999944,0.99999999999999889,0.0,-5.551115123125783e-16,-5.551115123125783e-16,3.2037093296427437e+26,3.2037729208441077e+26,3.2036666960346293e+26,3.2037286387473172e+26,6.002798471367663e-06,5.7132794178007898e-08,6.8323463250204211e-06,2.077684407703799,0.0037928985454128124,0.0037928541080223554,-5.088200036981884e-06,1.9849044875032241e-05,1.9334755973929488e-05,-5.142889011027533e-07,1.0000099245552696,1.0000096674091397,0.99999007551039443,0.99999033265316573,1.1167678057913466e-07,3.2037411250330534e+26,3.2037411250330561e+26,3.2036976671913263e+26,3.203697667191404e+26,1.7976931348623157e+308,82855164277451.469,0,-2.7058301186778089e-09,-2.705830118677809e-09,1.5850935695769284e-14,1.835223050595369e-14,-2.7058643218440104e-09,5.857919485620571e-06,6.78230552118891e-06,0.9999873597749931,4.1359030627651384e-25
n21_vd_1_vg_0,n21,1.0,0.0,2109,996,997,997,drain_contact_cut,1.8448199999999969e-08,4.0624338062034256e-11,0.0,0.0,1.0000000000000004,0.99999999999999756,0.99999999999999967,0.99999999999999889,-2.886579864025407e-15,-7.771561172376096e-16,2.1094237467877974e-15,3.2094844081888768e+26,3.2037729208441077e+26,3.2094950642292356e+26,3.2037286387473172e+26,6.002798471367663e-06,1.5646945848513197e-07,6.8323828842487475e-06,1.6401426165224593,0.003791005305860717,0.003790988135467876,-1.967030681497129e-06,-0.0017811506889810458,-0.0017982928096890493,-1.7142120708003427e-05,0.99910968903031017,0.99910112308322685,1.0008908397192913,1.0008994158929159,3.7234745483702927e-06,3.2066269690132174e+26,3.2066269690135858e+26,3.2066101232015024e+26,3.2066101232015966e+26,17412542534626.057,67956927049457.75,-6.6462742268430269e-14,-1.6615523021535004e-14,4.984721924689526e-14,1.8814089291933232e-19,2.182232363530311e-19,4.984681288276598e-14,3.7743508216067784e-06,4.377841726178601e-06,0.9999918478074522,-6.310887241768095e-30
n21_vd_1_vg_0,n21,1.0,0.0,2110,990,998,990,internal,5.9281099999999972e-08,3.6410840056203397e-10,0.0,0.0,0.99999999999999756,0.999999999999996,0.99999999999999944,0.99999999999999745,-1.5543122344752192e-15,-1.9984014443252818e-15,-4.440892098500626e-16,3.2037093296427437e+26,2.8849624294264045e+26,3.2036666960346293e+26,2.8850712577421257e+26,1.638241284555745e-05,2.6219355485563178e-08,7.6303382685071514e-07,1.4639217797246298,0.0039221866251624637,0.0039222231113279242,4.040008326311947e-06,-0.10479742685936358,-0.10474639729437889,5.102956498469202e-05,0.94851632748252701,0.94854095151342555,1.0533137543418905,1.0532873488078043,1.1274388876336957e-05,3.0387706076742431e+26,3.0387706076744272e+26,3.0388090561885596e+26,3.0388090561888008e+26,33002106556460.941,25200296950868.359,-1.0223656924502292e-13,-1.2495855029454759e-13,-2.272198104952467e-14,-1.0567361537478505e-18,-1.4373002185786045e-18,-2.2719487013152338e-14,4.650721921845617e-05,6.325593773913794e-05,0.9998902368430423,3.1554436208840472e-30
n21_vd_1_vg_0,n21,1.0,0.0,2111,997,998,997,internal,5.9281155678321322e-08,0,0.0,0.0,0.99999999999999756,0.999999999999996,0.99999999999999889,0.99999999999999745,-1.5543122344752192e-15,-1.4432899320127035e-15,1.1102230246251565e-16,3.2037729208441077e+26,2.8849624294264045e+26,3.2037286387473172e+26,2.8850712577421257e+26,1.638241284555745e-05,2.6219355485563188e-08,4.7826769392312741e-06,2.2610490342730394,0.0039221469662633372,0.0039221826793204451,3.9544446332025385e-06,-0.10481727590423867,-0.10476573205035287,5.154385388579652e-05,0.94850674955415659,0.94853162158416271,1.0533240254583953,1.0532973536345156,1.1388051554869711e-05,3.0388002394594712e+26,3.0388002394596519e+26,3.0388379208266153e+26,3.0388379208267844e+26,33600298447092.711,35944951030248.594,0,0,0.0,0.0,0.0,0.0,0.0,0.0,0.0,0.0
n21_vd_1_vg_0,n21,1.0,0.0,2112,991,992,991;992,internal,6.9505500000000106e-08,3.6410840056203397e-10,0.0,0.0,0.99999999999999833,0.99999999999999967,0.99999999999999978,1,1.3322676295501878e-15,2.220446049250313e-16,-1.1102230246251565e-15,3.2092035353335023e+26,3.2289807207908387e+26,3.2092245226631395e+26,3.2289968451168136e+26,2.8401600419601675e-06,1.0673764418915593e-06,7.6229549523522873e-07,-0.14619425991631432,0.003781180144768356,0.0037811989787803813,2.163210111825841e-06,0.0061437345931573779,0.0061421884976770921,-1.5460954802858431e-06,1.0030750127508292,1.0030742381201569,0.99693127815767169,0.99693204962247983,3.3607409741018677e-07,3.2190718771246588e+26,3.2190718771244912e+26,3.2190904430268532e+26,3.2190904430268257e+26,38374327148492.039,233902009729791.53,6.9261317900944695e-14,9.8945803364747351e-15,-5.936673756446995e-14,1.9713744180244997e-19,2.2826477583589404e-19,-5.936716296668759e-14,3.3206240512492167e-06,3.8449393365530666e-06,0.9999928344366122,0.0
n21_vd_1_vg_0,n21,1.0,0.0,2113,991,993,991,drain_contact_cut,6.9505547487933553e-08,0,0.0,0.0,0.99999999999999833,1.0000000000000004,0.99999999999999978,0.99999999999999967,2.1094237467877974e-15,-1.1102230246251565e-16,-2.220446049250313e-15,3.2092035353335023e+26,3.229260728839922e+26,3.2092245226631395e+26,3.22927144707282e+26,2.8401600419601675e-06,1.7763860421110658e-05,2.7329016723006131e-06,-0.8129133456694425,0.0037812461573755144,0.0037812622475166965,1.8480269123183827e-06,0.0062304479969678321,0.0062272273792185386,-3.220617749293518e-06,1.0031184588699114,1.00311684521759,0.99688801087294354,0.9968896178383716,7.000742790568774e-07,3.2192113045636137e+26,3.2192113045633423e+26,3.2192271787687754e+26,3.2192271787687884e+26,23672899394674.488,491215084650998.19,0,0,0.0,0.0,0.0,0.0,0.0,0.0,0.0,0.0
n21_vd_1_vg_0,n21,1.0,0.0,2114,992,993,992,drain_contact_cut,8.1248676124068538e-11,1.0000000000000004e-07,0.0,0.0,0.99999999999999967,1.0000000000000004,1,0.99999999999999967,7.771561172376096e-16,-3.3306690738754696e-16,-1.1102230246251565e-15,3.2289807207908387e+26,3.229260728839922e+26,3.2289968451168136e+26,3.22927144707282e+26,2.168699325398008e-06,9.5651565387973181e-06,4.0993527478817332e-06,-0.36797679106420433,0.0037734264461078328,0.0037734400014777648,1.5601236361217712e-06,8.6713403810175464e-05,8.5038881541168169e-05,-1.6745222690072955e-06,1.0000433573285064,1.0000425200434049,0.99995664392469608,0.99995748116186367,3.636230950122882e-07,3.2291207207686911e+26,3.2291207207685859e+26,3.2291341422028222e+26,3.2291341422028635e+26,61590589919445.773,156421195969492.25,1.1635820759702679e-08,-4.654364368935583e-09,-1.6290185128638263e-08,1.2539896825237666e-14,1.4508853512140737e-14,-1.6290212177388598e-08,7.69779783535434e-07,8.906470500973473e-07,0.9999983395731663,3.308722450212111e-24
n21_vd_1_vg_0,n21,1.0,0.0,2115,992,995,992;995,internal,1.3049449999999989e-07,3.6410840056203397e-10,0.0,0.0,0.99999999999999967,0.99999999999999978,1,0.99999999999999978,1.1102230246251565e-16,-2.220446049250313e-16,-3.3306690738754696e-16,3.2289807207908387e+26,3.2311875113003657e+26,3.2289968451168136e+26,3.2311822696512079e+26,2.168699325398008e-06,9.1474695703511977e-07,1.7015629388597335e-09,-2.7304529556691306,0.0037725048272022462,0.0037725103200375474,6.323401649129341e-07,0.00068319911064151787,0.00067658328938432133,-6.615821257196543e-06,1.0003416384520725,1.0003383297917707,0.99965843934143095,0.99966174650238637,1.4367701220267681e-06,3.2300838647660618e+26,3.2300838647660453e+26,3.2300893109470501e+26,3.2300893109470714e+26,394297346773199.81,298710614841073.81,5.2760054442877623e-15,-5.2760220220293263e-15,-1.0552027466317089e-14,-2.1693674893577825e-27,-2.1693674893577825e-27,-1.0552027466312748e-14,2.0558774096092683e-13,2.0558774096092683e-13,0.9999999999995888,1.5777218104420236e-30
n21_vd_1_vg_0,n21,1.0,0.0,2117,992,994,992,drain_contact_cut,1.3049452529358212e-07,0,0.0,0.0,0.99999999999999967,1.0000000000000004,1,1,7.771561172376096e-16,0.0,-7.771561172376096e-16,3.2289807207908387e+26,3.2314483017083006e+26,3.2289968451168136e+26,3.2314590268193468e+26,2.168699325398008e-06,8.8819289280732382e-06,6.8322543380456538e-07,-1.1139432686261994,0.0037725603020529008,0.0037725738535198932,1.5600325230291524e-06,0.00076390624491835444,0.00076223160425762282,-1.6746406607316168e-06,1.0003820017518545,1.0003811642185465,0.99961809550693626,0.9996189326142888,3.6368984657152327e-07,3.2302141970828852e+26,3.2302141970827752e+26,3.2302276231759715e+26,3.2302276231759639e+26,58677567928547.273,1.7976931348623157e+308,0,0,0.0,0.0,0.0,0.0,0.0,0.0,0.0,0.0
n21_vd_1_vg_0,n21,1.0,0.0,2118,994,995,995,drain_contact_cut,8.1248676124068538e-11,6.5247249999999956e-08,0.0,0.0,1.0000000000000004,0.99999999999999978,1,0.99999999999999978,-6.661338147750939e-16,-2.220446049250313e-16,4.440892098500626e-16,3.2314483017083006e+26,3.2311875113003657e+26,3.2314590268193468e+26,3.2311822696512079e+26,1.4414121411692113e-06,8.1987036606534369e-06,2.7329017352182615e-06,-0.4771211728792247,0.0037717045193435121,0.0037717072854556956,3.1850501831545613e-07,-8.0707134276936112e-05,-8.5648314873400889e-05,-4.941180596464777e-06,0.99995964697566486,0.99995717645386595,1.0000403541099421,1.0000428247687396,1.0729786080219202e-06,3.231317902996344e+26,3.2313179029964395e+26,3.2313206442846318e+26,3.231320644284662e+26,67542463391372.305,214374087410613.12,-6.0750016516394913e-09,-1.5187528151716406e-09,4.556248836467851e-09,-2.7845735434148416e-15,-3.2210803871872886e-15,4.556254842121781e-09,6.111532321013233e-07,7.069569752047372e-07,0.9999986818897928,0.0
n21_vd_1_vg_0,n21,1.0,0.0,2274,997,1054,997,internal,5.9281099999999972e-08,4.0624338062034256e-11,0.0,0.0,0.99999999999999756,0.999999999999996,0.99999999999999889,0.99999999999999722,-1.5543122344752192e-15,-1.6653345369377348e-15,-1.1102230246251565e-16,3.2037729208441077e+26,2.8850196335279064e+26,3.2037286387473172e+26,2.8851313297391488e+26,1.681378823775294e-05,2.6219355485563188e-08,2.733045584849686e-06,2.0180248635915143,0.0039220984207485893,0.0039221356431649694,4.121623578676938e-06,-0.10479744773116036,-0.10474491059873285,5.2537132427504796e-05,0.94851631741104703,0.94854166891658542,1.0533137651422073,1.0532865795153183,1.160746697602746e-05,3.0388308927002869e+26,3.0388308927004697e+26,3.0388701097532411e+26,3.0388701097534297e+26,33239340206683.613,32201026384071.09,-1.1406718265759161e-14,-1.1406973729092314e-14,-2.5546333315323304e-19,-1.0825540589966951e-19,-1.4720792725855961e-19,4.9961190663997426e-30,0.42376103278391425,0.5762389671965286,1.9557088700504552e-11,4.81482486096809e-35
n21_vd_1_vg_0p05,n21,1.0,0.05,2084,983,995,995,internal,1.3049610376560958e-07,0,0.0,0.0,1,1,1.0000000000000002,0.99999999999999978,0.0,-4.440892098500626e-16,-4.440892098500626e-16,3.2246710203524994e+26,3.2311875113003079e+26,3.2246838104018949e+26,3.2311822696512079e+26,1.722543733920199e-06,0,5.1481263038739698e-07,293.7116491933222,0.0037740823547500121,0.0037740861686246063,4.3887326725923354e-07,0.0020187843736104191,0.0020131958635769857,-5.588510033433403e-06,1.0010097318109776,1.0010069356782312,0.99899094743736727,0.998993739814654,1.213937278611691e-06,3.2279270732616866e+26,3.2279270732616832e+26,3.227930859581603e+26,3.2279308595816621e+26,1.7976931348623157e+308,109454035765978.75,0,0,0.0,0.0,0.0,0.0,0.0,0.0,0.0,0.0
n21_vd_1_vg_0p05,n21,1.0,0.05,2085,982,995,995,internal,6.4696812499999939e-10,6.5247249999999943e-08,0.0,0.0,1,1,1.0000000000000002,0.99999999999999978,0.0,-4.440892098500626e-16,-4.440892098500626e-16,3.2268269063893418e+26,3.2311875113003079e+26,3.2268315341379517e+26,3.2311822696512079e+26,7.045153271481405e-07,0,6.8641590317925334e-07,293.8365873368788,0.0037732332885281284,0.0037732329785170869,-3.568188871568633e-08,0.0013504477666490288,0.0013473914127792635,-3.0563538697652836e-06,1.0006753758590841,1.0006738469950198,0.99932492809243501,0.99932645558224076,6.63828018406186e-07,3.2290062273833597e+26,3.2290062273833542e+26,3.2290059248706656e+26,3.229005924870722e+26,1.7976931348623157e+308,114583070439917.77,0,-3.8134225309101554e-10,-3.8134225309101554e-10,1.5665651442909664e-17,1.786321561053318e-17,-3.8134228661988257e-10,4.1080285652006804e-08,4.684299294021525e-08,0.9999999120767215,0.0
n21_vd_1_vg_0p05,n21,1.0,0.05,2087,984,992,992,internal,6.9508510975309933e-08,0,0.0,0.0,1,1,1,1,0.0,0.0,0.0,3.2049750428723635e+26,3.2289807207907474e+26,3.204989718062013e+26,3.2289968451168136e+26,2.1686993376449056e-06,0,3.4322281934352192e-07,293.5355761544258,0.0037827340078715071,0.0037827496544584351,1.796375926961453e-06,0.0074622177073661658,0.0074626324546371876,4.1474727102176756e-07,1.003735749240469,1.0037359571299405,0.99627353153310283,0.99627332467530327,9.01732379640853e-08,3.2169480259544958e+26,3.216948025954502e+26,3.2169634222505925e+26,3.2169634222505932e+26,1.7976931348623157e+308,1.7976931348623157e+308,0,0,0.0,0.0,0.0,0.0,0.0,0.0,0.0,0.0
n21_vd_1_vg_0p05,n21,1.0,0.05,2088,983,992,992,internal,6.4696812499999939e-10,9.9999999999999995e-08,0.0,0.0,1,1,1.0000000000000002,1,0.0,-2.220446049250313e-16,-2.220446049250313e-16,3.2246710203524994e+26,3.2289807207907474e+26,3.2246838104018949e+26,3.2289968451168136e+26,2.1686993376449056e-06,0,3.4320795158962667e-07,293.5355573412148,0.0037749388177416372,0.0037749534348551906,1.6816483057945731e-06,0.0013355852629602974,0.0013366125741926499,1.027311232352406e-06,1.0006679412804753,1.0006684551648561,0.99933235601751491,0.99933184259066365,2.2312747537244003e-07,3.2268249112429446e+26,3.2268249112429508e+26,3.2268393669499858e+26,3.226839366950025e+26,1.7976931348623157e+308,164125537462870.56,0,-2.9216568231612456e-10,-2.9216568231612456e-10,-5.656510276078412e-16,-6.544261406896027e-16,-2.921644622389562e-10,1.9360625215243603e-06,2.2399144742177863e-06,0.9999958240230042,5.169878828456423e-26
n21_vd_1_vg_0p05,n21,1.0,0.05,2090,989,990,990,internal,5.9284630259155387e-08,0,0.0,0.0,0.99999999999999012,0.99999999999999667,0.99999999999999434,0.999999999999998,6.5503158452884236e-15,3.6637359812630166e-15,-2.886579864025407e-15,2.8812718086769702e+26,3.2037093296426866e+26,2.8812965389718388e+26,3.2036666960347083e+26,5.77944563102154e-06,1.104958552605877e-07,1.0519836035925409e-07,-0.02133701690606772,0.0039239318878629467,0.0039239217514077445,-1.1218880378706418e-06,0.10607750709943026,0.10605561635316113,-2.189074626912646e-05,1.0539762808654221,1.053964948657983,0.94789877376599174,0.94790933230482188,4.8375309043323056e-06,3.0367921450717406e+26,3.0367921450709699e+26,3.0367855587658781e+26,3.0367855587654554e+26,7880573259915.0869,14368269850930.697,0,0,0.0,0.0,0.0,0.0,0.0,0.0,0.0,0.0
n21_vd_1_vg_0p05,n21,1.0,0.05,2091,985,990,990,internal,6.4696812499999939e-10,3.8864649999999965e-08,0.0,0.0,0.99999999999999667,0.99999999999999667,0.999999999999998,0.999999999999998,0.0,0.0,0.0,3.1997242863630572e+26,3.2037093296426866e+26,3.1997271116277317e+26,3.2036666960347083e+26,5.77944563102154e-06,1.2712046704606754e-07,6.9987672868059672e-08,-0.259193926616399,0.0037946069951080006,0.0037945866334411749,-2.330408203440783e-06,0.0012446584232983415,0.0012304677870392314,-1.4190636259110148e-05,1.0006224583095285,1.000615360064431,0.9993777998862301,0.9993848922773918,3.082093094044542e-06,3.2017159813333043e+26,3.2017159813332974e+26,3.2016960959093049e+26,3.2016960959093145e+26,1.7976931348623157e+308,1.7976931348623157e+308,0,0,0.0,0.0,0.0,0.0,0.0,0.0,0.0,0.0
n21_vd_1_vg_0p05,n21,1.0,0.05,2092,990,991,990;991,internal,1.8448199999999969e-08,3.6410840056203397e-10,0.0,0.0,0.99999999999999667,1,0.999999999999998,0.99999999999999978,3.3306690738754696e-15,1.7763568394002505e-15,-1.5543122344752192e-15,3.2037093296426866e+26,3.2092035353332975e+26,3.2036666960347083e+26,3.2092245226631395e+26,5.77944563102154e-06,1.8054168286745995e-07,1.8031894088613242e-07,-0.0005361384384805028,0.0037909808577989523,0.0037909698057262122,-1.2661264673470362e-06,0.0017134825159662382,0.0017333298915023238,1.9847375536085655e-05,1.0008569859264989,1.0008669153151146,0.99914350341053249,0.9991335854236123,4.31104076117817e-06,3.2064548634507828e+26,3.2064548634503773e+26,3.2064440037580234e+26,3.2064440037578035e+26,15808277350507.154,29122888508369.023,6.7011458341823726e-13,3.7228353346713154e-13,-2.978310499511057e-13,-1.5194838120050922e-18,-1.7652102121660812e-18,-2.978277652570815e-13,5.101831431795116e-06,5.926884428120816e-06,0.9999889712841401,5.048709793414476e-29
n21_vd_1_vg_0p05,n21,1.0,0.05,2093,985,991,991,internal,1.8459540920477e-08,0,0.0,0.0,0.99999999999999667,1,0.999999999999998,0.99999999999999978,3.3306690738754696e-15,1.7763568394002505e-15,-1.5543122344752192e-15,3.1997242863630572e+26,3.2092035353332975e+26,3.1997271116277317e+26,3.2092245226631395e+26,2.840160069732617e-06,1.8054168286745998e-07,1.9978647919364584e-07,0.043988607154191624,0.0037926457392634216,0.0037926579129981463,1.3940076910393042e-06,0.0029581409392645973,0.0029637976785415725,5.656739276975291e-06,1.0014797996860105,1.0014826308472204,0.99852165874674603,0.99851883316867862,1.2289515088068074e-06,3.2044592373573377e+26,3.204459237356926e+26,3.2044711257461191e+26,3.2044711257459075e+26,15547271084964.102,30370403083621.324,0,0,0.0,0.0,0.0,0.0,0.0,0.0,0.0,0.0
n21_vd_1_vg_0p05,n21,1.0,0.05,2094,984,991,991,internal,6.4696812499999939e-10,4.3976850000000036e-08,0.0,0.0,1,1,1,0.99999999999999978,0.0,-2.220446049250313e-16,-2.220446049250313e-16,3.2049750428723635e+26,3.2092035353332975e+26,3.204989718062013e+26,3.2092245226631395e+26,2.840160069732617e-06,3.7868436164430448e-08,3.4413520536415877e-07,0.9584517330093125,0.003790579196444759,0.0037905974029504544,2.085951924386589e-06,0.0013184831142259272,0.0013204439569600571,1.960842734129945e-06,1.0006593864235858,1.0006603672761629,0.99934090330935976,0.99933992331920263,4.258852258109474e-07,3.2070883599035651e+26,3.2070883599035679e+26,3.2071061883922601e+26,3.2071061883922869e+26,1.7976931348623157e+308,238714911364468.69,0,-1.2822874028479219e-10,-1.2822874028479219e-10,-3.0794525477130303e-16,-3.5641491958854037e-16,-1.2822807592461782e-10,2.4015306871717358e-06,2.77952445603812e-06,0.9999948189448568,0.0
n21_vd_1_vg_0p05,n21,1.0,0.05,2106,990,996,990,drain_contact_cut,1.8448378914890347e-08,0,0.0,0.0,0.99999999999999667,1,0.999999999999998,0.99999999999999967,3.3306690738754696e-15,1.6653345369377348e-15,-1.6653345369377348e-15,3.2037093296426866e+26,3.2094844081888549e+26,3.2036666960347083e+26,3.2094950642292356e+26,5.77944563102154e-06,1.8054168286745998e-07,6.8956359133197338e-07,0.581996836561833,0.0037910484967135986,0.0037910321684555943,-1.8705346628529136e-06,0.0018009997338818409,0.0018176275656973306,1.6627831815489713e-05,1.0009007701669297,1.0009090890969974,0.99909977043304798,0.99909146153130024,3.611776612788639e-06,3.2065951354303426e+26,3.2065951354299317e+26,3.2065791144984871e+26,3.206579114498281e+26,15607259579064.459,31164658802769.988,0,0,0.0,0.0,0.0,0.0,0.0,0.0,0.0,0.0
n21_vd_1_vg_0p05,n21,1.0,0.05,2107,991,996,991,drain_contact_cut,8.1248676124068538e-11,4.3976850000000042e-08,0.0,0.0,1,1,0.99999999999999978,0.99999999999999967,0.0,-1.1102230246251565e-16,-1.1102230246251565e-16,3.2092035353332975e+26,3.2094844081888549e+26,3.2092245226631395e+26,3.2094950642292356e+26,2.840160069732617e-06,3.7868436164430448e-08,1.3665998493868331e-06,1.55736399789339,0.0037890886428617863,0.0037891047817984998,1.849794737580133e-06,8.7517217915592034e-05,8.4297674194996186e-05,-3.2195437205958475e-06,1.0000437592472298,1.0000421494292722,0.9999562420293141,0.99995785175507723,6.991250459050451e-07,3.2093439676642106e+26,3.2093439676642038e+26,3.2093597896451765e+26,3.2093597896451896e+26,1.7976931348623157e+308,489709440558652.19,0,-1.0213767989710416e-09,-1.0213767989710416e-09,-2.1751718915474188e-15,-2.5176643305226957e-15,-1.0213721061348193e-09,2.1296468587682206e-06,2.4649711380354918e-06,0.9999954053820033,2.0679515313825692e-25
n21_vd_1_vg_0p05,n21,1.0,0.05,2108,990,997,990;997,internal,8.1248676124068538e-11,3.8864649999999965e-08,0.0,0.0,0.99999999999999667,0.99999999999999667,0.999999999999998,0.999999999999998,0.0,0.0,0.0,3.2037093296426866e+26,3.2037729208440734e+26,3.2036666960347083e+26,3.2037286387473172e+26,6.002798466690609e-06,1.2712046704606754e-07,6.7131033159159272e-08,-0.2772921487091953,0.0037928985454127656,0.0037928541080224309,-5.088200022998972e-06,1.9849044883621311e-05,1.9334755973929488e-05,-5.142889096918233e-07,1.0000099245552738,1.0000096674091397,0.99999007551039021,0.99999033265316573,1.1167678241135638e-07,3.2037411250330094e+26,3.2037411250330087e+26,3.2036976671914061e+26,3.203697667191404e+26,1.7976931348623157e+308,1.7976931348623157e+308,0,0,0.0,0.0,0.0,0.0,0.0,0.0,0.0,0.0
n21_vd_1_vg_0p05,n21,1.0,0.05,2109,996,997,997,drain_contact_cut,1.8448199999999969e-08,4.0624338062034256e-11,0.0,0.0,1,0.99999999999999667,0.99999999999999967,0.999999999999998,-3.3306690738754696e-15,-1.6653345369377348e-15,1.6653345369377348e-15,3.2094844081888549e+26,3.2037729208440734e+26,3.2094950642292356e+26,3.2037286387473172e+26,6.002798466690609e-06,1.8054168286745998e-07,9.0270841433729991e-08,-0.3010299956639812,0.003791005305860688,0.0037909881354679111,-1.9670306741199908e-06,-0.0017811506889982239,-0.0017982928097234055,-1.7142120725181526e-05,0.99910968903030162,0.99910112308320942,1.0008908397192997,1.000899415892933,3.7234745522276355e-06,3.2066269690131687e+26,3.2066269690135789e+26,3.2066101232014468e+26,3.2066101232016509e+26,15632346492747.217,31364735561288.188,-7.4770585051982218e-14,-3.7384926798454108e-14,3.738565825352811e-14,2.539901448401465e-19,2.9460130906373566e-19,3.7385109662074205e-14,6.7937855505373445e-06,7.880062110072222e-06,0.9999853261523394,0.0
n21_vd_1_vg_0p05,n21,1.0,0.05,2110,990,998,990,internal,5.9281099999999972e-08,3.6410840056203397e-10,0.0,0.0,0.99999999999999667,0.99999999999999012,0.999999999999998,0.99999999999999445,-6.5503158452884236e-15,-3.552713678800501e-15,2.9976021664879227e-15,3.2037093296426866e+26,2.8849624294270093e+26,3.2036666960347083e+26,2.8850712577425765e+26,1.6382412822414464e-05,1.104958552605877e-07,1.6381382178742287e-07,0.17100455477336207,0.0039221866251627664,0.0039222231113282182,4.04000832544406e-06,-0.10479742685932922,-0.10474639729430159,5.10295650276299e-05,0.94851632748254333,0.94854095151346274,1.0533137543418729,1.0532873488077643,1.1274388885883552e-05,3.0387706076742417e+26,3.0387706076750138e+26,3.0388090561887533e+26,3.0388090561891605e+26,7872319136134.4805,14933509304219.646,-4.0894627698016589e-13,-2.1583749596334317e-13,1.9310878101682271e-13,-2.9060219136162282e-18,-3.952573090264704e-18,1.9311563961182658e-13,1.5047557589607893e-05,2.046666300904815e-05,0.9999644857794014,0.0
n21_vd_1_vg_0p05,n21,1.0,0.05,2111,997,998,997,internal,5.9281155678321322e-08,0,0.0,0.0,0.99999999999999667,0.99999999999999012,0.999999999999998,0.99999999999999445,-6.5503158452884236e-15,-3.552713678800501e-15,2.9976021664879227e-15,3.2037729208440734e+26,2.8849624294270093e+26,3.2037286387473172e+26,2.8850712577425765e+26,1.6382412822414464e-05,1.104958552605877e-07,5.9929955395572993e-08,-0.26570203332223824,0.0039221469662636538,0.0039221826793207218,3.954444628766672e-06,-0.1048172759042129,-0.10476573205027558,5.1543853937324746e-05,0.9485067495541688,0.94853162158420001,1.0533240254583818,1.0532973536344754,1.1388051566344907e-05,3.0388002394594777e+26,3.0388002394602498e+26,3.0388379208267345e+26,3.0388379208271438e+26,7872395901017.4111,14861854752892.416,0,0,0.0,0.0,0.0,0.0,0.0,0.0,0.0,0.0
n21_vd_1_vg_0p05,n21,1.0,0.05,2112,991,992,991;992,internal,6.9505500000000106e-08,3.6410840056203397e-10,0.0,0.0,1,1,0.99999999999999978,1,0.0,2.220446049250313e-16,2.220446049250313e-16,3.2092035353332975e+26,3.2289807207907474e+26,3.2092245226631395e+26,3.2289968451168136e+26,2.840160069732617e-06,0,7.6229549523522873e-07,293.88212335332605,0.0037811801447682103,0.0037811989787803813,2.163210128508623e-06,0.0061437345931401998,0.0061421884976770921,-1.546095463107744e-06,1.0030750127508206,1.0030742381201569,0.99693127815768057,0.99693204962247983,3.360740935528799e-07,3.2190718771244259e+26,3.2190718771244279e+26,3.2190904430268532e+26,3.2190904430268257e+26,1.7976931348623157e+308,233902009729791.53,0,9.8945803364747351e-15,9.894580336474735e-15,2.4642221866216594e-20,2.8533138664671924e-20,9.894527161114203e-15,2.4904767082821208e-06,2.8837138811728306e-06,0.9999946258094106,-1.5777218104420236e-30
n21_vd_1_vg_0p05,n21,1.0,0.05,2113,991,993,991,drain_contact_cut,6.9505547487933553e-08,0,0.0,0.0,1,1,0.99999999999999978,0.99999999999999967,0.0,-1.1102230246251565e-16,-1.1102230246251565e-16,3.2092035353332975e+26,3.2292607288398993e+26,3.2092245226631395e+26,3.22927144707282e+26,2.840160069732617e-06,0,2.7329016723006131e-06,294.43662400639244,0.0037812461573754996,0.0037812622475166965,1.8480269140541647e-06,0.0062304479969420646,0.0062272273792185386,-3.2206177235259356e-06,1.0031184588698983,1.00311684521759,0.99688801087295631,0.9968896178383716,7.00074273463787e-07,3.2192113045633663e+26,3.2192113045633602e+26,3.2192271787687754e+26,3.2192271787687884e+26,1.7976931348623157e+308,491215084650998.19,0,0,0.0,0.0,0.0,0.0,0.0,0.0,0.0,0.0
n21_vd_1_vg_0p05,n21,1.0,0.05,2114,992,993,992,drain_contact_cut,8.1248676124068538e-11,1.0000000000000004e-07,0.0,0.0,1,1,1,0.99999999999999967,0.0,-3.3306690738754696e-16,-3.3306690738754696e-16,3.2289807207907474e+26,3.2292607288398993e+26,3.2289968451168136e+26,3.22927144707282e+26,2.1686993376449056e-06,0,4.0993527478817332e-06,294.612715290814,0.0037734264461078242,0.0037734400014777648,1.5601236370860954e-06,8.6713403801586388e-05,8.5038881541168169e-05,-1.6745222604182188e-06,1.0000433573285019,1.0000425200434049,0.99995664392470052,0.99995748116186367,3.636230930836349e-07,3.2291207207685852e+26,3.2291207207685777e+26,3.2291341422028222e+26,3.2291341422028635e+26,1.7976931348623157e+308,156421195969492.25,0,-4.654364368935583e-09,-4.654364368935583e-09,-8.359950528551328e-15,-9.672588356078125e-15,-4.6543463363966974e-09,1.7961530009012132e-06,2.078176006295393e-06,0.9999961256709927,8.271806125530277e-25
n21_vd_1_vg_0p05,n21,1.0,0.05,2115,992,995,992;995,internal,1.3049449999999989e-07,3.6410840056203397e-10,0.0,0.0,1,1,1,0.99999999999999978,0.0,-2.220446049250313e-16,-2.220446049250313e-16,3.2289807207907474e+26,3.2311875113003079e+26,3.2289968451168136e+26,3.2311822696512079e+26,2.1686993376449056e-06,0,1.7015629388597335e-09,291.2308480177833,0.0037725048272021756,0.0037725103200375474,6.323401731097056e-07,0.00068319911065010692,0.00067658328938432133,-6.615821265785592e-06,1.0003416384520769,1.0003383297917707,0.99965843934142662,0.99966174650238637,1.4367701239554166e-06,3.2300838647659842e+26,3.2300838647659739e+26,3.2300893109470501e+26,3.2300893109470714e+26,1.7976931348623157e+308,298710614841073.81,0,-5.2760220220293263e-15,-5.276022022029326e-15,-3.840984074494482e-21,-4.447888990850366e-21,-5.2760137331562605e-15,7.280075895166785e-07,8.430383672165883e-07,0.9999984289540432,0.0
n21_vd_1_vg_0p05,n21,1.0,0.05,2117,992,994,992,drain_contact_cut,1.3049452529358212e-07,0,0.0,0.0,1,1,1,1,0.0,0.0,0.0,3.2289807207907474e+26,3.2314483017083122e+26,3.2289968451168136e+26,3.2314590268193468e+26,2.1686993376449056e-06,0,6.8322543380456538e-07,293.83456402506295,0.0037725603020529064,0.0037725738535198932,1.5600325223541255e-06,0.00076390624491835444,0.00076223160425762282,-1.6746406607316168e-06,1.0003820017518545,1.0003811642185465,0.99961809550693626,0.9996189326142888,3.6368984657152327e-07,3.2302141970827938e+26,3.2302141970827869e+26,3.2302276231759715e+26,3.2302276231759639e+26,1.7976931348623157e+308,1.7976931348623157e+308,0,0,0.0,0.0,0.0,0.0,0.0,0.0,0.0,0.0
n21_vd_1_vg_0p05,n21,1.0,0.05,2118,994,995,995,drain_contact_cut,8.1248676124068538e-11,6.5247249999999956e-08,0.0,0.0,1,1,1,0.99999999999999978,0.0,-2.220446049250313e-16,-2.220446049250313e-16,3.2314483017083122e+26,3.2311875113003079e+26,3.2314590268193468e+26,3.2311822696512079e+26,1.44141213952986e-06,0,2.7329017352182615e-06,294.4366240163909,0.003771704519343529,0.0037717072854556956,3.185050163868026e-07,-8.0707134268347036e-05,-8.5648314873400889e-05,-4.941180605053854e-06,0.9999596469756693,0.99995717645386595,1.0000403541099376,1.0000428247687396,1.07297860995058e-06,3.2313179029963701e+26,3.2313179029963674e+26,3.2313206442846318e+26,3.231320644284662e+26,1.7976931348623157e+308,214374087410613.12,0,-1.5187528151716406e-09,-1.5187528151716406e-09,-5.569148338422882e-16,-6.442162105377114e-16,-1.518751614040596e-09,3.666922150062642e-07,4.241744964040813e-07,0.9999992091332887,2.0679515313825692e-25
n21_vd_1_vg_0p05,n21,1.0,0.05,2274,997,1054,997,internal,5.9281099999999972e-08,4.0624338062034256e-11,0.0,0.0,0.99999999999999667,0.99999999999999012,0.999999999999998,0.99999999999999445,-6.5503158452884236e-15,-3.552713678800501e-15,2.9976021664879227e-15,3.2037729208440734e+26,2.8850196335285108e+26,3.2037286387473172e+26,2.88513132973959e+26,1.6813788213163544e-05,1.104958552605877e-07,5.9929955395572993e-08,-0.26570203332223824,0.0039220984207489068,0.0039221356431652253,4.121623571830278e-06,-0.1047974477311346,-0.10474491059865555,5.25371324790469e-05,0.94851631741105946,0.94854166891662284,1.053313765142194,1.0532865795152782,1.160746698740622e-05,3.0388308927002941e+26,3.0388308927010683e+26,3.0388701097533603e+26,3.0388701097537785e+26,7852477491672.8633,14535886518202.488,-4.5626873063045232e-14,-2.4081388983642732e-14,2.15454840794025e-14,-3.3078018638666906e-19,-4.4980177908803e-19,2.154626466136797e-14,1.5351533477148608e-05,2.0875334599633634e-05,0.9999637731319233,-3.1554436208840472e-30
n21_vd_1_vg_0p8,n21,1.0,0.8,2084,983,995,995,internal,1.3049610376560958e-07,0,0.0,0.0,0.99999999930159411,0.99999999998720512,0.99999999938083872,0.99999999998833478,6.856110124076054e-10,6.074960534618867e-10,-7.811495894571863e-11,3.2246710203449492e+26,3.2311875112999746e+26,3.2246838103944938e+26,3.2311822696514148e+26,1.7225437539781306e-06,0.55831417904435587,0.49688938024917823,-0.05061894250779718,0.003774082345057331,0.0037740861601070464,4.3900849283454095e-07,0.0020188108964659308,0.0020132193649526949,-5.591531513235871e-06,1.0010097450813296,1.0010069474368044,0.99899093418486373,0.99899372807185183,1.2145936102008807e-06,3.2279271160466486e+26,3.2279270304400264e+26,3.2279308974918753e+26,3.2279308216387342e+26,75413022.766973376,85110011.586114436,0,0,0.0,0.0,0.0,0.0,0.0,0.0,0.0,0.0
n21_vd_1_vg_0p8,n21,1.0,0.8,2085,982,995,995,internal,6.4696812499999939e-10,6.5247249999999943e-08,0.0,0.0,0.99999999988529142,0.99999999998720512,0.99999999989547717,0.99999999998833478,1.0191369970158348e-10,9.285761048971608e-11,-9.056089211867402e-12,3.2268269063881378e+26,3.2311875112999746e+26,3.2268315341374019e+26,3.2311822696514148e+26,7.045152545341644e-07,0.1575885635060596,0.14358150632821173,-0.04042619149353055,0.0037732332861459888,0.0037732329763691197,-3.5654935760782533e-08,0.0013504517091175014,0.0013473950049253866,-3.056704192114755e-06,1.0006753778312056,1.0006738487918998,0.99932492612208823,0.99932645378697449,6.639041074878636e-07,3.2290062337458501e+26,3.2290062210164617e+26,3.2290059306683444e+26,3.2290059190700958e+26,507330910.34242707,556809224.53545797,0.00010578721960980657,9.6386923809612394e-05,-9.400295800194179e-06,-8.299098977211216e-12,-9.470420446662e-12,-9.400278030674755e-06,8.828550881387992e-07,1.0074598340263263e-06,0.9999981096850779,0.0
n21_vd_1_vg_0p8,n21,1.0,0.8,2087,984,992,992,internal,6.9508510975309933e-08,0,0.0,0.0,0.99999999257423411,0.99999999992209621,0.99999999350852053,0.99999999993091804,7.347862096551694e-09,6.4223975027033475e-09,-9.254645938483463e-10,3.2049750427929891e+26,3.228980720788338e+26,3.2049897179806223e+26,3.2289968451161257e+26,2.1686995691787745e-06,5.5695801023949834,4.874621417255633,-0.05788156211955676,0.0037827338830361073,0.0037827495467686436,1.7983444599709948e-06,0.0074625019593859716,0.0074628809092476839,3.7894986171238543e-07,1.0037358917200101,1.003736081666271,0.99627338976062418,0.99627320075702352,8.239026500992913e-08,3.2169484825181986e+26,3.2169475681715012e+26,3.2169638213065572e+26,3.2169630221181736e+26,7036604.4647797095,8050576.0264230464,0,0,0.0,0.0,0.0,0.0,0.0,0.0,0.0,0.0
n21_vd_1_vg_0p8,n21,1.0,0.8,2088,983,992,992,internal,6.4696812499999939e-10,9.9999999999999995e-08,0.0,0.0,0.99999999930159411,0.99999999992209621,0.99999999938083872,0.99999999993091804,6.205020941507655e-10,5.500793154311623e-10,-7.042277871960323e-11,3.2246710203449492e+26,3.228980720788338e+26,3.2246838103944938e+26,3.2289968451161257e+26,2.1686995691787745e-06,0.95969334893017466,0.8507585377402106,-0.052326168846777564,0.003774938800061176,0.0037749534193863236,1.6819027493615984e-06,0.0013356092666505178,0.0013366338543063299,1.0245876558121099e-06,1.0006679532876637,1.0006684658096539,0.99933234402101323,0.99933183195534747,2.2253592743003373e-07,3.2268249499546228e+26,3.2268248725040706e+26,3.2268394012686869e+26,3.2268393326079351e+26,83326065.890497312,93993709.011267826,0.0009869256744222117,0.00087492373116069503,-0.00011200194326151667,3.605215366151402e-09,4.170399587190114e-09,-0.00011200971887647001,3.21843956831889e-05,3.722989525988212e-05,0.9999305857090569,0.0
n21_vd_1_vg_0p8,n21,1.0,0.8,2090,989,990,990,internal,5.9284630259155387e-08,0,0.0,0.0,0.99999884117264193,0.99999963942223213,0.99999899305208173,0.99999968507549575,7.982495902059128e-07,6.920234140173065e-07,-1.062261761886063e-07,2.8812718085751293e+26,3.2037093296030431e+26,2.8812965388849519e+26,3.2036666960307707e+26,5.779440790708275e-06,13.4651743142296,11.673317756814164,-0.062017672450597916,0.0039239315289130621,0.0039239214450490301,-1.1160674186602143e-06,0.1061083847949319,0.10608238504277574,-2.5999752156155576e-05,1.053992265492687,1.053978806046753,0.9478838806977552,0.94789642100397709,5.745587491011442e-06,3.0368382010203118e+26,3.036744431971736e+26,3.0368254859206032e+26,3.0367441952572042e+26,64771.720788869992,74714.234417640197,0,0,0.0,0.0,0.0,0.0,0.0,0.0,0.0,0.0
n21_vd_1_vg_0p8,n21,1.0,0.8,2091,985,990,990,internal,6.4696812499999939e-10,3.8864649999999965e-08,0.0,0.0,0.999999639379753,0.99999963942223213,0.99999968503937231,0.99999968507549575,4.2479131323602815e-11,3.612343757453118e-11,-6.355693749071634e-12,3.1997242863186438e+26,3.2037093296030431e+26,3.199727111604633e+26,3.2036666960307707e+26,5.779440790708275e-06,14.897293585831154,12.94475509026344,-0.061013538468021745,0.0037946066210210148,0.0037945863133508838,-2.324228453407369e-06,0.0012446600679675926,0.00123046919034706,-1.4190877620532533e-05,1.0006224591322042,1.0006153607663728,0.99937779906423663,0.99938489157602572,3.082145516635108e-06,3.2017159839211987e+26,3.20171597866025e+26,3.2016960981322136e+26,3.2016960936584369e+26,1217163071.6779888,1431316793.4187837,2.6190012963745401e-05,2.2271247963075604e-05,-3.918765000669798e-06,-1.2967583403731859e-10,-1.5049335295640534e-10,-3.918484831482804e-06,3.309099525364606e-05,3.8403260448300145e-05,0.999928505744298,0.0
n21_vd_1_vg_0p8,n21,1.0,0.8,2092,990,991,990;991,internal,1.8448199999999969e-08,3.6410840056203397e-10,0.0,0.0,0.99999963942223213,0.99999999916007642,0.99999968507549575,0.99999999926559702,3.597378442909971e-07,3.1419010126931823e-07,-4.5547743021678855e-08,3.2037093296030431e+26,3.2092035353069264e+26,3.2036666960307707e+26,3.2092245226539269e+26,5.779440790708275e-06,19.537501008332718,17.063772552297664,-0.05879395979149057,0.0037909803535084237,0.0037909693717623734,-1.2580699909926066e-06,0.0017273978011090804,0.0017454833055390705,1.8085504429990115e-05,1.0008639475591392,1.000872995545421,0.99913654975803001,0.99912751223988172,3.928353951383138e-06,3.2064771664585454e+26,3.2064325477378347e+26,3.2064634827854189e+26,3.20642451353844e+26,143726.88441263119,164562.78972358914,7.2908520604291204e-05,6.3676902231770419e-05,-9.231618372520785e-06,-1.9783119397211515e-10,-2.312792532426053e-10,-9.23118926207357e-06,2.1429741350767665e-05,2.505294780501766e-05,0.9999535173108443,0.0
n21_vd_1_vg_0p8,n21,1.0,0.8,2093,985,991,991,internal,1.8459540920477e-08,0,0.0,0.0,0.999999639379753,0.99999999916007642,0.99999968503937231,0.99999999926559702,3.597803234223207e-07,3.1422622470689276e-07,-4.5554098715427926e-08,3.1997242863186438e+26,3.2092035353069264e+26,3.199727111604633e+26,3.2092245226539269e+26,2.8401623917215382e-06,19.990042010188301,17.459684830077844,-0.05877730695067333,0.0037926452215229691,0.0037926574674271791,1.4022719573796005e-06,0.0029720578690766901,0.0029759524958861481,3.894626809458016e-06,1.001486765028428,1.0014887142722724,0.9985147071593512,0.99851276177638604,8.461266558343284e-07,3.2044815244881538e+26,3.2044369282717503e+26,3.2044905910230552e+26,3.2044516412756766e+26,143709.91464255654,164543.87161944425,0,0,0.0,0.0,0.0,0.0,0.0,0.0,0.0,0.0
n21_vd_1_vg_0p8,n21,1.0,0.8,2094,984,991,991,internal,6.4696812499999939e-10,4.3976850000000036e-08,0.0,0.0,0.99999999257423411,0.99999999916007642,0.99999999350852053,0.99999999926559702,6.585842315942614e-09,5.757076482204582e-09,-8.287658337380321e-10,3.2049750427929891e+26,3.2092035353069264e+26,3.2049897179806223e+26,3.2092245226539269e+26,2.8401623917215382e-06,10.946166856969313,9.5675257201951958,-0.05846242558457107,0.0037905789312171409,0.0037905971745020666,2.090165922675751e-06,0.001318737882532066,0.0013206666731546955,1.9287906226294303e-06,1.0006595138637289,1.0006604786832782,0.99934077598119664,0.99933981201012345,4.1892368428515255e-07,3.2070887682666161e+26,3.2070879512552239e+26,3.2071065453694744e+26,3.2071058311672538e+26,7850780.023765251,8980947.1139715277,0.0045973527087228546,0.0040188612022780869,-0.0005784915064447676,2.0733998030783803e-08,2.3949114434362408e-08,-0.0005785361895572327,3.583595485124254e-05,4.13928554600431e-05,0.9999227711896886,1.0842021724855044e-19
n21_vd_1_vg_0p8,n21,1.0,0.8,2106,990,996,990,drain_contact_cut,1.8448378914890347e-08,0,0.0,0.0,0.99999963942223213,1,0.99999968507549575,0.99999999999999967,3.605777678661326e-07,3.1492450391912286e-07,-4.565326394700975e-08,3.2037093296030431e+26,3.2094844081888549e+26,3.2036666960307707e+26,3.2094950642292356e+26,5.779440790708275e-06,20.19615470147296,17.640342827544711,-0.058761667625984504,0.0037910479735304521,0.0037910317181903239,-1.8621815666061459e-06,0.0018149475169346218,0.0018298093905699817,1.4861873635359929e-05,1.0009077482613264,1.0009151837121366,0.99909280074439166,0.99908537432156652,3.2281950563921434e-06,3.2066174911767852e+26,3.2065727663228594e+26,3.2065986396100928e+26,3.2065595776286856e+26,143392.08951004018,164179.02999970922,0,0,0.0,0.0,0.0,0.0,0.0,0.0,0.0,0.0
n21_vd_1_vg_0p8,n21,1.0,0.8,2107,991,996,991,drain_contact_cut,8.1248676124068538e-11,4.3976850000000042e-08,0.0,0.0,0.99999999916007642,1,0.99999999926559702,0.99999999999999967,8.39923575135515e-10,7.344026498046219e-10,-1.0552092533089308e-10,3.2092035353069264e+26,3.2094844081888549e+26,3.2092245226539269e+26,3.2094950642292356e+26,2.8401623917215382e-06,11.117400420114441,9.719226715580918,-0.05837153529515097,0.0037890883732935496,0.0037891045495643499,1.8540739772390347e-06,8.7549715825530942e-05,8.4326085030900268e-05,-3.223630794630674e-06,1.0000437754966589,1.0000421636350896,0.99995622578083332,0.99995783755005851,7.000125590162245e-07,3.2093440197855643e+26,3.2093439155149582e+26,3.2093598352256207e+26,3.2093597440542519e+26,61557980.634293228,70402799.553227812,0.0046702205496787722,0.0040835305814919546,-0.0005866899681868177,1.8685600395821945e-08,2.157784520188712e-08,-0.0005867302316324152,3.184481931617512e-05,3.677390970215413e-05,0.9999313812709817,1.0842021724855044e-19
n21_vd_1_vg_0p8,n21,1.0,0.8,2108,990,997,990;997,internal,8.1248676124068538e-11,3.8864649999999965e-08,0.0,0.0,0.99999963942223213,0.99999963942277115,0.99999968507549575,0.99999968507595094,5.390132784555135e-13,4.551914400963142e-13,-8.382183835919932e-14,3.2037093296030431e+26,3.2037729208045205e+26,3.2036666960307707e+26,3.203728638743983e+26,6.002793556990534e-06,14.908483119059964,12.954535903081849,-0.06101159892578343,0.0037928981713735883,0.0037928537879837062,-5.082017291767266e-06,1.9849065763647579e-05,1.933477377048005e-05,-5.142919931675283e-07,1.0000099245657139,1.0000096674180381,0.99999007549995045,0.99999033264426751,1.1167745194374424e-07,3.203741125026813e+26,3.2037411249600094e+26,3.203697667215976e+26,3.2036976671595621e+26,95915415930.172287,113578018200.62848,2.6463684965455467e-06,2.2350154894058067e-06,-4.1135300713974e-07,-2.856040910263599e-11,-3.310746345025866e-11,-4.11291339267187e-07,6.94304128252885e-05,8.048431122569085e-05,0.999850085275949,5.293955920339377e-23
n21_vd_1_vg_0p8,n21,1.0,0.8,2109,996,997,997,drain_contact_cut,1.8448199999999969e-08,4.0624338062034256e-11,0.0,0.0,1,0.99999963942277115,0.99999999999999967,0.99999968507595094,-3.6057722885285415e-07,-3.1492404872768276e-07,4.565318012517139e-08,3.2094844081888549e+26,3.2037729208045205e+26,3.2094950642292356e+26,3.203728638743983e+26,6.002793556990534e-06,19.545389231649203,17.070720486972032,-0.05879247216253583,0.0037910048013616244,0.0037909877013180254,-1.9589717538756285e-06,-0.0017950984511709784,-0.0018104746167995059,-1.537616562852749e-05,0.99910271930593753,0.99909503584311343,1.0008978177571084,1.0009055104599129,3.339895160855995e-06,3.2066045997914922e+26,3.2066493250225622e+26,3.2065905862344037e+26,3.2066296485370882e+26,143392.30388244137,164179.26732460959,-8.15402735999972e-06,-7.1215651763411701e-06,1.03246218365855e-06,3.4451791843101986e-11,4.0122861184955785e-11,1.0323876090055217e-06,3.336857503198945e-05,3.8861337315793644e-05,0.9999277700876523,-2.117582368135751e-22
n21_vd_1_vg_0p8,n21,1.0,0.8,2110,990,998,990,internal,5.9281099999999972e-08,3.6410840056203397e-10,0.0,0.0,0.99999963942223213,0.99999884117361881,0.99999968507549575,0.99999899305263107,-7.982486133206734e-07,-6.920228646789539e-07,1.0622574864171952e-07,3.2037093296030431e+26,2.8849624293155363e+26,3.2036666960307707e+26,2.885071257658313e+26,1.6382416918915875e-05,13.465482638804648,11.673583477879163,-0.062017730997612576,0.0039221862665365448,0.0039222228052441374,4.045826508553016e-06,-0.10482830452033716,-0.10477316596172204,5.5138558615122624e-05,0.94850142785061786,0.94852803438880129,1.0533297323709547,1.0533012003505233,1.218228071448777e-05,3.0387228735468321e+26,3.0388167035711933e+26,3.0387676740229326e+26,3.038849018788295e+26,64771.800055266031,74714.293731766302,-4.9364805081897656e-05,-4.2796598664411564e-05,6.568206417486093e-06,-4.2928163053822266e-10,-5.846988902173163e-10,6.569220398006848e-06,6.533733894504158e-05,8.899209016472682e-05,0.9998456705708902,-8.470329472543003e-22
n21_vd_1_vg_0p8,n21,1.0,0.8,2111,997,998,997,internal,5.9281155678321322e-08,0,0.0,0.0,0.99999963942277115,0.99999884117361881,0.99999968507595094,0.99999899305263107,-7.982491523339519e-07,-6.92023319870394e-07,1.0622583246355788e-07,3.2037729208045205e+26,2.8849624293155363e+26,3.203728638743983e+26,2.885071257658313e+26,1.6382416918915875e-05,13.46548734919099,11.673587521608745,-0.062017732479380444,0.003922146607645222,0.0039221823732436519,3.960262777824282e-06,-0.10484815358610086,-0.10479250073549257,5.565285060829539e-05,0.94849185001420433,0.94851870453711717,1.0533400036003053,1.0533112052726099,1.229594752436393e-05,3.0387525046792905e+26,3.0388463356819727e+26,3.0387965381099049e+26,3.038877883701442e+26,64771.75631329562,74714.244582437314,0,0,0.0,0.0,0.0,0.0,0.0,0.0,0.0,0.0
n21_vd_1_vg_0p8,n21,1.0,0.8,2112,991,992,991;992,internal,6.9505500000000106e-08,3.6410840056203397e-10,0.0,0.0,0.99999999916007642,0.99999999992209621,0.99999999926559702,0.99999999993091804,7.6201978060908e-10,6.653210204987658e-10,-9.66987601103142e-11,3.2092035353069264e+26,3.228980720788338e+26,3.2092245226539269e+26,3.2289968451161257e+26,2.8401623917215382e-06,9.1507788378607753,8.0005875619582412,-0.05833617647311498,0.0037811799285036737,0.0037811987924526733,2.16664868546462e-06,0.0061437640768538665,0.0061422142360929499,-1.5498407609166112e-06,1.0030750275228675,1.0030742510157131,0.99693126344601368,0.99693203677962039,3.3688820893143264e-07,3.2190719245044792e+26,3.2190718296183382e+26,3.2190904844023471e+26,3.2190904015565875e+26,67851255.076638848,77712859.648842394,4.1046352268132391e-08,3.5838039582633911e-08,-5.20831268549848e-09,1.9178405830440005e-13,2.2171385062824506e-13,-5.208726183407412e-09,3.681683925510256e-05,4.256246984957374e-05,0.9999206206908954,0.0
n21_vd_1_vg_0p8,n21,1.0,0.8,2113,991,993,991,drain_contact_cut,6.9505547487933553e-08,0,0.0,0.0,0.99999999916007642,1,0.99999999926559702,0.99999999999999967,8.39923575135515e-10,7.344026498046219e-10,-1.0552092533089308e-10,3.2092035353069264e+26,3.2292607288398993e+26,3.2092245226539269e+26,3.22927144707282e+26,2.8401623917215382e-06,5.6482631206878491,4.9446015236188225,-0.05778362149636222,0.0037812460307166873,0.0037812621382393974,1.8500233186676243e-06,0.006230480494852004,0.0062272557900544421,-3.224704797561914e-06,1.0031184751525994,1.0031168594524948,0.99688799465774758,0.99688960366244017,7.009626950644665e-07,3.2192113567914152e+26,3.2192112522002232e+26,3.2192272244425386e+26,3.2192271329908582e+26,61557981.242903382,70402799.950761244,0,0,0.0,0.0,0.0,0.0,0.0,0.0,0.0,0.0
n21_vd_1_vg_0p8,n21,1.0,0.8,2114,992,993,992,drain_contact_cut,8.1248676124068538e-11,1.0000000000000004e-07,0.0,0.0,0.99999999992209621,1,0.99999999993091804,0.99999999999999967,7.790379452643492e-11,6.908162930585604e-11,-8.822165220578881e-12,3.228980720788338e+26,3.2292607288398993e+26,3.2289968451161257e+26,3.22927144707282e+26,2.1686995691787745e-06,0.95883912574304853,0.8502557991135653,-0.052196144559366046,0.0037734264284635445,0.0037734399860358558,1.5603771206433428e-06,8.6716417997858577e-05,8.5041553961214453e-05,-1.674864036644124e-06,1.0000433588356437,1.0000425213796527,0.9999566424176457,0.99995747982569161,3.636973101705659e-07,3.2291207256327072e+26,3.2291207159019049e+26,3.2291341465168743e+26,3.2291341378880012e+26,663690539.54426384,748448659.43727946,0.00098696427520750425,0.00087520201798861011,-0.00011176225721889414,3.345290299691198e-09,3.86992299792399e-09,-0.00011176947243219174,2.9928336311960792e-05,3.462191517248952e-05,0.9999354497485156,1.3552527156068805e-20
n21_vd_1_vg_0p8,n21,1.0,0.8,2115,992,995,992;995,internal,1.3049449999999989e-07,3.6410840056203397e-10,0.0,0.0,0.99999999992209621,0.99999999998720512,0.99999999993091804,0.99999999998833478,6.510891825683984e-11,5.7416738030724446e-11,-7.692180226115397e-12,3.228980720788338e+26,3.2311875112999746e+26,3.2289968451161257e+26,3.2311822696514148e+26,2.1686995691787745e-06,0.8696545776887743,0.77139751552673252,-0.052068551558770125,0.0037725048113763024,0.003772510306182926,6.325671078654964e-07,0.00068320162981539844,0.00067658551064635046,-6.616119169047981e-06,1.0003416397119465,1.0003383309026523,0.99965843808213073,0.99966174539200614,1.4368348208568378e-06,3.2300838688316689e+26,3.2300838606966202e+26,3.2300893145333952e+26,3.2300893073594371e+26,794115447.66735303,900504119.47915733,1.8700853978869782e-09,1.6491525774789429e-09,-2.209328204080353e-10,2.5629549335412115e-15,2.966857471503096e-15,-2.2093835022044033e-10,1.16000268174896e-05,1.3428104327044698e-05,0.9999749718688554,2.5849394142282115e-26
n21_vd_1_vg_0p8,n21,1.0,0.8,2117,992,994,992,drain_contact_cut,1.3049452529358212e-07,0,0.0,0.0,0.99999999992209621,1,0.99999999993091804,1,7.790379452643492e-11,6.908196237276343e-11,-8.821832153671494e-12,3.228980720788338e+26,3.2314483017083122e+26,3.2289968451161257e+26,3.2314590268193468e+26,2.1686995691787745e-06,0.55815481668221367,0.49691186006650906,-0.0504753144913179,0.0037725602923742957,0.0037725738450123873,1.5601673426606914e-06,0.00076390925911462657,0.00076223427667766893,-1.6749824369576439e-06,1.0003820032593365,1.0003811655550963,0.99961809400022184,0.99961893127841828,3.637640719516522e-07,3.2302142019480139e+26,3.2302141922139172e+26,3.2302276274909987e+26,3.2302276188591528e+26,663690583.47736669,748444261.64257348,0,0,0.0,0.0,0.0,0.0,0.0,0.0,0.0,0.0
n21_vd_1_vg_0p8,n21,1.0,0.8,2118,994,995,995,drain_contact_cut,8.1248676124068538e-11,6.5247249999999956e-08,0.0,0.0,1,0.99999999998720512,1,0.99999999998833478,-1.2794876269595079e-11,-1.1665224342038982e-11,1.1296519275560968e-12,3.2314483017083122e+26,3.2311875112999746e+26,3.2314590268193468e+26,3.2311822696514148e+26,1.44141213952986e-06,0.15747875656241761,0.14357500547559818,-0.040143135466854156,0.0037717045169658706,0.0037717072833099545,3.185317208127192e-07,-8.0707629299327639e-05,-8.564876603141803e-05,-4.941136732090391e-06,0.9999596467281604,0.9999571762282935,1.0000403543574596,1.0000428249943252,1.0729690829502693e-06,3.2313179021965586e+26,3.231317903795825e+26,3.231320643555703e+26,3.2313206450137757e+26,4040999954.1610246,4432316357.1040688,-0.00010578855994454277,-9.6448397472608072e-05,9.340162471934698e-06,-7.41649858140276e-11,-8.578382789225996e-11,9.340322420748403e-06,7.940166565241802e-06,9.184089696673939e-06,0.999982875743738,-1.6940658945086007e-21
n21_vd_1_vg_0p8,n21,1.0,0.8,2274,997,1054,997,internal,5.9281099999999972e-08,4.0624338062034256e-11,0.0,0.0,0.99999963942277115,0.99999884117363091,0.99999968507595094,0.99999899305263829,-7.982491402325209e-07,-6.920233126539443e-07,1.0622582757857657e-07,3.2037729208045205e+26,2.8850196334166667e+26,3.203728638743983e+26,2.8851313296553035e+26,1.681379236202184e-05,13.465491367085852,11.67359095350753,-0.06201773438867105,0.0039220980621397002,0.0039221353370959494,4.127441647481538e-06,-0.10482832541267899,-0.10477167928359769,5.664612908129474e-05,0.94850141776933128,0.94852875177688067,1.0533297431820101,1.0533004310604785,1.2515360945110317e-05,3.0387831575940793e+26,3.0388769895418345e+26,3.0388287267396755e+26,3.0389100731920227e+26,64771.757301601981,74714.245361115667,-5.5077238956315662e-06,-4.7748988294928831e-06,7.328250661386831e-07,-4.88619525266317e-11,-6.653494617097181e-11,7.329404630373807e-07,6.665515576247138e-05,9.076381461130888e-05,0.9998425810296263,0.0
n21_vd_1_vg_2p5,n21,1.0,2.5,2084,983,995,995,internal,1.3049610376560958e-07,0,0.0,0.0,0.99999822126414695,0.99999996742495978,0.99999820568954001,0.99999996621122422,1.746160812832187e-06,1.7605216842131455e-06,1.4360871380958429e-08,3.2246710010747785e+26,3.2311875104069973e+26,3.2246837888737451e+26,3.2311822701913856e+26,1.722240660596456e-06,1421.8702740761817,1439.8747007046907,0.005464726153129312,0.003774024336049839,0.0037740273342431099,3.4501586639868786e-07,0.0020863345913290044,0.0020813027261158542,-5.031865213150216e-06,1.0010435300283071,1.0010410123481184,0.99895719543697814,0.99895970962200265,1.093035130591459e-06,3.2280360420958116e+26,3.2278180133271657e+26,3.2280407245167397e+26,3.2278209023661492e+26,29610.101894014071,29368.567314765281,0,0,0.0,0.0,0.0,0.0,0.0,0.0,0.0,0.0
n21_vd_1_vg_2p5,n21,1.0,2.5,2085,982,995,995,internal,6.4696812499999939e-10,6.5247249999999943e-08,0.0,0.0,0.99999970796001869,0.99999996742495978,0.99999969723355742,0.99999996621122422,2.594649410880834e-07,2.6897766680633595e-07,9.512725718252568e-09,3.2268269033312412e+26,3.2311875104069973e+26,3.2268315325083318e+26,3.2311822701913856e+26,7.04322656040036e-07,401.20927565973574,415.90812156800422,0.015626436022432733,0.0037732190334890015,0.0037732181446871152,-1.0230039567520685e-07,0.0013604849899292238,0.0013577966056899657,-2.688384239258072e-06,1.0006803967382438,1.000679051937142,0.99931991174831458,0.99932125533145222,5.839074590162485e-07,3.2290224258311455e+26,3.2289900177421772e+26,3.2290227187113124e+26,3.2289891224523865e+26,199271.6216571207,192224.13588966749,0.26932564222266081,0.27919979759651165,0.009874155373850835,-6.460405541086622e-08,-2.5583663548767177e-08,0.009874245561569794,6.54262292180207e-06,2.590925020005519e-06,0.9999908664520581,0.0
n21_vd_1_vg_2p5,n21,1.0,2.5,2087,984,992,992,internal,6.9508510975309933e-08,0,0.0,0.0,0.99998106329281156,0.99999980159045398,0.99998115814821642,0.99999979979981124,1.8738297642428847e-05,1.8641651594819564e-05,-9.664604760928341e-08,3.2049748400829043e+26,3.2289807146627437e+26,3.2049894830109537e+26,3.2289968433755926e+26,2.169289356433494e-06,14201.584975269612,14146.814894137964,-0.001678145765878978,0.0037819858598084084,0.0037820046837739102,2.161595601643409e-06,0.0081871087980887568,0.0081837965336525927,-3.3122644361640446e-06,1.0040991401220103,1.0040974794710718,0.99591203132392159,0.99591368293741922,7.202303124370457e-07,3.2181124810399218e+26,3.2157807426455409e+26,3.2181218616225914e+26,3.2158021384794881e+26,2759.2688953401362,2773.5740875928541,0,0,0.0,0.0,0.0,0.0,0.0,0.0,0.0,0.0
n21_vd_1_vg_2p5,n21,1.0,2.5,2088,983,992,992,internal,6.4696812499999939e-10,9.9999999999999995e-08,0.0,0.0,0.99999822126414695,0.99999980159045398,0.99999820568954001,0.99999979979981124,1.5803263070379714e-06,1.5941102712302424e-06,1.3783964192271014e-08,3.2246710010747785e+26,3.2289807146627437e+26,3.2246837888737451e+26,3.2289968433755926e+26,2.169289356433494e-06,2444.2001746651513,2465.4731478850126,0.0037635060795322656,0.0037748329732047226,0.0037748465685720376,1.5641440068232503e-06,0.0013967190942410239,0.001398281649443439,1.5625552024151664e-06,1.0006985221158009,1.0006993037573473,0.99930180302155991,0.99930102210790384,3.393835808046968e-07,3.2269235050852117e+26,3.2267262500843253e+26,3.2269388223635611e+26,3.2267398459684254e+26,32717.293483898582,32434.393355625256,2.5134822095548337,2.5354258613406553,0.021943651785821583,9.092009592833367e-06,1.1309832255686676e-05,0.021923249943973058,0.0004143343907192318,0.0005154033779826146,0.9990702622312981,-3.469446951953614e-18
n21_vd_1_vg_2p5,n21,1.0,2.5,2090,989,990,990,internal,5.9284630259155387e-08,0,0.0,0.0,0.99703552518745608,0.99907962366632097,0.99706699061610893,0.99908500579391979,0.0020440984788648864,0.0020180151778108613,-2.608330105402512e-05,2.8812715409555817e+26,3.2037092264061946e+26,2.881296278947343e+26,3.2036666822851697e+26,5.767314814082005e-06,34480.6527959257,34040.694730596406,-0.00557706445374311,0.0039217711529525856,0.0039217916158208795,2.2660393103956856e-06,0.18514682726031434,0.18411601464176469,-0.001030812618549648,1.0954283952179951,1.0948813048420116,0.91028156795768067,0.91076529020024699,0.00023072213075712544,3.1562266602962527e+26,2.916277457893519e+26,3.1546774295302994e+26,2.917788415596315e+26,25.307456984156243,25.634223150672856,0,0,0.0,0.0,0.0,0.0,0.0,0.0,0.0,0.0
n21_vd_1_vg_2p5,n21,1.0,2.5,2091,985,990,990,internal,6.4696812499999939e-10,3.8864649999999965e-08,0.0,0.0,0.99907951589266453,0.99907962366632097,0.99908490158189234,0.99908500579391979,1.0777365644365489e-07,1.0421202745192204e-07,-3.561628991732846e-09,3.1997241709456099e+26,3.2037092264061946e+26,3.1997270424046731e+26,3.2036666822851697e+26,5.767314814082005e-06,38109.868354880899,37705.217696124899,-0.004635995977407815,0.0037923575985076619,0.0037923637858356574,7.085619286875799e-07,0.0012488311414719901,0.0012345162304830885,-1.4314910988901582e-05,1.0006245455356675,1.0006173851177653,0.99937571439419548,0.99938286888728201,3.109086704396044e-06,3.201722544391941e+26,3.2017091968509664e+26,3.2017025062615655e+26,3.2016895999007537e+26,479746.17596270685,496142.34404213092,0.06640722905453765,0.064212356377477062,-0.0021948726770605886,1.0655450094719057e-07,-4.0424679478614123e-07,-0.0021945749847667494,4.854229462180915e-05,0.00018415990725869263,0.9997672977981195,4.336808689942018e-19
n21_vd_1_vg_2p5,n21,1.0,2.5,2092,990,991,990;991,internal,1.8448199999999969e-08,3.6410840056203397e-10,0.0,0.0,0.99907962366632097,0.99999785805192365,0.99908500579391979,0.99999786826207471,0.0009182343856026787,0.000912862468154918,-5.371917447760666e-06,3.2037092264061946e+26,3.2092034681738381e+26,3.2036666822851697e+26,3.2092245016242841e+26,5.767314814082005e-06,49869.440478182529,49577.638964077974,-0.0025486550595116373,0.0037879566055396023,0.0037879652423391821,9.902199294817488e-07,0.037232385704603209,0.037044424474790019,-0.0001879612298131897,1.0187317110621463,1.0186365670706778,0.98149932535754325,0.98159214259588778,4.106789227771114e-05,3.2637201819623676e+26,3.1498310389477098e+26,3.2633720312816728e+26,3.1501495546206017e+26,56.313982625057022,56.645303786287769,0.18595033209372094,0.18486226678247619,-0.0010880653112447514,4.2273853430770575e-07,-6.293368925528823e-07,-0.001087858712886506,0.00038822145840109915,0.0005779508287613473,0.9990338277128376,2.168404344971009e-19
n21_vd_1_vg_2p5,n21,1.0,2.5,2093,985,991,991,internal,1.8459540920477e-08,0,0.0,0.0,0.99907951589266453,0.99999785805192365,0.99908490158189234,0.99999786826207471,0.0009183421592591223,0.0009129666801823699,-5.3754790767523986e-06,3.1997241709456099e+26,3.2092034681738381e+26,3.1997270424046731e+26,3.2092245016242841e+26,2.8464014886377733e-06,51021.940963720721,50725.128933025633,-0.0025338163128334422,0.0037895410731710009,0.0037895732785231872,3.690828794322431e-06,0.038481216846075215,0.038278940705273129,-0.0002022761408020865,1.0193640057151123,1.0192615738125372,0.98088278886903724,0.98098263310726397,4.42046648698514e-05,3.2616836480785837e+26,3.1478524479105407e+26,3.261358821011922e+26,3.1481935018357372e+26,56.307375188235511,56.638839261954068,0,0,0.0,0.0,0.0,0.0,0.0,0.0,0.0,0.0
n21_vd_1_vg_2p5,n21,1.0,2.5,2094,984,991,991,internal,6.4696812499999939e-10,4.3976850000000036e-08,0.0,0.0,0.99998106329281156,0.99999785805192365,0.99998115814821642,0.99999786826207471,1.679475911209316e-05,1.6710113858287023e-05,-8.464525380613708e-08,3.2049748400829043e+26,3.2092034681738381e+26,3.2049894830109537e+26,3.2092245016242841e+26,2.8464014886377733e-06,27917.734675283042,27773.896484254918,-0.002243362970397047,0.0037889895327321839,0.0037890168059843124,3.1260525192594786e-06,0.0019681757486334599,0.0019668868039295741,-1.2889447038857624e-06,1.0009844106839441,1.0009837657889187,0.99901623493531055,0.99901687898498948,2.799825685669796e-07,3.2081298515572545e+26,3.2060463659163687e+26,3.2081424420181846e+26,3.2060694455748507e+26,3078.5795167503215,3094.174091914178,11.718933469276728,11.660019051184033,-0.058914418092694376,8.414087384996567e-05,6.501074498318123e-05,-0.05906356971152752,0.0014209931913199093,0.0010979185472741934,0.9974810882614059,0.0
n21_vd_1_vg_2p5,n21,1.0,2.5,2106,990,996,990,drain_contact_cut,1.8448378914890347e-08,0,0.0,0.0,0.99907962366632097,1,0.99908500579391979,0.99999999999999967,0.0009203763336790294,0.0009149942060798777,-5.382127599151687e-06,3.2037092264061946e+26,3.2094844081888549e+26,3.2036666822851697e+26,3.2094950642292356e+26,5.767314814082005e-06,51547.723207134972,51249.800479298574,-0.0025173088678600753,0.0037879111884059208,0.0037879150184218988,4.391216902997614e-07,0.037402778100551849,0.037211188009335483,-0.00019159009121636622,1.01881796698296,1.0187209807179027,0.98141518888240842,0.98150979270856731,4.186193571822806e-05,3.2639965208517106e+26,3.1498367466778097e+26,3.2636424644708181e+26,3.1501508351908069e+26,56.182953355874844,56.513359975097806,0,0,0.0,0.0,0.0,0.0,0.0,0.0,0.0,0.0
n21_vd_1_vg_2p5,n21,1.0,2.5,2107,991,996,991,drain_contact_cut,8.1248676124068538e-11,4.3976850000000042e-08,0.0,0.0,0.99999785805192365,1,0.99999786826207471,0.99999999999999967,2.141948076350708e-06,2.131737924959687e-06,-1.0210151391021327e-08,3.2092034681738381e+26,3.2094844081888549e+26,3.2092245016242841e+26,3.2094950642292356e+26,2.8464014886377733e-06,28354.785240460173,28215.461854746325,-0.002139198715237531,0.0037874728146283293,0.0037874977608786256,2.860478133845033e-06,0.0001703923959486322,0.00016676353454544911,-3.6288614031830904e-06,1.0000851986174384,1.0000833840847791,0.99991480622148976,0.99991662055023356,7.88019381271411e-07,3.2094768878724049e+26,3.2092109800850515e+26,3.2094920998722033e+26,3.2092274582967519e+26,24138.773564496634,24254.388401450011,11.904779147781195,11.848168461775892,-0.05661068600530328,7.822432806392499e-05,5.8636198590811255e-05,-0.056747546531958015,0.001375145353687592,0.0010307956366740975,0.9975940590096383,0.0
n21_vd_1_vg_2p5,n21,1.0,2.5,2108,990,997,990;997,internal,8.1248676124068538e-11,3.8864649999999965e-08,0.0,0.0,0.99907962366632097,0.99907962503368608,0.99908500579391979,0.99908500710692438,1.367365110027663e-09,1.3130045939391266e-09,-5.4360516088536315e-11,3.2037092264061946e+26,3.2037728179681326e+26,3.2036666822851697e+26,3.2037286267665836e+26,5.990476989243969e-06,38138.448964691714,37733.662339596522,-0.004634068106476293,0.003790649425783086,0.0037906315757214376,-2.0450853289887782e-06,1.9902050105774598e-05,1.9386097450509807e-05,-5.159526552647915e-07,1.0000099510580607,1.0000096930800435,0.99999004900795474,0.99999030698259328,1.1203806239628053e-07,3.2037411067027164e+26,3.2037409372503061e+26,3.2036977356827541e+26,3.2036975729692375e+26,37812870.556114428,39378383.933182329,0.0067101581185967669,0.0064432736821830802,-0.00026688443641368666,-3.096963899608743e-08,-8.902673372286618e-08,-0.0002667644400409677,0.00011604138260082973,0.00033357783960421536,0.9995503807777949,0.0
n21_vd_1_vg_2p5,n21,1.0,2.5,2109,996,997,997,drain_contact_cut,1.8448199999999969e-08,4.0624338062034256e-11,0.0,0.0,1,0.99907962503368608,0.99999999999999967,0.99908500710692438,-0.0009203749663139194,-0.0009149928930752838,5.3820732386355985e-06,3.2094844081888549e+26,3.2037728179681326e+26,3.2094950642292356e+26,3.2037286267665836e+26,5.990476989243969e-06,49889.692147740359,49597.952192864243,-0.002547078414956051,0.0037879797111065728,0.0037879822140320552,2.8696203496777505e-07,-0.03738287605044608,-0.037191801911884981,0.0001910741385610995,0.98142501588092201,0.98151936556420294,1.0188078919313681,1.0187111674760878,4.174906557424345e-05,3.149868286276318e+26,3.2640290309011313e+26,3.1501815592237197e+26,3.2636741296499494e+26,56.183036807061534,56.513441054211242,-0.020796472393305999,-0.020674765875209691,0.00012170651809630811,-1.3701153591301935e-08,1.090452212612151e-07,0.00012161117402863819,0.00011255000698153032,0.0008957669390731972,0.9989916830539453,-1.3552527156068805e-20
n21_vd_1_vg_2p5,n21,1.0,2.5,2110,990,998,990,internal,5.9281099999999972e-08,3.6410840056203397e-10,0.0,0.0,0.99907962366632097,0.99703552398014483,0.99908500579391979,0.99706698779588543,-0.0020440996861761374,-0.0020180179980343604,2.6081688141776915e-05,3.2037092264061946e+26,2.8849621229324249e+26,3.2036666822851697e+26,2.8850709938145265e+26,1.638882217335797e-05,34481.473626799496,34041.50735671843,-0.005577035510246282,0.0039200278413038638,0.0039200948646404615,7.4253596111928205e-06,-0.18386680704199176,-0.18280690590897,0.0010599011330217623,0.91088226060353494,0.91137986092277845,1.0947490676455267,1.0941867668317484,0.000237183307120617,2.9182019024652768e+26,3.1583095942729318e+26,2.9197572953439972e+26,3.1568065028019754e+26,25.307442052318638,25.634187362651954,-0.12625326180183202,-0.1246471827988703,0.0016060790029617245,-2.144888196602135e-06,-2.7358289545337255e-06,0.00161095972011286,0.0013274133677666487,0.0016931306405266956,0.9969794559917067,-2.168404344971009e-19
n21_vd_1_vg_2p5,n21,1.0,2.5,2111,997,998,997,internal,5.9281155678321322e-08,0,0.0,0.0,0.99907962503368608,0.99703552398014483,0.99908500710692438,0.99706698779588543,-0.0020441010535412474,-0.0020180193110389544,2.6081742502293004e-05,3.2037728179681326e+26,2.8849621229324249e+26,3.2037286267665836e+26,2.8850709938145265e+26,1.638882217335797e-05,34481.486291821617,34041.519569909848,-0.005577039212956686,0.0039199882273774156,0.0039200544783108233,7.339861753493042e-06,-0.18388670909209762,-0.18282629200642059,0.001060417085677029,0.91087291881265897,0.91137075790017952,1.0947596279047567,1.0941970499066,0.00023729951897006945,2.9182298979152902e+26,3.1583400602208179e+26,2.9197845866827624e+26,3.1568361702029576e+26,25.307425140981668,25.634170700943798,0,0,0.0,0.0,0.0,0.0,0.0,0.0,0.0,0.0
n21_vd_1_vg_2p5,n21,1.0,2.5,2112,991,992,991;992,internal,6.9505500000000106e-08,3.6410840056203397e-10,0.0,0.0,0.99999785805192365,0.99999980159045398,0.99999786826207471,0.99999979979981124,1.9435385303356867e-06,1.9315377365325404e-06,-1.2000793803146337e-08,3.2092034681738381e+26,3.2289807146627437e+26,3.2092245016242841e+26,3.2289968433755926e+26,2.8464014886377733e-06,23335.332049491692,23221.55452825734,-0.0021226955511717766,0.0037798839169789484,0.0037799097674673554,2.9701139841056462e-06,0.0062189330494552587,0.0062169097297229805,-2.0233197322782823e-06,1.0031126894500064,1.0031116756933356,0.99689375640055111,0.99689476596361271,4.3981361297550296e-07,3.2191927219521467e+26,3.2189507139850789e+26,3.219210567500445e+26,3.2189700524741557e+26,26603.022677088313,26768.309320643668,0.00010465321884448492,0.0001040083271945596,-6.448916499253243e-07,7.135119278836248e-10,6.025700041383004e-10,-6.462077318573461e-07,0.0011019083973268695,0.0009305758202343263,0.9979675157824388,0.0
n21_vd_1_vg_2p5,n21,1.0,2.5,2113,991,993,991,drain_contact_cut,6.9505547487933553e-08,0,0.0,0.0,0.99999785805192365,1,0.99999786826207471,0.99999999999999967,2.141948076350708e-06,2.131737924959687e-06,-1.0210151391021327e-08,3.2092034681738381e+26,3.2292607288398993e+26,3.2092245016242841e+26,3.22927144707282e+26,2.8464014886377733e-06,14402.442210378356,14350.628943848054,-0.001565206024740026,0.0037804869718264075,0.0037805061060981276,2.1980997833607017e-06,0.0063133231749751047,0.0063096932395689913,-3.629935406113463e-06,1.0031599830894071,1.0031581643033143,0.996846659914432,0.99684847106374552,7.890596114749492e-07,3.2193444968637339e+26,3.2190777715368976e+26,3.2193597598866353e+26,3.2190943046643495e+26,24138.773564440988,24254.388401581396,0,0,0.0,0.0,0.0,0.0,0.0,0.0,0.0,0.0
n21_vd_1_vg_2p5,n21,1.0,2.5,2114,992,993,992,drain_contact_cut,8.1248676124068538e-11,1.0000000000000004e-07,0.0,0.0,0.99999980159045398,1,0.99999979979981124,0.99999999999999967,1.9840954601502148e-07,2.0020018842714649e-07,1.7906424121250097e-09,3.2289807146627437e+26,3.2292607288398993e+26,3.2289968433755926e+26,3.22927144707282e+26,2.169289356433494e-06,2442.0227681031092,2464.0613941967181,0.0039018156903491154,0.0037733208051781517,0.0037733333041979826,1.4385859648860322e-06,9.4390125519567378e-05,9.2783509845732591e-05,-1.6066156738347878e-06,1.0000471958052177,1.0000463924723213,0.99995280567969802,0.99995360896247543,3.488776025287771e-07,3.2291331090076047e+26,3.229108326074724e+26,3.2291466445222747e+26,3.2291216378199417e+26,260592.29818014585,258261.49311120046,2.5135821004139589,2.5362860762718555,0.02270397585789663,8.363759727088766e-06,1.049626575551817e-05,0.022685115832414022,0.00036838304354432186,0.0004623095893518351,0.9991693073671037,0.0
n21_vd_1_vg_2p5,n21,1.0,2.5,2115,992,995,992;995,internal,1.3049449999999989e-07,3.6410840056203397e-10,0.0,0.0,0.99999980159045398,0.99999996742495978,0.99999979979981124,0.99999996621122422,1.6583450579421566e-07,1.6641141298290307e-07,5.769071886874144e-10,3.2289807146627437e+26,3.2311875104069973e+26,3.2289968433755926e+26,3.2311822701913856e+26,2.169289356433494e-06,2214.8645983717911,2235.4597001505917,0.0040196634263831195,0.0037724100750972955,0.0037724145930492967,5.201238491041448e-07,0.00068961549708796593,0.00068302107667240076,-6.594420415565166e-06,1.0003448473793384,1.0003415494148185,0.99965523188225014,0.99965852833814595,1.4321239955847066e-06,3.2300942202001291e+26,3.2300734999709381e+26,3.2300997053578982e+26,3.2300789130118302e+26,311780.70765820314,310699.84104549803,4.7630471369629603e-06,4.7796306737523344e-06,1.6583536789374113e-08,5.714295827008467e-12,8.049164779258813e-12,1.6569773328767844e-08,0.00034457642537808326,0.0004853708157367438,0.9991700527588853,-3.308722450212111e-24
n21_vd_1_vg_2p5,n21,1.0,2.5,2117,992,994,992,drain_contact_cut,1.3049452529358212e-07,0,0.0,0.0,0.99999980159045398,1,0.99999979979981124,1,1.9840954601502148e-07,2.002001887602134e-07,1.7906427451919171e-09,3.2289807146627437e+26,3.2314483017083122e+26,3.2289968433755926e+26,3.2314590268193468e+26,2.169289356433494e-06,1421.4669107986851,1439.9556910128429,0.005612374044817915,0.0037725023580119955,0.0037725150748976915,1.4639789328495661e-06,0.00077158296663633547,0.00076997623256218708,-1.606734074148389e-06,1.0003858410950071,1.0003850375215639,0.9996142581283709,0.99961506128900179,3.4894269178392737e-07,3.2302265881174459e+26,3.2302017967923387e+26,3.2302401283173033e+26,3.2302151131469194e+26,260592.29819241061,258261.49261250725,0,0,0.0,0.0,0.0,0.0,0.0,0.0,0.0,0.0
n21_vd_1_vg_2p5,n21,1.0,2.5,2118,994,995,995,drain_contact_cut,8.1248676124068538e-11,6.5247249999999956e-08,0.0,0.0,1,0.99999996742495978,1,0.99999996621122422,-3.257504022080582e-08,-3.378877577731032e-08,-1.2137355565045027e-09,3.2314483017083122e+26,3.2311875104069973e+26,3.2314590268193468e+26,3.2311822701913856e+26,1.44141213952986e-06,400.93211867501503,415.8705870404691,0.015887356460562035,0.0037716902889349292,0.0037716924665781239,2.507465029278597e-07,-8.1967469548468964e-05,-8.695515588988589e-05,-4.987686341416926e-06,0.99995901682511457,0.99995652305215488,1.0000409842946631,1.0000434782080447,1.083077573939827e-06,3.2313158666974304e+26,3.2313199383480366e+26,3.2313185328437734e+26,3.2313227562063594e+26,1587227.4983148635,1530212.279404368,-0.26933040488280108,-0.27936596796131369,-0.01003556307851261,-1.5839908204529074e-07,-2.32803782057589e-07,-0.010035171875648508,1.5783776237174264e-05,2.3197879405097945e-05,0.9999610183443577,0.0
n21_vd_1_vg_2p5,n21,1.0,2.5,2274,997,1054,997,internal,5.9281099999999972e-08,4.0624338062034256e-11,0.0,0.0,0.99907962503368608,0.99703552396486028,0.99908500710692438,0.9970669877611712,-0.002044101068825799,-0.002018019345753186,2.6081723072612917e-05,3.2037728179681326e+26,2.8850193258027805e+26,3.2037286267665836e+26,2.8851310656750992e+26,1.682036226794311e-05,34481.496950229004,34041.530030855312,-0.005577039997125541,0.0039199397373984139,0.0039200074958000344,7.506963772017647e-06,-0.18386688193488282,-0.18280547194299163,0.0010614099918911934,0.91088222544955966,0.91138053426473453,1.0947491073844422,1.0941860062077262,0.00023752093155042078,2.9182597142656191e+26,3.1583723317094591e+26,2.9198159075017534e+26,3.1568700381368781e+26,25.307424951945055,25.634170260428451,-0.014086313637548368,-0.013907126535290233,0.00017918710225813504,-2.4193925043097575e-07,-3.0892096545964465e-07,0.00017973796247402565,0.0013419536875399856,0.0017134781893327151,0.9969445681231274,0.0
