edge_id,node0,node1,x_mid_um,y_mid_um,zone,vela_mobility_response_dex,sentaurus_mobility_response_dex,vela_drive_response_dex,sentaurus_drive_response_dex,vela_line_current_response_dex,sentaurus_projected_line_current_response_dex,vela_line_current_full_A_per_m,sentaurus_projected_line_current_full_A_per_m,active_current_edge
0,0,2,0.6309906000000001,-0.012296135000000001,other,-0.0025908966499981687,-0.0028976692782708515,-0.014245635774020096,-0.014632603464007556,-0.01118760273807351,-0.012028491825174684,2.7001183531186442e-14,2.875206453306629e-14,False
1,2,3,0.5686505500000001,-0.024592270000000003,other,-0.0030102511841557525,-0.0032137803442171056,-0.014889554817567072,-0.014987404989317353,-0.017446662688553553,-0.017348494447796976,4.784597849495721e-15,4.756316431443754e-15,False
2,0,3,0.5686505500000001,-0.012296135000000001,other,-0.003188002350995479,-0.003479630531227376,-0.014696450174448455,-0.015036492609527491,nan,nan,0.0,0.0,False
3,3,64,0.5063105,-0.012296135000000001,other,-0.0037861827317610393,-0.004251870132941412,-0.014944733713332187,-0.015314247760688229,-0.012296803605657877,-0.012959659033618332,3.480734414898839e-14,3.65341993235741e-14,False
4,0,64,0.5686505500000001,0.0,other,-0.003936661906570356,-0.003934969503897933,-0.014168780483971199,-0.015072082637288438,-0.01772261352048575,-0.017296691848459615,5.661969975539495e-15,5.6586812639408434e-15,False
5,1,2,0.7115058500000001,-0.012296135000000001,other,-0.002250303127426822,-0.0021694275474700275,-0.013960116407478927,-0.014513845326523996,nan,nan,0.0,0.0,False
6,0,1,0.7115058500000001,0.0,other,-0.0026417327849216775,-0.0024346232750856087,-0.013398544975188624,-0.014599697184283748,-0.015284752281113125,-0.014958264930185722,5.765632615146061e-15,5.765498149734697e-15,False
7,1,442,0.7920211000000001,-0.012296135000000001,other,-0.001915394783390913,-0.0014494957808813356,-0.01350530373703338,-0.01453803652069173,-0.010820552491958933,-0.011813769661955685,1.6369968883507698e-14,1.807538631794745e-14,False
8,2,442,0.7115058500000001,-0.024592270000000003,other,-0.002154665166503708,-0.0019114684230109981,-0.014103598647744884,-0.014583158483232701,-0.015098353157056777,-0.014992438187495708,5.100247073020364e-15,5.082227271169608e-15,False
9,1,1176,0.7920211000000001,0.012296135000000001,other,-0.00204977010071048,-0.0015657316983816504,-0.013387756951793764,-0.01437507084654827,-0.010449844241426127,-0.011441229893074285,1.641295425698997e-14,1.8126181560078066e-14,False
10,443,1176,0.8960105500000001,0.012296135000000001,other,-0.0018310683399169146,-0.0007115792487531333,-0.012888275780753576,-0.01448226600167953,nan,nan,0.0,0.0,False
11,1,443,0.8960105500000001,0.0,other,-0.0018962944128072309,-0.0008527421938871319,-0.012677491853232721,-0.01457793349669295,-0.014214340824299109,-0.014035686918429047,5.808310300190114e-15,5.808136267461614e-15,False
12,2,444,0.6309906000000001,-0.03554688500000001,other,-0.0024115607519511247,-0.002540529683097877,-0.014391000568726824,-0.01463432318003133,-0.0115669543082627,-0.012498366153324862,2.6685139301235734e-14,2.630669393686713e-14,False
13,4,444,0.5686505500000001,-0.04650150000000001,other,-0.0027842872107342246,-0.002968560575119692,-0.015058226100808182,-0.01517213245343707,-0.01777965250747122,-0.01764082313791757,3.815397403116905e-15,3.7764903892246175e-15,False
14,2,4,0.5686505500000001,-0.03554688500000001,other,-0.002944602188574742,-0.0030603085294649245,-0.014911795008414525,-0.015089797376963827,nan,nan,0.0,0.0,False
15,3,4,0.5063105,-0.03554688500000001,other,-0.0034835068589480216,-0.0036425049632641785,-0.015150533468940937,-0.015393027613262104,-0.012840615044476355,-0.013416498596253074,3.424141196170463e-14,3.38822076983184e-14,False
16,4,5,0.45804285,-0.04650150000000001,other,-0.004035950861913771,-0.00428653395980575,-0.016020029992688322,-0.016163992845720728,-0.02374044406656368,-0.023492719414537226,3.028091947079087e-15,2.9759834436117934e-15,False
17,3,5,0.45804285,-0.03554688500000001,other,-0.004313598776225485,-0.0044404493412429245,-0.015892555874224487,-0.01605587708275825,nan,nan,0.0,0.0,False
18,4,445,0.5063105,-0.056260945,other,-0.0032213265549715046,-0.003356950782357864,-0.015308584344404113,-0.015575321590468835,-0.013272973838828878,-0.013847691434691578,3.3453771367464506e-14,3.308457534158775e-14,False
19,6,445,0.45804285,-0.06602038999999998,other,-0.003710568004310167,-0.003938157251750049,-0.01615296304785315,-0.016339804826725705,-0.025171272840419184,-0.024694552851075764,2.147507187746068e-15,2.0909570096352087e-15,False
20,4,6,0.45804285,-0.056260945,other,-0.00395271790418803,-0.004070265330379558,-0.01609581938125826,-0.01625184551948306,nan,nan,0.0,0.0,False
21,5,6,0.4097752,-0.056260945,other,-0.004716181457710681,-0.0048690394966588455,-0.016458110955038293,-0.016724465882436448,-0.01567572177549147,-0.01612130927102057,3.845313829091965e-14,3.804160585725462e-14,False
22,6,7,0.3724033,-0.06602038999999998,other,-0.005335761775472754,-0.005623155669907129,-0.017388415160114783,-0.01770814499521006,-0.06511847410087986,-0.06418159345055441,6.826353300898259e-16,6.307976938998581e-16,False
23,5,7,0.3724033,-0.056260945,other,-0.005717468996914624,-0.005840215348027898,-0.017429368964556928,-0.017594126281649983,nan,nan,0.0,0.0,False
24,5,63,0.4097752,-0.03554688500000001,other,-0.005159559959671751,-0.0053426341787279836,-0.01624261178683848,-0.01648662167516826,-0.015122711643020289,-0.015578408735955611,3.97401329074853e-14,3.932539805584216e-14,False
25,3,63,0.45804285,-0.024592270000000003,other,-0.004417260648244937,-0.00469697830906635,-0.01581869282480606,-0.015919040294606775,-0.022468027502088633,-0.022389780097390902,4.2190671341318845e-15,4.17930405577715e-15,False
26,6,446,0.4097752,-0.07471507499999999,other,-0.004338577792086477,-0.004469525453400162,-0.01660257955639935,-0.016888093362207656,-0.016084623635708166,-0.016518085683307072,3.69880230411802e-14,3.657340864667655e-14,False
27,8,446,0.3724033,-0.08340976,other,-0.00489077766216613,-0.005150417028802403,-0.01742550131257875,-0.017808082995765747,-0.3485685413819527,0.614382943550897,1.9790532381051796e-17,7.020981220865446e-17,False
28,6,8,0.3724033,-0.07471507499999999,other,-0.005210745512230569,-0.00533365780443912,-0.01753021940068349,-0.017723860609550376,nan,nan,0.0,0.0,False
29,7,8,0.3350313999999999,-0.07471507499999999,other,-0.0061562176217779645,-0.0063059131098901705,-0.01809921557439353,-0.018386864893648196,-0.019597963705481718,-0.019951826054305732,3.937818256546576e-14,3.893173719727567e-14,False
30,8,9,0.30609574999999994,-0.08340976,other,-0.006788627074644104,-0.007070959497658417,-0.018787487006302478,-0.019350146463409185,-0.003450792855114296,-0.006382400475320989,2.272692415676233e-15,2.277447978822864e-15,False
31,7,9,0.30609574999999994,-0.07471507499999999,other,-0.007239849233421558,-0.007361633055726997,-0.019032008713454767,-0.01927876310057836,nan,nan,0.0,0.0,False
32,7,62,0.3350313999999999,-0.056260945,other,-0.006776960187087783,-0.006945801499052002,-0.017982268967767435,-0.018244293926732068,-0.019187648928383497,-0.019553996125191535,4.156519565662097e-14,4.1094705959680824e-14,False
33,5,62,0.3724033,-0.04650150000000001,other,-0.005867951404068535,-0.006189313077140952,-0.017275860858153063,-0.017518195154705027,-0.041649877208119565,-0.04094404153833344,1.7413931153283777e-15,1.6936734813164264e-15,False
34,8,447,0.3350313999999999,-0.09115584,other,-0.005636898521639778,-0.005772554125932282,-0.018125666275825097,-0.0184368546622699,-0.019842935918364054,-0.020182811972861706,3.712512496676143e-14,3.669416380764707e-14,False
35,10,447,0.30609574999999994,-0.09890191999999999,other,-0.006216705379939618,-0.006465479250781358,-0.018661406847204673,-0.01925787003668843,-0.00968077232771853,-0.012072551086520542,2.665163553075641e-15,2.670075115774709e-15,False
36,8,10,0.30609574999999994,-0.09115584,other,-0.006587895174241024,-0.00670924112564515,-0.018920116843896207,-0.019224664554081138,nan,nan,0.0,0.0,False
37,9,10,0.2771601,-0.09115584,other,-0.007604305422494037,-0.007765779935250684,-0.019626075501982837,-0.019967007912033128,-0.024136372891207056,-0.0244243606319594,3.693417488749199e-14,3.6524399126024116e-14,False
38,10,11,0.25475625,-0.09890191999999999,other,-0.008232810764343313,-0.008400704787647676,-0.019925669882967064,-0.020641401037291878,-0.017916683579951014,-0.019433651493902113,5.610528341445061e-15,5.523807931215907e-15,False
39,9,11,0.25475625,-0.09115584,other,-0.008714905704821958,-0.008763587972904375,-0.020297625505133775,-0.020689138815219357,nan,nan,0.0,0.0,False
40,9,61,0.2771601,-0.07471507499999999,other,-0.008392688465601789,-0.008564647758772321,-0.019776123939093653,-0.020078823093641056,-0.02407612487575872,-0.024365544899081982,3.9963839645848505e-14,3.9506916278833855e-14,False
41,7,61,0.30609574999999994,-0.06602038999999998,other,-0.007475942239413783,-0.007797039708965531,-0.018854050770617338,-0.019353996054164473,0.014844690729297397,0.010478262216200343,1.5041846710363663e-15,1.5083723556103703e-15,False
42,10,448,0.2771601,-0.10580291,other,-0.006944028570330739,-0.007088738721135946,-0.01941036735695831,-0.019783533004846914,-0.02404089289983716,-0.024327343724934444,3.3988723737718275e-14,3.361742783740949e-14,False
43,12,448,0.25475625,-0.11270390000000001,other,-0.007514788468496611,-0.007601573932056668,-0.01961231596358713,-0.02032840769683069,-0.019386706759031397,-0.020787383295784726,5.585141158635588e-15,5.515916565463735e-15,False
44,10,12,0.25475625,-0.10580291,other,-0.007935128433760446,-0.007916261730136999,-0.019922991378667633,-0.020399251651668514,nan,nan,0.0,0.0,False
45,11,12,0.23235240000000004,-0.10580291,other,-0.008835673256693027,-0.008913227142902111,-0.020629436107908867,-0.021061580478984744,-0.0284227469036991,-0.028748356399034516,3.177938537380304e-14,3.1460303642028687e-14,False
46,12,13,0.21500590000000003,-0.11270390000000001,other,-0.00915728668999427,-0.008639684917671642,-0.020904086094161244,-0.021820567209144968,-0.024763918335584743,-0.025849744775051288,8.96128246285557e-15,8.765643790731017e-15,False
47,11,13,0.21500590000000003,-0.10580291,other,-0.009800676314946103,-0.009119516866687953,-0.021186699961382654,-0.021974908745758942,nan,nan,0.0,0.0,False
48,11,60,0.23235240000000004,-0.09115584,other,-0.009786455867144215,-0.009923412820207029,-0.02107237834464599,-0.021467129436917844,-0.028932811055595132,-0.02921488337137708,3.531854706058349e-14,3.494610408536153e-14,False
49,9,60,0.25475625,-0.08340976,other,-0.009057536695937545,-0.009288088689205182,-0.020240544467589765,-0.02095023382481384,-0.01492685878760724,-0.01658721391957759,5.3022468384285626e-15,5.2088640764369315e-15,False
50,12,449,0.23235240000000004,-0.11885195,other,-0.00793468796274637,-0.007958725674031306,-0.020265118142299452,-0.020704595608162738,-0.0278133860987163,-0.028191232101604364,2.8403204889056762e-14,2.80429937173465e-14,False
51,14,449,0.21500590000000003,-0.125,other,-0.007955670819666949,-0.007280084680045692,-0.020608771554178226,-0.021515279947006655,-0.02475250215556061,-0.0256895827580118,9.076050221497481e-15,8.926188717535622e-15,False
52,12,14,0.21500590000000003,-0.11885195,other,-0.008639713394816997,-0.0077452944127646955,-0.020820170402070882,-0.021633280866204523,nan,nan,0.0,0.0,False
53,13,14,0.19765939999999999,-0.11885195,other,-0.008305567561657916,-0.007960718846649797,-0.022286981673129702,-0.022622808529658704,-0.031140277781182304,-0.03186215461836916,2.520075393380739e-14,2.4861133632675848e-14,False
54,14,15,0.18422864999999997,-0.125,other,-0.006283575618298705,-0.005549311434174946,-0.02393047195965346,-0.023652727198148395,-0.02873160195348795,-0.029098973382584166,1.3119614065374448e-14,1.2783834302806457e-14,False
55,13,15,0.18422864999999997,-0.11885195,other,-0.007551410797445651,-0.006409333413916756,-0.024020573337424415,-0.023646198065025187,nan,nan,0.0,0.0,False
56,13,59,0.19765939999999999,-0.10580291,other,-0.010096128555420943,-0.009761375931757,-0.02245641426448804,-0.022868562770894187,-0.03246867569064651,-0.03305245482256243,2.889861310029527e-14,2.861181084032875e-14,False
57,11,59,0.21500590000000003,-0.09890191999999999,other,-0.010269793775475886,-0.010045434735081921,-0.021299261827852762,-0.022187194002852455,-0.02400547312722211,-0.02521341226559995,9.149637597590142e-15,8.91944648859642e-15,False
58,14,450,0.19765939999999999,-0.13111695,other,-0.006484349310678532,-0.006326288578646659,-0.022084250861251327,-0.02232125686378674,-0.02990788949009662,-0.030633961151735622,2.1157174535625822e-14,2.0384405616998955e-14,False
59,16,450,0.18422864999999997,-0.1372339,other,-0.00392319375522449,-0.004105532457843633,-0.02401427138181824,-0.022840795857516655,-0.027229737195112118,-0.027556143889405554,1.7208567685696853e-14,1.6396525964457562e-14,False
60,14,16,0.18422864999999997,-0.13111695,other,-0.005107794421610135,-0.004836977639709487,-0.024143836741111417,-0.0230274749082612,nan,nan,0.0,0.0,False
61,15,16,0.1707979,-0.13111695,other,-0.0032550369265246164,-0.0033957676852119987,-0.024761685148210883,-0.025241272925274106,-0.033110053015154996,-0.033280291122364,1.788773332452669e-14,1.817683525750924e-14,False
62,16,17,0.16039894999999998,-0.1372339,other,-0.0006019642367802233,-0.0016504934418624902,-0.029656629361791358,-0.02516823423387876,-0.029554547377000657,-0.029971430717958127,2.1657412880777932e-14,2.1472513557315185e-14,False
63,15,17,0.16039894999999998,-0.13111695,other,-0.0009766783929091138,-0.0023676543277282988,-0.029752634418921883,-0.025921905207230957,nan,nan,0.0,0.0,False
64,15,58,0.1707979,-0.11885195,other,-0.005448861644558949,-0.005297390887372723,-0.025717710073264014,-0.02593046803386338,-0.034424748034746135,-0.03506486843361838,2.19575794153821e-14,2.2380719266698664e-14,False
65,13,58,0.18422864999999997,-0.11270390000000001,other,-0.008798201469431367,-0.007631557057808458,-0.023764150793963153,-0.024178162013742267,-0.029694317688282693,-0.03021171134795409,1.2659121634134991e-14,1.2415002688584355e-14,False
66,16,451,0.1707979,-0.14630939999999998,other,-0.0019609258358576796,-0.0020675875734162802,-0.023986504469265413,-0.02440701096800907,-0.03133398570082303,-0.03125151920031275,1.3438880624563225e-14,1.3417584083521637e-14,False
67,18,451,0.16039894999999998,-0.1553849,other,-0.00013160036928845474,-0.0008203843992295509,-0.02901245758004328,-0.024380416588628908,-0.027411777251923158,-0.02769092959765884,2.858415931943252e-14,2.8283996122371556e-14,False
68,16,18,0.16039894999999998,-0.14630939999999998,other,-0.0002481964797265017,-0.001447569777315262,-0.02901460483981125,-0.024701915197177425,nan,nan,0.0,0.0,False
69,17,18,0.15,-0.14630939999999998,other,-0.00015259222309319768,-0.0003695480923933764,-0.028992819436626033,-0.029428790638946524,-0.03263176973482155,-0.03339078915974984,1.7850843727294506e-14,1.7409710183687013e-14,False
70,18,19,0.13964849999999998,-0.1553849,other,-8.21905474017828e-07,-8.17757731171406e-05,-0.03245476543520817,-0.028769980339891744,-0.02940762124750165,-0.029945296053847846,3.503316835404915e-14,3.481540324792921e-14,False
71,17,19,0.13964849999999998,-0.14630939999999998,other,-1.4952363233050704e-06,-0.00032114339482441456,-0.03236834898442599,-0.029605121280125136,nan,nan,0.0,0.0,False
72,17,57,0.15,-0.13111695,other,-0.0005244995505565331,-0.0010381270190204842,-0.029570638520822437,-0.030039606261564034,-0.03529626220575319,-0.03591994948589703,2.2279185644205047e-14,2.252002412515221e-14,False
73,15,57,0.16039894999999998,-0.125,other,-0.002087445206296742,-0.00277012302161985,-0.02948799468615278,-0.02651150652675438,-0.031463984097309744,-0.032011511265510474,1.718945074047914e-14,1.6940145982559684e-14,False
74,18,452,0.15,-0.16884999999999997,other,-2.3241671968876806e-05,-8.577591032877908e-05,-0.02728662191737706,-0.028560762498439723,-0.029482112969541632,-0.030545734811016256,1.1401830773373605e-14,1.162297871495107e-14,False
75,20,452,0.13964849999999998,-0.1823151,other,-1.4816176148909e-08,-1.1144509357419672e-05,-0.029450793324945948,-0.027125660954281358,-0.025934929324842256,0.0007410206942089886,3.648928422037476e-14,3.860966440812665e-14,False
76,18,20,0.13964849999999998,-0.16884999999999997,other,-3.333531798744059e-08,-8.551556609106619e-05,-0.029393486757561267,-0.02873789270598191,nan,nan,0.0,0.0,False
77,19,20,0.129297,-0.16884999999999997,other,-2.4522598502407784e-08,0.0,-0.029406815063531336,-0.03249757017813628,-0.03231760048294349,-0.08501374550241264,1.7429052586949118e-14,7.068958646544756e-14,False
78,20,21,0.11971285000000002,-0.1823151,other,-6.288861573131815e-13,0.0,-0.032323271372136524,-0.029710202456626297,-0.02764570641012308,-0.03798190224771996,4.333132636430915e-14,1.439149842571627e-13,False
79,19,21,0.11971285000000002,-0.16884999999999997,other,-1.4958647661200352e-12,0.0,-0.032287907451628566,-0.032583066303441544,nan,nan,0.0,0.0,False
80,19,56,0.129297,-0.14630939999999998,other,-9.072336912920679e-07,-8.05579752869689e-06,-0.03235437881810051,-0.03444677649778826,-0.03614307523701618,-0.03761743419305432,2.6123212819718963e-14,2.6944926216828154e-14,False
81,17,56,0.13964849999999998,-0.1372339,other,-1.4675504916586197e-05,-0.0003183652033008808,-0.034706477685803254,-0.02972437681737131,-0.032368578705421154,-0.03296997611276735,2.6085750505301512e-14,2.6540156390010244e-14,False
82,20,453,0.129297,-0.20229290000000003,other,-1.7574255733548215e-10,0.0,-0.025934902187386484,-0.02967201365578941,-0.02948971031596516,-0.14268393352391712,1.0587010443079463e-14,2.1721770500585523e-13,False
83,22,453,0.11971285000000002,-0.22227070000000004,other,-4.339473599489794e-16,0.0,-0.03151301605345653,-0.026287183213389534,-0.3500713488864502,-0.7178707816326081,1.0959603251447386e-14,8.234408239714669e-14,False
84,20,22,0.11971285000000002,-0.20229290000000003,other,-1.6875730664682557e-15,0.0,-0.028126320906233345,-0.02970965661903963,nan,nan,0.0,0.0,False
85,21,22,0.11012870000000001,-0.20229290000000003,other,-1.3018420798469396e-15,0.0,-0.027507044508269417,-0.032924792673267145,-0.11281599399408292,-0.10713382211472758,3.8451024114206314e-13,1.2935277615749788e-12,False
86,22,23,0.101254935,-0.22227070000000004,other,0.0,0.0,-0.11467119064024373,-0.03443580587709381,-0.11895903248420679,-0.1678830928969846,1.2760389233618634e-12,1.174963639193037e-12,False
87,21,23,0.101254935,-0.20229290000000003,other,0.0,0.0,-0.11515171185326008,-0.03287817757770284,nan,nan,0.0,0.0,False
88,21,55,0.11012870000000001,-0.16884999999999997,other,-1.1230557675494102e-12,0.0,-0.03228787252675118,-0.03657028297945043,-0.05910381505054037,-0.08237306949467818,3.6115139135119106e-14,5.92474667633885e-13,False
89,19,55,0.11971285000000002,-0.1553849,other,-2.250578782667866e-10,0.0,-0.03614044541819203,-0.032585994138636346,-0.03228947317910276,-0.13181985913869604,4.372732815161075e-14,1.1519656211569192e-14,False
90,22,28,0.11012870000000001,-0.25191125000000003,other,0.0,0.0,-0.11596976459409412,-0.06464329346831432,-0.11549616905163795,-0.13351408647792232,1.649589561297281e-12,1.5226642421420995e-12,False
91,24,28,0.101254935,-0.2815518,other,1.157192959863943e-15,0.0,-0.11552402207330341,-0.1521378693406709,-0.10072442876592838,1.3404213206422086,1.1517190879964534e-13,1.687466956925255e-12,False
92,22,24,0.101254935,-0.25191125000000003,other,1.2536257065192714e-15,0.0,-0.11563701811679741,-0.03709584066743294,nan,nan,0.0,0.0,False
93,23,24,0.09238117,-0.25191125000000003,other,9.64327466553286e-16,0.0,-0.11569389744275785,-0.0015883758142517348,-0.11565556152098616,-0.11283927496579974,4.437301520896601e-12,3.729595733111137e-12,True
94,24,25,0.08416518999999999,-0.2815518,other,5.785964799319719e-16,0.0,-0.11565751282585296,0.00038788989892250977,-0.11386791028073541,-0.6233913849887551,9.841347851236617e-13,7.370165582606956e-13,False
95,23,25,0.08416518999999999,-0.25191125000000003,other,0.0,0.0,-0.115704463354783,-0.001784513027567034,nan,nan,0.0,0.0,False
96,23,54,0.09238117,-0.20229290000000003,other,1.9286549331065737e-16,0.0,-0.11612502073347766,-0.004584058539128451,-0.11525660279693951,-0.07662988392577776,2.3809443548951045e-12,3.685441854789258e-12,True
97,21,54,0.101254935,-0.1823151,other,6.750292265873004e-16,0.0,-0.07427018552196314,-0.03287560581839519,-0.12945947568515376,-0.003976663134809263,3.050637725789027e-13,9.182613679614818e-13,False
98,27,28,0.101254935,-0.2907759,other,0.0,0.0,-0.11559968525741136,-0.1937222117034373,nan,nan,0.0,0.0,False
99,24,27,0.09238117,-0.2907759,other,8.678947198979575e-16,0.0,-0.11564706912001166,0.0005426615762846236,-0.11567384748607724,-0.17680054588492536,3.5683386445726472e-12,2.61079823268169e-12,True
100,24,26,0.08416518999999999,-0.2907759,other,1.3500584531745999e-15,0.0,-0.11567525919976183,0.0006256776229283997,nan,nan,0.0,0.0,False
101,25,26,0.07594920999999999,-0.2907759,other,5.785964799319719e-16,0.0,-0.11569334855758907,0.0,-0.11571599216744154,-0.14357861489022247,5.741330206120132e-12,4.34196925112553e-12,True
102,25,53,0.07594920999999999,-0.25191125000000003,other,-3.8573098662131503e-16,0.0,-0.115726607852036,0.0,-0.11571564323358488,-0.09143396383042711,7.444344310263527e-12,6.513647363058723e-12,True
103,23,53,0.08416518999999999,-0.22227070000000004,other,-4.821637332766439e-16,0.0,-0.1155885889511669,-0.0012926189752753483,-0.11720749023598605,0.2180510419702537,3.3323960898363244e-12,3.30243122724095e-12,True
104,26,27,0.08416518999999999,-0.3,other,6.750292265873004e-16,0.0,-0.11563370781223564,0.0,-0.11501814974743453,0.02065132616378803,2.1944432444973263e-12,2.579636670413778e-12,True
105,26,47,0.07594920999999999,-0.33475275000000004,other,5.785964799319719e-16,0.0,-0.1156523390604537,0.0,-0.11570467172364252,-0.1932459209829458,2.7511421856077512e-12,1.9248346890483867e-12,False
106,47,50,0.06834223999999998,-0.36950550000000004,other,0.0,0.0,-0.11559339702572399,0.0,-0.11530124168288619,0.0,4.979931710126138e-12,2.396796033786934e-12,False
107,26,50,0.06834223999999998,-0.33475275000000004,other,4.821637332766433e-16,0.0,-0.11565933494978424,0.0,nan,nan,0.0,0.0,False
108,28,29,0.11012870000000001,-0.2907759,other,0.0,0.0,-0.11558802762224173,-0.11048019512546317,-0.11556837271666133,-0.1398074931713169,1.4533827370415468e-12,1.315716657247759e-12,False
109,27,29,0.101254935,-0.3,other,0.0,0.0,-0.11556856293717553,0.0716088875250391,-0.11321019956430448,0.0755588267840459,5.803508549619877e-13,7.01950456067513e-13,False
110,27,46,0.09238117,-0.33475275000000004,other,0.0,0.0,-0.11561777763640395,0.0,-0.11568002545842529,-0.17480340157255275,1.95424625503953e-12,1.4523906845117652e-12,False
111,46,47,0.08416518999999999,-0.36950550000000004,other,0.0,0.0,-0.11556001118790547,0.0,-0.11491874050306007,0.0,2.577515467925724e-12,2.6376099907841075e-12,True
112,27,47,0.08416518999999999,-0.33475275000000004,other,0.0,0.0,-0.1156419191934287,0.0,nan,nan,0.0,0.0,False
113,28,453,0.11971285000000002,-0.25191125000000003,other,0.0,0.0,-0.11338596864594078,-0.026287970196674327,nan,nan,0.0,0.0,False
114,28,30,0.11971285000000002,-0.2815518,other,0.0,0.0,-0.11037470774862725,-0.022652502639532005,-0.13442403778776318,0.3362694828177212,8.10349154371518e-14,6.968511067513345e-13,False
115,29,30,0.11971285000000002,-0.2907759,other,0.0,0.0,-0.1152231921349339,-0.022314994210484187,nan,nan,0.0,0.0,False
116,30,31,0.129297,-0.2907759,other,-1.0848683998724615e-14,0.0,-0.019064646042558576,-0.021923076660379726,-0.11451174494205203,-0.0961070658873497,1.5335595800108623e-13,2.802874645885757e-13,False
117,29,31,0.11971285000000002,-0.3,other,0.0,0.0,-0.11515294674536383,-0.018499273476598122,-0.07298270426624527,0.024484383871562203,3.237892773547277e-14,2.401301482824564e-13,False
118,29,43,0.11012870000000001,-0.33475275000000004,other,2.8929823996598605e-16,0.0,-0.11546144441599346,0.08327923969748896,-0.11562517030810139,-0.12541907284442735,9.054108097783502e-13,7.928508320593279e-13,False
119,43,46,0.101254935,-0.36950550000000004,other,2.8929823996598605e-16,0.0,-0.11545055829594736,-0.0012113598600503772,-0.11347310903301862,-0.0004571432638365378,8.964654364079794e-13,3.057732975432093e-12,True
120,29,46,0.101254935,-0.33475275000000004,other,0.0,0.0,-0.11558803623465139,0.043676754572602276,nan,nan,0.0,0.0,False
121,30,32,0.13964849999999998,-0.2815518,other,-1.9652993768360437e-13,0.0,-0.02229582611285808,-0.021302411042979023,-0.019061550899251312,0.08476665419979049,1.560685562294408e-14,1.0238554062891176e-14,False
122,31,32,0.13964849999999998,-0.2907759,other,-2.4445701277126518e-14,0.0,-0.018920855690227247,-0.02130232295938769,nan,nan,0.0,0.0,False
123,30,453,0.129297,-0.25191125000000003,other,-3.605620397444237e-13,0.0,-0.02222286674056135,-0.026261380717048668,-0.10894288277264667,-0.09963496452531512,5.671418692314814e-14,2.891041002037124e-13,False
124,453,454,0.13964849999999998,-0.22227070000000004,other,-6.774598140195874e-11,0.0,-0.02595158775967593,-0.02469946487831138,-0.02222374576899169,0.08111148857679318,3.516757329704316e-14,2.939935543953773e-14,False
125,30,454,0.13964849999999998,-0.25191125000000003,other,-4.599842015461615e-13,0.0,-0.02211270076926098,-0.0246987567355738,nan,nan,0.0,0.0,False
126,32,33,0.15,-0.2907759,other,-2.234452580691569e-09,0.0,-0.018763304783885854,-0.020410135275529727,-0.020419389850332762,-0.10177522670832785,4.899431685964191e-16,2.5121486176613984e-14,False
127,31,33,0.13964849999999998,-0.3,other,-1.7743625384580845e-14,0.0,-0.018447982241433108,-0.018876928842673057,-0.018395608330626746,0.06349065004504127,1.3757165109002675e-14,4.223143942462344e-14,False
128,31,42,0.129297,-0.33475275000000004,other,-6.2199121592687466e-15,0.0,-0.018405729751564633,-0.018943112103802815,-0.11522507352991247,-0.1480738853145636,1.3473419540972123e-13,1.7693095893111987e-13,False
129,42,43,0.11971285000000002,-0.36950550000000004,other,5.785964799319719e-16,0.0,-0.1145557837750966,-0.018548454357665858,-0.10056389322629032,-0.002767962196788842,1.3053498237340225e-13,5.400676202370738e-13,False
130,31,43,0.11971285000000002,-0.33475275000000004,other,3.857309866213147e-16,0.0,-0.11523456766092886,-0.01902463407640195,nan,nan,0.0,0.0,False
131,32,34,0.16039894999999998,-0.2815518,other,-1.4825340442434636e-08,-1.2400734485572707e-05,-0.021323053932354324,-0.02000914067796356,-0.018763325808429897,-0.019880144734413352,1.4600840913096804e-14,1.660227762079643e-14,False
132,33,34,0.16039894999999998,-0.2907759,other,-4.949381097217642e-09,-1.1857713634281887e-05,-0.01858703956778513,-0.020007887510950347,nan,nan,0.0,0.0,False
133,32,454,0.15,-0.25191125000000003,other,-2.838807843460223e-08,0.0,-0.02148558082516482,-0.02454166619753501,-0.02240379694597777,-0.037542632562827326,1.4959578800295298e-15,1.771968066588621e-14,False
134,454,470,0.16039894999999998,-0.22227070000000004,other,-5.256837106465262e-07,-9.435997145825162e-05,-0.024645951408434376,-0.021952718784728553,-0.021486101714975614,-0.022057900126283152,3.0577614987507745e-14,3.089929118984028e-14,False
135,32,470,0.16039894999999998,-0.25191125000000003,other,-3.5528356777090796e-08,-9.949510437862131e-05,-0.02127296588879974,-0.021942267765781065,nan,nan,0.0,0.0,False
136,34,35,0.1707979,-0.2907759,other,-1.771231369279826e-05,-1.8102336556010207e-05,-0.018506572285106646,-0.019509668768023857,-0.021610671267840345,-0.02158721472961754,1.270586527627556e-16,7.105176190616307e-16,False
137,33,35,0.16039894999999998,-0.3,other,-4.562233171793825e-09,-7.758776456571735e-06,-0.018350032695405402,-0.018796218710400065,-0.018346093012818105,-0.01854678054045676,1.3534441252197502e-14,1.2678951448471011e-14,False
138,33,39,0.15,-0.33475275000000004,other,-1.889188678453923e-09,0.0,-0.01834607920472001,-0.01867425272068198,-0.019605390864653745,-0.16251860046930258,2.672193100989136e-16,1.511149751983167e-14,False
139,39,42,0.13964849999999998,-0.36950550000000004,other,-4.4359063461451434e-15,0.0,-0.017002270193064297,-0.01769275698753032,-0.016827883628677463,0.002798922969676318,2.1394579356027782e-14,1.0524140544566869e-13,False
140,33,42,0.13964849999999998,-0.33475275000000004,other,-1.0511169385430957e-14,0.0,-0.01809570913054771,-0.018876924718125958,nan,nan,0.0,0.0,False
141,34,36,0.18422864999999997,-0.2815518,other,-4.601004503030731e-05,-0.00022416957140636726,-0.01984523258774889,-0.01831621203997731,-0.018549099170011508,-0.01951130208526543,1.3672590204445267e-14,1.4953752231870026e-14,False
142,35,36,0.18422864999999997,-0.2907759,other,-3.1236031230842874e-05,-0.00021835377310078897,-0.01835752386269228,-0.018233194679729028,-0.01853445373833392,-0.01908066337118071,1.2082263474482513e-14,1.1943909355724756e-14,False
143,34,470,0.1707979,-0.25191125000000003,other,-7.086109866252421e-05,-9.931259887448913e-05,-0.02074503754625424,-0.021514377319343213,-0.02187095406917558,-0.023884024775929644,1.0553105693425143e-15,1.4925019107227216e-15,False
144,470,471,0.18422864999999997,-0.22227070000000004,other,-0.00016997735807172166,-0.0007387426325615832,-0.021771525101686853,-0.01948936138418168,-0.02090136320189802,-0.021375059577321442,2.7079476322163318e-14,2.7184296719704995e-14,False
145,34,471,0.18422864999999997,-0.25191125000000003,other,-8.370829965443124e-05,-0.0006671601792619456,-0.020330491809946276,-0.0192642586836946,nan,nan,0.0,0.0,False
146,35,38,0.1707979,-0.33475275000000004,other,-9.288088057302765e-06,-1.0390787557085257e-05,-0.016754616838412156,-0.018283730273709747,-0.018730142113201707,-0.020405807963230122,3.162880667019523e-16,4.2718025438669365e-16,False
147,38,39,0.16039894999999998,-0.36950550000000004,other,-8.052906297322975e-10,-3.5499101903741234e-06,-0.017097186294400473,-0.017312182345217673,-0.01679724621335486,-0.01740180181790767,2.114796860860333e-14,2.1023346478532686e-14,False
148,35,39,0.16039894999999998,-0.33475275000000004,other,-2.5954670848906253e-09,-7.904912832925033e-06,-0.01811806156397246,-0.018796053725986625,nan,nan,0.0,0.0,False
149,36,37,0.19765939999999999,-0.32552865000000003,other,-0.0005354755503558507,-0.0003346851326066264,-0.017555389410058603,-0.017755470217187628,-0.02125082895944825,-0.021266129851666263,1.3005303650865542e-16,5.432856520699637e-16,False
150,35,37,0.18422864999999997,-0.33475275000000004,other,-2.4802736146361958e-05,-0.0001345563983275401,-0.01781047289192669,-0.017113559665471928,-0.01677683118189533,-0.01745950789671553,1.6414085429490654e-15,1.820716254748396e-15,False
151,36,471,0.19765939999999999,-0.25191125000000003,other,-0.0011065422132540675,-0.0008537200163488119,-0.018549415307970694,-0.018923583567427127,-0.022732116924006184,-0.023148175297888797,1.1301063455453715e-15,1.814576367299615e-15,False
152,471,483,0.21500590000000003,-0.22227070000000004,other,-0.001988059270227839,-0.0019415922714912102,-0.018757088705201506,-0.01851016535184883,-0.020317570937705216,-0.020590097314771294,2.4612313153921027e-14,2.3280309726761675e-14,False
153,36,483,0.21500590000000003,-0.25191125000000003,other,-0.0014338983392713177,-0.0014700260312247744,-0.018290028995683293,-0.01815737444238853,nan,nan,0.0,0.0,False
154,36,383,0.21500590000000003,-0.2815518,other,-0.000929486569860094,-0.000972906694913224,-0.017671146708331843,-0.01749883598230267,-0.01836425863121466,-0.018957923277493946,2.4754804019541206e-14,2.4493945865094083e-14,False
155,37,383,0.21500590000000003,-0.32552865000000003,other,-0.0007185463484146857,-0.0008863214173869416,-0.01706465464414588,-0.017213234505724966,nan,nan,0.0,0.0,False
156,37,38,0.18422864999999997,-0.36950550000000004,other,-1.7701698711108162e-05,-0.00013162196710045972,-0.016754612494687467,-0.016998276934277353,-0.016770531387918373,-0.0174688003579071,2.0824879190090694e-14,2.141919629156783e-14,False
157,37,381,0.19765939999999999,-0.43475275,other,-0.0003194106302263567,-0.0002663922654218084,-0.01625659915898433,-0.016696981045222676,-0.020231375046383948,-0.020269298284173568,2.7617870649975682e-17,2.3099328628148594e-16,False
158,380,381,0.18422864999999997,-0.5,other,-1.4119962931179734e-05,-0.00014474430149201468,-0.016042951753406705,-0.016347700747810702,-0.016047160526209723,-0.016869773777708735,1.0629173945665904e-14,1.1525126109474773e-14,False
159,37,380,0.18422864999999997,-0.43475275,other,-1.58905064716811e-05,-0.0001307553869917945,-0.016432902168448595,-0.016976448554137376,nan,nan,0.0,0.0,False
160,38,380,0.1707979,-0.43475275,other,-9.273367394320828e-06,-7.712905956159896e-06,-0.016754536567914046,-0.017036188542289565,-0.00842642374242485,-0.01884893078499825,6.802837365556134e-18,8.774425191868655e-17,False
161,40,380,0.16039894999999998,-0.5,other,-8.076125374105761e-10,-4.85664081841695e-06,-0.01605046425958614,-0.016670558193446382,-0.016051998501679047,-0.01688069725652661,1.0622370221153128e-14,1.1441278441801796e-14,False
162,38,40,0.16039894999999998,-0.43475275,other,-7.678341257758496e-10,-3.453535671391377e-06,-0.01640683967350987,-0.0173120372128618,nan,nan,0.0,0.0,False
163,39,40,0.15,-0.43475275,other,-3.0288416758414034e-10,0.0,-0.01679722557399739,-0.0173573534856322,-0.021494283232656203,-0.0010504885528950332,2.060856185676116e-17,1.3464989285732765e-15,False
164,40,41,0.13964849999999998,-0.5,other,-3.182280639625859e-15,0.0,-0.01607295374589983,-0.016688381699685177,-0.016062602860702255,0.0021991235199020965,1.0642978782938143e-14,6.830761293056153e-14,False
165,39,41,0.13964849999999998,-0.43475275,other,-3.7126607462301715e-15,0.0,-0.01649337568925363,-0.017692732503372204,nan,nan,0.0,0.0,False
166,41,42,0.129297,-0.43475275,other,-1.4947075731575976e-15,0.0,-0.016839120139307242,-0.01821859614387476,-0.11515214958238949,-0.08466295183438007,2.559379239395406e-14,3.128229054654933e-14,False
167,41,44,0.11971285000000002,-0.5,other,0.0,0.0,-0.11352915971907204,-0.016929964306113217,-0.08831809311960798,-3.741109472208869e-05,3.6236771175661034e-14,1.3883729041228335e-12,False
168,42,44,0.11971285000000002,-0.43475275,other,0.0,0.0,-0.11210997234633169,-0.018378578039936862,nan,nan,0.0,0.0,False
169,43,44,0.11012870000000001,-0.43475275,other,3.857309866213147e-16,0.0,-0.11319686800506396,-0.0020019278753554597,-0.11556890729676433,-0.09183257599678406,1.3948035575365324e-13,2.1286107952408705e-13,False
170,44,45,0.101254935,-0.5,other,0.0,0.0,-0.11522427169520023,0.0,-0.11008741786414251,0.0,1.7571712693035287e-13,2.0767959207229417e-12,False
171,43,45,0.101254935,-0.43475275,other,2.8929823996598605e-16,0.0,-0.11484060041581676,-0.0020504434899799935,nan,nan,0.0,0.0,False
172,45,46,0.09238117,-0.43475275,other,0.0,0.0,-0.11496444486840908,0.0,-0.1156328001698464,-0.07231163407417884,2.731962235219909e-13,6.398904338707462e-13,False
173,45,48,0.08416518999999999,-0.5,other,0.0,0.0,-0.11539611933487193,0.0,-0.11347060959163983,0.0,4.4891335045193533e-13,1.436039746494361e-13,False
174,46,48,0.08416518999999999,-0.43475275,other,0.0,0.0,-0.11518976342272269,0.0,nan,nan,0.0,0.0,False
175,47,48,0.07594920999999999,-0.43475275,other,0.0,0.0,-0.1152255856949748,0.0,-0.11565937074026277,-0.08697653968775187,3.487259434048027e-13,7.980483621446488e-13,False
176,48,49,0.06834223999999998,-0.5,other,0.0,0.0,-0.1154223547960662,0.0,-0.11442888799724872,0.0,7.976392938565919e-13,1.5526833857605294e-12,False
177,47,49,0.06834223999999998,-0.43475275,other,0.0,0.0,-0.11531805914576249,0.0,nan,nan,0.0,0.0,False
178,49,50,0.060735269999999994,-0.43475275,other,0.0,0.0,-0.11533639629741911,0.0,-0.11567525236706538,-0.1089016323680748,3.4757769053905445e-13,8.218730529552133e-13,False
179,49,379,0.05369217,-0.5,other,0.0,0.0,-0.11540547462086025,0.0,-0.11480754250243222,0.0,1.1452169843956058e-12,1.8891565145668796e-12,False
180,50,379,0.05369217,-0.43475275,other,0.0,0.0,-0.11539826127045291,0.0,nan,nan,0.0,0.0,False
181,50,51,0.060735269999999994,-0.33475275000000004,other,-5.785964799319727e-16,0.0,-0.11566364187083572,0.0,-0.11572028059713912,-0.16421267445765111,3.0766672166860223e-12,2.059678959418401e-12,False
182,26,51,0.06834223999999998,-0.3,other,-2.8929823996598625e-16,0.0,-0.11565784917378508,0.0,-0.11542677172614771,-0.03208890719374018,5.184631264993843e-12,5.652740098224523e-12,True
183,25,51,0.06834223999999998,-0.2907759,other,-5.303801066043082e-16,0.0,-0.11570834904546523,0.0,nan,nan,0.0,0.0,False
184,50,79,0.05369217,-0.36950550000000004,other,0.0,0.0,-0.11560888767786824,0.0,-0.11545166426247973,0.0,7.709021236272872e-12,9.645411296849509e-12,True
185,51,79,0.05369217,-0.33475275000000004,other,-4.821637332766439e-16,0.0,-0.11566739289294195,0.0,nan,nan,0.0,0.0,False
186,25,52,0.06834223999999998,-0.2815518,other,0.0,0.0,-0.11570982216386089,0.0,-0.11503909937316492,-0.23524856403791952,2.687148889237551e-12,1.997573697707055e-12,False
187,51,52,0.060735269999999994,-0.2907759,other,-5.785964799319727e-16,0.0,-0.11571823518517842,0.0,-0.11573935754602577,-0.10655273785588851,7.644712444906463e-12,5.8974971312403546e-12,True
188,52,76,0.060735269999999994,-0.25191125000000003,other,5.785964799319719e-16,0.0,-0.11575341686259037,-0.04101814749219827,-0.11574974306851983,-0.10426177685195515,9.996716347302044e-12,9.171875876597813e-12,True
189,53,76,0.06834223999999998,-0.22227070000000004,other,2.8929823996598605e-16,0.0,-0.11573139150203639,-0.03767926574573568,-0.11673594024633303,0.1729077250319609,5.4105576735507725e-12,3.6588673028394394e-12,True
190,52,53,0.06834223999999998,-0.25191125000000003,other,-2.8929823996598625e-16,0.0,-0.11574044395976045,0.0,nan,nan,0.0,0.0,False
191,53,75,0.07594920999999999,-0.20229290000000003,other,-7.714619732426304e-16,0.0,-0.1157783529390368,-0.04874965294700304,-0.11561371676769891,-0.10265024684117004,5.366182726596945e-12,6.290805514921537e-12,True
192,54,75,0.08416518999999999,-0.1823151,other,2.8929823996598605e-16,0.0,-0.11498890065544548,-0.04864135997167837,-0.11902608044651072,-0.22979564600709193,1.5659525840312834e-12,1.7339664435257683e-12,False
193,53,54,0.08416518999999999,-0.20229290000000003,other,-6.268128532596371e-16,0.0,-0.11562824580085486,-0.0032336740338745128,nan,nan,0.0,0.0,False
194,54,74,0.09238117,-0.16884999999999997,other,5.785964799319719e-16,0.0,-0.05533896806798335,-0.04447826296774802,-0.11389372429757459,-0.10491116170531067,1.120055546050167e-12,2.21344594143791e-12,False
195,55,74,0.101254935,-0.1553849,other,-1.7840058131236177e-14,0.0,-0.041399306891438954,-0.03659958387733965,-0.015879837744834185,-0.2850824375227847,4.2579884628584263e-14,1.9827284831609703e-13,False
196,54,55,0.101254935,-0.16884999999999997,other,5.785964799319719e-16,0.0,-0.05692844740005145,-0.03659680657570477,nan,nan,0.0,0.0,False
197,55,73,0.11012870000000001,-0.14630939999999998,other,-2.5628106586164494e-10,0.0,-0.036105766986235056,-0.03955469530487959,-0.04115631102973562,-0.07440724466672277,3.496769562532213e-14,1.655686757921002e-13,False
198,56,73,0.11971285000000002,-0.1372339,other,-2.3089690981807798e-08,-8.609973470856581e-06,-0.039186759603836885,-0.03461298378601231,-0.03610581785716472,-0.03629121843537281,3.150360727109372e-14,3.1986341122953754e-14,False
199,55,56,0.11971285000000002,-0.14630939999999998,other,-4.163259632703348e-10,-9.146167009684336e-06,-0.0361088854387821,-0.03459801115261274,nan,nan,0.0,0.0,False
200,56,72,0.129297,-0.13111695,other,-1.1980947067709914e-05,-8.333984573205258e-05,-0.03450629005747131,-0.035838640477633486,-0.039203192609984304,-0.04015823373121235,3.1541073975436525e-14,3.1556476383586086e-14,False
201,57,72,0.13964849999999998,-0.125,other,-0.00019722031169572377,-0.0008277655146976991,-0.03582086214955142,-0.03060876708547801,-0.034698111294733526,-0.035461733093078464,2.0044941047758566e-14,2.0630984061015803e-14,False
202,56,57,0.13964849999999998,-0.13111695,other,-2.427464821807797e-05,-0.0008068296636475672,-0.034623007711237094,-0.03022162663200737,nan,nan,0.0,0.0,False
203,57,71,0.15,-0.11885195,other,-0.0016046999049247246,-0.002411731191326351,-0.02958361002032353,-0.0307841286790847,-0.03742362426419076,-0.03815586868806832,2.513468201644123e-14,2.623017147479987e-14,False
204,58,71,0.16039894999999998,-0.11270390000000001,other,-0.005050519351154601,-0.004843342828283416,-0.0288426922268214,-0.02751186165266185,-0.03348221169545711,-0.03386855065313048,1.657556257350791e-14,1.6324747142521588e-14,False
205,57,58,0.16039894999999998,-0.11885195,other,-0.0028603680838160386,-0.003966135504340835,-0.029561400003019964,-0.026642495465257654,nan,nan,0.0,0.0,False
206,58,70,0.1707979,-0.10580291,other,-0.008654614146028992,-0.008084077463938985,-0.026031825038378312,-0.026123658241899873,-0.03611999491211442,-0.03695911909287062,2.5874034242468993e-14,2.6001924338009846e-14,False
207,59,70,0.18422864999999997,-0.09890191999999999,other,-0.011125382367790853,-0.010190898374332609,-0.023709686202384936,-0.02451406152327441,-0.02962477901838795,-0.030483472245589765,1.2937444613876206e-14,1.2601829425945441e-14,False
208,58,59,0.18422864999999997,-0.10580291,other,-0.01018468204248193,-0.008512520068832002,-0.023865032810621814,-0.02422509715577492,nan,nan,0.0,0.0,False
209,59,69,0.19765939999999999,-0.09115584,other,-0.011727374024847196,-0.011575595318074573,-0.02278495060994818,-0.023240926568509478,-0.03369107276433491,-0.03412117831242579,3.2686448803147555e-14,3.2370635778724167e-14,False
210,60,69,0.21500590000000003,-0.08340976,other,-0.011457006253196761,-0.01146395174979512,-0.021778702017618612,-0.02263551506510527,-0.022022452003066326,-0.02330102122281169,8.957351571473574e-15,8.722409134900655e-15,False
211,59,60,0.21500590000000003,-0.09115584,other,-0.010931335943571065,-0.010568387962962899,-0.021702673889545835,-0.022347971963493484,nan,nan,0.0,0.0,False
212,60,68,0.23235240000000004,-0.07471507499999999,other,-0.010900765914720468,-0.011073325315354864,-0.021491839940706005,-0.021827748330805304,-0.029232123381075455,-0.02947931236196937,3.897372299310337e-14,3.8536630384302154e-14,False
213,61,68,0.25475625,-0.06602038999999998,other,-0.010057077097556454,-0.010347938264940109,-0.020482004866497188,-0.021155185832469517,-0.008293503764713404,-0.010117289344239363,4.4592313762522136e-15,4.365108953612267e-15,False
214,60,61,0.25475625,-0.07471507499999999,other,-0.009646645799135746,-0.009725301881863685,-0.020633123930206932,-0.020940977451102037,nan,nan,0.0,0.0,False
215,61,67,0.2771601,-0.056260945,other,-0.009357346771342305,-0.009540857388148239,-0.019783071934263912,-0.020040191323834416,-0.023770373514772774,-0.0240578733524861,4.291902841281794e-14,4.2402175210698905e-14,False
216,62,67,0.30609574999999994,-0.04650150000000001,other,-0.008315841826448418,-0.008686200566078802,-0.018802982527599474,-0.019202104107437383,0.6941502150820757,0.5762096511981203,1.9396590725790024e-16,1.9505805325636103e-16,False
217,61,62,0.30609574999999994,-0.056260945,other,-0.008033731592969898,-0.008147730747614238,-0.019032360081894566,-0.01922619846047158,nan,nan,0.0,0.0,False
218,62,66,0.3350313999999999,-0.03554688500000001,other,-0.007522056736034528,-0.007720978500296055,-0.017727759379954224,-0.017961332003475942,-0.018548229452385625,-0.01892603564473697,4.350079578269979e-14,4.299571870537327e-14,False
219,63,66,0.3724033,-0.024592270000000003,other,-0.006506448726473974,-0.006871222481290733,-0.017044688070806287,-0.017196344926772654,-0.03341139310232419,-0.03324553961687262,3.2813703846852688e-15,3.2458315535048367e-15,False
220,62,63,0.3724033,-0.03554688500000001,other,-0.006322579148828378,-0.006446896314312701,-0.01720863657479029,-0.01736510975605956,nan,nan,0.0,0.0,False
221,63,64,0.45804285,-0.012296135000000001,other,-0.004732684353752596,-0.0051536307105262665,-0.015596614776409673,-0.01591076952842544,nan,nan,0.0,0.0,False
222,63,65,0.4097752,-0.012296135000000001,other,-0.005679089946794865,-0.006335331927007671,-0.015930302274699423,-0.01627705174947643,-0.014383606039945238,-0.015092784346340654,4.067819109172209e-14,4.230239422029793e-14,False
223,64,65,0.45804285,0.0,other,-0.005972607697670116,-0.005888476101923354,-0.01522790597302438,-0.015852669109358196,-0.022373365967185175,-0.021817383192873758,5.459115604353994e-15,5.453655120333847e-15,False
224,65,66,0.3724033,-0.012296135000000001,other,-0.007044409470265342,-0.007609045982442262,-0.016811353655598747,-0.017093847241414356,nan,nan,0.0,0.0,False
225,66,124,0.3350313999999999,-0.012296135000000001,other,-0.008418017988346498,-0.009283389695889311,-0.017274777476583354,-0.017597549546476667,-0.017606394509216236,-0.01840423682542603,4.491890970548169e-14,4.634208671755231e-14,False
226,65,124,0.3724033,0.0,other,-0.008933312695902775,-0.008744421831487822,-0.0165822320936812,-0.01693246655329559,-0.030511570128687777,-0.029739553002079942,5.112470177083697e-15,5.11097925120345e-15,False
227,66,67,0.30609574999999994,-0.03554688500000001,other,-0.009011473340626972,-0.00911274139487302,-0.018833742179338055,-0.018995474574275854,nan,nan,0.0,0.0,False
228,67,68,0.25475625,-0.056260945,other,-0.01081044377632402,-0.01088905124041609,-0.020821756260081297,-0.02104658819246622,nan,nan,0.0,0.0,False
229,67,123,0.2771601,-0.03554688500000001,other,-0.010554434505526792,-0.01076065071343651,-0.01954344939195112,-0.019746462682347768,-0.023109969324693586,-0.023394761528678625,4.5544182825952166e-14,4.495251948117609e-14,False
230,66,123,0.30609574999999994,-0.024592270000000003,other,-0.0093549042032466,-0.00979078894051675,-0.018549210886130204,-0.018803099587967644,-0.06524617977918816,-0.06390571921404882,1.863559266574164e-15,1.8695767121323144e-15,False
231,68,69,0.21500590000000003,-0.07471507499999999,other,-0.012215679245941528,-0.012087558200216899,-0.022280140372356937,-0.022738114064389598,nan,nan,0.0,0.0,False
232,68,122,0.23235240000000004,-0.056260945,other,-0.01229319047727815,-0.012485697240062073,-0.021734075685123137,-0.02198681379188319,-0.02917623237387853,-0.02938787196694903,4.2569986501645944e-14,4.2046687302324434e-14,False
233,67,122,0.25475625,-0.04650150000000001,other,-0.011311951329634442,-0.011675243182211104,-0.02054373745717722,-0.021117992244414782,0.012528408428283623,0.010747917304020986,2.8189363469575073e-15,2.7257728161525108e-15,False
234,69,70,0.18422864999999997,-0.09115584,other,-0.01246489423146211,-0.011057690779517246,-0.023883563729542753,-0.02465758936096608,nan,nan,0.0,0.0,False
235,69,121,0.19765939999999999,-0.07471507499999999,other,-0.013370833027512548,-0.013410456427509388,-0.023301643412538677,-0.023709395456513165,-0.03461340747407955,-0.03490989916724841,3.666044965557324e-14,3.629561717667259e-14,False
236,68,121,0.21500590000000003,-0.06602038999999998,other,-0.01286011967404546,-0.013024310830395689,-0.02222750335881809,-0.02305157672214367,-0.01746269327607828,-0.018769490455778616,8.055398169250807e-15,7.828894328770362e-15,False
237,70,71,0.16039894999999998,-0.10580291,other,-0.006652275603050703,-0.006366640821391144,-0.028889331790748464,-0.02718435618841271,nan,nan,0.0,0.0,False
238,70,120,0.1707979,-0.09115584,other,-0.012092270847320423,-0.011386851319679415,-0.025847986892339962,-0.026121173807370963,-0.038106527702858106,-0.03882540512364018,2.96356860837424e-14,2.9541898475871113e-14,False
239,69,120,0.18422864999999997,-0.08340976,other,-0.013308325441025151,-0.012798623137707146,-0.023887547868586757,-0.0248269121523748,-0.02830031854815603,-0.02934320340838832,1.2931310324149873e-14,1.2522406627521677e-14,False
240,71,72,0.13964849999999998,-0.11885195,other,-0.0002611999591190334,-0.0018179655744580802,-0.03578806042058774,-0.03114942104619007,nan,nan,0.0,0.0,False
241,71,119,0.15,-0.10580291,other,-0.004224477348338122,-0.004958705518561207,-0.03051259766650821,-0.031157457819481087,-0.039413166263881784,-0.04051984836858195,2.8070474790895274e-14,2.905526817921013e-14,False
242,70,119,0.16039894999999998,-0.09890191999999999,other,-0.009010025553300953,-0.008120727399672187,-0.02806062760932893,-0.028099891163185953,-0.03465667042322836,-0.035309077952195574,1.669907589732414e-14,1.641112146607628e-14,False
243,72,73,0.11971285000000002,-0.13111695,other,-3.8419689940775175e-08,-8.353587380337789e-05,-0.03914973316488431,-0.03597264926552519,nan,nan,0.0,0.0,False
244,72,118,0.129297,-0.11885195,other,-0.0001365739981607738,-0.000511842316206626,-0.03559973383990565,-0.03646680215880174,-0.04176076167211802,-0.04273582741507604,3.4243343509325215e-14,3.533093996289652e-14,False
245,71,118,0.13964849999999998,-0.11270390000000001,other,-0.0014191040428508475,-0.0020514333397839033,-0.03546608112085299,-0.031882021195361016,-0.03695924474692151,-0.03756689669976403,1.95113429715974e-14,1.970719103927483e-14,False
246,73,74,0.101254935,-0.14630939999999998,other,-3.4715788795919724e-14,0.0,-0.04101861896205945,-0.03961275937745551,nan,nan,0.0,0.0,False
247,73,117,0.11012870000000001,-0.13111695,other,-1.8954090714558782e-08,0.0,-0.039113209062172576,-0.042125443660226476,-0.04476131314938081,-0.05029308453588605,4.0480359182651447e-14,6.425033985129285e-14,False
248,72,117,0.11971285000000002,-0.125,other,-2.1769972546281254e-06,-7.674447868468145e-05,-0.041622406675204705,-0.03606876443476159,-0.03911530616210384,-0.0400809179517081,2.2747207367741643e-14,2.370882631811382e-14,False
249,74,75,0.08416518999999999,-0.16884999999999997,other,0.0,0.0,-0.11540109126006111,-0.046187491011005555,nan,nan,0.0,0.0,False
250,74,116,0.09238117,-0.14630939999999998,other,-2.1890233490760168e-14,0.0,-0.04073545900703868,-0.04549426361049197,-0.09314160065012983,-0.12892276791840188,1.216755065968393e-13,9.573143967564108e-13,False
251,73,116,0.101254935,-0.1372339,other,-8.029231568463529e-12,0.0,-0.044761928537347846,-0.039618593950001245,-0.04084152347702892,-0.2464123158323941,3.701627082828629e-14,2.2827789426309495e-14,False
252,75,76,0.06834223999999998,-0.20229290000000003,other,8.678947198979575e-16,0.0,-0.11576090633346266,-0.09972186182986423,nan,nan,0.0,0.0,False
253,75,115,0.07594920999999999,-0.16884999999999997,other,0.0,0.0,-0.11584673106846008,-0.21812615468733335,-0.11541703753546462,-0.13829381237533941,4.136725508292499e-12,4.850340788072529e-12,True
254,74,115,0.08416518999999999,-0.1553849,other,-9.643274665532872e-17,0.0,-0.10814445376315202,-0.05217167950905957,-0.12033416397310044,-0.20827949218222822,9.55800153682635e-13,1.2197874676409634e-12,False
255,52,77,0.05369217,-0.2815518,other,0.0,0.0,-0.11574010341451023,-0.16939420959066415,-0.11538670288912192,-0.19431492230727554,5.039152791613772e-12,1.2166409270211472e-12,False
256,76,77,0.05369217,-0.25191125000000003,other,5.785964799319719e-16,0.0,-0.11575057992780521,-0.22305450928138928,nan,nan,0.0,0.0,False
257,76,86,0.05369217,-0.22227070000000004,other,3.857309866213147e-16,0.0,-0.11577709623330358,0.014171425883072915,-0.10760602394846423,0.07515181604478367,4.840460990593871e-13,7.687718802704459e-13,False
258,86,87,0.04664907,-0.2114701574154307,other,0.0,0.0,-0.11580666417460599,-0.17222269527146214,-0.11580751953167547,-0.12913267345807375,1.1423225751426706e-11,1.1264621956458802e-11,True
259,76,87,0.05369217,-0.2114701574154307,other,6.750292265873004e-16,0.0,-0.1157726626075595,-0.2650893680546018,-0.11588711886566953,-0.12440325224293572,1.0500128174804061e-11,1.0976468255764472e-11,True
260,76,114,0.060735269999999994,-0.20229290000000003,other,2.8929823996598605e-16,0.0,-0.11580328136927058,-0.19304060044493354,-0.11574863778563774,-0.12699671947731916,5.3911919455522814e-12,6.3285947010711146e-12,True
261,75,114,0.06834223999999998,-0.1823151,other,-6.268128532596371e-16,0.0,-0.11562896547061544,-0.19487074240300142,-0.1178181896297389,-0.23708501198601,2.795409802727185e-12,3.267755946672436e-12,True
262,52,78,0.05369217,-0.2907759,other,0.0,0.0,-0.11572757640677277,0.0,nan,nan,0.0,0.0,False
263,77,78,0.04664907,-0.2907759,other,0.0,0.0,-0.11573409611549743,-0.20615384841882337,-0.11575158404034092,-0.10004785429051062,9.684250956426464e-12,7.40533962634715e-12,True
264,77,86,0.04664907,-0.25191125000000003,other,0.0,0.0,-0.11575963514723164,-0.14536579348662226,-0.11576775886251933,-0.11826906156106726,1.183898442955564e-11,1.0769838314395703e-11,True
265,51,78,0.05369217,-0.3,other,-7.232455999149659e-16,0.0,-0.11567451115752109,0.0,-0.1155792317747315,-0.21883833771615477,9.75267649321418e-12,7.434475216700979e-12,True
266,78,79,0.04664907,-0.33475275000000004,other,0.0,0.0,-0.11566962672903015,0.0,-0.11573118564808726,-0.10239925256816022,3.028142065620804e-12,2.7602210128193066e-12,True
267,79,80,0.040128045,-0.36950550000000004,other,0.0,0.0,-0.11562255479386015,0.0,-0.11552609808204325,-0.056265952074162094,1.0441271287528406e-11,2.2261698042141214e-11,True
268,78,80,0.040128045,-0.33475275000000004,other,0.0,0.0,-0.11567787694899193,0.0,nan,nan,0.0,0.0,False
269,79,379,0.04664907,-0.43475275,other,0.0,0.0,-0.1154162728036773,0.0,-0.1156863236725338,-0.11124907128986784,2.9589201436582983e-13,8.929552517498685e-13,False
270,81,379,0.040128045,-0.5,other,0.0,0.0,-0.11538030507663556,0.0,-0.11498812112218487,0.0,1.4411089987614838e-12,9.602063810515455e-12,True
271,79,81,0.040128045,-0.43475275,other,0.0,0.0,-0.11545749072804265,0.0,nan,nan,0.0,0.0,False
272,80,81,0.033607019999999994,-0.43475275,other,0.0,0.0,-0.11547630843660008,0.0,-0.11569419786794731,-0.05232900674234714,2.445621138449157e-13,5.014605741571279e-13,False
273,81,82,0.027569365,-0.5,other,0.0,0.0,-0.11534342286219382,0.0,-0.11509063202854637,0.0,1.6856711126063616e-12,1.822036576924972e-11,True
274,80,82,0.027569365,-0.43475275,other,0.0,0.0,-0.11550161685357432,0.0,nan,nan,0.0,0.0,False
275,80,84,0.033607019999999994,-0.33475275000000004,other,0.0,0.0,-0.11567910327727206,-0.1285783045262852,-0.1157385023046616,-0.10435609906656199,2.9988860785381642e-12,3.223731847426197e-12,True
276,78,84,0.040128045,-0.3,other,0.0,0.0,-0.11569393280548279,-0.14425309728289137,-0.11565291869307881,-0.15514796483457707,1.6408785384021395e-11,1.2052861519547157e-11,True
277,82,83,0.02153171,-0.43475275,other,0.0,0.0,-0.1155411272378903,0.0,-0.11569901025176037,-0.13693001002185892,1.2176686616793194e-13,5.581690757832732e-13,False
278,80,83,0.027569365,-0.36950550000000004,other,0.0,0.0,-0.11563238449031554,0.0,-0.11557126331017972,0.039435346943123964,1.3195595252221326e-11,3.022269001951941e-11,True
279,82,92,0.018736654999999998,-0.5,other,0.0,0.0,-0.11525638874334523,0.0,-0.11513164517637772,0.0,1.8074379787742883e-12,2.6297876872462865e-11,True
280,83,92,0.018736654999999998,-0.43475275,other,0.0,0.0,-0.1155227757357083,0.0,nan,nan,0.0,0.0,False
281,83,90,0.02153171,-0.33475275000000004,other,0.0,0.0,-0.11569472738547498,-0.16038999487934968,-0.11574276890786393,-0.16451658004200795,1.8481248800540796e-12,2.44747041982024e-12,True
282,84,90,0.027569365,-0.3,other,0.0,0.0,-0.1157125250147833,-0.5691392729286084,-0.11569595083139268,0.21077303839473716,2.7345014006865876e-11,3.193399014794388e-11,True
283,83,84,0.027569365,-0.33475275000000004,other,0.0,0.0,-0.11569166800771973,-0.10351841340932517,nan,nan,0.0,0.0,False
284,77,84,0.040128045,-0.2907759,other,0.0,0.0,-0.11574082413657083,-0.3519525008013836,nan,nan,0.0,0.0,False
285,77,85,0.040128045,-0.2815518,other,0.0,0.0,-0.11575769162912962,-0.013418726001037952,-0.11552265956826764,0.01740817530638681,7.193886264745479e-12,8.656180334525683e-12,True
286,84,85,0.033607019999999994,-0.2907759,other,0.0,0.0,-0.11574424395359705,0.14436319920207732,-0.11575577280020054,-0.1240723497722746,1.393511470138263e-11,9.023749961896224e-12,True
287,85,88,0.033607019999999994,-0.25191125000000003,other,0.0,0.0,-0.1157734772693787,0.2915621064754971,-0.11577776303183583,-0.12958993168248298,1.5392654845568652e-11,1.3601759835803427e-11,True
288,86,88,0.040128045,-0.22227070000000004,other,0.0,0.0,-0.11578591695082542,0.20122349928658015,-0.06189928848968935,0.07096563004745997,6.828742093738649e-14,4.258672905429121e-12,True
289,85,86,0.040128045,-0.25191125000000003,other,0.0,0.0,-0.11576727248526338,0.25143601410275024,nan,nan,0.0,0.0,False
290,87,88,0.040128045,-0.2114701574154307,other,0.0,0.0,-0.11582374339638284,-0.09482548683113161,nan,nan,0.0,0.0,False
291,85,89,0.027569365,-0.2815518,other,1.5429239464852566e-15,0.0,-0.11576825776811558,0.312549551935535,-0.11560108365229935,0.05090370314067163,8.65142640893315e-12,1.0245717253520214e-11,True
292,88,89,0.027569365,-0.25191125000000003,other,1.639356693140585e-15,0.0,-0.11577682466264916,0.2843671714681322,nan,nan,0.0,0.0,False
293,88,97,0.027569365,-0.22227070000000004,other,1.5429239464852566e-15,0.0,-0.1157900790168901,0.2579615694513939,-0.11249434837915277,-1.8978538720621048,6.866244306837976e-13,7.153922188934592e-15,False
294,97,98,0.02153171,-0.21674281049941344,other,1.2536257065192714e-15,0.0,-0.11583471812358899,0.30983250041663163,-0.11583515157034972,-0.10684285577056314,1.417890682615019e-11,1.3416886761243171e-11,True
295,88,98,0.027569365,-0.21674281049941344,other,0.0,0.0,-0.11583134085904266,0.30051924204326197,-0.11588494589064582,-0.12196120277220457,6.656328784980177e-12,6.252306886477406e-12,True
296,98,111,0.027569365,-0.2059422679148441,other,0.0,0.0,-0.11583770925371843,0.12777437054362295,-0.1157790073035041,-0.08796264891863517,6.631347515314866e-12,6.927469056741157e-12,True
297,88,111,0.033607019999999994,-0.2114701574154307,other,0.0,0.0,-0.11583343947665431,0.017812420822776266,-0.11583127830628571,-0.1063919830069,9.354663070329841e-12,9.853803419381306e-12,True
298,87,111,0.040128045,-0.20066961483086138,other,0.0,0.0,-0.1158409512218604,-0.3342296054817495,-0.11725205478773741,0.6590733122824909,1.547135363895335e-12,1.3033062649382814e-12,False
299,85,90,0.027569365,-0.2907759,other,0.0,0.0,-0.11574793942749259,0.07892027379664007,nan,nan,0.0,0.0,False
300,89,90,0.02153171,-0.2907759,other,1.4464911998299282e-15,0.0,-0.11574932628669216,0.10668166012289272,-0.11575459495065807,-0.10096173529636074,1.5233457486107147e-11,8.71521505479616e-12,True
301,89,97,0.02153171,-0.25191125000000003,other,2.6036841596938673e-15,0.0,-0.11578028089491707,0.2925004097456273,-0.11578194810293307,-0.11202712907557459,1.4442484177164771e-11,1.3216368646515264e-11,True
302,83,91,0.018736654999999998,-0.36950550000000004,other,0.0,0.0,-0.115627045424337,0.0,-0.11559146587387485,-0.17250807346959188,1.4921953266107604e-11,1.1693728753935713e-11,True
303,90,91,0.018736654999999998,-0.33475275000000004,other,0.0,0.0,-0.11570360216400119,-0.1146504601030057,nan,nan,0.0,0.0,False
304,91,92,0.0159416,-0.43475275,other,0.0,0.0,-0.11552896489864031,0.0,-0.11570049726582407,-0.2967184794167699,5.688077213205051e-14,2.166962826056446e-13,False
305,92,93,0.013146544999999999,-0.5,other,0.0,0.0,-0.11521634025595558,0.0,-0.11514901200212976,0.0,1.8643187509062753e-12,3.2882266773865937e-11,True
306,91,93,0.013146544999999999,-0.43475275,other,0.0,0.0,-0.11553253574487575,0.0,nan,nan,0.0,0.0,False
307,91,95,0.0159416,-0.33475275000000004,other,0.0,0.0,-0.11570413839582841,-0.04376459751513922,-0.11574402568078052,-0.12004835088352803,9.61712280585239e-13,1.864395131045662e-12,False
308,90,95,0.018736654999999998,-0.3,other,0.0,0.0,-0.11572425950885236,-0.4292387352856512,-0.11571576073641908,-0.11676472832033462,4.073034661291941e-11,2.223058285800297e-11,True
309,93,94,0.010351489999999998,-0.43475275,other,0.0,0.0,-0.11556778245828225,0.0,-0.11570131624810506,-1.2548873246415175,2.191031359140086e-14,3.1565107085959376e-15,False
310,91,94,0.013146544999999999,-0.36950550000000004,other,0.0,0.0,-0.11562130041931509,0.0,-0.11560034578281067,0.7922241631672791,1.5826784774560167e-11,2.0674494997019253e-11,True
311,93,103,0.00905755375,-0.5,other,0.0,0.0,-0.1151739102977612,0.0,-0.11515543156586436,0.0,1.8862290644975996e-12,1.875329935839406e-11,True
312,94,103,0.00905755375,-0.43475275,other,0.0,0.0,-0.11553644589367533,0.0,nan,nan,0.0,0.0,False
313,94,101,0.010351489999999998,-0.33475275000000004,other,0.0,0.0,-0.1157176160928112,0.0,-0.11574487198796082,-0.10200258631788452,4.1854658552663955e-13,1.2372339507305227e-12,False
314,95,101,0.013146544999999999,-0.3,other,0.0,0.0,-0.11572910419134766,-0.04351309866697546,-0.11572401880446603,-0.7397538827089944,5.210703399607645e-11,1.3237619864811724e-11,True
315,94,95,0.013146544999999999,-0.33475275000000004,other,0.0,0.0,-0.11571090134284996,-0.07494340993851165,nan,nan,0.0,0.0,False
316,89,95,0.018736654999999998,-0.2907759,other,1.3500584531745999e-15,0.0,-0.11574963313826185,0.1872449929559219,nan,nan,0.0,0.0,False
317,89,96,0.018736654999999998,-0.2815518,other,1.157192959863943e-15,0.0,-0.11577278071370924,0.13613427970627004,-0.11563590910009447,-0.22433852917411384,7.860453099995934e-12,5.317253023938495e-12,True
318,95,96,0.0159416,-0.2907759,other,0.0,0.0,-0.1157491682388157,-0.014146518876916933,-0.1157528377995874,-0.09119895216665212,1.2338399663743858e-11,6.773834565609999e-12,True
319,96,99,0.0159416,-0.25191125000000003,other,0.0,0.0,-0.1157820581450822,-0.03181716065557961,-0.11578278535999259,-0.11822562409803661,1.0635506266360161e-11,9.695480761991655e-12,True
320,97,99,0.018736654999999998,-0.22227070000000004,other,1.157192959863943e-15,0.0,-0.11579119273178273,0.031404202393775796,-0.11223501099129841,0.0,4.2304707968294917e-13,8.63761758528741e-12,True
321,96,97,0.018736654999999998,-0.25191125000000003,other,9.64327466553286e-16,0.0,-0.11578115942957193,0.08237415971111729,nan,nan,0.0,0.0,False
322,98,99,0.018736654999999998,-0.21674281049941344,other,0.0,0.0,-0.11583552709308773,0.16605083261492407,nan,nan,0.0,0.0,False
323,98,110,0.02153171,-0.2059422679148441,other,0.0,0.0,-0.1158519790465458,0.0843713574772221,-0.11585071845761467,-0.04501580090198108,1.4434007707539487e-11,1.4502211641439794e-11,True
324,110,111,0.027569365,-0.20066961483086138,other,0.0,0.0,-0.11586623236814175,-0.1463744181040979,-0.11721807758404745,0.2607089782495251,8.635643751205225e-13,1.2276796260120275e-12,False
325,96,100,0.013146544999999999,-0.2815518,other,0.0,0.0,-0.11577307323373526,0.014366946378582993,-0.11565530925812821,-0.19838794451545644,6.157559702612151e-12,6.210113475718885e-12,True
326,99,100,0.013146544999999999,-0.25191125000000003,other,0.0,0.0,-0.11578250351246426,-0.06544184605616378,nan,nan,0.0,0.0,False
327,99,109,0.0159416,-0.21674281049941344,other,0.0,0.0,-0.11583624232509605,-0.2505542315107498,-0.1158363979135108,-0.12895136526110143,1.0417396375404506e-11,1.0003698357239913e-11,True
328,98,109,0.018736654999999998,-0.2112149209988268,other,0.0,0.0,-0.11584348874927097,0.04635933128829899,-0.11374836850385424,0.38247160923523404,2.3011961172750854e-13,1.5317105597114837e-12,False
329,96,101,0.013146544999999999,-0.2907759,other,0.0,0.0,-0.11574921912732848,0.01401283637745155,nan,nan,0.0,0.0,False
330,100,101,0.010351489999999998,-0.2907759,other,0.0,0.0,-0.11574920232723872,0.0,-0.11575067805706846,-0.1150701956791461,1.1268477256868953e-11,5.33810971871937e-12,True
331,100,108,0.010351489999999998,-0.25191125000000003,other,0.0,0.0,-0.11578298397245973,-0.04475315885250884,-0.11578315008572214,-0.11784598614124618,8.707293142860368e-12,8.122121370290773e-12,True
332,99,108,0.013146544999999999,-0.22227070000000004,other,0.0,0.0,-0.1157917625862087,-0.13696926042161336,-0.1111902413184466,-0.09656413315370949,2.04937188729977e-13,9.84327183948275e-12,True
333,94,102,0.00905755375,-0.36950550000000004,other,0.0,0.0,-0.11561107074556934,0.0,-0.11560393862694932,0.19260745985254482,1.622342104649473e-11,4.840340431638539e-11,True
334,101,102,0.00905755375,-0.33475275000000004,other,0.0,0.0,-0.11571627320590387,0.0,nan,nan,0.0,0.0,False
335,102,103,0.0077636175,-0.43475275,other,0.0,0.0,-0.11556776895394252,0.0,-0.11570151537562003,0.0,5.413674801913432e-15,3.109680160603342e-14,False
336,103,104,0.007116649375000001,-0.5,other,0.0,0.0,-0.11516201932742295,0.0,-0.11515699537820527,0.0,1.891642739299502e-12,1.517173672216622e-10,True
337,102,104,0.007116649375000001,-0.43475275,other,0.0,0.0,-0.11553744784410233,0.0,nan,nan,0.0,0.0,False
338,102,106,0.0077636175,-0.33475275000000004,other,0.0,0.0,-0.11572213344035598,0.0,-0.11574514913540312,-0.10482709555274002,1.0962512219853997e-13,6.972461416309527e-13,False
339,101,106,0.00905755375,-0.3,other,0.0,0.0,-0.11573214024848114,0.0,-0.11572865194727634,-0.514781526438661,6.295696466741664e-11,1.7428362956940664e-11,True
340,104,105,0.00646968125,-0.43475275,other,0.0,0.0,-0.11556848648475052,0.0,-0.11570157041823452,0.0,1.423838872762983e-15,1.7587628908852775e-14,False
341,102,105,0.007116649375000001,-0.36950550000000004,other,0.0,0.0,-0.11560703287255543,0.0,-0.11560485452289414,0.0,1.6327632493891304e-11,1.080621921966831e-10,True
342,104,364,0.006146197187500001,-0.5,other,0.0,0.0,-0.11515879697187305,0.0,-0.11515740522807412,0.0,1.8930665781722455e-12,1.0997877590795658e-10,True
343,105,364,0.006146197187500001,-0.43475275,other,0.0,0.0,-0.11553771781433277,0.0,nan,nan,0.0,0.0,False
344,105,362,0.00646968125,-0.33475275000000004,other,0.0,0.0,-0.11572420956859762,0.0,-0.1157452641667957,-0.14620605445081317,2.970679136620928e-14,2.501544947851786e-13,False
345,106,362,0.007116649375000001,-0.3,other,0.0,0.0,-0.11573323473762238,0.0,-0.11573039644229116,0.0,6.866306155545204e-11,1.5862846916964884e-10,True
346,105,106,0.007116649375000001,-0.33475275000000004,other,0.0,0.0,-0.11571860743540603,0.0,nan,nan,0.0,0.0,False
347,100,106,0.00905755375,-0.2907759,other,0.0,0.0,-0.11574844295152793,0.0,nan,nan,0.0,0.0,False
348,100,107,0.00905755375,-0.2815518,other,0.0,0.0,-0.11577306661522928,0.0,-0.11566602332065477,0.0,3.5963755885972308e-12,1.8240725608484426e-11,True
349,106,107,0.0077636175,-0.2907759,other,0.0,0.0,-0.11574861333966541,0.0,-0.11574955876204995,-0.11881657483016236,5.815722010234556e-12,2.685905155743949e-12,True
350,107,369,0.0077636175,-0.25191125000000003,other,0.0,0.0,-0.11578316937565773,-0.1835866166246091,-0.11578321293620152,-0.12403752317073961,4.22679504731556e-12,3.931430218748275e-12,True
351,108,369,0.00905755375,-0.22227070000000004,other,0.0,0.0,-0.11579195407229008,-0.19930978477433745,-0.11068105638764825,0.4829579573893389,9.278633644080865e-14,4.72754283720582e-12,True
352,107,108,0.00905755375,-0.25191125000000003,other,0.0,0.0,-0.1157830598304526,-0.04894023775575718,nan,nan,0.0,0.0,False
353,108,370,0.010351489999999998,-0.21674281049941344,other,0.0,0.0,-0.11583722620330004,-0.20150368586102113,-0.11583732422540183,-0.14816158010383618,8.595142290588766e-12,8.351101157650498e-12,True
354,109,370,0.013146544999999999,-0.2112149209988268,other,0.0,0.0,-0.11584193644537591,-0.2690582631071236,-0.11447602552563123,1.180755700950836,1.7523538118389333e-13,3.337232087003954e-12,True
355,108,109,0.013146544999999999,-0.21674281049941344,other,0.0,0.0,-0.115836761434146,-0.17148614511901783,nan,nan,0.0,0.0,False
356,109,110,0.018736654999999998,-0.2059422679148441,other,0.0,0.0,-0.11584992398784193,-0.17430252778242347,nan,nan,0.0,0.0,False
357,370,371,0.010351489999999998,-0.20851815501753157,other,0.0,0.0,-0.1158514484708482,-0.36984092799932616,-0.11585156444019155,-0.15358812253160953,8.541400931291564e-12,7.868683691390604e-12,True
358,109,371,0.013146544999999999,-0.20851815501753157,other,0.0,0.0,-0.11585248213252464,-0.37182311124198325,-0.11586703738545215,-0.08405076871990655,4.7964642286529e-12,5.149426818322244e-12,True
359,109,377,0.0159416,-0.2059422679148441,other,0.0,0.0,-0.11585149722079022,0.015854648978626814,-0.11585335118477498,-0.12654463516231446,5.566047916206391e-12,5.512394028900484e-12,True
360,110,377,0.018736654999999998,-0.20066961483086138,other,0.0,0.0,-0.11585795497512827,0.04558250968303212,-0.11564023425954122,0.08870199578408677,2.2490280066950305e-12,3.4892061082349372e-12,True
361,110,112,0.027569365,-0.1914923574154307,other,2.8929823996598605e-16,0.0,-0.11586944453123565,-0.14521731663613976,nan,nan,0.0,0.0,False
362,111,112,0.033607019999999994,-0.1914923574154307,other,3.857309866213147e-16,0.0,-0.11587786181467961,-0.18857873841975087,-0.1158706069736088,-0.11061786222427886,1.6669581574419313e-11,1.8220163961927465e-11,True
363,111,113,0.040128045,-0.1914923574154307,other,0.0,0.0,-0.11586396068223366,-0.16881355935725895,nan,nan,0.0,0.0,False
364,87,113,0.04664907,-0.1914923574154307,other,0.0,0.0,-0.11587270963499144,-0.24509788548261827,-0.11583599063806292,-0.12734430013051132,1.2696679132443186e-11,1.2349961330481869e-11,True
365,112,113,0.040128045,-0.1823151,other,7.71461973242629e-16,0.0,-0.11588455671833445,-0.16192470799095132,-0.11691604491739173,0.15976889062460042,2.80040648890763e-12,2.1983829212195886e-12,False
366,112,154,0.033607019999999994,-0.16884999999999997,other,1.4464911998299282e-15,0.0,-0.11592725094677844,-0.22478843830931655,-0.11591928446465778,-0.12862814164729175,2.557689245745821e-11,2.1327425228638698e-11,True
367,135,154,0.040128045,-0.1553849,other,1.4464911998299282e-15,0.0,-0.11594584189004163,-0.16939905268070765,-0.11636249272939111,-0.08339375210419978,8.104465472425349e-12,5.267523138963783e-12,True
368,112,135,0.040128045,-0.16884999999999997,other,9.64327466553286e-16,0.0,-0.11591840230767327,-0.1123387250410549,nan,nan,0.0,0.0,False
369,113,114,0.05369217,-0.1823151,other,-2.8929823996598625e-16,0.0,-0.11582862217083827,-0.19677337826031108,-0.11642784029539086,-0.11934163094833614,6.345849293385307e-12,3.1671740482558045e-12,True
370,87,114,0.05369217,-0.1914923574154307,other,-3.375146132936506e-16,0.0,-0.1158221474625499,-0.3422263390376548,-0.1155777271261363,-0.12669330839880383,7.679539429890862e-12,9.262760387405503e-12,True
371,113,135,0.04664907,-0.16884999999999997,other,2.8929823996598605e-16,0.0,-0.11592554813236178,-0.10020850808861557,-0.1158809328078737,-0.12150033716403418,1.6242121936919088e-11,1.4375576340081281e-11,True
372,134,135,0.05369217,-0.1553849,other,1.9286549331065737e-16,0.0,-0.11591723149616585,-0.11351231753461459,-0.11654210834792238,-0.09627300696644844,6.7823827270646125e-12,5.2099472352736156e-12,True
373,113,134,0.05369217,-0.16884999999999997,other,-9.643274665532872e-17,0.0,-0.11589805480390637,-0.15608586351293374,nan,nan,0.0,0.0,False
374,114,134,0.060735269999999994,-0.16884999999999997,other,-8.678947198979593e-16,0.0,-0.11590015131530068,-0.19879643129792735,-0.1157668412242646,-0.12452242317496531,9.520291885253377e-12,8.961981096997968e-12,True
375,115,134,0.06834223999999998,-0.1553849,other,-3.8573098662131503e-16,0.0,-0.1157349956942156,-0.21454067863038193,-0.1172810440147256,-0.13053325398336435,3.2050443637426873e-12,3.2790335225625464e-12,True
376,114,115,0.06834223999999998,-0.16884999999999997,other,-7.714619732426304e-16,0.0,-0.11576922004935143,-0.26887778288794206,nan,nan,0.0,0.0,False
377,115,133,0.07594920999999999,-0.14630939999999998,other,-2.4108186663832183e-16,0.0,-0.1203225318487378,-0.07400734682027042,-0.11474866762080592,-0.12525671665937682,1.887481298488752e-12,3.3143087430546345e-12,True
378,116,133,0.08416518999999999,-0.1372339,other,-3.375146132936518e-15,0.0,-0.053899528866427064,-0.045507764844568276,-0.18724945089520556,-0.12237929312847558,3.542884868122634e-14,5.283208604297569e-13,False
379,115,116,0.08416518999999999,-0.14630939999999998,other,0.0,0.0,-0.11031777351664651,-0.04553730872946527,nan,nan,0.0,0.0,False
380,116,132,0.09238117,-0.13111695,other,-7.0717026105327954e-12,0.0,-0.04472400082122366,-0.04860949523784473,-0.05274578348362472,-0.04719654206287819,4.923038713285142e-14,3.8636446314913734e-13,False
381,117,132,0.101254935,-0.125,other,-5.598155069915086e-09,0.0,-0.047736794130588706,-0.042212081214374336,-0.04472503765923522,-0.019127468319639285,2.4680951579827938e-14,3.320641219011509e-14,False
382,116,117,0.101254935,-0.13111695,other,-1.385049075320574e-11,0.0,-0.044747455787892645,-0.042176483484435694,nan,nan,0.0,0.0,False
383,117,131,0.11012870000000001,-0.11885195,other,-1.5281561150938949e-06,-3.5064924768127785e-05,-0.04153005605689343,-0.04398291790414801,-0.04773840314905625,-0.04875189585200358,4.2414104586684424e-14,4.458193755439316e-14,False
384,118,131,0.11971285000000002,-0.11270390000000001,other,-0.00010336968605773714,-0.000451929765038706,-0.043214142181787804,-0.037042650167945425,-0.04163081894654151,-0.04251664309612965,2.1898225338637155e-14,2.2047175675573337e-14,False
385,117,118,0.11971285000000002,-0.11885195,other,-2.9261557217464e-06,-0.0004727245712434777,-0.04160111945303498,-0.036558630795486165,nan,nan,0.0,0.0,False
386,118,130,0.129297,-0.10580291,other,-0.0010237713299289404,-0.0018958689743600282,-0.03530795136254276,-0.03725445346759657,-0.04421953271650488,-0.04517179587364324,3.663023281304472e-14,3.7562110150521443e-14,False
387,119,130,0.13964849999999998,-0.09890191999999999,other,-0.004755580744895085,-0.004706880220145589,-0.03411722096475917,-0.032902364742382104,-0.03930243533271345,-0.039604230275934384,1.9787606465858585e-14,1.9708521109593934e-14,False
388,118,119,0.13964849999999998,-0.10580291,other,-0.0017780819319605271,-0.0036773592778681077,-0.03564908640178404,-0.0316266369283711,nan,nan,0.0,0.0,False
389,119,129,0.15,-0.09115584,other,-0.009129438521402994,-0.009003842473822698,-0.031056189679336564,-0.030836806472738683,-0.04187083883431746,-0.043210499336653316,3.115903117825221e-14,3.1680595977524864e-14,False
390,120,129,0.16039894999999998,-0.08340976,other,-0.013294525635043337,-0.0122948623107799,-0.027344640151327648,-0.028212356231936915,-0.034159448692439434,-0.03538613772731901,1.6828783600998077e-14,1.6355557379489652e-14,False
391,119,120,0.16039894999999998,-0.09115584,other,-0.0114758716458451,-0.009697223241419172,-0.028055369689828198,-0.027781919747505743,nan,nan,0.0,0.0,False
392,120,128,0.1707979,-0.07471507499999999,other,-0.015154265903037431,-0.014721710720897726,-0.025779041174031757,-0.026225068386071936,-0.03987012484185557,-0.04034387580679327,3.353318807783601e-14,3.3329916372720355e-14,False
393,121,128,0.18422864999999997,-0.06602038999999998,other,-0.015480911001559594,-0.015359942363513695,-0.024260750666907405,-0.02520547189842651,-0.0246236653585281,-0.025663721879113376,1.2054528763715314e-14,1.1651881524647587e-14,False
394,120,121,0.18422864999999997,-0.07471507499999999,other,-0.014524935018658139,-0.01372509228784814,-0.024253369089138794,-0.02499495261461678,nan,nan,0.0,0.0,False
395,121,127,0.19765939999999999,-0.056260945,other,-0.015310589601447029,-0.015473075113579456,-0.023781215845338002,-0.024043455845641264,-0.03501698223593499,-0.035195771630005306,4.0659641233631073e-14,4.019424367376161e-14,False
396,122,127,0.21500590000000003,-0.04650150000000001,other,-0.014647830479045141,-0.014934725266858604,-0.022442744541458462,-0.02317890010936727,-0.0055009586949534995,-0.006624440663392983,6.035385918270152e-15,5.817484909160049e-15,False
397,121,122,0.21500590000000003,-0.056260945,other,-0.013830304477613575,-0.013813490785674166,-0.022727415471045495,-0.02300530770120694,nan,nan,0.0,0.0,False
398,122,126,0.23235240000000004,-0.03554688500000001,other,-0.014093129134095878,-0.014308364242557433,-0.021583710613179388,-0.02172321744103977,-0.02858682565744005,-0.028763545978231695,4.5786566530729934e-14,4.515317677612093e-14,False
399,123,126,0.25475625,-0.024592270000000003,other,-0.012927050316700382,-0.013388707216615302,-0.02026342981007803,-0.020644710640812965,-0.6775560041835741,-1.0189657624627617,5.687222105537953e-17,3.39977944971878e-17,False
400,122,123,0.25475625,-0.03554688500000001,other,-0.0123011258965318,-0.012357222109799426,-0.020698719519745334,-0.020856317155784513,nan,nan,0.0,0.0,False
401,123,124,0.30609574999999994,-0.012296135000000001,other,-0.010225284099868932,-0.010931952120114356,-0.018312934404675588,-0.018581819449996855,nan,nan,0.0,0.0,False
402,123,125,0.2771601,-0.012296135000000001,other,-0.012055589894602191,-0.01312870081641136,-0.018917379923799358,-0.019193162886868575,-0.021977060348898278,-0.02282449890683172,4.746485360070215e-14,4.860017961407626e-14,False
403,124,125,0.30609574999999994,0.0,other,-0.01292948902142952,-0.012617379945757567,-0.01811266474978939,-0.01829134747867404,-0.04408455417862689,-0.04285077328082611,4.592004589233482e-15,4.6065304588244184e-15,False
404,125,126,0.25475625,-0.012296135000000001,other,-0.014249360099250265,-0.015083505498755242,-0.0200111449659266,-0.020263730188423822,nan,nan,0.0,0.0,False
405,126,144,0.23235240000000004,-0.012296135000000001,other,-0.016475957066303802,-0.01775356303710486,-0.020735344656060913,-0.020883542634708714,-0.02728365334023063,-0.02811680805886515,4.813139846866548e-14,4.89484564400461e-14,False
406,125,144,0.25475625,0.0,other,-0.01791562387134939,-0.017491487833432046,-0.019621590991824034,-0.019759509517899218,-0.06618655337499739,-0.0638921248250494,3.9131250432612905e-15,3.955187225316557e-15,False
407,126,127,0.21500590000000003,-0.03554688500000001,other,-0.015974576487751753,-0.015971635118696936,-0.02273500655089186,-0.02286032673349787,nan,nan,0.0,0.0,False
408,127,128,0.18422864999999997,-0.056260945,other,-0.016787543367890984,-0.016480109944286808,-0.024797043634844328,-0.02522478175289428,nan,nan,0.0,0.0,False
409,127,143,0.19765939999999999,-0.03554688500000001,other,-0.017862699572822768,-0.01809769241175663,-0.023769394635655448,-0.023799158648130474,-0.034627091794167016,-0.03470544526340219,4.4298477475693104e-14,4.368574125637656e-14,False
410,126,143,0.21500590000000003,-0.024592270000000003,other,-0.017040720990792683,-0.01746905994098681,-0.022108911389379857,-0.022613317871849815,0.06253475685058205,0.06762043572081433,2.4015294938995007e-15,2.1956212097364756e-15,False
411,128,129,0.16039894999999998,-0.07471507499999999,other,-0.015716351829559754,-0.013851070138501677,-0.02734258745764747,-0.02811801691382766,nan,nan,0.0,0.0,False
412,128,142,0.1707979,-0.056260945,other,-0.01805499437431153,-0.018021566358750532,-0.026079705251451618,-0.02638949677983841,-0.04094772720684352,-0.041171794622424686,3.758625911048143e-14,3.7248255503552506e-14,False
413,127,142,0.18422864999999997,-0.04650150000000001,other,-0.018017431992282992,-0.018147971775662644,-0.02451943120533155,-0.025388118281470494,-0.01497428293978792,-0.015789899509254655,9.67413794779555e-15,9.296180120338807e-15,False
414,129,130,0.13964849999999998,-0.09115584,other,-0.006491962446086716,-0.0069211793068922785,-0.034527329049126726,-0.03178742911584474,nan,nan,0.0,0.0,False
415,129,141,0.15,-0.07471507499999999,other,-0.014969833626384273,-0.014114981203411887,-0.030080675187406116,-0.030198227918927394,-0.044629375082806316,-0.04575433309543825,3.4383860998074813e-14,3.472682384007463e-14,False
416,128,141,0.16039894999999998,-0.06602038999999998,other,-0.017236204783170624,-0.016609091998778868,-0.027021366706153505,-0.028145215144383236,-0.031087484499478145,-0.032624378837225396,1.6107560402245654e-14,1.565063785600726e-14,False
417,130,131,0.11971285000000002,-0.10580291,other,-0.00012806146819935944,-0.0015401099028847915,-0.043243998862334605,-0.03751318827173131,nan,nan,0.0,0.0,False
418,130,140,0.129297,-0.09115584,other,-0.0041512941844885675,-0.00517155980255382,-0.036136426084092045,-0.03722330780600352,-0.04676328659983874,-0.04814522119732884,3.844021268316551e-14,3.90698659145909e-14,False
419,129,140,0.13964849999999998,-0.08340976,other,-0.01023385125084442,-0.009452941470720615,-0.03278480259157298,-0.033169973031075904,-0.04019891185205508,-0.04099390136787588,2.0053571663365834e-14,1.966344401035607e-14,False
420,131,132,0.101254935,-0.11885195,other,-7.952712063867031e-09,-3.779382121745668e-05,-0.04774134901854226,-0.044047352197495546,nan,nan,0.0,0.0,False
421,131,139,0.11012870000000001,-0.10580291,other,-7.288288187912341e-05,-0.0004425465873516042,-0.04297558326449587,-0.045336034952833594,-0.050688124714964714,-0.05197437024475549,4.446583915414018e-14,4.5731021975586563e-14,False
422,130,139,0.11971285000000002,-0.09890191999999999,other,-0.0013821539347932887,-0.0018307239094879763,-0.04290239625478434,-0.038810441681925004,-0.04428109039992223,-0.044666017669924694,2.159756276135695e-14,2.1875717968963778e-14,False
423,132,133,0.08416518999999999,-0.13111695,other,-6.1716957859410815e-15,0.0,-0.05240428700651005,-0.04862085343240256,nan,nan,0.0,0.0,False
424,132,138,0.09238117,-0.11885195,other,-4.344313436123716e-09,0.0,-0.04768752421275362,-0.051714884443402755,-0.0557819043936337,-0.030386205308957488,4.9841153808795205e-14,1.3335841523217862e-13,False
425,131,138,0.101254935,-0.11270390000000001,other,-2.1162300977821976e-06,-3.2228289554070544e-05,-0.05061587568797765,-0.04427078721556967,-0.047688267611926974,-0.04886655712147653,2.394995755640108e-14,2.3746922377278675e-14,False
426,133,134,0.06834223999999998,-0.14630939999999998,other,-6.268128532596371e-16,0.0,-0.1159255617557487,-0.06410847799948771,nan,nan,0.0,0.0,False
427,133,137,0.07594920999999999,-0.13111695,other,-3.0858478929705297e-15,0.0,-0.050048589050038395,-0.056954419889669934,-0.09801569363842605,-0.07515512825813013,1.4785290807668117e-13,1.713001611629946e-12,False
428,132,137,0.08416518999999999,-0.125,other,-1.0592992571097065e-11,0.0,-0.055782793465328585,-0.04865957695300471,-0.05099112148841653,0.45154949138463707,2.5291718257775032e-14,2.994792450585433e-14,False
429,134,136,0.060735269999999994,-0.14630939999999998,other,-6.750292265873015e-16,-9.643274665532872e-17,-0.11607603500138063,-0.14769810622047377,-0.11569931107161661,-0.11041679754469387,5.9429535226025736e-12,7.685838218443117e-12,True
430,133,136,0.06834223999999998,-0.1372339,other,-3.375146132936506e-16,0.0,-0.11132446399825029,-0.06386038010488443,-0.11768086645310627,-0.11566614186391336,1.775057239105684e-12,2.054165444191731e-12,False
431,135,153,0.04664907,-0.14630939999999998,other,1.9286549331065737e-16,0.0,-0.11601147771358943,-0.08467404067296636,-0.11591999331349202,-0.11236602211044157,1.492003919155452e-11,1.5073818297572128e-11,True
432,136,153,0.05369217,-0.1372339,other,-7.714619732426304e-16,-9.643274665532872e-17,-0.11596712295916617,-0.11233486835477198,-0.11654462414450474,-0.1492584748660521,5.429238209658531e-12,4.364682517571508e-12,True
433,135,136,0.05369217,-0.14630939999999998,other,2.8929823996598605e-16,-9.643274665532872e-17,-0.1159862852878396,-0.1055003630490844,nan,nan,0.0,0.0,False
434,136,152,0.060735269999999994,-0.13111695,other,-4.339473599489794e-16,-9.643274665532872e-17,-0.1193853217260328,-0.05973922757422784,-0.11523223102434181,-0.10250928408489451,2.2887725536945897e-12,4.694236155840873e-12,True
435,137,152,0.06834223999999998,-0.125,other,-3.616227999574977e-14,0.0,-0.06785580442680285,-0.05697380546414785,-0.13906108685313848,-0.12120618297280283,6.517258541586744e-14,5.795378828141386e-13,False
436,136,137,0.06834223999999998,-0.13111695,other,-9.643274665532872e-17,-9.643274665532872e-17,-0.11316053885882758,-0.05697639771736318,nan,nan,0.0,0.0,False
437,137,151,0.07594920999999999,-0.11885195,other,-9.14910505539401e-12,0.0,-0.0556765902039458,-0.060998750086086954,-0.06773970634431424,-0.06855208544243814,5.738860440072783e-14,5.290807249843015e-13,False
438,138,151,0.08416518999999999,-0.11270390000000001,other,-2.50179773111076e-08,0.0,-0.05941644942258951,-0.051922362402118054,-0.055671970663733486,-0.00197219510757142,2.5925064573221872e-14,6.298237414108481e-14,False
439,137,138,0.08416518999999999,-0.11885195,other,-1.605267717227597e-11,0.0,-0.05580793800002099,-0.051735194443151646,nan,nan,0.0,0.0,False
440,138,150,0.09238117,-0.10580291,other,-1.616281452256079e-06,-5.3695928023419606e-05,-0.05044052450995592,-0.05477300384928285,-0.05941795569875773,-0.061054197076768055,5.181626147275885e-14,5.427771946139107e-14,False
441,139,150,0.101254935,-0.09890191999999999,other,-0.00016706875020537236,-0.00043950751850614775,-0.052608815268768226,-0.04648044801491455,-0.05058423188413251,-0.05170210041397916,2.2805775693906762e-14,2.321134376236086e-14,False
442,138,139,0.101254935,-0.10580291,other,-2.7130061583559095e-06,-0.00042607544504349944,-0.050645975676644424,-0.04544561822638414,nan,nan,0.0,0.0,False
443,139,149,0.11012870000000001,-0.09115584,other,-0.0010678779601814732,-0.0023190380442345945,-0.04275889864829373,-0.046038659499375245,-0.05363356516592486,-0.05499203346663069,4.567406340705418e-14,4.648446239649147e-14,False
444,140,149,0.11971285000000002,-0.08340976,other,-0.006071219213456701,-0.005656702724379765,-0.040608117574651305,-0.03996797227357343,-0.04713313900359187,-0.04679497627728269,2.2117656678483658e-14,2.210501427342915e-14,False
445,139,140,0.11971285000000002,-0.09115584,other,-0.001765883380902466,-0.0040050785187181435,-0.04322162869216531,-0.03769361024407241,nan,nan,0.0,0.0,False
446,140,148,0.129297,-0.07471507499999999,other,-0.011474061443421673,-0.011112025921932604,-0.036918834120287944,-0.03617974783037771,-0.05017680055718813,-0.05161909483107429,4.0504363384678044e-14,4.0995536092880437e-14,False
447,141,148,0.13964849999999998,-0.06602038999999998,other,-0.016847038626099594,-0.015889139297052466,-0.031443084200099426,-0.03264138574627751,-0.037787355838745304,-0.039535766466381045,1.9918700749444295e-14,1.9329437908792453e-14,False
448,140,141,0.13964849999999998,-0.07471507499999999,other,-0.013959687520037536,-0.011893347216622104,-0.03297532574763465,-0.03212912291641809,nan,nan,0.0,0.0,False
449,141,147,0.15,-0.056260945,other,-0.02004754462574719,-0.019442458728565464,-0.02920760947098609,-0.02956016722135668,-0.046706725413724684,-0.047445725834617494,3.8195049222919166e-14,3.838024245724378e-14,False
450,142,147,0.16039894999999998,-0.04650150000000001,other,-0.02105099837512729,-0.020903184396823468,-0.026902066503619013,-0.02795405872415146,-0.022352967822330157,-0.02386133374607691,1.3506460679901363e-14,1.3188636000926245e-14,False
451,141,142,0.16039894999999998,-0.056260945,other,-0.019285057494367985,-0.0182514813246118,-0.0272864132809616,-0.028069144412430965,nan,nan,0.0,0.0,False
452,142,146,0.1707979,-0.03554688500000001,other,-0.021568899335428358,-0.02180290044023156,-0.026099253820727145,-0.02597183513435454,-0.04090093105774714,-0.04090557254566302,4.1418630874372256e-14,4.0881023393791283e-14,False
453,143,146,0.18422864999999997,-0.024592270000000003,other,-0.021424534487422035,-0.02175923583206313,-0.024030292845527358,-0.02463712983025971,0.023994438106307258,0.025669129807371717,5.053690568434558e-15,4.703295396107535e-15,False
454,142,143,0.18422864999999997,-0.03554688500000001,other,-0.01974493517580417,-0.01964972218825579,-0.02491563594134952,-0.02498843636542178,nan,nan,0.0,0.0,False
455,143,144,0.21500590000000003,-0.012296135000000001,other,-0.01893474200215259,-0.019888813151131276,-0.02180634276630841,-0.021977657112190522,nan,nan,0.0,0.0,False
456,143,145,0.19765939999999999,-0.012296135000000001,other,-0.021424295376982875,-0.022923895522429724,-0.02261194396520469,-0.022467630535833335,-0.03317550308873235,-0.03394248790042198,4.6950744890997664e-14,4.7469950761667533e-14,False
457,144,145,0.21500590000000003,0.0,other,-0.023696757163849325,-0.02321417447069547,-0.02089257672476803,-0.021096830668220604,-0.10177938405563816,-0.09705883620600611,3.1480500817438862e-15,3.219048338065337e-15,False
458,145,146,0.18422864999999997,-0.012296135000000001,other,-0.02400807613255095,-0.025093624243348323,-0.023629446881107484,-0.02356357687399562,nan,nan,0.0,0.0,False
459,146,167,0.1707979,-0.012296135000000001,other,-0.026610350343413625,-0.028363600066253467,-0.024490112012617738,-0.023794358159587997,-0.03932014781922348,-0.03997687219945239,4.425868664602672e-14,4.4521038498252435e-14,False
460,145,167,0.18422864999999997,0.0,other,-0.03001904380165346,-0.029551327901211184,-0.02176283781235709,-0.022077064406102624,-0.15859188018521322,-0.148453505260698,2.389964993073153e-15,2.4826517480940082e-15,False
461,146,147,0.16039894999999998,-0.03554688500000001,other,-0.023327000774162557,-0.02300715822590624,-0.02726774475134725,-0.027373430426925686,nan,nan,0.0,0.0,False
462,147,148,0.13964849999999998,-0.056260945,other,-0.020725108486225306,-0.018402214935202135,-0.031415018675068795,-0.031932046090642825,nan,nan,0.0,0.0,False
463,147,166,0.15,-0.03554688500000001,other,-0.025019780559561618,-0.025086311841814524,-0.028596021256516793,-0.02841470878391736,-0.04721049498050944,-0.04759067304368428,4.230806230340478e-14,4.2245575868207304e-14,False
464,146,166,0.16039894999999998,-0.024592270000000003,other,-0.025794265536928405,-0.026014037065229742,-0.026007653940839866,-0.026722593426142086,0.009338838041017997,0.008215148897985235,7.89371267901653e-15,7.674378969530895e-15,False
465,148,149,0.11971285000000002,-0.07471507499999999,other,-0.008669771157357833,-0.009007602817801693,-0.0413854041538102,-0.03760846077316581,nan,nan,0.0,0.0,False
466,148,165,0.129297,-0.056260945,other,-0.020403352772805625,-0.019091519158543273,-0.034816232632926554,-0.034601855439532286,-0.053578843824172745,-0.05449208071037905,4.3710350634502754e-14,4.408132159623127e-14,False
467,147,165,0.13964849999999998,-0.04650150000000001,other,-0.02329335205529977,-0.022784512394450913,-0.030340287613934445,-0.03165965865387415,-0.02942240434766083,-0.031637172615620365,1.7619438855317667e-14,1.722154220944186e-14,False
468,149,150,0.101254935,-0.09115584,other,-0.00021783313357259695,-0.001963656401954366,-0.05274427111845508,-0.0462919084917008,nan,nan,0.0,0.0,False
469,149,164,0.11012870000000001,-0.07471507499999999,other,-0.006068378357057073,-0.0074312915455612165,-0.044592435162436495,-0.04456808978438238,-0.056880309899771296,-0.058856228413979146,4.7203966828912127e-14,4.765569174465278e-14,False
470,148,164,0.11971285000000002,-0.06602038999999998,other,-0.014157231045490687,-0.013068291939982225,-0.03822382245613624,-0.03927964323697551,-0.04609430450785527,-0.046765575670622436,2.312457464662642e-14,2.240288683356426e-14,False
471,150,151,0.08416518999999999,-0.10580291,other,-3.393609626358618e-08,-5.62594698075562e-05,-0.059469000206713155,-0.05482910976473206,nan,nan,0.0,0.0,False
472,150,163,0.09238117,-0.09115584,other,-0.00013424408210741708,-0.0008060949465289022,-0.05206661400325454,-0.057174505107592526,-0.06303034115819993,-0.06490271535291744,5.2982212532286974e-14,5.437323804970147e-14,False
473,149,163,0.101254935,-0.08340976,other,-0.002524796991027523,-0.0026677767191577864,-0.05149502562186534,-0.04894779130140592,-0.0541050391484274,-0.05408147949640686,2.364749857320733e-14,2.3931983424705045e-14,False
474,151,152,0.06834223999999998,-0.11885195,other,-5.708818601995834e-14,0.0,-0.06785875848056179,-0.06100466035844127,nan,nan,0.0,0.0,False
475,151,162,0.07594920999999999,-0.10580291,other,-2.1189762592044925e-08,-3.7487324635912768e-06,-0.05914443050524818,-0.06566284957447567,-0.07219640913156355,-0.05722236286509711,6.141148979634443e-14,9.421713765125934e-14,False
476,150,162,0.08416518999999999,-0.09890191999999999,other,-1.0858298074067922e-05,-5.2793589613052597e-05,-0.06290106126502538,-0.05566546245530335,-0.059116087212523726,-0.06114872055164978,2.3971723486011155e-14,2.4761797374909006e-14,False
477,152,153,0.05369217,-0.13111695,other,-6.268128532596371e-16,0.0,-0.11608175025803316,-0.059261057978763375,nan,nan,0.0,0.0,False
478,152,161,0.060735269999999994,-0.11885195,other,-3.2642484742829995e-14,-4.821637332766436e-17,-0.06664782259866561,-0.07511931823365878,-0.09589108701380582,-0.10028756922376174,1.0942460706352812e-13,1.7476999926071128e-12,False
479,151,161,0.06834223999999998,-0.11270390000000001,other,-3.1648711548616096e-10,0.0,-0.0721968547441999,-0.06135083008029327,-0.06662138817296026,-0.15355949713378858,2.994794997285055e-14,5.838102826098514e-14,False
480,153,154,0.040128045,-0.14630939999999998,other,1.0607602132086145e-15,0.0,-0.11598478910595694,-0.157817782755851,nan,nan,0.0,0.0,False
481,153,160,0.04664907,-0.13111695,other,-6.750292265873015e-16,0.0,-0.11614878834501641,-0.06370226946786577,-0.1159172922888326,-0.09852351795969043,9.676086733761044e-12,1.1997621864158637e-11,True
482,152,160,0.05369217,-0.125,other,-5.303801066043082e-16,0.0,-0.09821611864175726,-0.05805336446374504,-0.11686263148106328,-0.1270488699262704,2.244520532910874e-12,3.4253661172553633e-12,True
483,112,155,0.027569365,-0.1823151,other,4.821637332766433e-16,0.0,-0.11590614193940052,-0.25700286233153563,-0.11559442363980627,0.44185953763366626,6.106904394126715e-12,1.4989293980120816e-12,False
484,154,155,0.027569365,-0.16884999999999997,other,5.785964799319719e-16,0.0,-0.1159231409464646,-0.28438889105956366,nan,nan,0.0,0.0,False
485,154,159,0.033607019999999994,-0.14630939999999998,other,1.8322221864512418e-15,-9.643274665532872e-17,-0.11599101448997194,-0.1264113493134743,-0.11597208644899316,-0.12076254658589804,3.138285182668416e-11,2.5742523770089068e-11,True
486,153,159,0.040128045,-0.1372339,other,9.64327466553286e-16,-4.821637332766436e-17,-0.11600769562464813,-0.07499863757127445,-0.11624028965206012,-0.14856901852615137,1.0673190667584957e-11,7.0517126228817285e-12,True
487,110,155,0.02153171,-0.1914923574154307,other,0.0,0.0,-0.11586376698624987,-0.22603546097622568,-0.11588112646178281,-0.09081175727304414,8.962735597694557e-12,1.1967552093716021e-11,True
488,155,158,0.02153171,-0.16884999999999997,other,0.0,0.0,-0.11592866343806447,-0.3146506759813265,-0.11592809123885958,-0.13263424235065785,1.9452926354570705e-11,1.696004687365131e-11,True
489,154,158,0.027569365,-0.1553849,other,8.678947198979575e-16,0.0,-0.11595248790863572,-0.2825425764433955,-0.11676102501992294,-0.038133305724651845,2.29850610320961e-12,4.443988365766904e-12,True
490,155,156,0.018736654999999998,-0.18690372870771532,other,0.0,0.0,-0.11587448264928772,-0.0672811678917613,-0.11586939447604737,-0.09844257681646694,1.2137911347189818e-11,1.4047469725512109e-11,True
491,110,156,0.018736654999999998,-0.196080986123146,other,0.0,0.0,-0.11587046712703762,0.032026709329101136,-0.11590160687059814,-0.20021963994963662,8.583864491659127e-12,1.0039133248902018e-11,True
492,156,377,0.0159416,-0.196080986123146,other,0.0,0.0,-0.11587379208367006,0.14410805614169234,-0.11587560566111411,-0.16827298546734762,7.659325594836226e-12,8.727567810816553e-12,True
493,185,377,0.013146544999999999,-0.20066961483086138,other,0.0,0.0,-0.11586960506213972,0.10261342421330158,-0.1163930372022029,-0.5273259539787646,4.510167898196396e-13,1.5591078033614695e-12,False
494,156,185,0.013146544999999999,-0.196080986123146,other,0.0,0.0,-0.1158714269428186,0.09621047584603894,nan,nan,0.0,0.0,False
495,155,157,0.018736654999999998,-0.1823151,other,0.0,0.0,-0.11592152046963529,-0.32266451896378395,-0.11572541147139973,0.1737719537068224,4.4591838038167315e-12,3.2643528720530996e-12,True
496,156,157,0.0159416,-0.18690372870771532,other,0.0,0.0,-0.11588248227071894,-0.09877319961057464,-0.11588725796747797,-0.1450429753897856,8.022802686392983e-12,9.12966755821103e-12,True
497,157,179,0.0159416,-0.16884999999999997,other,1.9286549331065737e-16,0.0,-0.11592756911607936,-0.175278078694856,-0.11592908667821178,-0.10962043745131789,9.7552626779764e-12,9.535577429177256e-12,True
498,158,179,0.018736654999999998,-0.1553849,other,4.821637332766433e-16,0.0,-0.11595537002366302,-0.18640401007897556,-0.1156982489600165,-1.0065474183596157,2.906107977181463e-12,5.4265558057501185e-14,False
499,157,158,0.018736654999999998,-0.16884999999999997,other,0.0,0.0,-0.1159270001455875,-0.3110823296570158,nan,nan,0.0,0.0,False
500,158,177,0.02153171,-0.14630939999999998,other,-8.678947198979593e-16,0.0,-0.11598302703753571,-0.17530004448865225,-0.1159787247529845,-0.12116590185788678,2.4657540434967306e-11,2.0280516368239626e-11,True
501,159,177,0.027569365,-0.1372339,other,-9.643274665532872e-17,0.0,-0.1159943160662885,-0.07244581884385778,-0.11610770055865666,-0.10284107219677464,8.19799103088396e-12,6.737629184449051e-12,True
502,158,159,0.027569365,-0.14630939999999998,other,6.750292265873004e-16,0.0,-0.1159806214996467,-0.15556834011343268,nan,nan,0.0,0.0,False
503,159,175,0.033607019999999994,-0.13111695,other,1.0607602132086145e-15,-1.446491199829931e-16,-0.11605227200961209,-0.05400775588356632,-0.11602123004786971,-0.08453449116390772,2.6392642662975996e-11,3.105390751820388e-11,True
504,160,175,0.040128045,-0.125,other,-1.446491199829931e-16,-9.643274665532872e-17,-0.1156274852231934,-0.054519251687880896,-0.11621647242453838,-0.1071913554354431,1.013758160751308e-11,1.0363880422482148e-11,True
505,159,160,0.040128045,-0.13111695,other,1.3500584531745999e-15,0.0,-0.11605049518292655,-0.056692784836448726,nan,nan,0.0,0.0,False
506,176,177,0.02153171,-0.13417542500000001,other,-1.0125438398809526e-15,0.0,-0.11600902691400813,-0.03961475469755692,-0.11600725469461386,-0.11114108528723703,3.080318653329046e-11,2.4004196310403767e-11,True
507,159,176,0.027569365,-0.13417542500000001,other,1.0607602132086145e-15,0.0,-0.11601944883664951,-0.028629523743710705,-0.11603295337308198,-0.09296285439986149,7.465408800397764e-12,7.380882944429432e-12,True
508,160,174,0.04664907,-0.11885195,other,-3.8573098662131503e-16,0.0,-0.11117917310788163,-0.10372601844183527,-0.11540670206279431,-0.07145921651512571,1.783025649369057e-12,9.212350033722117e-12,True
509,161,174,0.05369217,-0.11270390000000001,other,-7.688534674524088e-12,0.0,-0.09603013938309751,-0.07708730239096684,-0.06615677247214055,-0.08588948372273374,2.8984161477314467e-14,1.4882113861226722e-12,False
510,160,161,0.05369217,-0.11885195,other,-9.161110932256237e-16,0.0,-0.10084373181738772,-0.07512844586879301,nan,nan,0.0,0.0,False
511,161,173,0.060735269999999994,-0.10580291,other,-2.9218953489087083e-10,0.0,-0.07119360215284508,-0.08139587596221429,-0.09602658115518155,-0.07714723363903275,1.0846081858887537e-13,4.1252934785778027e-13,False
512,162,173,0.06834223999999998,-0.09890191999999999,other,-5.976588912564286e-07,-3.363486724126556e-06,-0.07640525401291665,-0.06683794005337955,-0.07082502601517784,-0.049992526166272255,2.6801147256754795e-14,4.0086474928108556e-14,False
513,161,162,0.06834223999999998,-0.10580291,other,-4.6113835711908296e-10,-4.037475076088307e-06,-0.07238632508046813,-0.06568422877830979,nan,nan,0.0,0.0,False
514,162,172,0.07594920999999999,-0.09115584,other,-9.441015363169727e-06,-0.00021093844983278883,-0.062186929998882645,-0.07065124161880018,-0.07641283537992125,-0.08040477652721614,6.424091516339006e-14,6.892928067331474e-14,False
515,163,172,0.08416518999999999,-0.08340976,other,-0.0006587973741835418,-0.0009438831455983349,-0.06453368007188198,-0.060092442644661716,-0.06247038529215527,-0.06379528436496842,2.5278026567012572e-14,2.5827398421790894e-14,False
516,162,163,0.08416518999999999,-0.09115584,other,-1.4683542641880808e-05,-0.0007656999317297189,-0.063010467326471,-0.05734569837072879,nan,nan,0.0,0.0,False
517,163,171,0.09238117,-0.07471507499999999,other,-0.002265850378401164,-0.004369616276029001,-0.052964445176998776,-0.05590242037395755,-0.06658175390405763,-0.06888306277132497,5.4612775131897454e-14,5.576558005752606e-14,False
518,164,171,0.101254935,-0.06602038999999998,other,-0.0103746365073476,-0.009293843396664106,-0.047660941047597896,-0.048554076820827165,-0.05604415278216287,-0.05510561731774358,2.512653013301168e-14,2.517557594900364e-14,False
519,163,164,0.101254935,-0.07471507499999999,other,-0.003455820379211602,-0.006064166875131254,-0.05221953547328694,-0.045316277914910906,nan,nan,0.0,0.0,False
520,164,170,0.11012870000000001,-0.056260945,other,-0.017830266228758242,-0.016861559098720908,-0.043467069499610426,-0.041826040544289886,-0.06143453845792547,-0.06289517562342321,4.9206127582317376e-14,4.9936814954330784e-14,False
521,165,170,0.11971285000000002,-0.04650150000000001,other,-0.024188888028304732,-0.02319732065100168,-0.035640820376032195,-0.03726016993781689,-0.037759945607844396,-0.03989547233386753,2.231245483871062e-14,2.1314448269940872e-14,False
522,164,165,0.11971285000000002,-0.056260945,other,-0.019801899759659795,-0.016986435634414133,-0.0384500490973154,-0.03724099426343722,nan,nan,0.0,0.0,False
523,165,169,0.129297,-0.03554688500000001,other,-0.028438127638847843,-0.02798908899898854,-0.03265434415320885,-0.03210871533267843,-0.05496847930135235,-0.055330060610660134,4.8403456851688606e-14,4.830143863956095e-14,False
524,166,169,0.13964849999999998,-0.024592270000000003,other,-0.030222716417176356,-0.03038316682388241,-0.028520788419732435,-0.029360026280355677,-0.0001721399635507261,-0.0028718958205191593,1.1151429087815863e-14,1.1000806992405883e-14,False
525,165,166,0.13964849999999998,-0.03554688500000001,other,-0.02681539705135081,-0.025743955767010846,-0.030450034727788455,-0.030561835059849465,nan,nan,0.0,0.0,False
526,166,167,0.16039894999999998,-0.012296135000000001,other,-0.029188718012644225,-0.030467138059558464,-0.025448315612817,-0.02492705951839427,nan,nan,0.0,0.0,False
527,166,168,0.15,-0.012296135000000001,other,-0.03180373981372325,-0.03409880278842414,-0.02620842753639362,-0.024736604387154817,-0.045483465334175625,-0.04657913154039357,4.5565732069421224e-14,4.624453542353589e-14,False
528,167,168,0.16039894999999998,0.0,other,-0.03661985711862178,-0.03650358056850592,-0.022132331732743336,-0.022490076001141054,-0.2482098812528319,-0.22829371666230774,1.7026469412829964e-15,1.792491599726059e-15,False
529,168,169,0.13964849999999998,-0.012296135000000001,other,-0.03498860357894948,-0.03637896309562813,-0.02753015490654203,-0.026337770773663297,nan,nan,0.0,0.0,False
530,169,256,0.129297,-0.012296135000000001,other,-0.038236054803329686,-0.041296521141691,-0.028541766327867153,-0.02526137073022112,-0.05310590224458712,-0.05422820514062237,5.265471027132573e-14,5.3277901314828916e-14,False
531,168,256,0.13964849999999998,0.0,other,-0.045362776006263726,-0.04514181400208926,-0.021603351934698204,-0.02191433649822751,-0.4083965644714637,-0.3582950507218692,1.0460662689563667e-15,1.1684863820192493e-15,False
532,169,170,0.11971285000000002,-0.03554688500000001,other,-0.030010741224677746,-0.0276419742371957,-0.03536952887509661,-0.03497496313158045,nan,nan,0.0,0.0,False
533,170,171,0.101254935,-0.056260945,other,-0.015540178072097363,-0.014582863234423319,-0.048722410543266946,-0.04425575748484365,nan,nan,0.0,0.0,False
534,170,255,0.11012870000000001,-0.03554688500000001,other,-0.0310003184497393,-0.02979399175129386,-0.03894014351673502,-0.0372416391391249,-0.06425959220476,-0.06471284521271817,5.394578964100314e-14,5.414048005886478e-14,False
535,169,255,0.11971285000000002,-0.024592270000000003,other,-0.03500281572530679,-0.03484497575768684,-0.03192747869054842,-0.03302587473589875,-0.008987050048031228,-0.012238401791068734,1.5402835507123092e-14,1.479239673352056e-14,False
536,171,172,0.08416518999999999,-0.07471507499999999,other,-0.0009253597935936598,-0.003745184811957235,-0.06497262838338146,-0.05628864791634736,nan,nan,0.0,0.0,False
537,171,254,0.09238117,-0.056260945,other,-0.012670862712992963,-0.013648142904234736,-0.05472921301695186,-0.05172965228290488,-0.07097074567869084,-0.07353563218322086,5.722174560223346e-14,5.83047889479933e-14,False
538,170,254,0.101254935,-0.04650150000000001,other,-0.02317782298387846,-0.02170482772229766,-0.04320992723320682,-0.045260730280191744,-0.047877529968609826,-0.04918061029350092,2.7051803205102538e-14,2.5756233830330012e-14,False
539,172,173,0.06834223999999998,-0.09115584,other,-8.404210073252934e-07,-0.00021182959559914576,-0.07659424343793157,-0.07075577228786184,nan,nan,0.0,0.0,False
540,172,253,0.07594920999999999,-0.07471507499999999,other,-0.0006064772750812889,-0.002324394334471817,-0.06430341719603536,-0.07110785008387877,-0.08058208093761751,-0.08404081664822573,6.686844312731097e-14,7.087715159299508e-14,False
541,171,253,0.08416518999999999,-0.06602038999999998,other,-0.006518259609646693,-0.005832994313083274,-0.060773849161264375,-0.06112211237612622,-0.06625454926447298,-0.06504709449607739,2.7735273695242146e-14,2.8354713394387634e-14,False
542,173,174,0.05369217,-0.10580291,other,-1.37782626259586e-11,0.0,-0.10055939005955786,-0.08140681761600849,nan,nan,0.0,0.0,False
543,173,252,0.060735269999999994,-0.09115584,other,-5.50469567390945e-07,-4.322515421214663e-05,-0.07505025836404698,-0.08831710697907375,-0.09702535519267917,-0.10534758093289082,1.0575716508152501e-13,1.5882772611573075e-13,False
544,172,252,0.06834223999999998,-0.08340976,other,-0.00012774008106055784,-0.00024050638836994314,-0.08004338749736445,-0.07407835538041693,-0.074015930726575,-0.07566754563471728,2.7905542368952494e-14,2.845376217795959e-14,False
545,174,175,0.040128045,-0.11885195,other,-4.821637332766439e-16,0.0,-0.11592697778806615,-0.1037112659240321,nan,nan,0.0,0.0,False
546,174,251,0.04664907,-0.10580291,other,-9.726255044138693e-12,0.0,-0.10888376826040609,-0.10755444595446555,-0.11511746969721316,-0.06550402545763435,9.537161106326073e-13,5.337582857866279e-12,True
547,173,251,0.05369217,-0.09890191999999999,other,-4.957694544244113e-08,0.0,-0.09703197363565091,-0.08507040632571967,-0.07256094808299904,-0.044192647527994684,2.4097493469829535e-14,2.4304069497526385e-13,False
548,175,176,0.027569365,-0.128058475,other,0.0,0.0,-0.11602324923395602,-0.041741055092176904,-0.11594848370908105,-0.14074611927516154,9.49463714275016e-13,5.614954495192624e-13,False
549,175,200,0.027569365,-0.125,other,-2.4108186663832183e-16,-9.643274665532872e-17,-0.11603268770325736,-0.05106007133894835,-0.1160322606592344,-0.032778904948940854,9.338115858108473e-12,2.944693718282286e-11,True
550,200,201,0.02153171,-0.12192597499999999,other,-5.785964799319727e-16,-2.8929823996598625e-16,-0.11603733712257926,-0.007366508558012691,-0.11603948488432533,-0.012469099641404503,3.8721116674371616e-11,3.0563778636244195e-10,True
551,175,201,0.027569365,-0.12192597499999999,other,-5.303801066043082e-16,-1.446491199829931e-16,-0.11608410302272364,-0.006238850095010232,-0.11603725553610027,-0.0067947173416728875,1.0191947712525942e-11,1.4808352185907836e-10,True
552,175,250,0.033607019999999994,-0.11885195,other,-5.785964799319727e-16,-4.821637332766436e-17,-0.11617707632348469,-0.1173022382247053,-0.11611282800355582,-0.027209678376716902,1.7949624425007146e-11,7.747183649320117e-11,True
553,174,250,0.040128045,-0.11270390000000001,other,-2.180344401882455e-12,-9.643274665532872e-17,-0.115117905346273,-0.11072087493274213,-0.1174327144503727,-0.006126637759209244,8.003253782501494e-13,1.3983707886554606e-10,True
554,177,178,0.018736654999999998,-0.1372339,other,-1.4947075731575976e-15,0.0,-0.11598725353187439,-0.0009240820813128488,-0.11606576647534537,-0.0034205767383116187,2.0523449326141048e-12,2.1153834725560732e-10,True
555,176,178,0.018736654999999998,-0.13417542500000001,other,-1.9286549331065747e-16,0.0,-0.11599944570168697,0.00025674946850657253,nan,nan,0.0,0.0,False
556,177,179,0.018736654999999998,-0.14630939999999998,other,-6.268128532596371e-16,0.0,-0.1159780116810219,-0.07480961164585395,nan,nan,0.0,0.0,False
557,178,179,0.0159416,-0.14630939999999998,other,9.64327466553287e-17,0.0,-0.11597686575132887,-4.387786709800722e-05,-0.11597691709034709,-0.04446129799381085,1.0459124123463009e-11,2.7454393585504735e-11,True
558,179,180,0.013146544999999999,-0.1553849,other,5.785964799319719e-16,0.0,-0.11595478255642203,0.0009177766981346285,-0.11588188999365924,-0.0014110938263899593,3.6099694227843187e-12,1.816143199264322e-10,True
559,178,180,0.013146544999999999,-0.14630939999999998,other,-6.750292265873015e-16,0.0,-0.11597503235831244,0.0010218330471284398,nan,nan,0.0,0.0,False
560,178,199,0.0159416,-0.13417542500000001,other,-5.303801066043082e-16,0.0,-0.11599265570607314,-0.0005979027762906789,-0.11599313169419648,-0.007324303510702003,1.2362918848095812e-11,1.7467009178993289e-10,True
561,176,199,0.018736654999999998,-0.13111695,other,-1.446491199829931e-16,0.0,-0.11600700292894447,-0.0007671379080670727,-0.11592676014186476,-0.0005853072283684084,2.3811500169725864e-12,6.070433735156282e-10,True
562,157,181,0.013146544999999999,-0.1823151,other,0.0,0.0,-0.11592287003580179,-0.34558683996155515,-0.11583662240293052,-0.12133680081773757,6.191643795408936e-12,3.9177033582416044e-12,True
563,179,181,0.013146544999999999,-0.16884999999999997,other,1.9286549331065737e-16,0.0,-0.11592761489483691,-0.2136520507744444,nan,nan,0.0,0.0,False
564,180,181,0.010351489999999998,-0.16884999999999997,other,9.64327466553287e-17,0.0,-0.11592775612465674,-0.01616088583556098,-0.115928889490521,-0.036276806678996194,4.380237182911611e-12,2.1768407472665727e-11,True
565,181,182,0.00905755375,-0.1823151,other,-6.750292265873015e-16,0.0,-0.11592380535847784,-0.3018787709298532,-0.11585474684619375,0.8142780166536915,3.9810063036101834e-12,4.880928099677492e-12,True
566,180,182,0.00905755375,-0.16884999999999997,other,-9.161110932256237e-16,0.0,-0.11592837312766237,-0.021897258095859042,nan,nan,0.0,0.0,False
567,180,198,0.010351489999999998,-0.14630939999999998,other,-4.821637332766436e-17,0.0,-0.11597347329299537,-0.0011006329849560948,-0.1159734764387808,-0.003219661518091202,2.7853145091577535e-12,1.5504539904424856e-10,True
568,178,198,0.013146544999999999,-0.1372339,other,-4.821637332766439e-16,9.64327466553287e-17,-0.11598008581743526,-0.0010118360092956065,-0.11585508752195889,-0.00040594213885454457,1.4855020887000086e-13,1.2169337644150654e-09,True
569,157,184,0.013146544999999999,-0.18690372870771532,other,9.64327466553286e-16,-4.821637332766436e-17,-0.11588382554942434,-0.20865106543451167,nan,nan,0.0,0.0,False
570,181,184,0.010351489999999998,-0.18690372870771532,other,8.678947198979575e-16,-4.821637332766436e-17,-0.11588494131992132,-0.24464149620588724,-0.1158869981710239,-0.11414144204781652,6.590874674732765e-12,6.738989417980935e-12,True
571,181,183,0.00905755375,-0.18690372870771532,other,9.64327466553287e-17,9.64327466553287e-17,-0.11588653427711156,-0.3087205259513837,nan,nan,0.0,0.0,False
572,182,183,0.0077636175,-0.18690372870771532,other,-3.8573098662131503e-16,9.64327466553287e-17,-0.11588641740018316,-0.249189789282463,-0.11588693907492607,-0.16292055796136157,3.2156799995963265e-12,3.143850987304676e-12,True
573,182,197,0.0077636175,-0.16884999999999997,other,-1.2536257065192751e-15,1.9286549331065737e-16,-0.11592840226183271,-0.009123435064671831,-0.11592878142627101,-0.011835845883974825,1.5595881802445932e-12,2.5215026458042998e-11,True
574,180,197,0.00905755375,-0.1553849,other,-1.446491199829931e-16,9.64327466553287e-17,-0.1159540544653352,-0.0020532886219383627,-0.1159063273368741,0.0014053222681979767,2.015046749750068e-12,7.021692657193754e-10,True
575,183,184,0.00905755375,-0.19149235741543066,other,7.71461973242629e-16,0.0,-0.11588388657759385,-0.13568477554471592,-0.11648098263018744,-0.8235835342580868,1.3805210088761663e-13,9.32188807164068e-13,False
576,184,186,0.00905755375,-0.19378667176928835,other,4.821637332766433e-16,0.0,-0.11587220238030285,0.26244815087912604,-0.11587022900510166,-0.1355309259962986,6.400564193564226e-12,4.948080127293435e-12,True
577,183,186,0.0077636175,-0.19378667176928835,other,0.0,0.0,-0.11587497385154064,0.3259646245043428,-0.11587476806763072,-0.11180638485621595,3.1709095500967648e-12,3.2539450737404918e-12,True
578,156,184,0.013146544999999999,-0.19149235741543066,other,6.750292265873004e-16,0.0,-0.11587771336599649,-0.000772521439633391,-0.11582324739272043,-0.15487821841015878,3.917523947093082e-12,7.911808517016276e-13,False
579,184,185,0.010351489999999998,-0.196080986123146,other,3.857309866213147e-16,0.0,-0.11586785365545128,-0.02183061426218167,-0.11587278655640018,-0.0794481066060411,4.24588652914547e-12,6.039054172975804e-12,True
580,185,186,0.00905755375,-0.1983753004770037,other,0.0,0.0,-0.1158706208760292,0.3193333621480918,-0.11587659057964751,-0.03060116553769173,4.8139451357960925e-12,9.616621860059073e-12,True
581,185,188,0.00905755375,-0.20066961483086138,other,0.0,0.0,-0.11585919942865487,-0.0036363235864364522,-0.11583211381731857,-0.04915464832651296,1.7231410849226778e-12,8.021057897903505e-13,False
582,187,188,0.0077636175,-0.1995224576539325,other,1.5429239464852566e-15,0.0,-0.11586448361062841,0.20729258656877386,-0.11586647147451948,-0.0014945266074248946,2.996271149061577e-12,3.3823309425072836e-12,True
583,185,187,0.00905755375,-0.1995224576539325,other,1.3500584531745999e-15,0.0,-0.11586599455392702,0.3371134475458508,-0.11588432304417483,-0.026601206014305653,2.026912134316232e-12,5.303593409854713e-12,True
584,371,377,0.013146544999999999,-0.20324550193354884,other,0.0,0.0,-0.11585520136425811,-0.11732174751778857,-0.11583975477691441,-0.0008976054717034973,4.793322475145901e-12,4.514571084688427e-12,True
585,185,371,0.010351489999999998,-0.20324550193354884,other,0.0,0.0,-0.11585914831343375,-0.1453625647492443,-0.11585898511366581,-0.0964470913226776,8.912585924509463e-12,7.289744333125198e-12,True
586,186,187,0.0077636175,-0.19722814330007485,other,1.3500584531745999e-15,0.0,-0.11586948534342299,0.47857187207912805,-0.11587068187072118,0.0,5.183602380960849e-12,4.3256007717223305e-12,True
587,188,189,0.007116649375000001,-0.20066961483086138,other,-4.821637332766439e-16,0.0,-0.1158605475421778,-0.1814107509984295,-0.11582640202820228,-0.06039606128654435,7.344653761858579e-13,5.820133589534549e-13,False
588,187,189,0.007116649375000001,-0.1995224576539325,other,7.71461973242629e-16,0.0,-0.1158658302319748,0.005760480689468494,nan,nan,0.0,0.0,False
589,185,376,0.00905755375,-0.20324550193354884,other,0.0,0.0,-0.11585824638874291,0.12920912682219077,nan,nan,0.0,0.0,False
590,188,376,0.0077636175,-0.20324550193354884,other,0.0,0.0,-0.11585817133682495,0.059916910547490085,-0.1158590001725171,-0.00031324191765870105,3.984946857796695e-12,5.0796914942458915e-12,True
591,189,193,0.00646968125,-0.1995224576539325,other,-8.196783465702948e-16,0.0,-0.11586577734840268,-0.28886115102018467,-0.11586593982027239,-0.004187825920250056,1.5814707706205982e-12,2.9979546783998473e-12,True
592,187,193,0.007116649375000001,-0.19837530047700366,other,1.2536257065192714e-15,0.0,-0.11586787507773018,-0.013366919956064646,-0.11577695182755168,0.0,1.6041909758147002e-13,4.861385907359906e-12,True
593,188,190,0.007116649375000001,-0.20324550193354884,other,9.64327466553287e-17,0.0,-0.11585880848494863,-0.002007879085650925,nan,nan,0.0,0.0,False
594,190,376,0.007116649375000001,-0.20582138903623634,other,0.0,0.0,-0.11585487967091522,0.12518027857692063,-0.11570316451883615,-0.198266777223269,2.254173249475076e-13,4.754016133320443e-13,False
595,189,190,0.00646968125,-0.20324550193354884,other,-5.785964799319727e-16,0.0,-0.11585880618705127,-0.18850117658512353,-0.11585899534074595,-0.00522290930232845,1.971937593326632e-12,2.1043621596660778e-12,False
596,190,375,0.00646968125,-0.20851815501753157,other,6.750292265873004e-16,0.0,-0.11585103752253534,0.04505931016272731,-0.11585107484815592,-0.1038239141953693,2.071857387238016e-12,1.8392666004871183e-12,False
597,375,378,0.006146197187500001,-0.2112149209988268,other,8.678947198979575e-16,0.0,-0.11584200819397296,-0.7108650391396393,-0.11497723868630516,0.2899503292671136,3.7047045350918456e-14,2.2472733945866676e-11,True
598,190,378,0.006146197187500001,-0.20851815501753157,other,1.9286549331065737e-16,0.0,-0.11585105016658927,-0.8030240917695501,nan,nan,0.0,0.0,False
599,189,191,0.006146197187500001,-0.20324550193354884,other,-6.750292265873015e-16,0.0,-0.11585894643375712,0.026396737863216137,nan,nan,0.0,0.0,False
600,190,191,0.006146197187500001,-0.20582138903623634,other,0.0,0.0,-0.11585487158314264,0.18593505432993518,-0.11570987769240039,1.2420786526613414,1.2549753103521737e-13,7.298755788645627e-12,True
601,191,192,0.005822713125000001,-0.20324550193354884,other,-3.375146132936506e-16,0.0,-0.11585896592679382,0.21070731796344894,-0.11585899737633149,-0.032605921757548555,1.3116878857512998e-12,1.78492535588653e-12,False
602,189,192,0.006146197187500001,-0.20066961483086138,other,-9.161110932256237e-16,0.0,-0.11586076631282184,-0.1429969869916295,-0.11582133313686266,-0.0070431463409677975,3.439985534789452e-13,1.0705333233382166e-11,True
603,191,378,0.005822713125000001,-0.20851815501753157,other,0.0,0.0,-0.11585104114357525,-0.29953388504335493,-0.11585104826280478,-0.11506801003001582,1.382701700005474e-12,1.3653669470222416e-12,False
604,352,378,0.0054992290625,-0.2112149209988268,other,0.0,0.0,-0.11584200156707612,-0.10538953644379373,-0.11498393400471542,-0.1474003871839153,1.537669275057267e-14,4.2137507080828824e-11,True
605,191,352,0.0054992290625,-0.20851815501753157,other,-9.643274665532872e-17,0.0,-0.1158510407064611,0.28423694033955677,nan,nan,0.0,0.0,False
606,192,346,0.005822713125000001,-0.1995224576539325,other,4.821637332766433e-16,0.0,-0.11586585951546385,0.3049959267249658,-0.1158658656449442,0.0,1.0748576873210747e-12,1.3572097663637571e-12,False
607,193,346,0.006146197187500001,-0.19837530047700366,other,2.8929823996598605e-16,0.0,-0.11586793841522111,0.07730656276258653,-0.11609495809979493,0.0,3.623650189327358e-14,4.7834617487108545e-12,True
608,192,193,0.006146197187500001,-0.1995224576539325,other,-3.375146132936506e-16,0.0,-0.11586584841938796,-0.16101981917049496,nan,nan,0.0,0.0,False
609,186,193,0.007116649375000001,-0.19722814330007485,other,9.64327466553287e-17,0.0,-0.11587054814324227,-0.025669317500719428,nan,nan,0.0,0.0,False
610,193,194,0.00646968125,-0.19722814330007485,other,-2.4108186663832183e-16,0.0,-0.1158704631312177,-0.14013730680863593,-0.11587025293844426,-0.1116259523304801,1.3848151711465173e-12,2.304974522050061e-12,False
611,186,194,0.007116649375000001,-0.19608098612314603,other,0.0,0.0,-0.1158736926205312,0.1510306241015164,-0.11591383179855246,-0.6743757818005501,4.260737731001074e-13,1.0191242989926532e-12,False
612,183,194,0.007116649375000001,-0.19378667176928835,other,0.0,9.64327466553287e-17,-0.11587509248910909,-0.020118870979223134,nan,nan,0.0,0.0,False
613,194,195,0.00646968125,-0.19378667176928835,other,-2.4108186663832183e-16,-1.446491199829931e-16,-0.1158752006025195,0.008549196434360617,-0.11587513616163575,-0.2950157465671925,1.5758893640843355e-12,1.2688948802349745e-12,False
614,183,195,0.007116649375000001,-0.19149235741543066,other,0.0,-4.821637332766436e-17,-0.11588382523758467,-0.017085856270109674,-0.1163527235253034,-0.6777359531983178,9.3281651392431e-14,1.069888429604763e-12,False
615,182,195,0.007116649375000001,-0.18690372870771532,other,-3.8573098662131503e-16,-9.643274665532872e-17,-0.11588678840833595,-0.1258670196548306,nan,nan,0.0,0.0,False
616,182,196,0.007116649375000001,-0.1823151,other,-8.196783465702948e-16,0.0,-0.11592400743586372,-0.13661842370877145,-0.1158598865984817,0.23038513072921285,2.324914484266735e-12,3.9332262801587e-12,True
617,195,196,0.00646968125,-0.18690372870771532,other,1.9286549331065737e-16,-2.4108186663832183e-16,-0.11588673989938911,-0.0036455082836187947,-0.11588688409916043,-0.13670749512395758,1.619339856862993e-12,1.7626161198972197e-12,False
618,196,208,0.00646968125,-0.16884999999999997,other,1.9286549331065737e-16,0.0,-0.11592861971207881,-0.001687979898642086,-0.1159287492072123,-0.004562669443172903,6.771375116447395e-13,1.567154351024249e-11,True
619,197,208,0.007116649375000001,-0.1553849,other,2.8929823996598605e-16,1.9286549331065737e-16,-0.11595391956628263,-0.002025027142974147,-0.11591248948279097,0.003613213947751198,1.0878120864548413e-12,8.835696399148495e-10,True
620,196,197,0.007116649375000001,-0.16884999999999997,other,0.0,9.64327466553287e-17,-0.11592861491851322,-0.003949718252787267,nan,nan,0.0,0.0,False
621,197,206,0.0077636175,-0.14630939999999998,other,-4.821637332766436e-17,1.9286549331065737e-16,-0.1159723095502054,0.0006593936371129018,-0.11597230341597055,-0.001127189567090944,6.32353516697932e-13,1.2518022263992102e-10,True
622,198,206,0.00905755375,-0.1372339,other,-2.8929823996598625e-16,9.64327466553287e-17,-0.11597178144961702,0.0002356060132002482,-0.11579068061511452,0.0002487504274474006,5.800017623744656e-14,2.441660062218681e-09,True
623,197,198,0.00905755375,-0.14630939999999998,other,-1.446491199829931e-16,1.9286549331065737e-16,-0.11597285178896452,-0.001481376086987708,nan,nan,0.0,0.0,False
624,198,204,0.010351489999999998,-0.13417542500000001,other,-4.339473599489794e-16,9.64327466553287e-17,-0.11596872280442959,-0.00043474900684284666,-0.11597104790212477,-0.0005121226399156666,2.8758645363382604e-12,5.858473584778734e-10,True
625,199,204,0.013146544999999999,-0.13111695,other,-3.375146132936506e-16,0.0,-0.11596138019251893,-0.0003268856803532203,-0.11588791268938446,-7.075478058521803e-05,9.778177255546818e-13,1.424599450321157e-09,True
626,198,199,0.013146544999999999,-0.13417542500000001,other,-1.9286549331065747e-16,9.64327466553287e-17,-0.1159789586221359,-0.0009706461942888982,nan,nan,0.0,0.0,False
627,199,202,0.0159416,-0.128058475,other,-5.785964799319727e-16,-9.643274665532872e-17,-0.1159819935027196,-0.0005708714642772808,-0.11599393105436231,-0.00379382651891951,1.2469897938543811e-11,3.727571065503199e-10,True
628,200,202,0.018736654999999998,-0.125,other,-5.785964799319727e-16,-1.9286549331065747e-16,-0.1160143067329026,-0.0009618336415674892,-0.11590369314457942,-0.0010949170319360239,5.5549807826669455e-12,8.751828294340979e-10,True
629,199,200,0.018736654999999998,-0.128058475,other,-2.4108186663832183e-16,-9.643274665532872e-17,-0.1160006500481815,-0.0017690769522777099,nan,nan,0.0,0.0,False
630,203,204,0.010351489999999998,-0.1295877125,other,-8.678947198979593e-16,0.0,-0.11595515379648526,-0.00018012606084240554,-0.11595630327286104,-0.000765528041108913,3.5738228914407788e-12,7.543419841011112e-10,True
631,199,203,0.013146544999999999,-0.1295877125,other,-4.821637332766439e-16,0.0,-0.11597082043892652,-0.0003218344560375232,-0.11594289283081417,-0.00040522683938384256,1.2963531915269511e-12,5.766278860287135e-10,True
632,176,200,0.02153171,-0.128058475,other,-2.4108186663832183e-16,-4.821637332766436e-17,-0.11601991757963265,-0.044595395332739526,-0.11601982838818443,-0.06579472069509455,3.493798160231172e-11,5.0809185659301675e-11,True
633,201,202,0.018736654999999998,-0.12192597499999999,other,-1.3018420798469396e-15,-1.9286549331065747e-16,-0.11599189564782098,-0.0012101273768303224,nan,nan,0.0,0.0,False
634,202,203,0.013146544999999999,-0.1265292375,other,-7.714619732426304e-16,0.0,-0.11595331748251901,-0.0003167447997196912,-0.11629168840278885,0.0003024124706756052,2.0977047522118705e-13,4.476867111073801e-10,True
635,202,223,0.013146544999999999,-0.125,other,-1.8322221864512493e-15,9.64327466553287e-17,-0.11593169038306479,-0.00025947799542695905,-0.11589268868106833,-0.00021887567645447644,2.0531181808807757e-12,1.1914689251250686e-09,True
636,223,224,0.010351489999999998,-0.12346298750000001,other,-3.7126607462301715e-15,9.64327466553287e-17,-0.11592959368655793,-0.00022282923377185882,-0.11593178134672359,-0.0014370863697845324,5.422521453100454e-12,4.912427002830203e-10,True
637,202,224,0.013146544999999999,-0.12346298750000001,other,-1.880438559778914e-15,9.64327466553287e-17,-0.11594136865633042,-0.0003931388945180073,-0.11592038178721416,-0.0007731719281932879,2.2142216127259846e-12,5.228744924381052e-10,True
638,202,248,0.0159416,-0.12192597499999999,other,-1.6875730664682557e-15,9.64327466553287e-17,-0.11595497416546639,-0.0011165211919557411,-0.11598905853861716,-0.003085014623360435,1.39673093527753e-11,5.598437370664132e-10,True
639,201,248,0.018736654999999998,-0.11885195000000001,other,-2.0733040530895722e-15,0.0,-0.11602931963439654,-0.002091273127617748,-0.1159171456092417,-0.001452706139505161,1.0810040407481246e-11,8.162016861040753e-10,True
640,204,205,0.00905755375,-0.13111695,other,-6.268128532596371e-16,0.0,-0.11595831852955713,-0.00010299760183699214,-0.11586888007833084,1.5125267460872395e-06,2.798593565641617e-13,1.5383725491911418e-09,True
641,203,205,0.00905755375,-0.1295877125,other,-1.060760213208617e-15,0.0,-0.11594697013739803,-0.00012147682477745472,nan,nan,0.0,0.0,False
642,204,206,0.00905755375,-0.13417542500000001,other,-4.339473599489794e-16,9.64327466553287e-17,-0.11596623780599394,0.00028713059260931803,nan,nan,0.0,0.0,False
643,205,206,0.0077636175,-0.13417542500000001,other,-6.750292265873015e-16,0.0,-0.1159622395326636,0.0002947873364892149,-0.11596370993843728,-0.00033526838299854537,6.569175614731338e-13,2.441761069188625e-10,True
644,206,207,0.007116649375000001,-0.1372339,other,-5.785964799319727e-16,1.9286549331065737e-16,-0.11596856358477839,0.0014328079000037813,-0.11582612678174409,0.0003813471392000044,3.3436129787746135e-14,2.0468976943439587e-09,True
645,205,207,0.007116649375000001,-0.13417542500000001,other,-6.268128532596371e-16,0.0,-0.11596214485075754,0.0006333289577717347,nan,nan,0.0,0.0,False
646,205,222,0.0077636175,-0.1295877125,other,-1.6393566931405912e-15,9.64327466553287e-17,-0.11594213616594282,7.704729853486477e-05,-0.11594502574021176,-0.00040636529913737145,8.373286306074019e-13,2.4154154394875036e-10,True
647,203,222,0.00905755375,-0.12805847500000003,other,-1.6393566931405912e-15,9.64327466553287e-17,-0.11594023790713041,5.331625961323521e-06,-0.11588946988129191,-6.536913701510333e-05,4.795808393198295e-13,9.017814300181125e-10,True
648,206,208,0.007116649375000001,-0.14630939999999998,other,9.64327466553287e-17,9.64327466553287e-17,-0.11597210725387917,0.0006827869696576338,nan,nan,0.0,0.0,False
649,207,208,0.00646968125,-0.14630939999999998,other,1.9286549331065737e-16,9.64327466553287e-17,-0.1159719320932647,0.0017158665646382742,-0.1159719308055679,-0.0008582834135299652,2.0581822579620798e-13,5.820310817586464e-11,True
650,208,209,0.006146197187500001,-0.1553849,other,2.8929823996598605e-16,-1.446491199829931e-16,-0.11595390283855644,-0.0009956288647362667,-0.11591447596998206,-0.0006813446954862624,6.164928007017494e-13,6.413631158560069e-10,True
651,207,209,0.006146197187500001,-0.14630939999999998,other,9.64327466553287e-17,-4.821637332766436e-17,-0.11597186771725347,0.0017776622873738118,nan,nan,0.0,0.0,False
652,207,221,0.00646968125,-0.13417542500000001,other,-5.785964799319727e-16,0.0,-0.11596077029415892,0.0012875689269996858,-0.11596136845308423,-0.000401379095846134,2.2183338453820846e-13,8.435930657551401e-11,True
653,205,221,0.007116649375000001,-0.13111695,other,-9.643274665532881e-16,-4.821637332766436e-17,-0.11595248059847874,0.00018950211217997232,-0.11585417564311531,3.506184557025617e-06,9.944828616845205e-14,6.66172552074374e-10,True
654,196,210,0.006146197187500001,-0.1823151,other,9.64327466553287e-17,-9.643274665532872e-17,-0.11592405483847942,0.20780517373544963,-0.11586199380239467,-0.021720655038992724,1.3827121390523695e-12,5.2073138548016594e-11,True
655,208,210,0.006146197187500001,-0.16884999999999997,other,2.8929823996598605e-16,9.64327466553287e-17,-0.11592868963340178,0.009836224541700163,nan,nan,0.0,0.0,False
656,209,210,0.005822713125000001,-0.16884999999999997,other,0.0,-1.446491199829931e-16,-0.115928704418684,0.010086249494426644,-0.11592874020567988,-0.006706262617079845,4.159107948684445e-13,9.662357752278541e-12,True
657,210,211,0.0054992290625,-0.1823151,other,0.0,0.0,-0.11592407709647583,-0.04551403286163417,-0.11586344047367518,-0.06656780521616898,7.24439602366144e-13,9.58077312794546e-11,True
658,209,211,0.0054992290625,-0.16884999999999997,other,0.0,-1.446491199829931e-16,-0.11592872152895169,-0.015487960525324473,nan,nan,0.0,0.0,False
659,209,220,0.005822713125000001,-0.14630939999999998,other,1.9286549331065737e-16,-1.9286549331065747e-16,-0.11597181224038665,-0.00033204247073673735,-0.11597181149741853,-0.0009265255687732653,1.0946895989263949e-13,3.252293215899894e-11,True
660,207,220,0.006146197187500001,-0.1372339,other,-1.446491199829931e-16,0.0,-0.11596749815740878,0.0012504967971862838,-0.11582660816723282,-0.0010333415535203256,1.7420970587589314e-14,7.838625388610354e-10,True
661,196,213,0.006146197187500001,-0.18690372870771532,other,-5.303801066043082e-16,-2.4108186663832183e-16,-0.11588683214460314,-0.007961114722598271,nan,nan,0.0,0.0,False
662,210,213,0.005822713125000001,-0.18690372870771532,other,-6.750292265873015e-16,-9.643274665532872e-17,-0.1158868310923448,0.15371459369398557,-0.11588686282679998,-0.10340490307903438,1.0741833315506548e-12,1.3827982546868475e-12,False
663,210,212,0.0054992290625,-0.18690372870771532,other,9.64327466553287e-17,-9.643274665532872e-17,-0.1158868448869717,-0.328516585055192,nan,nan,0.0,0.0,False
664,211,212,0.005175744999999999,-0.18690372870771532,other,0.0,-9.643274665532872e-17,-0.11588683346264832,-0.5345746163923667,-0.11588685016325168,-0.10655540298918999,6.231506923051862e-13,9.933009164209146e-13,False
665,211,219,0.005175744999999999,-0.16884999999999997,other,4.821637332766433e-16,0.0,-0.1159287181409491,-0.01851075642411541,-0.11592873553477691,-0.0043726904804649545,2.242864548550875e-13,5.817789002863298e-12,True
666,209,219,0.0054992290625,-0.1553849,other,2.8929823996598605e-16,-9.643274665532872e-17,-0.1159539205887703,-0.00451942575013926,-0.1159155858545885,-0.01583624798348571,3.100509657851498e-13,4.2332085005908696e-10,True
667,212,213,0.0054992290625,-0.19149235741543066,other,-5.303801066043082e-16,-2.4108186663832183e-16,-0.11588376374347995,-0.4934511194494943,-0.11651904064778115,-0.03085445069736608,2.0264416598390323e-14,2.8324845693596877e-11,True
668,195,213,0.006146197187500001,-0.19149235741543066,other,-2.4108186663832183e-16,-2.4108186663832183e-16,-0.11588377446217708,0.006690843752535603,-0.11638757478924956,0.06474131914431826,4.983115861660596e-14,4.304026326178773e-12,True
669,194,214,0.006146197187500001,-0.19608098612314603,other,1.9286549331065737e-16,0.0,-0.11587374674627772,-0.0001295551217330764,-0.11591651982434759,-0.1949236363045273,2.34999580163651e-13,4.2098913374903056e-12,True
670,194,346,0.006146197187500001,-0.19722814330007485,other,2.8929823996598605e-16,0.0,-0.11587029076741127,0.18854970853408537,nan,nan,0.0,0.0,False
671,214,346,0.005822713125000001,-0.19722814330007485,other,8.678947198979575e-16,0.0,-0.11587027420348346,0.2924959488543298,-0.11587019109331884,-0.07744928359702154,9.323612700233082e-13,8.516961576104071e-13,False
672,195,214,0.006146197187500001,-0.19378667176928835,other,7.71461973242629e-16,-1.446491199829931e-16,-0.11587523169430013,0.020109769808393147,nan,nan,0.0,0.0,False
673,213,214,0.005822713125000001,-0.19378667176928835,other,1.9286549331065737e-16,-1.446491199829931e-16,-0.11587525727900844,9.205469100397753e-05,-0.1158752360108388,-0.15820008639383903,1.0446165895274741e-12,9.842758108115163e-13,False
674,212,215,0.005175744999999999,-0.19378667176928835,other,1.9286549331065737e-16,-1.9286549331065747e-16,-0.11587529090741733,-0.5863246212040363,-0.11587528731716111,-0.23371498789098943,6.112634379646599e-13,7.356317644495129e-13,False
675,213,215,0.0054992290625,-0.19378667176928835,other,-5.303801066043082e-16,-1.9286549331065747e-16,-0.11587527397093654,0.014625352577783699,nan,nan,0.0,0.0,False
676,214,215,0.0054992290625,-0.19608098612314603,other,3.857309866213147e-16,-1.446491199829931e-16,-0.11587377270060185,0.03201250365902886,-0.115915956832911,0.3180927752297037,1.2274426066134908e-13,1.9579076511881505e-11,True
677,212,216,0.005110841585408744,-0.19378667176928835,other,0.0,-2.4108186663832183e-16,-0.11587529232159265,-0.465418035585172,nan,nan,0.0,0.0,False
678,215,216,0.005110841585408744,-0.19608098612314603,other,0.0,-2.8929823996598625e-16,-0.11587379882481443,-0.37364370863574875,-0.11591548768754917,-0.3542183785867047,5.559308218679828e-14,4.758597021459061e-11,True
679,216,217,0.005045938170817487,-0.19378667176928835,other,0.0,-1.9286549331065747e-16,-0.11587529256783878,-0.5918203212244503,-0.11587529210294088,-0.270160529031677,4.977575674891422e-13,5.897691543036491e-13,False
680,212,217,0.005110841585408744,-0.19149235741543066,other,0.0,-4.821637332766436e-17,-0.11588375003302656,-0.8664115949958219,-0.11657298998377356,0.596631356101864,8.377162272638443e-15,4.1600014020760565e-11,True
681,211,217,0.005110841585408744,-0.18690372870771532,other,2.8929823996598605e-16,0.0,-0.11588684707850634,-0.7205205846995879,nan,nan,0.0,0.0,False
682,211,218,0.005110841585408744,-0.1823151,other,1.157192959863943e-15,0.0,-0.1159240791572862,-0.0800269597533515,-0.11586361782752164,0.014495059342719517,3.255753648959444e-13,1.1567455203290044e-10,True
683,217,218,0.005045938170817487,-0.18690372870771532,other,9.64327466553286e-16,0.0,-0.11588684435162053,-0.5218617700520908,-0.11588684900508357,-0.0145751001726639,5.061347297446525e-13,9.194647469721348e-13,False
684,218,233,0.005045938170817487,-0.16884999999999997,other,5.785964799319719e-16,0.0,-0.1159287300395793,0.031005835124806543,-0.11592873514820509,-0.004728341202329502,1.8055936481001606e-13,4.690477849653621e-12,True
685,219,233,0.005110841585408744,-0.1553849,other,-9.643274665532881e-16,0.0,-0.11595391417855812,0.012436030412094103,-0.1159157199208333,-0.0322854245363024,1.3861012196757985e-13,1.6869069163978034e-10,True
686,218,219,0.005110841585408744,-0.16884999999999997,other,1.3500584531745999e-15,0.0,-0.11592873161598076,-0.00683147633964237,nan,nan,0.0,0.0,False
687,219,231,0.005175744999999999,-0.14630939999999998,other,-4.821637332766439e-16,9.64327466553287e-17,-0.11597174304987658,-0.0015281167383809397,-0.11597174441933995,-0.0010600214003239714,5.284561100691566e-14,1.803982243350881e-11,True
688,220,231,0.0054992290625,-0.1372339,other,-4.339473599489794e-16,9.64327466553287e-17,-0.11596712718053427,3.002933223093414e-05,-0.11580601710465947,-0.0070105841145279395,7.15123408733083e-15,1.565260728162446e-10,True
689,219,220,0.0054992290625,-0.14630939999999998,other,1.9286549331065737e-16,-9.643274665532872e-17,-0.11597177685636963,-0.0019489859529667037,nan,nan,0.0,0.0,False
690,220,229,0.005822713125000001,-0.13417542500000001,other,-7.232455999149659e-16,9.64327466553287e-17,-0.115960442806148,-0.0011373506407824489,-0.11596058903328327,-0.00041582340574559316,1.1973869617979976e-13,4.3106838504305185e-11,True
691,221,229,0.006146197187500001,-0.13111695,other,-1.060760213208617e-15,0.0,-0.11595071054344426,-0.0004295297632196792,-0.11584459860456706,-0.0008416030015338344,4.536801013948835e-14,7.176194690186226e-11,True
692,220,221,0.006146197187500001,-0.13417542500000001,other,-5.303801066043082e-16,-4.821637332766436e-17,-0.11596082011515549,0.00034036853017585506,nan,nan,0.0,0.0,False
693,221,227,0.00646968125,-0.1295877125,other,-1.9286549331065786e-15,-4.821637332766436e-17,-0.11594084611246828,0.00010849862875893953,-0.1159419347068631,-0.00047093752182944895,2.759136603401637e-13,6.27011139242351e-11,True
694,222,227,0.007116649375000001,-0.12805847500000003,other,-2.5072514130385538e-15,9.64327466553287e-17,-0.11593551240319822,-3.113808249162638e-05,-0.11587694538822257,-9.79194206095799e-05,1.162726271778542e-13,1.751836249694905e-10,True
695,221,222,0.007116649375000001,-0.1295877125,other,-1.7357894397959204e-15,0.0,-0.11594247879549958,0.00038868633311204447,nan,nan,0.0,0.0,False
696,222,225,0.0077636175,-0.1265292375,other,-3.2787133862811884e-15,9.64327466553287e-17,-0.1159271343735106,-0.00010131714222909536,-0.11593129120569855,-0.0009318116450439635,7.892311528853582e-13,1.1017829116951526e-10,True
697,223,225,0.00905755375,-0.125,other,-3.375146132936518e-15,1.9286549331065737e-16,-0.11592738641657753,-0.0002818307862437206,-0.11589055246202462,-0.00012416022382016708,8.11421479941899e-13,8.636235493577528e-10,True
698,222,223,0.00905755375,-0.1265292375,other,-2.121520426417237e-15,1.9286549331065737e-16,-0.11593130571772749,2.5256063636327433e-05,nan,nan,0.0,0.0,False
699,226,227,0.00646968125,-0.12729385625,other,-3.7126607462301715e-15,1.9286549331065737e-16,-0.11592985150122918,-0.000868166905525773,-0.1159303506438602,-0.0008501772925098502,3.356844247224594e-13,3.9725710539597075e-11,True
700,222,226,0.007116649375000001,-0.12729385625,other,-3.4715788795918474e-15,1.9286549331065737e-16,-0.11593047481867981,-0.0002915494865286161,-0.11592585442369743,-0.000449067976866822,4.114056905316464e-13,1.2024152795712097e-10,True
701,203,223,0.010351489999999998,-0.1265292375,other,-1.6393566931405912e-15,0.0,-0.11593596386185148,-0.0001537723118498345,-0.11594297655365848,-0.0012586482744771884,4.180824758561754e-12,5.592566760095544e-10,True
702,224,225,0.00905755375,-0.12346298750000001,other,-5.641315679336766e-15,1.9286549331065737e-16,-0.11591976467976714,-0.00043026145493638596,nan,nan,0.0,0.0,False
703,225,226,0.007116649375000001,-0.12576461874999997,other,-4.146608106179155e-15,3.857309866213147e-16,-0.11592766891877865,-0.0009458108495732292,-0.11593736232355842,-0.004318810666681596,3.1727958401486745e-13,9.53597862781337e-12,True
704,225,237,0.007116649375000001,-0.125,other,-6.653859519217732e-15,2.8929823996598605e-16,-0.11591944608873071,-0.0016471726949819575,-0.11589284898985873,-0.0006441467912958057,2.0796613598794046e-13,4.1042237016604365e-11,True
705,237,238,0.00646968125,-0.12423149374999999,other,-9.546841918877647e-15,3.857309866213147e-16,-0.11591739488240269,-0.004974671481235437,-0.11591823580725259,-0.004738311220931465,4.736332250416279e-13,1.1163491486161373e-11,True
706,225,238,0.007116649375000001,-0.12423149374999999,other,-8.534298078996675e-15,2.8929823996598605e-16,-0.11591837152172141,-0.0025723001629727707,-0.11591448123111814,-0.0016271245130531117,6.280262392801731e-13,4.657248084893101e-11,True
707,225,246,0.0077636175,-0.12346298750000001,other,-9.016461812273329e-15,1.9286549331065737e-16,-0.11591533010753911,-0.00031304084112607997,-0.11591966629675889,-0.004168621004842999,1.0819398437161737e-12,3.2512328066995645e-11,True
708,224,246,0.00905755375,-0.12192597499999999,other,-1.027008751879263e-14,9.64327466553287e-17,-0.11591700333577112,-0.00019492904072573712,-0.1158841174159572,-0.00042588737900415397,1.1554293470135303e-12,4.567223058993392e-10,True
709,227,228,0.006146197187500001,-0.12805847500000003,other,-2.5072514130385538e-15,1.9286549331065737e-16,-0.11593570102668377,-0.0007363867103276577,-0.11587702270002495,4.814503664617429e-05,5.650186283987078e-14,1.9774732395635438e-11,True
710,226,228,0.006146197187500001,-0.12729385625,other,-3.809093492885501e-15,3.857309866213147e-16,-0.11592960032271167,-0.0011014543473527197,nan,nan,0.0,0.0,False
711,227,229,0.006146197187500001,-0.1295877125,other,-1.880438559778914e-15,9.64327466553287e-17,-0.11594104477231051,-0.0010555499234003627,nan,nan,0.0,0.0,False
712,228,229,0.005822713125000001,-0.1295877125,other,-2.2661695464002305e-15,1.9286549331065737e-16,-0.11594065508673919,-0.0012580552653472879,-0.11594096800978478,-0.00047120561054127816,1.4587307164577913e-13,2.996417669096607e-11,True
713,229,230,0.0054992290625,-0.13111695,other,-1.3982748265022685e-15,6.750292265873004e-16,-0.11595010467563904,0.0006919399247685104,-0.11583581908555829,-0.00013886988375505778,1.923363456173445e-14,9.735347904176098e-11,True
714,228,230,0.0054992290625,-0.1295877125,other,-2.314385919727895e-15,6.750292265873004e-16,-0.11594055923362336,0.0008804242379442863,nan,nan,0.0,0.0,False
715,228,236,0.005822713125000001,-0.12729385625,other,-4.00195898619616e-15,2.8929823996598605e-16,-0.11592946261053112,-0.0004277865904209492,-0.11592977680333226,-0.001000348649685186,1.769633714316951e-13,1.7095385286541115e-11,True
716,226,236,0.006146197187500001,-0.1265292375,other,-4.628771839455803e-15,3.857309866213147e-16,-0.11592688990422904,-0.000502031617377532,-0.11588986658979668,0.0002435642113391091,5.5760551308273976e-14,1.5867093230046827e-11,True
717,229,231,0.0054992290625,-0.13417542500000001,other,-9.161110932256237e-16,9.64327466553287e-17,-0.11596031480714028,-0.0009462111803137764,nan,nan,0.0,0.0,False
718,230,231,0.005175744999999999,-0.13417542500000001,other,-9.161110932256237e-16,6.750292265873004e-16,-0.11596001968744628,0.0019764117388290986,-0.11596013878328855,-0.00038857402739662266,5.714598123456306e-14,2.2019637664975492e-11,True
719,231,232,0.005110841585408744,-0.1372339,other,-5.303801066043082e-16,3.857309866213147e-16,-0.11596692869325963,0.017195269633085427,-0.11578870187849621,0.0008855246771722045,2.8508637687433064e-15,1.4363263650565734e-10,True
720,230,232,0.005110841585408744,-0.13417542500000001,other,-1.446491199829931e-16,8.678947198979575e-16,-0.11596010311089229,0.012962289050672883,nan,nan,0.0,0.0,False
721,230,235,0.005175744999999999,-0.1295877125,other,-1.350058453174604e-15,7.71461973242629e-16,-0.11594019817287594,0.0009412084264119155,-0.11594041715718191,-0.0005132063126271623,6.791344882993893e-14,1.3834331825729306e-11,True
722,228,235,0.0054992290625,-0.12805847500000003,other,-2.748333279676877e-15,2.8929823996598605e-16,-0.11593548476679737,-0.0007580898688178913,-0.11587672657616413,2.8626830792329486e-05,2.5411563056185758e-14,6.714330756343847e-11,True
723,231,233,0.005110841585408744,-0.14630939999999998,other,-8.196783465702948e-16,1.9286549331065737e-16,-0.11597174087067695,0.0077765957034965135,nan,nan,0.0,0.0,False
724,232,234,0.005045938170817487,-0.13417542500000001,other,9.64327466553286e-16,8.678947198979575e-16,-0.11596004820013658,0.02556246735067727,-0.11596009263297995,-0.0003815790653628116,4.480010650983089e-14,1.738519799242022e-11,True
725,230,234,0.005110841585408744,-0.13111695,other,3.857309866213147e-16,1.0607602132086145e-15,-0.11594980489799062,0.012960324272919052,-0.11583592753108805,-0.0011715466316943417,8.466166918823747e-15,1.5120945574865586e-10,True
726,232,233,0.005045938170817487,-0.14630939999999998,other,-1.446491199829931e-16,4.821637332766433e-16,-0.11597173697193496,0.03393772769207926,-0.1159717378182007,-0.0010688711828307977,4.194924281115334e-14,1.450457567765998e-11,True
727,234,241,0.005045938170817487,-0.1295877125,other,-2.5554677863662184e-15,9.64327466553287e-17,-0.11594028080479525,0.009813801124015205,-0.11594036016568476,-0.0005444194867785741,5.3266273384309625e-14,1.0541091041469629e-11,True
728,235,241,0.005110841585408744,-0.12805847500000003,other,-3.182280639625859e-15,-1.446491199829931e-16,-0.11593536746610217,-0.00030803215647303713,-0.11587689498363746,0.00026717910237913516,1.1203244997502629e-14,7.532067468305552e-11,True
729,234,235,0.005110841585408744,-0.1295877125,other,-1.4947075731575976e-15,7.71461973242629e-16,-0.11594035392434635,0.01035335064302949,nan,nan,0.0,0.0,False
730,235,240,0.005175744999999999,-0.12729385625,other,-4.387689972817478e-15,-1.9286549331065747e-16,-0.11592917120124131,-0.002052556196311852,-0.1159293754151052,-0.0011034059906994249,8.212176688641483e-14,7.778691979409271e-12,True
731,236,240,0.0054992290625,-0.1265292375,other,-5.159151946060117e-15,-2.8929823996598625e-16,-0.1159261718669199,-0.001816952026293054,-0.11589215461226558,6.106519405642562e-05,2.8287687399846966e-14,4.465370609325794e-11,True
732,235,236,0.0054992290625,-0.12729385625,other,-4.0501753595238245e-15,3.857309866213147e-16,-0.11592940418362659,-0.00027646159897381795,nan,nan,0.0,0.0,False
733,236,239,0.005822713125000001,-0.12576461874999997,other,-6.412777652579407e-15,3.857309866213147e-16,-0.11592353042822298,1.7206097581071147e-05,-0.11592409717158536,-0.002198450806467963,2.0443623537986262e-13,1.0648031074305404e-11,True
734,237,239,0.006146197187500001,-0.125,other,-8.148567092375353e-15,3.857309866213147e-16,-0.11591984394075687,-0.001219643340575255,-0.11589456891719946,0.0005055577013117024,1.0838289134005117e-13,2.5591603629869263e-11,True
735,236,237,0.006146197187500001,-0.12576461874999997,other,-5.834181172647426e-15,3.857309866213147e-16,-0.11592400162855865,-0.0010829169155032277,nan,nan,0.0,0.0,False
736,226,237,0.00646968125,-0.12576461874999997,other,-5.5448829326814366e-15,3.857309866213147e-16,-0.11592364856109878,-0.002128661397742891,-0.11592549261414345,-0.00165369253325329,3.7404998009192624e-13,2.5196627286412475e-11,True
737,238,239,0.006146197187500001,-0.12423149374999999,other,-1.0173654772137298e-14,2.8929823996598605e-16,-0.11591715321772987,-0.0020052238502170226,nan,nan,0.0,0.0,False
738,239,240,0.0054992290625,-0.12576461874999997,other,-6.268128532596412e-15,-2.4108186663832183e-16,-0.1159234591836972,-0.0019412401918880908,nan,nan,0.0,0.0,False
739,239,244,0.005822713125000001,-0.12423149374999999,other,-1.0414736638775625e-14,3.857309866213147e-16,-0.1159170098611352,-0.0018470530790609258,-0.11591749322300812,-0.0050859120045676064,2.5929206901684353e-13,5.651016636063654e-12,True
740,238,244,0.006146197187500001,-0.12346298750000001,other,-1.2777338931831242e-14,3.857309866213147e-16,-0.11591480776590496,-0.005272035832081026,-0.11589085459733768,0.0007943208907787559,1.1972428679746302e-13,1.6830388747844863e-11,True
741,240,241,0.005110841585408744,-0.12729385625,other,-4.532339092800473e-15,-8.678947198979593e-16,-0.11592930666858763,-0.0016721509823216507,nan,nan,0.0,0.0,False
742,240,243,0.005175744999999999,-0.12576461874999997,other,-6.557426772562402e-15,-5.785964799319727e-16,-0.11592301703280666,-0.0017337256714045535,-0.11592337105066651,-0.0021858419008720887,9.719811484725294e-14,5.250016279863657e-12,True
743,239,243,0.0054992290625,-0.125,other,-8.244999839030683e-15,9.64327466553287e-17,-0.11591963001688425,4.0734317120320624e-05,-0.11589629891099103,7.551254575977668e-05,5.352705780265338e-14,3.6823352275615577e-11,True
744,241,242,0.005045938170817487,-0.12729385625,other,-4.532339092800473e-15,-1.0125438398809526e-15,-0.11592925641154134,0.000245725945225851,-0.11592933212015,-0.0011862743768980121,6.446951837097152e-14,5.8797727113652876e-12,True
745,240,242,0.005110841585408744,-0.1265292375,other,-5.737748425992096e-15,-1.060760213208617e-15,-0.11592582152242602,-0.0013217869156843872,-0.11589385625299967,0.0006494509186900429,1.3211339446562685e-14,4.625844983064991e-11,True
746,242,298,0.005045938170817487,-0.12576461874999997,other,-6.9913741325113875e-15,-9.643274665532881e-16,-0.1159231733017688,0.00017353858449284043,-0.11592329887323811,-0.0021133889599735584,7.768085781115898e-14,4.125398509098186e-12,True
747,243,298,0.005110841585408744,-0.125,other,-8.920029065617997e-15,-4.821637332766439e-16,-0.11591950764132712,-6.843636393855054e-05,-0.11589683610434125,0.00028176043767910616,2.437993611207604e-14,3.6948214551124e-11,True
748,242,243,0.005110841585408744,-0.12576461874999997,other,-6.846725012528392e-15,-6.750292265873015e-16,-0.1159232629873714,0.00035013887706941373,nan,nan,0.0,0.0,False
749,243,296,0.005175744999999999,-0.12423149374999999,other,-1.089690037205228e-14,-7.714619732426304e-16,-0.11591674322056829,-0.00020060363302526764,-0.11591702215671668,-0.004708005450629942,1.2634523656251385e-13,3.1036240434792746e-12,True
750,244,296,0.0054992290625,-0.12346298750000001,other,-1.3548800905073896e-14,-3.8573098662131503e-16,-0.11591408591300081,-0.0022892969999475585,-0.11589190008480728,0.0001895741969063635,6.212454990950702e-14,2.7639535259788124e-11,True
751,243,244,0.0054992290625,-0.12423149374999999,other,-1.0607602132086287e-14,9.64327466553287e-17,-0.11591699990055986,-0.0015973825495283372,nan,nan,0.0,0.0,False
752,244,294,0.005822713125000001,-0.12269448125,other,-1.6731081544699853e-14,3.857309866213147e-16,-0.11591182391877114,-0.00013513212847490692,-0.1159124464250835,-0.1680796844929107,3.1689180609824034e-13,3.5494656375752855e-14,False
753,245,294,0.006146197187500001,-0.12192597499999999,other,-3.331751396941735e-14,4.821637332766433e-16,-0.1159068494119859,0.004637022919443072,-0.11588845556872279,0.0010916560991085288,2.76995446116247e-13,2.560386374028269e-11,True
754,244,245,0.006146197187500001,-0.12269448125,other,-1.6104268691440194e-14,4.821637332766433e-16,-0.11591229244674336,0.0002056807483049636,nan,nan,0.0,0.0,False
755,238,245,0.00646968125,-0.12269448125,other,-1.5622104958163532e-14,3.857309866213147e-16,-0.11591188232678618,0.0010743556318559802,-0.11591392449295942,-0.09060870480512082,5.499016117618557e-13,7.145482870933838e-13,False
756,245,246,0.007116649375000001,-0.12192597499999999,other,-2.661543807687154e-14,2.8929823996598605e-16,-0.11590929459494125,0.0040698934081418395,-0.11588876916517578,-0.014268924352576167,5.327242845381878e-13,4.9070247798086874e-12,True
757,238,246,0.007116649375000001,-0.12269448125,other,-1.0993333118707612e-14,1.9286549331065737e-16,-0.11591565361729161,-0.0036276648277232845,-0.11592585299299955,0.06399174323071583,4.320335664456931e-13,9.274492987233746e-13,False
758,245,278,0.00646968125,-0.1203889625,other,-4.532339092800686e-14,5.785964799319719e-16,-0.11590392603509386,0.025342298452675625,-0.11590604746722027,0.023112359547149776,8.056304516759268e-13,4.99369282835507e-12,True
759,277,278,0.007116649375000001,-0.11885195000000001,other,-2.5173768514380856e-13,5.785964799319719e-16,-0.1159010833162319,0.04334026910069695,-0.11588424147616115,0.025559854161273488,1.468686664169123e-12,9.75977602827303e-12,True
760,245,277,0.007116649375000001,-0.1203889625,other,-3.9440993382031236e-14,4.821637332766433e-16,-0.11590556211294736,0.0266385753766277,nan,nan,0.0,0.0,False
761,246,277,0.0077636175,-0.1203889625,other,-3.510151978254107e-14,2.8929823996598605e-16,-0.11590563189214396,0.029739247355074848,-0.1159093975974134,0.04176722917090787,2.136678477386386e-12,7.180973753323782e-12,True
762,247,277,0.00905755375,-0.11885195000000001,other,-1.1596037785304825e-13,4.821637332766433e-16,-0.11591413406348926,0.013981554175435474,-0.11588633268655477,-0.0028782575703131773,2.9331221753936325e-12,1.7853204975225463e-10,True
763,246,247,0.00905755375,-0.1203889625,other,-2.217953173072617e-14,2.8929823996598605e-16,-0.11590928007000181,-0.0010780587876247072,nan,nan,0.0,0.0,False
764,224,247,0.010351489999999998,-0.1203889625,other,-1.3452368158418564e-14,2.8929823996598605e-16,-0.11591545113614701,-0.0007963577271905678,-0.11592121372425972,-0.003967082533061968,6.942333682062413e-12,2.532990910266977e-10,True
765,247,248,0.013146544999999999,-0.11885195000000001,other,-1.3066637171797238e-14,3.857309866213147e-16,-0.11595886753713236,-0.0015871078390237564,-0.11589497214912958,-0.0011659862581923524,6.18462327934913e-12,6.457103389379427e-10,True
766,224,248,0.013146544999999999,-0.1203889625,other,-4.243040852834484e-15,1.9286549331065737e-16,-0.11592392298850988,-0.0008858024865960244,-0.11570789075398576,0.00020160014671241933,4.61019956947464e-13,2.6845096332636557e-10,True
767,247,276,0.010351489999999998,-0.11577792500000002,other,-2.051124521359326e-13,6.750292265873004e-16,-0.11590906237127938,-0.11765626514261959,-0.11591532936952076,-0.07220290233943952,1.0193834826184308e-11,1.8477944017188027e-11,True
768,275,276,0.013146544999999999,-0.11270390000000001,other,-5.541165450651337e-11,6.750292265873004e-16,-0.11602747298852394,-0.11950066219314266,-0.1158960555680558,-0.012321522650170915,2.0222405741941697e-11,1.727144805964985e-10,True
769,247,275,0.013146544999999999,-0.11577792500000002,other,-9.464874084221545e-14,3.857309866213147e-16,-0.11591453968131563,-0.1152896471375145,nan,nan,0.0,0.0,False
770,248,275,0.0159416,-0.11577792500000002,other,-1.5670321331491198e-14,4.821637332766433e-16,-0.11597083319976884,-0.11462766321083251,-0.11598542351636434,-0.005230721750099414,1.8131706475140653e-11,4.1686825072641915e-10,True
771,249,275,0.018736654999999998,-0.11270390000000001,other,-1.919696330984722e-11,4.821637332766433e-16,-0.11616186050022187,-0.1187417236911404,-0.1159470333316076,-0.005018302377873264,2.351321580587454e-11,4.3676075527374917e-10,True
772,248,249,0.018736654999999998,-0.11577792500000002,other,-9.450409172222316e-15,3.857309866213147e-16,-0.11598461631996841,-0.10860122963104361,nan,nan,0.0,0.0,False
773,201,249,0.02153171,-0.11577792500000002,other,-2.9411987729875357e-15,2.8929823996598605e-16,-0.11605788927076129,-0.11641841970356764,-0.116065516272868,-0.006986898531716255,3.644427753823298e-11,4.5132790647508095e-10,True
774,249,250,0.027569365,-0.11270390000000001,other,-5.38060974878738e-12,1.9286549331065737e-16,-0.11635468652171808,-0.11777238249046262,-0.11602159935968304,-0.004035996100250365,1.0960366296848938e-11,3.798010178288868e-10,True
775,201,250,0.027569365,-0.11577792500000002,other,-1.8322221864512493e-15,-1.9286549331065747e-16,-0.11607285119740117,-0.1119842048788887,-0.11625095651965207,-0.0008419405561584022,1.6587463834978503e-12,7.282658901798748e-11,True
776,249,263,0.02153171,-0.10580291,other,-3.973824732541253e-11,4.821637332766433e-16,-0.1161391490182656,-0.11911086402829438,-0.1161619506681067,-0.014071555984159418,2.3891428043545913e-11,1.9283764275775307e-10,True
777,262,263,0.027569365,-0.09890191999999999,other,-2.3449136494253946e-08,2.8929823996598605e-16,-0.1170720285358036,-0.1190934373269761,-0.11603960365648759,-0.008370562513056975,6.340363696123801e-12,1.0183836985891325e-10,True
778,249,262,0.027569365,-0.10580291,other,-2.6938102048014903e-11,2.8929823996598605e-16,-0.11618017379535786,-0.11905210052771961,nan,nan,0.0,0.0,False
779,250,262,0.033607019999999994,-0.10580291,other,-1.18166276934381e-11,1.9286549331065737e-16,-0.1164416541285606,-0.11905418868199716,-0.11635480289287152,-0.022410266888887066,9.448329891138605e-12,7.127406476438337e-11,True
780,251,262,0.040128045,-0.09890191999999999,other,-1.6312391790980297e-08,1.9286549331065737e-16,-0.11464299135537945,-0.11297970648088598,-0.11758106859315155,-0.005173272365543257,4.819546078939832e-13,6.019940805062872e-11,True
781,250,251,0.040128045,-0.10580291,other,-8.840616698837224e-12,-4.821637332766436e-17,-0.11612685613678213,-0.10756317674986876,nan,nan,0.0,0.0,False
782,251,261,0.04664907,-0.09115584,other,-4.943303247364155e-08,-1.0064054891718716e-05,-0.1016804694930154,-0.11000566496916932,-0.11463949500010141,-0.11784294830692274,4.4766400956509465e-13,1.1086911494804549e-12,False
783,252,261,0.05369217,-0.08340976,other,-2.72766323241242e-05,-4.9709901150460284e-05,-0.09968844313680573,-0.09376251072284161,-0.08594388578279867,0.46494646838464004,2.9947085957565394e-14,2.8869974391163226e-15,False
784,251,252,0.05369217,-0.09115584,other,-7.573245569522634e-08,-4.4456980119243e-05,-0.0988629367854711,-0.08837834548095692,nan,nan,0.0,0.0,False
785,252,260,0.060735269999999994,-0.07471507499999999,other,-0.00012479223905106812,-0.0011414554756786434,-0.07966631999087616,-0.09060677323069091,-0.0997783983548263,-0.10560234307740564,1.0779871348529417e-13,1.3590536517263012e-13,False
786,253,260,0.06834223999999998,-0.06602038999999998,other,-0.003343055648327133,-0.0032471780948476903,-0.07839508600969457,-0.07772323587471527,-0.07678989706427698,-0.07583990424420854,3.224114909787663e-14,3.2346119427415094e-14,False
787,252,253,0.06834223999999998,-0.07471507499999999,other,-0.000188973278990967,-0.002138034249226024,-0.08052796975730972,-0.07144545334735207,nan,nan,0.0,0.0,False
788,253,259,0.07594920999999999,-0.056260945,other,-0.007405986950511862,-0.010442691092018355,-0.06805705508751712,-0.06508090354081857,-0.08433599105114274,-0.08817138775279178,7.137447920448875e-14,7.464474243736341e-14,False
789,254,259,0.08416518999999999,-0.04650150000000001,other,-0.02086416450798711,-0.018789765931072247,-0.05387089577495109,-0.05639747078405598,-0.06034854022135692,-0.05958471135476275,3.1705456039552466e-14,3.0797371142449806e-14,False
790,253,254,0.08416518999999999,-0.056260945,other,-0.009682583454143185,-0.01177765855669003,-0.062423159782338734,-0.053664911267017126,nan,nan,0.0,0.0,False
791,254,258,0.09238117,-0.03554688500000001,other,-0.03165334128454962,-0.030173223528049277,-0.0485791606463752,-0.04409702574890983,-0.07539848662187743,-0.07622694174675415,6.187616286753961e-14,6.282004007973466e-14,False
792,255,258,0.101254935,-0.024592270000000003,other,-0.03952487230422268,-0.038859865116241434,-0.036615197303626244,-0.038022947789247315,-0.017754703005995794,-0.021856348548166912,2.081055101964398e-14,1.955120604252334e-14,False
793,254,255,0.101254935,-0.03554688500000001,other,-0.03184421952290238,-0.02831967430368207,-0.043063486219729046,-0.040642183916348266,nan,nan,0.0,0.0,False
794,255,256,0.11971285000000002,-0.012296135000000001,other,-0.04195733557496913,-0.04346188260730169,-0.030164781994406302,-0.027400797463729074,nan,nan,0.0,0.0,False
795,255,257,0.11012870000000001,-0.012296135000000001,other,-0.045715297716401995,-0.04964439063585876,-0.03155061754632722,-0.024781140191161795,-0.06226222636534059,-0.06352674277806836,5.935334739304793e-14,6.013922105990964e-14,False
796,256,257,0.11971285000000002,0.0,other,-0.056399261377242736,-0.05641880347969703,-0.019536663910235414,-0.019634673072591098,-0.8637061202759722,-0.605245047004195,3.362390633033964e-16,6.008092851869623e-16,False
797,257,258,0.101254935,-0.012296135000000001,other,-0.05000078279792341,-0.05135566857923415,-0.03374037854027894,-0.02753634564190159,nan,nan,0.0,0.0,False
798,258,268,0.09238117,-0.012296135000000001,other,-0.054252158162813806,-0.05912595874790892,-0.03579105278286952,-0.022587757428067547,-0.07339029013155578,-0.0750348229314703,6.875085444703884e-14,7.034139280790277e-14,False
799,257,268,0.101254935,0.0,other,-0.07042179841693601,-0.07069637385389897,-0.014916279311857964,-0.01482096505509224,-0.7459085406666576,-1.5641741959110664,4.3516583117815074e-16,6.334656284432704e-17,False
800,258,259,0.08416518999999999,-0.03554688500000001,other,-0.031284647312750775,-0.02803402180506497,-0.054552996037822696,-0.04776723468314326,nan,nan,0.0,0.0,False
801,259,260,0.06834223999999998,-0.056260945,other,-0.005032769700818488,-0.009171871130676036,-0.08034779897586473,-0.066506262676597,nan,nan,0.0,0.0,False
802,259,267,0.07594920999999999,-0.03554688500000001,other,-0.029838307138887195,-0.02958455647460864,-0.062288288547660185,-0.05278245522219877,-0.08873816784522078,-0.09075286931387207,7.695131311840008e-14,8.007307232094746e-14,False
803,258,267,0.08416518999999999,-0.024592270000000003,other,-0.04352972993355405,-0.042042230203031494,-0.04283083235003857,-0.04462197956193042,-0.02728053237682508,-0.03175150283135437,2.7684849582355775e-14,2.5503464602555672e-14,False
804,260,261,0.05369217,-0.07471507499999999,other,-4.346403981460575e-05,-0.0011037529664768145,-0.10169054128280966,-0.09091581723542391,nan,nan,0.0,0.0,False
805,260,266,0.060735269999999994,-0.056260945,other,-0.003829507822117815,-0.007929416155077704,-0.08580933072908538,-0.08205562600243277,-0.10194424815835439,-0.10676287528814273,1.1194627581792278e-13,1.3114948098821044e-13,False
806,259,266,0.06834223999999998,-0.04650150000000001,other,-0.01805617076413838,-0.015554081135730027,-0.06842012629146292,-0.0712687153288953,-0.07350155022282848,-0.07004994080925184,3.728109878058838e-14,3.6908545778313855e-14,False
807,261,262,0.040128045,-0.09115584,other,-4.175478434207392e-08,-1.0195947134233958e-05,-0.11631265111535075,-0.11003706242083876,nan,nan,0.0,0.0,False
808,261,265,0.04664907,-0.07471507499999999,other,-3.07755394868865e-05,-0.0005832703749561364,-0.10572098382447911,-0.11022819096265306,-0.11526367634077057,-0.11840425316514072,3.488950773146446e-13,6.086811319915554e-13,False
809,260,265,0.05369217,-0.06602038999999998,other,-0.0016078829181122294,-0.001671667598831014,-0.09906021406836484,-0.09785351587715335,-0.08641645817071081,-0.06295265282370711,3.6388666773225907e-14,2.161446337974641e-14,False
810,262,264,0.033607019999999994,-0.09115584,other,-4.95934225220124e-08,-6.410696506986154e-06,-0.11725715839118148,-0.11968085064851257,-0.117075555190216,-0.11937304346568955,3.58992080648116e-12,6.564734193477698e-12,True
811,261,264,0.040128045,-0.08340976,other,-1.2366347657739758e-05,-1.4883674051056671e-05,-0.11524884028517386,-0.11430912394947823,-0.12346561968602084,-0.11973187952929136,6.882185561017822e-14,5.368859141255918e-13,False
812,263,275,0.018736654999999998,-0.10580291,other,-8.601352590235138e-11,4.821637332766433e-16,-0.11601039970912902,-0.11911270315157194,nan,nan,0.0,0.0,False
813,263,273,0.02153171,-0.09115584,other,-1.332541942813691e-07,-8.15026671594409e-06,-0.11633140077985413,-0.1197801025537919,-0.11643260284955695,-0.1193925768520287,1.5773093982618593e-11,1.541788385527515e-11,True
814,264,273,0.027569365,-0.08340976,other,-1.336429932324077e-05,-1.299858531683655e-05,-0.11810868946763667,-0.11974061601127634,-0.1158946206650002,-0.11846746838592488,1.53640896692798e-12,2.3291604934733055e-12,False
815,263,264,0.027569365,-0.09115584,other,-9.374027762849563e-08,-6.394998411241306e-06,-0.11649714397444169,-0.11967918776157081,nan,nan,0.0,0.0,False
816,264,272,0.033607019999999994,-0.07471507499999999,other,-2.6673381567300302e-05,-0.00043509826518263375,-0.11819415747949785,-0.11957384835874435,-0.11813675365133644,-0.1197472382819501,2.122333735485569e-12,3.696818250779242e-12,True
817,265,272,0.040128045,-0.06602038999999998,other,-0.0010176529996691669,-0.000996035198830759,-0.11471303863652231,-0.11443836076694576,-0.17109990972203143,-0.12213947582259017,1.2226093032611303e-14,2.0406578480310966e-13,False
818,264,265,0.040128045,-0.07471507499999999,other,-2.5690454661053987e-05,-0.0005763140230345568,-0.11679030026155227,-0.11038608886938496,nan,nan,0.0,0.0,False
819,265,271,0.04664907,-0.056260945,other,-0.0021529200444014153,-0.006461183254971351,-0.108630774747762,-0.09889380252484666,-0.11621897834433235,-0.1190939896897048,3.00280213620319e-13,4.470104615374392e-13,False
820,266,271,0.05369217,-0.04650150000000001,other,-0.015381207052156223,-0.012999052093390707,-0.08617571021129777,-0.08845197709078909,-0.08354125328464931,-0.07020687048339164,4.365997348559056e-14,3.6533573317947135e-14,False
821,265,266,0.05369217,-0.056260945,other,-0.0026211668726293423,-0.007262430610121635,-0.10207549463896327,-0.08309079452042767,nan,nan,0.0,0.0,False
822,266,270,0.060735269999999994,-0.03554688500000001,other,-0.02651562827568903,-0.02902656848790148,-0.07968004796381599,-0.06259680059099611,-0.10396163530629789,-0.10761182714634555,1.183261855813966e-13,1.3259083463662171e-13,False
823,267,270,0.06834223999999998,-0.024592270000000003,other,-0.04748988403631608,-0.04455942193319352,-0.05066760648134253,-0.052566910111732326,-0.037285588377997746,-0.04085170395248724,3.599860560637628e-14,3.268925065120105e-14,False
824,266,267,0.06834223999999998,-0.03554688500000001,other,-0.028242889715089658,-0.027440193076089678,-0.07038539379424996,-0.05632582226924448,nan,nan,0.0,0.0,False
825,267,268,0.08416518999999999,-0.012296135000000001,other,-0.059098437463834794,-0.06011086831582638,-0.03874673588066796,-0.025802969792936167,nan,nan,0.0,0.0,False
826,267,269,0.07594920999999999,-0.012296135000000001,other,-0.06378131908274669,-0.06947228595986579,-0.04176245747849068,-0.01850571408764118,-0.0868434518984251,-0.08961666855958313,8.526750015514579e-14,9.054911936328396e-14,False
827,268,269,0.08416518999999999,0.0,other,-0.08784951212500407,-0.0882913610908367,-0.007209222485868299,-0.007275607536137352,-0.29572902120228917,-0.6993895818027848,1.3395512781333745e-15,4.832720823896118e-16,False
828,269,270,0.06834223999999998,-0.012296135000000001,other,-0.06909097982770807,-0.06980310939533974,-0.045225361602514065,-0.021720434842273935,nan,nan,0.0,0.0,False
829,270,285,0.060735269999999994,-0.012296135000000001,other,-0.07437000946093851,-0.080305475427036,-0.048923487304148874,-0.013931243813125166,-0.1022896862630218,-0.10718920507587537,1.2601039055647448e-13,1.4946980988085087e-13,False
830,269,285,0.06834223999999998,0.0,other,-0.1076575908727046,-0.1083573415366992,0.002143762974763083,0.0015559046382567574,-0.12046940057559982,-0.39859601666332345,2.4017888042889272e-15,1.0903271028218829e-15,False
831,270,271,0.05369217,-0.03554688500000001,other,-0.024681242637613905,-0.027434049106292664,-0.08897316348500314,-0.0653366653745498,nan,nan,0.0,0.0,False
832,271,272,0.040128045,-0.056260945,other,-0.0019257803767376966,-0.006252132253484759,-0.11641666743674531,-0.09942381114052926,nan,nan,0.0,0.0,False
833,271,284,0.04664907,-0.03554688500000001,other,-0.024074461237950085,-0.029721753135917857,-0.09696288145634026,-0.07077212575334466,-0.11702426361851728,-0.1201214972705681,2.8080815641313254e-13,3.7703281526920093e-13,False
834,270,284,0.05369217,-0.024592270000000003,other,-0.052678144997115414,-0.04745953335754152,-0.05905074132339115,-0.06027496789093044,-0.04436244859252699,-0.04184968592521444,4.3675820391599576e-14,3.7012124210555515e-14,False
835,272,273,0.027569365,-0.07471507499999999,other,-3.4330592949124864e-05,-0.0004328333085860455,-0.11726597823126586,-0.11957725154571977,nan,nan,0.0,0.0,False
836,272,283,0.033607019999999994,-0.056260945,other,-0.0018863217491574566,-0.006091991485759939,-0.11844283652342771,-0.10804534656963065,-0.11990371649960144,-0.12089608723107491,1.469199307004966e-12,2.5073038555395294e-12,True
837,271,283,0.040128045,-0.04650150000000001,other,-0.013740681925692314,-0.011731213139648268,-0.10095414581932749,-0.1021639064794734,-0.06592799452367167,-0.14262689357227284,2.4189517106225293e-14,6.09070118272367e-14,False
838,263,274,0.018736654999999998,-0.09890191999999999,other,-5.803685326295982e-08,5.785964799319719e-16,-0.1164313636419332,-0.11891975135527424,-0.11581281835575183,-0.030214116967889733,1.4458697765212487e-11,5.0612244508573895e-11,True
839,273,274,0.018736654999999998,-0.09115584,other,-1.8490857151931726e-07,-7.765821981099721e-06,-0.11603785307203682,-0.11977594192108011,nan,nan,0.0,0.0,False
840,273,282,0.02153171,-0.07471507499999999,other,-4.1832498863670054e-05,-0.0004163552095868199,-0.11677365396225801,-0.11986917834875964,-0.11701615805260418,-0.1194304473902246,1.027580559777969e-11,1.0093761119035265e-11,True
841,272,282,0.027569365,-0.06602038999999998,other,-0.0009660949734203296,-0.0008341519389444384,-0.11854340749637146,-0.11972887293054851,-0.11525323169292945,-0.1178010812059941,6.653596462174197e-13,1.0811957573796884e-12,False
842,274,275,0.0159416,-0.10580291,other,-1.0301929612959961e-10,6.750292265873004e-16,-0.11598791999159853,-0.11879554973361699,-0.11602763913253382,-0.04443722568079863,2.142251662161445e-11,5.373191372499475e-11,True
843,274,276,0.013146544999999999,-0.10580291,other,-2.567978971676495e-10,7.71461973242629e-16,-0.11590234836708982,-0.11879828682998077,nan,nan,0.0,0.0,False
844,274,281,0.0159416,-0.09115584,other,-2.1486174160356595e-07,-1.1265690345900712e-05,-0.1159769343653488,-0.11909248204896655,-0.11609635137238036,-0.11902156152251635,1.9912539073612885e-11,1.8451551796097668e-11,True
845,273,281,0.018736654999999998,-0.08340976,other,-1.9904040147879814e-05,-1.7751966172313646e-05,-0.11698225217457967,-0.11940807245617867,-0.11546097600514238,-0.1181317869619007,7.033697325231613e-12,6.339026780550785e-12,True
846,276,277,0.00905755375,-0.11577792500000002,other,-3.387200226269742e-13,6.750292265873004e-16,-0.11589848366606732,-0.11831331849721227,nan,nan,0.0,0.0,False
847,276,280,0.010351489999999998,-0.10580291,other,-3.3355792961010285e-10,1.2536257065192714e-15,-0.11586534596940647,-0.11859199278979471,-0.11591745018661463,-0.16176990949880107,1.9513842453980137e-11,1.1176409034040678e-11,True
848,274,280,0.013146544999999999,-0.09890191999999999,other,-9.333903385344615e-08,1.2536257065192714e-15,-0.1160956745679122,-0.1186706524354853,-0.11574739987861085,-0.11286768035938706,1.5968675320421052e-11,1.498387875233034e-11,True
849,277,279,0.0077636175,-0.11577792500000002,other,-4.653844353588657e-13,6.750292265873004e-16,-0.11589372943397319,-0.11837555602242736,-0.11590087092286148,0.16276613737563458,3.6011140026370983e-12,4.3535836686455095e-12,True
850,276,279,0.00905755375,-0.11270390000000001,other,-1.6124032585860087e-10,7.71461973242629e-16,-0.11591742665107668,-0.11948867183379604,-0.1158757819404126,-0.12533904798697318,1.0902398178718203e-11,9.855858479750897e-12,True
851,278,294,0.006146197187500001,-0.1203889625,other,-4.5950203781266564e-14,5.785964799319719e-16,-0.11590461440551347,0.02071738336792783,nan,nan,0.0,0.0,False
852,278,292,0.00646968125,-0.11577792500000002,other,-5.578152230281071e-13,7.71461973242629e-16,-0.11589148904540718,-0.11818851117433878,-0.11589648811815927,0.3376555653794916,1.4722086257035428e-12,1.095693513812007e-12,False
853,279,292,0.007116649375000001,-0.11270390000000001,other,-2.191907170917823e-10,8.678947198979575e-16,-0.11588953432124288,-0.11927045782126496,-0.11587095387667501,1.120906494495052,5.868065650048384e-12,1.6252162329616544e-12,False
854,278,279,0.007116649375000001,-0.11577792500000002,other,-4.939285283688745e-13,6.750292265873004e-16,-0.11589451694296353,-0.1181995664769992,nan,nan,0.0,0.0,False
855,279,291,0.0077636175,-0.10580291,other,-4.336474543233818e-10,1.157192959863943e-15,-0.11585336225372135,-0.11849871324020585,-0.11588952519341661,-0.13966708383294807,8.635446555032297e-12,6.5147128382351065e-12,True
856,280,291,0.00905755375,-0.09890191999999999,other,-1.323766061144763e-07,1.639356693140585e-15,-0.11588667451328104,-0.11853832049814046,-0.11574696832706767,-0.12546061315031806,1.164825993242041e-11,1.054023440484145e-11,True
857,279,280,0.00905755375,-0.10580291,other,-3.822599865064329e-10,1.157192959863943e-15,-0.1158735153058686,-0.11859192658451694,nan,nan,0.0,0.0,False
858,280,290,0.010351489999999998,-0.09115584,other,-3.2267054075628413e-07,-1.108479292957755e-05,-0.11576742235412311,-0.11863860023326121,-0.11588684101242284,-0.11867327749681995,2.3834257851068828e-11,2.000009315272933e-11,True
859,281,290,0.013146544999999999,-0.08340976,other,-2.4421055567525813e-05,-2.105458400950892e-05,-0.11629656607546235,-0.11883920475488073,-0.1153922714510893,-0.1179380138460424,1.1533876404659169e-11,9.343105604315537e-12,True
860,280,281,0.013146544999999999,-0.09115584,other,-2.6609856215534415e-07,-1.1092317062680128e-05,-0.11586530120325497,-0.11908953214556837,nan,nan,0.0,0.0,False
861,281,289,0.0159416,-0.07471507499999999,other,-5.048578047054563e-05,-0.0005041838131289515,-0.1160749496374055,-0.11855063716789467,-0.11633301743664592,-0.11892569961811533,1.5412359821227148e-11,1.5713346506252803e-11,True
862,282,289,0.018736654999999998,-0.06602038999999998,other,-0.001079812334193524,-0.0009055535813955356,-0.11679002423452532,-0.11919622865318058,-0.11398296484618861,-0.1167310429201878,3.5872931867264552e-12,3.5325832644016266e-12,True
863,281,282,0.018736654999999998,-0.07471507499999999,other,-4.611394039255311e-05,-0.0004185599247987299,-0.11632364379036382,-0.1198490666685626,nan,nan,0.0,0.0,False
864,282,288,0.02153171,-0.056260945,other,-0.002152412988739863,-0.005669449574962827,-0.11658693048996609,-0.10899609045340634,-0.11832986890666737,-0.12050794439119211,7.35386542054256e-12,7.285200333788756e-12,True
865,283,288,0.027569365,-0.04650150000000001,other,-0.013511638850922977,-0.011045728446293696,-0.10592213404408077,-0.1074814277955778,-0.11406545834319833,-0.11700587136050221,2.6897458170924633e-13,4.945038515585681e-13,False
866,282,283,0.027569365,-0.056260945,other,-0.0020214630553866855,-0.006062776841712883,-0.11750865735316599,-0.10817238705990705,nan,nan,0.0,0.0,False
867,283,287,0.033607019999999994,-0.03554688500000001,other,-0.02396833590248103,-0.03175487096577208,-0.10468818201860712,-0.07434876173142406,-0.12227375011821122,-0.12319956389362019,1.1760186944817282e-12,1.9302960485880565e-12,False
868,284,287,0.040128045,-0.024592270000000003,other,-0.05920910697498778,-0.051372949502323365,-0.06443395623950582,-0.065181815463767,-0.032365478616965,-1.1005368334677923,3.560024693762814e-14,5.91039552613493e-16,False
869,283,284,0.040128045,-0.03554688500000001,other,-0.023473822878932103,-0.02907090410752227,-0.10188888949870911,-0.07209885534255212,nan,nan,0.0,0.0,False
870,284,285,0.05369217,-0.012296135000000001,other,-0.07965456159126164,-0.08076637663676399,-0.05162828348935968,-0.016352848271224123,nan,nan,0.0,0.0,False
871,284,286,0.04664907,-0.012296135000000001,other,-0.08603044821001751,-0.09080481987223965,-0.05444522382719965,-0.011009424161583882,-0.11767581316598297,-0.12330642523422022,2.7274676717064683e-13,4.0906726897091956e-13,False
872,285,286,0.05369217,0.0,other,-0.12685083766039382,-0.12802373092981828,0.009401789753681127,0.00899462481809555,-0.06698242990060425,-0.29284682914214294,3.3493890810318844e-15,1.562205946251608e-15,False
873,286,287,0.040128045,-0.012296135000000001,other,-0.08987004186536082,-0.09187303022698491,-0.05514778755775322,-0.012056778844031574,nan,nan,0.0,0.0,False
874,287,307,0.033607019999999994,-0.012296135000000001,other,-0.09535212785763768,-0.09794115095152016,-0.055829051773531146,-0.010244101519820728,-0.12782196951333152,-0.13038172465879072,1.04273965837734e-12,2.091466710176961e-12,False
875,286,307,0.040128045,0.0,other,-0.14259604565253983,-0.14220905116826243,0.012196479196127138,0.013132242796566733,-0.2620830984436078,-0.6081484424636427,2.2379734177395685e-15,3.847996814659262e-16,False
876,287,288,0.027569365,-0.03554688500000001,other,-0.024300027745633054,-0.031246898508091675,-0.10399518215440268,-0.07484257028491442,nan,nan,0.0,0.0,False
877,288,289,0.018736654999999998,-0.056260945,other,-0.002201284974346232,-0.005796462741114094,-0.11578856687289907,-0.10889637095582026,nan,nan,0.0,0.0,False
878,288,306,0.02153171,-0.03554688500000001,other,-0.024758984432929673,-0.030767552175012845,-0.1031559745713727,-0.07345349122122109,-0.12133020856983402,-0.12328834250990678,5.844923040217901e-12,5.793110694893003e-12,True
879,287,306,0.027569365,-0.024592270000000003,other,-0.06351538894621618,-0.05276872583131893,-0.06524687650218701,-0.06591989624657119,-0.09105820251593076,-0.10204829840015991,9.770574535766275e-14,1.94404061895151e-13,False
880,289,290,0.013146544999999999,-0.07471507499999999,other,-5.322266144414152e-05,-0.0005079844761972973,-0.11589265548024015,-0.11853864117466004,nan,nan,0.0,0.0,False
881,289,305,0.0159416,-0.056260945,other,-0.00225019355485045,-0.006396306748808509,-0.11514797299216757,-0.10785486269796027,-0.11700644245259167,-0.1195356564198274,1.2323351915802165e-11,1.3360894963018095e-11,True
882,288,305,0.018736654999999998,-0.04650150000000001,other,-0.013622616537673386,-0.011288486360186227,-0.10435223107142984,-0.10736682507929331,-0.1076791147999767,-0.11180040054199047,1.7778395185756306e-12,1.8674809575696184e-12,False
883,290,291,0.00905755375,-0.09115584,other,-3.0404808538679253e-07,-1.1085871655503252e-05,-0.11582310476577086,-0.11863767779699994,nan,nan,0.0,0.0,False
884,290,304,0.010351489999999998,-0.07471507499999999,other,-5.799590379022343e-05,-0.00044300422025719366,-0.11560142366512095,-0.11760719498941716,-0.11586769333411746,-0.11856324138294717,2.4755226995821712e-11,2.1300918938773733e-11,True
885,289,304,0.013146544999999999,-0.06602038999999998,other,-0.0011281569454808084,-0.0009385589089100785,-0.1154346535424022,-0.11801919781632338,-0.11382323540730664,-0.1157424660049417,6.676289793075359e-12,5.76070074852933e-12,True
886,291,292,0.007116649375000001,-0.10580291,other,-4.070244944665047e-10,1.157192959863943e-15,-0.11587243254359436,-0.11849855782737967,nan,nan,0.0,0.0,False
887,291,303,0.0077636175,-0.09115584,other,-3.232646089139269e-07,-1.1372883070281867e-05,-0.1157822668120836,-0.11840131776925512,-0.11583888771586107,-0.11853582358993153,1.2908740464817337e-11,1.1559685856915192e-11,True
888,290,303,0.00905755375,-0.08340976,other,-2.800669734462492e-05,-2.1539234784874415e-05,-0.11583013527570812,-0.11851479075851874,-0.11539406636410031,-0.11778352048310471,1.061290685996149e-11,8.773880522894106e-12,True
889,278,293,0.006146197187500001,-0.11885195000000001,other,-3.1899952593594455e-13,4.821637332766433e-16,-0.1158969579874881,0.034391401423320034,-0.11588366557791427,0.004673885006381724,8.021084950814062e-13,2.3449023268163158e-11,True
890,292,293,0.006146197187500001,-0.11577792500000002,other,-5.374679134838072e-13,6.750292265873004e-16,-0.11589389305510762,-0.11811743208428441,nan,nan,0.0,0.0,False
891,292,302,0.00646968125,-0.10580291,other,-4.2770685960890915e-10,1.3500584531745999e-15,-0.11586176505123219,-0.11847352912240977,-0.11588137776664995,-0.13325596801402131,3.947195906430587e-12,3.342149002565189e-12,True
892,291,302,0.007116649375000001,-0.09890191999999999,other,-1.4117959415277344e-07,1.7357894397959133e-15,-0.11583883990794118,-0.11848334391161351,-0.11575300954391321,-0.12792752022373163,7.374966028246573e-12,6.710779848389289e-12,True
893,293,294,0.005822713125000001,-0.1203889625,other,-4.71556131144583e-14,3.857309866213147e-16,-0.1159042907283103,0.016261228608271627,-0.1159049719126113,0.025790686809051014,4.616151839869511e-13,2.502565937928151e-12,True
894,294,295,0.0054992290625,-0.12192597499999999,other,-3.539081802250708e-14,4.821637332766433e-16,-0.11590604184145799,0.003329300159003306,-0.11588829201850823,0.0003941559216274231,1.322720689483339e-13,2.7960513957008204e-11,True
895,293,295,0.0054992290625,-0.1203889625,other,-4.734847860776898e-14,3.857309866213147e-16,-0.11590437070092256,0.015401631888372288,nan,nan,0.0,0.0,False
896,293,301,0.005822713125000001,-0.11577792500000002,other,-5.479308664959234e-13,7.71461973242629e-16,-0.11589340953237101,-0.11809940394581483,-0.1158950886927096,0.7609478538234791,8.678481212890013e-13,4.2699207835620306e-13,False
897,292,301,0.006146197187500001,-0.11270390000000001,other,-2.350167291010241e-10,9.64327466553286e-16,-0.115881395938701,-0.11920984281799721,-0.11586990666066174,0.08919042945379187,3.3930783789116808e-12,4.700795776719159e-12,True
898,294,296,0.0054992290625,-0.12269448125,other,-1.692394703801052e-14,-3.8573098662131503e-16,-0.11591177491508452,0.001464977516026292,nan,nan,0.0,0.0,False
899,295,296,0.005175744999999999,-0.12269448125,other,-1.5814970451474195e-14,-3.8573098662131503e-16,-0.11591131020317526,0.0012882213558580219,-0.11591166836548879,-0.12670882852115326,1.611468874846048e-13,1.3628915690999654e-13,False
900,296,297,0.005110841585408744,-0.12346298750000001,other,-1.1330847732001272e-14,-9.161110932256237e-16,-0.11591372376006294,-0.0007081271344578692,-0.11589147829634829,0.0009739764238225133,2.7322899065651544e-14,2.68668840289735e-11,True
901,295,297,0.005110841585408744,-0.12269448125,other,-1.6007835944784862e-14,-9.643274665532872e-17,-0.11591156422370817,0.0011045525397073979,nan,nan,0.0,0.0,False
902,295,300,0.005175744999999999,-0.1203889625,other,-4.840923882097771e-14,6.750292265873004e-16,-0.11590386855636434,0.014747950134846541,-0.11590435914285324,0.027961777282102352,2.3441789783397736e-13,1.236894949688719e-12,False
903,293,300,0.0054992290625,-0.11885195000000001,other,-3.3944326822688973e-13,5.785964799319719e-16,-0.1158956219734948,0.028038099303805665,-0.11588346820976912,0.002093258801340062,3.958755603870943e-13,2.2960900970809175e-11,True
904,296,298,0.005110841585408744,-0.12423149374999999,other,-9.546841918877647e-15,-9.161110932256237e-16,-0.11591693513423813,-0.00038069147199506733,nan,nan,0.0,0.0,False
905,297,299,0.005045938170817487,-0.12269448125,other,-1.730967802463185e-14,5.785964799319719e-16,-0.11591147549412045,0.0012309219523198621,-0.11591159290964949,-0.06892944479286521,1.2938369304110683e-13,2.0712137931853728e-13,False
906,295,299,0.005110841585408744,-0.12192597499999999,other,-3.654801098237112e-14,1.157192959863943e-15,-0.1159055747350758,0.003128935071304801,-0.11588830272325895,-0.0005313014537777016,5.90010589308419e-14,2.5979566921181565e-11,True
907,297,298,0.005045938170817487,-0.12423149374999999,other,-8.341432585686013e-15,-7.714619732426304e-16,-0.11591689130849919,-0.00046055448726193193,-0.11591697768172567,-0.004406651795449736,1.0206079392657832e-13,2.5704569032411697e-12,True
908,299,315,0.005045938170817487,-0.1203889625,other,-4.836102244765004e-14,1.2536257065192714e-15,-0.11590412642506086,0.027896462794183768,-0.11590429867027886,0.028737943809724102,1.8838475220997428e-13,9.257363929362863e-13,False
909,300,315,0.005110841585408744,-0.11885195000000001,other,-3.4903832651910254e-13,8.678947198979575e-16,-0.11589485099306945,0.04147524845724789,-0.11588356657192053,0.0010513267084921302,1.789514041630513e-13,1.8990671251026604e-11,True
910,299,300,0.005110841585408744,-0.1203889625,other,-4.8119940581011694e-14,1.3500584531745999e-15,-0.11590425730961985,0.014336757583365249,nan,nan,0.0,0.0,False
911,300,314,0.005175744999999999,-0.11577792500000002,other,-5.573812756681576e-13,1.3500584531745999e-15,-0.11589270280761471,-0.11806947169014273,-0.11589427961587681,0.49124987965586514,4.513420553176839e-13,1.5080226849169377e-13,False
912,301,314,0.0054992290625,-0.11270390000000001,other,-2.36388677788434e-10,1.3500584531745999e-15,-0.11587889283113521,-0.11913290996552277,-0.11586968399047105,0.03794605061234927,1.7791260677044413e-12,4.886967511204913e-12,True
913,300,301,0.0054992290625,-0.11577792500000002,other,-5.411323578567142e-13,1.0607602132086145e-15,-0.11589400190286483,-0.11806888093163209,nan,nan,0.0,0.0,False
914,301,313,0.005822713125000001,-0.10580291,other,-4.0090284727038366e-10,1.5429239464852566e-15,-0.11587348316280216,-0.11846695766785707,-0.11587887210524016,-0.13054266386442545,2.4818004380889684e-12,2.1875369332272454e-12,False
915,302,313,0.006146197187500001,-0.09890191999999999,other,-1.4073581938044363e-07,1.92865493310657e-15,-0.11582563748825285,-0.1184679953061257,-0.1157570080153821,-0.1385527739401604,4.598301629547937e-12,3.380804240138835e-12,True
916,301,302,0.006146197187500001,-0.10580291,other,-4.016819274313319e-10,1.4464911998299282e-15,-0.11587455520785002,-0.11847350894551949,nan,nan,0.0,0.0,False
917,302,312,0.00646968125,-0.09115584,other,-3.0754974757726265e-07,-1.108274110586897e-05,-0.11580292233517467,-0.1183360609501091,-0.11582563772282253,-0.1184870360464547,6.723860308286364e-12,6.2809119380416054e-12,True
918,303,312,0.007116649375000001,-0.08340976,other,-2.827657084381527e-05,-2.172175003475546e-05,-0.11570842342867478,-0.11836728875818682,-0.11540978869977564,-0.11772442415770373,7.392887661218863e-12,6.558754297365277e-12,True
919,302,303,0.007116649375000001,-0.09115584,other,-3.0477841318202115e-07,-1.1512155138541202e-05,-0.11581841043343775,-0.1184011450809555,nan,nan,0.0,0.0,False
920,303,311,0.0077636175,-0.07471507499999999,other,-5.664091599400218e-05,-0.0004325469731519749,-0.1156199865686414,-0.11706837373293223,-0.11574292606794014,-0.11837936436223916,1.612875943505076e-11,1.4390915707990743e-11,True
921,304,311,0.00905755375,-0.06602038999999998,other,-0.0011307236423100905,-0.0008708689632022863,-0.11444307651209211,-0.1172952886565564,-0.11365156047324546,-0.11461235050292436,7.307856830903987e-12,5.981647130344296e-12,True
922,303,304,0.00905755375,-0.07471507499999999,other,-5.5788442024080846e-05,-0.0004494845484158805,-0.11571420486634398,-0.11760199675752005,nan,nan,0.0,0.0,False
923,304,310,0.010351489999999998,-0.056260945,other,-0.0022654432596754797,-0.005464773709322223,-0.11413280776025506,-0.1066138806884188,-0.11597321202615302,-0.11879859977239046,2.412363970374582e-11,2.1237445375485302e-11,True
924,305,310,0.013146544999999999,-0.04650150000000001,other,-0.01331835775838455,-0.011134687138326448,-0.10284504165918089,-0.10606305137924855,-0.1058514706085479,-0.10648809092313213,3.650691543448904e-12,3.257688827955295e-12,True
925,304,305,0.013146544999999999,-0.056260945,other,-0.0022490081530817533,-0.00642778043951112,-0.11473646421216266,-0.10790917974037623,nan,nan,0.0,0.0,False
926,305,309,0.0159416,-0.03554688500000001,other,-0.024360916632848423,-0.03328898850515064,-0.10148586857420633,-0.07361854217634706,-0.11928300589464258,-0.12152192490465204,1.0450375729437911e-11,1.186945998903093e-11,True
927,306,309,0.018736654999999998,-0.024592270000000003,other,-0.06309591138597406,-0.0539483193863301,-0.06413422357092001,-0.06547230119418142,-0.06080961108098494,-0.08381071636670313,7.692968505187669e-13,8.509513734630787e-13,False
928,305,306,0.018736654999999998,-0.03554688500000001,other,-0.024566988664852876,-0.03168516890073167,-0.10227064550170133,-0.07295195844712374,nan,nan,0.0,0.0,False
929,306,307,0.027569365,-0.012296135000000001,other,-0.09641209983376112,-0.09666510711756399,-0.055259383933004835,-0.010614939706362722,nan,nan,0.0,0.0,False
930,306,308,0.02153171,-0.012296135000000001,other,-0.09756589535171804,-0.09716280964324593,-0.054704446157537445,-0.011224218563474093,-0.1291022717334829,-0.13035627885470888,5.1734084271540354e-12,5.8626246330299545e-12,True
931,307,308,0.027569365,0.0,other,-0.1504607772206917,-0.14744996425797005,0.01200927546978329,0.013933115753645076,0.9705403227465845,0.10453105061816041,1.3827399950689662e-14,9.633620481102325e-15,False
932,308,309,0.018736654999999998,-0.012296135000000001,other,-0.0961584727748632,-0.0998078522683934,-0.05430397705526468,-0.010516888819841913,nan,nan,0.0,0.0,False
933,309,322,0.0159416,-0.012296135000000001,other,-0.09457055234378166,-0.09703410951461026,-0.05392354037194772,-0.010726897616414804,-0.12550525922071534,-0.1260871118080797,9.5139835318251e-12,1.2876228932605398e-11,True
934,308,322,0.018736654999999998,0.0,other,-0.14934924693085505,-0.14539735164420653,0.011577465611543328,0.01353280862380503,0.45123362432695907,0.11591411024977528,1.0616124204581616e-13,5.289859819603458e-14,False
935,309,310,0.013146544999999999,-0.03554688500000001,other,-0.023861378681495963,-0.03296936597036532,-0.10094548965656923,-0.0739955694989809,nan,nan,0.0,0.0,False
936,310,311,0.00905755375,-0.056260945,other,-0.0021923656844680317,-0.005546122656619549,-0.1141978683901797,-0.10658895279408295,nan,nan,0.0,0.0,False
937,310,321,0.010351489999999998,-0.03554688500000001,other,-0.023376347142332724,-0.02899623764878208,-0.1003127632460266,-0.07168834925024585,-0.1170752555979763,-0.11984531034491554,2.3240270432724166e-11,2.0907401999470215e-11,True
938,309,321,0.013146544999999999,-0.024592270000000003,other,-0.06053388953198616,-0.05247394270567986,-0.06338538232440764,-0.0644843577689928,-0.0551086555828766,-0.06450321463637186,1.7058164593414628e-12,1.5455827775996588e-12,False
939,311,312,0.007116649375000001,-0.07471507499999999,other,-5.482620673623227e-05,-0.00043892601711993515,-0.11567105762594847,-0.11706728582177925,nan,nan,0.0,0.0,False
940,311,320,0.0077636175,-0.056260945,other,-0.0021629962069491466,-0.005238208973858621,-0.1140149003262091,-0.10599793715947257,-0.11556942870774599,-0.11825209091736766,1.778458063576326e-11,1.6035398323354653e-11,True
941,310,320,0.00905755375,-0.04650150000000001,other,-0.012676404626004868,-0.010066534095785515,-0.10174839715585497,-0.10510686570776209,-0.10206375662443797,-0.09983613321965054,4.533821699166985e-12,3.6486579203227564e-12,True
942,312,313,0.006146197187500001,-0.09115584,other,-2.9774409406613654e-07,-1.1135469212340434e-05,-0.1158185342056995,-0.1183358977791372,nan,nan,0.0,0.0,False
943,312,319,0.00646968125,-0.07471507499999999,other,-5.435568840807258e-05,-0.00041342224422557204,-0.1156401362968472,-0.11691255148841496,-0.1157048121402908,-0.11828971734038381,9.336884759965038e-12,8.584198319653048e-12,True
944,311,319,0.007116649375000001,-0.06602038999999998,other,-0.001092988827487623,-0.000843739129921344,-0.11415726446216082,-0.11694357984143015,-0.11358690628031842,-0.11389367574256776,5.652022409809672e-12,4.895201143842949e-12,True
945,313,314,0.0054992290625,-0.10580291,other,-3.9242997684326777e-10,1.8322221864512418e-15,-0.11587634067787667,-0.11846674411804024,nan,nan,0.0,0.0,False
946,313,318,0.005822713125000001,-0.09115584,other,-2.954247800063632e-07,-1.1989725451745386e-05,-0.11581667507775542,-0.1183176163979549,-0.11582172919571623,-0.1184660401180507,4.547479391491963e-12,4.348150549192928e-12,True
947,312,318,0.006146197187500001,-0.08340976,other,-2.7720181308188727e-05,-2.2414801418430512e-05,-0.1156730938584583,-0.11832610197320598,-0.11541857328501384,-0.11772087076818719,4.7798630976902035e-12,3.898798618412542e-12,True
948,314,315,0.005110841585408744,-0.11577792500000002,other,-5.378536444704289e-13,1.3500584531745999e-15,-0.11589406446594486,-0.11784322583986868,nan,nan,0.0,0.0,False
949,314,317,0.005175744999999999,-0.10580291,other,-3.963792353370033e-10,2.8929823996598517e-15,-0.11587263322089826,-0.11846406097439212,-0.11587748476159933,-0.12877042769111288,1.3934442716088101e-12,1.3196375872406688e-12,False
950,313,317,0.0054992290625,-0.09890191999999999,other,-1.3839258051206072e-07,2.7001169063491955e-15,-0.11582174964575186,-0.11846318671074291,-0.1157602237273155,-0.15192230748362126,2.5326226783686176e-12,1.4872715844449527e-12,False
951,315,316,0.005045938170817487,-0.11577792500000002,other,-5.475933518826294e-13,2.1215204264172266e-15,-0.11589357848204511,-0.11780846372446957,-0.11589419890359795,0.24277932058525206,3.673361573344399e-13,1.0189965978017707e-13,False
952,314,316,0.005110841585408744,-0.11270390000000001,other,-2.3649967187989475e-10,2.6036841596938673e-15,-0.11587750707642769,-0.11908277042055831,-0.11586996015326707,0.022196859803753792,8.370238543763304e-13,2.9988705155824126e-12,True
953,316,328,0.005045938170817487,-0.10580291,other,-4.106682058023065e-10,2.7965496530045236e-15,-0.11587571956204776,-0.11846382200723563,-0.11587735312977998,-0.1284079689704132,1.2043600141718679e-12,1.096032549165155e-12,False
954,317,328,0.005110841585408744,-0.09890191999999999,other,-1.3707753463634484e-07,3.0858478929705076e-15,-0.11581968569552133,-0.11846196716404263,-0.11575941302795617,-0.13567499825563323,1.160666355859162e-12,6.709692424380723e-13,False
955,316,317,0.005110841585408744,-0.10580291,other,-3.8694304998640286e-10,3.47157887959182e-15,-0.11587700379161933,-0.11846408346649996,nan,nan,0.0,0.0,False
956,317,327,0.005175744999999999,-0.09115584,other,-2.893920447128283e-07,-9.320454462813316e-06,-0.11581561375071234,-0.11831221987527188,-0.11581965390022658,-0.11845773740441598,2.7654005954837403e-12,2.675925524000803e-12,True
957,318,327,0.0054992290625,-0.08340976,other,-2.711774756951132e-05,-2.070335945557525e-05,-0.11566247951380383,-0.11831330978119699,-0.11541987379454428,-0.11766842358839273,2.645068664140823e-12,1.9732983797216293e-12,False
958,317,318,0.0054992290625,-0.09115584,other,-2.909004716234188e-07,-1.2245441748080089e-05,-0.11581912856738377,-0.1183179135618317,nan,nan,0.0,0.0,False
959,318,326,0.005822713125000001,-0.07471507499999999,other,-5.277124809873186e-05,-0.00044916607157874003,-0.1156544919153823,-0.11687659521266767,-0.1156924663000924,-0.11824337464757859,6.682273752903158e-12,6.3265590449984136e-12,True
960,319,326,0.006146197187500001,-0.06602038999999998,other,-0.0010569586184538693,-0.000861778980831923,-0.1140712866616502,-0.11684687066620109,-0.11357302388495785,-0.11366342577489787,3.923471309554491e-12,3.103664314377072e-12,True
961,318,319,0.006146197187500001,-0.07471507499999999,other,-5.332614221047153e-05,-0.0004191344290371702,-0.11565972239719985,-0.11690718764764986,nan,nan,0.0,0.0,False
962,319,325,0.00646968125,-0.056260945,other,-0.0020639533048178566,-0.004987949017060499,-0.11398850768990039,-0.10581299992990613,-0.11537986370109679,-0.11784963322842401,1.1065428366545201e-11,1.0215360195897607e-11,True
963,320,325,0.007116649375000001,-0.04650150000000001,other,-0.012066901952309882,-0.009630793718777777,-0.10143198114431975,-0.10468479764695153,-0.09981670259496526,-0.09511811656648737,3.7304680028854936e-12,3.1951475547484024e-12,True
964,319,320,0.007116649375000001,-0.056260945,other,-0.00210192134109519,-0.005300464870593608,-0.11404564818388326,-0.10599212898648022,nan,nan,0.0,0.0,False
965,320,324,0.0077636175,-0.03554688500000001,other,-0.022086104070784884,-0.027720551380876125,-0.1000518668359085,-0.07138305611636189,-0.11543477370796801,-0.11801996849275666,1.8587762116428445e-11,1.700592134537143e-11,True
966,321,324,0.00905755375,-0.024592270000000003,other,-0.05686109435513958,-0.04781486531040082,-0.06292364106100316,-0.06321196505885725,-0.036443243813135046,-0.03887171134354732,2.3261127614494653e-12,1.8165970509604753e-12,False
967,320,321,0.00905755375,-0.03554688500000001,other,-0.022578814992807134,-0.029238942857096464,-0.10023590163132101,-0.07159301485215029,nan,nan,0.0,0.0,False
968,321,322,0.013146544999999999,-0.012296135000000001,other,-0.09222425061471096,-0.09448455351085508,-0.05365040945752618,-0.01111123237571255,nan,nan,0.0,0.0,False
969,321,323,0.010351489999999998,-0.012296135000000001,upstream_operator_source,-0.08976615092422577,-0.0894606468016572,-0.05337738317582312,-0.01156125033184142,-0.12027085987846478,-0.12195343573310259,2.2620245805250928e-11,2.2731239986174794e-11,True
970,322,323,0.013146544999999999,0.0,upstream_operator_source,-0.14240125474000787,-0.139102321299958,0.011253771475598253,0.013185713255862284,0.4362204741814804,0.24502373527662022,2.368523654450657e-13,1.4140818438862037e-13,False
971,323,324,0.00905755375,-0.012296135000000001,upstream_operator_source,-0.08682589657439554,-0.08936822858161195,-0.05329948485453838,-0.011432459695267237,nan,nan,0.0,0.0,False
972,324,333,0.0077636175,-0.012296135000000001,upstream_operator_source,-0.08484266533287449,-0.0855236238642459,-0.05322068552691451,-0.011523961471572003,-0.1152267779544841,-0.11705417130807189,1.889973750894271e-11,1.8497290058477627e-11,True
973,323,333,0.00905755375,0.0,upstream_operator_source,-0.13494291860022709,-0.1319577024541231,0.011159371696699049,0.012856872497668061,0.5228983894469316,0.3888203415836009,4.0508769648922215e-13,2.4600904688036903e-13,False
974,324,325,0.007116649375000001,-0.03554688500000001,other,-0.02145817626039731,-0.02784492301433418,-0.10003235148561698,-0.07136508716863138,nan,nan,0.0,0.0,False
975,325,326,0.006146197187500001,-0.056260945,other,-0.002028202698507904,-0.005092816349830549,-0.11400080987312489,-0.10569601658449117,nan,nan,0.0,0.0,False
976,325,332,0.00646968125,-0.03554688500000001,other,-0.021022262917045405,-0.026485063170258054,-0.09997687383829397,-0.07126197018958746,-0.11426680092698438,-0.11646523491193038,1.212534387526659e-11,1.1316620759811146e-11,True
977,324,332,0.007116649375000001,-0.024592270000000003,other,-0.05398940250242614,-0.045692039983643,-0.0627896154425386,-0.06301025529893292,-0.02517725373826771,-0.02036997985702563,2.0143462204000515e-12,1.6723502660050145e-12,False
978,326,327,0.0054992290625,-0.07471507499999999,other,-5.202772375877003e-05,-0.00045081640737388423,-0.11565620263184238,-0.11688786383538517,nan,nan,0.0,0.0,False
979,326,331,0.005822713125000001,-0.056260945,other,-0.0020010750562441115,-0.005359950767620249,-0.11398772199878542,-0.10598733078829932,-0.11528953544123041,-0.11756398806862393,8.22933132315729e-12,7.842472307673421e-12,True
980,325,331,0.006146197187500001,-0.04650150000000001,other,-0.011619136990845179,-0.00972812062501708,-0.10133762792464225,-0.10468933145644321,-0.09877509339174236,-0.09324627690367551,2.670448201371496e-12,2.1241481497398123e-12,False
981,327,328,0.005110841585408744,-0.09115584,other,-2.869918576105238e-07,-9.095499745651039e-06,-0.11581918813586482,-0.11831207449378443,nan,nan,0.0,0.0,False
982,327,330,0.005175744999999999,-0.07471507499999999,other,-5.15417391666358e-05,-0.00034041788752927363,-0.1156497553211795,-0.11684644412328925,-0.11568535960883473,-0.1182146409018544,4.315908250857321e-12,4.0142406881746345e-12,True
983,326,330,0.0054992290625,-0.06602038999999998,other,-0.0010285113746132857,-0.0007894485461266076,-0.11404517356200933,-0.1168102344131978,-0.1135924062520861,-0.1132135567596622,2.376408456128272e-12,1.6791866744250664e-12,False
984,328,329,0.005045938170817487,-0.09115584,other,-2.948233862717968e-07,-1.4948265109564448e-05,-0.1158183283896417,-0.11831050694270429,-0.11581947645349024,-0.11845451006616416,2.365026371296129e-12,2.2592981400194253e-12,False
985,327,329,0.005110841585408744,-0.08340976,other,-2.676328932689171e-05,-2.3799586157504747e-05,-0.11565668759382772,-0.11831007699806154,-0.11538326378700935,-0.11749913561266183,1.0945609664209436e-12,7.785870409849734e-13,False
986,329,337,0.005045938170817487,-0.07471507499999999,other,-4.824056409982201e-05,-0.0005748503976096469,-0.11565311632128326,-0.11685061134143336,-0.11568151967160864,-0.11819719436536388,3.459587307178701e-12,3.4328451961822665e-12,True
987,330,337,0.005110841585408744,-0.06602038999999998,other,-0.001011944185446271,-0.0009158687801281069,-0.11403088171285246,-0.11679827366280608,-0.11359974518404803,-0.11202318554984193,1.1533082322365161e-12,6.94089584387228e-13,False
988,329,330,0.005110841585408744,-0.07471507499999999,other,-5.1279379857239076e-05,-0.0003481962191378052,-0.11565465242475309,-0.11684115475469713,nan,nan,0.0,0.0,False
989,330,336,0.005175744999999999,-0.056260945,other,-0.001949427656555749,-0.004168496594390696,-0.11397442799538177,-0.10555618373227003,-0.11522283211574602,-0.11737136832452864,5.5390050926572545e-12,5.1325914515101475e-12,True
990,331,336,0.0054992290625,-0.04650150000000001,other,-0.011289149130203784,-0.008986719076141306,-0.1013090212208182,-0.10452346132304492,-0.09833418697665322,-0.09062897036590095,1.6529336331688674e-12,1.1797547378844023e-12,False
991,330,331,0.0054992290625,-0.056260945,other,-0.0019720730990157144,-0.00526893947969691,-0.11398508245499185,-0.10622556722043025,nan,nan,0.0,0.0,False
992,331,335,0.005822713125000001,-0.03554688500000001,other,-0.020369224789188897,-0.027812799668199443,-0.0999570717637987,-0.07262279596530143,-0.11358250998760339,-0.11526133877515365,9.246769653440613e-12,8.914716018041925e-12,True
993,332,335,0.006146197187500001,-0.024592270000000003,other,-0.05200511481736436,-0.04563713207640534,-0.0627490520778147,-0.06383664487741494,-0.02051289344664274,-0.012998254864890927,1.4816367970595784e-12,1.156828803258439e-12,False
994,331,332,0.006146197187500001,-0.03554688500000001,other,-0.020659288614460723,-0.027084008762633602,-0.09997201803495985,-0.07069422543391284,nan,nan,0.0,0.0,False
995,332,333,0.007116649375000001,-0.012296135000000001,upstream_operator_source,-0.08258383614732155,-0.08524268948762914,-0.05319760305517108,-0.011499289056137956,nan,nan,0.0,0.0,False
996,332,334,0.00646968125,-0.012296135000000001,other,-0.08095685947882315,-0.08240082484013099,-0.053173735192483536,-0.011526132499375367,-0.11130490936320292,-0.113199145987154,1.2658184938166411e-11,1.2298656425353697e-11,True
997,333,334,0.007116649375000001,0.0,upstream_operator_source,-0.1290828355483258,-0.12660687665099307,0.011131112778963287,0.01278683640568267,0.5755159060430758,0.48105786920088944,3.9875960543197117e-13,2.8397336699746356e-13,False
998,334,335,0.006146197187500001,-0.012296135000000001,other,-0.07965475116731492,-0.08403172085987658,-0.05316684819131726,-0.010952459232703585,nan,nan,0.0,0.0,False
999,335,340,0.005822713125000001,-0.012296135000000001,other,-0.07858558260085056,-0.08221285250372584,-0.0531596893177502,-0.010956670680999536,-0.10892270216737589,-0.11026264195745078,9.792136948880565e-12,9.728584767209577e-12,True
1000,334,340,0.006146197187500001,0.0,other,-0.12499799951988817,-0.12286914694104988,0.01112270038747709,0.01276845716033491,0.5933017304098218,0.5207969197089403,3.083869085672223e-13,2.132453184549516e-13,False
1001,335,336,0.0054992290625,-0.03554688500000001,other,-0.020073421573725228,-0.026853933174702405,-0.09995075728403092,-0.07370469117890482,nan,nan,0.0,0.0,False
1002,336,337,0.005110841585408744,-0.056260945,other,-0.0019396320012607595,-0.004489983815416646,-0.11397878805739095,-0.10543764495037888,nan,nan,0.0,0.0,False
1003,336,339,0.005175744999999999,-0.03554688500000001,other,-0.019836789868110802,-0.022960709994716794,-0.09994132377853793,-0.07002770195380068,-0.11303316737780343,-0.11453519065330547,6.389499799275543e-12,5.972868460414841e-12,True
1004,335,339,0.0054992290625,-0.024592270000000003,other,-0.05056540951182451,-0.04283605883351116,-0.06273569830388365,-0.06292412922265199,-0.02006939354064982,-0.00393149180265486,9.363676532421708e-13,6.516677280838782e-13,False
1005,337,338,0.005045938170817487,-0.056260945,other,-0.001890196610607145,-0.006721976600911802,-0.11397698739521071,-0.10576237211435668,-0.1151622445895852,-0.11724170404168494,4.612892865166336e-12,4.440981413123594e-12,True
1006,336,338,0.005110841585408744,-0.04650150000000001,other,-0.011096827439528157,-0.01018014177600713,-0.10129383118540278,-0.10440848314700665,-0.09819047044061663,-0.08418013929885049,8.023882331931909e-13,4.820319359245498e-13,False
1007,338,342,0.005045938170817487,-0.03554688500000001,other,-0.01949750061650959,-0.03302427276846119,-0.09994142876371855,-0.07136304947282442,-0.11269240199062026,-0.11403181059402158,5.4152391133568914e-12,5.211845660060887e-12,True
1008,339,342,0.005110841585408744,-0.024592270000000003,other,-0.04972383464489249,-0.04677403396793858,-0.06272947321099163,-0.06216638848840177,-0.02444379269914182,0.02068307511362415,4.632742405487954e-13,2.5963596083459945e-13,False
1009,338,339,0.005110841585408744,-0.03554688500000001,other,-0.019733755752952505,-0.025517063215444974,-0.099942530372906,-0.06942845826081968,nan,nan,0.0,0.0,False
1010,339,340,0.0054992290625,-0.012296135000000001,other,-0.07751378662925765,-0.07848362315443629,-0.053155803194056266,-0.012052724708767329,nan,nan,0.0,0.0,False
1011,339,341,0.005175744999999999,-0.012296135000000001,other,-0.07664711660418935,-0.07695013607272787,-0.053151798350931645,-0.012058889223833153,-0.10697823695709159,-0.10862540147856095,6.86265989243692e-12,6.574528334915631e-12,True
1012,340,341,0.0054992290625,0.0,other,-0.12178727388210175,-0.12020052884966337,0.011118325574443644,0.012762172161265026,0.5864177681492777,0.5477397600612706,1.9583183550671645e-13,1.3226824498600208e-13,False
1013,341,342,0.005110841585408744,-0.012296135000000001,other,-0.07627697745659764,-0.08572891365619902,-0.053151524735562866,-0.01146238004420583,nan,nan,0.0,0.0,False
1014,342,343,0.005045938170817487,-0.012296135000000001,other,-0.076018112643741,-0.08540943841422804,-0.053151180849082005,-0.011462514099840096,-0.1063486952769451,-0.10772342964720455,5.87856923698556e-12,5.677628891112023e-12,True
1015,341,343,0.005110841585408744,0.0,other,-0.12018427151221696,-0.11871804517408512,0.011117941297272078,0.0127579885748775,0.5502103086328225,0.5936829013401045,9.298562336450265e-14,6.490448467726965e-14,False
1016,215,344,0.005110841585408744,-0.19722814330007485,other,2.8929823996598605e-16,-1.446491199829931e-16,-0.11587024765974274,-0.4415999725682253,nan,nan,0.0,0.0,False
1017,215,345,0.005175744999999999,-0.19722814330007485,other,-4.821637332766439e-16,-4.821637332766436e-17,-0.11587025603351225,0.013556759401147169,-0.11587021992089021,-0.1370976964609437,5.441122594821209e-13,7.351222548715044e-13,False
1018,344,345,0.005110841585408744,-0.19837530047700366,other,-1.446491199829931e-16,-4.821637332766436e-17,-0.11586793912957903,-0.4380385204506885,-0.11587266723148221,1.1671628847777933,2.8293430614513385e-13,2.73715388859862e-11,True
1019,216,344,0.005045938170817487,-0.19722814330007485,other,0.0,-2.8929823996598625e-16,-0.11587024442988518,-0.4399488676880982,-0.11587023806965649,-0.32248577355867636,4.421644853114601e-13,6.622711566591743e-13,False
1020,214,345,0.0054992290625,-0.19722814330007485,other,-3.8573098662131503e-16,0.0,-0.11587024954234942,-0.005543382102575742,nan,nan,0.0,0.0,False
1021,345,346,0.0054992290625,-0.19837530047700366,other,-3.8573098662131503e-16,0.0,-0.11586795131978313,0.17788118743479797,-0.1158897598491022,-0.010807068431082287,1.7873291919240507e-13,2.347025059586026e-11,True
1022,345,347,0.005175744999999999,-0.1995224576539325,other,-8.196783465702948e-16,0.0,-0.11586593892346789,-0.27041248565499587,-0.11586590088437064,-0.022668440669054452,6.483136464312242e-13,6.113325801657288e-13,False
1023,347,350,0.005110841585408744,-0.20066961483086138,other,0.0,0.0,-0.11586090695819998,-0.1645655064185119,-0.11589719244390113,-0.09197108891485087,2.8843867729655125e-14,6.035433129964366e-11,True
1024,345,350,0.005110841585408744,-0.1995224576539325,other,-4.339473599489794e-16,0.0,-0.1158659244052979,-7.447750795171258e-05,nan,nan,0.0,0.0,False
1025,192,347,0.0054992290625,-0.20066961483086138,other,0.0,0.0,-0.1158608586244573,-0.322911005266834,-0.11580698812241699,-0.3038227719056166,1.0716835504760532e-13,1.2896987703768244e-11,True
1026,346,347,0.0054992290625,-0.1995224576539325,other,3.857309866213147e-16,0.0,-0.11586589958230897,-0.1201035987981733,nan,nan,0.0,0.0,False
1027,192,348,0.0054992290625,-0.20324550193354884,other,3.857309866213147e-16,0.0,-0.11585899279786761,0.09121082785840001,nan,nan,0.0,0.0,False
1028,191,348,0.0054992290625,-0.20582138903623634,other,3.857309866213147e-16,0.0,-0.11585487465975015,0.16938599406904714,-0.11571728444719157,-0.09763698466193611,5.4483716780510565e-14,2.06202775631759e-11,True
1029,347,348,0.005175744999999999,-0.20324550193354884,other,2.7965496530045236e-15,0.0,-0.11585899463822488,-0.35579779389145805,-0.11585900248263835,-0.1641715731471929,7.843258692038373e-13,7.182704033580285e-13,False
1030,348,352,0.005175744999999999,-0.20851815501753157,other,3.857309866213147e-16,0.0,-0.11585103487516149,0.28408541079583316,-0.11585103718626488,-0.2066180753871843,8.30416581196184e-13,6.847283566167335e-13,False
1031,351,352,0.005110841585408744,-0.2112149209988268,other,0.0,0.0,-0.11584199714561555,0.05139729729600751,-0.11498238848379952,0.3151860012269218,2.197757072098087e-15,2.357365440639594e-10,True
1032,348,351,0.005110841585408744,-0.20851815501753157,other,1.92865493310657e-15,0.0,-0.11585103697817645,-0.023125825731930127,nan,nan,0.0,0.0,False
1033,347,349,0.005110841585408744,-0.20324550193354884,other,1.4464911998299282e-15,0.0,-0.11585900328775572,-0.12468537782458189,nan,nan,0.0,0.0,False
1034,348,349,0.005110841585408744,-0.20582138903623634,other,3.7608771195578034e-15,9.64327466553287e-17,-0.11585487793124054,-0.08026709085068137,-0.11572725242070035,0.0620454113594954,8.393004785131169e-15,1.4909414718019553e-10,True
1035,349,350,0.005045938170817487,-0.20324550193354884,other,-6.750292265873015e-16,0.0,-0.1158590042846931,-0.06654947584354752,-0.1158590036953302,-0.44083403619746747,1.3038631144602208e-13,5.079487598401729e-14,False
1036,344,350,0.005045938170817487,-0.1995224576539325,other,5.785964799319719e-16,0.0,-0.11586595989643962,-0.37863649267169464,-0.1158659216821584,-0.3883626452447077,1.592301791708316e-13,1.1680801953508596e-13,False
1037,349,351,0.005045938170817487,-0.20851815501753157,other,2.410818666383211e-15,9.64327466553287e-17,-0.11585103678756728,-0.06020390959600521,-0.11585103685797392,-0.12809438432434295,1.3877931623346556e-13,1.1461744822239627e-13,False
1038,352,354,0.005175744999999999,-0.21674281049941344,other,0.0,0.0,-0.1158375078569806,0.45300918327412937,-0.11583750832704395,-0.13077240548354077,8.435955168748836e-13,6.982959871910173e-13,False
1039,353,354,0.005110841585408744,-0.22227070000000004,other,0.0,0.0,-0.11579198827189931,0.13005626059457065,-0.11045140185824032,-1.6832774704696196,1.4440296284360917e-15,3.7687443597445693e-13,False
1040,352,353,0.005110841585408744,-0.21674281049941344,other,0.0,0.0,-0.11583750836719153,0.07784516513068268,nan,nan,0.0,0.0,False
1041,351,353,0.005045938170817487,-0.21674281049941344,other,0.0,0.0,-0.11583750840872992,-0.012478759887612925,-0.11583750842216829,-0.09908704085222743,1.4097707330465178e-13,1.3292774715895676e-13,False
1042,354,378,0.0054992290625,-0.21674281049941344,other,0.0,0.0,-0.11583750630540368,0.024728343781423703,nan,nan,0.0,0.0,False
1043,354,356,0.005175744999999999,-0.25191125000000003,other,5.785964799319719e-16,-3.682808518840277e-05,-0.11578323151947134,0.40056281188333503,-0.11578323166523845,-0.11656055210323935,8.522579376219379e-13,8.350622525038774e-13,False
1044,355,356,0.005110841585408744,-0.2815518,other,6.750292265873004e-16,-4.890332930971166e-05,-0.11577238916743587,-0.00011646669506383374,-0.11567561315175821,-1.153573400821936e-05,6.839592430424087e-14,1.1131157451180713e-09,True
1045,354,355,0.005110841585408744,-0.25191125000000003,other,0.0,-1.0372683818439266e-05,-0.1157832316462972,0.16066264797371124,nan,nan,0.0,0.0,False
1046,353,355,0.005045938170817487,-0.25191125000000003,other,0.0,-1.0276424420625172e-05,-0.11578323170001562,-1.9850766564570533e-07,-0.11578323170193533,-0.10364771467795636,1.4242110292461958e-13,1.38867393297185e-13,False
1047,356,357,0.005110841585408744,-0.2907759,other,6.750292265873004e-16,-9.287693194771969e-05,-0.1157472843066379,-9.059941915047238e-05,nan,nan,0.0,0.0,False
1048,355,357,0.005045938170817487,-0.2907759,other,0.0,-6.498208289376535e-05,-0.11574831963219835,0.0,-0.11574831965355897,-0.11606629873766705,2.1081702722922598e-13,9.074820288208187e-14,False
1049,354,374,0.0054992290625,-0.22227070000000004,other,0.0,0.0,-0.11579198794863121,0.39830878288667954,-0.11046279931018811,0.08412879148365636,1.0106450367441808e-14,1.6141549518021e-10,True
1050,356,374,0.0054992290625,-0.25191125000000003,other,6.750292265873004e-16,-3.66271134648881e-05,-0.11578322921273605,0.08293450684894207,nan,nan,0.0,0.0,False
1051,356,359,0.0054992290625,-0.2815518,other,2.025087679761898e-15,-3.822977115113088e-05,-0.11577243183474466,-0.0027578490519714403,-0.11567503997607313,-5.136011152031838e-06,4.729096525947888e-13,1.1349049917240117e-10,True
1052,358,359,0.0054992290625,-0.2907759,other,1.2536257065192714e-15,-6.437614785146396e-05,-0.11574740927189626,-0.0014216105642000732,nan,nan,0.0,0.0,False
1053,356,358,0.005175744999999999,-0.2907759,other,6.750292265873004e-16,-0.0001029583850135702,-0.11574822859124008,-0.00029571160949031546,-0.11574838004985262,-0.11447447144825935,1.2567716659107719e-12,5.754615654305464e-13,False
1054,357,358,0.005110841585408744,-0.3,other,0.0,-0.00011929369376751761,-0.11573419242194893,0.0,-0.11573194041248201,-0.00017044114721226662,7.495669871016994e-11,1.205208002546336e-10,True
1055,359,360,0.005822713125000001,-0.2907759,other,1.2536257065192714e-15,0.0,-0.11574747165853938,-0.001796239102632965,-0.1157486794110518,-0.11667987527285648,2.0546806245436393e-12,9.408689629036944e-13,False
1056,358,360,0.0054992290625,-0.3,other,0.0,-6.463843489878551e-05,-0.11573399704213883,0.0,-0.11573166027745745,-2.483688175141378e-05,7.3701046254321e-11,1.695580552537444e-10,True
1057,358,366,0.005175744999999999,-0.33475275000000004,other,0.0,-0.00013268401886606362,-0.11572923733138411,0.0,-0.1157453636840818,-0.11477689342640059,1.1192100618310391e-15,1.3225539137649863e-13,False
1058,366,367,0.005110841585408744,-0.36950550000000004,other,0.0,-0.00015219635167715883,-0.11560520674911089,0.0,-0.11560520148582434,-0.00021218686717178222,1.636744569836707e-11,3.152109672818913e-10,True
1059,358,367,0.005110841585408744,-0.33475275000000004,other,0.0,-0.00014888002258861544,-0.11572086361222803,0.0,nan,nan,0.0,0.0,False
1060,359,361,0.006146197187500001,-0.2815518,other,1.157192959863943e-15,0.0,-0.11577264410998081,-0.010261744554741676,-0.11567304591330453,0.0,1.1087021865775492e-12,3.2792073593773304e-12,True
1061,360,361,0.006146197187500001,-0.2907759,other,0.0,0.0,-0.1157476160074332,-0.0023152230085090606,nan,nan,0.0,0.0,False
1062,359,374,0.005822713125000001,-0.25191125000000003,other,1.5429239464852566e-15,0.0,-0.11578322704445893,0.10670528343539258,-0.11578323035700239,-0.12740823813480526,1.4188880905615985e-12,1.3776426052676867e-12,False
1063,373,374,0.006146197187500001,-0.22227070000000004,other,0.0,0.0,-0.1157919862732139,-0.017074841506255028,-0.11048474799457227,0.0,2.462248833090934e-14,9.69636149326418e-11,True
1064,359,373,0.006146197187500001,-0.25191125000000003,other,1.4464911998299282e-15,0.0,-0.11578321845758228,-0.18229543632063797,nan,nan,0.0,0.0,False
1065,361,362,0.00646968125,-0.2907759,other,0.0,0.0,-0.11574826557534092,-0.0032207613385517742,-0.11574897584801824,-0.12255400748114256,3.0239923761957583e-12,1.3365268837793676e-12,False
1066,360,362,0.006146197187500001,-0.3,other,0.0,0.0,-0.11573372249571698,0.0,-0.11573117435907755,0.0,7.165734714028137e-11,1.4568962178938368e-10,True
1067,360,363,0.005822713125000001,-0.33475275000000004,other,0.0,0.0,-0.11571972187176173,0.0,-0.11574531634878607,-0.13199797249243672,1.0981510503720112e-14,1.9316085727977978e-13,False
1068,363,366,0.0054992290625,-0.36950550000000004,other,0.0,-6.791180175785533e-05,-0.11560537920246011,0.0,-0.11560519220576947,2.8183247258743974e-05,1.636637851540187e-11,3.4144425450328915e-10,True
1069,360,366,0.0054992290625,-0.33475275000000004,other,0.0,-6.77746240959225e-05,-0.11572043903055089,0.0,nan,nan,0.0,0.0,False
1070,107,361,0.007116649375000001,-0.2815518,other,0.0,0.0,-0.1157728184577901,-0.009925044083674605,-0.11567077444605148,0.0,2.007448625674751e-12,4.297799581985153e-11,True
1071,107,362,0.007116649375000001,-0.2907759,other,0.0,0.0,-0.11574791036342638,0.0,nan,nan,0.0,0.0,False
1072,361,373,0.00646968125,-0.25191125000000003,other,0.0,0.0,-0.11578321468978171,-0.20602952099185315,-0.11578322692729846,-0.12800656343094086,2.1252459371004016e-12,2.0271537734323514e-12,False
1073,369,373,0.007116649375000001,-0.22227070000000004,other,0.0,0.0,-0.11579198066779654,-0.242872248868966,-0.11053544091690078,0.1816926442969676,4.674138755249718e-14,1.6449664571397854e-11,True
1074,361,369,0.007116649375000001,-0.25191125000000003,other,0.0,0.0,-0.115783185257457,-0.1582030479835959,nan,nan,0.0,0.0,False
1075,105,363,0.006146197187500001,-0.36950550000000004,other,0.0,0.0,-0.1156057437923554,0.0,-0.11560510116576715,0.0,1.6355915446384673e-11,2.636650239597298e-10,True
1076,362,363,0.006146197187500001,-0.33475275000000004,other,0.0,0.0,-0.11571971982388488,0.0,nan,nan,0.0,0.0,False
1077,363,364,0.005822713125000001,-0.43475275,other,0.0,0.0,-0.115537763925686,0.0,-0.11570158698079794,0.0,5.18441486565228e-16,2.4447059619770475e-14,False
1078,364,365,0.0054992290625,-0.5,other,0.0,-6.0786435073293544e-05,-0.11515796965368252,0.0,-0.11515755431204504,1.6855322920975415e-05,1.89358501965883e-12,3.745168016832245e-10,True
1079,363,365,0.0054992290625,-0.43475275,other,0.0,-6.074537903151101e-05,-0.11553781955123361,0.0,nan,nan,0.0,0.0,False
1080,365,366,0.005175744999999999,-0.43475275,other,0.0,-0.00012883302996134449,-0.11558983094338506,0.0,-0.1157015899013493,6.737829457082025e-06,5.2027096668248835e-17,3.63972832538109e-15,False
1081,365,368,0.005110841585408744,-0.5,other,0.0,-0.0001456414348856451,-0.11515758087801625,0.0,-0.11515756926862221,-0.0004779039085903629,1.8936370467554962e-12,9.176389174841294e-11,True
1082,366,368,0.005110841585408744,-0.43475275,other,0.0,-0.00015277246304200965,-0.11553782810911233,0.0,nan,nan,0.0,0.0,False
1083,357,367,0.005045938170817487,-0.33475275000000004,other,0.0,-0.00013873900154503068,-0.11573194041248114,0.0,0.3030315547529088,-0.1216630666433523,4.342646152685564e-26,1.9745800896993304e-14,False
1084,367,368,0.005045938170817487,-0.43475275,other,0.0,-0.00016900006104546872,-0.11560520148582396,0.0,0.6309102910385035,-0.0001527387928808283,6.398518926413173e-28,1.2145670126524722e-17,False
1085,369,372,0.0077636175,-0.21674281049941344,other,0.0,0.0,-0.11583743733090619,-0.5236322460214151,-0.11583746495222402,-0.17777793391871685,4.180750098437069e-12,3.755404294265515e-12,True
1086,370,372,0.00905755375,-0.2112149209988268,other,0.0,0.0,-0.11584215148656347,-0.7463487836332343,-0.11487703223370092,0.3781606539585797,1.214940218822626e-13,8.548181964695655e-12,True
1087,369,370,0.00905755375,-0.21674281049941344,other,0.0,0.0,-0.11583736753151112,-0.23965110678242602,nan,nan,0.0,0.0,False
1088,371,372,0.00905755375,-0.20851815501753157,other,0.0,0.0,-0.11585124307953086,-0.7872290818721618,nan,nan,0.0,0.0,False
1089,372,373,0.007116649375000001,-0.21674281049941344,other,0.0,0.0,-0.11583747341514787,-0.43443442387570186,nan,nan,0.0,0.0,False
1090,372,376,0.0077636175,-0.20851815501753157,other,0.0,0.0,-0.11585105338326754,-0.2613629479151826,-0.11585117484078299,-0.11305074109022929,4.127572772555533e-12,4.1934566641396096e-12,True
1091,371,376,0.00905755375,-0.20582138903623634,other,0.0,0.0,-0.11585497737966988,-0.0002616122430562203,-0.11567577356737929,0.5972677049232445,3.6804323970829195e-13,2.2256536454950057e-13,False
1092,373,375,0.00646968125,-0.21674281049941344,other,5.785964799319719e-16,0.0,-0.11583748906728238,-0.15738560783791028,-0.11583749683729053,-0.15657713247090815,2.1031270378836293e-12,1.980111911740163e-12,False
1093,372,375,0.007116649375000001,-0.2112149209988268,other,7.71461973242629e-16,0.0,-0.11584203809511333,-0.3735998031601244,-0.11495877588959649,-0.2425371315334162,6.831669599834399e-14,5.064085328905965e-12,True
1094,374,378,0.005822713125000001,-0.21674281049941344,other,0.0,0.0,-0.11583750359779545,-0.34159312483872,-0.11583750500908782,-0.15207261621807958,1.404372052604877e-12,1.2481657661159561e-12,False
1095,374,375,0.006146197187500001,-0.21674281049941344,other,5.785964799319719e-16,0.0,-0.11583749879415924,0.11166033431415698,nan,nan,0.0,0.0,False
1096,375,376,0.007116649375000001,-0.20851815501753157,other,5.785964799319719e-16,0.0,-0.11585108604578287,0.10353773869409794,nan,nan,0.0,0.0,False
1097,37,382,0.21500590000000003,-0.36950550000000004,other,-0.0005418961806388408,-0.0005948621359241162,-0.016295475015025335,-0.016557467404115202,-0.01674909273205435,-0.017510480735882884,2.2363855864251637e-14,2.3507118161963728e-14,False
1098,381,382,0.21500590000000003,-0.43475275,other,-0.00047827561541256814,-0.0006116819843820111,-0.015998754257387025,-0.0164008723141353,nan,nan,0.0,0.0,False
1099,382,383,0.23235240000000004,-0.32552865000000003,other,-0.0013157614250008823,-0.001269232090642461,-0.01633899801087053,-0.016939671863169928,-0.020925574477345107,-0.0208950887233255,9.126687288268494e-16,1.5083811978005056e-15,False
1100,383,384,0.25475625,-0.2815518,other,-0.002039152997826209,-0.0018125842089426756,-0.01652224279424037,-0.01708788921402252,-0.017940487802191478,-0.018262911950752938,2.194618589337973e-14,2.0581173747107333e-14,False
1101,382,384,0.25475625,-0.32552865000000003,other,-0.0016223129682425197,-0.0015016597771399854,-0.016117651553293467,-0.016766742803461153,nan,nan,0.0,0.0,False
1102,382,422,0.23235240000000004,-0.43475275,other,-0.0008609385642426392,-0.0008910252331357309,-0.015613637525892801,-0.016213622664722958,-0.019385848796333403,-0.019714240363956276,2.1506390953274644e-16,5.169841847599624e-16,False
1103,381,422,0.21500590000000003,-0.5,other,-0.0004186002693313845,-0.0005371278513810253,-0.015674932367792983,-0.01604934918170008,-0.01603620596969746,-0.01682468652899622,1.0601557606626666e-14,1.1381958312347572e-14,False
1104,383,483,0.23235240000000004,-0.25191125000000003,other,-0.0020285468911403867,-0.0020948863009476702,-0.01725325341873708,-0.01779501396987264,-0.021480976643231578,-0.02227310799907162,3.721310903307212e-15,3.996058328339558e-15,False
1105,385,483,0.25475625,-0.22227070000000004,other,-0.0030942341652791692,-0.0028182390764053852,-0.01736337186698832,-0.017884259009093798,-0.01926766244295613,-0.019459315972046136,1.9784122091444944e-14,1.8406634843662218e-14,False
1106,383,385,0.25475625,-0.25191125000000003,other,-0.0025611489703018272,-0.0022858577401447433,-0.016975518245976595,-0.01749852033642328,nan,nan,0.0,0.0,False
1107,384,385,0.2771601,-0.25191125000000003,other,-0.002367494857132694,-0.002540150627733356,-0.016844300601420156,-0.01735085392743124,-0.02058260414985127,-0.02101763209698276,8.172288782846202e-15,7.787562431362765e-15,False
1108,385,386,0.30609574999999994,-0.22227070000000004,other,-0.0027150488761443358,-0.0028014350265021465,-0.017070465232710934,-0.01758355361858469,-0.017321301040624112,-0.01784564195108491,1.3684902579293492e-14,1.2756657362514552e-14,False
1109,384,386,0.30609574999999994,-0.25191125000000003,other,-0.002357722526103947,-0.0023191534679519736,-0.01685809608468989,-0.017254299003145446,nan,nan,0.0,0.0,False
1110,384,421,0.2771601,-0.32552865000000003,other,-0.0015627625812068954,-0.0016984598161752648,-0.016024222527477275,-0.01667405705116601,-0.01934202231101049,-0.019904771801252424,3.4218266097215984e-15,3.682408720404669e-15,False
1111,382,421,0.25475625,-0.36950550000000004,other,-0.0012535487238828412,-0.0011485249494179385,-0.015667437121221442,-0.01633623315770872,-0.016598536968139038,-0.017166288745018528,2.166627332434445e-14,2.155265568721648e-14,False
1112,385,482,0.2771601,-0.20229290000000003,other,-0.003370502020197287,-0.003522573606782123,-0.01769974114646753,-0.018051446832162442,-0.021876079030875926,-0.022103725974030024,1.4271606336951494e-14,1.318235863460652e-14,False
1113,387,482,0.30609574999999994,-0.1823151,other,-0.0035004736789041773,-0.003654355424485302,-0.017583517877704104,-0.018194425057609053,-0.017055151836657585,-0.01801485006917398,9.637346584808232e-15,9.248836276575506e-15,False
1114,385,387,0.30609574999999994,-0.20229290000000003,other,-0.003219546717636227,-0.003154071732713655,-0.0175102593510708,-0.017826619205363933,nan,nan,0.0,0.0,False
1115,386,387,0.3350313999999999,-0.20229290000000003,other,-0.002859378404126821,-0.0029327549079675246,-0.017436325280549156,-0.017783496705122952,-0.019636298181673402,-0.01982284542509264,1.9396039151965172e-14,1.799364684657505e-14,False
1116,387,388,0.3724033,-0.1823151,other,-0.002733754566622039,-0.0028916497891362885,-0.017077845723282782,-0.017658172725192066,-0.012484926504241602,-0.01445494007744068,4.483848450867276e-15,4.391937184449081e-15,False
1117,386,388,0.3724033,-0.20229290000000003,other,-0.0025542855948228363,-0.0025392550333492876,-0.01703901558904145,-0.01737447069797084,nan,nan,0.0,0.0,False
1118,386,420,0.3350313999999999,-0.25191125000000003,other,-0.0020783710457465306,-0.002210350258752263,-0.01684032384680324,-0.017254884903522623,-0.019056042273263137,-0.01927897098074619,1.312523424730682e-14,1.2099407162695866e-14,False
1119,384,420,0.30609574999999994,-0.2815518,other,-0.0019272012790451638,-0.0019497901853986442,-0.016446257509068113,-0.016923620852732118,-0.016959226522704807,-0.017326447998319196,1.7195817440830744e-14,1.5865350757274997e-14,False
1120,387,481,0.3350313999999999,-0.16884999999999997,other,-0.003550197743337169,-0.0035805280563635956,-0.017751557594602462,-0.018117482634720253,-0.01992137475672331,-0.020192730468390707,2.454970823845388e-14,2.326166753544805e-14,False
1121,389,481,0.3724033,-0.1553849,other,-0.003260647011959712,-0.0033827068171101505,-0.017353576394925813,-0.017776627729052866,-0.009795132295803633,-0.012570736545308266,2.539637312153666e-15,2.5819030417737796e-15,False
1122,387,389,0.3724033,-0.16884999999999997,other,-0.0031014106631077586,-0.003088019250775126,-0.017250954301745964,-0.01761374171946321,nan,nan,0.0,0.0,False
1123,388,389,0.4097752,-0.16884999999999997,other,-0.0027008369651014604,-0.0026944522055229675,-0.016834888454866487,-0.01721860352885551,-0.017137278759622235,-0.017569656994841112,2.659619493048314e-14,2.5611182127549338e-14,False
1124,389,390,0.45804285,-0.1553849,other,-0.00244283436812723,-0.0024901807511657635,-0.016559259517920314,-0.016748643313796583,-0.08758850377582987,-0.11236005296298691,1.9271895039618221e-16,1.0182353199158265e-16,False
1125,388,390,0.45804285,-0.16884999999999997,other,-0.0022924455597858762,-0.002294176749846334,-0.016414909694361834,-0.01673110052872595,nan,nan,0.0,0.0,False
1126,388,419,0.4097752,-0.20229290000000003,other,-0.002240278088028385,-0.0022523997545534835,-0.016800781530926734,-0.01720317348596105,-0.017225419605236623,-0.0175543206454247,2.2557325152980822e-14,2.121530875029071e-14,False
1127,386,419,0.3724033,-0.22227070000000004,other,-0.002136173300240313,-0.002293221211335556,-0.016693025121191824,-0.017354651840582058,-0.014315694062599794,-0.015564205799070264,7.4142958391769e-15,6.956797542899112e-15,False
1128,389,480,0.4097752,-0.14630939999999998,other,-0.0030459150541243367,-0.003037476085455227,-0.016826395113452394,-0.017175119385867094,-0.01700941684463209,-0.017521151443314332,2.932874961362428e-14,2.8732386949023184e-14,False
1129,391,480,0.45804285,-0.1372339,other,-0.002724278410149908,-0.002733357309783525,-0.01657774126003816,-0.016691184672952185,-0.043926609960225044,-0.04261830740912352,3.965607161323924e-16,3.2427416973070984e-16,False
1130,389,391,0.45804285,-0.14630939999999998,other,-0.002576906954345057,-0.0025866666167781603,-0.016422634681622476,-0.016695421653703864,nan,nan,0.0,0.0,False
1131,390,391,0.5063105,-0.14630939999999998,other,-0.0021932855834410387,-0.0021865568945837197,-0.01574612208082612,-0.01610213329319686,-0.014596347426488732,-0.015277340836046148,2.758393906818319e-14,2.7334560170160517e-14,False
1132,391,392,0.5686505500000001,-0.1372339,other,-0.0020069605241968616,-0.001989475247661025,-0.015626870251019588,-0.01573320000299804,-0.01914460122047968,-0.018571408200932234,1.5953086356190175e-15,1.5294361176752793e-15,False
1133,390,392,0.5686505500000001,-0.14630939999999998,other,-0.0018795600971027553,-0.0018931390624715395,-0.015562723270766044,-0.015759560160621067,nan,nan,0.0,0.0,False
1134,390,418,0.5063105,-0.16884999999999997,other,-0.00197121223671032,-0.001958761854150046,-0.015807816268211053,-0.01619494075150775,-0.014804745470748578,-0.015444943220489574,2.5706624678317322e-14,2.5112456577738966e-14,False
1135,388,418,0.45804285,-0.1823151,other,-0.002067732555477965,-0.002162687403072286,-0.016476403131375206,-0.01681374016207558,0.027186969968471864,0.00853627300885549,4.452387281568001e-16,5.115560952960707e-16,False
1136,391,479,0.5063105,-0.13111695,other,-0.002351317704440659,-0.0023801218922780234,-0.01570048842115836,-0.016041328142883192,-0.014431666957007448,-0.015071080513539708,2.87828682487702e-14,2.8567523088880986e-14,False
1137,393,479,0.5686505500000001,-0.125,other,-0.002053126343787674,-0.002150168355565289,-0.015495005982994971,-0.015669469847278836,-0.018911776079810427,-0.018453226857267867,1.4038041764176226e-15,1.3630373260571456e-15,False
1138,391,393,0.5686505500000001,-0.13111695,other,-0.002012247445129689,-0.0020530636921394997,-0.015506441375861615,-0.015684949327528425,nan,nan,0.0,0.0,False
1139,392,393,0.6309906000000001,-0.13111695,other,-0.0017217700683076177,-0.0017597576682214383,-0.014864207600408418,-0.015247154074227501,-0.012814869292491086,-0.013784253063792098,2.343364096757743e-14,2.3363862592604394e-14,False
1140,393,394,0.7115058500000001,-0.125,other,-0.0015839405290852613,-0.001338355105205746,-0.014664026173659191,-0.015150768152442005,-0.015564716161364777,-0.015521637108182485,1.9726870346031626e-15,1.9324206522284175e-15,False
1141,392,394,0.7115058500000001,-0.13111695,other,-0.0015558599810968615,-0.001274875029803628,-0.014677392496820547,-0.015195138064816906,nan,nan,0.0,0.0,False
1142,392,417,0.6309906000000001,-0.14630939999999998,other,-0.0016211463226656969,-0.0016321360152189949,-0.01491220804939661,-0.015323424763701432,-0.012969819267945416,-0.013970129928544827,2.2683344977955567e-14,2.272179834632659e-14,False
1143,390,417,0.5686505500000001,-0.1553849,other,-0.0018282169860591175,-0.0018290277857470338,-0.01571114260255435,-0.015802476936434696,-0.019381892836022145,-0.018662710034206557,2.0697805508468577e-15,1.97076084817994e-15,False
1144,393,478,0.6309906000000001,-0.11885195,other,-0.001805041919919869,-0.0018744665877173813,-0.01481503417107016,-0.015167449281493583,-0.012682475172847653,-0.013610187961413955,2.4002686292076212e-14,2.3648872022615115e-14,False
1145,395,478,0.7115058500000001,-0.11270390000000001,other,-0.0016388302919901913,-0.0014168923635527833,-0.0146139586502122,-0.015085692358137897,-0.015510924631171364,-0.015470272061496612,2.18573026604365e-15,2.1477156953735415e-15,False
1146,393,395,0.7115058500000001,-0.11885195,other,-0.0016230734241731214,-0.001365788692217734,-0.01461457717573782,-0.015124802025089885,nan,nan,0.0,0.0,False
1147,394,396,0.8960105500000001,-0.11885195,other,-0.0013690538735105149,-0.00042676771546478,-0.013550953340964528,-0.015093975976988737,nan,nan,0.0,0.0,False
1148,396,397,1.0,-0.11885195,other,-0.0013124743915760074,0.0,-0.013668720082471488,-0.015121438469818591,nan,-0.012486236511278972,0.0,2.011541148479252e-15,False
1149,394,397,0.8960105500000001,-0.125,other,-0.0013480552097619406,-0.000426767780097314,-0.013583602551967727,-0.015110302213680668,-0.014405622746003927,-0.014614036595069905,2.2686057661496295e-15,2.1976638191170556e-15,False
1150,397,398,0.8960105500000001,-0.13111695,other,-0.0013295928235253823,-0.00037734940439371347,-0.013603884767147315,-0.015146141293248629,nan,nan,0.0,0.0,False
1151,394,398,0.7920211000000001,-0.13111695,other,-0.001392424512957464,-0.0008044935228502537,-0.014063329151367017,-0.015117881374275055,-0.01202302179896119,-0.013259474623354889,1.4572409768410024e-14,1.4477144983895217e-14,False
1152,392,398,0.7115058500000001,-0.1372339,other,-0.0015601092940680785,-0.001225358558180278,-0.014700867315158888,-0.015228579702759872,-0.01564363942085297,-0.015577743810776461,2.3454112806666685e-15,2.2815131841595236e-15,False
1153,394,395,0.7920211000000001,-0.11885195,other,-0.0014427711516500105,-0.0008813636423407104,-0.014014505585849641,-0.01505633884066736,-0.01191573064398116,-0.013144352876929903,1.4868453858223736e-14,1.435991567532912e-14,False
1154,395,396,0.8960105500000001,-0.11270390000000001,other,-0.0013842189052132978,-0.00045414353201132226,-0.013538823060357263,-0.015065393353901455,-0.014377056824241254,-0.014561891347928029,2.47559998334927e-15,2.4070341189960282e-15,False
1155,395,433,0.8960105500000001,-0.10580291,other,-0.0014119850613605162,-0.0004541434988285594,-0.013492762686438413,-0.015047439339389424,nan,nan,0.0,0.0,False
1156,396,433,1.0,-0.10580291,other,-0.0013517387146594637,9.64327466553287e-17,-0.01361784998200077,-0.015085177814524012,nan,-0.012355046620015405,0.0,1.993905737305179e-15,False
1157,397,399,1.0,-0.13111695,other,-0.0012743888433873081,0.0,-0.013717432889314858,-0.015158366636102474,nan,-0.012633599228598514,0.0,2.2177657851914357e-15,False
1158,398,399,0.8960105500000001,-0.1372339,other,-0.0013233592381722513,-0.0003773493936369416,-0.013605839925471248,-0.015165385266766494,-0.014443285292195436,-0.014671873619053487,2.7396550754299333e-15,2.6342467623391157e-15,False
1159,399,400,0.8960105500000001,-0.14630939999999998,other,-0.001282104607829478,-0.00034957560669879025,-0.013666599207371271,-0.015198614587735712,nan,nan,0.0,0.0,False
1160,398,400,0.7920211000000001,-0.14630939999999998,other,-0.001330999395031457,-0.0007272336532343869,-0.014112652220463972,-0.0151848481268692,-0.012155458341673465,-0.013404581269292754,1.4178015859900977e-14,1.4332529871115072e-14,False
1161,400,417,0.7115058500000001,-0.1553849,other,-0.0014560327072446711,-0.001133525524120176,-0.014810767650664278,-0.01529400586828089,-0.015682122957642475,-0.015616973326865034,3.272261313789328e-15,3.167561807910787e-15,False
1162,398,417,0.7115058500000001,-0.14630939999999998,other,-0.0014749012714813873,-0.0011613502365758863,-0.014752362973909026,-0.015261627677820187,nan,nan,0.0,0.0,False
1163,399,401,1.0,-0.14630939999999998,other,-0.0012197674479524877,0.0,-0.01378592680611524,-0.015203936369141524,nan,-0.012815774343231752,0.0,2.3328923253193604e-15,False
1164,400,401,0.8960105500000001,-0.1553849,other,-0.0012656330082986358,-0.0003495756068561987,-0.013686367821219793,-0.015224161481841535,-0.014473983417835215,-0.014740492976997676,3.914100755077089e-15,3.7326204322248065e-15,False
1165,401,402,0.8960105500000001,-0.16884999999999997,other,-0.0012144826844587896,-0.00031100002113972194,-0.013753874802297672,-0.015266603545998729,nan,nan,0.0,0.0,False
1166,400,402,0.7920211000000001,-0.16884999999999997,other,-0.0012438889364476948,-0.0006608303850035568,-0.014180404066830177,-0.01525893127367483,-0.01233920552785266,-0.013601424482392375,1.3535961981975053e-14,1.3519486578081321e-14,False
1167,402,416,0.7115058500000001,-0.1823151,other,-0.0013071399987008665,-0.0010061281558510795,-0.01495965090120313,-0.015386525435121381,-0.01572296703678432,-0.01565550637052337,4.4255662685229894e-15,4.258460766311255e-15,False
1168,400,416,0.7115058500000001,-0.16884999999999997,other,-0.0013591220130419442,-0.001044766614172349,-0.01485669547822039,-0.01534268104860344,nan,nan,0.0,0.0,False
1169,401,403,1.0,-0.16884999999999997,other,-0.001143123643980985,0.0,-0.013879209003057055,-0.01526289436150663,nan,-0.013069919491288558,0.0,2.1889377697651727e-15,False
1170,402,403,0.8960105500000001,-0.1823151,other,-0.001183701362904366,-0.0003110000197470076,-0.013797197121042892,-0.015300294440428536,-0.014514017801394694,-0.014831174619364725,5.490607162990189e-15,5.1742127639728104e-15,False
1171,403,404,0.8960105500000001,-0.20229290000000003,other,-0.001120934664954618,-0.000259756601375255,-0.013870619443817865,-0.01535178224032208,nan,nan,0.0,0.0,False
1172,402,404,0.7920211000000001,-0.20229290000000003,other,-0.001123830157295172,-0.0005709464084205038,-0.014271178143925624,-0.015352820287057924,-0.012584694832635118,-0.013844410124057497,1.2470620338508598e-14,1.2179490559085843e-14,False
1173,404,415,0.7115058500000001,-0.22227070000000004,other,-0.0011009271580490673,-0.000836124994711596,-0.015154566062313078,-0.015517627796482584,-0.01575051790121601,-0.01567625610194499,5.717271074310014e-15,5.473120850026091e-15,False
1174,402,415,0.7115058500000001,-0.20229290000000003,other,-0.0011974856951703426,-0.0008874378776204016,-0.014999136657107752,-0.015458412783977995,nan,nan,0.0,0.0,False
1175,403,405,1.0,-0.20229290000000003,other,-0.0010397623817230515,0.0,-0.013999342383671216,-0.015335236808177914,nan,-0.013391487132276884,0.0,1.948605171238978e-15,False
1176,404,405,0.8960105500000001,-0.22227070000000004,other,-0.0010714832715177343,-0.0002597566013033214,-0.013941566172831429,-0.015393102422878698,-0.014561956093663593,-0.014942688245374576,7.50400149329144e-15,6.958999478975019e-15,False
1177,405,406,0.8960105500000001,-0.25191125000000003,other,-0.0009985366723928714,-0.00019711603331174572,-0.014016001961966975,-0.015451583851774538,nan,nan,0.0,0.0,False
1178,404,406,0.7920211000000001,-0.25191125000000003,other,-0.0009666223408876642,-0.0004569935163795003,-0.014390088173990503,-0.015466880152092678,-0.012892952544590624,-0.014113699218087129,1.0683478995848394e-14,9.978567213359484e-15,False
1179,406,414,0.7115058500000001,-0.2815518,other,-0.0008337973393978834,-0.0006231416750893895,-0.015406586611364317,-0.015692656446053364,-0.015727208797872674,-0.01565084477373965,6.946499151775404e-15,6.663237036369564e-15,False
1180,404,414,0.7115058500000001,-0.25191125000000003,other,-0.0009814687589592963,-0.0006858454434814887,-0.015192616912868561,-0.015610564054231004,nan,nan,0.0,0.0,False
1181,405,407,1.0,-0.25191125000000003,other,-0.0009107924697976589,0.0,-0.014138362512181738,-0.015414430038812744,nan,-0.013758866829664873,0.0,1.5475501776168775e-15,False
1182,406,407,0.8960105500000001,-0.2815518,other,-0.0009289166070957409,-0.00019711603336673735,-0.014109934775964443,-0.015496411785465588,-0.014610561130486968,-0.015062531175382064,9.922005007460585e-15,9.040488508317185e-15,False
1183,407,408,0.8960105500000001,-0.32552865000000003,other,-0.0008566017307259069,-0.00013418185397240376,-0.014172434064038968,-0.015552143122993783,nan,nan,0.0,0.0,False
1184,406,408,0.7920211000000001,-0.32552865000000003,other,-0.00078106858714257,-0.00033136093137676944,-0.0145438241160317,-0.0155947597213989,-0.013240043907358055,-0.014355926592505298,7.707429991527861e-15,6.455185503253035e-15,False
1185,408,413,0.7115058500000001,-0.36950550000000004,other,-0.0005398804102332596,-0.0003727969295186996,-0.015758766185006226,-0.015891035056783662,-0.015590667716627035,-0.015569452078320346,8.014284886068537e-15,7.863427366139287e-15,False
1186,406,413,0.7115058500000001,-0.32552865000000003,other,-0.0007170468728533173,-0.0004357674244011666,-0.015469547480599925,-0.015778251291868373,nan,nan,0.0,0.0,False
1187,407,409,1.0,-0.32552865000000003,other,-0.0007758641150895138,0.0,-0.014265078677901345,-0.015485112049189896,nan,-0.014095569349264437,0.0,8.945552152750117e-16,False
1188,408,409,0.8960105500000001,-0.36950550000000004,other,-0.0007788064584878634,-0.00013418185401479905,-0.014261206498396342,-0.015589536465769275,-0.014644517718228871,-0.01515795465085577,1.2796519457743265e-14,1.1608498717281758e-14,False
1189,409,410,0.8960105500000001,-0.43475275,other,-0.0007406837529937774,-7.846886208333161e-05,-0.014287819304685806,-0.015578695486942965,nan,nan,0.0,0.0,False
1190,408,410,0.7920211000000001,-0.43475275,other,-0.0006193950726856367,-0.00021267596346821922,-0.01474364942663747,-0.015659922927970377,-0.013543489458534801,-0.014542556190993618,2.924495171007807e-15,3.197980961200764e-15,False
1191,410,412,0.7115058500000001,-0.5,other,-0.00041489368681516084,-0.0002208257307573878,-0.015831903088705534,-0.015904457026175444,-0.015450133884430072,-0.015501786434572364,4.0727482803014546e-15,4.164462770023401e-15,False
1192,408,412,0.7115058500000001,-0.43475275,other,-0.00046888794809304095,-0.00027655853947757046,-0.015892263066650914,-0.015904711725394434,nan,nan,0.0,0.0,False
1193,409,411,1.0,-0.43475275,other,-0.0007013955843671084,0.0,-0.014319232234164807,-0.015526844427627534,nan,-0.014360049277963272,0.0,2.4604137696541194e-16,False
1194,410,411,0.8960105500000001,-0.5,other,-0.0007013908691876965,-7.84687937572583e-05,-0.014319232234164807,-0.015591691977941139,-0.014654310508232137,-0.015189680294162646,6.9968410850386646e-15,6.440828850216049e-15,False
1195,412,413,0.6309906000000001,-0.43475275,other,-0.000317552459536597,-0.00038095222230111084,-0.016290355738814606,-0.0162844244765447,-0.014263437799339846,-0.014852262871092585,4.2010758281302324e-15,5.157051321774327e-15,False
1196,412,432,0.5686505500000001,-0.5,other,-0.000177687966256769,-0.0002641748144417814,-0.014983517807954462,-0.01615614102902856,0.02533544548505918,-0.021974524933393587,1.2787562476594772e-16,3.1780157456186465e-16,False
1197,413,432,0.5686505500000001,-0.43475275,other,-0.00020616530755882936,-0.00036041569059015505,-0.0160374243367207,-0.016085960515071624,nan,nan,0.0,0.0,False
1198,413,414,0.6309906000000001,-0.32552865000000003,other,-0.0006812881785293637,-0.0006646125275059256,-0.015489276075952902,-0.015985201349809377,-0.014045730655830304,-0.014792729473013924,1.147217001000524e-14,9.867928378898618e-15,False
1199,413,431,0.5686505500000001,-0.36950550000000004,other,-0.0003605893513548092,-0.0005470335102280874,-0.01567738179328437,-0.01624650231920524,-0.03158808020687373,-0.01984944347638151,7.439957803451399e-16,1.2438844531404486e-15,False
1200,414,431,0.5686505500000001,-0.32552865000000003,other,-0.0006748422979479191,-0.000734469032019319,-0.015868269225037913,-0.016011424535137184,nan,nan,0.0,0.0,False
1201,414,415,0.6309906000000001,-0.25191125000000003,other,-0.001015727569987862,-0.0010024297545937692,-0.015225153085789608,-0.01571920691864688,-0.013746732610991987,-0.01462417270152314,1.6391551599862355e-14,1.5281226064953796e-14,False
1202,414,427,0.5686505500000001,-0.2815518,other,-0.0008265056897306307,-0.0009605888561094208,-0.015854870870996112,-0.016200847849698226,-0.02215704793394513,-0.019049449694253345,2.027766125920961e-15,2.0992778746417862e-15,False
1203,415,427,0.5686505500000001,-0.25191125000000003,other,-0.001092809729585492,-0.001110974151676588,-0.015789231636582645,-0.016028356196705725,nan,nan,0.0,0.0,False
1204,415,416,0.6309906000000001,-0.20229290000000003,other,-0.0012805042239271138,-0.001271587410909918,-0.015077041027144593,-0.015531563138244506,-0.013441512266085712,-0.014395354585539484,1.9533050886644657e-14,1.891902956753507e-14,False
1205,415,426,0.5686505500000001,-0.22227070000000004,other,-0.001242211575335666,-0.0013186619472508963,-0.015863437451918525,-0.016053385229349876,-0.02046493557926144,-0.018879623807228976,2.576277738963949e-15,2.4649461690608673e-15,False
1206,416,426,0.5686505500000001,-0.20229290000000003,other,-0.0014331943758817646,-0.001437478556957444,-0.015709808195209764,-0.01594449385808146,nan,nan,0.0,0.0,False
1207,416,417,0.6309906000000001,-0.16884999999999997,other,-0.001478395060394899,-0.0014792167369892637,-0.014979885935959869,-0.015405855962140268,-0.013177712421771414,-0.014167059015302156,2.148059061617787e-14,2.125479122682178e-14,False
1208,416,418,0.5686505500000001,-0.1823151,other,-0.0015776879509964428,-0.0016088224542498558,-0.015799119257489936,-0.015908049676722318,-0.01976557374861481,-0.018767459976625198,2.4784048288033115e-15,2.3479760171720708e-15,False
1209,417,418,0.5686505500000001,-0.16884999999999997,other,-0.0016917729844836658,-0.00169770309504221,-0.015631808040990017,-0.01584111214755554,nan,nan,0.0,0.0,False
1210,418,426,0.5063105,-0.20229290000000003,other,-0.0016671729404950171,-0.0016559526525246127,-0.0158878469221662,-0.016322914330147258,-0.015044144106423152,-0.01561331748853009,2.2782639191216195e-14,2.175590435378374e-14,False
1211,419,426,0.45804285,-0.22227070000000004,other,-0.0016057559453636163,-0.0017454831088391854,-0.016274095053692515,-0.01682739131422997,-0.005034593880074355,-0.009276500400390986,1.8432693189662425e-15,1.7439236635168727e-15,False
1212,418,419,0.45804285,-0.20229290000000003,other,-0.001914545325034945,-0.0019169793589541894,-0.016370319954743022,-0.016716917604997737,nan,nan,0.0,0.0,False
1213,419,425,0.4097752,-0.25191125000000003,other,-0.001671174754666991,-0.0017302110815266827,-0.016624193606219317,-0.017022335225202846,-0.01718677413990952,-0.017433242592528396,1.6985976888747193e-14,1.5576283593368256e-14,False
1214,420,425,0.3724033,-0.2815518,other,-0.0015378498363152228,-0.0016472995124881644,-0.016257422570848154,-0.01686804382214647,-0.01525148391175012,-0.016000143911375414,1.095371754877445e-14,9.956199856306598e-15,False
1215,419,420,0.3724033,-0.25191125000000003,other,-0.0019186104947435834,-0.0019237307586607033,-0.016665204004478306,-0.017036122379705976,nan,nan,0.0,0.0,False
1216,420,424,0.3350313999999999,-0.32552865000000003,other,-0.0013702919977919067,-0.0015324248556257483,-0.01603088509843342,-0.016658360800963227,-0.01825305472696016,-0.018650887373120012,6.882922845903724e-15,6.533407907143124e-15,False
1217,421,424,0.30609574999999994,-0.36950550000000004,other,-0.0012616040299537074,-0.0012814822645755982,-0.015696164521890977,-0.01629392014437167,-0.016186884913371818,-0.016696384554927824,1.9120043096951012e-14,1.8323575044819152e-14,False
1218,420,421,0.30609574999999994,-0.32552865000000003,other,-0.0015778215346729904,-0.0015894544481041251,-0.01608546952627839,-0.016624668374710622,nan,nan,0.0,0.0,False
1219,421,423,0.2771601,-0.43475275,other,-0.0011023252016401054,-0.0011895638283595715,-0.015403703607379771,-0.016107655966244545,-0.01836587256206102,-0.018857726731534828,8.755050533377339e-16,1.5533171003864098e-15,False
1220,422,423,0.25475625,-0.5,other,-0.0009738893872652015,-0.0009267857928885164,-0.015219691627167492,-0.01592184852801262,-0.015966571613608316,-0.016673716515205658,1.0386504749072973e-14,1.0838468058410047e-14,False
1221,421,422,0.25475625,-0.43475275,other,-0.001102698316613974,-0.0010744463857781865,-0.015424679159567257,-0.016155458210669733,nan,nan,0.0,0.0,False
1222,423,424,0.30609574999999994,-0.43475275,other,-0.0010995994670496665,-0.0011322882620619615,-0.015409797410895817,-0.016118815967948494,nan,nan,0.0,0.0,False
1223,424,425,0.3724033,-0.32552865000000003,other,-0.001295601747255787,-0.001339141521893485,-0.016080740134418757,-0.016587613999705632,nan,nan,0.0,0.0,False
1224,424,429,0.3350313999999999,-0.43475275,other,-0.0009550549367692287,-0.0010622216680286495,-0.015342577478585808,-0.01618365347793641,-0.01758266089299534,-0.017991824516738805,1.9658030757449544e-15,3.0413330762917506e-15,False
1225,423,429,0.30609574999999994,-0.5,other,-0.0009962672455053206,-0.0009703358367992546,-0.015290505753160523,-0.01595545906173792,-0.015745040970566344,-0.016378110952887662,9.511045658162848e-15,9.565458455257535e-15,False
1226,425,426,0.45804285,-0.25191125000000003,other,-0.0014462297983810397,-0.001469287061738197,-0.016243917645745082,-0.016605839745535245,nan,nan,0.0,0.0,False
1227,425,428,0.4097752,-0.32552865000000003,other,-0.001071400070319532,-0.0011955344973316449,-0.016113660384822828,-0.016616714301225997,-0.01694245622510346,-0.017216290135751173,1.0232255632334358e-14,9.176188934658337e-15,False
1228,424,428,0.3724033,-0.36950550000000004,other,-0.0010227795866248135,-0.0010806753885823988,-0.015696225533264056,-0.016303470311877316,-0.015375946941079924,-0.01600525917502038,1.420314215974715e-14,1.3078544838093181e-14,False
1229,426,427,0.5063105,-0.25191125000000003,other,-0.001268582783088316,-0.001276804202488508,-0.015975109079400182,-0.016444382103095116,-0.01527207758776733,-0.01574029150700391,1.83626494042583e-14,1.694717714911972e-14,False
1230,425,427,0.45804285,-0.2815518,other,-0.001103978710112802,-0.0012614900732384733,-0.015923095260527865,-0.016685637288004086,-0.011519150172512696,-0.013483791903859808,4.200367476976677e-15,3.686928332518785e-15,False
1231,427,431,0.5063105,-0.32552865000000003,other,-0.0007848800262425581,-0.000842938552335068,-0.015988045680493435,-0.01642753517762223,-0.015405876460713272,-0.015779622258726266,1.2133973424168163e-14,1.0582997188795973e-14,False
1232,428,431,0.45804285,-0.36950550000000004,other,-0.0006442218310054225,-0.0007770009597921475,-0.0153826286723976,-0.016284955762822958,-0.013706069207485842,-0.014893642560658558,7.20883578229823e-15,6.2206106575975255e-15,False
1233,427,428,0.45804285,-0.32552865000000003,other,-0.0009327742929451811,-0.00100318340512524,-0.01592939683836753,-0.016404095769698028,nan,nan,0.0,0.0,False
1234,428,430,0.4097752,-0.43475275,other,-0.0006405807795025065,-0.0007638868561666956,-0.01515042689507885,-0.016190576018448605,-0.01662302434207461,-0.016909107964657114,3.237539156109018e-15,4.557254260490742e-15,False
1235,429,430,0.3724033,-0.5,other,-0.0008262920403181086,-0.0007453842487678748,-0.015375033923292213,-0.016039209000459635,-0.015264992822805946,-0.015906821314973178,7.545354753741689e-15,7.20713944382097e-15,False
1236,428,429,0.3724033,-0.43475275,other,-0.0008733323068860486,-0.0009187605768958548,-0.015377977997698782,-0.016146680138237342,nan,nan,0.0,0.0,False
1237,430,431,0.45804285,-0.43475275,other,-0.0005043742288042518,-0.0006037472444687598,-0.015055646517218175,-0.016160790320341244,nan,nan,0.0,0.0,False
1238,431,432,0.5063105,-0.43475275,other,-0.0002847820959351242,-0.00043021055788344847,-0.015039210147954315,-0.016132050656180404,-0.015397163442987196,-0.015694914712073984,4.180503526954123e-15,5.469766768960424e-15,False
1239,430,432,0.45804285,-0.5,other,-0.000502965590974552,-0.0004170786950087044,-0.015164227066015477,-0.01600376382614787,-0.01424159134556697,-0.015167457068706189,4.308031700162762e-15,3.765084576815831e-15,False
1240,395,434,0.7920211000000001,-0.10580291,other,-0.0014972811583586583,-0.0009298765888265945,-0.013958797114660845,-0.015000656485867117,-0.011798286205953688,-0.013029155823642622,1.515846070247241e-14,1.4552157437852205e-14,False
1241,434,478,0.7115058500000001,-0.10580291,other,-0.0016960581326061022,-0.0014380258425358645,-0.014545138650941876,-0.01505887255474063,nan,nan,0.0,0.0,False
1242,433,434,0.8960105500000001,-0.09890191999999999,other,-0.0014299852609219194,-0.00047522992665900054,-0.013477306648753105,-0.015017338569686118,-0.014347830569795599,-0.014503966308010055,2.8583472028418e-15,2.787761760139552e-15,False
1243,434,435,0.8960105500000001,-0.09115584,other,-0.0014612208448745144,-0.0004752299308512739,-0.013425290347637784,-0.014996479425070545,nan,nan,0.0,0.0,False
1244,433,435,1.0,-0.09115584,other,-0.0013969272100510645,0.0,-0.013558548783032729,-0.015043733596744699,nan,-0.012209181686874708,0.0,2.03270371294584e-15,False
1245,434,436,0.7920211000000001,-0.09115584,other,-0.001559787272792993,-0.0009752154216195429,-0.013894103051002419,-0.014938542583932148,-0.011660709377700482,-0.012894866710326709,1.5451120026790515e-14,1.4844195946768523e-14,False
1246,434,477,0.7115058500000001,-0.09890191999999999,other,-0.0017160247673181645,-0.0014902554121817323,-0.014543007384019547,-0.015017804398987058,-0.015459750953384952,-0.015412814980724662,2.5658462229297063e-15,2.52689821608799e-15,False
1247,436,477,0.7115058500000001,-0.09115584,other,-0.0017795580393958886,-0.0015145152178775803,-0.014463648209632458,-0.014986557050065377,nan,nan,0.0,0.0,False
1248,435,436,0.8960105500000001,-0.08340976,other,-0.0014825223192813247,-0.0004994325252069047,-0.0134058257330443,-0.014960763544122704,-0.01431335988379408,-0.014435963305968923,3.310571568504018e-15,3.2397782316519618e-15,False
1249,436,437,0.8960105500000001,-0.07471507499999999,other,-0.0015176829382535738,-0.0004994325283733935,-0.01334695066354518,-0.014936470766229816,nan,nan,0.0,0.0,False
1250,435,437,1.0,-0.07471507499999999,other,-0.001448961387830511,0.0,-0.013489266117672188,-0.014995135339120376,nan,-0.01203833998198335,0.0,2.071201590400586e-15,False
1251,436,438,0.7920211000000001,-0.07471507499999999,other,-0.0016314819514476229,-0.001027259662753533,-0.013818710392379354,-0.014865092780597593,-0.011499137626295166,-0.012735625933457345,1.5736298525155687e-14,1.5129928226854865e-14,False
1252,436,463,0.7115058500000001,-0.08340976,other,-0.0018045044284379847,-0.0015746422969112929,-0.014459505040380618,-0.014937026365126936,-0.015396260778341078,-0.015340721867127914,3.025576488488784e-15,2.987218473359164e-15,False
1253,438,463,0.7115058500000001,-0.07471507499999999,other,-0.0018750767749289223,-0.0016024932312822776,-0.014367626402144524,-0.014900499467774388,nan,nan,0.0,0.0,False
1254,437,438,0.8960105500000001,-0.06602038999999998,other,-0.0015428169411052129,-0.0005272139440016938,-0.013322643721716498,-0.014893910592151609,-0.014272603176603407,-0.014355933918896011,3.8471017514043525e-15,3.778786694178348e-15,False
1255,438,439,0.8960105500000001,-0.056260945,other,-0.0015823826518469948,-0.0005272139447482657,-0.013255917452336483,-0.014865560809097142,nan,nan,0.0,0.0,False
1256,437,439,1.0,-0.056260945,other,-0.001508877438038339,0.0,-0.013408169276820082,-0.014937990785826912,nan,-0.01183786859546996,0.0,2.1077644334522247e-15,False
1257,438,440,0.7920211000000001,-0.056260945,other,-0.001713688495419633,-0.001086982410510837,-0.01373053775975906,-0.014777892017154138,-0.01130897780395729,-0.01254627634339675,1.5999387772505037e-14,1.5394974778777122e-14,False
1258,438,462,0.7115058500000001,-0.06602038999999998,other,-0.0019059093058830345,-0.0016717356877162658,-0.014360744320196265,-0.014840352627682376,-0.01531743562698194,-0.015250071657045228,3.584225677586648e-15,3.548790878747847e-15,False
1259,440,462,0.7115058500000001,-0.056260945,other,-0.001984243928287937,-0.0017036889207757738,-0.014254100252331418,-0.014797522714148397,nan,nan,0.0,0.0,False
1260,439,440,0.8960105500000001,-0.04650150000000001,other,-0.001611941911508613,-0.0005590823540576369,-0.013225759908619118,-0.014814642486099287,-0.014224322160138697,-0.014261571949378635,4.4861564874230835e-15,4.424167674280846e-15,False
1261,440,441,0.8960105500000001,-0.03554688500000001,other,-0.0016563957300283095,-0.0005590823541883749,-0.013150127521796107,-0.014781512006707336,nan,nan,0.0,0.0,False
1262,439,441,1.0,-0.03554688500000001,other,-0.0015778135554973614,0.0,-0.013313117800948567,-0.014870647854248272,nan,-0.011602341887584805,0.0,2.140066790771872e-15,False
1263,442,443,0.8960105500000001,-0.012296135000000001,other,-0.0017408101777401353,-0.0005955726179304284,-0.013027320333291131,-0.014663012465886091,nan,nan,0.0,0.0,False
1264,440,442,0.7920211000000001,-0.03554688500000001,other,-0.0018078351740261024,-0.001155429420026214,-0.01362706959060369,-0.014674001296643598,-0.011084842045126704,-0.012320684276851774,1.621991899734435e-14,1.5619090092489536e-14,False
1265,440,444,0.7115058500000001,-0.04650150000000001,other,-0.002022014329348196,-0.0017833729175499077,-0.014243426486008091,-0.014723985551779499,-0.015219595013140418,-0.015135969342773505,4.265873886196136e-15,4.236769841571661e-15,False
1266,442,444,0.7115058500000001,-0.03554688500000001,other,-0.0021087622845384554,-0.0018199667701086246,-0.01411958116426187,-0.014673641789586023,nan,nan,0.0,0.0,False
1267,441,442,0.8960105500000001,-0.024592270000000003,other,-0.0016910220120182587,-0.0005955723656816753,-0.013112913459626556,-0.014720392749792137,-0.014167071221234102,-0.014150198342565892,5.250005950717541e-15,5.199693014516591e-15,False
1268,441,443,1.0,-0.012296135000000001,other,-0.001656976702583013,0.0,-0.01320165813381164,-0.01477032778179284,nan,-0.011098854294302251,0.0,3.3890060224693643e-15,False
1269,444,462,0.6309906000000001,-0.056260945,other,-0.0022548354491238715,-0.0023690863726000214,-0.014509951600249352,-0.014782744791241005,-0.011880416102965174,-0.012812931415343487,2.6234328428854133e-14,2.5846587997619158e-14,False
1270,445,462,0.5686505500000001,-0.06602038999999998,other,-0.002588081200442472,-0.0027569144218284195,-0.015188253695181569,-0.015318166519895541,-0.018065174220718516,-0.01787431354910066,3.0556509746061522e-15,3.011940884767725e-15,False
1271,444,445,0.5686505500000001,-0.056260945,other,-0.002731634711902714,-0.0028367953780218387,-0.015080110276574119,-0.015248554752503028,nan,nan,0.0,0.0,False
1272,445,461,0.5063105,-0.07471507499999999,other,-0.0029948032094846756,-0.0031119533643617406,-0.015430240161663016,-0.01571717897374189,-0.013616373013482081,-0.014186859471146104,3.254534647168778e-14,3.216290602308567e-14,False
1273,446,461,0.45804285,-0.08340976,other,-0.003433259132815167,-0.0036422659357636927,-0.01623792128972685,-0.016465432528212157,-0.026883037308669477,-0.026115513166524183,1.5030298167840887e-15,1.4473930861226052e-15,False
1274,445,446,0.45804285,-0.07471507499999999,other,-0.0036434197720046978,-0.0037555189256247104,-0.01623063603584237,-0.016393535612453693,nan,nan,0.0,0.0,False
1275,446,460,0.4097752,-0.09115584,other,-0.004017023488546146,-0.004131580890076447,-0.016696032387333977,-0.016998743354077007,-0.01638460225462813,-0.016805042658446456,3.546500120614356e-14,3.5043383614116083e-14,False
1276,447,460,0.3724033,-0.09890191999999999,other,-0.004516562181637249,-0.004752231814482817,-0.01741779048300277,-0.017849310769958344,0.03058457502853823,0.018176390704501777,4.661610718214794e-16,5.119399325660547e-16,False
1277,446,447,0.3724033,-0.09115584,other,-0.004785555131690639,-0.0049075330196676524,-0.017554463908183212,-0.017787416567724968,nan,nan,0.0,0.0,False
1278,447,459,0.3350313999999999,-0.10580291,other,-0.005198841146516357,-0.005321462612621295,-0.018097877015423137,-0.01843070565086355,-0.019973934708908216,-0.020299881973613043,3.492599594040192e-14,3.450504481255024e-14,False
1279,448,459,0.30609574999999994,-0.11270390000000001,other,-0.00572936777193355,-0.005943076249140669,-0.018517766077890994,-0.01912870233332838,-0.01267692140878154,-0.01475516825354379,2.807552290613497e-15,2.8141792554915685e-15,False
1280,447,448,0.30609574999999994,-0.10580291,other,-0.006042302016109841,-0.006151190539107829,-0.01875764235285522,-0.019118691142499908,nan,nan,0.0,0.0,False
1281,448,458,0.2771601,-0.11885195,other,-0.006366378862135518,-0.006483670370164794,-0.01918940874118721,-0.019581903215706156,-0.023860303252861065,-0.024156550608532033,3.121106646717764e-14,3.082101612304258e-14,False
1282,449,458,0.25475625,-0.125,other,-0.006824477132553108,-0.00684047980507205,-0.019346756937477484,-0.02005690992122337,-0.02004827290044552,-0.021365852927368548,5.660396615555995e-15,5.616732932033876e-15,False
1283,448,449,0.25475625,-0.11885195,other,-0.007226582372555083,-0.007130913125058698,-0.019583379699338443,-0.02013133340893104,nan,nan,0.0,0.0,False
1284,449,457,0.23235240000000004,-0.13111695,other,-0.007028463380260669,-0.007028451119666068,-0.01998718717484425,-0.020394726408290008,-0.02717742252131092,-0.0275773378695544,2.4987519230575275e-14,2.413748671193497e-14,False
1285,450,457,0.21500590000000003,-0.1372339,other,-0.00659040985072637,-0.0060669550588875725,-0.02026012878067945,-0.021062891715393578,-0.02424307004336082,-0.024927542799414545,1.1736257165909456e-14,1.1490716992509574e-14,False
1286,449,450,0.21500590000000003,-0.13111695,other,-0.007458277820421892,-0.006520223790794552,-0.020562654698271492,-0.021178511640473005,nan,nan,0.0,0.0,False
1287,450,456,0.19765939999999999,-0.14630939999999998,other,-0.004646290061321862,-0.00470313180312558,-0.021455125172249095,-0.021660807408845115,-0.0286241480978612,-0.02924401667545276,1.568484909636526e-14,1.4846937085061468e-14,False
1288,451,456,0.18422864999999997,-0.1553849,other,-0.0020366264243410503,-0.0026258973762410876,-0.023969247615000345,-0.021878861068923266,-0.025576016876400726,-0.025834095368359684,2.3863855638691294e-14,2.2322330711524008e-14,False
1289,450,451,0.18422864999999997,-0.14630939999999998,other,-0.0029759263756558014,-0.003459605905796506,-0.024086764570939806,-0.022471077769663922,nan,nan,0.0,0.0,False
1290,451,455,0.1707979,-0.16884999999999997,other,-0.0009586410418998413,-0.001027072165011392,-0.023731510254276365,-0.023939390266053698,-0.02846959383448363,-0.02870993555139919,8.718570951745853e-15,8.625925519133612e-15,False
1291,452,455,0.16039894999999998,-0.1823151,other,-1.3762617941832447e-05,-0.00032635096897597475,-0.027318054399595854,-0.02355400898217362,-0.02463417819393974,-0.02496389275446442,3.1173373298072235e-14,3.132130577617183e-14,False
1292,451,452,0.16039894999999998,-0.16884999999999997,other,-3.230795236853112e-05,-0.0007657264410378796,-0.02722464705003583,-0.02413861360802613,nan,nan,0.0,0.0,False
1293,452,454,0.15,-0.20229290000000003,other,-1.3417666791983264e-06,-1.0183598434811122e-05,-0.024620864631530757,-0.02699772958879246,-0.025954955327092327,-0.07799697664090276,6.085916551547737e-15,1.0789552756089584e-14,False
1294,452,453,0.13964849999999998,-0.20229290000000003,other,-2.0859536191330308e-10,-1.2109837088854795e-05,-0.025924340415992238,-0.027120167644324303,nan,nan,0.0,0.0,False
1295,454,455,0.16039894999999998,-0.20229290000000003,other,-1.647192703269853e-06,-0.00032587992053814853,-0.024561986586098903,-0.02348731593819362,nan,nan,0.0,0.0,False
1296,455,456,0.18422864999999997,-0.16884999999999997,other,-0.0012616540621514785,-0.002184753164861324,-0.023694616060381153,-0.02138389946739299,nan,nan,0.0,0.0,False
1297,455,470,0.1707979,-0.20229290000000003,other,-0.00031016576854172125,-0.0003905384008708799,-0.022797268007845737,-0.023158298909750387,-0.02503588874028594,-0.026184481733330676,4.553451934347413e-15,4.29024078948043e-15,False
1298,456,457,0.21500590000000003,-0.14630939999999998,other,-0.006134128719342692,-0.005176763399062996,-0.020272883499350983,-0.020552907777082952,nan,nan,0.0,0.0,False
1299,456,469,0.19765939999999999,-0.16884999999999997,other,-0.0030718586842476444,-0.00309283694440149,-0.02024573881206123,-0.020711694990479295,-0.027230258003528896,-0.02754112381708414,8.80059516218287e-15,9.054969300547252e-15,False
1300,455,469,0.18422864999999997,-0.1823151,other,-0.0007175574981027971,-0.0014706042378665554,-0.023371340899458724,-0.020703254750053263,-0.02345673085477289,-0.023730269689131146,2.7008258235638642e-14,2.6037865435858936e-14,False
1301,457,458,0.25475625,-0.13111695,other,-0.006557022100233177,-0.006381058229801369,-0.01929283764585566,-0.019862743217766193,nan,nan,0.0,0.0,False
1302,457,468,0.23235240000000004,-0.14630939999999998,other,-0.0059411215552128875,-0.00597987277855168,-0.019687330465697404,-0.01998976746243667,-0.026384269160666253,-0.026746649330024526,2.0607620870744727e-14,1.9222496857166012e-14,False
1303,456,468,0.21500590000000003,-0.1553849,other,-0.005205682385331289,-0.004604715439280521,-0.01990623161993459,-0.020284756457557878,-0.023604923781781247,-0.02386898711861191,1.6979614917824098e-14,1.623056803908768e-14,False
1304,458,459,0.30609574999999994,-0.11885195,other,-0.00557000943353567,-0.005652597801409981,-0.018588668220167713,-0.018994884083508436,nan,nan,0.0,0.0,False
1305,458,467,0.2771601,-0.13111695,other,-0.005829460283354719,-0.005899849285282467,-0.018985018752622405,-0.019376792893567994,-0.023639823354031364,-0.023960020773850628,2.8494810195635086e-14,2.778019014501046e-14,False
1306,457,467,0.25475625,-0.1372339,other,-0.00604129374714522,-0.006087962724919067,-0.019052970894454735,-0.019781536585200696,-0.020236706263171696,-0.02143380608446951,7.356392892066262e-15,7.285157724591938e-15,False
1307,459,460,0.3724033,-0.10580291,other,-0.004426763093184922,-0.004544695223664535,-0.017533905791795763,-0.01781002614711035,nan,nan,0.0,0.0,False
1308,459,466,0.3350313999999999,-0.11885195,other,-0.0048237004021740165,-0.004923453510193505,-0.018044234491224203,-0.01839275209316984,-0.020030429142838573,-0.020361168656937077,3.28513825052162e-14,3.242531152863814e-14,False
1309,458,466,0.30609574999999994,-0.125,other,-0.005297510011924517,-0.005462122176472708,-0.018416438656428665,-0.018990364861160583,-0.014326173746796837,-0.01621125117952751,2.9441984915266283e-15,2.9591692843938508e-15,False
1310,460,461,0.45804285,-0.09115584,other,-0.003378854309418886,-0.003487428486695952,-0.016316580603066837,-0.016495933974200412,nan,nan,0.0,0.0,False
1311,460,465,0.4097752,-0.10580291,other,-0.0037426767396910006,-0.0038442749304107666,-0.016753907256661062,-0.01707239233617646,-0.016603728898043155,-0.017011425428850986,3.39635466786872e-14,3.35334384397488e-14,False
1312,459,465,0.3724033,-0.11270390000000001,other,-0.004199099487713756,-0.0044122356132391665,-0.017387191711369186,-0.017855640858378964,0.0059683172395969845,-3.7444946239387595e-05,7.330425887883857e-16,7.728543863920358e-16,False
1313,461,462,0.5686505500000001,-0.07471507499999999,other,-0.002546125735594375,-0.002643928774758534,-0.015211086907357544,-0.015375398852611251,nan,nan,0.0,0.0,False
1314,461,464,0.5063105,-0.09115584,other,-0.0027992661519109945,-0.0029018369343040903,-0.01552423705620217,-0.015828388011211728,-0.013889577495817882,-0.014454246384684729,3.1588135358174565e-14,3.119119602255384e-14,False
1315,460,464,0.45804285,-0.09890191999999999,other,-0.0031967270778279983,-0.00339028082378329,-0.016290130796006518,-0.016555031918688956,-0.0290551806089357,-0.027929616334130457,1.0351256221662605e-15,9.836277620789088e-16,False
1316,462,463,0.6309906000000001,-0.07471507499999999,other,-0.0021181817706708403,-0.0022199513063401117,-0.014607985175336161,-0.014905138944746682,-0.01213963851281213,-0.013070331695882667,2.5705469486488078e-14,2.5307290987061653e-14,False
1317,461,463,0.5686505500000001,-0.08340976,other,-0.002418093030061333,-0.002574528083409703,-0.01528866782823617,-0.015434504277245673,-0.01831247978683113,-0.01806202871423122,2.4600039708716067e-15,2.41549544102708e-15,False
1318,463,477,0.6309906000000001,-0.09115584,other,-0.0019991397025528566,-0.002090412210410652,-0.014689403643827257,-0.015006731808132032,-0.012354513155986773,-0.013281650442693109,2.5139654366717718e-14,2.4730980622552965e-14,False
1319,464,477,0.5686505500000001,-0.09890191999999999,other,-0.002270914555878028,-0.0024173356716701336,-0.015366585026491249,-0.015527989457283162,-0.0185290152697178,-0.018214457789849717,1.9920095559409646e-15,1.9492333600658578e-15,False
1320,463,464,0.5686505500000001,-0.09115584,other,-0.0023849278576559122,-0.00247759056030485,-0.015312943796325926,-0.015477576617294896,nan,nan,0.0,0.0,False
1321,464,476,0.5063105,-0.10580291,other,-0.0026304187777959442,-0.0027214128720263707,-0.01559726819308897,-0.01591633624592041,-0.014107741948469322,-0.014666034336614543,3.0631050696588904e-14,3.021991289523371e-14,False
1322,465,476,0.45804285,-0.11270390000000001,other,-0.0029944571761056473,-0.0031746620536295504,-0.016320739579633006,-0.01661921358898155,-0.031978280787436954,-0.030421880680950215,6.97754749635758e-16,6.520102166018896e-16,False
1323,464,465,0.45804285,-0.10580291,other,-0.0031524714852181027,-0.0032581616020003167,-0.016368767083643085,-0.016570312409184034,nan,nan,0.0,0.0,False
1324,465,475,0.4097752,-0.11885195,other,-0.003507565560363041,-0.0035883878726499824,-0.016788129143228213,-0.017118308336292673,-0.01676366406189797,-0.01717947930811027,3.2532608653286865e-14,3.211671353431738e-14,False
1325,466,475,0.3724033,-0.125,other,-0.003938459476952704,-0.0040983709771996125,-0.017403095592342772,-0.017838437185381462,-0.0020374910632201745,-0.006385969287911761,9.251311513009544e-16,9.655294785232913e-16,False
1326,465,466,0.3724033,-0.11885195,other,-0.004120552424318567,-0.0042221546437993225,-0.017491714283400628,-0.017806430227082216,nan,nan,0.0,0.0,False
1327,466,474,0.3350313999999999,-0.13111695,other,-0.004484161336614362,-0.004531736056475797,-0.017980746102108928,-0.018336922285855674,-0.02004273015753983,-0.020425660628429137,3.083222471307544e-14,3.025079692759654e-14,False
1328,467,474,0.30609574999999994,-0.1372339,other,-0.004821912630967851,-0.004967488538222702,-0.018346518954915455,-0.018840067864658902,-0.015347900189469018,-0.017107932951345082,3.9451523293269875e-15,3.968104191654044e-15,False
1329,466,467,0.30609574999999994,-0.13111695,other,-0.005141029550960348,-0.005169294939361637,-0.01842860848786096,-0.018851652772597396,nan,nan,0.0,0.0,False
1330,467,473,0.2771601,-0.14630939999999998,other,-0.005203269064150035,-0.0052555792703922605,-0.01875201214925045,-0.01911409567050654,-0.023342102664542737,-0.023618314256439604,2.5083504968273367e-14,2.388884976162516e-14,False
1331,468,473,0.25475625,-0.1553849,other,-0.005184923336861529,-0.005150470035426738,-0.018593458074167644,-0.019331569085461936,-0.020366894610994137,-0.02118891044489865,1.1093488261785471e-14,1.0760337026932707e-14,False
1332,467,468,0.25475625,-0.14630939999999998,other,-0.0058042364736494165,-0.005500228439616801,-0.018980064039234423,-0.019474293897654836,nan,nan,0.0,0.0,False
1333,468,472,0.23235240000000004,-0.16884999999999997,other,-0.004559980774923884,-0.004691690675457169,-0.019109954139359706,-0.019372385298502784,-0.025074591220729137,-0.025505992841203338,1.472145574169473e-14,1.3571127993253483e-14,False
1334,469,472,0.21500590000000003,-0.1823151,other,-0.0035766522764037524,-0.0031585174892947467,-0.019472624521790993,-0.019401023495645348,-0.02225420429225597,-0.022373207063744145,2.1804947548645223e-14,2.0456442485830157e-14,False
1335,468,469,0.21500590000000003,-0.16884999999999997,other,-0.004490851797471727,-0.003832326166301839,-0.01979768541027412,-0.019834324243771614,nan,nan,0.0,0.0,False
1336,469,471,0.19765939999999999,-0.20229290000000003,other,-0.0019705197349637786,-0.0018240435061764272,-0.019291379748348488,-0.019809434712963404,-0.02544533683178526,-0.02555075424076903,3.5972752281768265e-15,4.366488898281546e-15,False
1337,469,470,0.18422864999999997,-0.20229290000000003,other,-0.0003653590812750033,-0.0012525543025958504,-0.022531377578365805,-0.020221603405973666,nan,nan,0.0,0.0,False
1338,471,472,0.21500590000000003,-0.20229290000000003,other,-0.0027859240593100577,-0.0026005113185086533,-0.019150024451859253,-0.01902382018402882,nan,nan,0.0,0.0,False
1339,472,473,0.25475625,-0.16884999999999997,other,-0.0048345711687164256,-0.004446868936120304,-0.018498698135315534,-0.018942809304352912,nan,nan,0.0,0.0,False
1340,472,483,0.23235240000000004,-0.20229290000000003,other,-0.003141322038374021,-0.0033031871203350618,-0.01822031742479831,-0.018616448589083026,-0.023241365298887543,-0.023912197030540365,8.549533609878087e-15,8.160469993906129e-15,False
1341,473,474,0.30609574999999994,-0.14630939999999998,other,-0.0046532717128288294,-0.0046173047181316445,-0.018246107696173554,-0.018636127797587998,nan,nan,0.0,0.0,False
1342,473,482,0.2771601,-0.16884999999999997,other,-0.004373053154044359,-0.004463869631279532,-0.01836037243060239,-0.018681005920026823,-0.022806735715366164,-0.02299507869340423,2.0267416670893273e-14,1.8881082148423048e-14,False
1343,472,482,0.25475625,-0.1823151,other,-0.004188800192638595,-0.004010078712644341,-0.018041622769183988,-0.018656550178499504,-0.02012489030803738,-0.02050477526496558,1.563306300971699e-14,1.4758252732425406e-14,False
1344,474,475,0.3724033,-0.13111695,other,-0.0038457018017616106,-0.003897143425315305,-0.017439504611718396,-0.01778212210374574,nan,nan,0.0,0.0,False
1345,474,481,0.3350313999999999,-0.14630939999999998,other,-0.004087904101644732,-0.00410292366041631,-0.017903051906644308,-0.01826567815274093,-0.02002368424016194,-0.020399648993626947,2.828768889516016e-14,2.735855339631093e-14,False
1346,473,481,0.30609574999999994,-0.1553849,other,-0.004219308624045758,-0.004389637685781088,-0.0180213275842539,-0.01861626261059283,-0.016318324376916844,-0.01774302696771562,6.2774812788361566e-15,6.200132199519739e-15,False
1347,475,476,0.45804285,-0.11885195,other,-0.0029582078437515483,-0.003051150591320481,-0.016398570883322847,-0.016621582587476254,nan,nan,0.0,0.0,False
1348,475,480,0.4097752,-0.13111695,other,-0.0032952002871615253,-0.0033245372558944517,-0.016808242064470614,-0.017142858645160505,-0.01688671592532496,-0.017373247617388017,3.1126175392971145e-14,3.072015459089975e-14,False
1349,474,480,0.3724033,-0.1372339,other,-0.0036802482687830667,-0.0037567288701648486,-0.017521374581353395,-0.01780678264155196,-0.006290507985059282,-0.00994878605143207,1.4007197608460047e-15,1.4631591815160379e-15,False
1350,476,477,0.5686505500000001,-0.10580291,other,-0.0022449784659401015,-0.002333999142375997,-0.015392363398358847,-0.015560623224854138,nan,nan,0.0,0.0,False
1351,476,479,0.5063105,-0.11885195,other,-0.0024844069974731047,-0.0025576530975954547,-0.015654464413146697,-0.015986154207437868,-0.014282856962529704,-0.014852171851220593,2.970564903502688e-14,2.933250040950312e-14,False
1352,475,479,0.45804285,-0.125,other,-0.002841673346116078,-0.0029707074090003453,-0.01638841863879562,-0.01666251129949699,-0.03620009838781365,-0.034248803820928965,4.811771632906081e-16,4.3544064698729145e-16,False
1353,477,478,0.6309906000000001,-0.10580291,other,-0.0018954389157054994,-0.001977917913897287,-0.014757553056767039,-0.015091626284995531,-0.012533231135411969,-0.013455900852769912,2.4565609811878347e-14,2.414711148506336e-14,False
1354,476,478,0.5686505500000001,-0.11270390000000001,other,-0.00214341615711802,-0.002281666628567692,-0.015427500955737293,-0.015603816458083706,-0.018720556106506792,-0.018339702024333698,1.6229855605457685e-15,1.583378515934887e-15,False
1355,478,479,0.5686505500000001,-0.11885195,other,-0.0021234266566373494,-0.0022013650950481406,-0.015454638661381978,-0.015627847066168637,nan,nan,0.0,0.0,False
1356,479,480,0.45804285,-0.13111695,other,-0.002782745184869851,-0.0028306263674072168,-0.016414444931410307,-0.016654414315445516,nan,nan,0.0,0.0,False
1357,480,481,0.3724033,-0.14630939999999998,other,-0.0035286658071778743,-0.003529737184132198,-0.01737076255084088,-0.017731004303800535,nan,nan,0.0,0.0,False
1358,481,482,0.30609574999999994,-0.16884999999999997,other,-0.0040112596439239815,-0.0039496283207575795,-0.017962514459042855,-0.018293286018032994,nan,nan,0.0,0.0,False
1359,482,483,0.25475625,-0.20229290000000003,other,-0.0036994612898558392,-0.003311084394245928,-0.017805112259143333,-0.018274202290129844,nan,nan,0.0,0.0,False
1360,0,759,0.6309906000000001,0.012296135000000001,other,-0.0028174418413008024,-0.0031450375518262286,-0.014095310740069275,-0.014428195871386648,-0.01068756551857954,-0.011519127872686642,2.710526783809921e-14,2.886867435614096e-14,False
1361,0,760,0.5686505500000001,0.012296135000000001,other,-0.003447736360689559,-0.0039048349375753835,-0.014380051498805753,-0.014731038426907574,nan,nan,0.0,0.0,False
1362,759,760,0.5686505500000001,0.024592270000000003,other,-0.0035476142679206025,-0.0038865186655303295,-0.014218391957086665,-0.014509559448386253,-0.016648051110112375,-0.016581853491297552,5.9430287663035004e-15,5.957244705753037e-15,False
1363,1,759,0.7115058500000001,0.012296135000000001,other,-0.002400966313873507,-0.0024163766124267365,-0.013755054276961375,-0.014290491212600074,nan,nan,0.0,0.0,False
1364,759,1177,0.6309906000000001,0.03554688500000001,other,-0.0030036536783471387,-0.0032206136828686633,-0.013900465819227489,-0.014052540674560713,-0.010251662696895215,-0.010999088227135564,2.697480681941484e-14,2.662986200935409e-14,False
1365,1176,1177,0.7115058500000001,0.03554688500000001,other,-0.002543110210824653,-0.0023683684153021647,-0.013578424422349236,-0.014087715161206986,nan,nan,0.0,0.0,False
1366,759,1176,0.7115058500000001,0.024592270000000003,other,-0.002461323697990738,-0.00227469763754665,-0.013672076382371142,-0.014218744286435343,-0.014782758887402363,-0.014621163564076663,5.812127960176771e-15,5.825462752103098e-15,False
1367,64,760,0.5063105,0.012296135000000001,other,-0.004160979309678361,-0.004677843942391102,-0.014722688758250113,-0.0150325868992797,-0.011589627973340367,-0.0122395267658777,3.501063328638209e-14,3.6753647276805966e-14,False
1368,64,820,0.45804285,0.012296135000000001,other,-0.005185490617081147,-0.005888149403700203,-0.015117958025144613,-0.015430240021619432,nan,nan,0.0,0.0,False
1369,760,820,0.45804285,0.024592270000000003,other,-0.005366079899707052,-0.005857863655056932,-0.01480569593509056,-0.015192123418733834,-0.020206678377183214,-0.020265114153580347,6.142880262452455e-15,6.15986069055079e-15,False
1370,760,761,0.5063105,0.03554688500000001,other,-0.004482108240315894,-0.004812386183824992,-0.014419390482049287,-0.014579272049948853,-0.010921985993923198,-0.01129686491601361,3.481124117259034e-14,3.449519509254145e-14,False
1371,759,761,0.5686505500000001,0.03554688500000001,other,-0.0036923897425997403,-0.004050960029383819,-0.014110482159484402,-0.014318712280532539,nan,nan,0.0,0.0,False
1372,760,762,0.45804285,0.03554688500000001,other,-0.005615293434278192,-0.00615579104072424,-0.014670437009194485,-0.014859218927849346,nan,nan,0.0,0.0,False
1373,761,762,0.45804285,0.04650150000000001,other,-0.005765413918749849,-0.0063211042165529805,-0.014384385998856263,-0.014723531421689594,-0.019264947942635804,-0.01931792606857301,6.233606074541685e-15,6.2689489053143686e-15,False
1374,761,1178,0.5063105,0.056260945,other,-0.004768910258622715,-0.00512300731539118,-0.014115846662184331,-0.01425347950838614,-0.01029056895489757,-0.010614891671592411,3.433139242989352e-14,3.401543818992319e-14,False
1375,1177,1178,0.5686505500000001,0.056260945,other,-0.003908900568222255,-0.004290560248972228,-0.013855665186978665,-0.01403616538162365,nan,nan,0.0,0.0,False
1376,761,1177,0.5686505500000001,0.04650150000000001,other,-0.0037759625435025636,-0.004145018787622186,-0.013970723800032161,-0.014225133606598063,-0.01625079668569694,-0.016168557133389723,5.75332511166386e-15,5.781878655240343e-15,False
1377,762,763,0.4097752,0.056260945,other,-0.007392744841452363,-0.007937456666545013,-0.01449221263753836,-0.014631485258283151,-0.011460647380022955,-0.011651267797104523,3.995129885222523e-14,3.958723682314007e-14,False
1378,761,763,0.45804285,0.056260945,other,-0.005997814356206142,-0.006588428553060926,-0.014226380225576117,-0.014377701278856769,nan,nan,0.0,0.0,False
1379,762,820,0.4097752,0.03554688500000001,other,-0.006877192260872111,-0.00737031492831848,-0.01504027236555576,-0.015201026659254314,-0.01241806921715864,-0.012676933538846054,4.071654242124497e-14,4.034061350442777e-14,False
1380,819,820,0.3724033,0.03554688500000001,other,-0.008624395793614972,-0.009442218834629689,-0.015349970074506317,-0.015425279946795118,nan,nan,0.0,0.0,False
1381,762,819,0.3724033,0.04650150000000001,other,-0.008922529626610748,-0.009742637433730404,-0.014800069680513008,-0.015200109860827768,-0.023870848444352877,-0.02400793552784826,6.99925909528358e-15,7.0318450199191695e-15,False
1382,762,764,0.3724033,0.056260945,other,-0.009332819316976933,-0.010263901781835777,-0.014543420133062068,-0.014530243914630023,nan,nan,0.0,0.0,False
1383,763,764,0.3724033,0.06602038999999998,other,-0.00958277455530889,-0.010533680984029218,-0.01403091986484073,-0.014309160945763299,-0.022208445071958054,-0.02230181986846986,7.188621673663917e-15,7.231533053429707e-15,False
1384,763,1179,0.4097752,0.07471507499999999,other,-0.007853452590703565,-0.008443036040257965,-0.013938424478956624,-0.014059695792419535,-0.010561443066542933,-0.010686104033882749,3.8903506983913854e-14,3.8544545928797125e-14,False
1385,1178,1179,0.45804285,0.07471507499999999,other,-0.006334862746086984,-0.006971243251367482,-0.01380197564585925,-0.013904197145708853,nan,nan,0.0,0.0,False
1386,763,1178,0.45804285,0.06602038999999998,other,-0.006120946620367468,-0.006734799873592447,-0.013975427126606071,-0.014249128964212281,-0.018452320616196262,-0.018477513182136612,6.140443957738418e-15,6.186226312796802e-15,False
1387,764,765,0.3350313999999999,0.07471507499999999,other,-0.012398110739600413,-0.013351284193101658,-0.013598661653006456,-0.013693681387627256,-0.012237379717376779,-0.012272637303184415,4.224732970113902e-14,4.1826747555216255e-14,False
1388,763,765,0.3724033,0.07471507499999999,other,-0.00996651399318323,-0.011008124829121965,-0.013735340179106825,-0.013606202510143951,nan,nan,0.0,0.0,False
1389,764,819,0.3350313999999999,0.056260945,other,-0.011504441499389796,-0.012349869544641127,-0.014703878646135222,-0.014811774744123785,-0.013544956970518843,-0.013663182508891935,4.381784873762841e-14,4.336577755346618e-14,False
1390,818,819,0.30609574999999994,0.056260945,other,-0.014448396538477293,-0.015955513079063177,-0.014484780523768835,-0.013997777537782393,nan,nan,0.0,0.0,False
1391,764,818,0.30609574999999994,0.06602038999999998,other,-0.015012690673313603,-0.016484290840204155,-0.013442605698863063,-0.013596537425196708,-0.026818295784532015,-0.026786051298993592,8.759490565891214e-15,8.767859592433892e-15,False
1392,764,766,0.30609574999999994,0.07471507499999999,other,-0.01573204061601988,-0.017517979563294837,-0.012873331352957623,-0.012046728270048258,nan,nan,0.0,0.0,False
1393,765,766,0.30609574999999994,0.08340976,other,-0.016223694048073712,-0.01800002874179559,-0.01187003585333883,-0.011649500581794422,-0.024479517501846192,-0.024379099724777135,8.904838312852636e-15,8.915755970826092e-15,False
1394,765,1180,0.3350313999999999,0.09115584,other,-0.01320536013906976,-0.014251896564929279,-0.012469233946834888,-0.012560035579628247,-0.011030915196203219,-0.010987961613296883,4.0460296846269427e-14,4.006316600052328e-14,False
1395,1179,1180,0.3724033,0.09115584,other,-0.010525137324780815,-0.011667536808296085,-0.012957726113787309,-0.012688874833190342,nan,nan,0.0,0.0,False
1396,765,1179,0.3724033,0.08340976,other,-0.010171981168530481,-0.011246908282900304,-0.013277977879921063,-0.013395057305466076,-0.020837166816348174,-0.020873528931930917,7.117475604088053e-15,7.164996701452695e-15,False
1397,766,767,0.2771601,0.09115584,other,-0.021339198360081524,-0.0231792383294248,-0.009328790307097299,-0.009330943715156161,-0.013385966058006949,-0.013244776345306826,4.132939059110436e-14,4.09091550797431e-14,False
1398,765,767,0.30609574999999994,0.09115584,other,-0.016903441452145083,-0.01895899743462667,-0.011230851005489395,-0.00999036924883713,nan,nan,0.0,0.0,False
1399,766,818,0.2771601,0.07471507499999999,other,-0.019568812403764423,-0.021166730798010902,-0.011891909946041059,-0.011858182763763275,-0.014965008006512895,-0.014913307121684698,4.374170690875124e-14,4.32668209340901e-14,False
1400,817,818,0.25475625,0.07471507499999999,other,-0.024745190717510177,-0.027882739810632138,-0.009891842151837749,-0.007266627912862839,nan,nan,0.0,0.0,False
1401,766,817,0.25475625,0.08340976,other,-0.026012279173525863,-0.028942776240960144,-0.007561793778461856,-0.0064792362506796985,-0.028089496794105006,-0.02759587933004774,1.1317446880559097e-14,1.1250366276071832e-14,False
1402,766,768,0.25475625,0.09115584,other,-0.027436347366517275,-0.031107221173924542,-0.006143804767465566,-0.002527419404466258,nan,nan,0.0,0.0,False
1403,767,768,0.25475625,0.09890191999999999,other,-0.02856774310334832,-0.03209321231823782,-0.0038721935057774636,-0.0017346952155334605,-0.025270146085459192,-0.02495061964627524,1.1244962032251413e-14,1.1176100959224778e-14,False
1404,767,1181,0.2771601,0.10580291,other,-0.022963088534028536,-0.02497266530069419,-0.006674498870314038,-0.006758406349632541,-0.011977241656320551,-0.011781812032023628,3.8817456126907325e-14,3.8439958061001686e-14,False
1405,1180,1181,0.30609574999999994,0.10580291,other,-0.017937213589612328,-0.02020062297158109,-0.009643020075384675,-0.00795891966161477,nan,nan,0.0,0.0,False
1406,767,1180,0.30609574999999994,0.09890191999999999,other,-0.01731238067468141,-0.019386971999730714,-0.01031991132750644,-0.009609860890472778,-0.022551156979018258,-0.022392704296906814,8.732751658080871e-15,8.747829383330268e-15,False
1407,768,769,0.23235240000000004,0.10580291,other,-0.03868518633295734,-0.04183263861297908,0.005448239961772933,0.005171059797406248,-0.015838787848502848,-0.016117780278182555,3.739799229259427e-14,3.6944016981697614e-14,False
1408,767,769,0.25475625,0.10580291,other,-0.029932117272605103,-0.033729751019823395,-0.00230894357666343,0.0019764039158955866,nan,nan,0.0,0.0,False
1409,768,817,0.23235240000000004,0.09115584,other,-0.03482953166239156,-0.0379665083066365,-0.0007818059608930365,-0.0005895621459924311,-0.017323784263919034,-0.017273168388895404,4.0389700429795556e-14,3.993362837336991e-14,False
1410,816,817,0.21500590000000003,0.09115584,other,-0.04478633966891242,-0.048015222730387386,0.006306722398101644,0.010447011750691739,nan,nan,0.0,0.0,False
1411,768,816,0.21500590000000003,0.09890191999999999,other,-0.047402096253971925,-0.05024573540709936,0.010919916426955244,0.012312094773230925,-0.027433187670339355,-0.028762468137981237,1.42369236908285e-14,1.3997145794471721e-14,False
1412,768,770,0.21500590000000003,0.10580291,other,-0.050491454089688304,-0.050128595281306726,0.014422231461550007,0.015662016488811933,nan,nan,0.0,0.0,False
1413,769,770,0.21500590000000003,0.11270390000000001,other,-0.05192078712274241,-0.05181082447511625,0.017346796024641842,0.01754861294752155,-0.024812361212337868,-0.027130980729003707,1.3925192877657291e-14,1.3693210674452824e-14,False
1414,769,1182,0.23235240000000004,0.11885195,other,-0.04157374488947208,-0.04422261257792977,0.010747728153129008,0.010293548644750255,-0.014388967622760176,-0.015209279333896325,3.435030015521355e-14,3.37980897234266e-14,False
1415,1181,1182,0.25475625,0.11885195,other,-0.031945003514223316,-0.035268309931107425,0.001189266213031533,0.005899964934295506,nan,nan,0.0,0.0,False
1416,769,1181,0.25475625,0.11270390000000001,other,-0.03079794555527076,-0.03457273848143909,-0.0003895192457186175,0.0027404500354174448,-0.022819720464367546,-0.022861427587162288,1.0877255697214452e-14,1.0820001788702388e-14,False
1417,770,771,0.19765939999999999,0.11885195,other,-0.059809549899957244,-0.05746179099448827,0.026192353692324002,0.025061770944809776,-0.018055612265847197,-0.022890166449423807,3.128872617273345e-14,3.03742964263527e-14,False
1418,769,771,0.21500590000000003,0.11885195,other,-0.054078201709439895,-0.04921239787400804,0.02042250245913462,0.018240381510446817,nan,nan,0.0,0.0,False
1419,770,816,0.19765939999999999,0.10580291,other,-0.06054747374351236,-0.060249020751360134,0.02302042266411548,0.02167289283250371,-0.02097866834321173,-0.02389296425498833,3.4567772323956284e-14,3.3851252259641265e-14,False
1420,815,816,0.18422864999999997,0.10580291,other,-0.07144141931839128,-0.05574367923903819,0.029376011349161128,0.02280770425423193,nan,nan,0.0,0.0,False
1421,770,815,0.18422864999999997,0.11270390000000001,other,-0.06604559484000748,-0.05560537365655009,0.02795545683984054,0.025535388257215488,-0.029311253557313358,-0.03135748586998691,1.7204519745966138e-14,1.6969382748113135e-14,False
1422,770,772,0.18422864999999997,0.11885195,other,-0.06283116306525308,-0.04724694095161818,0.027691657553376586,0.02324186387346497,nan,nan,0.0,0.0,False
1423,771,772,0.18422864999999997,0.125,other,-0.05494775534179381,-0.0447708900328715,0.025576658850175356,0.02415926930238094,-0.02567834952986493,-0.026271132484609813,1.834907602294133e-14,1.7977349730981477e-14,False
1424,771,1183,0.19765939999999999,0.13111695,other,-0.05376169471471655,-0.0510977860067248,0.02569983837083152,0.024986341434405073,-0.015218581655387352,-0.021616950342406974,2.7193937663751614e-14,2.5786283332535208e-14,False
1425,1182,1183,0.21500590000000003,0.13111695,other,-0.05510811455549219,-0.046174459468966526,0.02385879457144473,0.018485940983094168,nan,nan,0.0,0.0,False
1426,771,1182,0.21500590000000003,0.125,other,-0.054045880683859786,-0.04993880854325238,0.021795179463737647,0.020073863803924025,-0.022538076934722352,-0.02478436896112231,1.4254007523230446e-14,1.4085901477541519e-14,False
1427,772,773,0.1707979,0.13111695,other,-0.031429073681835236,-0.03022682158296049,0.019090289015931024,0.020357112984434673,-0.03173070130072079,-0.029572454335208918,2.2398417146541174e-14,2.2886977158088138e-14,False
1428,771,773,0.18422864999999997,0.13111695,other,-0.04808067865419792,-0.03941955396362957,0.0229094277635898,0.02369965597157262,nan,nan,0.0,0.0,False
1429,772,815,0.1707979,0.11885195,other,-0.047770536029550954,-0.04338235964536882,0.022344345592090736,0.024727804255941527,-0.02883228891245196,-0.031054416486908997,2.660736424521766e-14,2.6962120808074982e-14,False
1430,814,815,0.16039894999999998,0.11885195,other,-0.02586200657238765,-0.03186057446437295,0.01040802118988602,0.0238027529404341,nan,nan,0.0,0.0,False
1431,772,814,0.16039894999999998,0.125,other,-0.01905552377173756,-0.024054012061115963,0.010180631240039114,0.01831286054039653,-0.023354451784832402,-0.024754217511874073,2.2558533320440282e-14,2.2292411697649438e-14,False
1432,772,774,0.16039894999999998,0.13111695,other,-0.008918519254053044,-0.020406243699386043,-0.004114596669682957,0.01945947292040883,nan,nan,0.0,0.0,False
1433,773,774,0.16039894999999998,0.1372339,other,-0.005500330396484854,-0.015260321723181768,-0.004903483180879632,0.015627383752465456,-0.019736885629158825,-0.020519215381594652,2.9694193667137995e-14,2.9980740550023845e-14,False
1434,773,1184,0.1707979,0.14630939999999998,other,-0.020715345097865375,-0.019924173606450764,0.0163574672965488,0.015906256445628635,-0.03421959340125288,-0.027830648254358555,1.7859434233333245e-14,1.7999619397479316e-14,False
1435,1183,1184,0.18422864999999997,0.14630939999999998,other,-0.030988414604489103,-0.030417184540074117,0.015467565878247574,0.02112236684909211,nan,nan,0.0,0.0,False
1436,773,1183,0.18422864999999997,0.1372339,other,-0.03893155652528392,-0.03587059397316171,0.019612193153834268,0.022120512971314562,-0.019364760608108295,-0.020948173159494737,2.515353280633973e-14,2.412989683933442e-14,False
1437,774,775,0.15,0.14630939999999998,other,-0.0013512543286330525,-0.0033706748374902227,-0.014111044716844575,-0.00887583270749229,-0.026044306570650825,-0.005438371895309671,2.336218137000192e-14,1.1160244409925366e-13,False
1438,773,775,0.16039894999999998,0.14630939999999998,other,-0.0021996025742185505,-0.01334925795029119,-0.014206792898915705,0.017515191265345995,nan,nan,0.0,0.0,False
1439,774,814,0.15,0.13111695,other,-0.004807580591276775,-0.009348900050663266,-0.004365110192132195,0.0015441604188217565,-0.031220344015532968,-0.019570344902982838,2.7462119014833312e-14,4.217517591260867e-14,False
1440,813,814,0.13964849999999998,0.13111695,other,-0.00016101055599387822,-0.0071825371625119675,-0.026286641320956226,0.004325829924276173,nan,nan,0.0,0.0,False
1441,774,813,0.13964849999999998,0.1372339,other,-9.768733820014659e-05,-0.002899714171078933,-0.02633940883314011,-0.007811857047043475,-0.024652525297231775,-0.004486981969646607,3.3962450096496314e-14,1.9328419245829442e-13,False
1442,774,776,0.13964849999999998,0.14630939999999998,other,-9.056406330224556e-06,-0.0029459153172020883,-0.02450293650243592,-0.0074790240209238095,nan,nan,0.0,0.0,False
1443,775,776,0.13964849999999998,0.1553849,other,-4.977440250576635e-06,-0.0007346155019958353,-0.024646953064647932,-0.014882334237005981,-0.019636880120990526,-0.002113910069054068,5.465103546188774e-14,5.174248494073862e-13,False
1444,775,1185,0.15,0.16884999999999997,other,-0.00019372328713603357,-0.0007638033233413283,-0.018163099773466418,-0.015124120884787305,-0.02132224369481969,-0.0029786902593034463,1.6756913254826486e-14,1.2695165394635296e-13,False
1445,1184,1185,0.16039894999999998,0.16884999999999997,other,-0.0002693593537902454,-0.007780514777107365,-0.018142803026810945,0.011441879274113631,nan,nan,0.0,0.0,False
1446,775,1184,0.16039894999999998,0.1553849,other,-0.0011643649493571226,-0.008265394586175624,-0.014183715452869464,0.010367856280388466,-0.0193586396366058,-0.012332036921410121,4.227758967895771e-14,6.300496619499967e-14,False
1447,776,777,0.129297,0.16884999999999997,other,-1.4807673250016953e-07,-3.0582766150637176e-06,-0.019631148484661562,-0.0243237542630792,-0.0006571387691878965,-0.01052497820873376,9.0743666438429e-13,6.222474721503107e-13,False
1448,775,777,0.13964849999999998,0.16884999999999997,other,-2.066715587937036e-07,-0.0007655107244577347,-0.01912124904344487,-0.014822312905798486,nan,nan,0.0,0.0,False
1449,776,813,0.129297,0.14630939999999998,other,-5.478710462311068e-06,-5.720014890380255e-05,-0.024548547800332846,-0.026186567030498892,-0.004670838115859126,-0.002334845270225244,2.0837031860021382e-13,4.4957715530578304e-13,False
1450,812,813,0.11971285000000002,0.14630939999999998,other,-1.3247771582451025e-08,-6.176373664069268e-05,-0.004486031681286229,-0.02629924631346975,nan,nan,0.0,0.0,False
1451,776,812,0.11971285000000002,0.1553849,other,-6.924801696416497e-09,-3.322006033036399e-06,-0.004616348745301691,-0.024564168109219214,-0.0006577810760524939,-0.002416269996834394,2.247618663711494e-12,1.3625457959487516e-12,False
1452,776,778,0.11971285000000002,0.16884999999999997,other,-2.818970267516782e-10,-3.624372261687652e-06,-0.0006581516441956156,-0.024631438571547468,nan,nan,0.0,0.0,False
1453,777,778,0.11971285000000002,0.1823151,other,-1.189701403251875e-10,0.0,-0.000657091279429446,-0.015868515041551696,-0.0012002274768372612,-0.003284007212654188,1.1240433310689214e-12,1.4708456352542374e-12,False
1454,777,1186,0.129297,0.20229290000000003,other,-7.571135393151903e-09,0.0,-0.0025787580925521565,-0.015137300624931248,-0.0012661246089036365,-0.03247129221886169,2.6499156478690737e-13,6.96558597884463e-13,False
1455,1185,1186,0.13964849999999998,0.20229290000000003,other,-9.267036328064724e-09,-0.00010377238513062647,-0.002504526710649795,-0.0176886442590282,nan,nan,0.0,0.0,False
1456,777,1185,0.13964849999999998,0.1823151,other,-8.668599817854011e-08,-9.549588417760809e-05,-0.019613565267094936,-0.0176870175024235,-0.0025788472825286545,0.0006066670018117432,4.2149878446797106e-13,1.0315679659718053e-12,False
1457,778,779,0.11012870000000001,0.20229290000000003,other,-9.146646020258892e-14,0.0,-0.0011927084448278876,-0.0006694823206079539,-0.05911774391876716,-0.07176461102731982,7.335684312891662e-13,1.979863445967243e-12,False
1458,777,779,0.11971285000000002,0.20229290000000003,other,-1.0665461780080665e-13,0.0,-0.0012121898617313645,-0.015915752471944943,nan,nan,0.0,0.0,False
1459,778,812,0.11012870000000001,0.16884999999999997,other,-2.1187619682159887e-10,0.0,-0.0006577482912313243,-0.004092556394154399,-0.0018661739383685643,-0.03767874604494052,1.0036516164505276e-12,1.3619471251344536e-12,False
1460,811,812,0.101254935,0.16884999999999997,other,-5.303801066043111e-15,0.0,-0.0011822814107110566,-0.004206865255701807,nan,nan,0.0,0.0,False
1461,778,811,0.101254935,0.1823151,other,-2.1697367997449015e-15,0.0,-0.002781835573799337,-0.0006689824008212368,0.03217152465884228,0.17413320759838516,1.3941437577833355e-12,1.4754396182243526e-12,False
1462,778,780,0.101254935,0.20229290000000003,other,0.0,0.0,-0.03229197709976783,-0.0006705209306689065,nan,nan,0.0,0.0,False
1463,779,780,0.101254935,0.22227070000000004,other,0.0,0.0,-0.060162342748328955,-0.001607973159606862,0.05623736691140537,-0.05385822110228851,3.327571934749562e-12,3.381358749118459e-12,True
1464,779,785,0.11012870000000001,0.25191125000000003,other,-4.339473599489794e-16,0.0,0.0005080794239803037,-0.0011569546569042705,-0.08401379247604349,-0.0882426691595561,2.3485095615676582e-12,2.2050982158659487e-12,False
1465,785,1186,0.11971285000000002,0.25191125000000003,other,-4.339473599489794e-16,0.0,-0.0003352981128355833,-0.0022053712940753017,nan,nan,0.0,0.0,False
1466,779,1186,0.11971285000000002,0.22227070000000004,other,-3.1485291782965965e-14,0.0,-0.001330332545405921,-0.002205251469756112,0.0008838194288186455,-0.038476613978805536,4.94259602666759e-12,3.9167549652063135e-12,True
1467,780,781,0.09238117,0.25191125000000003,other,0.0,0.0,-0.08620195829757166,-0.33169461020622387,-0.09667735994834223,-0.09880162646068523,5.4317635870797784e-12,4.59139330770149e-12,True
1468,779,781,0.101254935,0.25191125000000003,other,-1.446491199829931e-16,0.0,-0.07582020697710025,-0.0026918216447348103,nan,nan,0.0,0.0,False
1469,780,811,0.09238117,0.20229290000000003,other,0.0,0.0,-0.048737744481188415,-0.006545863556633333,-0.09658175823204253,-0.09735461873000006,2.9009625346865847e-12,4.360683332593326e-12,True
1470,810,811,0.08416518999999999,0.20229290000000003,other,0.0,0.0,-0.09910774451049284,-0.0047841753829954235,nan,nan,0.0,0.0,False
1471,780,810,0.08416518999999999,0.22227070000000004,other,0.0,0.0,-0.0948370043851911,-0.19061354926433244,0.5227542877692682,0.041975111202989246,7.97210427641208e-13,1.8963442971916536e-12,False
1472,780,782,0.08416518999999999,0.25191125000000003,other,0.0,0.0,-0.0978374064992835,-0.213017108632862,nan,nan,0.0,0.0,False
1473,781,782,0.08416518999999999,0.2815518,other,0.0,0.0,-0.1006960240992515,-0.32603021596607656,-0.04353069894245919,-0.12905147476197992,2.787402715184873e-12,3.349434197224177e-12,True
1474,782,783,0.07594920999999999,0.2907759,other,0.0,0.0,-0.11141326952590852,-0.12538206980148822,-0.10016883311449913,-0.09553502870337932,6.758990637181319e-12,5.482209789805371e-12,True
1475,781,783,0.08416518999999999,0.2907759,other,0.0,0.0,-0.10720262445793124,-0.24348296652391652,nan,nan,0.0,0.0,False
1476,783,784,0.08416518999999999,0.3,other,0.0,0.0,-0.10556658742532804,-0.048489135045539464,-0.06921987644884847,-0.3059764702669543,3.844666422075303e-12,3.5055251366325225e-12,True
1477,781,784,0.09238117,0.2907759,other,0.0,0.0,-0.09575119783356624,-0.3016779381050641,-0.09670889428368795,-0.06826532094485085,4.3671819052955395e-12,3.7512747635365716e-12,True
1478,782,808,0.06834223999999998,0.2907759,other,0.0,0.0,-0.10698031718063149,-0.16384524923746768,nan,nan,0.0,0.0,False
1479,783,808,0.06834223999999998,0.3,other,0.0,0.0,-0.09563924768269226,0.0,-0.08482912973919998,-0.240999957551759,7.31769741566841e-12,4.089512294048743e-12,True
1480,782,809,0.06834223999999998,0.2815518,other,0.0,0.0,-0.09906602946436777,-0.2631442123122088,-0.06922707636307887,0.02096371124874871,4.710828036231373e-12,2.981856039589641e-12,True
1481,808,809,0.060735269999999994,0.2907759,other,0.0,0.0,-0.10104498449783801,-0.22567243240067011,-0.1019374525139006,-0.11688330239148256,8.82800464025999e-12,6.870377252871037e-12,True
1482,782,810,0.07594920999999999,0.25191125000000003,other,0.0,0.0,-0.09781772097939728,-0.19620943358879217,-0.10101907916179423,-0.11262500774710484,8.682434401051814e-12,7.343849128697367e-12,True
1483,809,810,0.06834223999999998,0.25191125000000003,other,0.0,0.0,-0.10033937609652585,-0.24321541415579262,nan,nan,0.0,0.0,False
1484,783,804,0.07594920999999999,0.33475275000000004,other,0.0,0.0,-0.10302104909627294,0.0,-0.09888116478795592,-0.07970920442826222,3.285594227431533e-12,2.5368553118153815e-12,True
1485,784,804,0.08416518999999999,0.33475275000000004,other,0.0,0.0,-0.10144330412802052,-0.08062484041684706,nan,nan,0.0,0.0,False
1486,784,803,0.09238117,0.33475275000000004,other,0.0,0.0,-0.09198918490773601,-0.08053928702393964,-0.09683282079688395,-0.05498431307801879,2.3882899660946496e-12,2.068829304824541e-12,False
1487,786,803,0.101254935,0.33475275000000004,other,0.0,0.0,-0.09348036311625317,-0.27028699908692216,nan,nan,0.0,0.0,False
1488,784,786,0.101254935,0.3,other,0.0,0.0,-0.08676225567801742,-0.2238988073086004,-0.03825901912811641,-0.10297477973217847,1.865778365412048e-12,2.3256675229255985e-12,False
1489,781,785,0.101254935,0.2815518,other,0.0,0.0,-0.07959022602154932,-0.15399024781897355,-0.0071440931254323934,-0.22073124656795626,1.7228121113600246e-12,2.473679813615752e-12,True
1490,784,785,0.101254935,0.2907759,other,0.0,0.0,-0.08986876830825725,-0.05454688308719801,nan,nan,0.0,0.0,False
1491,785,786,0.11012870000000001,0.2907759,other,0.0,0.0,-0.04182413307406635,-0.10875349359612049,-0.0879299498798855,-0.09686633430843619,1.9731545423873806e-12,1.8192109327034393e-12,False
1492,786,800,0.11012870000000001,0.33475275000000004,other,2.8929823996598605e-16,0.0,-0.05371778049460908,-0.3417235823361107,-0.09251410565483043,-0.11359235798013463,1.1629611710034742e-12,9.958368260632503e-13,False
1493,788,800,0.11971285000000002,0.33475275000000004,other,4.821637332766433e-16,0.0,-0.03732084157769392,-0.0003018861556915713,nan,nan,0.0,0.0,False
1494,786,788,0.11971285000000002,0.3,other,0.0,0.0,-0.02600175294474393,-0.0003159759748348607,-0.0021172171903308342,0.15502599764891317,1.0555768076931145e-12,1.4303738413827487e-12,False
1495,785,787,0.11971285000000002,0.2815518,other,-1.446491199829931e-16,0.0,-0.01010452202183095,-0.0001745696151004969,0.009704642409203296,-0.19076707530866488,1.347426383961114e-12,1.3747081526303362e-12,False
1496,786,787,0.11971285000000002,0.2907759,other,0.0,0.0,-0.023343736521981334,-0.00017528254847149063,nan,nan,0.0,0.0,False
1497,787,788,0.129297,0.2907759,other,-2.2162173836384193e-12,0.0,-0.0003523645713986032,-0.00018242157046103837,-0.04463404850618282,-0.07928129960165306,4.0329598680035234e-13,4.865396853360935e-13,False
1498,787,1186,0.129297,0.25191125000000003,other,-2.1047686123420298e-10,0.0,-0.0001768804574547877,-0.002091565065437404,-0.008827646248005031,-0.05774166967051087,6.323154257127939e-13,6.689672829272656e-13,False
1499,788,799,0.129297,0.33475275000000004,other,-1.085543429100392e-12,0.0,-0.0003904181095052373,-0.0003233909309400141,-0.07105219418433988,-0.060257556649641233,2.2104714778154272e-13,2.8670170060483604e-13,False
1500,790,799,0.13964849999999998,0.33475275000000004,other,-1.7131759607086213e-12,0.0,-0.0004169872324641846,-0.005672572851653464,nan,nan,0.0,0.0,False
1501,788,790,0.13964849999999998,0.3,other,-3.131315933029795e-12,0.0,-0.0003875697166249412,-0.005671714766231041,-0.00039012563351011607,-0.06695416803300723,8.733176511287056e-13,6.613517302422693e-13,False
1502,787,789,0.13964849999999998,0.2815518,other,-1.1678781905141176e-10,0.0,-0.00017459233849129088,-0.009788445877854103,-0.0003521971962840769,0.05326587060685901,1.1183823596916793e-12,1.3069496666879425e-12,False
1503,788,789,0.13964849999999998,0.2907759,other,-4.7920806959430155e-12,0.0,-0.0003602937648427505,-0.009809168679147159,nan,nan,0.0,0.0,False
1504,789,790,0.15,0.2907759,other,-3.2037913114567116e-08,0.0,-0.00612441806311068,-0.007933822875994034,-0.0003088501296620158,-0.001115161419585181,4.16680266446772e-14,1.0916440439973549e-13,False
1505,789,1187,0.15,0.25191125000000003,other,-2.4014189499665535e-07,-4.42821973443068e-06,-0.012088532643739415,-0.01589281837551735,-0.00017395188852868698,-0.0035414414261264325,2.384672014672582e-13,1.843320917617432e-13,False
1506,787,1187,0.13964849999999998,0.25191125000000003,other,-2.621281208094606e-10,-5.614482581036365e-06,-0.00017941208162098866,-0.01624397936339214,nan,nan,0.0,0.0,False
1507,790,796,0.15,0.33475275000000004,other,-3.1644324903540784e-08,0.0,-0.005175376069481749,-0.004908234183119157,-0.00035166428247412033,-0.001909312420323722,1.810057601207587e-14,4.286944730955996e-14,False
1508,792,796,0.16039894999999998,0.33475275000000004,other,-5.2617866496206246e-08,-0.00013629459274899243,-0.004384586321156597,-0.007826012708354447,nan,nan,0.0,0.0,False
1509,790,792,0.16039894999999998,0.3,other,-7.636501532770771e-08,-0.00013377520663638862,-0.005175466185291385,-0.007825912801587181,-0.0051756458445604,-0.0011613867676469837,6.421665302563381e-14,2.6096682227647813e-13,False
1510,789,791,0.16039894999999998,0.2815518,other,-1.349746864990552e-07,-0.00019117551221914356,-0.010709428110470846,-0.008361519852555973,-0.006125641167154746,-0.0011503940992727507,5.923677812078956e-14,3.473613515066017e-13,False
1511,790,791,0.16039894999999998,0.2907759,other,-7.624365720197112e-08,-0.00018279275085806372,-0.005649447634312617,-0.008359974425093276,nan,nan,0.0,0.0,False
1512,791,792,0.1707979,0.2907759,other,-0.0002951956575577753,-0.00029200065669804967,-0.008436311939763986,-0.008129098554491765,0.5150670957320048,-0.005289067221244676,1.2164851834101582e-17,3.128947831403723e-15,False
1513,791,1203,0.1707979,0.25191125000000003,other,-0.0010203685467427065,-0.0012941475404138606,-0.009409745628359783,-0.0074711687863407384,-0.014248566625029232,-0.0020597426355046843,2.1245196762431033e-15,2.0558975860876198e-14,False
1514,789,1203,0.16039894999999998,0.25191125000000003,other,-3.168145713558844e-07,-0.0012683212667088386,-0.01135668773204565,-0.007187450455264629,nan,nan,0.0,0.0,False
1515,791,793,0.18422864999999997,0.2815518,other,-0.0007128580722802307,-0.003854994387873036,-0.00892463947889041,0.010145668315461006,-0.00917020620253953,-0.00822141459880064,3.6506378101404386e-14,4.178452185258969e-14,False
1516,792,793,0.18422864999999997,0.2907759,other,-0.0005435267291047844,-0.00377397978798114,-0.008253148273326258,0.010379787930427748,-0.009001143516298039,-0.007276573142693497,3.236501716081069e-14,3.730029837786058e-14,False
1517,793,794,0.19765939999999999,0.32552865000000003,other,-0.01133893420594737,-0.006634317397598914,0.009263362770272631,0.009370478209343093,-0.02456478966045444,-0.008054402095001722,1.6677988630867155e-16,9.430415053726606e-16,False
1518,794,1117,0.21500590000000003,0.32552865000000003,other,-0.01716888844600707,-0.015609756926655494,0.008842631862425822,0.015671851982778366,nan,nan,0.0,0.0,False
1519,793,1117,0.21500590000000003,0.2815518,other,-0.01903054064239391,-0.01624872635888245,0.010183921222680602,0.016254129136688573,-0.008521557347893336,-0.008761466176924151,6.69321379500525e-14,6.554052314163458e-14,False
1520,793,1204,0.19765939999999999,0.25191125000000003,other,-0.01815813418824531,-0.012273545189546944,0.01758107321911805,0.015964753495062586,-0.028131416382118066,-0.013732038406455298,2.095765305471584e-15,2.9927785268016033e-15,False
1521,791,1204,0.18422864999999997,0.25191125000000003,other,-0.001249243484347548,-0.00893808496200567,-0.009206531636447537,0.017966054459146102,nan,nan,0.0,0.0,False
1522,792,794,0.18422864999999997,0.33475275000000004,other,-0.0004849849881897621,-0.0031777604206795133,-0.007724883525642159,0.006471789198896152,-0.007460765261489569,-0.007901131292655794,5.8370023114250405e-15,6.005363124026247e-15,False
1523,794,1115,0.19765939999999999,0.43475275,other,-0.009348968601611864,-0.007329560863864393,0.007342696230868858,0.006769282722115503,-0.023878942418914053,-0.008020468820943826,2.5181590103580454e-17,3.885559404187745e-16,False
1524,1115,1116,0.21500590000000003,0.43475275,other,-0.014990536163854483,-0.015394293452513592,0.007394031169767523,0.014268914850338677,nan,nan,0.0,0.0,False
1525,794,1116,0.21500590000000003,0.36950550000000004,other,-0.015568619413436914,-0.013999776633154543,0.007721342103912313,0.014398184069591995,-0.007370800110257116,-0.0073650705222723795,7.890843524856703e-14,8.106428293742729e-14,False
1526,792,795,0.1707979,0.33475275000000004,other,-0.00021896855166841987,-0.00019694694237308165,-0.006962447482351115,-0.007402865853800942,-0.007513972849450446,-0.0035960127840803323,1.003411400235261e-15,2.4647552534223254e-15,False
1527,795,796,0.16039894999999998,0.36950550000000004,other,-3.043280888008146e-08,-8.107770433904084e-05,-0.0025287583834488585,-0.006775614321263478,-0.002443226623501598,-0.0013447427226657563,2.2621602569610467e-13,3.942605183528712e-13,False
1528,794,795,0.18422864999999997,0.36950550000000004,other,-0.00042024317878722455,-0.003151807022049298,-0.006963177905494026,0.006729244357684404,-0.007396089807545727,-0.005236767715869551,7.323000969158788e-14,1.037529813004697e-13,False
1529,795,1114,0.1707979,0.43475275,other,-0.00021862672205234834,-0.00018453389469740895,-0.006962278829728401,-0.006511074134859329,-0.002500386059269098,-0.0043629386822212545,1.5773024467466497e-16,4.633441687621372e-16,False
1530,794,1114,0.18422864999999997,0.43475275,other,-0.0004079476470254949,-0.003133738503034157,-0.0067610465291581,0.0068025982548818465,nan,nan,0.0,0.0,False
1531,796,799,0.13964849999999998,0.36950550000000004,other,-5.737266262262571e-13,0.0,-0.0005271485899682964,-0.00299926884437424,-0.000549563987611326,-0.3066351012669979,1.0188402060191015e-12,5.607995611752335e-13,False
1532,796,797,0.15,0.43475275,other,-1.2448479239526601e-08,0.0,-0.0024430070366680354,-0.0025758053446695637,0.005034305272134013,-0.00865545630482935,6.98880353870905e-17,9.21491181469362e-15,False
1533,795,797,0.16039894999999998,0.43475275,other,-3.364093416641407e-08,-7.887442957146262e-05,-0.0024269706380021395,-0.0067756148381829355,nan,nan,0.0,0.0,False
1534,796,798,0.13964849999999998,0.43475275,other,-5.26860311351708e-13,0.0,-0.0005101730770023657,-0.0029994072462980366,nan,nan,0.0,0.0,False
1535,797,798,0.13964849999999998,0.5,other,-5.299461592446823e-13,0.0,-0.0004697748675166602,-0.002044568227034531,-0.0004686606134662747,-0.6961962444192927,6.561094727569956e-13,1.0850689563147214e-13,False
1536,798,799,0.129297,0.43475275,other,-1.9180473309749117e-13,0.0,-0.0005511794638699738,-0.00043398088746063443,-0.08906056184898026,-0.006122012304029805,3.3003180125957654e-14,7.742375388257078e-14,False
1537,799,801,0.11971285000000002,0.43475275,other,0.0,0.0,-0.00558289231150508,-0.0004444479425470503,nan,nan,0.0,0.0,False
1538,798,801,0.11971285000000002,0.5,other,0.0,0.0,-0.00760776922615011,-0.00042254988710863594,-0.005151901911725858,-0.17227180451605065,6.891309452242758e-13,1.671290540526104e-12,False
1539,799,800,0.11971285000000002,0.36950550000000004,other,4.821637332766433e-16,0.0,-0.029231784004068388,-0.0004548025660824054,-0.01171488912727266,0.13436349822279275,1.2069483061371646e-12,3.3014908446513346e-12,True
1540,800,803,0.101254935,0.36950550000000004,other,3.857309866213147e-16,0.0,-0.1028743997950865,-0.1203173938477126,-0.04972558508406431,-0.010966628098762836,2.198208645215073e-12,4.3921826685796e-12,True
1541,800,801,0.11012870000000001,0.43475275,other,3.857309866213147e-16,0.0,-0.009750988805858096,-0.04760915158815774,-0.09604118883643828,-0.11171946417360215,1.7167279481664994e-13,2.808098009749596e-13,False
1542,800,802,0.101254935,0.43475275,other,1.9286549331065737e-16,0.0,-0.0940844607095367,-0.10701052045977605,nan,nan,0.0,0.0,False
1543,801,802,0.101254935,0.5,other,0.0,0.0,-0.043603626654630384,-0.007464339793938877,-0.024889600975582786,0.07295679795650824,8.606613639964727e-13,3.2832862943474723e-12,True
1544,802,803,0.09238117,0.43475275,other,0.0,0.0,-0.10137135111615028,0.0,-0.09745107162868218,-0.15858195819152054,3.312670827676798e-13,6.48625876332879e-13,False
1545,803,805,0.08416518999999999,0.43475275,other,0.0,0.0,-0.025557765313163838,0.0,nan,nan,0.0,0.0,False
1546,802,805,0.08416518999999999,0.5,other,0.0,0.0,-0.050318602806414536,0.0,-0.046268876527211567,-1.053467784643654,1.1920659900859682e-12,8.824517691732135e-14,False
1547,803,804,0.08416518999999999,0.36950550000000004,other,0.0,0.0,-0.07144115825417065,0.0,-0.07307628200944734,-0.48841951618278506,4.2554355822942904e-12,3.196511018796377e-12,True
1548,783,807,0.06834223999999998,0.33475275000000004,other,0.0,0.0,-0.09691001300805639,0.0,nan,nan,0.0,0.0,False
1549,804,807,0.06834223999999998,0.36950550000000004,other,0.0,0.0,-0.11150669783124773,0.0,-0.08375438376821298,-0.30028936321392036,7.120464243074129e-12,6.7927641332228395e-12,True
1550,804,805,0.07594920999999999,0.43475275,other,0.0,0.0,-0.023304978207477275,0.0,-0.09824716557375986,-0.09545318407856568,4.19224466243653e-13,8.195168927016557e-13,False
1551,804,806,0.06834223999999998,0.43475275,other,0.0,0.0,-0.10981243607926783,0.0,nan,nan,0.0,0.0,False
1552,805,806,0.06834223999999998,0.5,other,0.0,0.0,-0.04997532321738015,0.0,-0.06049313438333324,-0.883991439436517,1.6116118693862918e-12,2.2845733283936e-13,False
1553,806,807,0.060735269999999994,0.43475275,other,0.0,0.0,-0.22195572036563063,0.0,-0.09882388265546099,-0.024187569696122492,4.152190616214635e-13,8.423471215568446e-13,False
1554,807,1113,0.05369217,0.43475275,other,0.0,0.0,-0.11909414584822986,0.0,nan,nan,0.0,0.0,False
1555,806,1113,0.05369217,0.5,other,0.0,0.0,-0.2080361818366511,0.0,-0.06840686269585765,0.0,2.027183136502613e-12,8.104926547288027e-12,True
1556,807,808,0.060735269999999994,0.33475275000000004,other,0.0,0.0,-0.0875072723576302,0.0,-0.10016770824089252,-0.07747307627099319,3.622251429569474e-12,3.1551057240684143e-12,True
1557,808,834,0.05369217,0.33475275000000004,other,1.5429239464852566e-15,0.0,-0.07805258935182918,0.0,nan,nan,0.0,0.0,False
1558,807,834,0.05369217,0.36950550000000004,other,1.5429239464852566e-15,0.0,-0.055887367001497254,0.0,-0.08892907945386182,0.017845194135032997,1.0330127256966172e-11,1.418403945878187e-11,True
1559,809,831,0.060735269999999994,0.25191125000000003,other,0.0,0.0,-0.10260646916236463,-0.32243747951043283,-0.10313984423060259,-0.1189513286157153,1.1395104507694879e-11,9.74917263407436e-12,True
1560,831,832,0.05369217,0.25191125000000003,other,0.0,0.0,-0.10074614912985329,-0.08356511684191635,nan,nan,0.0,0.0,False
1561,809,832,0.05369217,0.2815518,other,0.0,0.0,-0.10059951085874798,-0.06534928687356403,-0.08300300943729597,0.051727954655458756,7.27836915381256e-12,5.080999183329078e-12,True
1562,832,833,0.04664907,0.2907759,other,0.0,0.0,-0.10538142420874415,-0.18386017843882224,-0.10278911956157773,-0.09638710462517548,1.1080685528338215e-11,8.378854405963873e-12,True
1563,809,833,0.05369217,0.2907759,other,0.0,0.0,-0.09866561916178204,-0.48447741487749074,nan,nan,0.0,0.0,False
1564,808,833,0.05369217,0.3,other,0.0,0.0,-0.08049298519644091,-0.4310393346623702,-0.09251229350669571,0.2514083081528053,1.2524610153779217e-11,1.0302571651551383e-11,True
1565,810,830,0.07594920999999999,0.20229290000000003,other,0.0,0.0,-0.10838218210400209,-0.08132440311916526,-0.10416754880330609,-0.10687196665753718,6.041338013445692e-12,7.252065921378077e-12,True
1566,830,831,0.06834223999999998,0.20229290000000003,other,0.0,0.0,-0.10910781491381245,-0.15133866293280804,nan,nan,0.0,0.0,False
1567,810,831,0.06834223999999998,0.22227070000000004,other,0.0,0.0,-0.10688727359358102,-0.24547290195749996,-0.280290136555231,-0.7638197177386058,1.844388308776942e-12,2.0462243773806955e-13,False
1568,811,829,0.09238117,0.16884999999999997,other,-4.194824479506819e-15,0.0,-0.000471132362806375,-0.0019025941989456476,-0.06548721300301912,-0.07069918159936472,1.986743268771407e-12,3.091803715805194e-12,True
1569,829,830,0.08416518999999999,0.16884999999999997,other,0.0,0.0,-0.07223363347968109,-0.0019435104632687728,nan,nan,0.0,0.0,False
1570,811,830,0.08416518999999999,0.1823151,other,0.0,0.0,-0.07924469535404347,0.0035982231109908877,1.4095063466498279,-0.3106739564941252,4.799080683867371e-13,1.2159903379359794e-14,False
1571,812,828,0.11012870000000001,0.14630939999999998,other,-8.162199191441544e-09,0.0,-0.004485525193218941,-0.022472138746690323,-0.0020490013275727536,-0.013711657463837635,7.171041376547281e-13,9.282814453825653e-13,False
1572,828,829,0.101254935,0.14630939999999998,other,-2.050304843017111e-12,0.0,-0.0020354109949084556,-0.024081931533456644,nan,nan,0.0,0.0,False
1573,812,829,0.101254935,0.1553849,other,-1.0495257982245383e-12,0.0,-0.002057811532693799,-0.004205841956251299,-0.0005477191918089146,0.07690260922984996,1.9620202797080607e-12,1.5672956700416101e-12,False
1574,813,827,0.129297,0.13111695,other,-7.922449355777161e-05,-0.000619656520988401,-0.026191866543003508,-0.02130192225355383,-0.03207184228738694,-0.00629366854427515,3.862926956193436e-14,2.0650363327241722e-13,False
1575,827,828,0.11971285000000002,0.13111695,other,-1.9285080761796056e-07,-0.000626765375222693,-0.029612513298376712,-0.02081278423454703,nan,nan,0.0,0.0,False
1576,813,828,0.11971285000000002,0.1372339,other,-1.0954513492306905e-07,-5.8134540816768494e-05,-0.03081536412411642,-0.026298450399795947,-0.004485655533693967,-0.0025537561206775334,2.592134518194489e-13,4.776731344158207e-13,False
1577,814,826,0.15,0.11885195,other,-0.014688336539765727,-0.020401351227685566,0.009425665485889478,0.011556787383239928,-0.03418075242871066,-0.032378704169959235,2.9813435606881146e-14,3.1207878104414813e-14,False
1578,826,827,0.13964849999999998,0.11885195,other,-0.0019402411838781747,-0.014851703459578728,-0.019951366471025873,0.013427123098699765,nan,nan,0.0,0.0,False
1579,814,827,0.13964849999999998,0.125,other,-0.001472594718275034,-0.007285859225921513,-0.019523376966253246,0.0029660571402571963,-0.02769055185872695,-0.01832383490373306,2.4921649507507367e-14,3.839599840001444e-14,False
1580,815,825,0.1707979,0.10580291,other,-0.06661828907952294,-0.05916380765872316,0.02919196485318783,0.028281698776451,-0.02946457008791254,-0.03353363772637278,3.0423463417689284e-14,3.022873080749181e-14,False
1581,825,826,0.16039894999999998,0.10580291,other,-0.05527652052165919,-0.04597509146341521,0.023897251940203923,0.025645409199898068,nan,nan,0.0,0.0,False
1582,815,826,0.16039894999999998,0.11270390000000001,other,-0.0429194922940093,-0.038840646384983774,0.021600618238792512,0.02322588695016362,-0.03013829230059916,-0.031050482420419183,2.1020889785434102e-14,2.0731931455342653e-14,False
1583,816,824,0.19765939999999999,0.09115584,other,-0.05553978242612905,-0.057871650775015854,0.015335252703404004,0.014716295989862056,-0.022907447158934814,-0.024287031908634682,3.770933975283459e-14,3.7137274796508323e-14,False
1584,824,825,0.18422864999999997,0.09115584,other,-0.06877190252378615,-0.06139534303170381,0.024348425045675214,0.020932193230470655,nan,nan,0.0,0.0,False
1585,816,825,0.18422864999999997,0.09890191999999999,other,-0.06840685250214555,-0.06387997835555455,0.026041234247289952,0.024586478835773317,-0.03039501040892768,-0.034175027209084316,1.7378800049742015e-14,1.700782529668139e-14,False
1586,817,823,0.23235240000000004,0.07471507499999999,other,-0.03072684374849033,-0.033445388540588816,-0.00682863366418302,-0.006374254336286675,-0.018987758161568086,-0.018873036066313572,4.3294698598520214e-14,4.279880618519682e-14,False
1587,823,824,0.21500590000000003,0.07471507499999999,other,-0.03860439985114239,-0.043096359806697834,-0.0021687881094444583,0.0028253685472574156,nan,nan,0.0,0.0,False
1588,817,824,0.21500590000000003,0.08340976,other,-0.041637176324132226,-0.04546623757406367,0.0030333389821210295,0.004518378785686805,-0.030859242050226655,-0.030824238053648156,1.4222701790928902e-14,1.4030017752215072e-14,False
1589,818,822,0.2771601,0.056260945,other,-0.017712103959665503,-0.019047068997540734,-0.014225605215577017,-0.014195102182920638,-0.01668736525653139,-0.016731927278746214,4.5879113645080104e-14,4.533894791416005e-14,False
1590,822,823,0.25475625,0.056260945,other,-0.022003965329805877,-0.024502178599977206,-0.013286005915786997,-0.011611037847990148,nan,nan,0.0,0.0,False
1591,818,823,0.25475625,0.06602038999999998,other,-0.023323703666958257,-0.025592930671064485,-0.01108959717305104,-0.010857682771757837,-0.031568732024839286,-0.03108510876679045,1.0897202684431727e-14,1.0838989870610977e-14,False
1592,819,821,0.3350313999999999,0.03554688500000001,other,-0.010531974764861014,-0.01126269258045971,-0.015738325714421648,-0.015868278831342304,-0.014922956963254196,-0.01512386413851127,4.4971514455233007e-14,4.448074387329261e-14,False
1593,821,822,0.30609574999999994,0.03554688500000001,other,-0.013074155417238678,-0.014320898600339327,-0.0159869343430118,-0.015755722887923828,nan,nan,0.0,0.0,False
1594,819,822,0.30609574999999994,0.04650150000000001,other,-0.013704006080500701,-0.014888275311026348,-0.014957356570222112,-0.015366079913966144,-0.029819591626472283,-0.029855785051666996,8.153291186815115e-15,8.157774592484806e-15,False
1595,65,820,0.4097752,0.012296135000000001,other,-0.00630763166049196,-0.007071880948820321,-0.015558816295212696,-0.01584019687769158,-0.01340790648455251,-0.014109322774890447,4.1025235733854634e-14,4.2663832289436104e-14,False
1596,65,821,0.3724033,0.012296135000000001,other,-0.007845230215814429,-0.008882284458099738,-0.01611184502370024,-0.016323914262119883,nan,nan,0.0,0.0,False
1597,820,821,0.3724033,0.024592270000000003,other,-0.008194157921010031,-0.00888192946289165,-0.015554716361340374,-0.01603087000259617,-0.025987352511939114,-0.026134756986453272,6.452002892206381e-15,6.466534619912156e-15,False
1598,124,821,0.3350313999999999,0.012296135000000001,other,-0.00949172868773023,-0.010561600895498962,-0.01665090737926958,-0.016896221435971158,-0.01631918641459569,-0.01711786292465199,4.5439718457075033e-14,4.686731254980128e-14,False
1599,124,878,0.30609574999999994,0.012296135000000001,other,-0.01163406967360848,-0.013108319228883244,-0.017295915896680107,-0.01731479218375967,nan,nan,0.0,0.0,False
1600,821,878,0.30609574999999994,0.024592270000000003,other,-0.012322140089458353,-0.013247544563101881,-0.016342175263710717,-0.016894222696484208,-0.034122300279265785,-0.03419630908209463,6.920584464671655e-15,6.9178292952980506e-15,False
1601,822,878,0.2771601,0.03554688500000001,other,-0.01580754633189776,-0.016889854603468212,-0.016243373809639562,-0.01624595610811972,-0.018510899324776352,-0.018647916887593,4.747193061421508e-14,4.685796746667579e-14,False
1602,877,878,0.25475625,0.03554688500000001,other,-0.01928883476109951,-0.021209573250537236,-0.01617947475751544,-0.015229713373700703,nan,nan,0.0,0.0,False
1603,822,877,0.25475625,0.04650150000000001,other,-0.020619086111908772,-0.02230262950387705,-0.014224791815613237,-0.014541732515849374,-0.036292352900076985,-0.035913261848676034,9.746421867172571e-15,9.698261100075527e-15,False
1604,823,877,0.23235240000000004,0.056260945,other,-0.02673826244772103,-0.028896412802355085,-0.011982571481181405,-0.011499180612176613,-0.020898889828813317,-0.02085580628929017,4.593258692305272e-14,4.535797568593775e-14,False
1605,876,877,0.21500590000000003,0.056260945,other,-0.032758521898789146,-0.03676179199626866,-0.009548080144605179,-0.005573846060608283,nan,nan,0.0,0.0,False
1606,823,876,0.21500590000000003,0.06602038999999998,other,-0.03569896530192111,-0.03903104350826991,-0.004821647239634912,-0.004095265356291464,-0.03544889635654516,-0.03457658797357611,1.3535346585108848e-14,1.3394203345876991e-14,False
1607,824,876,0.19765939999999999,0.07471507499999999,other,-0.04754874726564862,-0.05117849295845984,0.004427658232884746,0.005135666638118365,-0.024340187138447163,-0.024787470010679102,4.0899561318671266e-14,4.0407880977776625e-14,False
1608,875,876,0.18422864999999997,0.07471507499999999,other,-0.058815855585521236,-0.05996544991853354,0.012366218414182324,0.014983878869781076,nan,nan,0.0,0.0,False
1609,824,875,0.18422864999999997,0.08340976,other,-0.0629850002962805,-0.06411921875691791,0.01877022572353101,0.0185637002821561,-0.0327192646114289,-0.035218687008064305,1.7413218576700535e-14,1.7003563347030075e-14,False
1610,825,875,0.1707979,0.09115584,other,-0.07520690205350378,-0.06998260635117579,0.029781758482263318,0.027112102627760624,-0.03124414270927486,-0.0344488161465596,3.373364070040203e-14,3.331842715588398e-14,False
1611,874,875,0.16039894999999998,0.09115584,other,-0.0800663601237004,-0.060329111701250666,0.03170079281237698,0.024778605163360695,nan,nan,0.0,0.0,False
1612,825,874,0.16039894999999998,0.09890191999999999,other,-0.06681614537289551,-0.0578642587999259,0.028540132564517942,0.02740601483756415,-0.033135600518394426,-0.03762898778271493,2.0689344082368428e-14,2.027171560669475e-14,False
1613,826,874,0.15,0.10580291,other,-0.03570711049111311,-0.03815792377747718,0.017203486539956424,0.021261476901723798,-0.035004699601904644,-0.03701584564320528,3.2308037633075224e-14,3.3255958876582765e-14,False
1614,873,874,0.13964849999999998,0.10580291,other,-0.014383526269554046,-0.027205611127901326,-0.002164361941326779,0.022216879497577748,nan,nan,0.0,0.0,False
1615,826,873,0.13964849999999998,0.11270390000000001,other,-0.011620403642464142,-0.016786647585217845,-0.000337878235372217,0.011251143819464555,-0.031710951691668654,-0.030147033663328743,2.3516786176791294e-14,2.4151934396526988e-14,False
1616,827,873,0.129297,0.11885195,other,-0.0010114867424895122,-0.0040757933394201225,-0.01999343700374557,-0.00827741726711007,-0.036619480309586304,-0.013121867269183497,3.9219696531637977e-14,1.1424143527046443e-13,False
1617,872,873,0.11971285000000002,0.11885195,other,-1.5187181421514763e-05,-0.00380114435551899,-0.03550746205720355,-0.0064750212626945745,nan,nan,0.0,0.0,False
1618,827,872,0.11971285000000002,0.125,other,-1.1306094487037313e-05,-0.0005801360722249931,-0.03558682039803041,-0.020990681900065766,-0.029139862458379656,-0.004793658994196825,3.06990955205978e-14,2.0273644160962068e-13,False
1619,828,872,0.11012870000000001,0.13111695,other,-9.722111611887917e-08,-5.13942369609893e-06,-0.02908008044253787,-0.03571242623352863,-0.0017217720988520011,-0.0044267246500212815,1.0728253623413113e-12,6.603157320978575e-13,False
1620,871,872,0.101254935,0.13111695,other,-1.3653174427713495e-09,-5.764584158328223e-06,-0.0017228051969754089,-0.03598779579732639,nan,nan,0.0,0.0,False
1621,828,871,0.101254935,0.1372339,other,-7.930794956499823e-10,0.0,-0.0017217250249599173,-0.02384055992274305,-0.0020280197699173823,0.020124143425593738,7.609230938947827e-13,6.529953770684498e-13,False
1622,829,871,0.09238117,0.14630939999999998,other,-1.3031921383020674e-12,0.0,-0.002023800252232771,-0.0018157392866349036,-0.011689203872128691,-0.05304333676172397,8.456979723837126e-13,1.6343565589171544e-12,False
1623,870,871,0.08416518999999999,0.14630939999999998,other,-4.821637332766439e-16,0.0,-0.006303253910826538,-0.001815082784930672,nan,nan,0.0,0.0,False
1624,829,870,0.08416518999999999,0.1553849,other,-2.4108186663832183e-16,0.0,-0.023218197783287473,-0.0018965203578934424,0.19567479107393632,1.9759576404169816,8.209889851575435e-13,3.100884500548583e-13,False
1625,830,870,0.07594920999999999,0.16884999999999997,other,0.0,0.0,-0.08956105852405916,0.029094677630506126,-0.09866764871613677,-0.09684990908834604,4.935978928429883e-12,5.861406449455288e-12,True
1626,869,870,0.06834223999999998,0.16884999999999997,other,-1.350058453174604e-15,0.0,-0.10574538053815656,0.02696871116109681,nan,nan,0.0,0.0,False
1627,830,869,0.06834223999999998,0.1823151,other,-1.1089765865362815e-15,0.0,-0.10146994254339536,0.0,-0.38076515671522193,-0.1654650603812612,6.253511423832201e-13,2.396367478952336e-12,False
1628,831,869,0.060735269999999994,0.20229290000000003,other,-6.268128532596371e-16,0.0,-0.10780263357565219,-0.13128297980374962,-0.10707321727110182,-0.10431084920895317,5.8952218733032715e-12,7.135228195335407e-12,True
1629,842,869,0.05369217,0.1914923574154307,other,-7.232455999149659e-16,0.0,-0.11253839459383913,-0.1035415244444834,-0.10016106243084773,-0.06511677386249896,9.03777514039676e-12,1.078341252999943e-11,True
1630,831,842,0.05369217,0.2114701574154307,other,0.0,0.0,-0.10481512135357252,-0.2686351348752289,-0.11340293877115558,-0.11947876892779094,1.0772229893096391e-11,1.2250734827800268e-11,True
1631,832,839,0.040128045,0.2907759,other,0.0,0.0,-0.11088541820801072,0.02751817478889963,nan,nan,0.0,0.0,False
1632,833,839,0.040128045,0.3,other,0.0,0.0,-0.12384595741397869,-0.5903948638792499,-0.09671545338715272,-0.03309480472462383,2.0073927664345136e-11,1.8570470358011456e-11,True
1633,832,840,0.040128045,0.2815518,other,0.0,0.0,-0.10490768745540656,0.1620121610814536,-0.08974313635004363,-0.04767733480203584,9.551430674317947e-12,1.0280072043566679e-11,True
1634,839,840,0.033607019999999994,0.2907759,other,0.0,0.0,-0.1061793908457042,0.06854307931903698,-0.10305718588711385,-0.08946765108461115,1.5897937012216798e-11,1.0556117831840337e-11,True
1635,832,841,0.04664907,0.25191125000000003,other,0.0,0.0,-0.10150741635128484,0.16100705761823383,-0.10412158138788093,-0.10103645749981871,1.3354198983940708e-11,1.2311324622352292e-11,True
1636,840,841,0.040128045,0.25191125000000003,other,0.0,0.0,-0.10392032987440433,0.20874076415284407,nan,nan,0.0,0.0,False
1637,833,834,0.04664907,0.33475275000000004,other,1.0607602132086145e-15,0.0,-0.09453263938031319,-0.5625021004088472,-0.10105736158666748,-0.1155481388388437,3.530540787047701e-12,3.3021724456387787e-12,True
1638,833,835,0.040128045,0.33475275000000004,other,0.0,0.0,-0.1263974436011913,-0.3090737160337916,nan,nan,0.0,0.0,False
1639,834,835,0.040128045,0.36950550000000004,other,1.0607602132086145e-15,0.0,-0.13603617983718533,-0.012953599631150507,-0.09186747393611244,0.11086515470760108,1.3506893210602373e-11,1.003322508452685e-11,True
1640,834,1113,0.04664907,0.43475275,other,1.2536257065192714e-15,0.0,0.09324288162461544,0.0,-0.09927573842003275,-0.10281272382773596,3.516767691242845e-13,7.501763131464189e-13,False
1641,835,836,0.033607019999999994,0.43475275,other,0.0,0.0,-0.27892222263510746,-0.010750991027553074,-0.09961985792996861,-0.13765531194227143,2.8953790995886436e-13,8.315406717398539e-13,False
1642,834,836,0.040128045,0.43475275,other,8.678947198979575e-16,0.0,-0.008669517054772249,0.0,nan,nan,0.0,0.0,False
1643,835,839,0.033607019999999994,0.33475275000000004,other,0.0,0.0,-0.10326671566241517,-0.10046808744475096,-0.10165464301855542,-0.09431391899206645,3.4738095724650916e-12,3.68726087851899e-12,True
1644,838,839,0.027569365,0.33475275000000004,other,0.0,0.0,-0.07059443595480713,-0.05925612819970885,nan,nan,0.0,0.0,False
1645,835,838,0.027569365,0.36950550000000004,other,0.0,0.0,-0.02585410173123333,-0.008905810693188103,-0.09378838604160596,0.0783384041590509,1.669271398836692e-11,3.2714115441221933e-12,True
1646,835,837,0.027569365,0.43475275,other,0.0,0.0,-0.12397807824265421,-0.0052396084683662405,nan,nan,0.0,0.0,False
1647,836,837,0.027569365,0.5,other,0.0,0.0,-0.4595148573669396,0.0,-0.0761963924981643,0.0,2.6679616351066636e-12,1.4044889212048266e-11,True
1648,837,838,0.02153171,0.43475275,other,0.0,0.0,0.12342584740285895,-0.0029176825112877955,-0.09984020376066821,-0.1728309322859561,1.4379233732122857e-13,1.6019537329268366e-13,False
1649,838,847,0.018736654999999998,0.43475275,other,0.0,0.0,0.0,-0.002168159662663934,nan,nan,0.0,0.0,False
1650,837,847,0.018736654999999998,0.5,other,0.0,0.0,1.0675399767418214,0.0,-0.0775330676675508,0.0,2.812050547956546e-12,2.629787687246287e-11,True
1651,838,845,0.02153171,0.33475275000000004,other,0.0,0.0,-0.11160613195338824,-0.3813201250316402,-0.10201207472876425,-0.09991253830243621,2.1325597607003735e-12,2.6252112555437857e-12,True
1652,845,846,0.018736654999999998,0.33475275000000004,other,0.0,0.0,-0.19059318348656626,-0.3623412799100687,nan,nan,0.0,0.0,False
1653,838,846,0.018736654999999998,0.36950550000000004,other,0.0,0.0,-0.3626213937250355,-0.002788169755642895,-0.09462544970779746,0.06870718483228731,1.8680639006273164e-11,3.409034421870418e-11,True
1654,840,843,0.033607019999999994,0.25191125000000003,other,0.0,0.0,-0.10527731223337662,0.04026773783220103,-0.10460461878678344,-0.09927094659448826,1.7273729131713846e-11,1.625179323570149e-11,True
1655,843,844,0.027569365,0.25191125000000003,other,1.639356693140585e-15,0.0,-0.10585619247175142,-0.18608544883324224,nan,nan,0.0,0.0,False
1656,840,844,0.027569365,0.2815518,other,1.5429239464852566e-15,0.0,-0.10405437141414148,-0.09226431712778893,-0.0939746074154504,0.18797095484993476,1.0926997066721663e-11,1.4989341002316702e-11,True
1657,844,845,0.02153171,0.2907759,other,1.4464911998299282e-15,0.0,-0.1012010526366358,-0.5541961961446362,-0.10297042718333568,-0.12494730573066284,1.739476971696081e-11,9.416942376567008e-12,True
1658,840,845,0.027569365,0.2907759,other,0.0,0.0,-0.10056406228404477,-0.43710379305733477,nan,nan,0.0,0.0,False
1659,839,845,0.027569365,0.3,other,0.0,0.0,-0.08592576684246458,-0.9612366220217047,-0.09930714855403387,-0.13809376776815402,3.2498407260163356e-11,2.52335346347773e-11,True
1660,831,841,0.05369217,0.22227070000000004,other,0.0,0.0,-0.10004102741119446,-0.03892089096294511,-0.01686954729913948,0.5653127192625526,3.4279052943872966e-12,5.152878736192069e-13,False
1661,841,842,0.04664907,0.2114701574154307,other,0.0,0.0,-0.09860353361353139,-0.015017548696353408,-0.1078844651306129,-0.10521534557755235,1.2390492793518935e-11,1.3025632313811003e-11,True
1662,842,843,0.040128045,0.2114701574154307,other,0.0,0.0,-0.10513820295005943,-0.16143794810975728,nan,nan,0.0,0.0,False
1663,841,843,0.040128045,0.22227070000000004,other,0.0,0.0,-0.10347876162975425,0.06074978049003151,-0.0019952308381716087,0.32889359273770097,2.4650323207128047e-12,6.0563023157116e-12,True
1664,844,850,0.018736654999999998,0.2907759,other,1.3500584531745999e-15,0.0,-0.10536747674326523,-0.19952754725951966,nan,nan,0.0,0.0,False
1665,845,850,0.018736654999999998,0.3,other,0.0,0.0,-0.13541787987218287,-0.7050761735882797,-0.10051381430271444,0.038802554009828474,4.776075535046696e-11,4.1250594220261175e-11,True
1666,844,851,0.018736654999999998,0.2815518,other,1.157192959863943e-15,0.0,-0.10609089251882935,-0.1123743138605324,-0.09589014291454577,-0.31452978420353983,9.707964349724188e-12,5.271457807339026e-12,True
1667,850,851,0.0159416,0.2907759,other,0.0,0.0,-0.10427929636543144,-0.01604607074270913,-0.10285399630397413,-0.09473236418682525,1.4106394046717706e-11,7.395826948949036e-12,True
1668,844,852,0.02153171,0.25191125000000003,other,2.6036841596938673e-15,0.0,-0.10613136484460448,-0.18870430865651686,-0.1047873349943383,-0.1062263150645027,1.6175962602856495e-11,1.517331502084786e-11,True
1669,851,852,0.018736654999999998,0.25191125000000003,other,9.64327466553286e-16,0.0,-0.10520989721501421,-0.038289832962576514,nan,nan,0.0,0.0,False
1670,846,847,0.0159416,0.43475275,other,0.0,0.0,-1.0675399767418212,0.0,-0.09995725110490271,-0.6500842842329361,6.711739888662118e-14,4.736237131386321e-14,False
1671,846,850,0.0159416,0.33475275000000004,other,0.0,0.0,-0.12338972344359152,0.0,-0.10212528214357519,-0.14078744750084948,1.1084002797814262e-12,1.7112219829944647e-12,False
1672,849,850,0.013146544999999999,0.33475275000000004,other,0.0,0.0,-0.060232463880928296,0.0,nan,nan,0.0,0.0,False
1673,846,849,0.013146544999999999,0.36950550000000004,other,0.0,0.0,-0.0120130300200364,0.0,-0.09501871586525179,-0.06753361991352647,1.972370874327381e-11,3.166563143219345e-11,True
1674,846,848,0.013146544999999999,0.43475275,other,0.0,0.0,-0.29787105413917964,0.0,nan,nan,0.0,0.0,False
1675,847,848,0.013146544999999999,0.5,other,0.0,0.0,-1.0675399767418212,0.0,-0.07791902328936122,0.0,2.881417728911938e-12,3.2882266773865937e-11,True
1676,848,849,0.010351489999999998,0.43475275,other,0.0,0.0,0.0,0.0,-0.1000951471490185,-0.12150066438695387,2.5846504365904668e-14,1.6606888410371667e-13,False
1677,849,858,0.00905755375,0.43475275,other,0.0,0.0,1.4017047192146774,0.0,nan,nan,0.0,0.0,False
1678,848,858,0.00905755375,0.5,other,0.0,0.0,0.0,0.0,-0.07876978748354385,0.0,2.8927395308964986e-12,1.8753299358394054e-11,True
1679,849,856,0.010351489999999998,0.33475275000000004,other,0.0,0.0,-0.0016938714195864986,0.0,-0.10218512979650288,-0.07667404538732027,4.819916055912116e-13,1.69633954277054e-12,False
1680,856,857,0.00905755375,0.33475275000000004,other,0.0,0.0,-0.0008191593676908684,0.0,nan,nan,0.0,0.0,False
1681,849,857,0.00905755375,0.36950550000000004,other,0.0,0.0,0.9351495100144225,0.0,-0.09549802520313215,-0.12617668192123246,2.0174197514271156e-11,4.840340431638539e-11,True
1682,851,854,0.0159416,0.25191125000000003,other,0.0,0.0,-0.10480551400066748,-0.013437364260331477,-0.10481793697636461,-0.08399481096837837,1.1908055102922055e-11,1.1635090939192239e-11,True
1683,854,855,0.013146544999999999,0.25191125000000003,other,0.0,0.0,-0.10435235981725861,-0.03332609981562787,nan,nan,0.0,0.0,False
1684,851,855,0.013146544999999999,0.2815518,other,0.0,0.0,-0.10354204669324692,-0.03299181484448193,-0.09710692730837174,0.037560250414386695,7.510554906980533e-12,6.292286251753977e-12,True
1685,855,856,0.010351489999999998,0.2907759,other,0.0,0.0,-0.10073225573975816,-0.02647025044645918,-0.10271570700540944,-0.10008381068337087,1.2902384241330614e-11,6.2632421248626374e-12,True
1686,851,856,0.013146544999999999,0.2907759,other,0.0,0.0,-0.10262454012138546,-0.011110733032080758,nan,nan,0.0,0.0,False
1687,850,856,0.013146544999999999,0.3,other,0.0,0.0,-0.07563586657675145,0.0,-0.10105973718572785,-0.5577069058410697,6.075556767544212e-11,1.183156698786353e-11,True
1688,843,852,0.027569365,0.22227070000000004,other,1.5429239464852566e-15,0.0,-0.10672239809361703,-0.08685413078136195,-0.03722329401029977,0.8570377918677797,2.2887803936005504e-12,6.766648058209015e-12,True
1689,843,853,0.027569365,0.21674281049941344,other,-7.232455999149659e-16,0.0,-0.11058510039855476,-0.1290468823455401,-0.11108013048503021,-0.07985533076795574,6.986412744380433e-12,6.6487306460658e-12,True
1690,852,853,0.02153171,0.21674281049941344,other,6.750292265873004e-16,0.0,-0.10941787056944914,-0.12900799575687408,-0.10798801067847855,-0.07335438804661175,1.5359420101523418e-11,1.5856406894761702e-11,True
1691,853,854,0.018736654999999998,0.21674281049941344,other,-5.303801066043082e-16,0.0,-0.11030645910090685,-0.09099863919805036,nan,nan,0.0,0.0,False
1692,852,854,0.018736654999999998,0.22227070000000004,other,1.157192959863943e-15,0.0,-0.10479966870818994,-0.04248052534886809,-0.036061741588895316,-0.017590820615444626,1.4704360396503643e-12,7.87203813100345e-12,True
1693,843,866,0.033607019999999994,0.2114701574154307,other,3.857309866213147e-16,0.0,-0.11144308532114044,-0.09175957655625444,-0.10822093863493289,-0.11272278951051307,1.0111561817359816e-11,1.0824049827327255e-11,True
1694,853,866,0.027569365,0.2059422679148441,other,-1.9286549331065747e-16,0.0,-0.11596132172425852,-0.1309502625719433,-0.10557466113280785,-0.12548488419725198,7.370175614159559e-12,7.960682709337585e-12,True
1695,854,864,0.0159416,0.21674281049941344,other,0.0,0.0,-0.10943555030058726,-0.20041161085848588,-0.10795268110676341,-0.0862938635276768,1.1287477393935107e-11,1.144273679408443e-11,True
1696,863,864,0.013146544999999999,0.21674281049941344,other,0.0,0.0,-0.11910521878534334,0.1662197146763197,nan,nan,0.0,0.0,False
1697,854,863,0.013146544999999999,0.22227070000000004,other,0.0,0.0,-0.10544517549181898,0.32447510236105004,-0.028605859209304058,-0.1430847873857721,8.539717725314757e-13,7.040852951763465e-12,True
1698,855,861,0.00905755375,0.2907759,other,0.0,0.0,-0.09936749787199368,-0.03285700342833065,nan,nan,0.0,0.0,False
1699,856,861,0.00905755375,0.3,other,0.0,0.0,-0.1189417584712319,0.0,-0.10135926909874785,-0.2676845010022192,7.317609315250582e-11,4.372764072407048e-11,True
1700,855,862,0.00905755375,0.2815518,other,1.3500584531745999e-15,0.0,-0.1029534240004728,-0.07722595105235326,-0.09710428475448325,0.0,4.361966226575905e-12,7.311095435713236e-13,False
1701,861,862,0.0077636175,0.2907759,other,1.2536257065192714e-15,0.0,-0.10237398883336189,-0.06260848843957788,-0.10264861011874452,-0.10776135832350843,6.6640760071593e-12,2.9894388374564353e-12,True
1702,855,863,0.010351489999999998,0.25191125000000003,other,0.0,0.0,-0.10473535052001293,0.2512538576933191,-0.1048310222134044,-0.11122085901740866,9.747954366782968e-12,9.312324833010923e-12,True
1703,862,863,0.00905755375,0.25191125000000003,other,1.3500584531745999e-15,0.0,-0.10473535052001293,0.25521944186829604,nan,nan,0.0,0.0,False
1704,857,858,0.0077636175,0.43475275,other,0.0,0.0,1.5265580730479216,0.0,-0.10009556138752149,0.0,6.381135014831398e-15,5.375517249600752e-14,False
1705,857,861,0.0077636175,0.33475275000000004,other,0.0,0.0,-0.22108102114361294,0.0,-0.10220681203633164,-0.10434015493628479,1.2620679747228478e-13,7.253204559461035e-13,False
1706,860,861,0.007116649375000001,0.33475275000000004,other,0.0,0.0,-0.30052300507843815,0.0,nan,nan,0.0,0.0,False
1707,857,860,0.007116649375000001,0.36950550000000004,other,0.0,0.0,-1.587202501072281,0.0,-0.09559860441650934,0.0,2.028322439747971e-11,1.8778820886827203e-10,True
1708,857,859,0.007116649375000001,0.43475275,other,0.0,0.0,nan,0.0,nan,nan,0.0,0.0,False
1709,858,859,0.007116649375000001,0.5,other,0.0,0.0,nan,0.0,-0.0767066269197703,0.0,2.9269510687631894e-12,1.5171736722166223e-10,True
1710,859,860,0.00646968125,0.43475275,other,0.0,0.0,nan,0.0,-0.0994423495234508,0.0,1.681242149926591e-15,3.202117874241231e-14,False
1711,860,1098,0.006146197187500001,0.43475275,other,0.0,0.0,nan,0.0,nan,nan,0.0,0.0,False
1712,859,1098,0.006146197187500001,0.5,other,0.0,0.0,nan,0.0,-0.0725506671486107,0.0,2.935414383472852e-12,1.0997877590795655e-10,True
1713,860,1096,0.00646968125,0.33475275000000004,other,0.0,0.0,-0.1759972418718994,0.0,-0.10226168698708514,-0.08890625334751491,3.419278224780938e-14,4.191437180822252e-13,False
1714,1096,1097,0.006146197187500001,0.33475275000000004,other,0.0,0.0,1.4292455565224635,0.0,nan,nan,0.0,0.0,False
1715,860,1097,0.006146197187500001,0.36950550000000004,other,0.0,0.0,0.0,0.0,-0.09559860441650934,0.0,2.0341694063987962e-11,1.839390072881409e-10,True
1716,862,1095,0.007116649375000001,0.2815518,other,1.157192959863943e-15,0.0,-0.07737617248065193,-0.05335815939133183,-0.09478631937820055,0.0,2.4284819440114176e-12,1.779442733795859e-11,True
1717,1095,1096,0.00646968125,0.2907759,other,0.0,0.0,-0.07951242072340618,-0.005760449813883078,-0.10261433347410792,-0.10020118928660124,3.466496743403629e-12,1.5913920638813853e-12,False
1718,862,1096,0.007116649375000001,0.2907759,other,1.2536257065192714e-15,0.0,-0.09054870053370696,-0.013201801396508181,nan,nan,0.0,0.0,False
1719,861,1096,0.007116649375000001,0.3,other,0.0,0.0,-0.1681789127732453,0.0,-0.10141704300395155,0.0,7.971864686571038e-11,8.327256319975693e-11,True
1720,862,1103,0.0077636175,0.25191125000000003,other,1.3500584531745999e-15,0.0,-0.10058981110399291,-0.0519462272498532,-0.10483002771650865,-0.11460212755004417,4.73191715584476e-12,4.474820856472488e-12,True
1721,1095,1103,0.007116649375000001,0.25191125000000003,other,0.0,0.0,-0.0936286782793775,-0.021227044230496497,nan,nan,0.0,0.0,False
1722,863,1104,0.010351489999999998,0.21674281049941344,other,0.0,0.0,-0.1293438706147763,0.33494000736248647,-0.10794648146168778,-0.06319871249097145,9.312471409736265e-12,9.69801319459714e-12,True
1723,1103,1104,0.00905755375,0.21674281049941344,other,0.0,0.0,-0.13033376849500608,0.09380933948472198,nan,nan,0.0,0.0,False
1724,863,1103,0.00905755375,0.22227070000000004,other,0.0,0.0,-0.10877311884074649,0.24529253598255568,-0.03407978957227475,0.045709994550638365,4.1317147052548854e-13,2.2717015259201665e-11,True
1725,853,864,0.018736654999999998,0.2112149209988268,other,-7.232455999149659e-16,0.0,-0.11818262556771655,-0.2595672111617774,-0.054709282203718984,0.26597582493745014,5.300129220944078e-13,9.083234959720734e-13,False
1726,864,1111,0.0159416,0.2059422679148441,other,-1.157192959863946e-15,0.0,-0.11630113877169436,-0.24745341267988044,-0.10884156413958353,-0.18494607519115921,5.975531035296539e-12,5.350764774805728e-12,True
1727,1105,1111,0.013146544999999999,0.20324550193354884,other,-1.060760213208617e-15,0.0,-0.1106617743070648,-0.08835008179125546,-0.1081597729214139,-0.11576774096210388,5.182923925014595e-12,5.333444508240183e-12,True
1728,864,1105,0.013146544999999999,0.20851815501753157,other,0.0,0.0,-0.09930730274406352,-0.16162208458922608,-0.10953674176236727,-0.25893636786096985,5.112094700039253e-12,3.7599700274011775e-12,True
1729,853,865,0.02153171,0.2059422679148441,other,-6.750292265873015e-16,0.0,-0.12493873660829995,-0.211411207538496,-0.10877864141091778,-0.12530577397629694,1.5506766564730138e-11,1.4296465944654952e-11,True
1730,865,866,0.027569365,0.20066961483086138,other,4.821637332766433e-16,0.0,-0.10717460499741766,-0.17609868954762972,-0.2630330401055614,0.1848442184262426,3.159584453345277e-13,3.0640739827607593e-12,True
1731,864,865,0.018736654999999998,0.2059422679148441,other,0.0,0.0,-0.1233498225372788,-0.2988001706467245,nan,nan,0.0,0.0,False
1732,842,866,0.040128045,0.20066961483086138,other,7.71461973242629e-16,0.0,-0.11656470259281929,-0.16279081840903586,-0.27793462100625477,-0.3163839019903943,5.329064808533639e-13,5.684447359994373e-13,False
1733,865,867,0.027569365,0.1914923574154307,other,0.0,0.0,-0.09736226981586821,-0.10283119565256874,nan,nan,0.0,0.0,False
1734,866,867,0.033607019999999994,0.1914923574154307,other,6.750292265873004e-16,0.0,-0.09881455882213536,-0.046496948118345545,-0.11003071209706705,-0.11982022346696324,1.7699117231519e-11,1.8583071635613038e-11,True
1735,867,905,0.033607019999999994,0.16884999999999997,other,0.0,0.0,-0.11741156135767761,-0.12557392360355615,-0.11188224525520318,-0.1190132019150367,2.6688528610856624e-11,2.1996283369555438e-11,True
1736,905,906,0.027569365,0.16884999999999997,other,0.0,0.0,-0.11292507772079427,-0.12043449007723055,nan,nan,0.0,0.0,False
1737,867,906,0.027569365,0.1823151,other,0.0,0.0,-0.11188692153126789,-0.017048005090350205,-0.09998909253549884,0.12500307886180767,7.254310361544345e-12,5.864933671949539e-12,True
1738,865,906,0.02153171,0.1914923574154307,other,0.0,0.0,-0.0977922196830057,-0.09505405374153025,-0.11020637732369462,-0.14849460143499907,9.492983789186689e-12,1.1483333821958623e-11,True
1739,866,868,0.040128045,0.1914923574154307,other,7.71461973242629e-16,0.0,-0.10946158041879088,0.02285286691419052,nan,nan,0.0,0.0,False
1740,842,868,0.04664907,0.1914923574154307,other,0.0,0.0,-0.12233639009711834,-0.031066737848191542,-0.10923035476138918,-0.11127743439514637,1.359151096254508e-11,1.3529627289502088e-11,True
1741,867,868,0.040128045,0.1823151,other,0.0,0.0,-0.1070079482652547,0.03114806011642457,-0.17513977138075912,-0.7627835559853977,1.7347668706686451e-12,3.0687454033448636e-13,False
1742,868,888,0.04664907,0.16884999999999997,other,7.71461973242629e-16,0.0,-0.11066653728611812,0.015372838010571441,-0.11100375579230397,-0.11975008933249143,1.7101234679685688e-11,1.4834033819317948e-11,True
1743,867,888,0.040128045,0.16884999999999997,other,3.857309866213147e-16,0.0,-0.1140655281975994,-0.027809349610621554,nan,nan,0.0,0.0,False
1744,868,869,0.05369217,0.1823151,other,-7.232455999149659e-16,0.0,-0.11287714335419122,0.05282314005190589,-0.13760128027722918,-0.30487020664480374,5.244450629429008e-12,2.525759780846984e-12,True
1745,869,887,0.060735269999999994,0.16884999999999997,other,-1.3018420798469396e-15,0.0,-0.11193032437088168,0.00025369724315818027,-0.10808555631925064,-0.11617653662645354,1.0314043606357474e-11,9.687923142781023e-12,True
1746,868,887,0.05369217,0.16884999999999997,other,0.0,0.0,-0.11123877281750903,0.04273458799939665,nan,nan,0.0,0.0,False
1747,870,886,0.07594920999999999,0.14630939999999998,other,-2.4108186663832183e-16,0.0,0.007094593063704723,-0.002027785895742972,-0.09295622797098159,-0.10489297186275846,2.3319897795839546e-12,3.5466909953017816e-12,True
1748,886,887,0.06834223999999998,0.14630939999999998,other,-2.4108186663832183e-16,0.0,-0.11210146656032827,-0.00231318792090118,nan,nan,0.0,0.0,False
1749,870,887,0.06834223999999998,0.1553849,other,0.0,0.0,-0.10923700156273944,0.023009429224314343,-0.19340519550720447,-0.24654237995302722,1.7830100814797433e-12,1.9343927563890006e-12,False
1750,871,885,0.09238117,0.13111695,other,-6.970906287628276e-10,0.0,-0.0017221862900784852,-0.02853543878567712,-0.0030855353327682057,-0.041127561313283656,8.43220124698376e-13,7.786779833463163e-13,False
1751,885,886,0.08416518999999999,0.13111695,other,-2.572825680764932e-13,0.0,-0.003063897865011772,-0.029759456677829282,nan,nan,0.0,0.0,False
1752,871,886,0.08416518999999999,0.1372339,other,-1.4291333054322066e-13,0.0,-0.0031624036257451153,-0.0018155654044322957,0.007797807275959493,0.35062853600861477,7.585396323469316e-13,1.4539260148020165e-13,False
1753,872,884,0.11012870000000001,0.11885195,other,-7.938883813301844e-06,-0.00022811054788712015,-0.03544009416194473,-0.03211967841428209,-0.034524125179283764,-0.006258468511300248,5.731909865559574e-14,3.513200187965415e-13,False
1754,884,885,0.101254935,0.11885195,other,-3.851058808263612e-08,-0.00024146468987885976,-0.03279210315206941,-0.03200083243712063,nan,nan,0.0,0.0,False
1755,872,885,0.101254935,0.125,other,-2.5730465879761237e-08,-5.113347741974707e-06,-0.034225454036010024,-0.035960583913433375,-0.001722238816927572,-0.0015551283854438433,6.572031975638524e-13,4.290694024656493e-13,False
1756,873,883,0.129297,0.10580291,other,-0.008352756444257163,-0.01456851044630962,-0.0017531044410003436,0.005704188772842296,-0.03915697583054539,-0.037749148118287036,4.1013313724612845e-14,4.285315943776382e-14,False
1757,883,884,0.11971285000000002,0.10580291,other,-0.0007994004699017086,-0.011608404645135772,-0.030925485533251976,0.007882919147206187,nan,nan,0.0,0.0,False
1758,873,884,0.11971285000000002,0.11270390000000001,other,-0.0006471282751696146,-0.0035785513608279033,-0.030733104683649825,-0.00781890383065282,-0.036101712091255254,-0.013008971906706891,2.5389338424060367e-14,7.114209238662497e-14,False
1759,874,882,0.15,0.09115584,other,-0.06800993315526992,-0.060644475175775904,0.027375901148603735,0.028172213436382418,-0.0382372070121801,-0.04199645801503537,3.478182926237923e-14,3.5048143936022824e-14,False
1760,882,883,0.13964849999999998,0.09115584,other,-0.050287099648922196,-0.045226159420205116,0.019487749290415093,0.026231485241946562,nan,nan,0.0,0.0,False
1761,874,883,0.13964849999999998,0.09890191999999999,other,-0.037530994144137075,-0.03511331400916848,0.020366991587652546,0.020204161200763796,-0.0382025226591805,-0.0368089964269701,2.316333247477772e-14,2.3235946635817565e-14,False
1762,875,881,0.1707979,0.07471507499999999,other,-0.06950495846044154,-0.06978366696654816,0.020829636984132552,0.01935652194103991,-0.031682811560643245,-0.0335014208645968,3.7053509930264945e-14,3.664429130028054e-14,False
1763,881,882,0.16039894999999998,0.07471507499999999,other,-0.08185515139269132,-0.06987107321400955,0.028779379232006727,0.022414629826825523,nan,nan,0.0,0.0,False
1764,875,882,0.16039894999999998,0.08340976,other,-0.0783643489003415,-0.07288432371692911,0.029350817169347627,0.027761769776467455,-0.03325799340489016,-0.04063920486745152,2.073360525355735e-14,2.0009255907912672e-14,False
1765,876,880,0.19765939999999999,0.056260945,other,-0.039391119526270314,-0.04276323567784298,-0.0062332924661093626,-0.004807429526265589,-0.02599248898303833,-0.02606034173115203,4.395791128528547e-14,4.34277754982885e-14,False
1766,880,881,0.18422864999999997,0.056260945,other,-0.04756144189647466,-0.05242307077215289,-0.0014678043055905972,0.004441246581199724,nan,nan,0.0,0.0,False
1767,876,881,0.18422864999999997,0.06602038999999998,other,-0.053073600885893704,-0.05678915585408224,0.0069606270633241615,0.007423401499021553,-0.03769591349063452,-0.03761728033708883,1.659392811724012e-14,1.6291475575823763e-14,False
1768,877,879,0.23235240000000004,0.03554688500000001,other,-0.022990587119895874,-0.024621640637130664,-0.01603143063804256,-0.015652577426545976,-0.02304150949306399,-0.02310136108223204,4.7967359375422545e-14,4.7285952947641013e-14,False
1769,879,880,0.21500590000000003,0.03554688500000001,other,-0.02749626103850662,-0.03047249025374048,-0.01528600210848905,-0.012844651731963112,nan,nan,0.0,0.0,False
1770,877,880,0.21500590000000003,0.04650150000000001,other,-0.03016378252745749,-0.032552590440891385,-0.011482020755523372,-0.011601535019187205,-0.042082484127751195,-0.04104292034491966,1.1781444547398648e-14,1.1669392470048467e-14,False
1771,125,878,0.2771601,0.012296135000000001,other,-0.013888480291855642,-0.01531612870652613,-0.017875117851830474,-0.01803616323636776,-0.020354687898339413,-0.02121251421245102,4.814401247292303e-14,4.926859569563683e-14,False
1772,125,879,0.25475625,0.012296135000000001,other,-0.016652345592316577,-0.01868324057540149,-0.01847371093091213,-0.01810824786033257,nan,nan,0.0,0.0,False
1773,878,879,0.25475625,0.024592270000000003,other,-0.01796987007071951,-0.019181048384730545,-0.016841742717905245,-0.01744020874792326,-0.04395444824334373,-0.04367897499978629,7.592982331852074e-15,7.555098017019318e-15,False
1774,144,879,0.23235240000000004,0.012296135000000001,other,-0.019521058635625317,-0.021375005034080588,-0.018987505560011206,-0.01891580186930223,-0.02530428480033246,-0.026164585501787133,4.889668069454448e-14,4.969138146351328e-14,False
1775,144,896,0.21500590000000003,0.012296135000000001,other,-0.022842510519123782,-0.025587106760382335,-0.01937757378966369,-0.01826312997156649,nan,nan,0.0,0.0,False
1776,879,896,0.21500590000000003,0.024592270000000003,other,-0.025216732616947797,-0.026800934416180113,-0.016546490228189572,-0.01715341987999163,-0.05401552164563611,-0.0531070031586806,8.522545243707106e-15,8.430466183864745e-15,False
1777,880,896,0.19765939999999999,0.03554688500000001,other,-0.0322567624494391,-0.03476705354133057,-0.014340126374967803,-0.013053347283988307,-0.02817938587302432,-0.028216956008336444,4.6448735783993716e-14,4.578322055204203e-14,False
1778,895,896,0.18422864999999997,0.03554688500000001,other,-0.03784738205499642,-0.0422503210066567,-0.012518542306200267,-0.007621730608665157,nan,nan,0.0,0.0,False
1779,880,895,0.18422864999999997,0.04650150000000001,other,-0.04278017059005262,-0.04604261755377322,-0.005391111672356235,-0.005331205421310347,-0.04618349588626028,-0.044574758085270706,1.4272436347686527e-14,1.4055645929997858e-14,False
1780,881,895,0.1707979,0.056260945,other,-0.056323768202104975,-0.060141870464303686,0.004663665212933613,0.006331146600824076,-0.03195760955170563,-0.03275149942937409,4.041852518630502e-14,3.9975334803307e-14,False
1781,894,895,0.16039894999999998,0.056260945,other,-0.06670687024248215,-0.06715636397105866,0.011879682830959623,0.014806119801594969,nan,nan,0.0,0.0,False
1782,881,894,0.16039894999999998,0.06602038999999998,other,-0.07302993062856741,-0.07366259902137637,0.020887201724827182,0.020162654497522192,-0.03723239556283095,-0.04122233012621439,1.9959381720008477e-14,1.939887387108638e-14,False
1783,882,894,0.15,0.07471507499999999,other,-0.08621958545813171,-0.07664239493004227,0.03246273176232564,0.028059615212071936,-0.040649914408196146,-0.04354987969123535,3.731540923651786e-14,3.742885859272494e-14,False
1784,893,894,0.13964849999999998,0.07471507499999999,other,-0.08832525540481079,-0.06454234001931447,0.03220608150954547,0.025111095471829208,nan,nan,0.0,0.0,False
1785,882,893,0.13964849999999998,0.08340976,other,-0.0684340689147395,-0.061302469901799626,0.02800156219560483,0.02788523007271683,-0.0376991724610221,-0.04417971335014158,2.3267738912355677e-14,2.2639447811159246e-14,False
1786,883,893,0.129297,0.09115584,other,-0.03252266000380813,-0.03597872141139665,0.013602305058593805,0.019963979672620147,-0.04069832828545535,-0.04396722136526303,4.2237974482437173e-14,4.2665940747862e-14,False
1787,892,893,0.11971285000000002,0.09115584,other,-0.013003799518293627,-0.026780120252818826,-0.00988868302436016,0.02153301403575604,nan,nan,0.0,0.0,False
1788,883,892,0.11971285000000002,0.09890191999999999,other,-0.010287056606549957,-0.013771204680475078,-0.00817238168488535,0.004564998893441581,-0.04092429202632598,-0.03706649526154427,2.43909934162665e-14,2.5445739280745365e-14,False
1789,884,892,0.11012870000000001,0.10580291,other,-0.0004565633356409174,-0.003205562660814192,-0.030611915408660893,-0.016328450764316882,-0.04470637461001936,-0.02451131231902182,4.841903602319684e-14,9.340662714571862e-14,False
1790,891,892,0.101254935,0.10580291,other,-1.247674700573482e-05,-0.00311571086285416,-0.04421147438149265,-0.01533481872280169,nan,nan,0.0,0.0,False
1791,884,891,0.101254935,0.11270390000000001,other,-9.738907901893874e-06,-0.0002090555524413752,-0.044237531289711064,-0.032309555250741695,-0.03327034745205704,-0.007541720194235659,3.4012474667674176e-14,1.5758043984238722e-13,False
1792,885,891,0.09238117,0.11885195,other,-2.080089974031148e-08,-3.868660239898371e-06,-0.033059390079733415,-0.045409771300356325,-0.004533315469308843,-0.008680836414404675,6.169821878250555e-13,4.3293704347979793e-13,False
1793,890,891,0.08416518999999999,0.11885195,other,-6.363697728667746e-10,-4.213741017475283e-06,-0.004537803193736675,-0.04552190691930024,nan,nan,0.0,0.0,False
1794,885,890,0.08416518999999999,0.125,other,-4.2054181009267434e-10,0.0,-0.004533354172477395,-0.029118601101289287,-0.0029704326044103354,0.0597301817746119,4.477879022803057e-13,2.2732344275839488e-13,False
1795,886,890,0.07594920999999999,0.13111695,other,-1.365969856372946e-13,0.0,-0.002910077911796729,-0.004692322780833473,-0.02181562046006748,-0.11635429818751154,5.961599120997654e-13,1.3253926859963939e-12,False
1796,889,890,0.06834223999999998,0.13111695,other,-4.821637332766439e-16,0.0,-0.023098222909746207,-0.004694710023815244,nan,nan,0.0,0.0,False
1797,886,889,0.06834223999999998,0.1372339,other,-3.375146132936506e-16,0.0,-0.04639660092292991,-0.002275435331945702,-0.19085313667581535,-0.15490461187229948,9.77301855599768e-13,1.5453219550947052e-12,False
1798,887,889,0.060735269999999994,0.14630939999999998,other,-2.8929823996598625e-16,0.0,-0.11601560197941456,0.0034970358958117493,-0.10878320466947204,-0.12062538338279986,6.3886892348336324e-12,7.728327751012357e-12,True
1799,888,889,0.05369217,0.14630939999999998,other,1.157192959863943e-15,0.0,-0.11354519174497571,-0.014505145176971304,nan,nan,0.0,0.0,False
1800,887,888,0.05369217,0.1553849,other,1.0607602132086145e-15,0.0,-0.11213091980410954,-0.01839684197907398,-0.13584034033607942,-0.18001129712466565,5.708345254495921e-12,4.1583566152990525e-12,True
1801,888,904,0.04664907,0.14630939999999998,other,1.157192959863943e-15,0.0,-0.11423427421605957,-0.14746052641244606,-0.11254715326025841,-0.11503908331263712,1.551905597729926e-11,1.5309279685536506e-11,True
1802,904,905,0.040128045,0.14630939999999998,other,1.9286549331065737e-16,0.0,-0.11166311032006337,-0.21761878273529997,nan,nan,0.0,0.0,False
1803,888,905,0.040128045,0.1553849,other,6.750292265873004e-16,0.0,-0.1160084462552999,-0.11570246117845859,-0.12741293058393138,-0.09170641195655112,7.290477641963537e-12,4.6345701589058984e-12,True
1804,889,903,0.060735269999999994,0.13111695,other,-1.9286549331065747e-16,0.0,-0.01801344788562128,-0.010880640888830615,-0.10281554221178116,-0.11377973823389129,2.530761906575171e-12,4.3808272341647254e-12,True
1805,903,904,0.05369217,0.13111695,other,4.821637332766433e-16,0.0,-0.11569987538901869,-0.011577546502317368,nan,nan,0.0,0.0,False
1806,889,904,0.05369217,0.1372339,other,9.64327466553287e-17,0.0,-0.1128736515836966,-0.14073617036195402,-0.12964264187796537,-0.1491733369869581,4.835169877913774e-12,4.192734506181231e-12,True
1807,890,902,0.07594920999999999,0.11885195,other,-3.651865204800414e-10,0.0,-0.0045108776815935316,-0.04669803765325666,-0.010197009951975615,-0.08261612426499862,3.858969520709722e-13,3.363423822588516e-13,False
1808,902,903,0.06834223999999998,0.11885195,other,-8.763325852311838e-13,0.0,-0.0102197596480624,-0.04714904330008528,nan,nan,0.0,0.0,False
1809,890,903,0.06834223999999998,0.125,other,-5.54681158761805e-13,0.0,-0.010218750081362532,-0.004716180417279226,0.035148747328329906,-0.13400724792062774,2.375991129669727e-13,8.142154774631665e-13,False
1810,891,901,0.09238117,0.10580291,other,-7.46311497014064e-06,-0.00032208602733499936,-0.04408325715747846,-0.041778828250924153,-0.049369560893533594,-0.016300136342541148,5.957919285170092e-14,2.0390185308047498e-13,False
1811,901,902,0.08416518999999999,0.10580291,other,-1.3140880041056526e-07,-0.0003343739817233046,-0.048570125168060106,-0.04172544766778473,nan,nan,0.0,0.0,False
1812,891,902,0.08416518999999999,0.11270390000000001,other,-9.513519656122607e-08,-3.452400487991463e-06,-0.0493418876019156,-0.045560007915620225,-0.004510558711333344,-0.0038629748592127013,3.263209887723324e-13,1.7392341678689554e-13,False
1813,892,900,0.11012870000000001,0.09115584,other,-0.00793632574560949,-0.016186497935611176,-0.008578656740507656,0.0037757162050510444,-0.04685286050048399,-0.04736928524770586,4.9031591129088875e-14,5.0242310105347764e-14,False
1814,900,901,0.101254935,0.09115584,other,-0.0012874008395864025,-0.013480845875121468,-0.03904277633850544,0.0058532059721165715,nan,nan,0.0,0.0,False
1815,892,901,0.101254935,0.09890191999999999,other,-0.0009887391605834244,-0.0031430250156826815,-0.03876880961430185,-0.017818330958079612,-0.04507396189960918,-0.025609018755583465,2.510963541320793e-14,4.574922219747141e-14,False
1816,893,899,0.129297,0.07471507499999999,other,-0.07796559664143489,-0.06577151060963879,0.02775767165844863,0.028135789003679173,-0.04758753775316135,-0.05045578465267457,4.321880494320758e-14,4.3496869035555273e-14,False
1817,899,900,0.11971285000000002,0.07471507499999999,other,-0.06139609195033893,-0.05193867047512388,0.01984927062728881,0.02539621570324408,nan,nan,0.0,0.0,False
1818,893,900,0.11971285000000002,0.08340976,other,-0.04395330478120295,-0.038421651678632505,0.021310071883072622,0.018558865116857243,-0.0501173001880802,-0.04565947860965707,2.424831952836444e-14,2.4586615597877563e-14,False
1819,894,898,0.15,0.056260945,other,-0.07717192050776667,-0.07542576016090151,0.019838165167815065,0.018401040226667716,-0.039650577534333646,-0.04177424659345924,4.059404959957328e-14,4.061606243992795e-14,False
1820,898,899,0.13964849999999998,0.056260945,other,-0.08935081809915622,-0.07649209527048384,0.02743428408023322,0.021162290972577477,nan,nan,0.0,0.0,False
1821,894,899,0.13964849999999998,0.06602038999999998,other,-0.08483443064497784,-0.08154653902078038,0.02832774365801823,0.028254492065322778,-0.03593827148867076,-0.0463087516073815,2.3239213912661656e-14,2.2204865841338855e-14,False
1822,895,897,0.1707979,0.03554688500000001,other,-0.04371022217729453,-0.04741306502542772,-0.010299155202493908,-0.0074660018876141435,-0.03360758502713174,-0.03382482857665864,4.332540130119989e-14,4.273063306591569e-14,False
1823,897,898,0.16039894999999998,0.03554688500000001,other,-0.050391369159791165,-0.05553528032460939,-0.007067844374355279,0.0006557127351273339,nan,nan,0.0,0.0,False
1824,895,898,0.16039894999999998,0.04650150000000001,other,-0.05840219633168319,-0.061891743400925,0.004598359923443783,0.004712723782768783,-0.04784844282956427,-0.04636806031518482,1.717943029497733e-14,1.6993020559846558e-14,False
1825,145,896,0.19765939999999999,0.012296135000000001,other,-0.026254455437054663,-0.02865927408762402,-0.019695047967731243,-0.019076130362649924,-0.03078963440584544,-0.03162864403853498,4.77089402678513e-14,4.820172554258193e-14,False
1826,145,897,0.18422864999999997,0.012296135000000001,other,-0.030029971644416606,-0.03368738003959392,-0.019751886247110103,-0.017306040763684923,nan,nan,0.0,0.0,False
1827,896,897,0.18422864999999997,0.024592270000000003,other,-0.034027122943096635,-0.03611567218428577,-0.014882904548078049,-0.01544780219094002,-0.06273027978581316,-0.06092644989669684,9.782879677355316e-15,9.599712017615931e-15,False
1828,167,897,0.1707979,0.012296135000000001,other,-0.03387615341378607,-0.037012842193959276,-0.019749469132916482,-0.018059863830334616,-0.036449177294660254,-0.0372754530300678,4.4945956309415174e-14,4.5180765894328886e-14,False
1829,167,917,0.16039894999999998,0.012296135000000001,other,-0.03798193012234911,-0.04269699561832286,-0.0194044937305956,-0.014610310524834868,nan,nan,0.0,0.0,False
1830,897,917,0.16039894999999998,0.024592270000000003,other,-0.04424970854826751,-0.046948361346563126,-0.011340681034574723,-0.011603217178863224,-0.0691959355446713,-0.064956188659991,1.1403361717587445e-14,1.1370465230601517e-14,False
1831,898,917,0.15,0.03554688500000001,other,-0.05787459089041022,-0.06139520566163275,-0.00273565058466114,0.0014360082982542083,-0.03966808292031084,-0.040762981300023676,4.403481095480199e-14,4.388355257049552e-14,False
1832,916,917,0.13964849999999998,0.03554688500000001,other,-0.06722128711125974,-0.07046382800428284,0.0030839354780276946,0.009787290661957554,nan,nan,0.0,0.0,False
1833,898,916,0.13964849999999998,0.04650150000000001,other,-0.07702519056341027,-0.07930312142743702,0.017170753511303802,0.01638483137086551,-0.04651880585677523,-0.0488147516538897,2.0620797171569052e-14,2.01853015988715e-14,False
1834,899,916,0.129297,0.056260945,other,-0.0975040639928503,-0.08533296177968266,0.03272665961616619,0.026073834589539435,-0.04988913679791762,-0.05170163038355682,4.562866096017879e-14,4.58943495448169e-14,False
1835,915,916,0.11971285000000002,0.056260945,other,-0.10433192164129318,-0.0765820900451303,0.034969698869927075,0.024073126530331147,nan,nan,0.0,0.0,False
1836,899,915,0.11971285000000002,0.06602038999999998,other,-0.08083155437403403,-0.07404456558730152,0.029323532484728743,0.02908302373608216,-0.04120779787811514,-0.05229642889110412,2.5650732165680096e-14,2.446838232989412e-14,False
1837,900,915,0.11012870000000001,0.07471507499999999,other,-0.04357161899550523,-0.04553519620211247,0.010605284005968498,0.021880420160502817,-0.049824089645030274,-0.05519199235411037,5.000105961684163e-14,5.003745326220014e-14,False
1838,914,915,0.101254935,0.07471507499999999,other,-0.02438611122467259,-0.03583007307363136,-0.00886206458281677,0.022454205161990207,nan,nan,0.0,0.0,False
1839,900,914,0.101254935,0.08340976,other,-0.01807594376406593,-0.018493080658576844,-0.00626202540889489,0.0001122377928202254,-0.05583948441492183,-0.04909715846805207,2.5219163686711343e-14,2.6033005289105432e-14,False
1840,901,914,0.09238117,0.09115584,other,-0.0008007630010492447,-0.005529558826755561,-0.03806365052070254,-0.021229436953442562,-0.05670665291452256,-0.048423546833906796,5.5667916358953706e-14,6.874634811970115e-14,False
1841,913,914,0.08416518999999999,0.09115584,other,-6.837611618911844e-05,-0.0052904249129586845,-0.05597836529133356,-0.020353808743423994,nan,nan,0.0,0.0,False
1842,901,913,0.08416518999999999,0.09890191999999999,other,-5.0647396356579256e-05,-0.0003095884720364091,-0.055883125278797796,-0.04285207698891854,-0.050574787739467615,-0.02185789168773515,2.7026309801327553e-14,6.99054356899192e-14,False
1843,902,913,0.07594920999999999,0.10580291,other,-7.906441545033073e-08,-1.7531497785048026e-05,-0.04995386011215381,-0.059214032592821306,-0.020132251763802105,-0.023475436755548206,2.2219333470944155e-13,2.316653164950091e-13,False
1844,912,913,0.06834223999999998,0.10580291,other,-5.029092840466036e-09,-1.8883559319312266e-05,-0.02014811114314521,-0.05925321367995134,nan,nan,0.0,0.0,False
1845,902,912,0.06834223999999998,0.11270390000000001,other,-3.4487789614790623e-09,0.0,-0.02013219905815303,-0.045689540916809726,-0.009944152461420353,-0.3125522922930436,2.0644063507585307e-13,6.857219803030324e-14,False
1846,903,912,0.060735269999999994,0.11885195,other,-5.143240542865002e-13,0.0,-0.009930064761235372,-0.020652862227921016,-0.023635866619975857,-0.13980634234411113,4.4692797561200605e-13,1.3687774558912915e-12,False
1847,911,912,0.05369217,0.11885195,other,-5.014502826077122e-15,0.0,-0.02483406496265009,-0.02065924763907449,nan,nan,0.0,0.0,False
1848,903,911,0.05369217,0.125,other,-3.037631519642865e-15,0.0,-0.025485004763478744,-0.01127824470904469,-0.13436851219990184,-0.1310039113407066,1.846244069529665e-12,3.763701130115475e-12,True
1849,904,911,0.04664907,0.13111695,other,4.821637332766433e-16,0.0,-0.1173515171972111,-0.09702126870210069,-0.11267131786696893,-0.12101925381037514,1.0073013406881503e-11,1.1719872630591519e-11,True
1850,910,911,0.040128045,0.13111695,other,1.3500584531745999e-15,0.0,-0.11708482089617367,-0.05043720919667398,nan,nan,0.0,0.0,False
1851,904,910,0.040128045,0.1372339,other,1.2536257065192714e-15,0.0,-0.11178081214782598,-0.13444621464882034,-0.12055260702293302,-0.13587278041798145,1.0281225648106634e-11,7.201468106030301e-12,True
1852,905,910,0.033607019999999994,0.14630939999999998,other,8.678947198979575e-16,0.0,-0.10881571696352528,-0.10749029573878897,-0.11343629757365248,-0.12115342485793658,3.238345958427905e-11,2.656309719606539e-11,True
1853,909,910,0.027569365,0.14630939999999998,other,3.857309866213147e-16,0.0,-0.11193522958027143,-0.06518476018971775,nan,nan,0.0,0.0,False
1854,905,909,0.027569365,0.1553849,other,-4.821637332766439e-16,0.0,-0.10884972958745906,-0.1394175780655822,-0.15074817629484794,-0.05611168074831185,1.5955810449453836e-12,2.6900610647412686e-12,True
1855,906,907,0.018736654999999998,0.18690372870771532,other,-1.4947075731575976e-15,0.0,-0.1027779315934379,0.10008773662344603,-0.10967443053520867,-0.07503585034194263,1.2931153811682383e-11,1.5337902941979965e-11,True
1856,865,907,0.018736654999999998,0.196080986123146,other,-1.2536257065192751e-15,0.0,-0.11589057615277444,0.036953773575537995,-0.11114848366248026,-0.2636078427480816,8.998923331456921e-12,8.592614766396909e-12,True
1857,906,908,0.018736654999999998,0.1823151,other,0.0,0.0,-0.10779133974526454,-0.02319704412391422,-0.10431248638676241,0.08365026197365613,5.065703101871539e-12,6.675939055227729e-12,True
1858,907,908,0.0159416,0.18690372870771532,other,-1.4947075731575976e-15,0.0,-0.09000655756305705,0.09242255425592101,-0.110384834284903,-0.11613915146752107,8.476763797825679e-12,9.153707755296313e-12,True
1859,906,909,0.02153171,0.16884999999999997,other,-4.339473599489794e-16,0.0,-0.10907838610981954,-0.059791169574903304,-0.11204490630797852,-0.11396938493177236,2.0235218931781755e-11,1.778786266221077e-11,True
1860,908,909,0.018736654999999998,0.16884999999999997,other,-3.8573098662131503e-16,0.0,-0.11195951753435264,-0.06957572865812364,nan,nan,0.0,0.0,False
1861,907,1111,0.0159416,0.196080986123146,other,-2.5072514130385538e-15,0.0,-0.12639694776430974,0.027862301596764987,-0.10988503934751617,-0.2222509232549119,8.135652417556378e-12,8.314043721549405e-12,True
1862,865,1111,0.018736654999999998,0.20066961483086138,other,-1.4464911998299332e-15,0.0,-0.12769696033569147,-0.20780145889554055,-0.09965602984803025,0.024354869797677838,2.6704895919554913e-12,3.556138810038513e-12,True
1863,908,928,0.0159416,0.16884999999999997,other,0.0,0.0,-0.1132806348914959,-0.11962647771742874,-0.11205385669492912,-0.09828905403579183,1.0135327192332768e-11,9.580648635916194e-12,True
1864,928,930,0.013146544999999999,0.16884999999999997,other,0.0,0.0,-0.11268786289820616,-0.01280085703102368,nan,nan,0.0,0.0,False
1865,908,930,0.013146544999999999,0.1823151,other,0.0,0.0,-0.11214620408203367,0.07282303985301095,-0.10838282419014789,-0.1328038579642844,6.7250774935295e-12,5.6903751397925285e-12,True
1866,930,933,0.010351489999999998,0.18690372870771532,other,0.0,0.0,-0.10536346680814147,0.2261900495138936,-0.11034393366098756,-0.09314697314164298,6.961772422965559e-12,7.094721743180728e-12,True
1867,908,933,0.013146544999999999,0.18690372870771532,other,0.0,0.0,-0.095570170783529,0.1770811449521467,nan,nan,0.0,0.0,False
1868,907,933,0.013146544999999999,0.19149235741543066,other,-1.0125438398809526e-15,0.0,-0.10249083027250268,0.3151825838990169,-0.10764931665743133,-0.13856859569213095,4.272602751164962e-12,1.1756851445737094e-12,False
1869,909,926,0.02153171,0.14630939999999998,other,-1.446491199829931e-16,0.0,-0.11525879372304751,-0.10401135080261595,-0.11366517336213053,-0.11824793776993137,2.5285593564069885e-11,2.0818773599975274e-11,True
1870,926,928,0.018736654999999998,0.14630939999999998,other,2.8929823996598605e-16,0.0,-0.11448081333215254,-0.13523227091670664,nan,nan,0.0,0.0,False
1871,909,928,0.018736654999999998,0.1553849,other,-4.821637332766439e-16,0.0,-0.11396264014471616,-0.1289821010738568,-0.10516731721718617,-0.02152957332622165,3.454728665049524e-12,1.6235781821136646e-12,False
1872,910,924,0.033607019999999994,0.13111695,other,1.0607602132086145e-15,9.64327466553287e-17,-0.11775367884221832,0.06794648226982239,-0.1141899800795971,-0.1719547402348806,2.734679094578411e-11,1.541429083935593e-11,True
1873,924,925,0.027569365,0.128058475,other,-9.643274665532872e-17,9.64327466553287e-17,-0.11496935868702944,0.006174399848571922,-0.1080892526596848,-0.08886848347784192,1.1689825707049489e-12,2.1470971796960025e-12,False
1874,910,925,0.027569365,0.13417542500000001,other,8.678947198979575e-16,0.0,-0.11558473101608313,-0.06969571714469998,-0.11538488779279872,-0.1499408451092523,7.502991857377049e-12,4.101823767169547e-12,True
1875,911,923,0.04664907,0.11885195,other,-2.603684159693883e-15,0.0,-0.016233235370756546,-0.029988652545037207,-0.10287389706619555,-0.23493183049704433,1.8930430637609144e-12,3.01085096230814e-12,True
1876,923,924,0.040128045,0.11885195,other,-3.8573098662131503e-16,9.64327466553287e-17,-0.11000557230064119,-0.02997965407672801,nan,nan,0.0,0.0,False
1877,911,924,0.040128045,0.125,other,0.0,0.0,-0.10656653333161181,0.006627381035015316,-0.11855714143889647,-0.14111559187183362,1.002622095772569e-11,6.233979311483752e-12,True
1878,912,922,0.060735269999999994,0.10580291,other,-3.1752621312828176e-09,0.0,-0.020008301126746494,-0.07574308140984017,-0.022809739436083554,-0.07026118864785089,4.885510687277731e-13,3.902786550474907e-13,False
1879,922,923,0.05369217,0.10580291,other,-1.4037632965050226e-10,0.0,-0.024608637004741238,-0.07592509435503719,nan,nan,0.0,0.0,False
1880,912,923,0.05369217,0.11270390000000001,other,-8.991702705500307e-11,0.0,-0.0228119574852162,-0.02116567837895379,-0.010574244229604447,-0.23567459952967296,2.4867420674849057e-13,5.081372086927246e-13,False
1881,913,921,0.07594920999999999,0.09115584,other,-4.441719928544577e-05,-0.0013064971091496745,-0.05517926874690293,-0.05152389143365562,-0.07056318496735141,-0.043340579029290525,6.65772094230047e-14,1.2849659936412544e-13,False
1882,921,922,0.06834223999999998,0.09115584,other,-3.2305888377629248e-06,-0.0013170664415220368,-0.07052644960433363,-0.051436289530242284,nan,nan,0.0,0.0,False
1883,913,922,0.06834223999999998,0.09890191999999999,other,-2.2947270094207436e-06,-1.572893675659147e-05,-0.0705062336529374,-0.06031200289471497,-0.019965398700376044,-0.020572460347368017,9.65254466753962e-14,1.0222940983912454e-13,False
1884,914,920,0.09238117,0.07471507499999999,other,-0.01601029151752128,-0.027110438819572886,-0.009900606600657946,0.00965594762251187,-0.05820148064113909,-0.06284356193294217,5.699903692143908e-14,5.795851749659545e-14,False
1885,920,921,0.08416518999999999,0.07471507499999999,other,-0.005776523466934916,-0.02255708910064177,-0.04239044033767256,0.012164133342886617,nan,nan,0.0,0.0,False
1886,914,921,0.08416518999999999,0.08340976,other,-0.004116111164757009,-0.006391564534843171,-0.04156322129839834,-0.026155651922374734,-0.05904385015590441,-0.04999690322990445,2.6579729551988433e-14,3.189679478486066e-14,False
1887,915,919,0.11012870000000001,0.056260945,other,-0.10218320350043655,-0.08156387130561521,0.03389385478562064,0.028156638103995775,-0.060536968477069686,-0.06155194416802543,5.0531846800501465e-14,5.1296768441870624e-14,False
1888,919,920,0.101254935,0.056260945,other,-0.0943761833791328,-0.06936173779452054,0.02795532625901896,0.024411791018690242,nan,nan,0.0,0.0,False
1889,915,920,0.101254935,0.06602038999999998,other,-0.0649568713043726,-0.05543923166473128,0.025268220855394544,0.02221205963170017,-0.06224375834995871,-0.05920366649150278,2.618047298244757e-14,2.656615974594206e-14,False
1890,916,918,0.129297,0.03554688500000001,other,-0.07764431960100479,-0.07901926902656867,0.009961597922164382,0.011864439198225645,-0.047201880811137846,-0.049458442696017846,5.002898957095008e-14,4.9723874625636406e-14,False
1891,918,919,0.11971285000000002,0.03554688500000001,other,-0.09019263342735319,-0.08434030479121443,0.017882030696947843,0.016686074092139874,nan,nan,0.0,0.0,False
1892,916,919,0.11971285000000002,0.04650150000000001,other,-0.09298039288466439,-0.0936041192179237,0.025316090416400597,0.02546615876425637,-0.04164096354956469,-0.05299702577619224,2.5024065009368166e-14,2.3513811437127114e-14,False
1893,168,917,0.15,0.012296135000000001,other,-0.04227990402113263,-0.046406909832355,-0.0190660422387678,-0.015280471660483245,-0.042152917513817514,-0.043549931268355185,4.6221951496338155e-14,4.6869458615037964e-14,False
1894,168,918,0.13964849999999998,0.012296135000000001,other,-0.04784239027933348,-0.05473173755967152,-0.017659413250088532,-0.00909391656076,nan,nan,0.0,0.0,False
1895,917,918,0.13964849999999998,0.024592270000000003,other,-0.05765116382987536,-0.06114681930103946,-0.0038961239292685163,-0.004456799749703796,-0.0725281102131587,-0.06680561787094794,1.3590001517993493e-14,1.3674218358825977e-14,False
1896,256,918,0.129297,0.012296135000000001,other,-0.05376729197000538,-0.059787268227102855,-0.016347755415973175,-0.009661422401832055,-0.04892128457793459,-0.051001857989274986,5.336314542131503e-14,5.3887870121448326e-14,False
1897,256,1004,0.11971285000000002,0.012296135000000001,other,-0.061237344746726124,-0.06963516290400315,-0.0135175193546537,-0.0016022594309631887,nan,nan,0.0,0.0,False
1898,918,1004,0.11971285000000002,0.024592270000000003,other,-0.07533964244040472,-0.07962112598377076,0.00679467977541787,0.005647516932281472,-0.0728347566119874,-0.06839789121814761,1.6923174432534935e-14,1.6609605255220923e-14,False
1899,919,1004,0.11012870000000001,0.03554688500000001,other,-0.10218602568881702,-0.09421734173288994,0.025422370162479533,0.0202671961116823,-0.058076199072019254,-0.06051695543146209,5.511794697363232e-14,5.5146312801052e-14,False
1900,1003,1004,0.101254935,0.03554688500000001,other,-0.11567626782058327,-0.0929490603865083,0.03250473852130729,0.021035858234885293,nan,nan,0.0,0.0,False
1901,919,1003,0.101254935,0.04650150000000001,other,-0.09987365488466014,-0.09727116026071173,0.029084156709476134,0.02966090511724011,-0.03975682254325013,-0.0587791684070069,2.961724766682578e-14,2.7250295964494842e-14,False
1902,920,1003,0.09238117,0.056260945,other,-0.08066939873028627,-0.06888645677522577,0.01817442857788886,0.02546438433533093,-0.06660128566605306,-0.07167439538717911,5.86608000909194e-14,5.935591529927463e-14,False
1903,1002,1003,0.08416518999999999,0.056260945,other,-0.06356264469593177,-0.058074438589584686,0.006152499459924457,0.021934873802178567,nan,nan,0.0,0.0,False
1904,920,1002,0.08416518999999999,0.06602038999999998,other,-0.043835737874469795,-0.036202690825587185,0.009958369698042783,0.0054009201157221715,-0.07943894666282883,-0.067101012671005,2.7838417359194604e-14,2.925144665359347e-14,False
1905,921,1002,0.07594920999999999,0.07471507499999999,other,-0.0038036373975247452,-0.014674779275932737,-0.040606285587367716,-0.014109638441562869,-0.0745980665515876,-0.07842554886659256,6.844205818667392e-14,7.286190828939212e-14,False
1906,1001,1002,0.06834223999999998,0.07471507499999999,other,-0.0009986755225273982,-0.013457667922583212,-0.07109481771069744,-0.012456411559269687,nan,nan,0.0,0.0,False
1907,921,1001,0.06834223999999998,0.08340976,other,-0.0006755198014647766,-0.0014564555234852792,-0.07058688982736339,-0.05658203521564927,-0.06868725867908171,-0.04744022791538301,2.889701229200387e-14,4.5251921464520016e-14,False
1908,922,1001,0.060735269999999994,0.09115584,other,-2.133538000880369e-06,-0.0002280341907723989,-0.0689706552397503,-0.08176339428939212,-0.09185662226525367,-0.07050370666225995,1.1205792889880138e-13,2.5357565661444943e-13,False
1909,1000,1001,0.05369217,0.09115584,other,-2.6105996201914067e-07,-0.00023455838656454613,-0.09357459631138045,-0.08180512794182632,nan,nan,0.0,0.0,False
1910,922,1000,0.05369217,0.09890191999999999,other,-1.7082111833023014e-07,0.0,-0.09185544923676389,-0.07933215342187569,-0.009770192464378807,0.05762813194080292,2.017418171234868e-13,2.47236694953128e-13,False
1911,923,1000,0.04664907,0.10580291,other,-8.680562448353585e-11,0.0,-0.018833965636698865,-0.10187656572587313,-0.099246969684892,-0.17173433674994637,1.1729269550066665e-12,3.6456284376518403e-13,False
1912,999,1000,0.040128045,0.10580291,other,-1.9068177376683355e-11,-4.821637332766436e-17,-0.11139811997680882,-0.10197684767024122,nan,nan,0.0,0.0,False
1913,923,999,0.040128045,0.11270390000000001,other,-5.38335808206709e-12,-9.643274665532872e-17,-0.09925020501469753,-0.04999793380428989,-0.15275044517014352,0.006034634782702607,4.714188481826194e-13,1.3110540949910262e-10,True
1914,924,949,0.027569365,0.125,other,-9.643274665532881e-16,1.9286549331065737e-16,-0.1146080659785426,0.06690177678321986,-0.11612789300831891,0.031756546797948676,9.249573451970998e-12,1.9304366848720506e-11,True
1915,925,949,0.02153171,0.128058475,other,-6.750292265873015e-16,9.64327466553287e-17,-0.11322214823856397,0.029018222993954117,-0.11470814187390554,-0.6671285768628695,3.58624898234937e-11,2.1612484987570127e-12,False
1916,924,999,0.033607019999999994,0.11885195,other,-3.375146132936506e-16,0.0,-0.1148605872039891,-0.11328841634545642,-0.11457590641319325,0.05779669004872998,1.8905550623936574e-11,4.553158126221673e-11,True
1917,950,999,0.027569365,0.11577792500000002,other,-1.2536257065192751e-15,0.0,-0.11510324621451519,-0.1101870242017092,-0.11348618548882153,-0.0009608290406300632,1.9892702073379242e-12,7.422789836656729e-11,True
1918,924,950,0.027569365,0.12192597499999999,other,-4.339473599489794e-16,9.64327466553287e-17,-0.1143903670166135,0.005694492842903468,-0.11531137018367268,0.006809365591857712,1.0386815713221268e-11,1.383687913320706e-10,True
1919,948,949,0.018736654999999998,0.128058475,other,-7.714619732426304e-16,1.9286549331065737e-16,-0.11590466007754155,0.0008672959577517104,nan,nan,0.0,0.0,False
1920,925,948,0.018736654999999998,0.13111695,other,-1.446491199829931e-16,9.64327466553287e-17,-0.11274347089560552,-0.0001468958222802531,-0.11682232655619607,0.0006713508840164678,1.9777305840907026e-12,6.015729333096246e-10,True
1921,910,926,0.027569365,0.1372339,other,1.3500584531745999e-15,0.0,-0.11438115497310355,-0.08338646978574166,-0.11832688072888585,-0.08315917003328539,7.814913058239007e-12,5.277127511240068e-12,True
1922,925,926,0.02153171,0.13417542500000001,other,2.8929823996598605e-16,0.0,-0.11281875034958863,-0.09531427401610637,-0.1144381150532903,-0.11654181739121017,3.150609895736152e-11,2.2501000711966824e-11,True
1923,925,927,0.018736654999999998,0.13417542500000001,other,-5.303801066043082e-16,0.0,-0.11217833105500889,-0.0013940224169937234,nan,nan,0.0,0.0,False
1924,926,927,0.018736654999999998,0.1372339,other,9.64327466553287e-17,0.0,-0.11385028624815445,-0.0013112064880686442,-0.12130488636953962,-0.00028820298189965494,1.5942792544638052e-12,2.2808573229509526e-10,True
1925,927,928,0.0159416,0.14630939999999998,other,-2.4108186663832183e-16,0.0,-0.11401577167528953,-0.0010702260169983843,-0.11367708245130176,0.13500307184737861,1.0668913454126505e-11,1.1027186430210981e-11,True
1926,927,948,0.0159416,0.13417542500000001,other,-4.821637332766439e-16,9.64327466553287e-17,-0.11151469589390145,0.00015069522298840918,-0.11444462452963738,0.009361200384411952,1.241445355181028e-11,1.5248835001689312e-10,True
1927,947,948,0.013146544999999999,0.13417542500000001,other,-1.9286549331065747e-16,9.64327466553287e-17,-0.11131882146503282,-0.000356306039669477,nan,nan,0.0,0.0,False
1928,927,947,0.013146544999999999,0.1372339,other,-7.714619732426304e-16,9.64327466553287e-17,-0.11259759582770508,-0.0007218541770258857,-0.0944975597386389,-0.0002095179513791733,1.5137157369072348e-13,1.2520571831508444e-09,True
1929,927,929,0.013146544999999999,0.14630939999999998,other,-3.8573098662131503e-16,0.0,-0.11340578417676779,0.0008847725313049338,nan,nan,0.0,0.0,False
1930,928,929,0.013146544999999999,0.1553849,other,-9.643274665532872e-17,0.0,-0.1130237560900088,-0.005475383672818021,-0.11050616688955214,-0.0008153209382987552,3.988093480466912e-12,2.1038649681452178e-10,True
1931,929,930,0.010351489999999998,0.16884999999999997,other,0.0,0.0,-0.11390573912588328,0.010835943491777715,-0.11203346397073297,0.044558970063278566,4.539642343281592e-12,1.3257522057714882e-11,True
1932,929,947,0.010351489999999998,0.14630939999999998,other,-1.9286549331065747e-16,9.64327466553287e-17,-0.11343279575588983,-0.0007968072217143036,-0.11368258485271648,0.003060330434230984,2.734275331905507e-12,1.53112727372636e-10,True
1933,946,947,0.00905755375,0.14630939999999998,other,-9.643274665532881e-16,1.9286549331065737e-16,-0.1142829998408466,-0.0008047382238581298,nan,nan,0.0,0.0,False
1934,929,946,0.00905755375,0.1553849,other,-4.821637332766439e-16,9.64327466553287e-17,-0.11582449456253321,0.0006522603140305737,-0.1113289837805739,0.0001261577642126394,2.1830267337865455e-12,6.899702919064277e-10,True
1935,929,931,0.00905755375,0.16884999999999997,other,1.7357894397959133e-15,0.0,-0.11656949825462984,-0.0004957656194470455,nan,nan,0.0,0.0,False
1936,930,931,0.00905755375,0.1823151,other,1.0607602132086145e-15,0.0,-0.11429039316558323,0.038968178572837034,-0.10919170615363508,-0.050366461689944,4.301741937778777e-12,1.602514111727366e-11,True
1937,931,932,0.0077636175,0.18690372870771532,other,9.64327466553287e-17,0.0,-0.1015287481517579,0.29823540821424094,-0.11032722959617997,-0.02630957231221821,3.3958263317116437e-12,2.7904392160543736e-12,True
1938,930,932,0.00905755375,0.18690372870771532,other,-7.232455999149659e-16,0.0,-0.10560357782997412,0.3478823334725306,nan,nan,0.0,0.0,False
1939,932,933,0.00905755375,0.19149235741543066,other,-5.785964799319727e-16,0.0,-0.12104369272477575,0.42942118814471686,-0.14857018540441777,-0.2714468197074485,9.85634336142773e-14,4.3679999780091465e-12,True
1940,931,944,0.007116649375000001,0.18690372870771532,other,-6.750292265873015e-16,0.0,-0.09691001300805645,-0.07120378481982502,nan,nan,0.0,0.0,False
1941,932,944,0.007116649375000001,0.19149235741543066,other,-1.9286549331065786e-15,0.0,-0.10011515288326783,0.28643055102009507,-0.13683795990988434,-0.21959748621821273,7.25950248709498e-14,4.215611708364283e-12,True
1942,931,945,0.007116649375000001,0.1823151,other,1.157192959863943e-15,0.0,-0.11107039046110649,-0.43130453363042714,-0.10880088200057418,-0.0018084098980614696,2.5134990879317855e-12,5.60909009641651e-11,True
1943,944,945,0.00646968125,0.18690372870771532,other,-1.6875730664682557e-15,0.0,-0.09691001300805652,-0.4014579051133105,-0.11033014988122064,-0.2703771290109312,1.7097442816872278e-12,7.168310927714902e-13,False
1944,931,946,0.0077636175,0.16884999999999997,other,1.8322221864512418e-15,9.64327466553287e-17,-0.11523126950189111,-0.0008008910492987583,-0.11202671906257436,0.015235864243891112,1.60637080874682e-12,2.1036622308780165e-11,True
1945,945,946,0.007116649375000001,0.16884999999999997,other,0.0,9.64327466553287e-17,-0.11278716121967894,-0.01865942555418181,nan,nan,0.0,0.0,False
1946,932,943,0.007116649375000001,0.19378667176928835,other,-6.750292265873015e-16,0.0,-0.14006140686551782,-0.21916093147106935,nan,nan,0.0,0.0,False
1947,935,943,0.007116649375000001,0.19608098612314603,other,0.0,9.64327466553287e-17,-0.1604213436144511,-0.47199775047265435,-0.11184343851815148,1.206187728332246,4.420194111759579e-13,9.878610283483308e-12,True
1948,932,935,0.0077636175,0.19378667176928835,other,-6.268128532596371e-16,9.64327466553287e-17,-0.15791520986437171,0.4179493348993136,-0.10977769033174176,-0.12257839224151734,3.3693027324762088e-12,3.3398534724580252e-12,True
1949,933,935,0.00905755375,0.19378667176928835,other,9.64327466553287e-17,0.0,-0.14436969050157678,0.2978224921524811,-0.10957413784573057,-0.39398509428724243,6.817722503074627e-12,3.904805218102957e-12,True
1950,933,934,0.010351489999999998,0.196080986123146,other,6.750292265873004e-16,0.0,-0.13367294091635423,0.3833661657328648,-0.10971424596958303,-0.32930710816252307,4.516121616684837e-12,4.184890674718273e-12,True
1951,907,934,0.013146544999999999,0.196080986123146,other,0.0,0.0,-0.12593625603500547,0.38424164706168873,nan,nan,0.0,0.0,False
1952,934,935,0.00905755375,0.1983753004770037,other,5.785964799319719e-16,0.0,-0.10543333400068527,0.3472396184247057,-0.1099233028216835,-0.3211339752547753,5.109383710348671e-12,6.773610906244995e-12,True
1953,935,936,0.0077636175,0.19722814330007485,other,6.750292265873004e-16,0.0,0.020774897574150023,0.09349754057314431,-0.10958725626194266,-1.3262747865248392,5.519247165625986e-12,6.064872365482066e-13,False
1954,934,936,0.00905755375,0.1995224576539325,other,1.2536257065192714e-15,0.0,-0.02372621730916173,0.12656779675649085,-0.11036592861877174,-0.18668448129167295,2.1423409662918457e-12,6.366133223752197e-12,True
1955,934,937,0.00905755375,0.20066961483086138,other,-6.268128532596371e-16,0.0,-0.1064074277630296,-0.042426048911281135,-0.10769730220160957,-0.05394003789683464,1.8713939240779424e-12,2.3277928887417235e-12,False
1956,937,1110,0.0077636175,0.20324550193354884,other,-1.880438559778914e-15,0.0,-0.11720042126984644,-0.16037881911604596,-0.1090586286005866,-0.052926276199107246,4.267586496550299e-12,5.462726214546799e-12,True
1957,934,1110,0.00905755375,0.20324550193354884,other,0.0,0.0,-0.11053717408198356,0.03429837940896918,nan,nan,0.0,0.0,False
1958,1105,1110,0.00905755375,0.20582138903623634,other,-4.821637332766439e-16,0.0,-0.08894108333678098,-0.10906906660781501,-0.10135955053104727,0.49152456525891486,4.32109183568768e-13,5.818565811715727e-12,True
1959,934,1105,0.010351489999999998,0.20324550193354884,other,5.785964799319719e-16,0.0,-0.10446355320493185,0.2631929290670056,-0.1090419105478095,-0.3656989356137432,9.544777493433944e-12,4.900930670642499e-12,True
1960,935,942,0.007116649375000001,0.19722814330007485,other,9.64327466553287e-17,9.64327466553287e-17,-0.05942154391855612,-0.09493202119232086,nan,nan,0.0,0.0,False
1961,936,942,0.007116649375000001,0.19837530047700366,other,9.64327466553286e-16,0.0,-0.057991946977686865,-0.07999326669262198,-0.10593340502295838,-0.45868001323373664,1.7993399792852874e-13,1.7708392880273104e-12,False
1962,936,937,0.0077636175,0.1995224576539325,other,-8.196783465702948e-16,0.0,-0.11178042490776396,-0.062402364207630734,-0.10943891367652048,-0.5273341585705116,3.196704828286856e-12,2.1739580297624857e-12,False
1963,936,938,0.007116649375000001,0.1995224576539325,other,5.785964799319719e-16,0.0,-0.12493873660830002,-0.1203176029622982,nan,nan,0.0,0.0,False
1964,937,938,0.007116649375000001,0.20066961483086138,other,-1.4464911998299332e-15,0.0,-0.12493873660829995,-0.19047538136673592,-0.1081545112077243,0.0,8.003373487806389e-13,2.9144122089194336e-12,True
1965,937,939,0.007116649375000001,0.20324550193354884,other,-2.1697367997449015e-15,-4.821637332766436e-17,-0.12493873660829995,0.20698834943316985,nan,nan,0.0,0.0,False
1966,939,1110,0.007116649375000001,0.20582138903623634,other,-1.350058453174604e-15,-4.821637332766436e-17,-0.09691001300805639,0.29073206179104244,-0.10245258846042996,0.8846048284891522,2.606918383758981e-13,1.009234606966773e-11,True
1967,938,939,0.00646968125,0.20324550193354884,other,-6.750292265873015e-16,-4.821637332766436e-17,-0.12493873660829995,0.10844552783317916,-0.1090444372974117,-0.0990139625006768,2.1117541774460467e-12,2.457273998382464e-12,True
1968,938,940,0.006146197187500001,0.20324550193354884,other,-1.446491199829931e-16,0.0,-0.12493873660829995,-0.14471045439940222,nan,nan,0.0,0.0,False
1969,939,940,0.006146197187500001,0.20582138903623634,other,-7.714619732426304e-16,-4.821637332766436e-17,-0.09691001300805652,0.3196353667882662,-0.09970291319158223,0.6499616348209315,1.4909171881561597e-13,7.099755236116005e-12,True
1970,938,942,0.00646968125,0.1995224576539325,other,9.64327466553287e-17,0.0,-0.12493873660829995,-0.23008374127058254,-0.10943977938263354,-0.09309919519984772,1.6875720432907177e-12,2.284319610805317e-12,False
1971,941,942,0.006146197187500001,0.1995224576539325,other,0.0,0.0,-0.12493873660829995,-0.08522711845520224,nan,nan,0.0,0.0,False
1972,938,941,0.006146197187500001,0.20066961483086138,other,0.0,0.0,-0.12493873660829995,-0.11852537343377993,-0.10365501543065295,0.0,3.793733008069005e-13,3.656164848948972e-12,True
1973,939,1109,0.00646968125,0.20851815501753157,other,-6.750292265873015e-16,0.0,-0.07255066714861179,0.2961273827984615,-0.1086552888350543,-0.192584796464864,2.2280799629454084e-12,1.8684518532360465e-12,False
1974,1109,1110,0.007116649375000001,0.20851815501753157,other,-4.339473599489794e-16,0.0,-0.07255066714861168,-0.05691951230671852,nan,nan,0.0,0.0,False
1975,940,1112,0.005822713125000001,0.20851815501753157,other,5.785964799319719e-16,0.0,-0.07255066714861179,0.06388758746461332,-0.10866407834295885,-0.11413144861064554,1.4869525161197384e-12,1.3072721205278179e-12,False
1976,939,1112,0.006146197187500001,0.20851815501753157,other,-1.9286549331065747e-16,0.0,-0.07255066714861168,0.3675294585590115,nan,nan,0.0,0.0,False
1977,940,941,0.005822713125000001,0.20324550193354884,other,0.0,0.0,-0.12493873660829995,0.009289664524046323,-0.10906158376553986,0.006217408184847092,1.4046170492121162e-12,1.6709463997459435e-12,False
1978,941,1080,0.005822713125000001,0.1995224576539325,other,2.8929823996598605e-16,0.0,-0.12493873660829995,0.2915420331197393,-0.10935346094469581,0.0,1.1469924428684566e-12,1.8689406961859545e-12,False
1979,1080,1081,0.0054992290625,0.1995224576539325,other,7.71461973242629e-16,-4.821637332766436e-17,-0.12493873660830002,0.35343581916165584,nan,nan,0.0,0.0,False
1980,941,1081,0.0054992290625,0.20066961483086138,other,1.0607602132086145e-15,-1.446491199829931e-16,-0.12493873660829995,-0.04624944226120093,-0.10645533091538043,-0.053068807706546435,1.1839461635461506e-13,3.3499381848879833e-12,True
1981,941,1082,0.0054992290625,0.20324550193354884,other,1.9286549331065737e-16,0.0,-0.12493873660829995,0.00574028726966936,nan,nan,0.0,0.0,False
1982,940,1082,0.0054992290625,0.20582138903623634,other,0.0,-4.821637332766436e-17,-0.09691001300805652,0.019868989507371725,-0.09017663035066524,-0.03821655073421012,6.262919090475408e-14,8.571481600357678e-12,True
1983,942,943,0.00646968125,0.19722814330007485,other,0.0,0.0,-0.10871997201481881,-0.5480909535075571,-0.10959154411490461,-0.05088276844637295,1.4747501326518418e-12,1.7012320169921547e-12,False
1984,943,963,0.006146197187500001,0.19608098612314603,other,0.0,0.0,-0.10473535052001293,-0.02729167868511744,-0.114345663110875,0.43133865226122475,2.43343378930733e-13,1.467821113894086e-11,True
1985,963,1080,0.005822713125000001,0.19722814330007485,other,0.0,0.0,-0.09691001300805634,0.3906867578228141,-0.10964786666804087,0.008460501627114642,9.926256990665143e-13,2.072287000634597e-12,False
1986,943,1080,0.006146197187500001,0.19722814330007485,other,0.0,0.0,-0.09691001300805634,0.04175000582656593,nan,nan,0.0,0.0,False
1987,942,1080,0.006146197187500001,0.19837530047700366,other,0.0,0.0,-0.1091444694250681,0.3090802047244935,-0.11197375944393281,-0.09207291294582712,3.397043730356212e-14,9.397535365140766e-12,True
1988,943,944,0.00646968125,0.19378667176928835,other,-1.0125438398809526e-15,0.0,-0.10914446942506797,-0.49015042667847103,-0.10978614664809302,-0.010400583980243855,1.6741751970843248e-12,1.8082263452356727e-12,False
1989,944,963,0.006146197187500001,0.19378667176928835,other,-1.3982748265022685e-15,0.0,-0.10914446942506803,0.2823314095926707,nan,nan,0.0,0.0,False
1990,945,957,0.00646968125,0.16884999999999997,other,0.0,-9.643274665532872e-17,-0.10761305253138764,-0.010450617775694315,-0.11202373370838677,0.011394541304819027,6.91244563574445e-13,1.2662594718369088e-11,True
1991,957,959,0.006146197187500001,0.16884999999999997,other,0.0,-9.643274665532872e-17,-0.10819634387335184,0.0005234485684809232,nan,nan,0.0,0.0,False
1992,945,959,0.006146197187500001,0.1823151,other,0.0,0.0,-0.09263762553757746,-0.2441781406810744,-0.10885191671484677,-0.012872175378294931,1.4955318011697202e-12,5.587407356008041e-11,True
1993,959,962,0.005822713125000001,0.18690372870771532,other,0.0,0.0,-0.09085869210846974,0.10662379829887168,-0.11032562203013874,-1.1774445887429907,1.133406615430351e-12,2.624804703409466e-14,False
1994,945,962,0.006146197187500001,0.18690372870771532,other,-1.9286549331065747e-16,0.0,-0.08092633779211533,-0.08733577884892266,nan,nan,0.0,0.0,False
1995,944,962,0.006146197187500001,0.19149235741543066,other,-1.6393566931405912e-15,0.0,-0.1001151528832679,0.13442841165451566,-0.1760912590472582,0.07292096471982519,3.250693695433459e-14,4.086844188906019e-12,True
1996,946,955,0.0077636175,0.14630939999999998,other,-7.714619732426304e-16,0.0,-0.11409038419749236,2.552338749521577e-05,-0.11368591970627005,0.001197364208993095,5.838649897851667e-13,1.1364468153446675e-10,True
1997,955,957,0.007116649375000001,0.14630939999999998,other,-1.446491199829931e-16,-4.821637332766436e-17,-0.11360704371878293,5.495858632531302e-05,nan,nan,0.0,0.0,False
1998,946,957,0.007116649375000001,0.1553849,other,-3.8573098662131503e-16,0.0,-0.11295439556818916,0.00023111805138504318,-0.11152979445607514,-0.00198214341218554,1.1603768392346942e-12,8.127256026300113e-10,True
1999,947,953,0.010351489999999998,0.13417542500000001,other,-6.268128532596371e-16,9.64327466553287e-17,-0.11079116138746273,-0.00032034288348015643,-0.11447565935074111,0.0006487407058840351,2.6327610871795067e-12,5.58060581765716e-10,True
2000,953,955,0.00905755375,0.13417542500000001,other,-4.339473599489794e-16,0.0,-0.1120373874460441,-5.523366951437864e-05,nan,nan,0.0,0.0,False
2001,947,955,0.00905755375,0.1372339,other,-4.821637332766439e-16,0.0,-0.11287239355568618,-0.0002790277055389167,-0.09910342414471013,-5.985233218560302e-07,4.9829445512487216e-14,2.2660864364540565e-09,True
2002,948,951,0.0159416,0.128058475,other,-1.446491199829931e-16,1.9286549331065737e-16,-0.11746339866879582,0.00030155995170615916,-0.11471848736530862,0.00400600811464191,1.2429289407758887e-11,3.360796105426735e-10,True
2003,951,952,0.013146544999999999,0.1265292375,other,-1.446491199829931e-16,9.64327466553287e-17,-0.11599455755606708,0.0001086428688029824,-0.11422665598304696,-0.00021541174896518513,2.1637616037429753e-13,4.063676218663759e-10,True
2004,948,952,0.013146544999999999,0.1295877125,other,-3.8573098662131503e-16,9.64327466553287e-17,-0.11691333824429831,-4.107489624539132e-05,-0.11481499971498381,0.0004321681367893457,1.1700219383824862e-12,5.264896683920907e-10,True
2005,949,950,0.02153171,0.12192597499999999,other,-1.3982748265022685e-15,1.9286549331065737e-16,-0.11582477415611803,0.006674549532303231,-0.11496460717357453,0.01495636282536203,4.006769592688123e-11,2.616856961955931e-10,True
2006,950,951,0.018736654999999998,0.12192597499999999,other,-4.339473599489794e-16,1.9286549331065737e-16,-0.11572169113036022,0.0011660427959277774,nan,nan,0.0,0.0,False
2007,949,951,0.018736654999999998,0.125,other,-1.1089765865362815e-15,9.64327466553287e-17,-0.11692358629070951,0.0007729947165928859,-0.1152973055246612,0.0008704278647714419,5.044268220272821e-12,7.738775281902918e-10,True
2008,950,998,0.02153171,0.11577792500000002,other,-3.4233625062641828e-15,-2.8929823996598625e-16,-0.11571451253956341,-0.11756809678721675,-0.11515290407052992,0.008280636787707674,3.7939431505234326e-11,4.1437860238510156e-10,True
2009,997,998,0.018736654999999998,0.11577792500000002,other,-1.123441498534594e-14,-2.8929823996598625e-16,-0.11504786578342688,-0.11408810111619988,nan,nan,0.0,0.0,False
2010,950,997,0.018736654999999998,0.11885195000000001,other,-1.5429239464852621e-15,0.0,-0.11551881007173807,0.0029161243604542983,-0.1149057918173631,0.0014238619896179599,1.052582052297847e-11,7.05498805228032e-10,True
2011,951,972,0.013146544999999999,0.125,other,-1.2536257065192751e-15,-9.643274665532872e-17,-0.114853397614166,0.0002455801995447546,-0.11480089028567188,0.00027018490669308143,1.892198400092858e-12,1.0115300009893472e-09,True
2012,952,972,0.010351489999999998,0.1265292375,other,-1.6875730664682557e-15,-9.643274665532872e-17,-0.11519945816821864,3.139852290289036e-05,-0.1147236499484877,0.0012826186460329451,3.768598537868573e-12,3.9724371113008583e-10,True
2013,951,997,0.0159416,0.12192597499999999,other,-7.714619732426304e-16,-4.821637332766436e-17,-0.11501481420148901,0.0014916798312200148,-0.11490170643756,0.0031537829532052534,1.3743914842332338e-11,5.052847489157684e-10,True
2014,973,997,0.013146544999999999,0.1203889625,other,-4.628771839455803e-15,-1.9286549331065747e-16,-0.11467137955971009,0.0013244561784426091,-0.1144171570761788,-0.0002913929651734323,4.831529683794398e-13,2.003044126160563e-10,True
2015,951,973,0.013146544999999999,0.12346298750000001,other,-1.4464911998299332e-15,-1.446491199829931e-16,-0.11472925513438244,0.000410017254963195,-0.11476632358898882,0.0008733183756115365,2.0538795267414004e-12,4.3425447234305535e-10,True
2016,971,972,0.00905755375,0.1265292375,other,-2.2661695464002305e-15,-1.446491199829931e-16,-0.11517840258546756,0.00033126551909393035,nan,nan,0.0,0.0,False
2017,952,971,0.00905755375,0.12805847500000003,other,-1.4464911998299332e-15,-9.643274665532872e-17,-0.11521943034586486,0.0001927175649564168,-0.11482753307339642,2.3584635616879452e-05,4.017414938376122e-13,7.390093468025893e-10,True
2018,948,953,0.013146544999999999,0.13111695,other,-2.4108186663832183e-16,9.64327466553287e-17,-0.11388602315795689,-4.7605037378160336e-05,-0.11550169981944097,4.625512148425796e-05,7.929027016802119e-13,1.393961402150321e-09,True
2019,952,953,0.010351489999999998,0.1295877125,other,-6.268128532596371e-16,0.0,-0.11690747419853889,-0.00010265736259914109,-0.11467194907621936,0.0007151854150506696,3.2166887425019145e-12,6.621850822521434e-10,True
2020,952,954,0.00905755375,0.1295877125,other,-1.2054093331916106e-15,0.0,-0.11603822902872206,4.99070206621944e-05,nan,nan,0.0,0.0,False
2021,953,954,0.00905755375,0.13111695,other,-4.821637332766439e-16,0.0,-0.11504854430901058,5.401825814495158e-05,-0.11541333576864246,-5.4714068653245684e-05,2.0895778378610156e-13,1.3422434860507833e-09,True
2022,954,955,0.0077636175,0.13417542500000001,other,-6.750292265873015e-16,-9.643274665532872e-17,-0.1134846137258143,0.00013399610461419371,-0.11449197675464645,0.000383497019723282,5.477548012311742e-13,2.044528638882441e-10,True
2023,954,971,0.0077636175,0.1295877125,other,-1.5911403198129266e-15,-9.643274665532872e-17,-0.11551954345128837,0.0003865408363789952,-0.11466569322839407,0.000443969355002913,6.862897035724228e-13,1.7694321243904382e-10,True
2024,970,971,0.007116649375000001,0.1295877125,other,-1.8322221864512493e-15,0.0,-0.11565573644588997,0.0010345050988279654,nan,nan,0.0,0.0,False
2025,954,970,0.007116649375000001,0.13111695,other,-8.678947198979593e-16,9.64327466553287e-17,-0.11477157041490331,0.0006732681441863425,-0.11547812179068406,0.00010806905080025417,7.042824502351008e-14,4.4307796348042007e-10,True
2026,954,956,0.007116649375000001,0.13417542500000001,other,-7.232455999149659e-16,9.64327466553287e-17,-0.11362639389713751,0.00021342432203828304,nan,nan,0.0,0.0,False
2027,955,956,0.007116649375000001,0.1372339,other,-4.821637332766439e-16,9.64327466553287e-17,-0.11347257233455407,0.00010976159601013813,-0.0936198875610096,-0.0002910530186642312,1.3704560898961801e-14,1.7044251011606516e-09,True
2028,956,957,0.00646968125,0.14630939999999998,other,-1.9286549331065747e-16,0.0,-0.11346810752269536,0.0002402203469758226,-0.11368690350884514,0.0010656188089344088,1.8213588017236588e-13,4.8629135454529287e-11,True
2029,956,970,0.00646968125,0.13417542500000001,other,-7.232455999149659e-16,9.64327466553287e-17,-0.11376347828310311,0.0009117992918889514,-0.11449838862995236,0.0003865265413381895,1.7514491044831976e-13,6.415667781818461e-11,True
2030,969,970,0.006146197187500001,0.13417542500000001,other,-1.0125438398809526e-15,9.64327466553287e-17,-0.11328610670663927,0.0011843906979266247,nan,nan,0.0,0.0,False
2031,956,969,0.006146197187500001,0.1372339,other,-2.4108186663832183e-16,0.0,-0.11356992624607962,0.00032816929039048,-0.09056983497703772,0.0007579518724575941,6.74474409092611e-15,5.752817341219706e-10,True
2032,956,958,0.006146197187500001,0.14630939999999998,other,-1.9286549331065747e-16,1.9286549331065737e-16,-0.11346810752269523,0.0002940635923520129,nan,nan,0.0,0.0,False
2033,957,958,0.006146197187500001,0.1553849,other,-1.446491199829931e-16,0.0,-0.11229725627967439,0.0005471335216421688,-0.11117507268919237,-0.002795939360838274,6.512221706932458e-13,5.539269704953951e-10,True
2034,958,959,0.005822713125000001,0.16884999999999997,other,0.0,9.64327466553287e-17,-0.11069829749368976,0.0009383008138558918,-0.11202361020061906,0.01050938207720585,4.2114517517871006e-13,7.604240416645438e-12,True
2035,958,969,0.005822713125000001,0.14630939999999998,other,-9.643274665532872e-17,-9.643274665532872e-17,-0.11346810752269523,0.0005590390686131933,-0.1136871996443736,0.0011078628702875504,9.457567302045885e-14,2.613926429883578e-11,True
2036,968,969,0.0054992290625,0.14630939999999998,other,9.64327466553287e-17,0.0,-0.11346810752269536,0.0004053393946430923,nan,nan,0.0,0.0,False
2037,958,968,0.0054992290625,0.1553849,other,9.64327466553287e-17,9.64327466553287e-17,-0.11229725627967445,0.0003864858170103905,-0.11179261471475639,0.012241057286655558,3.2497045785207526e-13,3.780979841841111e-10,True
2038,958,960,0.0054992290625,0.16884999999999997,other,0.0,9.64327466553287e-17,-0.1106982974936897,0.006098510049901918,nan,nan,0.0,0.0,False
2039,959,960,0.0054992290625,0.1823151,other,0.0,0.0,-0.11163326982876277,0.07106324623926895,-0.1124221791863043,0.09673644369673369,7.775187662419455e-13,1.3105244782681557e-11,True
2040,960,961,0.005175744999999999,0.18690372870771532,other,0.0,0.0,-0.1191864077192087,0.03596821862700374,-0.11031991488848207,-0.49571505622796735,6.553737232513214e-13,5.337689847576291e-14,False
2041,959,961,0.0054992290625,0.18690372870771532,other,0.0,0.0,-0.11918640771920858,-0.013441993675477987,nan,nan,0.0,0.0,False
2042,961,962,0.0054992290625,0.19149235741543066,other,0.0,0.0,-0.11650556907143712,0.04753717505870136,-0.12493873661672708,-0.15713981163702737,1.6025457379899653e-14,9.629390671818687e-12,True
2043,960,966,0.005110841585408744,0.18690372870771532,other,9.64327466553287e-17,0.0,-0.11918640771920858,0.09030764485353157,nan,nan,0.0,0.0,False
2044,961,966,0.005110841585408744,0.19149235741543066,other,0.0,0.0,-0.11650556907143712,-0.013200662125008792,nan,-0.5521143848596373,0.0,5.512026836215155e-12,True
2045,960,967,0.005110841585408744,0.1823151,other,8.678947198979575e-16,0.0,-0.11163326982876283,0.013905760637384548,-0.08715017571608877,-0.056369992132835,3.8175093313508706e-13,2.8851694145826767e-11,True
2046,966,967,0.005045938170817487,0.18690372870771532,other,6.750292265873004e-16,0.0,-0.11918640771920858,0.0011850925569535282,-0.11032496504095793,-0.33283262348871145,5.311096806491741e-13,5.7051762471807e-14,False
2047,960,968,0.005175744999999999,0.16884999999999997,other,3.857309866213147e-16,0.0,-0.11069829749368976,0.004203179256561552,-0.11202396049869046,0.010901307603829395,2.2439810398912954e-13,4.4597298857050895e-12,True
2048,967,968,0.005110841585408744,0.16884999999999997,other,1.0607602132086145e-15,0.0,-0.1106982974936897,8.52710831759089e-05,nan,nan,0.0,0.0,False
2049,961,964,0.005175744999999999,0.19378667176928835,other,2.8929823996598605e-16,0.0,-0.10914446942506803,-0.0264938951863488,-0.1098074847926947,-0.06134848483672527,6.477567544925308e-13,8.521057486983957e-13,False
2050,962,964,0.0054992290625,0.19378667176928835,other,7.71461973242629e-16,0.0,-0.10914446942506803,0.041926638306550905,nan,nan,0.0,0.0,False
2051,961,965,0.005110841585408744,0.19378667176928835,other,-3.375146132936506e-16,0.0,-0.10914446942506803,-0.028217247850965847,nan,nan,0.0,0.0,False
2052,964,965,0.005110841585408744,0.19608098612314603,other,2.8929823996598605e-16,0.0,-0.10473535052001293,-0.03702509451867098,-0.09691001300805603,-0.44549466490291234,5.63598190172138e-14,1.50491522929629e-12,False
2053,962,963,0.005822713125000001,0.19378667176928835,other,-9.643274665532872e-17,0.0,-0.10914446942506803,0.25351185313176516,-0.10978946535979549,-0.05201107523062159,1.1092615253499325e-12,1.5080514896493003e-12,False
2054,963,964,0.0054992290625,0.19608098612314603,other,8.678947198979575e-16,0.0,-0.10473535052001293,0.1041418221527933,-0.10473535052001072,0.0012182120094220246,1.2743302371928957e-13,1.2056585881066107e-11,True
2055,963,1079,0.0054992290625,0.19722814330007485,other,9.64327466553287e-17,0.0,-0.09691001300805639,0.1405877681922964,nan,nan,0.0,0.0,False
2056,1079,1080,0.0054992290625,0.19837530047700366,other,0.0,0.0,-0.10914446942506803,0.18647393814068725,-0.11323197707504896,0.040640650035973294,1.858053945070693e-13,6.607821205947849e-12,True
2057,964,1078,0.005110841585408744,0.19722814330007485,other,4.821637332766433e-16,9.64327466553287e-17,-0.09691001300805634,0.5806059813183841,nan,nan,0.0,0.0,False
2058,1078,1079,0.005110841585408744,0.19837530047700366,other,0.0,0.0,-0.1091444694250681,0.6149010129970964,-0.11069829749368913,0.022550995984056375,2.9878572389915653e-13,8.125237286663683e-11,True
2059,964,1079,0.005175744999999999,0.19722814330007485,other,7.71461973242629e-16,0.0,-0.09691001300805639,-0.023220497289239646,-0.10955966494608291,0.004755874910860044,5.783646321697982e-13,1.264851333913125e-12,False
2060,965,1078,0.005045938170817487,0.19722814330007485,other,-3.375146132936506e-16,9.64327466553287e-17,-0.09691001300805634,0.7010364606320789,-0.10954602196183233,-0.0039710323167540616,4.692154874232609e-13,1.0782192878395348e-12,False
2061,965,966,0.005045938170817487,0.19378667176928835,other,0.0,0.0,-0.10914446942506803,-0.015802567429645652,-0.1098109119210618,-0.10299913917591721,5.264874825013589e-13,4.981555184666099e-13,False
2062,968,980,0.005175744999999999,0.14630939999999998,other,-3.8573098662131503e-16,0.0,-0.11346810752269536,-0.0006117428834032081,-0.1136872862814216,0.0012258117764231077,4.4514980215855925e-14,1.4215095209916754e-11,True
2063,980,982,0.005110841585408744,0.14630939999999998,other,-1.350058453174604e-15,-9.643274665532872e-17,-0.1134681075226953,-0.0004967223968378463,nan,nan,0.0,0.0,False
2064,968,982,0.005110841585408744,0.1553849,other,-7.232455999149659e-16,0.0,-0.11229725627967432,0.0004056946316574476,-0.11809931207679072,0.02339890645773471,1.4392919486159747e-13,1.8885633415884496e-10,True
2065,969,978,0.005822713125000001,0.13417542500000001,other,-9.643274665532881e-16,-1.446491199829931e-16,-0.11294967716969702,0.0005033272478614517,-0.11449867267987013,0.0004553104019071256,9.182144780912994e-14,3.1574818282064824e-11,True
2066,978,980,0.0054992290625,0.13417542500000001,other,-4.339473599489794e-16,-1.446491199829931e-16,-0.11429993845741597,3.236404161015787e-05,nan,nan,0.0,0.0,False
2067,969,980,0.0054992290625,0.1372339,other,-1.446491199829931e-16,-1.446491199829931e-16,-0.11329146811168095,-0.00018352108864387164,-0.10037054511756463,0.009928868086654628,3.926547564107823e-15,8.774194722460596e-11,True
2068,970,976,0.00646968125,0.1295877125,other,-2.4108186663832244e-15,9.64327466553287e-17,-0.1154573641958166,0.0009140947233942583,-0.11466568476480356,0.0005318555299209896,2.1450425055199816e-13,4.059417061619779e-11,True
2069,976,978,0.006146197187500001,0.1295877125,other,-2.6519005330215478e-15,-4.821637332766436e-17,-0.11503518653761309,0.0003545688968239648,nan,nan,0.0,0.0,False
2070,970,978,0.006146197187500001,0.13111695,other,-1.9286549331065786e-15,9.64327466553287e-17,-0.11418803127773426,0.0010151987900101859,-0.11534279867956886,0.0025226222365684805,3.107574361359726e-14,1.2441846460238093e-11,True
2071,971,974,0.0077636175,0.1265292375,other,-3.857309866213166e-15,-2.4108186663832183e-16,-0.11490533636056881,0.0013132421352778298,-0.1147117350081523,0.001262593714534254,6.576101201813401e-13,6.544230650452514e-11,True
2072,974,975,0.007116649375000001,0.12576461874999997,other,-4.773420959438797e-15,-2.8929823996598625e-16,-0.11572093954417266,0.0015096838730785035,-0.11470544766589477,0.004181284407572986,2.542737545654327e-13,8.142575492482611e-12,True
2073,971,975,0.007116649375000001,0.12729385625,other,-3.809093492885501e-15,-1.446491199829931e-16,-0.11395752349685676,0.0005713233967207068,-0.11471738242679022,0.0005584314333177393,3.3377516085680915e-13,6.79208659748606e-11,True
2074,972,973,0.010351489999999998,0.12346298750000001,other,-4.532339092800473e-15,-1.9286549331065747e-16,-0.11462940701312146,0.00027741007590352404,-0.11475306701927092,0.0018423233085065628,4.944917211672935e-12,3.5989349787805975e-10,True
2075,973,974,0.00905755375,0.12346298750000001,other,-7.136023252494383e-15,-2.8929823996598625e-16,-0.11446496787217092,0.0009488342809881399,nan,nan,0.0,0.0,False
2076,972,974,0.00905755375,0.125,other,-3.90552623954083e-15,-2.8929823996598625e-16,-0.11485580549473844,0.0006958893125267606,-0.11473104374963322,0.0001671698915995755,7.15875673511957e-13,6.775821944300522e-10,True
2077,973,996,0.010351489999999998,0.1203889625,other,-1.769540901125318e-14,-2.8929823996598625e-16,-0.11461344809643427,-0.002873617544735459,-0.11474519289026806,0.004820809359182458,6.4249543056716584e-12,2.0223921957627113e-10,True
2078,995,996,0.00905755375,0.1203889625,other,-2.9508420476531586e-14,-2.8929823996598625e-16,-0.11447611442579743,-0.009629759726133036,nan,nan,0.0,0.0,False
2079,973,995,0.00905755375,0.12192597499999999,other,-1.3211286291780235e-14,-2.8929823996598625e-16,-0.11451944173289266,-0.0020900623663153727,-0.11467143954292085,0.0005653439017852337,1.0569986225084123e-12,3.314606271635935e-10,True
2080,974,986,0.007116649375000001,0.125,other,-7.76283610575403e-15,-2.4108186663832183e-16,-0.11481423706744721,0.001266134486279056,-0.11472307430261676,0.0015741289252526787,1.7934201087136218e-13,1.1838483805153443e-11,True
2081,975,986,0.00646968125,0.12576461874999997,other,-6.605643145890067e-15,-1.446491199829931e-16,-0.11769442822519513,0.00017694229891955396,-0.11471044142596919,0.002804881535599326,2.9827551172155044e-13,1.1240676439249742e-11,True
2082,974,995,0.0077636175,0.12346298750000001,other,-1.1089765865362943e-14,-2.8929823996598625e-16,-0.114242781820861,-0.004421364549627696,-0.11472187154724556,0.011872034616025309,9.229362893244565e-13,1.02014759903213e-11,True
2083,987,995,0.007116649375000001,0.12269448125,other,-1.3789882771712225e-14,-1.9286549331065747e-16,-0.11470890852148398,-0.0060287155630497314,-0.11472967267215069,-0.03896828076064242,3.5576830374852176e-13,1.195248020089685e-12,False
2084,974,987,0.007116649375000001,0.12423149374999999,other,-1.036652026544796e-14,-2.8929823996598625e-16,-0.11396988839068425,0.002626780516257623,-0.11471531788333116,0.003736952820607321,5.254770550865761e-13,1.6999155422109158e-11,True
2085,985,986,0.006146197187500001,0.12576461874999997,other,-7.232455999149713e-15,-1.446491199829931e-16,-0.1164627306242132,-8.64716507095738e-05,nan,nan,0.0,0.0,False
2086,975,985,0.006146197187500001,0.1265292375,other,-5.5448829326814366e-15,-1.446491199829931e-16,-0.11790465010840714,0.00011265407994428278,-0.1147541937441332,-0.0005651761753110061,4.645776266934449e-14,1.8097019841770113e-11,True
2087,971,976,0.007116649375000001,0.12805847500000003,other,-2.5072514130385538e-15,-1.446491199829931e-16,-0.11378642259373321,0.00046001013173643487,-0.11485908353666521,0.00018837579700759638,9.664293682228425e-14,8.877486562931073e-11,True
2088,975,976,0.00646968125,0.12729385625,other,-4.4359063461451434e-15,-9.643274665532872e-17,-0.11149937991481734,0.00029545612446210993,-0.11470418044493456,0.0012074494972875171,2.652329897770627e-13,2.1120343511268942e-11,True
2089,975,977,0.006146197187500001,0.12729385625,other,-4.532339092800473e-15,-1.446491199829931e-16,-0.11439965987187573,0.00020127520924523415,nan,nan,0.0,0.0,False
2090,976,977,0.006146197187500001,0.12805847500000003,other,-3.182280639625859e-15,-9.643274665532872e-17,-0.11309361648123303,0.00010960172137157822,-0.11486844419589239,-0.0004896309017551742,4.5915530145371715e-14,2.9250715938586456e-11,True
2091,977,978,0.005822713125000001,0.1295877125,other,-2.1697367997449015e-15,-1.446491199829931e-16,-0.11529882630593659,0.00026574880273169086,-0.11466720718402529,0.0005749101580824396,1.1012654863867419e-13,1.8434825414533604e-11,True
2092,977,985,0.005822713125000001,0.12729385625,other,-5.303801066043111e-15,-1.446491199829931e-16,-0.11723653373587023,-1.0672693081664962e-05,-0.11470192738469807,0.0014472805445828233,1.35763036414884e-13,8.716923276099178e-12,True
2093,984,985,0.0054992290625,0.12729385625,other,-5.593099306009102e-15,-4.821637332766436e-17,-0.11405246343205633,-3.797643711428203e-05,nan,nan,0.0,0.0,False
2094,977,984,0.0054992290625,0.12805847500000003,other,-4.291257226162149e-15,-4.821637332766436e-17,-0.11677548132876196,2.6103904238607226e-05,-0.11480251496643801,0.00018029370545296977,2.0282374486759574e-14,4.853644500083609e-11,True
2095,977,979,0.0054992290625,0.1295877125,other,-2.748333279676877e-15,-9.643274665532872e-17,-0.11597497171225311,0.00011353011113088509,nan,nan,0.0,0.0,False
2096,978,979,0.0054992290625,0.13111695,other,-7.714619732426304e-16,-9.643274665532872e-17,-0.11546728506592362,0.0003277933608718395,-0.11563351516928004,-1.765701004659059e-05,1.2765565458139265e-14,8.38732271524781e-11,True
2097,979,980,0.005175744999999999,0.13417542500000001,other,-2.5554677863662184e-15,-1.446491199829931e-16,-0.1156568020384804,-0.00016157731111704338,-0.11450044785102115,0.00041918659252104194,4.2546650440538965e-14,1.5854405706431522e-11,True
2098,979,984,0.005175744999999999,0.1295877125,other,-5.014502826077122e-15,-4.821637332766436e-17,-0.11652878327965689,7.713787452823812e-05,-0.11466633696133244,0.0006358360828485181,4.9717054004745833e-14,8.267475536289868e-12,True
2099,983,984,0.005110841585408744,0.1295877125,other,-2.7001169063492124e-15,0.0,-0.11590405307236466,2.2735528761260832e-05,nan,nan,0.0,0.0,False
2100,979,983,0.005110841585408744,0.13111695,other,-4.966286452749457e-15,0.0,-0.11562097672766009,0.00010541771634290228,-0.11718327191154747,-0.00022132471503650801,5.588485410532952e-15,1.085148667071647e-10,True
2101,979,981,0.005110841585408744,0.13417542500000001,other,-4.4841227194728085e-15,0.0,-0.1152955936128164,-0.012357601352449716,nan,nan,0.0,0.0,False
2102,980,981,0.005110841585408744,0.1372339,other,-3.90552623954083e-15,-4.821637332766436e-17,-0.11422243198779312,-0.019444585926227942,-0.06694678963061733,0.001503176749746895,2.048159136736074e-15,1.3249623216504446e-10,True
2103,981,982,0.005045938170817487,0.14630939999999998,other,-1.157192959863946e-15,0.0,-0.1134681075226953,-0.029284436444375745,-0.1136882271241833,0.0012098947527465031,3.514176932954898e-14,1.1354779057257062e-11,True
2104,967,982,0.005045938170817487,0.16884999999999997,other,6.750292265873004e-16,0.0,-0.1106982974936897,0.0005793943070700881,-0.1120226512793327,0.011066188360693488,1.7997047685228033e-13,3.5698873649996553e-12,True
2105,981,983,0.005045938170817487,0.13417542500000001,other,-4.243040852834484e-15,0.0,-0.1152955936128164,-0.011371274281564493,-0.11450055949587772,0.0004214911723201039,3.3143039868939873e-14,1.2496387456328798e-11,True
2106,984,989,0.005175744999999999,0.12729385625,other,-3.2787133862811884e-15,-9.161110932256237e-16,-0.11117802981933426,1.638821355178726e-05,-0.11470172012724375,0.0016340820141885288,6.109250258889442e-14,3.85929037427595e-12,True
2107,989,990,0.005110841585408744,0.12729385625,other,-4.0983917328514896e-15,-1.6393566931405912e-15,-0.11278516128249486,-0.00034617279855851473,nan,nan,0.0,0.0,False
2108,984,990,0.005110841585408744,0.12805847500000003,other,1.9286549331065737e-16,-6.750292265873015e-16,-0.1138379538153831,-0.0003703816264327618,-0.1151450375217767,0.0003412821225718493,8.897619110242497e-15,4.8748708382967024e-11,True
2109,985,988,0.005822713125000001,0.12576461874999997,other,-8.003917972392357e-15,-9.643274665532872e-17,-0.11436028117921346,-0.0017554110705205155,-0.11470903149007683,0.003697351072907106,1.5896805065996332e-13,4.446285407842631e-12,True
2110,988,989,0.0054992290625,0.12576461874999997,other,-7.907485225737027e-15,-9.643274665532881e-16,-0.11416532409358793,-0.0015761058300953624,nan,nan,0.0,0.0,False
2111,985,989,0.0054992290625,0.1265292375,other,-6.412777652579407e-15,-1.060760213208617e-15,-0.11299884960928663,-1.7804683428298706e-05,-0.11474415895411778,-0.0001285501273978219,2.3254770422550783e-14,2.9585908193226975e-11,True
2112,986,987,0.00646968125,0.12423149374999999,other,-1.15719295986396e-14,-1.446491199829931e-16,-0.11338268842731435,0.0008206060365239186,-0.11471394203827093,0.017399850688148977,3.856951903018222e-13,2.44445609673706e-12,True
2113,987,988,0.006146197187500001,0.12423149374999999,other,-1.2391607945209916e-14,-1.9286549331065747e-16,-0.11409523275203655,-0.0020004321843371292,nan,nan,0.0,0.0,False
2114,986,988,0.006146197187500001,0.125,other,-1.0173654772137298e-14,-1.9286549331065747e-16,-0.11387968114256618,-0.0022954647419973053,-0.11471462520007064,-0.000587771829717044,9.192484285459806e-14,2.15293002855663e-11,True
2115,987,994,0.00646968125,0.12269448125,other,-1.8997251091100173e-14,-2.4108186663832183e-16,-0.11563889315846006,-0.003337596548661543,-0.11470926286421315,-0.018355888345516626,4.528304866464923e-13,3.199817221568441e-12,True
2116,993,994,0.006146197187500001,0.12269448125,other,-2.0058011304308834e-14,-1.9286549331065747e-16,-0.11553917434938367,-0.005502558417952446,nan,nan,0.0,0.0,False
2117,987,993,0.006146197187500001,0.12346298750000001,other,-1.542923946485287e-14,-9.643274665532872e-17,-0.11534667864413793,-0.002817709024752518,-0.11467749361821837,-0.000906472145203449,1.0257476697461571e-13,1.444613362481526e-11,True
2118,988,993,0.005822713125000001,0.12423149374999999,other,-1.2391607945209916e-14,-9.643274665532872e-17,-0.11436174570121599,-0.004309386418945041,-0.11471077138884156,0.015705129650097082,2.0608109385027461e-13,1.4460792901240966e-12,False
2119,992,993,0.0054992290625,0.12423149374999999,other,-1.292198805181424e-14,-1.0125438398809526e-15,-0.11464357485239998,-0.0025502039002771545,nan,nan,0.0,0.0,False
2120,988,992,0.0054992290625,0.125,other,-1.0607602132086287e-14,-1.1089765865362815e-15,-0.11407570961551433,-0.0020434710401053767,-0.11470351469377715,-0.00030675748723951724,4.481048699008745e-14,2.342713287332656e-11,True
2121,989,992,0.005175744999999999,0.12576461874999997,other,-9.112894558928659e-15,-1.880438559778914e-15,-0.11445353670366876,-0.00028570491090963447,-0.1147077394897457,0.003916139029202936,7.353398026921425e-14,2.198937282253672e-12,False
2122,991,992,0.005110841585408744,0.12576461874999997,other,-8.823596318962667e-15,-2.314385919727895e-15,-0.1149221523072221,-8.232237156308335e-05,nan,nan,0.0,0.0,False
2123,989,991,0.005110841585408744,0.1265292375,other,-8.244999839030683e-15,-2.314385919727895e-15,-0.1146926166798105,0.0002133438217726227,-0.11480822768111115,0.0013586089470567578,1.0810356833209978e-14,2.831703408379017e-11,True
2124,983,990,0.005045938170817487,0.1295877125,other,9.64327466553286e-16,-7.232455999149659e-16,-0.11590405307236466,-0.00035198501129620336,-0.11466631975133657,0.0006224163513306578,3.873612938779206e-14,6.2695647500492e-12,True
2125,990,991,0.005045938170817487,0.12729385625,other,-6.750292265873062e-15,-2.1697367997449015e-15,-0.114540583579362,-0.00015718149849841578,-0.11470132410574123,0.0015289294544112105,4.7639956285115985e-14,2.9071266171078363e-12,True
2126,992,1039,0.005175744999999999,0.12423149374999999,other,-1.2873771678486574e-14,-1.2536257065192751e-15,-0.11533491295616241,-0.0005700372490492425,-0.11471021057204359,0.012640863157843301,9.799083083254986e-14,9.032071320453469e-13,False
2127,1039,1041,0.005110841585408744,0.12423149374999999,other,-1.4127397385005886e-14,-8.678947198979593e-16,-0.11455699218772143,0.017011351724754372,nan,nan,0.0,0.0,False
2128,992,1041,0.005110841585408744,0.125,other,-1.0318303892120295e-14,-1.5911403198129266e-15,-0.11529777934833779,0.014951259062753986,-0.1147057324149162,0.0006101212203545806,2.0354417131790772e-14,2.1849086988779418e-11,True
2129,993,1037,0.005822713125000001,0.12269448125,other,-2.1311637010828168e-14,-9.643274665532872e-17,-0.11520253460311194,-0.0035776743636120297,-0.11470621719911132,-0.020621170508843795,2.559713021972123e-13,1.4868229256979201e-12,False
2130,1037,1039,0.0054992290625,0.12269448125,other,-2.1263420637500502e-14,-3.8573098662131503e-16,-0.11478447608205126,-0.001441157641644355,nan,nan,0.0,0.0,False
2131,993,1039,0.0054992290625,0.12346298750000001,other,-1.653821605138919e-14,-2.8929823996598625e-16,-0.11516205810196399,-0.0027685548809841224,-0.11469503157413373,-0.0005662193077250242,5.2682772218857444e-14,1.693373467998899e-11,True
2132,994,1023,0.00646968125,0.1203889625,other,-6.128301049946572e-14,-4.821637332766439e-16,-0.11487221050253875,-0.026351653554379153,-0.11469718155825302,-0.01910886962481992,6.808911382707368e-13,4.971095589953427e-12,True
2133,1023,1037,0.006146197187500001,0.1203889625,other,-6.224733796601914e-14,-3.8573098662131503e-16,-0.11473033765929368,-0.023704776774317003,nan,nan,0.0,0.0,False
2134,994,1037,0.006146197187500001,0.12192597499999999,other,-4.49376599413855e-14,-1.9286549331065747e-16,-0.114847077068103,-0.003913792575829159,-0.11466726489303142,-0.0017224126466649323,2.407737478099465e-13,1.738299673415709e-11,True
2135,994,995,0.007116649375000001,0.12192597499999999,other,-3.404075956933237e-14,-2.4108186663832183e-16,-0.1146952252721772,-0.008423929892428371,-0.11466953256648736,-0.009339809546221597,4.688348855189521e-13,6.585791827464044e-12,True
2136,995,1022,0.0077636175,0.1203889625,other,-4.614306927457724e-14,-3.8573098662131503e-16,-0.11445512052653309,-0.03130299181759932,-0.1147083028815649,-0.0195708969379104,1.8668684427064307e-12,1.2695651519833913e-11,True
2137,994,1022,0.007116649375000001,0.1203889625,other,-5.241119780717432e-14,-3.8573098662131503e-16,-0.1147268302368685,-0.024470346365915017,nan,nan,0.0,0.0,False
2138,996,1021,0.010351489999999998,0.11577792500000002,other,-3.094526840170601e-13,-5.785964799319727e-16,-0.11472749547940628,-0.1163132618393201,-0.11474539351455203,-0.1127156850435295,9.630722565692027e-12,1.0818655119445128e-11,True
2139,1021,1022,0.00905755375,0.11577792500000002,other,-5.329837907643288e-13,-4.821637332766439e-16,-0.11466168279402318,-0.11643740740748648,nan,nan,0.0,0.0,False
2140,996,1022,0.00905755375,0.11885195000000001,other,-1.7169850541984672e-13,-4.339473599489794e-16,-0.11472071803637579,-0.02315992653764854,-0.11465336345714079,0.004986992108525612,2.7152422032755735e-12,9.817738033737583e-11,True
2141,996,997,0.013146544999999999,0.11885195000000001,other,-1.6297134184750857e-14,-2.4108186663832183e-16,-0.11484537931120097,-0.0023045845038234276,-0.11470347442694313,0.0014680094071928037,5.921010346339782e-12,4.898203643226449e-10,True
2142,997,1020,0.0159416,0.11577792500000002,other,-2.0540175037585502e-14,-4.339473599489794e-16,-0.11490353672245537,-0.11559342272945511,-0.11498289493200166,0.006339586799667325,1.78655663149203e-11,3.4990433406280016e-10,True
2143,996,1020,0.013146544999999999,0.11577792500000002,other,-1.423347340632885e-13,-4.821637332766439e-16,-0.11474568399633266,-0.11606456322499854,nan,nan,0.0,0.0,False
2144,998,1010,0.02153171,0.10580291,other,-8.648686603940306e-11,-5.303801066043082e-16,-0.11562058279395197,-0.11876211799829485,-0.11556646389747359,0.019390839199116407,2.5329684725781795e-11,1.519435041014512e-10,True
2145,1010,1020,0.018736654999999998,0.10580291,other,-1.9689585178537685e-10,-4.821637332766439e-16,-0.11511165277933955,-0.11875969693648858,nan,nan,0.0,0.0,False
2146,998,1020,0.018736654999999998,0.11270390000000001,other,-4.149583056611693e-11,-5.785964799319727e-16,-0.1155662738191207,-0.11777360481309891,-0.11491554455493787,0.006979962387199626,2.3568013568167773e-11,3.0915218619793757e-10,True
2147,998,999,0.027569365,0.11270390000000001,other,-1.1142707443419522e-11,-2.4108186663832183e-16,-0.11509682213843699,-0.11737954647694655,-0.11559885002012286,0.004427130501359498,1.0958260911890451e-11,3.2863344832820506e-10,True
2148,999,1009,0.033607019999999994,0.10580291,other,-2.4275642129077622e-11,-2.8929823996598625e-16,-0.11620752440758934,-0.11650027208499099,-0.1150966520841128,0.03608580935807509,1.0407972903541978e-11,5.0663978740767275e-11,True
2149,998,1009,0.027569365,0.10580291,other,-5.814711401486938e-11,-3.8573098662131503e-16,-0.11552588936489956,-0.11650539980781399,nan,nan,0.0,0.0,False
2150,1000,1008,0.04664907,0.09115584,other,-1.7027145169952406e-07,-4.6101945487320074e-05,-0.09629728037067663,-0.11329088522779168,-0.10951110307495168,-0.11359495991043549,5.039007195317481e-13,1.2396992863904526e-12,False
2151,1008,1009,0.040128045,0.09115584,other,-1.3956222509781842e-07,-4.6699280889898704e-05,-0.11404152773229145,-0.11332391286654019,nan,nan,0.0,0.0,False
2152,1000,1009,0.040128045,0.09890191999999999,other,-5.5740233233043354e-08,-1.446491199829931e-16,-0.10951827085945834,-0.10872839476415033,-0.13627152029907308,0.005438105099968612,4.124802503033997e-13,5.7080150137832654e-11,True
2153,1001,1007,0.060735269999999994,0.07471507499999999,other,-0.0006627611095720298,-0.0072341525726580605,-0.06931265887839974,-0.052695763949246265,-0.09951823312621369,-0.10388801128116237,1.0796171082082416e-13,1.4103614463444254e-13,False
2154,1007,1008,0.05369217,0.07471507499999999,other,-0.00019944025925391334,-0.007021830453249897,-0.1015324946353691,-0.05237710931633335,nan,nan,0.0,0.0,False
2155,1001,1008,0.05369217,0.08340976,other,-0.00012597787450892956,-0.0002558208881781075,-0.09879735232493828,-0.0890950610263949,-0.08077882282977389,0.050770293342814965,3.111617057256805e-14,1.965422303644079e-14,False
2156,1002,1006,0.07594920999999999,0.056260945,other,-0.049018101948273225,-0.053584604225452095,-0.006189751182509778,0.018518655123179035,-0.07735249029864665,-0.08659125659117886,7.267907922352863e-14,7.51803180288624e-14,False
2157,1006,1007,0.06834223999999998,0.056260945,other,-0.032969208638423016,-0.0454704860611273,-0.031118430768069336,0.017302574198726228,nan,nan,0.0,0.0,False
2158,1002,1007,0.06834223999999998,0.06602038999999998,other,-0.022213831243817973,-0.02072246466470246,-0.02666667057298509,-0.024787381067604763,-0.085030900438115,-0.07495348554580372,3.207376714404151e-14,3.2939298148208634e-14,False
2159,1003,1005,0.09238117,0.03554688500000001,other,-0.12547990419121596,-0.10265649406142711,0.0373843114025357,0.025179610626260004,-0.07288124144798705,-0.07370102227325528,6.224305991029126e-14,6.335270134034008e-14,False
2160,1005,1006,0.08416518999999999,0.03554688500000001,other,-0.13418565727804066,-0.09566336754988694,0.0392237790221842,0.023394784482146685,nan,nan,0.0,0.0,False
2161,1003,1006,0.08416518999999999,0.04650150000000001,other,-0.09854506997966206,-0.08949644598187897,0.029032073850886634,0.02894007419241046,-0.05498881441094295,-0.06858424688303963,3.3207211073203163e-14,3.152296008903407e-14,False
2162,257,1004,0.11012870000000001,0.012296135000000001,other,-0.06916817773951403,-0.07601598187663623,-0.010586930491374321,-0.0017792185918068665,-0.05689224607437683,-0.060589622150074546,6.012045104959606e-14,6.06290746984374e-14,False
2163,257,1005,0.101254935,0.012296135000000001,other,-0.07931105494256363,-0.08612549548945339,-0.005515351433262766,0.005478008044708907,nan,nan,0.0,0.0,False
2164,1004,1005,0.101254935,0.024592270000000003,other,-0.09524776761419532,-0.09981855469849678,0.017212676820326175,0.01589415416365654,-0.06632883689546562,-0.06873581703919353,2.1926495965048376e-14,2.074194710952488e-14,False
2165,268,1005,0.09238117,0.012296135000000001,other,-0.08995104226714928,-0.09410562893438643,-0.00027373404299955013,0.006293464996524457,-0.06659730656111401,-0.07281714381279186,6.964396161055e-14,7.06422153351908e-14,False
2166,268,1014,0.08416518999999999,0.012296135000000001,other,-0.10350458246124301,-0.10286462687798899,0.007243314152732503,0.010682365607843981,nan,nan,0.0,0.0,False
2167,1005,1014,0.08416518999999999,0.024592270000000003,other,-0.11330715647808885,-0.11850872417197546,0.022982722129800442,0.0233778532321042,-0.05259675514368106,-0.06695406461503514,2.933752308810366e-14,2.648649730482098e-14,False
2168,1006,1014,0.07594920999999999,0.03554688500000001,other,-0.13793524087812453,-0.10380420481343341,0.03907372079444273,0.026564363365817332,-0.08961911182095453,-0.09011532357769918,7.642134901129318e-14,8.002680213328351e-14,False
2169,1013,1014,0.06834223999999998,0.03554688500000001,other,-0.1377727412883386,-0.09559530349077457,0.03494524617340301,0.023160317652442544,nan,nan,0.0,0.0,False
2170,1006,1013,0.06834223999999998,0.04650150000000001,other,-0.09251955102826305,-0.07657279602062912,0.025726298532116214,0.023135312572051783,-0.08348996992534216,-0.08055560547562299,3.69465832488616e-14,3.6875207754695864e-14,False
2171,1007,1013,0.060735269999999994,0.056260945,other,-0.024753331065920457,-0.04056978252166617,-0.0417941956571177,0.008057382977328704,-0.09996633835056823,-0.10936921111844872,1.120257816116015e-13,1.308147424034811e-13,False
2172,1012,1013,0.05369217,0.056260945,other,-0.01593264368190808,-0.03605059572237107,-0.07909752084782172,0.008509364203493726,nan,nan,0.0,0.0,False
2173,1007,1012,0.05369217,0.06602038999999998,other,-0.009882205116499291,-0.010468963346341507,-0.07270955267114303,-0.06722394987969384,-0.08810460158426794,-0.05156643227285895,3.615859899820863e-14,2.1697867057852156e-14,False
2174,1008,1012,0.04664907,0.07471507499999999,other,-0.00013917354523161754,-0.00347958101011077,-0.10686931012619631,-0.09542984856257251,-0.12268413130147694,-0.12017722668631445,3.4920637258910447e-13,6.44831653524565e-13,False
2175,1011,1012,0.040128045,0.07471507499999999,other,-0.00011270520678224801,-0.0034408810559589343,-0.12418492495872559,-0.09553585185669826,nan,nan,0.0,0.0,False
2176,1008,1011,0.040128045,0.08340976,other,-5.3647104032182496e-05,-6.718530636259667e-05,-0.12248952471450064,-0.11905941487572362,-0.13573470838331067,-0.12141345228095425,6.586860801345908e-14,5.64073979837835e-13,False
2177,1009,1011,0.033607019999999994,0.09115584,other,-1.6366702034385133e-07,-2.827845930191949e-05,-0.11672195207159386,-0.1262736207290746,-0.1162407514714107,-0.11841865973555503,3.9557977266381715e-12,7.0681795953456216e-12,True
2178,1010,1011,0.027569365,0.09115584,other,-3.182642236685354e-07,-2.8247216120771e-05,-0.11655709492216519,-0.1262599970322062,nan,nan,0.0,0.0,False
2179,1009,1010,0.027569365,0.09890191999999999,other,-7.754847504167953e-08,-4.821637332766439e-16,-0.11623872046882396,-0.11801146775983476,-0.11584675227285686,0.01177893377412711,6.857441740871805e-12,7.467982391315773e-11,True
2180,1010,1018,0.02153171,0.09115584,other,-4.542039654294907e-07,-3.7938962594088634e-05,-0.11664346593356507,-0.12367137774999734,-0.116590823702342,-0.11873704808690579,1.6704157069681265e-11,1.6279556794365996e-11,True
2181,1018,1019,0.018736654999999998,0.09115584,other,-6.545466239205526e-07,-3.6188508151808277e-05,-0.11531268149392948,-0.123657958013289,nan,nan,0.0,0.0,False
2182,1010,1019,0.018736654999999998,0.09890191999999999,other,-1.9609382382507876e-07,-5.785964799319727e-16,-0.11658728566869316,-0.11846382777014586,-0.11460328142049041,0.20174831296002227,1.5479863298137063e-11,9.976651415251895e-12,True
2183,1011,1017,0.033607019999999994,0.07471507499999999,other,-0.00011812706236549354,-0.002452913739231685,-0.12565784392367005,-0.11667916155541316,-0.12572198351522,-0.12224197541604716,2.177231839784823e-12,3.882416773918027e-12,True
2184,1017,1018,0.027569365,0.07471507499999999,other,-0.00015756054184810263,-0.0024394305144407815,-0.12154491629073912,-0.11668140051199605,nan,nan,0.0,0.0,False
2185,1011,1018,0.027569365,0.08340976,other,-5.90895227354052e-05,-5.9061163517596926e-05,-0.12551169917298086,-0.12478013380429429,-0.11693371340865058,-0.11791687055606453,1.6415121870215453e-12,2.4742033282385434e-12,True
2186,1012,1016,0.04664907,0.056260945,other,-0.01271065777427197,-0.03313137851731409,-0.09315474115851752,-0.006154366258777696,-0.12400699440311198,-0.12620729362639369,2.9744906662735623e-13,4.498425931993765e-13,False
2187,1016,1017,0.040128045,0.056260945,other,-0.010992172599166928,-0.03174310587932952,-0.11277705846486095,-0.0061306314402416,nan,nan,0.0,0.0,False
2188,1012,1017,0.040128045,0.06602038999999998,other,-0.0058265143008078635,-0.005833188521679928,-0.10883947742780764,-0.10466578827054782,-0.17299568264290716,-0.1246417542959924,1.5452206398356825e-14,2.2000564438896834e-13,False
2189,1013,1015,0.060735269999999994,0.03554688500000001,other,-0.1362724301859064,-0.10187304951788152,0.028853193975056556,0.02486569284025642,-0.10601611911319192,-0.10989571867469337,1.171606722280124e-13,1.31825186006305e-13,False
2190,1015,1016,0.05369217,0.03554688500000001,other,-0.13100488784516012,-0.09616550023170004,0.021292434592602067,0.020410239128220098,nan,nan,0.0,0.0,False
2191,1013,1016,0.05369217,0.04650150000000001,other,-0.08481198668132117,-0.06589500583225258,0.01618447629813736,0.011530324211521304,-0.10294037498118672,-0.07442425807124312,4.2061251529876975e-14,3.614563309788711e-14,False
2192,269,1014,0.07594920999999999,0.012296135000000001,other,-0.11708273336237295,-0.1122180752370554,0.014380128348991668,0.012942776795919346,-0.07939832230132687,-0.08829477041869507,8.630632600923304e-14,9.064708120371526e-14,False
2193,269,1015,0.06834223999999998,0.012296135000000001,other,-0.13342157133712,-0.11869260697439074,0.02292228581543774,0.01476923768420617,nan,nan,0.0,0.0,False
2194,1014,1015,0.06834223999999998,0.024592270000000003,other,-0.12840815237230394,-0.13294452754686825,0.02560655390127219,0.027404517650896475,-0.037554004858315615,-0.062255527341908645,3.9252546693400954e-14,3.407160474946197e-14,False
2195,285,1015,0.060735269999999994,0.012296135000000001,other,-0.14933114511263132,-0.1285539897715282,0.03014042122471886,0.017949376105045416,-0.09714905154679608,-0.1071317617938906,1.2692055897496836e-13,1.4934696346112301e-13,False
2196,285,1029,0.05369217,0.012296135000000001,other,-0.1644685606154632,-0.1339603454070005,0.03656602838290841,0.01849621267578501,nan,nan,0.0,0.0,False
2197,1015,1029,0.05369217,0.024592270000000003,other,-0.14344976047081076,-0.14377781762304997,0.026479558060997496,0.029034977592270313,-0.02506501098485683,-0.046153744085899215,4.9066983655065085e-14,3.9489478513188656e-14,False
2198,1016,1029,0.04664907,0.03554688500000001,other,-0.1303356933251714,-0.10201234614401442,0.0128706946480475,0.021063405673688692,-0.12162427107158813,-0.12649963881294304,2.7849775851073747e-13,3.757573488498408e-13,False
2199,1028,1029,0.040128045,0.03554688500000001,other,-0.12803730104667974,-0.10025296086073299,0.0077236104393753995,0.017826830157420922,nan,nan,0.0,0.0,False
2200,1016,1028,0.040128045,0.04650150000000001,other,-0.07837405790374868,-0.061005804903436045,0.0004679695039339084,-0.0020168085066769197,-0.053201647330259436,-0.17370991833975316,2.3067130910807415e-14,6.44472820883239e-14,False
2201,1017,1028,0.033607019999999994,0.056260945,other,-0.010691491076792195,-0.0314500320849866,-0.11758553840683124,-0.017482154328380385,-0.1313891148854885,-0.12728204273252197,1.4711983184998722e-12,2.550587391111804e-12,True
2202,1027,1028,0.027569365,0.056260945,other,-0.011636770598087378,-0.03130525321900345,-0.1133023513522403,-0.018338434128432328,nan,nan,0.0,0.0,False
2203,1017,1027,0.027569365,0.06602038999999998,other,-0.005473473736209258,-0.004757079408614148,-0.11800294239341927,-0.11581264087750923,-0.11514496248868313,-0.11622175123624186,7.207248181051987e-13,1.1642156428205688e-12,False
2204,1018,1027,0.02153171,0.07471507499999999,other,-0.00019616500468269205,-0.002378410497878901,-0.11938300464435687,-0.11534196938854026,-0.12065015448102871,-0.12153413223265248,1.0587694555325723e-11,1.0468608474069762e-11,True
2205,1026,1027,0.018736654999999998,0.07471507499999999,other,-0.0002199915578189488,-0.002386353599147073,-0.11711319447341965,-0.11530213319296537,nan,nan,0.0,0.0,False
2206,1018,1026,0.018736654999999998,0.08340976,other,-9.25510642107544e-05,-8.420242096327599e-05,-0.12036414343187736,-0.12193173474080025,-0.11370546114400029,-0.11633947127046464,7.553633923492246e-12,6.694585871464072e-12,True
2207,1019,1020,0.0159416,0.10580291,other,-2.3735343920287343e-10,-6.750292265873015e-16,-0.1150551298907829,-0.11827424135965046,-0.11517146349014765,0.007364526292076054,2.182620868122337e-11,2.9386945960713276e-12,True
2208,1019,1026,0.0159416,0.09115584,other,-7.638580209398787e-07,-5.437086791876571e-05,-0.11514140963219038,-0.12048550632531083,-0.11552282514930945,-0.11816954703171348,2.059808844084429e-11,1.891204810038037e-11,True
2209,1025,1026,0.013146544999999999,0.09115584,other,-9.746760543091184e-07,-5.365257361114652e-05,-0.11459251246187624,-0.12047442897223463,nan,nan,0.0,0.0,False
2210,1019,1025,0.013146544999999999,0.09890191999999999,other,-3.2484106789753765e-07,-9.161110932256237e-16,-0.11552000619125315,-0.11785636436743403,-0.11422510624049838,-0.1146987390266269,1.6705634404397967e-11,1.4848771480003233e-11,True
2211,1019,1021,0.013146544999999999,0.10580291,other,-6.276164760073857e-10,-6.750292265873015e-16,-0.1146993857751639,-0.11827175224936874,nan,nan,0.0,0.0,False
2212,1020,1021,0.013146544999999999,0.11270390000000001,other,-1.2582491747399346e-10,-6.268128532596371e-16,-0.11517103372784304,-0.11716414312729811,-0.1146918965161813,0.029541260235917386,1.960736846561004e-11,7.345165877901132e-11,True
2213,1021,1025,0.010351489999999998,0.10580291,other,-8.308354232875451e-10,-9.643274665532881e-16,-0.11458066687617657,-0.11758775015435384,-0.11476653860949224,-0.10094127976443454,1.8934142501762334e-11,1.8745848617765178e-11,True
2214,1024,1025,0.00905755375,0.10580291,other,-9.61632075916166e-10,-9.161110932256237e-16,-0.1145796339753384,-0.11758728843537043,nan,nan,0.0,0.0,False
2215,1021,1024,0.00905755375,0.11270390000000001,other,-3.894078709931161e-10,-6.268128532596371e-16,-0.11476645165074158,-0.1170072651894878,-0.11460477524210286,-0.09274884579288666,1.0303944377068077e-11,1.32689866126828e-11,True
2216,1022,1024,0.0077636175,0.11577792500000002,other,-7.421464182600439e-13,-4.821637332766439e-16,-0.11466090791779097,-0.11661542363172037,-0.1146899108245448,-0.0535186113648775,3.2516267700510855e-12,9.594178308228821e-12,True
2217,1023,1024,0.007116649375000001,0.11577792500000002,other,-7.925807447608699e-13,-5.303801066043082e-16,-0.11468931946284924,-0.11655654656556824,nan,nan,0.0,0.0,False
2218,1022,1023,0.007116649375000001,0.11885195000000001,other,-3.899258111009967e-13,-4.821637332766439e-16,-0.11469935363091328,-0.03726368513604172,-0.11464066749506509,-0.017737079838316648,1.3304842867038726e-12,1.2306687849352164e-11,True
2219,1023,1035,0.00646968125,0.11577792500000002,other,-9.069017659209858e-13,-6.750292265873015e-16,-0.11467045111663138,-0.11662152270744061,-0.11467254244640301,-0.06248826678471953,1.2933502439559483e-12,3.448249792974129e-12,True
2220,1035,1036,0.006146197187500001,0.11577792500000002,other,-8.655803339790931e-13,-5.303801066043082e-16,-0.11466303034016112,-0.11660886577161446,nan,nan,0.0,0.0,False
2221,1023,1036,0.006146197187500001,0.11885195000000001,other,-5.035235866610907e-13,-4.339473599489794e-16,-0.1146727197068703,-0.03737296151714477,-0.11463738665239594,-0.00690703030529285,7.180248826890498e-13,1.4620388020771796e-11,True
2222,1024,1034,0.0077636175,0.10580291,other,-1.110984028444428e-09,-1.060760213208617e-15,-0.11450370925417923,-0.11723850655768722,-0.11465376617464158,-0.10843583583667449,8.099658054415335e-12,8.208816746998386e-12,True
2223,1034,1035,0.007116649375000001,0.10580291,other,-1.027281320252639e-09,-1.060760213208617e-15,-0.11457525805965357,-0.11723844992919603,nan,nan,0.0,0.0,False
2224,1024,1035,0.007116649375000001,0.11270390000000001,other,-5.422018937879916e-10,-6.750292265873015e-16,-0.11465379109926603,-0.11701182293790471,-0.1145828296911689,-0.07098025945293612,5.4559105348002035e-12,9.273005949847068e-12,True
2225,1025,1033,0.010351489999999998,0.09115584,other,-1.1982324283143662e-06,-5.531847834100029e-05,-0.11423260983400045,-0.11827927462301774,-0.11470341370593334,-0.11754839751791633,2.37470176655413e-11,1.9922847350382685e-11,True
2226,1033,1034,0.00905755375,0.09115584,other,-1.1284326518969073e-06,-5.538254424204116e-05,-0.1144067392963385,-0.11827590020328742,nan,nan,0.0,0.0,False
2227,1025,1034,0.00905755375,0.09890191999999999,other,-4.741157217851092e-07,-1.2536257065192751e-15,-0.11470163461175903,-0.11739605830494002,-0.11415486755799847,-0.11337055607741055,1.1890055042821006e-11,1.1827359923905292e-11,True
2228,1026,1032,0.0159416,0.07471507499999999,other,-0.0002437679171003437,-0.0029355834756994107,-0.116001991194992,-0.10963273508674423,-0.11744532192760847,-0.11957745839955501,1.5763351047843643e-11,1.6011642464520934e-11,True
2229,1032,1033,0.013146544999999999,0.07471507499999999,other,-0.0002599623622570347,-0.0029540920813169473,-0.11496389602277116,-0.10964073729002739,nan,nan,0.0,0.0,False
2230,1026,1033,0.013146544999999999,0.08340976,other,-0.00011726419115729691,-0.00010272795670182548,-0.11711157643007837,-0.11924706923258543,-0.11298750541610131,-0.115272331904708,1.2259426217879854e-11,9.821479416873036e-12,True
2231,1027,1031,0.02153171,0.056260945,upstream_operator_source,-0.012556142971882185,-0.02931180878124172,-0.1094340509329396,-0.018842468566089583,-0.12594922251822893,-0.12563716960798743,7.436696260173145e-12,7.401438478971897e-12,True
2232,1031,1032,0.018736654999999998,0.056260945,upstream_operator_source,-0.012978735883163674,-0.030087857657887136,-0.10561896240585618,-0.01858669252446687,nan,nan,0.0,0.0,False
2233,1027,1032,0.018736654999999998,0.06602038999999998,other,-0.0062888816314002095,-0.005258172088138964,-0.1106041799476536,-0.11222711019323046,-0.1093114137046766,-0.11202361634276276,3.869298145653711e-12,3.792202133137901e-12,True
2234,1028,1030,0.033607019999999994,0.03554688500000001,other,-0.13030188021057587,-0.10591452002222194,0.004001578377599676,0.018964588124046774,-0.13087441704660369,-0.13130625055531786,1.1688344237626708e-12,1.9315366556454363e-12,False
2235,1030,1031,0.027569365,0.03554688500000001,upstream_operator_source,-0.13145683953783374,-0.10328423645197296,0.004673020250646749,0.01823791143076282,nan,nan,0.0,0.0,False
2236,1028,1031,0.027569365,0.04650150000000001,upstream_operator_source,-0.07731369730361605,-0.057929603072256586,-0.007086651700533768,-0.008613790272060662,-0.13930309790146475,-0.1292385406866118,2.7933415211659303e-13,5.224046865745151e-13,False
2237,286,1029,0.04664907,0.012296135000000001,other,-0.18146554512757504,-0.1426888757358232,0.041969857411592364,0.021067469458643028,-0.11929494053545522,-0.12524843288117676,2.7159210233359264e-13,4.0838708084900433e-13,False
2238,286,1030,0.040128045,0.012296135000000001,other,-0.18998018797776814,-0.1477953090397393,0.04427690522284233,0.02190364984287726,nan,nan,0.0,0.0,False
2239,1029,1030,0.040128045,0.024592270000000003,other,-0.16092095649647295,-0.15349348976094165,0.028452732847095905,0.030176097269669074,0.013689758445632132,-0.5505182397883128,4.2233342206151965e-14,2.7243893573980577e-15,False
2240,307,1030,0.033607019999999994,0.012296135000000001,other,-0.201872970268888,-0.15267023015450268,0.04643086744600254,0.0229243548458537,-0.13629973108542595,-0.13391534174341105,1.0266533816879881e-12,2.085320234199356e-12,False
2241,307,1049,0.027569365,0.012296135000000001,other,-0.20279243815528292,-0.15271552156909504,0.04612535237808857,0.024516477297960443,nan,nan,0.0,0.0,False
2242,1030,1049,0.027569365,0.024592270000000003,other,-0.1722256990592046,-0.15821787513986418,0.03156891822784509,0.032354070234447696,-0.1269355886082876,-0.14591455394324582,9.990051374070183e-14,1.9517996597631847e-13,False
2243,1031,1049,0.02153171,0.03554688500000001,upstream_operator_source,-0.13310762479435698,-0.10375253086792086,0.005561990415688929,0.020391426383218367,-0.13182788834101197,-0.1311186463823323,5.797235668645922e-12,5.787554236555314e-12,True
2244,1048,1049,0.018736654999999998,0.03554688500000001,upstream_operator_source,-0.131948514702925,-0.10821609445057036,0.00641065411371555,0.02070918017880025,nan,nan,0.0,0.0,False
2245,1031,1048,0.018736654999999998,0.04650150000000001,upstream_operator_source,-0.07758387782408098,-0.059212691117658915,-0.005531445787931389,-0.009252115726826412,-0.10972670801394281,-0.11353996254528875,1.918819232988122e-12,2.0017047972517487e-12,False
2246,1032,1048,0.0159416,0.056260945,upstream_operator_source,-0.013387460978476632,-0.03310926958171353,-0.10275335478047418,-0.019216724968761784,-0.12054473010980722,-0.12207368261994408,1.247615052166821e-11,1.3469706299662365e-11,True
2247,1047,1048,0.013146544999999999,0.056260945,upstream_operator_source,-0.013469931298794948,-0.033187091127940584,-0.10068231876241471,-0.020198365651365405,nan,nan,0.0,0.0,False
2248,1032,1047,0.013146544999999999,0.06602038999999998,other,-0.00670418914421643,-0.005527983907464336,-0.10441885561375634,-0.1069628859911725,-0.10760098264398774,-0.10737365140934886,7.153526309929965e-12,6.2000812689886825e-12,True
2249,1033,1047,0.010351489999999998,0.07471507499999999,other,-0.00028838539604441194,-0.002608720826715752,-0.11348605427087909,-0.10524578586656128,-0.11510432736256784,-0.11799393826013807,2.48351477342689e-11,2.1327655512058302e-11,True
2250,1046,1047,0.00905755375,0.07471507499999999,other,-0.00027657755016507904,-0.0026435102465694844,-0.11405205163157539,-0.10524397402103873,nan,nan,0.0,0.0,False
2251,1033,1046,0.00905755375,0.08340976,other,-0.0001385830194469198,-0.00010736435143265182,-0.11473043570560405,-0.11764552766015536,-0.11273973693944664,-0.1143462889888211,1.1079564211750186e-11,9.159405172811705e-12,True
2252,1034,1046,0.0077636175,0.09115584,other,-1.2097013268719545e-06,-5.767074590385325e-05,-0.11422576574743448,-0.11706537502348591,-0.11449155987971232,-0.11721050135323978,1.254841563630522e-11,1.1278068349888378e-11,True
2253,1045,1046,0.007116649375000001,0.09115584,other,-1.1346833090227482e-06,-5.8403680261313855e-05,-0.11438877596717131,-0.11706472222610473,nan,nan,0.0,0.0,False
2254,1034,1045,0.007116649375000001,0.09890191999999999,other,-5.094824031550168e-07,-1.2536257065192751e-15,-0.11449004986467673,-0.11718429173601802,-0.11415425471302898,-0.11282621677633758,7.439516278890206e-12,7.639225376130583e-12,True
2255,1035,1045,0.00646968125,0.10580291,other,-1.0944245489303558e-09,-1.060760213208617e-15,-0.11452970012592203,-0.11713279088582364,-0.11461943541083953,-0.11084296250940141,3.6244339441098387e-12,3.807252759229961e-12,True
2256,1044,1045,0.006146197187500001,0.10580291,other,-1.010756411881515e-09,-9.643274665532881e-16,-0.11458633664069687,-0.1171327510655737,nan,nan,0.0,0.0,False
2257,1035,1044,0.006146197187500001,0.11270390000000001,other,-5.866685280361283e-10,-8.196783465702948e-16,-0.1146194739244746,-0.11700449536125457,-0.11457761178519896,-0.05301970007702894,3.124824843387346e-12,6.255635887585092e-12,True
2258,1036,1037,0.005822713125000001,0.1203889625,other,-6.398312740581531e-14,-2.8929823996598625e-16,-0.11462110518894263,-0.023356479740310698,-0.11469356003537962,-0.021165869494699625,3.8301608204125473e-13,2.434605996424957e-12,False
2259,1036,1044,0.005822713125000001,0.11577792500000002,other,-8.842882868302646e-13,-6.750292265873015e-16,-0.11465912945815292,-0.11657725690148707,-0.11466692131957185,-0.06697136939823399,7.503302381056236e-13,1.8737168517574187e-12,False
2260,1043,1044,0.0054992290625,0.11577792500000002,other,-8.723788426183074e-13,-1.3982748265022685e-15,-0.11465335378999314,-0.11658108758684634,nan,nan,0.0,0.0,False
2261,1036,1043,0.0054992290625,0.11885195000000001,other,-5.393001356702606e-13,-1.060760213208617e-15,-0.11467196661132886,-0.039385053830526665,-0.11463685654616922,-0.003537308007420915,3.5070974938819067e-13,1.2451760168446208e-11,True
2262,1036,1038,0.0054992290625,0.1203889625,other,-6.446529113909203e-14,-6.268128532596371e-16,-0.11467800727252307,-0.026164692256677644,nan,nan,0.0,0.0,False
2263,1037,1038,0.0054992290625,0.12192597499999999,other,-4.7541344101079654e-14,-5.785964799319727e-16,-0.11461065867814949,-0.006225648177691956,-0.11466790532843736,-0.0008338436030053666,1.137288006482113e-13,1.6250993097571605e-11,True
2264,1038,1039,0.005175744999999999,0.12269448125,other,-2.309564282395184e-14,-7.714619732426304e-16,-0.11433400775623472,-0.0057038517422636015,-0.11470410287659646,-0.024640816983999763,1.2753356052092972e-13,6.351172451325892e-13,False
2265,1038,1043,0.005175744999999999,0.1203889625,other,-6.412777652579833e-14,-1.4947075731575976e-15,-0.11475779423257376,-0.029411109248004427,-0.1146914897602637,-0.02245584937534454,1.9066560222633167e-13,1.2017304467418323e-12,False
2266,1042,1043,0.005110841585408744,0.1203889625,other,-6.301879993926188e-14,-2.0250876797619075e-15,-0.11467326070025113,-0.039325931165663824,nan,nan,0.0,0.0,False
2267,1038,1042,0.005110841585408744,0.12192597499999999,other,-4.60466365279219e-14,-1.6875730664682557e-15,-0.11483370116414127,-0.02282289894476562,-0.11470585520372613,0.0008617638552663243,5.059368301386273e-14,1.417251134943389e-11,True
2268,1038,1040,0.005110841585408744,0.12269448125,other,-2.1359853384155834e-14,-9.643274665532881e-16,-0.11472884008155378,0.015054570304334084,nan,nan,0.0,0.0,False
2269,1039,1040,0.005110841585408744,0.12346298750000001,other,-1.9624063944359835e-14,-5.785964799319727e-16,-0.11401331719868948,0.022146388284561613,-0.11469524572553735,-0.00011418385818055513,2.3139069797779902e-14,1.5368930197463474e-11,True
2270,1040,1041,0.005045938170817487,0.12423149374999999,other,-1.5381023091525203e-14,-9.643274665532881e-16,-0.1133457019617478,0.034743796156549156,-0.11471014892341722,0.011220361832453424,7.880630593472916e-14,8.044390701526043e-13,False
2271,991,1041,0.005045938170817487,0.12576461874999997,other,-7.955701599064691e-15,-1.9768713064342433e-15,-0.11487253613406753,0.013996380210490277,-0.11470741988935121,0.0036836176917949804,5.845291368644314e-14,1.7496879376253427e-12,False
2272,1040,1042,0.005045938170817487,0.12269448125,other,-1.914190021108317e-14,-1.3982748265022685e-15,-0.11512592392157663,0.0015616757832248105,-0.11470414465518278,-0.028103477274504615,1.0194710492382664e-13,4.234674221474305e-13,False
2273,1043,1055,0.005175744999999999,0.11577792500000002,other,-9.049731109878752e-13,-1.4947075731575976e-15,-0.11463023264234595,-0.11669020571726581,-0.11466362886474904,-0.07034935832837667,3.832821940576609e-13,9.918096183829883e-13,False
2274,1055,1056,0.005110841585408744,0.11577792500000002,other,-8.677500707788424e-13,-1.3982748265022685e-15,-0.1146730729148578,-0.11669419995416781,nan,nan,0.0,0.0,False
2275,1043,1056,0.005110841585408744,0.11885195000000001,other,-5.553079716150654e-13,-1.7840058131235846e-15,-0.11465593412779315,-0.04085665035942758,-0.11465313657423691,-0.00043145036122847286,1.580910373772807e-13,9.595366435577014e-12,True
2276,1044,1054,0.005822713125000001,0.10580291,other,-1.0101656648741299e-09,-1.060760213208617e-15,-0.11458192248713146,-0.11710131322540512,-0.11460862402880316,-0.11189661202686071,2.2508311413182466e-12,2.3708508211650047e-12,False
2277,1054,1055,0.0054992290625,0.10580291,other,-9.840552932479188e-10,-1.2536257065192751e-15,-0.11459600113396357,-0.11710141870395345,nan,nan,0.0,0.0,False
2278,1044,1055,0.0054992290625,0.11270390000000001,other,-5.918622511289114e-10,-1.060760213208617e-15,-0.11460865851997122,-0.11702186233169272,-0.11457584942630952,-0.03836878656979947,1.6243225317397177e-12,4.07736759796175e-12,True
2279,1045,1053,0.00646968125,0.09115584,other,-1.1489867491093658e-06,-5.6603485322700085e-05,-0.11431338063219403,-0.1167035386342482,-0.11442971894197033,-0.11707566627918209,6.4392518133850775e-12,6.04980734557307e-12,True
2280,1053,1054,0.006146197187500001,0.09115584,other,-1.1089465689405018e-06,-5.682818251880502e-05,-0.11439218215405049,-0.11670308271122383,nan,nan,0.0,0.0,False
2281,1045,1054,0.006146197187500001,0.09890191999999999,other,-5.088317168892276e-07,-1.2536257065192751e-15,-0.11442834440561843,-0.11711807731596499,-0.1141610207120924,-0.10977237638475265,4.623515867395369e-12,4.320486026922046e-12,True
2282,1046,1052,0.0077636175,0.07471507499999999,other,-0.00028308653892818874,-0.0025614509060452573,-0.11351049272470246,-0.10266047663587431,-0.11442062833064608,-0.117114185011357,1.59586070948268e-11,1.4232623882866159e-11,True
2283,1052,1053,0.007116649375000001,0.07471507499999999,other,-0.000273470960093601,-0.00259809328904064,-0.11382632406312544,-0.10266140154947345,nan,nan,0.0,0.0,False
2284,1046,1053,0.007116649375000001,0.08340976,other,-0.00014153088457366937,-0.00010928730603456142,-0.11405287995787204,-0.1168799084744643,-0.11269824445775589,-0.11383723671368992,7.623723979103503e-12,6.789826517684276e-12,True
2285,1047,1051,0.010351489999999998,0.056260945,upstream_operator_source,-0.013701788183309827,-0.02849124898695851,-0.09768337257270573,-0.016305874519602706,-0.11592931691689658,-0.11931855073718393,2.422175975142385e-11,2.1227112195155395e-11,True
2286,1051,1052,0.00905755375,0.056260945,upstream_operator_source,-0.013258902201707626,-0.028895504150577244,-0.09806803479038817,-0.01632737129558235,nan,nan,0.0,0.0,False
2287,1047,1052,0.00905755375,0.06602038999999998,other,-0.006833651192078311,-0.005176167829500134,-0.0995617414196959,-0.1035592053587601,-0.10563594593829091,-0.10158095077216127,7.762722837350485e-12,6.4608225173125325e-12,True
2288,1048,1050,0.0159416,0.03554688500000001,upstream_operator_source,-0.13073098195147445,-0.10856457326845519,0.0071935469080943735,0.0192242269290143,-0.12756347541478472,-0.12657477498765654,1.0375672773258132e-11,1.183677288008991e-11,True
2289,1050,1051,0.013146544999999999,0.03554688500000001,upstream_operator_source,-0.1281931162785697,-0.10499759003362295,0.007682890340483869,0.019480068677193804,nan,nan,0.0,0.0,False
2290,1048,1051,0.013146544999999999,0.04650150000000001,upstream_operator_source,-0.07581354378413432,-0.05854863275017799,-0.004032292730737589,-0.0076283101279394526,-0.09650795289586214,-0.09789697772255564,4.019388732722126e-12,3.564727856275121e-12,True
2291,308,1049,0.02153171,0.012296135000000001,other,-0.2040689615441006,-0.15293200217538674,0.045839293208051,0.024255251580087126,-0.13916255122569665,-0.13444526561283263,5.081136022192818e-12,5.836312891636862e-12,True
2292,308,1050,0.018736654999999998,0.012296135000000001,other,-0.20082935226054097,-0.15384259400667105,0.04540758947574062,0.02317952767179896,nan,nan,0.0,0.0,False
2293,1049,1050,0.018736654999999998,0.024592270000000003,other,-0.17035229720681735,-0.15919115545112927,0.03170564686990748,0.03286038223778897,-0.08244145849330012,-0.11777377365321158,8.160491718485009e-13,8.707809743828342e-13,False
2294,322,1050,0.0159416,0.012296135000000001,other,-0.19726675351609396,-0.15158580008801995,0.04496914793354622,0.02313949997166428,-0.13318596395800206,-0.1289144328687214,9.383403196466686e-12,1.2824854325357469e-11,True
2295,322,1062,0.013146544999999999,0.012296135000000001,upstream_operator_source,-0.19248293520709722,-0.14527678312715314,0.0446540971931211,0.024449076407188398,nan,nan,0.0,0.0,False
2296,1050,1062,0.013146544999999999,0.024592270000000003,upstream_operator_source,-0.1636304801330698,-0.1540447889821706,0.03136862198612298,0.03307798117976406,-0.07588821653495816,-0.10147278681993918,1.8083734038694944e-12,1.5776172750836035e-12,False
2297,1051,1062,0.010351489999999998,0.03554688500000001,upstream_operator_source,-0.12571604179157528,-0.09797713565035064,0.008243575458455934,0.02121263995783635,-0.12124019615928254,-0.1220418366134277,2.308993282639345e-11,2.083212268184782e-11,True
2298,1061,1062,0.00905755375,0.03554688500000001,upstream_operator_source,-0.12190974463894969,-0.09806741904934405,0.008307943640257567,0.02138161590130404,nan,nan,0.0,0.0,False
2299,1051,1061,0.00905755375,0.04650150000000001,upstream_operator_source,-0.07226659272887712,-0.053239760425567446,-0.002990652266813732,-0.005712032605615057,-0.07528459927071988,-0.07869164137780621,5.1514364576340726e-12,4.0946248048729296e-12,True
2300,1052,1061,0.0077636175,0.056260945,upstream_operator_source,-0.01312902659895407,-0.027500145311855417,-0.09708486574630695,-0.015736945635538898,-0.11383793203182142,-0.11701628816425791,1.7736817086069037e-11,1.5941327177631404e-11,True
2301,1060,1061,0.007116649375000001,0.056260945,upstream_operator_source,-0.012759226296237033,-0.027801100454228664,-0.09730208838606157,-0.015748304026579615,nan,nan,0.0,0.0,False
2302,1052,1060,0.007116649375000001,0.06602038999999998,other,-0.0066441126137012215,-0.005036856019222765,-0.09807413974900772,-0.10184969240975816,-0.10481302518423591,-0.0974211820422209,5.981684736393078e-12,5.292127914808676e-12,True
2303,1053,1060,0.00646968125,0.07471507499999999,other,-0.00027199168808753993,-0.0024536808051450203,-0.1136379252225208,-0.10186633092192024,-0.11420511431139235,-0.11665527033979414,9.1562962354165e-12,8.424927875851703e-12,True
2304,1059,1060,0.006146197187500001,0.07471507499999999,other,-0.00026660906819902256,-0.002484246286944349,-0.113768104048075,-0.10182175277322798,nan,nan,0.0,0.0,False
2305,1053,1059,0.006146197187500001,0.08340976,other,-0.00013932591906399663,-0.00011299270168897581,-0.11384868604051385,-0.11664991655508268,-0.11268481562063341,-0.11369572235688254,4.880649908617044e-12,4.0081359837667364e-12,True
2306,1054,1059,0.005822713125000001,0.09115584,other,-1.1003104610938566e-06,-6.113676949131087e-05,-0.11438332815979865,-0.11659685793368955,-0.11441100131579915,-0.11702539410921653,4.317853005718613e-12,4.1494938790852966e-12,True
2307,1058,1059,0.0054992290625,0.09115584,other,-1.0834047437265887e-06,-6.25783359904623e-05,-0.11439655669485711,-0.11659764595642245,nan,nan,0.0,0.0,False
2308,1054,1058,0.0054992290625,0.09890191999999999,other,-5.003365035952638e-07,-1.7357894397959204e-15,-0.11440969492574211,-0.11709693918070528,-0.11416941626351934,-0.10668820273186098,2.5555661459991148e-12,2.189024706848117e-12,False
2309,1055,1058,0.005175744999999999,0.10580291,other,-1.000932084711383e-09,-1.8322221864512493e-15,-0.11457763924108207,-0.11709312822897393,-0.11460250798585507,-0.1126267681280497,1.2468402229126387e-12,1.3887974247121262e-12,False
2310,1057,1058,0.005110841585408744,0.10580291,other,-9.685013179903029e-10,-1.6875730664682557e-15,-0.11459991940735688,-0.11709309345847731,nan,nan,0.0,0.0,False
2311,1055,1057,0.005110841585408744,0.11270390000000001,other,-5.933030045822812e-10,-1.157192959863946e-15,-0.11460258024157018,-0.11703653927462503,-0.11457671850412025,-0.03177232737123473,7.607634365826461e-13,2.0049322294553136e-12,False
2312,1042,1056,0.005045938170817487,0.1203889625,other,-6.475458937905805e-14,-2.0250876797619075e-15,-0.11448324457152693,-0.03824075691271173,-0.11469130578062833,-0.022790297164604952,1.525440358557741e-13,9.046251861852471e-13,False
2313,1056,1057,0.005045938170817487,0.11577792500000002,other,-8.885313276831076e-13,-1.4464911998299332e-15,-0.11473438917554171,-0.11665115343589486,-0.11466329529604956,-0.07109114155161787,3.1063747419833454e-13,7.809912630913413e-13,False
2314,1058,1066,0.005175744999999999,0.09115584,other,-1.0783590273345889e-06,-4.811713325900238e-05,-0.1143782362543082,-0.11656676879872593,-0.11440087031323397,-0.11700783419721486,2.6011442698068846e-12,2.5438043348170556e-12,True
2315,1066,1067,0.005110841585408744,0.09115584,other,-1.0686649439918538e-06,-4.671092177077171e-05,-0.11439742102214777,-0.11656636503628447,nan,nan,0.0,0.0,False
2316,1058,1067,0.005110841585408744,0.09890191999999999,other,-4.954611634482288e-07,-1.880438559778914e-15,-0.11439959902626988,-0.1170917010170345,-0.11417328860105277,-0.1106923033404036,1.2005988186796687e-12,8.374408006690364e-13,False
2317,1059,1065,0.005822713125000001,0.07471507499999999,other,-0.00026412451183151334,-0.00266983329693668,-0.11373736449314241,-0.10171235105959997,-0.11413470994183006,-0.1164100349052499,6.5207413534101905e-12,6.179743883952721e-12,True
2318,1065,1066,0.0054992290625,0.07471507499999999,other,-0.0002604189343399743,-0.00268641396605464,-0.11375070922701862,-0.10181168524328352,nan,nan,0.0,0.0,False
2319,1059,1066,0.0054992290625,0.08340976,other,-0.0001365561295602701,-0.00010478070670760546,-0.11378619603634967,-0.11657663785994449,-0.11263806371690983,-0.11332548605728816,2.6588460545532664e-12,2.0100119730791446e-12,False
2320,1060,1064,0.00646968125,0.056260945,upstream_operator_source,-0.012546658278808737,-0.02635579803373759,-0.09698347935718868,-0.015537340683081454,-0.11278552998203788,-0.1151739987472725,1.098894260372737e-11,1.0132499342050919e-11,True
2321,1064,1065,0.006146197187500001,0.056260945,upstream_operator_source,-0.012330698837571687,-0.02696366083950288,-0.09707405223465534,-0.014564238817387715,nan,nan,0.0,0.0,False
2322,1060,1065,0.006146197187500001,0.06602038999999998,other,-0.006438545815490519,-0.005159983631156841,-0.09761486870836193,-0.10137161021338283,-0.10450440638123301,-0.09580775327348004,4.147184582487859e-12,3.3501833766967055e-12,True
2323,1061,1063,0.0077636175,0.03554688500000001,upstream_operator_source,-0.11951800693805557,-0.09400631609606287,0.008442782635543161,0.02117055189478369,-0.11471228269400098,-0.11686487190920447,1.8570965414479007e-11,1.6984691894386213e-11,True
2324,1063,1064,0.007116649375000001,0.03554688500000001,upstream_operator_source,-0.11649527680859949,-0.09370188564520911,0.008457932359174884,0.021214660695181735,nan,nan,0.0,0.0,False
2325,1061,1064,0.007116649375000001,0.04650150000000001,upstream_operator_source,-0.06900124205444703,-0.05126793929404763,-0.002741692678943587,-0.005296853775243398,-0.06318682517959007,-0.06487059717723624,4.317436666696021e-12,3.6480648371578005e-12,True
2326,323,1062,0.010351489999999998,0.012296135000000001,upstream_operator_source,-0.18748422939019554,-0.1412958850681705,0.04433104898143348,0.024215673051730866,-0.12401426241360258,-0.12333587919835609,2.24522514470669e-11,2.2670760375660983e-11,True
2327,323,1063,0.00905755375,0.012296135000000001,upstream_operator_source,-0.18190751744677533,-0.13798106406973704,0.04423933459782931,0.024054361708887768,nan,nan,0.0,0.0,False
2328,1062,1063,0.00905755375,0.024592270000000003,upstream_operator_source,-0.15438999559907807,-0.14445004289748717,0.03094969788619409,0.034057028516482145,-0.05967807766168768,-0.08420544302098246,2.446130552734569e-12,1.8279900443737305e-12,False
2329,333,1063,0.0077636175,0.012296135000000001,upstream_operator_source,-0.17808725912273274,-0.13498731883208287,0.04414395485048376,0.024009669369228107,-0.11480300423262522,-0.11651520331636488,1.890625914708376e-11,1.8500696884212016e-11,True
2330,333,1071,0.007116649375000001,0.012296135000000001,upstream_operator_source,-0.17381291880590544,-0.13221763151787544,0.04411644463219551,0.023992823645961874,nan,nan,0.0,0.0,False
2331,1063,1071,0.007116649375000001,0.024592270000000003,upstream_operator_source,-0.14733053621622294,-0.13847335686953885,0.030824597987509385,0.03390418955180488,-0.04929710450781273,-0.07327381436944172,2.110890213745369e-12,1.6561366619007425e-12,False
2332,1064,1071,0.00646968125,0.03554688500000001,upstream_operator_source,-0.11438313039925206,-0.09037540719825472,0.00849438173916618,0.021192934148189402,-0.10948603938498216,-0.11246538055669732,1.2188098823028254e-11,1.1342476887847242e-11,True
2333,1070,1071,0.006146197187500001,0.03554688500000001,upstream_operator_source,-0.11262078303576566,-0.09309376734527174,0.008498079914997991,0.02127953666383471,nan,nan,0.0,0.0,False
2334,1064,1070,0.006146197187500001,0.04650150000000001,upstream_operator_source,-0.06660700083519436,-0.05208079028879695,-0.002675306295699403,-0.006269202555244947,-0.057320924131345055,-0.058372751679263174,3.118354989613577e-12,2.4446162068306672e-12,True
2335,1065,1070,0.005822713125000001,0.056260945,upstream_operator_source,-0.012172357462669339,-0.028426752376831663,-0.09700350137365879,-0.01738748852477476,-0.11226668194649887,-0.11380255791442101,8.153335742209817e-12,7.7745957161422e-12,True
2336,1069,1070,0.0054992290625,0.056260945,upstream_operator_source,-0.011999504145628805,-0.027785989473012872,-0.09699370496539898,-0.019388151210811975,nan,nan,0.0,0.0,False
2337,1065,1069,0.0054992290625,0.06602038999999998,other,-0.006271006492346953,-0.004725137017071739,-0.09747376527536011,-0.10116233884243236,-0.10442407334542694,-0.09334458129958327,2.5131476568775984e-12,1.8190488243418318e-12,False
2338,1066,1069,0.005175744999999999,0.07471507499999999,other,-0.0002582114880796999,-0.002022779330209805,-0.11370897506869303,-0.10149139879622476,-0.11409412013163202,-0.11624664755087392,4.187774316627006e-12,3.90366348184293e-12,True
2339,1068,1069,0.005110841585408744,0.07471507499999999,other,-0.00025685381996936614,-0.002054284304409025,-0.11374277253913466,-0.10144582420634424,nan,nan,0.0,0.0,False
2340,1066,1068,0.005110841585408744,0.08340976,other,-0.00013491377928875577,-0.0001197992881107756,-0.11375156108383044,-0.11655795952230613,-0.11238495095314104,-0.11236824246454115,1.059668101835158e-12,7.872577970698846e-13,False
2341,1057,1067,0.005045938170817487,0.10580291,other,-1.0284073654379983e-09,-1.350058453174604e-15,-0.11459280740560338,-0.11708983142999108,-0.11460191824185453,-0.112769501041247,1.0713994584551586e-12,1.1441069695379377e-12,False
2342,1067,1068,0.005045938170817487,0.09115584,other,-1.1235022618537204e-06,-7.552803613902646e-05,-0.1143929411807037,-0.1165557820526678,-0.1144000130707437,-0.11700011982947632,2.2714438380976376e-12,2.1442050118409133e-12,False
2343,1069,1073,0.005175744999999999,0.056260945,other,-0.011866701466249142,-0.02224079890467266,-0.09693163108330813,-0.013899966036190887,-0.11188081111521131,-0.11282227458767372,5.472298769675862e-12,5.0794578069875725e-12,True
2344,1073,1074,0.005110841585408744,0.056260945,other,-0.01180757648308445,-0.024272591566735387,-0.09696113083263427,-0.012900308938526998,nan,nan,0.0,0.0,False
2345,1069,1074,0.005110841585408744,0.06602038999999998,other,-0.006173270516373506,-0.005504759982728189,-0.0973954824273816,-0.10108526522972604,-0.10434478767228918,-0.08772265239433005,1.2275969160720276e-12,7.630333053287747e-13,False
2346,1070,1072,0.005822713125000001,0.03554688500000001,upstream_operator_source,-0.11121150937071218,-0.0925876375605505,0.008507472276334268,0.019233041939573762,-0.10628812012608521,-0.10907085730492358,9.33233860994864e-12,8.964750478446688e-12,True
2347,1072,1073,0.0054992290625,0.03554688500000001,other,-0.10976523979538122,-0.08660729746128136,0.008511347178204906,0.0192066443267797,nan,nan,0.0,0.0,False
2348,1070,1073,0.0054992290625,0.04650150000000001,upstream_operator_source,-0.06484169866088306,-0.04827997798625738,-0.0026558184973733364,-0.005145989230599036,-0.05409910360542908,-0.05165799326636889,1.9393978656723556e-12,1.3697741377679e-12,False
2349,334,1071,0.00646968125,0.012296135000000001,other,-0.17071287103311908,-0.1300168010901748,0.044087713828719205,0.02397917559428461,-0.10748552281883506,-0.11101596086588125,1.274868412877923e-11,1.2336240331043281e-11,True
2350,334,1072,0.006146197187500001,0.012296135000000001,other,-0.1682382001270266,-0.12998757532379024,0.04407953950512325,0.022464736138076497,nan,nan,0.0,0.0,False
2351,1071,1072,0.006146197187500001,0.024592270000000003,other,-0.14245711126372002,-0.1357671476861646,0.030786642166064564,0.03260603372486689,-0.0447684231507642,-0.06743926894976368,1.5503360413906795e-12,1.1394330747802172e-12,False
2352,340,1072,0.005822713125000001,0.012296135000000001,other,-0.1662008744230937,-0.12859177944114697,0.04407097927688502,0.02246298297579665,-0.1029907072740622,-0.10681268626781151,9.904789169549186e-12,9.781606781243071e-12,True
2353,340,1076,0.0054992290625,0.012296135000000001,other,-0.1641552778556978,-0.12357058259002576,0.044066559565946246,0.025407755886200964,nan,nan,0.0,0.0,False
2354,1072,1076,0.0054992290625,0.024592270000000003,other,-0.13891325700902363,-0.13082967373685275,0.030776411794889172,0.033854109936241626,-0.04439840995267485,-0.06505299486295887,9.779075065818305e-13,6.335267180257905e-13,False
2355,1073,1076,0.005175744999999999,0.03554688500000001,other,-0.10860900940190552,-0.08160763654938477,0.008516906246538124,0.02295340095910503,-0.10367190731448003,-0.10691969511721809,6.4674275358174054e-12,6.015831583586056e-12,True
2356,1075,1076,0.005110841585408744,0.03554688500000001,other,-0.10810495260303106,-0.09589136876803199,0.008516298907922373,0.02308618281363489,nan,nan,0.0,0.0,False
2357,1073,1075,0.005110841585408744,0.04650150000000001,other,-0.06380976266548935,-0.054940938427668375,-0.0026464474395928935,-0.004237425541071515,-0.05255047387242813,-0.03872462751120944,9.442924839597054e-13,5.694736484986303e-13,False
2358,1068,1074,0.005045938170817487,0.07471507499999999,other,-0.00023880853941221617,-0.003423553474896832,-0.1137321727437979,-0.10154324970212555,-0.11407148619210603,-0.11614860529534256,3.3207742205490035e-12,3.3326149234121835e-12,True
2359,1074,1075,0.005045938170817487,0.056260945,other,-0.01148192055708917,-0.03593562364308903,-0.09694981334981301,-0.015661043981752654,-0.1114887394693905,-0.11217248517028422,4.547514670426576e-12,4.394451310208164e-12,True
2360,341,1076,0.005175744999999999,0.012296135000000001,other,-0.162498469135295,-0.122386231660433,0.044062055303001446,0.02540421924563177,-0.09929751922653371,-0.10440492484586296,6.96557251097872e-12,6.61855616085638e-12,True
2361,341,1077,0.005110841585408744,0.012296135000000001,other,-0.16179114252092855,-0.13039939207961873,0.04406168621686621,0.023794474630669544,nan,nan,0.0,0.0,False
2362,1076,1077,0.005110841585408744,0.024592270000000003,other,-0.13683411328519327,-0.13383330957334677,0.030769781104772374,0.034953776981258455,-0.05081813181257652,-0.06271281396002859,4.797763810591665e-13,2.430828286457531e-13,False
2363,343,1077,0.005045938170817487,0.012296135000000001,other,-0.16121164595557144,-0.13015469077268124,0.04406132634704684,0.023794400360939643,-0.09801147355170226,-0.10299429541415711,5.9716131070384415e-12,5.721262875264616e-12,True
2364,1075,1077,0.005045938170817487,0.03554688500000001,other,-0.10684064097207088,-0.10323459037310456,0.0085168688792391,0.02098283982677351,-0.10190242061375646,-0.10554175614458317,5.4918247083048225e-12,5.257055536546991e-12,True
2365,1078,1084,0.005045938170817487,0.1995224576539325,other,-6.750292265873015e-16,9.64327466553287e-17,-0.12493873660829995,0.37575786840259784,-0.1094214429560835,0.009633641457944864,1.6949104267170955e-13,3.598234951030387e-13,False
2366,1079,1084,0.005110841585408744,0.1995224576539325,other,-1.4947075731575976e-15,9.64327466553287e-17,-0.12493873660829995,-0.0008851189274626038,nan,nan,0.0,0.0,False
2367,1079,1081,0.005175744999999999,0.1995224576539325,other,-9.643274665532872e-17,0.0,-0.12493873660829995,-0.03146827065773641,-0.1093894501203725,0.0010985930014480053,6.908935224066025e-13,1.1978892397657495e-12,False
2368,1081,1084,0.005110841585408744,0.20066961483086138,other,-1.3018420798469396e-15,-4.821637332766436e-17,-0.12493873660829995,-0.0029197747937060336,-1.2639536537044518e-11,-0.008215864947089684,3.2482053087168045e-14,3.8461516105463097e-11,True
2369,1081,1082,0.005175744999999999,0.20324550193354884,other,8.678947198979575e-16,-1.446491199829931e-16,-0.12493873660829989,-0.05037801629688723,-0.1090539395415953,0.00015990301455017655,8.395980510830135e-13,9.69118933722582e-13,False
2370,1081,1083,0.005110841585408744,0.20324550193354884,other,9.64327466553287e-17,-1.446491199829931e-16,-0.12493873660829995,-0.00463739598631335,nan,nan,0.0,0.0,False
2371,1082,1083,0.005110841585408744,0.20582138903623634,other,0.0,-4.821637332766436e-17,-0.09691001300805639,0.0010627169384539214,nan,-0.06759572830196627,0.0,5.526465684029737e-11,True
2372,1082,1086,0.005175744999999999,0.20851815501753157,other,0.0,0.0,-0.07255066714861179,0.2022386923112765,-0.10866151165336947,-0.10577641228651921,8.930273579024961e-13,7.487461548535435e-13,False
2373,940,1086,0.0054992290625,0.20851815501753157,other,9.64327466553287e-17,0.0,-0.07255066714861168,0.21492770902040828,nan,nan,0.0,0.0,False
2374,1083,1085,0.005045938170817487,0.20851815501753157,other,0.0,-1.446491199829931e-16,-0.07255066714861179,0.001840286266755146,-0.10866151165336954,-0.10090363414656413,1.4924509513843045e-13,1.329373739772949e-13,False
2375,1082,1085,0.005110841585408744,0.20851815501753157,other,0.0,-1.446491199829931e-16,-0.07255066714861179,0.014922928691379926,nan,nan,0.0,0.0,False
2376,1083,1084,0.005045938170817487,0.20324550193354884,other,-1.9286549331065786e-15,0.0,-0.12493873660829995,0.0007654730969382678,-0.10906149306761935,0.006915171909843858,1.3952237019752846e-13,1.6979358512302724e-13,False
2377,1085,1087,0.005045938170817487,0.21674281049941344,other,0.0,-4.821637332766436e-17,-0.130333768495006,0.001366426395659037,-0.10794304349668392,-0.1809376587477039,1.5274487565516638e-13,1.116734174151545e-13,False
2378,1086,1087,0.005110841585408744,0.21674281049941344,other,0.0,0.0,-0.130333768495006,0.04741981727211387,nan,nan,0.0,0.0,False
2379,1085,1086,0.005110841585408744,0.2112149209988268,other,0.0,-4.821637332766436e-17,-0.1106982974936897,0.1769549703873849,nan,-0.011390237085578675,0.0,6.581125393066324e-11,True
2380,1086,1088,0.005175744999999999,0.21674281049941344,other,0.0,0.0,-0.13033376849500608,0.18238093755705206,-0.10795111011224426,-0.1732740438175812,9.140119557371256e-13,7.181609186922939e-13,False
2381,1088,1112,0.0054992290625,0.21674281049941344,other,5.785964799319719e-16,0.0,-0.13033376849500608,0.028044121894910845,nan,nan,0.0,0.0,False
2382,1086,1112,0.0054992290625,0.2112149209988268,other,4.821637332766433e-16,0.0,-0.1106982974936897,0.23132140006372087,0.0,-1.1981453123154207,2.31561803050607e-14,2.625487272880485e-12,True
2383,1087,1089,0.005045938170817487,0.25191125000000003,drain_first_layer,0.0,-1.0276424424434357e-05,-0.10080505689158067,-2.3773823252154928e-05,-0.10482996308114562,-0.11158527693855369,1.594405957498282e-13,1.55392024849917e-13,False
2384,1088,1089,0.005110841585408744,0.25191125000000003,drain_first_layer,0.0,-1.0372683820801924e-05,-0.10080505689158067,0.00016284414851732907,nan,nan,0.0,0.0,False
2385,1087,1088,0.005110841585408744,0.22227070000000004,other,0.0,0.0,-0.10544517549181903,0.00012462532470917305,nan,0.0011767645149604008,0.0,6.56572978452797e-10,True
2386,1088,1090,0.005175744999999999,0.25191125000000003,drain_first_layer,0.0,-3.682808519332126e-05,-0.10080505689158067,-0.0005114580461198776,-0.10482996308114254,-0.11386552376101758,9.541053840471494e-13,9.26254081069445e-13,False
2387,1090,1108,0.0054992290625,0.25191125000000003,drain_first_layer,0.0,-3.662711346720268e-05,-0.10080505689158067,-0.0012669019626547692,nan,nan,0.0,0.0,False
2388,1088,1108,0.0054992290625,0.22227070000000004,other,0.0,0.0,-0.10544517549181916,0.00039505753170018614,0.0,-0.04336406191010922,3.438138580119605e-14,1.5600200237539342e-10,True
2389,1089,1090,0.005110841585408744,0.2815518,drain_first_layer,0.0,-4.8903329311833413e-05,-0.10280429139404906,-0.0003922059944738667,nan,-1.8586294790916027e-05,0.0,6.084182321388416e-10,True
2390,1089,1091,0.005045938170817487,0.2907759,drain_first_layer,0.0,-6.498208289588719e-05,-0.10720996964786843,-2.4702666032363615e-05,-0.10256900415309533,-0.10442185603504252,2.417768561058544e-13,1.048877864304945e-13,False
2391,1090,1091,0.005110841585408744,0.2907759,drain_first_layer,0.0,-9.28769319493594e-05,-0.10720996964786843,-0.00026675699350960476,nan,nan,0.0,0.0,False
2392,1091,1092,0.005110841585408744,0.3,drain_first_layer,0.0,-0.00011929369376833751,-0.1072099696478683,0.0,-0.10224976652875994,-7.271655978058529e-05,8.682103407414624e-11,4.357551370356774e-10,True
2393,1090,1092,0.005175744999999999,0.2907759,drain_first_layer,0.0,-0.00010295838501439008,-0.1072099696478683,-0.0008698060542650037,-0.10257019813696079,-0.10301120548070337,1.4412779100541318e-12,6.366848703852749e-13,False
2394,1091,1101,0.005045938170817487,0.33475275000000004,other,0.0,-0.00013873900154585063,nan,0.0,nan,-0.11078792320699693,0.0,2.309860501692915e-14,False
2395,1092,1101,0.005110841585408744,0.33475275000000004,drain_first_layer,0.0,-0.0001488800225885672,nan,0.0,nan,nan,0.0,0.0,False
2396,1092,1100,0.005175744999999999,0.33475275000000004,drain_first_layer,0.0,-0.00013268401886596716,-0.3010299956639812,0.0,-0.10285934552125946,-0.10456729616456097,1.2858817177645536e-15,1.439635784341074e-13,False
2397,1094,1100,0.0054992290625,0.33475275000000004,drain_first_layer,0.0,-6.77746240959225e-05,-0.3010299956639812,0.0,nan,nan,0.0,0.0,False
2398,1092,1094,0.0054992290625,0.3,drain_first_layer,0.0,-6.463843489873728e-05,-0.28551497626269023,0.0,-0.10140064299218672,-2.483688175131734e-05,8.549371745311244e-11,1.6955805525374445e-10,True
2399,1090,1093,0.0054992290625,0.2815518,drain_first_layer,0.0,-3.8229771151950635e-05,-0.10280429139404924,-0.005157895539153729,-0.07918124604762637,-9.689315924477934e-06,5.944776059273291e-13,1.3203089507147343e-10,True
2400,1092,1093,0.0054992290625,0.2907759,drain_first_layer,0.0,-6.437614785146396e-05,-0.12789765398467348,-0.0022704201438241917,nan,nan,0.0,0.0,False
2401,1093,1094,0.005822713125000001,0.2907759,other,0.0,0.0,-0.12621427712004818,-0.0028650350040867367,-0.10258869704287597,-0.1035330685136939,2.3558565759117066e-12,1.0482205087477133e-12,False
2402,1093,1108,0.005822713125000001,0.25191125000000003,other,0.0,0.0,-0.10080505689158067,-0.003116523712032302,-0.104831206557986,-0.11157921720645124,1.5884427487694721e-12,1.5067911193344947e-12,False
2403,1094,1097,0.005822713125000001,0.33475275000000004,other,0.0,0.0,1.4291515393386813,0.0,-0.10237290870955763,-0.09410609642407466,1.2635314049178403e-14,2.6667153926471733e-13,False
2404,1094,1096,0.006146197187500001,0.3,other,0.0,0.0,0.3537135909917084,0.0,-0.10142837464590061,0.0,8.317601444393904e-11,3.505540689901093e-11,True
2405,1093,1095,0.006146197187500001,0.2815518,other,0.0,0.0,-0.1012313867906989,-0.017278724452884756,-0.1149545157016991,0.0,1.3067942173358028e-12,1.6450699994570773e-11,True
2406,1094,1095,0.006146197187500001,0.2907759,other,0.0,0.0,-0.08865169147895617,-0.004143556737746632,nan,nan,0.0,0.0,False
2407,1095,1107,0.00646968125,0.25191125000000003,other,0.0,0.0,-0.10080505689158062,-0.020308214516082168,-0.10482998153938239,-0.09969162044767844,2.3792148342873483e-12,2.312031052450537e-12,False
2408,1093,1107,0.006146197187500001,0.25191125000000003,other,0.0,0.0,-0.1008050568915805,-0.013493010931249884,nan,nan,0.0,0.0,False
2409,1097,1100,0.0054992290625,0.36950550000000004,drain_first_layer,0.0,-6.791180175785533e-05,-0.3010299956639812,0.0,-0.09384387684995887,2.8183247258743974e-05,2.035977343718744e-11,3.4144425450328915e-10,True
2410,1097,1098,0.005822713125000001,0.43475275,other,0.0,0.0,nan,0.0,-0.09737425087364349,0.0,6.135714628691811e-16,2.4447059619770475e-14,False
2411,1097,1099,0.0054992290625,0.43475275,drain_first_layer,0.0,-6.074537903151101e-05,nan,0.0,nan,nan,0.0,0.0,False
2412,1098,1099,0.0054992290625,0.5,drain_first_layer,0.0,-6.0786435073293544e-05,nan,0.0,-0.0908074140212006,1.6855322921071844e-05,2.8712460032474485e-12,3.7451680168322453e-10,True
2413,1099,1100,0.005175744999999999,0.43475275,drain_first_layer,0.0,-0.00012883302996134449,nan,0.0,-0.11069829749368913,6.737829457082025e-06,6.109804459422101e-17,3.63972832538109e-15,False
2414,1100,1102,0.005110841585408744,0.43475275,drain_first_layer,0.0,-0.00015277246304200965,nan,0.0,nan,nan,0.0,0.0,False
2415,1099,1102,0.005110841585408744,0.5,drain_first_layer,0.0,-0.0001456414348856451,nan,0.0,-0.04575749056067608,-0.00047790390859026635,2.99639877162496e-12,9.176389174841291e-11,True
2416,1100,1101,0.005110841585408744,0.36950550000000004,drain_first_layer,0.0,-0.00015219635167715883,nan,0.0,-0.09691001300805596,-0.00021218686717192694,2.0404908791078717e-11,3.152109672818913e-10,True
2417,1101,1102,0.005045938170817487,0.43475275,other,0.0,-0.00016900006104546872,nan,0.0,nan,-0.0001527387928808283,0.0,1.2145670126524722e-17,False
2418,1103,1106,0.0077636175,0.21674281049941344,other,5.785964799319719e-16,0.0,-0.130333768495006,0.023395918083259807,-0.1079574946366171,-0.10614491246268945,4.529659651807804e-12,4.476528763388673e-12,True
2419,1106,1107,0.007116649375000001,0.21674281049941344,other,7.71461973242629e-16,0.0,-0.13033376849500608,0.013789400365252696,nan,nan,0.0,0.0,False
2420,1103,1107,0.007116649375000001,0.22227070000000004,other,0.0,0.0,-0.10544517549181898,-0.015139041275772064,0.0,-0.2662027260946066,2.224400479519506e-13,4.0196046188144425e-12,True
2421,864,1104,0.013146544999999999,0.2112149209988268,other,0.0,0.0,-0.1087505331042871,-0.01948039561255152,-0.06529118571923924,-0.3372040196275148,3.314262080629873e-13,2.5679821916184125e-12,True
2422,1104,1105,0.010351489999999998,0.20851815501753157,other,-9.643274665532872e-17,0.0,-0.0717714765901529,0.13250965050417238,-0.10871140193174411,-0.0747155644909647,9.182023130723169e-12,8.755399194302407e-12,True
2423,1105,1106,0.00905755375,0.20851815501753157,other,6.750292265873004e-16,0.0,-0.07255066714861168,0.04433301462214588,nan,nan,0.0,0.0,False
2424,1104,1106,0.00905755375,0.2112149209988268,other,7.71461973242629e-16,0.0,-0.1106982974936897,0.11877750962998221,-0.07098676743195304,-0.48359250515449703,2.015795820483109e-13,9.243389779311507e-13,False
2425,1106,1110,0.0077636175,0.20851815501753157,other,1.9286549331065737e-16,0.0,-0.07255066714861168,-0.0683279324989933,-0.10865487248658418,-0.11612780956075697,4.438543286178907e-12,4.048329993737532e-12,True
2426,1106,1109,0.007116649375000001,0.2112149209988268,other,6.750292265873004e-16,0.0,-0.1106982974936897,0.02496507443425945,-0.0843208857007792,-0.5076167416682034,1.0741983426978407e-13,5.909501290922699e-12,True
2427,1107,1109,0.00646968125,0.21674281049941344,other,0.0,0.0,-0.130333768495006,0.0002794164965133453,-0.10794324402584035,-0.12415740150718463,2.278718421223752e-12,2.091921017672129e-12,False
2428,1108,1109,0.006146197187500001,0.21674281049941344,other,0.0,0.0,-0.13033376849500608,0.002427792769480298,nan,nan,0.0,0.0,False
2429,1107,1108,0.006146197187500001,0.22227070000000004,other,0.0,0.0,-0.10544517549181903,-0.0032333567647204664,-0.1249387366082995,-0.04065157400740501,1.0303790486650775e-13,6.84667143160467e-11,True
2430,1108,1112,0.005822713125000001,0.21674281049941344,other,5.785964799319719e-16,0.0,-0.130333768495006,0.017684575908034007,-0.1079465577717468,-0.17973115345416096,1.5216033215330476e-12,1.2492662553661646e-12,False
2431,1109,1112,0.006146197187500001,0.2112149209988268,other,4.821637332766433e-16,0.0,-0.11069829749368976,0.048000132812342236,-0.0969100130080529,0.06346573765535472,6.166475497286625e-14,2.0831267028751795e-11,True
2432,934,1111,0.013146544999999999,0.20066961483086138,other,-3.8573098662131503e-16,0.0,-0.11563590283972078,0.12106603065816907,-0.14159228184535774,0.0648491526783286,3.5331889621983784e-13,2.539959955497301e-13,False
2433,836,1113,0.040128045,0.5,other,0.0,0.0,0.20355406631234083,0.0,-0.07315588824199327,0.0,2.378125903949055e-12,2.6251969252145524e-12,True
2434,797,1114,0.16039894999999998,0.5,other,-3.739790370439937e-08,-0.00012009232131878415,-0.0024136601071977383,-0.006205336037290136,-0.0024138097829626637,-0.0012776136905556367,1.2695936176065023e-13,2.336761017589686e-13,False
2435,1114,1115,0.18422864999999997,0.5,other,-0.0003960326699561697,-0.004408644566663806,-0.0065482973365774706,0.005957874716468121,-0.0069545928921099145,-0.004598220152158796,4.3891480593056227e-14,6.696601696973134e-14,False
2436,1116,1117,0.23235240000000004,0.32552865000000003,other,-0.026451105082725843,-0.024499507449993213,0.017282157097711873,0.017595157404057378,-0.005745187465011067,-0.00046137742625996305,1.0040126674791445e-15,2.1531462965405757e-15,False
2437,1116,1156,0.23235240000000004,0.43475275,other,-0.023559079315663742,-0.023210987272884457,0.01619198842914788,0.01653833762997232,-0.006472931091626061,0.0015051611071017824,2.360285931973427e-16,6.127840580516989e-16,False
2438,1155,1156,0.25475625,0.43475275,other,-0.03045388639481073,-0.025439060020228145,0.0190859822079407,0.014381031102545443,nan,nan,0.0,0.0,False
2439,1116,1155,0.25475625,0.36950550000000004,other,-0.0313189965060865,-0.024967726723683536,0.01947799197288065,0.014789374702806809,-0.007389203372930583,-0.007464920130715319,7.813754164522148e-14,7.82067531633775e-14,False
2440,1116,1118,0.25475625,0.32552865000000003,other,-0.03345418477834941,-0.025948037448193604,0.020055578836665967,0.014360408390009774,nan,nan,0.0,0.0,False
2441,1117,1118,0.25475625,0.2815518,other,-0.03570544553974503,-0.02773099620875711,0.020516915425293256,0.015191212306545455,-0.009530377299662829,-0.009145032956696747,6.18650025858951e-14,5.973697590639466e-14,False
2442,1117,1216,0.23235240000000004,0.25191125000000003,other,-0.029045242050611313,-0.0293720996470376,0.016165933946995566,0.018048651485047158,0.0023639967467322864,-0.002624410003212265,6.069181759676408e-15,5.940527816889083e-15,False
2443,793,1216,0.21500590000000003,0.25191125000000003,other,-0.024993785999668273,-0.019148833552754853,0.015135246692821567,0.016271896957729872,nan,nan,0.0,0.0,False
2444,1118,1119,0.2771601,0.25191125000000003,other,-0.028409437786521552,-0.029785823607580062,0.011473378632033304,0.011060505256105519,-0.0007558124404891496,-0.0026979367817637503,1.0940589217823126e-14,1.0165800832289362e-14,False
2445,1117,1119,0.25475625,0.25191125000000003,other,-0.03670489546302075,-0.02822396522967555,0.01923920494100821,0.014042151991350798,nan,nan,0.0,0.0,False
2446,1118,1155,0.2771601,0.32552865000000003,other,-0.026603303432082136,-0.028272486116669052,0.011671272877048952,0.012514430841954822,0.007445252161564652,0.0009316636861512158,4.252086771255376e-15,4.707997332535067e-15,False
2447,1154,1155,0.30609574999999994,0.32552865000000003,other,-0.0228462857964412,-0.023128334208453883,0.004895289141280716,0.007406701672405677,nan,nan,0.0,0.0,False
2448,1118,1154,0.30609574999999994,0.2815518,other,-0.02324064783581813,-0.024125625096239067,0.0037575662097112505,0.007194837268011143,-0.009969840414667593,-0.009759177625768571,5.517460216803124e-14,5.362381369466714e-14,False
2449,1118,1120,0.30609574999999994,0.25191125000000003,other,-0.02311285967701696,-0.023916022186880142,0.002418279001321067,0.006431466708182661,nan,nan,0.0,0.0,False
2450,1119,1120,0.30609574999999994,0.22227070000000004,other,-0.02269752307392904,-0.02441207236104061,0.0008134199804248005,0.005145737806413372,-0.012048854468086135,-0.0119406405153827,3.855891265792779e-14,3.7660931533278463e-14,False
2451,1119,1215,0.2771601,0.20229290000000003,other,-0.028824679617555925,-0.030094358892197904,0.00896211792269245,0.008501211913735962,-0.0044888020774500135,-0.004883304822953462,1.8348031271179367e-14,1.694527010842657e-14,False
2452,1215,1216,0.25475625,0.20229290000000003,other,-0.037470254937475994,-0.031241531145007082,0.0157617683452569,0.012853131770034169,nan,nan,0.0,0.0,False
2453,1119,1216,0.25475625,0.22227070000000004,other,-0.037335929221231724,-0.031435746572190094,0.017816138702286495,0.014212085638673088,-0.011710178544012422,-0.011450787601553304,4.596758250708757e-14,4.439192557638737e-14,False
2454,1120,1121,0.3350313999999999,0.20229290000000003,other,-0.017424752766471048,-0.01818618490607399,-0.0034431208478532135,-0.003354910516445951,-0.0033370800320658726,-0.002808099346835143,2.310115836293322e-14,2.156437848565529e-14,False
2455,1119,1121,0.30609574999999994,0.20229290000000003,other,-0.022395627791128806,-0.02398767607787013,-0.0004860675755051402,0.004390407550792743,nan,nan,0.0,0.0,False
2456,1120,1154,0.3350313999999999,0.25191125000000003,other,-0.018007443810884892,-0.018812673961814092,-0.0009179549645085614,-0.0012700628995728253,-0.00043620404647961436,-0.0006927873863838221,1.598475736430566e-14,1.4678387031104663e-14,False
2457,1153,1154,0.3724033,0.25191125000000003,other,-0.014135713723318271,-0.015176972839109227,-0.005877357615027298,-0.0032920081641798315,nan,nan,0.0,0.0,False
2458,1120,1153,0.3724033,0.22227070000000004,other,-0.013711178031393515,-0.014971311167309683,-0.0068566727856483895,-0.004559193774225395,-0.012560238135009128,-0.012215110283398941,3.144119493072895e-14,3.110769881073505e-14,False
2459,1120,1122,0.3724033,0.20229290000000003,other,-0.013459935218262113,-0.014659111690441312,-0.007629570323327971,-0.005039053727588938,nan,nan,0.0,0.0,False
2460,1121,1122,0.3724033,0.1823151,other,-0.013070695666929965,-0.014243829981995046,-0.008227626024462364,-0.006388151460768792,-0.014465909216149146,-0.014024648411771354,2.0242304242241058e-14,2.0260743192011826e-14,False
2461,1121,1214,0.3350313999999999,0.16884999999999997,other,-0.01656208371057269,-0.017317452481187448,-0.005904501057568141,-0.005490252456631529,-0.00539531428333836,-0.004542874935301465,2.859928174681895e-14,2.7355201890504856e-14,False
2462,1214,1215,0.30609574999999994,0.16884999999999997,other,-0.021344405037081026,-0.02333247183156005,-0.003134443345490389,0.00189002619427553,nan,nan,0.0,0.0,False
2463,1121,1215,0.30609574999999994,0.1823151,other,-0.021731046621939063,-0.02378868690514014,-0.0018206254220844123,0.002601400344389568,-0.014353054045113832,-0.014202219650706643,2.574126890967687e-14,2.5450164814699773e-14,False
2464,1122,1123,0.4097752,0.16884999999999997,other,-0.010027382850453825,-0.010477670919854739,-0.010289349802544902,-0.0100463734945087,-0.0056963876832858305,-0.0049679201140158755,2.9575567300821076e-14,2.8734446671095864e-14,False
2465,1121,1123,0.3724033,0.16884999999999997,other,-0.012776724438663324,-0.013968263587792714,-0.0090794943819258,-0.0068081061040499765,nan,nan,0.0,0.0,False
2466,1122,1153,0.4097752,0.20229290000000003,other,-0.010601269139088073,-0.01106025391315298,-0.008934373155452953,-0.008734696263004778,-0.004071162158710939,-0.0034228533992583274,2.547106027567753e-14,2.413992869739063e-14,False
2467,1152,1153,0.45804285,0.20229290000000003,other,-0.008313224409224393,-0.009025357248903909,-0.010625772055038986,-0.009394477319207188,nan,nan,0.0,0.0,False
2468,1122,1152,0.45804285,0.1823151,other,-0.00809716331017695,-0.008717534857117308,-0.01086480456765192,-0.01026365461285754,-0.014164954248530408,-0.013702026645987837,1.613690869079545e-14,1.6281380901081006e-14,False
2469,1122,1124,0.45804285,0.16884999999999997,other,-0.007878785655011785,-0.008550329425193362,-0.011430220040954652,-0.010509585391772384,nan,nan,0.0,0.0,False
2470,1123,1124,0.45804285,0.1553849,other,-0.007771404782101798,-0.008278461626474812,-0.01146074666937403,-0.011288449912483619,-0.015145283063355018,-0.01473951062068943,1.0267539939197641e-14,1.0399472796690704e-14,False
2471,1123,1213,0.4097752,0.14630939999999998,other,-0.00955537451346228,-0.009990752784267599,-0.01127721686724727,-0.011134410737631916,-0.006867337244465578,-0.006242872139763087,3.2232025939665444e-14,3.184503892931315e-14,False
2472,1213,1214,0.3724033,0.14630939999999998,other,-0.01220918440386008,-0.013306685428823063,-0.010186622027287064,-0.00848606063362501,nan,nan,0.0,0.0,False
2473,1123,1214,0.3724033,0.1553849,other,-0.012544213362117387,-0.013522228069612908,-0.009309440760712667,-0.008171844259018478,-0.016084120848216612,-0.015602868383454068,1.292457116079528e-14,1.3037326872221111e-14,False
2474,1124,1125,0.5063105,0.14630939999999998,other,-0.005969043028828488,-0.006238147687930626,-0.012475045560194254,-0.012462991185342647,-0.007309741306043318,-0.007029593890109118,2.9391879861317474e-14,2.9338603674940325e-14,False
2475,1123,1125,0.45804285,0.14630939999999998,other,-0.0075467231572054925,-0.008154675055698387,-0.01201304874378283,-0.011461623234061026,nan,nan,0.0,0.0,False
2476,1124,1152,0.5063105,0.16884999999999997,other,-0.006246955724869468,-0.006527715635797935,-0.011969387887285188,-0.011867818559598177,-0.006533581509124945,-0.006117925036026354,2.7615999352034165e-14,2.7193639548880838e-14,False
2477,1151,1152,0.5686505500000001,0.16884999999999997,other,-0.00499617627060799,-0.005401110509636714,-0.012342674722443126,-0.011969610510941238,nan,nan,0.0,0.0,False
2478,1124,1151,0.5686505500000001,0.1553849,other,-0.004937799365278296,-0.005235204415919785,-0.012324114817000818,-0.012399720116540204,-0.014291842187336092,-0.013890606196860202,8.491080072744682e-15,8.61220874100914e-15,False
2479,1124,1126,0.5686505500000001,0.14630939999999998,other,-0.004796625918636921,-0.005162508701774694,-0.012657123254492326,-0.012503580782307547,nan,nan,0.0,0.0,False
2480,1125,1126,0.5686505500000001,0.1372339,other,-0.004788286199693097,-0.005039632200013489,-0.012573323606920692,-0.012799460759863612,-0.014646763681892421,-0.014303110813891351,5.50092006820228e-15,5.576732965805469e-15,False
2481,1125,1212,0.5063105,0.13111695,other,-0.005770387484158189,-0.00609535655179308,-0.012805962222509142,-0.01284880829614576,-0.007839695597049213,-0.007776868679549864,3.049087310216539e-14,3.0426896961979996e-14,False
2482,1212,1213,0.45804285,0.13111695,other,-0.007307346722581222,-0.007922204270035356,-0.012415480131348907,-0.012141243450394811,nan,nan,0.0,0.0,False
2483,1125,1213,0.45804285,0.1372339,other,-0.007529177617105016,-0.007941906772979596,-0.011924987484005048,-0.012042745377717764,-0.015842144441506167,-0.015504571253855556,6.6002920594339144e-15,6.692248925871499e-15,False
2484,1126,1127,0.6309906000000001,0.13111695,other,-0.003748941629367275,-0.0039547320976588834,-0.012966605776815916,-0.013000177653323305,-0.008312555875068716,-0.008751550115872043,2.4335335813549756e-14,2.4374342006711618e-14,False
2485,1125,1127,0.5686505500000001,0.13111695,other,-0.00465582462562272,-0.005027265144927137,-0.01287164177752084,-0.012851988518763234,nan,nan,0.0,0.0,False
2486,1126,1151,0.6309906000000001,0.14630939999999998,other,-0.0038658669949680527,-0.004039559074211332,-0.01278736000443271,-0.012793596330613574,-0.007981826541395181,-0.008254076136292924,2.36490859959197e-14,2.3831631914897118e-14,False
2487,1132,1151,0.7115058500000001,0.14630939999999998,other,-0.003192206587103492,-0.002884046547543465,-0.012695224218158328,-0.012980560380151504,nan,nan,0.0,0.0,False
2488,1126,1132,0.7115058500000001,0.1372339,other,-0.00317863684989212,-0.0028117488522386557,-0.012653203222624938,-0.013146012615890457,-0.0139423055577776,-0.0134989272163582,4.8143222506110375e-15,4.88491817851012e-15,False
2489,1126,1128,0.7115058500000001,0.13111695,other,-0.0031080531322390296,-0.0028465582364343963,-0.012820093189471467,-0.013201858081808722,nan,nan,0.0,0.0,False
2490,1127,1128,0.7115058500000001,0.125,other,-0.0030716155934116182,-0.002834256331220411,-0.012864438324750923,-0.01328815764122192,-0.014004718819278275,-0.01362702310681017,3.8039732567551465e-15,3.847542756912721e-15,False
2491,1127,1211,0.6309906000000001,0.11885195,other,-0.0036564078417805567,-0.0039035705040166035,-0.013097168851578909,-0.013138158592131475,-0.008569744096385445,-0.009164932550716235,2.4845731160202142e-14,2.4557337521670954e-14,False
2492,1211,1212,0.5686505500000001,0.11885195,other,-0.004539059934937499,-0.004968793325970055,-0.01303706753142265,-0.013078523376183274,nan,nan,0.0,0.0,False
2493,1127,1212,0.5686505500000001,0.125,other,-0.004593094160290371,-0.005007720799906884,-0.012936408767199911,-0.01302460825040671,-0.014797021970662606,-0.014556277252800983,4.3146466207340136e-15,4.359081092054962e-15,False
2494,1128,1129,0.7920211000000001,0.11885195,other,-0.0025502152860373503,-0.0017240996748550683,-0.01268403132258485,-0.013639937544780727,-0.009079398092495502,-0.010007322011169738,1.5215680679659328e-14,1.47428121798092e-14,False
2495,1127,1129,0.7115058500000001,0.11885195,other,-0.003038630405864099,-0.002829363436320205,-0.012918518897200986,-0.013326420407009973,nan,nan,0.0,0.0,False
2496,1129,1168,0.7920211000000001,0.10580291,other,-0.0024907190395091613,-0.0016967789629764064,-0.012773249036594443,-0.01373849423123066,-0.009250802126543032,-0.010217847132425802,1.5475541566892633e-14,1.4898941643797718e-14,False
2497,1168,1211,0.7115058500000001,0.10580291,other,-0.0029634951944005053,-0.002768143125316554,-0.013022762819009416,-0.013447511437158548,nan,nan,0.0,0.0,False
2498,1129,1211,0.7115058500000001,0.11270390000000001,other,-0.002989778329948191,-0.0027906402062094315,-0.0129932687045784,-0.013409941533401363,-0.014094206464721369,-0.013753614576366471,3.956376679391965e-15,3.996614844899537e-15,False
2499,1128,1130,0.8960105500000001,0.11885195,other,-0.0022185828827744896,-0.0008636235397280937,-0.012273715770860403,-0.013873088052559287,nan,nan,0.0,0.0,False
2500,1128,1131,0.8960105500000001,0.125,other,-0.002239579306680146,-0.0008636236705863458,-0.012238307985498294,-0.01384967121975112,-0.01369701631820968,-0.013221930285089995,3.5337019105117158e-15,3.607586347815292e-15,False
2501,1130,1131,1.0,0.11885195,other,-0.0022118196228320904,0.0,-0.012331572864119003,-0.014173240991369166,nan,-0.009022161172835077,0.0,2.0639068005275884e-15,False
2502,1129,1130,0.8960105500000001,0.11270390000000001,other,-0.0021933523985307314,-0.0008587539672090274,-0.012319185851246816,-0.013929624431482785,-0.013735199164340446,-0.013300794617756658,3.6963106727761855e-15,3.76716234877466e-15,False
2503,1128,1132,0.7920211000000001,0.13111695,other,-0.00260587355107852,-0.0016942604397453813,-0.0125990375272156,-0.013516470082791224,-0.008916267670827413,-0.009704856192098864,1.4945604992795994e-14,1.4911283555208e-14,False
2504,1131,1132,0.8960105500000001,0.13111695,other,-0.002261302813867606,-0.0008289741423738421,-0.012203178224301274,-0.01376627614159183,nan,nan,0.0,0.0,False
2505,1132,1133,0.8960105500000001,0.1372339,other,-0.0022929413522120652,-0.0008289741187306014,-0.012129932024276773,-0.013737729376945023,-0.013667056628259221,-0.013135751720152857,4.449051893721761e-15,4.5596476109320465e-15,False
2506,1131,1133,1.0,0.13111695,other,-0.002255444710135837,0.0,-0.012258059679480536,-0.014110283021894633,nan,-0.008796895422346568,0.0,2.281673182208119e-15,False
2507,1132,1134,0.7920211000000001,0.14630939999999998,other,-0.0026759276585239253,-0.001690465985795169,-0.012488275915740215,-0.01336128190891741,-0.008704675607465918,-0.009354739671764789,1.4580578946804827e-14,1.4818454130198227e-14,False
2508,1133,1134,0.8960105500000001,0.14630939999999998,other,-0.0023131933503485855,-0.0008598365856040063,-0.012115832632056537,-0.013643940692724961,nan,nan,0.0,0.0,False
2509,1134,1135,0.8960105500000001,0.1553849,other,-0.0023529584572566085,-0.0008598365859913713,-0.012029233512160446,-0.013603600510164226,-0.013604711864945853,-0.013009086135884895,6.7555992210450306e-15,6.947691735212546e-15,False
2510,1133,1135,1.0,0.14630939999999998,other,-0.0023189363805640384,0.0,-0.012149454003839157,-0.014025494064779985,nan,-0.008504239066939616,0.0,2.408237262572964e-15,False
2511,1134,1151,0.7115058500000001,0.1553849,other,-0.003271955372544399,-0.002915056320671732,-0.012511148035075182,-0.012917819620081318,-0.013786381995572007,-0.013291857918602846,7.36206065556485e-15,7.480697783287223e-15,False
2512,1134,1136,0.7920211000000001,0.16884999999999997,other,-0.0027765515238192223,-0.0017647991896604124,-0.012321838134644388,-0.013159015441739953,-0.008393963648146667,-0.008955632886008308,1.3974488533975681e-14,1.4044263041558135e-14,False
2513,1135,1136,0.8960105500000001,0.16884999999999997,other,-0.0023878942205109634,-0.0009031595253190382,-0.01198800930997231,-0.013466983196611028,nan,nan,0.0,0.0,False
2514,1136,1137,0.8960105500000001,0.1823151,other,-0.002438631107052695,-0.0009031595212715441,-0.011884550394978398,-0.013409232306898146,-0.013512802824272502,-0.01282474744816618,1.0349372931277987e-14,1.0688310131015902e-14,False
2515,1135,1137,1.0,0.16884999999999997,other,-0.002409929275700496,0.0,-0.011990506492701265,-0.013903143447638825,nan,-0.008070515587141691,0.0,2.270775061872612e-15,False
2516,1134,1150,0.7115058500000001,0.16884999999999997,other,-0.00331276620053951,-0.0030155810407033147,-0.012512079901772234,-0.012670822575185559,nan,nan,0.0,0.0,False
2517,1136,1150,0.7115058500000001,0.1823151,other,-0.00340372075480166,-0.003059120710931574,-0.01231460694094827,-0.012581801626073221,-0.01355627643616733,-0.012989067814174545,1.1379588381101066e-14,1.1576021083003143e-14,False
2518,1136,1138,0.7920211000000001,0.20229290000000003,other,-0.0029169757709821575,-0.0018662629000031992,-0.0120761033250691,-0.012877093818921645,-0.007945385023605995,-0.008423798795327245,1.294484159007348e-14,1.273146900474201e-14,False
2519,1137,1138,0.8960105500000001,0.20229290000000003,other,-0.0024927764842163046,-0.0009610884414331585,-0.011804599240144296,-0.013222971256370218,nan,nan,0.0,0.0,False
2520,1138,1139,0.8960105500000001,0.22227070000000004,other,-0.0025572354654079237,-0.0009610884411668977,-0.011682101828338263,-0.013144320960921758,-0.013380483686448256,-0.012566787937354372,1.6020249679550368e-14,1.6613720803120302e-14,False
2521,1137,1139,1.0,0.20229290000000003,other,-0.0025363415040808622,0.0,-0.011763337076960562,-0.013730691222982688,nan,-0.0074796349864946115,0.0,2.0348234121428314e-15,False
2522,1136,1149,0.7115058500000001,0.20229290000000003,other,-0.003480639827180683,-0.003191730888429213,-0.012249516601190537,-0.012244963039126571,nan,nan,0.0,0.0,False
2523,1138,1149,0.7115058500000001,0.22227070000000004,other,-0.00358408714872061,-0.003249967484761317,-0.01205220385623252,-0.012126977039419746,-0.01322721604879444,-0.012567074028959263,1.7795463411628974e-14,1.809965050869021e-14,False
2524,1138,1140,0.7920211000000001,0.25191125000000003,other,-0.0031013946301907715,-0.001994278643863855,-0.011732984114166617,-0.012527122065567194,-0.007323193705913498,-0.007804613511063141,1.1170508114095048e-14,1.050769538237858e-14,False
2525,1139,1140,0.8960105500000001,0.25191125000000003,other,-0.002632567651057839,-0.0010308908335548714,-0.011553613017510444,-0.012926512993199754,nan,nan,0.0,0.0,False
2526,1140,1141,0.8960105500000001,0.2815518,other,-0.002711227719988165,-0.0010308908338428756,-0.01141355928312616,-0.012831000784171665,-0.013201547085099144,-0.01223887467264052,2.503194328927283e-14,2.6013540333129278e-14,False
2527,1139,1141,1.0,0.25191125000000003,other,-0.002700481463708928,0.0,-0.011457492947782156,-0.013508775571612132,nan,-0.006754744557812492,0.0,1.6290485640468799e-15,False
2528,1138,1148,0.7115058500000001,0.25191125000000003,other,-0.003701214793273993,-0.003408055129635417,-0.01189319910530997,-0.011743243657543662,nan,nan,0.0,0.0,False
2529,1140,1148,0.7115058500000001,0.2815518,other,-0.0038167070217667437,-0.0034782538799070363,-0.011713502994671334,-0.011608485981612363,-0.012792766262058669,-0.012038285988905413,2.80742803462774e-14,2.846890083215493e-14,False
2530,1140,1142,0.7920211000000001,0.32552865000000003,other,-0.0033121488592356913,-0.0021282317028365966,-0.011321815879977054,-0.012182678631227725,-0.0065384323403585186,-0.00734012702519744,8.129546963392129e-15,6.841097048560706e-15,False
2531,1141,1142,0.8960105500000001,0.32552865000000003,other,-0.0027977422717415466,-0.001094722298912581,-0.011249059017254448,-0.012646336781232526,nan,nan,0.0,0.0,False
2532,1142,1143,0.8960105500000001,0.36950550000000004,other,-0.0028821159004560636,-0.0010947222992595514,-0.011100921570000642,-0.012559872579554288,-0.012997530263377948,-0.011915642402460586,3.916184857065069e-14,4.052872080626931e-14,False
2533,1141,1143,1.0,0.32552865000000003,other,-0.0028806126083728094,0.0,-0.011107273958218356,-0.013278314675630228,nan,-0.0060676103692436974,0.0,9.489729098105331e-16,False
2534,1140,1147,0.7115058500000001,0.32552865000000003,other,-0.0039556824314279405,-0.0036277695861898613,-0.011469694735242437,-0.011266439917026406,nan,nan,0.0,0.0,False
2535,1142,1147,0.7115058500000001,0.36950550000000004,other,-0.004076366557755298,-0.003691985667852751,-0.011298420665035658,-0.011155148019580202,-0.012321678859947206,-0.011518488126834672,4.418340816127053e-14,4.450210796889005e-14,False
2536,1142,1144,0.7920211000000001,0.43475275,other,-0.0034715209457137374,-0.001927610570062968,-0.011024469228437752,-0.012106594867135743,-0.005771191018166589,-0.00748036210705673,3.1101407915343305e-15,3.3994430543811983e-15,False
2537,1143,1144,0.8960105500000001,0.43475275,other,-0.0029333954657261,-0.000830780094224068,-0.010995973988378255,-0.012648997659149066,nan,nan,0.0,0.0,False
2538,1144,1145,0.8960105500000001,0.5,other,-0.00298417819845017,-0.000830779370202549,-0.010896504101591004,-0.012601939384602152,-0.012877297064081339,-0.011762469566710645,2.407950796410821e-14,2.4743337500693547e-14,False
2539,1143,1145,1.0,0.43475275,other,-0.0029841982015837323,0.0,-0.010896504101591004,-0.01311550221552332,nan,-0.00553165140820092,0.0,2.6264473586442135e-16,False
2540,1142,1146,0.7115058500000001,0.43475275,other,-0.004157101337312341,-0.0036167702881163095,-0.011133580286260889,-0.011014266699406193,nan,nan,0.0,0.0,False
2541,1144,1146,0.7115058500000001,0.5,other,-0.0042426847320460054,-0.0033512789422357804,-0.010964466040936083,-0.011072105821709316,-0.012070204844283772,-0.011279738784064405,2.7191040802615122e-14,2.7184690344287903e-14,False
2542,1146,1147,0.6309906000000001,0.43475275,other,-0.0050781115660687446,-0.005121518904595673,-0.010479903081194385,-0.010411699205036942,-0.003424368642442733,-0.005128787095244556,4.5760062860688725e-15,5.596686569037024e-15,False
2543,1147,1166,0.5686505500000001,0.43475275,other,-0.006268261613042674,-0.006423637964353715,-0.010071686635182795,-0.009357950923925733,nan,nan,0.0,0.0,False
2544,1146,1166,0.5686505500000001,0.5,other,-0.006400706519155933,-0.006347926102835377,-0.009774930541345102,-0.009251316244069984,-0.01083522283331363,-0.010355781116280103,3.1769070245342333e-14,3.137983489694237e-14,False
2545,1147,1148,0.6309906000000001,0.32552865000000003,other,-0.004859120516322051,-0.005046946731192595,-0.010896157733129835,-0.010805434690780493,-0.0046155021291191065,-0.0052472191671944605,1.2379623104964392e-14,1.067532542872792e-14,False
2546,1148,1165,0.5686505500000001,0.32552865000000003,other,-0.005989934591755155,-0.006424283868679647,-0.010612156990352199,-0.009782383909503827,nan,nan,0.0,0.0,False
2547,1147,1165,0.5686505500000001,0.36950550000000004,other,-0.006157483475437331,-0.006574828089991877,-0.010342705727543835,-0.009581244825013631,-0.01127661361074571,-0.010734672533399202,5.19901531732213e-14,5.164196225303439e-14,False
2548,1148,1149,0.6309906000000001,0.25191125000000003,other,-0.00454947939948295,-0.004738304790014788,-0.011541881381978376,-0.011389613681796926,-0.0058274394347607615,-0.005973204676347577,1.7490834588528723e-14,1.6410409914661344e-14,False
2549,1149,1161,0.5686505500000001,0.25191125000000003,other,-0.0056139645007922895,-0.006071552820358189,-0.011302172244181162,-0.010519432050146363,nan,nan,0.0,0.0,False
2550,1148,1161,0.5686505500000001,0.2815518,other,-0.005775254627854951,-0.006230682335408588,-0.011030558774361116,-0.010292295028144386,-0.012172234252705104,-0.011593308405514246,3.3187484827153356e-14,3.325337719044296e-14,False
2551,1149,1150,0.6309906000000001,0.20229290000000003,other,-0.004260554782132422,-0.004446691560145142,-0.01210518647017089,-0.01197456625389366,-0.006794124578803729,-0.00687562430972589,2.0636864169638253e-14,2.0133063423226863e-14,False
2552,1150,1160,0.5686505500000001,0.20229290000000003,other,-0.0052685779714368485,-0.005710025901347937,-0.011895959712925836,-0.011277107910949718,nan,nan,0.0,0.0,False
2553,1149,1160,0.5686505500000001,0.22227070000000004,other,-0.005423006708215009,-0.005843457493089501,-0.011570504494279387,-0.01107637561040693,-0.013062342453078031,-0.012518295091797154,2.0942762250727964e-14,2.1143299555665778e-14,False
2554,1150,1151,0.6309906000000001,0.16884999999999997,other,-0.004032370178625796,-0.004212867380026976,-0.012513434064129025,-0.012452971244465923,-0.007495418975019053,-0.0076580008703297005,2.2520596801990234e-14,2.2435348046538788e-14,False
2555,1150,1152,0.5686505500000001,0.1823151,other,-0.0051450030456214,-0.005502219191936244,-0.011992731023084168,-0.01181915253793858,-0.013776389280239337,-0.013302392155330897,1.3264136843267984e-14,1.3441358488031198e-14,False
2556,1152,1160,0.5063105,0.20229290000000003,other,-0.006613179838315131,-0.006902511899571821,-0.011231298826711233,-0.011078186606373122,-0.0054265878907684304,-0.004958213089675507,2.4744123058644014e-14,2.381561255264092e-14,False
2557,1153,1159,0.4097752,0.25191125000000003,other,-0.011166814842133884,-0.011650229073891393,-0.007317895939227621,-0.007374213569989188,-0.0018794941381928753,-0.0016507041207002326,1.950817129079124e-14,1.7940478111450136e-14,False
2558,1159,1160,0.45804285,0.25191125000000003,other,-0.00882188533057719,-0.009513932295482452,-0.009596918881123922,-0.008248324650124334,nan,nan,0.0,0.0,False
2559,1153,1160,0.45804285,0.22227070000000004,other,-0.008519462610744362,-0.009234894190424092,-0.01011905437002574,-0.009086003281424313,-0.012886344666979164,-0.012413155144024192,2.5476913780260813e-14,2.550123612848974e-14,False
2560,1154,1158,0.3350313999999999,0.32552865000000003,other,-0.017887837949574346,-0.01892880378847783,0.0009179788718188329,0.0006890541177405338,0.0045246637538812135,0.0017804059492815554,8.324295458176899e-15,7.91012134099134e-15,False
2561,1158,1159,0.3724033,0.32552865000000003,other,-0.014555566895815851,-0.015369414002638812,-0.004000731377572264,-0.0016743734172909072,nan,nan,0.0,0.0,False
2562,1154,1159,0.3724033,0.2815518,other,-0.014361836261793177,-0.01545997526805221,-0.005081556449414404,-0.002816509550882933,-0.010644427259336035,-0.010363428547565556,4.7512081902665515e-14,4.654595539321955e-14,False
2563,1155,1157,0.2771601,0.43475275,other,-0.025459092206825937,-0.026233875556482315,0.0122545409213763,0.012749350907014371,0.01006131714960883,0.006131407636642425,1.0383169939483246e-15,1.8911851339424215e-15,False
2564,1157,1158,0.30609574999999994,0.43475275,other,-0.022147042131545613,-0.022009468788664152,0.006255148681463921,0.007936866050031712,nan,nan,0.0,0.0,False
2565,1155,1158,0.30609574999999994,0.36950550000000004,other,-0.02246010178657326,-0.023036215031670762,0.005958360058468874,0.00819921316378238,-0.007979656410352151,-0.007970736070210201,7.492089606968024e-14,7.413614086475981e-14,False
2566,1115,1156,0.21500590000000003,0.5,other,-0.014413892990983912,-0.015746633252191916,0.007056786574029621,0.013594123566816618,-0.006946235575402946,-0.006775701348012841,4.3856450513787566e-14,4.5109220552158355e-14,False
2567,1156,1157,0.25475625,0.5,other,-0.02963718202458517,-0.024420900133590936,0.018688232520183985,0.014294538737742668,-0.006949075960194933,-0.006838665531880122,4.361860027357519e-14,4.430161427771994e-14,False
2568,1158,1163,0.3350313999999999,0.43475275,other,-0.01777896566704548,-0.01822228844493426,0.001969256386719977,0.0019256105423804894,0.008069142800586411,0.004264319470238794,2.3415534785184124e-15,3.635709529624134e-15,False
2569,1162,1163,0.3724033,0.43475275,other,-0.014686012978118813,-0.014932065652972993,-0.002630873452001153,-0.0008763315277639466,nan,nan,0.0,0.0,False
2570,1158,1162,0.3724033,0.36950550000000004,other,-0.014686800635657436,-0.015542147830423634,-0.00311236265369139,-0.0011810947966545444,-0.008932017983966112,-0.008781367368900155,6.89349803218281e-14,6.781809395204533e-14,False
2571,1159,1162,0.4097752,0.32552865000000003,other,-0.011530024555835525,-0.012102179637116918,-0.005746676153336331,-0.0060249420958124605,0.00111833297295043,4.4341562037859464e-05,1.1870383791670442e-14,1.0631286523107867e-14,False
2572,1161,1162,0.45804285,0.32552865000000003,other,-0.00930403737672143,-0.009914443077322473,-0.008427940620051913,-0.007085443102025203,nan,nan,0.0,0.0,False
2573,1159,1161,0.45804285,0.2815518,other,-0.009027673218195986,-0.009744005193058024,-0.009142164327285332,-0.00792892023027175,-0.01143439363365923,-0.011001805338477036,3.987210414620216e-14,3.948975396417983e-14,False
2574,1160,1161,0.5063105,0.25191125000000003,other,-0.007041146795050856,-0.007339773658403389,-0.010263481788304593,-0.010191779185142228,-0.0039218828223430225,-0.0036344029178718294,2.0211371225148834e-14,1.8758161920035025e-14,False
2575,1161,1165,0.5063105,0.32552865000000003,other,-0.007440407334591049,-0.007762876501120821,-0.009222423550329753,-0.009332581479554325,-0.0020174366667814075,-0.0024858092825933795,1.3528956328792325e-14,1.1806607001782326e-14,False
2576,1162,1164,0.4097752,0.43475275,other,-0.011751000144241047,-0.011968698483854203,-0.0048239710464133894,-0.0050565013922057415,0.003909724438790852,0.001262878163577236,3.761852842581388e-15,5.275017362622262e-15,False
2577,1164,1165,0.45804285,0.43475275,other,-0.009613769733908173,-0.009806504620900481,-0.007515115729201969,-0.006444833258075678,nan,nan,0.0,0.0,False
2578,1162,1165,0.45804285,0.36950550000000004,other,-0.009507588644566547,-0.01010972906424606,-0.007919815207013986,-0.006794751110773244,-0.010086926449684222,-0.0097568330191377,6.082303244460898e-14,5.992271755745906e-14,False
2579,1157,1163,0.30609574999999994,0.5,other,-0.021900404282669445,-0.0213897425646308,0.006599359054581064,0.008244823275584437,-0.007355893931989808,-0.00729867819504274,4.2578464489898676e-14,4.273744442277106e-14,False
2580,1163,1164,0.3724033,0.5,other,-0.014752959304573926,-0.014625147812469859,-0.002090493364107542,-0.0006180008604392597,-0.008237101225492588,-0.00814054273453181,4.02348869683382e-14,3.992921422417036e-14,False
2581,1165,1166,0.5063105,0.43475275,other,-0.007704852757874774,-0.007805471071921804,-0.008584508611383039,-0.008739550134716249,-0.00013578989433159504,-0.001925011020217717,4.699536092164223e-15,6.1186723360178965e-15,False
2582,1164,1166,0.45804285,0.5,other,-0.009766920461056787,-0.009654114425504012,-0.007063476041296976,-0.006286093137028107,-0.009471030110740448,-0.009226332080541737,3.64708392472955e-14,3.5953059098186865e-14,False
2583,1129,1167,0.8960105500000001,0.10580291,other,-0.002172470891253069,-0.0008587539044333398,-0.012349079357132762,-0.013954664969313442,nan,nan,0.0,0.0,False
2584,1130,1167,1.0,0.10580291,other,-0.0021673830659593506,0.0,-0.012405708234529958,-0.014231037968981185,nan,-0.009213966389833288,0.0,2.0407991307299796e-15,False
2585,1167,1168,0.8960105500000001,0.09890191999999999,other,-0.0021441179034643776,-0.0008363576810032468,-0.012399139162062214,-0.014009658686807787,-0.013781343148552002,-0.013388040646509275,4.067845787063058e-15,4.1401366184725484e-15,False
2586,1168,1170,0.7920211000000001,0.09115584,other,-0.00242302644494553,-0.0016487704461961572,-0.012872926666645263,-0.01384114563280855,-0.009443028130489958,-0.01042510505302603,1.5731337528524578e-14,1.5152686494568298e-14,False
2587,1170,1210,0.7115058500000001,0.09115584,other,-0.0028777788415942102,-0.002686931894615158,-0.013139907035808323,-0.013586411770879695,nan,nan,0.0,0.0,False
2588,1168,1210,0.7115058500000001,0.09890191999999999,other,-0.0029091649254222923,-0.0027125621549913327,-0.013102187549609892,-0.013544377356570861,-0.014206656295181658,-0.01389703556485974,4.323867460200943e-15,4.364097543285124e-15,False
2589,1168,1169,0.8960105500000001,0.09115584,other,-0.0021200324063401087,-0.0008363576883839925,-0.01243404904980929,-0.014037800534680563,nan,nan,0.0,0.0,False
2590,1167,1169,1.0,0.09115584,other,-0.002116903383471021,0.0,-0.0124890738414066,-0.014294103866736439,nan,-0.009418980641865854,0.0,2.0749139284666517e-15,False
2591,1169,1170,0.8960105500000001,0.08340976,other,-0.0020881854794456145,-0.0008108384012036182,-0.012489070190539964,-0.014098837921418111,-0.013832957142173247,-0.0134858218078317,4.462086175222291e-15,4.533826072646445e-15,False
2592,1170,1172,0.7920211000000001,0.07471507499999999,other,-0.002346119980491171,-0.0015941134225379225,-0.012983811227795758,-0.013954915633960443,-0.009657845851029776,-0.010656465364420442,1.5971759485380188e-14,1.5391697783381586e-14,False
2593,1172,1196,0.7115058500000001,0.07471507499999999,other,-0.0027801109854773483,-0.002594170250141596,-0.013271037595382177,-0.01373950894024704,nan,nan,0.0,0.0,False
2594,1170,1196,0.7115058500000001,0.08340976,other,-0.002817380467681607,-0.002623327599279268,-0.013223853228060056,-0.013692694424083596,-0.01433167904681099,-0.01405595119030538,4.702755687266374e-15,4.741185433961572e-15,False
2595,1170,1171,0.8960105500000001,0.07471507499999999,other,-0.0020604797549891632,-0.0008108384063464708,-0.012529601649209894,-0.014130364855621282,nan,nan,0.0,0.0,False
2596,1169,1171,1.0,0.07471507499999999,other,-0.0020596326301308863,0.0,-0.012582553238443745,-0.014364560263057451,nan,-0.009649037151891006,0.0,2.10770728477375e-15,False
2597,1171,1172,0.8960105500000001,0.06602038999999998,other,-0.0020247570619505648,-0.0007818030849809506,-0.012589898464769716,-0.014197691344949208,-0.013890430038518743,-0.013594918302329742,4.875583484203866e-15,4.94391640110104e-15,False
2598,1172,1174,0.7920211000000001,0.056260945,other,-0.0022589454861581797,-0.0015320107832177186,-0.013106470362795301,-0.014080160888295638,-0.009896750625016973,-0.010913157421120109,1.618100884332922e-14,1.5600307441233346e-14,False
2599,1174,1195,0.7115058500000001,0.056260945,other,-0.0026690408703554467,-0.0024884536087275808,-0.013417042070849983,-0.013906827023081339,nan,nan,0.0,0.0,False
2600,1172,1195,0.7115058500000001,0.06602038999999998,other,-0.002713062454598925,-0.0025215416898101495,-0.013359091750630613,-0.013855004159952264,-0.014469652235243928,-0.014230419839081387,5.085103299194041e-15,5.11913989373639e-15,False
2601,1172,1173,0.8960105500000001,0.056260945,other,-0.0019929936780293763,-0.0007818030860883027,-0.012636667858919991,-0.014232861127755837,nan,nan,0.0,0.0,False
2602,1171,1173,1.0,0.056260945,other,-0.0019947917583340025,0.0,-0.012686968103829181,-0.014442917215283032,nan,-0.00990605606083649,0.0,2.1373790042382383e-15,False
2603,1173,1174,0.8960105500000001,0.04650150000000001,other,-0.0019530247577047345,-0.0007488480126145011,-0.012702452489412553,-0.01430652883641729,-0.013954040455763265,-0.01371590537299912,5.302948733230683e-15,5.363908264062336e-15,False
2604,1174,1176,0.7920211000000001,0.03554688500000001,other,-0.002160469757209288,-0.0014616648239379525,-0.0132411747786072,-0.014216841827668573,-0.010160714269545693,-0.011195594128233743,1.633758192322144e-14,1.5757148901006883e-14,False
2605,1174,1177,0.7115058500000001,0.04650150000000001,other,-0.0025948193181766404,-0.0024057807767048985,-0.013508462580826348,-0.014030801435650473,-0.01462037303963844,-0.014419565575131188,5.459815929151662e-15,5.485870388826507e-15,False
2606,443,1175,1.0,0.012296135000000001,other,-0.0018393827301855896,0.0,-0.012931030507390846,-0.014640733607824773,nan,-0.01073700150163662,0.0,3.397462025552814e-15,False
2607,1175,1176,0.8960105500000001,0.024592270000000003,other,-0.0018722258606663127,-0.0007115789473307687,-0.012827365766116497,-0.014425318999891537,-0.014023883651216665,-0.013849014989769926,5.736437525987177e-15,5.784679300650856e-15,False
2608,1174,1175,0.8960105500000001,0.03554688500000001,other,-0.0019167660684621661,-0.0007488480127896837,-0.012756045550788526,-0.014345546367741577,nan,nan,0.0,0.0,False
2609,1173,1175,1.0,0.03554688500000001,other,-0.0019216093215723793,0.0,-0.01280299174898502,-0.014529550219311897,nan,-0.010191460439338143,0.0,2.1614485826549286e-15,False
2610,1177,1195,0.6309906000000001,0.056260945,other,-0.003169199144314994,-0.003397337615673177,-0.013714544097961474,-0.01383887507208425,-0.009847414924439152,-0.010564818558238917,2.6681707177168654e-14,2.633500453482485e-14,False
2611,1178,1194,0.5063105,0.07471507499999999,other,-0.005022861320835445,-0.005396928130968208,-0.013821067152568959,-0.013938761415930803,-0.009705164993256184,-0.009981743646078676,3.367444933706576e-14,3.3353383198270105e-14,False
2612,1194,1195,0.5686505500000001,0.07471507499999999,other,-0.004099359928102668,-0.00450137716163291,-0.013619798346678137,-0.01376786720696974,nan,nan,0.0,0.0,False
2613,1178,1195,0.5686505500000001,0.06602038999999998,other,-0.003978216683043585,-0.004373596186548502,-0.013738338140840675,-0.01394989390367778,-0.01588804036985414,-0.01578084665338804,5.4830978139100615e-15,5.520110231173554e-15,False
2614,1179,1193,0.4097752,0.09115584,other,-0.008260652045869872,-0.00888750858513508,-0.013397618972429097,-0.013503807903300588,-0.009734674201486417,-0.009799363977873161,3.770421301242343e-14,3.734490330839127e-14,False
2615,1193,1194,0.45804285,0.09115584,other,-0.006629606116887138,-0.007306139151487655,-0.013407008992214932,-0.013451266603424385,nan,nan,0.0,0.0,False
2616,1179,1194,0.45804285,0.08340976,other,-0.006434620861180782,-0.007099796644627693,-0.013588966307883437,-0.01378446929872628,-0.017745207921331826,-0.01773213420709046,5.917821544538728e-15,5.968072224087863e-15,False
2617,1180,1192,0.3350313999999999,0.10580291,other,-0.01391908799704253,-0.015035599865371441,-0.011362081296449682,-0.011456521792320967,-0.00994260510229119,-0.009835082404555537,3.859637345372024e-14,3.8214952795266084e-14,False
2618,1192,1193,0.3724033,0.10580291,other,-0.01100986580345165,-0.012233703392518348,-0.012235058020519204,-0.01181360281652398,nan,nan,0.0,0.0,False
2619,1180,1193,0.3724033,0.09890191999999999,other,-0.01068974265622815,-0.011876048755719373,-0.012566052689847304,-0.012491685681212488,-0.01967928888583541,-0.019654459367786727,6.868520725221752e-15,6.91715581777457e-15,False
2620,1181,1191,0.2771601,0.11885195,other,-0.02433480719986994,-0.026346447197522237,-0.004147035601897362,-0.004190266503840426,-0.010763958910891325,-0.010476405973784426,3.630034290527609e-14,3.592470476355121e-14,False
2621,1191,1192,0.30609574999999994,0.11885195,other,-0.018791257714888387,-0.021103900379679512,-0.008211295779423578,-0.005924949130696131,nan,nan,0.0,0.0,False
2622,1181,1192,0.30609574999999994,0.11270390000000001,other,-0.018249576354215855,-0.020565941791036872,-0.008887250994965117,-0.007606611587089459,-0.020908823137757562,-0.0207007585983959,8.359884180330598e-15,8.38271622578273e-15,False
2623,1182,1190,0.23235240000000004,0.13111695,other,-0.04315230123961409,-0.044729938391672275,0.014637970873801217,0.014647333460649318,-0.012861389285031092,-0.014260991940050849,3.1013300726381434e-14,2.990052517363022e-14,False
2624,1190,1191,0.25475625,0.13111695,other,-0.03349383691582681,-0.0356240873594156,0.004247941022693194,0.009293850007056244,nan,nan,0.0,0.0,False
2625,1182,1191,0.25475625,0.125,other,-0.03263213615575601,-0.03583556160756916,0.002899152081607803,0.006667093482086959,-0.020751510221819074,-0.021133681539448276,1.0916758089746967e-14,1.0888736255441077e-14,False
2626,1183,1189,0.19765939999999999,0.14630939999999998,other,-0.04339518845655282,-0.04182939113911858,0.022495788645502862,0.02308700897551624,-0.014582295493100547,-0.020616182522261158,2.0860926023452358e-14,1.9506704113720273e-14,False
2627,1189,1190,0.21500590000000003,0.14630939999999998,other,-0.05382031113711216,-0.04037033927733259,0.025220777448749877,0.01908345225203248,nan,nan,0.0,0.0,False
2628,1183,1190,0.21500590000000003,0.1372339,other,-0.05350806236494792,-0.045962152913243015,0.024267291804470435,0.020370747390935508,-0.020055342355936114,-0.0213431233198633,1.882013388195958e-14,1.863416083477194e-14,False
2629,1184,1188,0.1707979,0.16884999999999997,other,-0.010966697944935539,-0.010845711724618911,0.0062016736995411425,0.008293472486568691,-0.029258124607506278,-0.01743703134770984,1.2755259697011865e-14,1.7102561985193204e-14,False
2630,1188,1189,0.18422864999999997,0.16884999999999997,other,-0.01446908262185237,-0.021087362924014533,0.004480645871410615,0.019081577950127195,nan,nan,0.0,0.0,False
2631,1184,1189,0.18422864999999997,0.1553849,other,-0.022143871572022692,-0.025337502782927086,0.010596780749381963,0.019200435143581076,-0.01551805887749319,-0.017253086674855783,3.716316637796013e-14,3.511714659802582e-14,False
2632,1185,1187,0.15,0.20229290000000003,other,-1.046586870073334e-05,-9.130687056305812e-05,-0.01703305477067038,-0.017619835571833956,-0.00272144215356928,-0.0044054882459717915,6.70646399478747e-14,1.5218384729320845e-13,False
2633,1187,1188,0.16039894999999998,0.20229290000000003,other,-1.2882173239404785e-05,-0.003700542230414151,-0.01692369171381177,0.00048516398119706803,nan,nan,0.0,0.0,False
2634,1185,1188,0.16039894999999998,0.1823151,other,-0.00011477554135908267,-0.003674798142485272,-0.01818319626628857,0.00025197449923279586,-0.017151713781275488,-0.0019258977910523738,5.1848751268029104e-14,4.3598994777016887e-13,False
2635,1186,1187,0.13964849999999998,0.22227070000000004,other,-2.8698697459383464e-09,-5.000914228664024e-06,-0.002545798399675688,-0.016214338390862858,-0.00017689684887614262,0.010250282731024886,5.309761529540737e-12,3.356118986705187e-12,True
2636,1187,1203,0.16039894999999998,0.22227070000000004,other,-4.1053286485016e-06,-0.0012065466299432772,-0.01703622551149027,-0.00720796008436599,-0.012093418243555394,-0.0006656386274972689,6.506172404055935e-14,1.166051847074376e-12,False
2637,1188,1203,0.1707979,0.20229290000000003,other,-0.003875773585363083,-0.004554776827066614,-0.005755323441697564,-0.001294517089271285,-0.021060926469693077,-0.004627267405140618,7.51052524906375e-15,2.888991865722863e-14,False
2638,1202,1203,0.18422864999999997,0.20229290000000003,other,-0.00467387064160483,-0.013749064085190948,-0.006335480116811494,0.02011997231672036,nan,nan,0.0,0.0,False
2639,1188,1202,0.18422864999999997,0.1823151,other,-0.00855822297210567,-0.01615224758028026,-0.0003035299430525556,0.018180457520433374,-0.014456223864938526,-0.014511909151986356,4.6471508485982e-14,4.565603362160778e-14,False
2640,1189,1202,0.19765939999999999,0.16884999999999997,other,-0.033037155155433796,-0.03104550395200719,0.021543568070262167,0.02194311816674957,-0.019934606830893365,-0.019924941064183972,1.210681134472398e-14,1.2468822005189918e-14,False
2641,1201,1202,0.21500590000000003,0.16884999999999997,other,-0.048278737373886,-0.03428290704745509,0.024892917768145048,0.019554975732395927,nan,nan,0.0,0.0,False
2642,1189,1201,0.21500590000000003,0.1553849,other,-0.05084361224497359,-0.03985356358266639,0.025482658851446908,0.01989019782137004,-0.018089058671818096,-0.018053677485711427,2.84083608634178e-14,2.770489444978355e-14,False
2643,1190,1201,0.23235240000000004,0.14630939999999998,other,-0.043227750967292165,-0.043969567511889435,0.017072530808472174,0.017323849160403828,-0.011022704908715352,-0.013206339555218374,2.6403902033205722e-14,2.4553921512190193e-14,False
2644,1200,1201,0.25475625,0.14630939999999998,other,-0.035073218581372544,-0.03536326811776378,0.007472772461438713,0.01101701741798991,nan,nan,0.0,0.0,False
2645,1190,1200,0.25475625,0.1372339,other,-0.034299929326016984,-0.03587323348428236,0.006352513121788049,0.010324700841938022,-0.019015920407055478,-0.019472583570035666,1.4210407870267029e-14,1.4187171357699518e-14,False
2646,1191,1200,0.2771601,0.13111695,other,-0.025487711802473004,-0.02713705831464797,-0.0017116998801156996,-0.0011982803869919015,-0.009687312434145319,-0.009034547856612028,3.368706065378919e-14,3.3054949348327686e-14,False
2647,1199,1200,0.30609574999999994,0.13111695,other,-0.019512043041474646,-0.02159063526401437,-0.006896815569530192,-0.0033678747956139964,nan,nan,0.0,0.0,False
2648,1191,1199,0.30609574999999994,0.125,other,-0.0191108781507927,-0.021355308181713887,-0.007437943665649896,-0.005589191895192566,-0.01959437630987273,-0.019270995300244134,8.303221166042104e-15,8.345945196319484e-15,False
2649,1192,1199,0.3350313999999999,0.11885195,other,-0.014528480503952893,-0.01564270290697846,-0.010327371669438722,-0.010382029220952556,-0.008979799309154785,-0.008763037802760998,3.6744459701944e-14,3.6381593240232615e-14,False
2650,1198,1199,0.3724033,0.11885195,other,-0.011420265374837046,-0.012657123270441844,-0.011587017533888652,-0.010954740948759534,nan,nan,0.0,0.0,False
2651,1192,1198,0.3724033,0.11270390000000001,other,-0.011136563171757284,-0.01241302765136919,-0.011915926869513193,-0.011633070703669882,-0.01869031291392595,-0.018604660987906228,6.507685557813064e-15,6.555777399857422e-15,False
2652,1193,1198,0.4097752,0.10580291,other,-0.008616821023967089,-0.009272640395632248,-0.01288429287238332,-0.01297782914956632,-0.008986262532369503,-0.009000110280741477,3.644654965022127e-14,3.608311746455867e-14,False
2653,1197,1198,0.45804285,0.10580291,other,-0.006885741629179554,-0.007595555557662844,-0.01304676661849143,-0.013028282484642578,nan,nan,0.0,0.0,False
2654,1193,1197,0.45804285,0.09890191999999999,other,-0.006709338801934734,-0.007418346114460131,-0.013231290725656533,-0.01334131732469163,-0.01712855193993835,-0.017073732294915336,5.610523996446465e-15,5.661210434877883e-15,False
2655,1194,1197,0.5063105,0.09115584,other,-0.005246261593354583,-0.005636759600240082,-0.013541373045113941,-0.013641222386982975,-0.009170274201880954,-0.009403799483608767,3.2918384163223936e-14,3.25889192999846e-14,False
2656,1196,1197,0.5686505500000001,0.09115584,other,-0.004266217762221985,-0.0046858405187683964,-0.013404715965637408,-0.013517539730322367,nan,nan,0.0,0.0,False
2657,1194,1196,0.5686505500000001,0.08340976,other,-0.004156393226524265,-0.004574340397758329,-0.013523719964928741,-0.01368915318460449,-0.015560264421172794,-0.015424066323640262,5.1613832780404455e-15,5.2024260026723834e-15,False
2658,1195,1196,0.6309906000000001,0.07471507499999999,other,-0.0033155221637751983,-0.003552990897258634,-0.013540165250309115,-0.013639195024747872,-0.009477378758360848,-0.010166617538442344,2.6284091449843654e-14,2.593288192982188e-14,False
2659,1196,1210,0.6309906000000001,0.09115584,other,-0.00344432149907327,-0.0036895453270854267,-0.013378834327709605,-0.013454964452819965,-0.009141941385966306,-0.009805653502263468,2.582581221481964e-14,2.5468571758891546e-14,False
2660,1197,1209,0.5063105,0.10580291,other,-0.005441798099537623,-0.005845528273997917,-0.013280820893575464,-0.01336474700616696,-0.00868668255798139,-0.008882854652666899,3.211935850789451e-14,3.177983076510685e-14,False
2661,1209,1210,0.5686505500000001,0.10580291,other,-0.004411993148760523,-0.004846512383598858,-0.013210693124853014,-0.013287273857073857,nan,nan,0.0,0.0,False
2662,1197,1210,0.5686505500000001,0.09890191999999999,other,-0.004312757230398776,-0.004749749810343418,-0.013327867054448841,-0.013446310120953124,-0.015266544695088018,-0.015100431035770917,4.811155069347045e-15,4.8531462588349434e-15,False
2663,1198,1208,0.4097752,0.11885195,other,-0.008924440707625677,-0.00957270947059794,-0.012409704673962988,-0.012480904615974257,-0.008316307548787375,-0.008246598846751272,3.5192621043267513e-14,3.486345659221262e-14,False
2664,1208,1209,0.45804285,0.11885195,other,-0.007106685941322552,-0.007814407829035483,-0.012723624610970489,-0.012627694516689006,nan,nan,0.0,0.0,False
2665,1198,1209,0.45804285,0.11270390000000001,other,-0.006948332458210622,-0.007692978866264657,-0.012905999837678862,-0.012928449472574311,-0.01659077549706192,-0.01649486151180746,5.2534502171157724e-15,5.302163236799319e-15,False
2666,1199,1207,0.3350313999999999,0.13111695,other,-0.015071507578665499,-0.015990854821043184,-0.009308423407511713,-0.009105464732626927,-0.008080349175191,-0.007490526623780418,3.485939499235473e-14,3.4429476151019227e-14,False
2667,1207,1208,0.3724033,0.13111695,other,-0.011783691483543588,-0.01288048019309612,-0.010976203025099648,-0.009846659336824097,nan,nan,0.0,0.0,False
2668,1199,1208,0.3724033,0.125,other,-0.011581007947138441,-0.012780333451685966,-0.011212697147733071,-0.010787960409244457,-0.017908848613618786,-0.01771295817293533,6.417879911293104e-15,6.474077414347448e-15,False
2669,1200,1206,0.2771601,0.14630939999999998,other,-0.026781430196601376,-0.028050320269106192,0.0013812577421658879,0.002112464477271083,-0.008435537047086918,-0.007645921011998185,3.022956931598838e-14,2.9067399497396886e-14,False
2670,1206,1207,0.30609574999999994,0.14630939999999998,other,-0.02032950230686669,-0.02235802589856889,-0.00527283958836666,-0.0007934353191617545,nan,nan,0.0,0.0,False
2671,1200,1207,0.30609574999999994,0.1372339,other,-0.020069320847967195,-0.02169426911072718,-0.005552744730432098,-0.0029348071783334316,-0.01854418457731631,-0.01796666450801586,1.0752588908679069e-14,1.0839313451204056e-14,False
2672,1201,1205,0.23235240000000004,0.16884999999999997,other,-0.040346752064175664,-0.04135273990543402,0.01759614614727646,0.0180897168589478,-0.0068565655697297775,-0.010983834420153115,1.9856825763815828e-14,1.8067997366165557e-14,False
2673,1205,1206,0.25475625,0.16884999999999997,other,-0.036619936459957786,-0.03403441457325767,0.011352653942942319,0.01194840197880563,nan,nan,0.0,0.0,False
2674,1201,1206,0.25475625,0.1553849,other,-0.03560398275905105,-0.03604370284156143,0.009478093363012516,0.01220950167911003,-0.016480503116801357,-0.017253160429789437,2.1860776281642128e-14,2.155010445034543e-14,False
2675,1202,1204,0.19765939999999999,0.20229290000000003,other,-0.025732654602491526,-0.021600841118878875,0.022406614134658397,0.02058103395506166,-0.030203412005823726,-0.01876333805217151,5.386840303972456e-15,6.4875671893114226e-15,False
2676,1204,1205,0.21500590000000003,0.20229290000000003,other,-0.0376573983813078,-0.027871186557480016,0.021782354928449283,0.01834115474663558,nan,nan,0.0,0.0,False
2677,1202,1205,0.21500590000000003,0.1823151,other,-0.043409269770733123,-0.0323572505803975,0.02403511960329844,0.01969810713379809,-0.014950414214583407,-0.014818365635436374,3.9750134164960435e-14,3.827303512435799e-14,False
2678,1203,1204,0.18422864999999997,0.22227070000000004,other,-0.0023092692735125755,-0.009828680476122717,-0.007944512386314245,0.016553054925672873,-0.011788160555399796,-0.010966996114515022,5.5781956137845654e-14,5.844630391948809e-14,False
2679,1204,1216,0.21500590000000003,0.22227070000000004,other,-0.030807902084773495,-0.024738931424935447,0.01843993873846134,0.018229560267644468,-0.01052145677075791,-0.011155958227573919,5.2487192173051527e-14,5.0765447765694225e-14,False
2680,1205,1216,0.23235240000000004,0.20229290000000003,other,-0.03465502280589281,-0.035892859208829474,0.01671361703450891,0.018048405379662152,7.408305473448305e-05,-0.00676821868898881,1.2587548829522182e-14,1.1558399233664202e-14,False
2681,1205,1215,0.25475625,0.1823151,other,-0.036884073072402275,-0.03462020295630197,0.013431303149559369,0.013320496724403446,-0.014129367430701997,-0.014429970118593729,3.2480066727688117e-14,3.15555535453975e-14,False
2682,1206,1215,0.2771601,0.16884999999999997,other,-0.028093043353122942,-0.02930986620206687,0.005086666385693951,0.005403559398474556,-0.006866200255989917,-0.0064046296390083265,2.50860410546777e-14,2.355861964435931e-14,False
2683,1206,1214,0.30609574999999994,0.1553849,other,-0.020819008850942285,-0.022751596185844054,-0.0039028667937221232,-0.00021485911581779052,-0.01662570729160684,-0.016239530385667503,1.6716740620377322e-14,1.673300897296469e-14,False
2684,1207,1214,0.3350313999999999,0.14630939999999998,other,-0.015729701868970762,-0.01647989679819247,-0.007887395045158316,-0.0074679662570072145,-0.006946053136084081,-0.006046638271029417,3.2390910091358185e-14,3.1629299807613896e-14,False
2685,1207,1213,0.3724033,0.1372339,other,-0.012134973503833022,-0.012922038955890107,-0.01017543795424165,-0.009641477635188989,-0.017299570514650975,-0.01685445084158015,8.283753129352225e-15,8.384575537791561e-15,False
2686,1208,1213,0.4097752,0.13111695,other,-0.009206183486950006,-0.009735924404399805,-0.011940266775847065,-0.011917846319345041,-0.0076806754544047635,-0.0073381890796770256,3.3915114212449725e-14,3.3676866444965934e-14,False
2687,1208,1212,0.45804285,0.125,other,-0.007197124376770345,-0.00788133224343896,-0.012530441749089674,-0.012539529682728033,-0.016164339556613713,-0.015996376199409825,5.140077367192734e-15,5.193180234533181e-15,False
2688,1209,1212,0.5063105,0.11885195,other,-0.005612182944024667,-0.006009143656452242,-0.013041719455660903,-0.013111908229481913,-0.008252736361441734,-0.008386742954506862,3.131600221963352e-14,3.1030266429276216e-14,False
2689,1209,1211,0.5686505500000001,0.11270390000000001,other,-0.004449594272342585,-0.0049023725404686485,-0.01315079682570587,-0.01322322934280215,-0.015004959984088947,-0.014809917973289732,4.449779660113466e-15,4.4907379400384495e-15,False
2690,1210,1211,0.6309906000000001,0.10580291,other,-0.0035573734923800716,-0.003809023354514901,-0.013231174359559065,-0.013286711859987185,-0.008840044152846723,-0.009481195241902631,2.5338843455102842e-14,2.4974965832567452e-14,False
